Type;Parameter Type;Date;Time;Operator ID;Probe Model;Probe SN;Method Name;Sample ID;Primary Reading Value;Primary Reading Units;Supp Reading 1;Supp Units 1;Supp Reading 2;Supp Units 2;Supp Reading 3;Supp Units 3;Reading Setting 1;Reading Setting 2;Reading Setting 3;Reading Setting 4;Reading Message 1;Reading Message 2;Reading Message 3;Reading Message 4;Check Std Value;Check Std Units;Check Std Graph;Check Std Status;Calibration Status;Cal Date;Cal Time;Cal Operator ID;Cal Slope Name;Cal Slope;Cal Slope Aux;Cal Slope Units;Cal Offset;Cal Offset Units;Cal r2;Cal Number Of Std's;Cal Std 1;Cal Std 1 Units;Cal Std 1 Primary Value;Cal Std 1 Primary Units;Cal Std 1 Supp Value;Cal Std 2;Cal Std 2 Units;Cal Std 2 Primary Value;Cal Std 2 Primary Units;Cal Std 2 Supp Value;Cal Std 3;Cal Std 3 Units;Cal Std 3 Primary Value;Cal Std 3 Primary Units;Cal Std 3 Supp Value;Cal Std 4;Cal Std 4 Units;Cal Std 4 Primary Value;Cal Std 4 Primary Units;Cal Std 4 Supp Value;Cal Std 5;Cal Std 5 Units;Cal Std 5 Primary Value;Cal Std 5 Primary Units;Cal Std 5 Supp Value;Cal Std 6;Cal Std 6 Units;Cal Std 6 Primary Value;Cal Std 6 Primary Units;Cal Std 6 Supp Value;Cal Std 7;Cal Std 7 Units;Cal Std 7 Primary Value;Cal Std 7 Primary Units;Cal Std 7 Supp Value;Cal Std Supp Units;Cal Message 1;Cal Message 2;Cal Message 3;Cal Message 4;Date/Time POSIX;Cal Date/Time POSIX;Meter SN;Measurement Stability;Measurement Mode;Column1
RD;pH;4/26/2024;10:52:03 AM;Default;PHC301;SN 240462571090;Edited;Sample ID (29247);2.908;pH;21;°C;248.1;mV;;;;;;;;;;;;;;;OK;4/25/2024;12:22:34 PM;Default;Slope;-57.99;98;mV/pH;14.1;mV;0.9998;3;4;pH;187.6;mV;22.2;7.01;pH;11;mV;22;10.04;pH;-159.2;mV;22.5;;;;;;;;;;;;;;;;;;;;;°C;;;;;1714128723;1714047754;2.32E+11;;Interval;EndOfRecord
RD;CD;4/26/2024;10:52:03 AM;Default;CDC401;SN 231662582599;Edited;Sample ID (29247);41.2;mS/cm;21;°C;38;mS/cm;;;NaCl/Non-Linear;Reference Temperature = 25 °C;;;;;;;;;;;OK;4/19/2024;3:08:41 PM;Default;K;0.366;;cm⁻¹;;;;1;30000;µS/cm;28.4;mS/cm;22.2;;;;;;;;;;;;;;;;;;;;;;;;;;;;;;;°C;;;;;1714128723;1713539321;2.32E+11;;Interval;EndOfRecord
RD;pH;4/26/2024;10:51:04 AM;Default;PHC301;SN 240462571090;Edited;Sample ID (29246);2.909;pH;21;°C;248.1;mV;;;;;;;;;;;;;;;OK;4/25/2024;12:22:34 PM;Default;Slope;-57.99;98;mV/pH;14.1;mV;0.9998;3;4;pH;187.6;mV;22.2;7.01;pH;11;mV;22;10.04;pH;-159.2;mV;22.5;;;;;;;;;;;;;;;;;;;;;°C;;;;;1714128664;1714047754;2.32E+11;;Interval;EndOfRecord
RD;CD;4/26/2024;10:51:04 AM;Default;CDC401;SN 231662582599;Edited;Sample ID (29246);41.2;mS/cm;21;°C;38;mS/cm;;;NaCl/Non-Linear;Reference Temperature = 25 °C;;;;;;;;;;;OK;4/19/2024;3:08:41 PM;Default;K;0.366;;cm⁻¹;;;;1;30000;µS/cm;28.4;mS/cm;22.2;;;;;;;;;;;;;;;;;;;;;;;;;;;;;;;°C;;;;;1714128664;1713539321;2.32E+11;;Interval;EndOfRecord
RD;pH;4/26/2024;10:50:04 AM;Default;PHC301;SN 240462571090;Edited;Sample ID (29245);2.909;pH;21;°C;248.1;mV;;;;;;;;;;;;;;;OK;4/25/2024;12:22:34 PM;Default;Slope;-57.99;98;mV/pH;14.1;mV;0.9998;3;4;pH;187.6;mV;22.2;7.01;pH;11;mV;22;10.04;pH;-159.2;mV;22.5;;;;;;;;;;;;;;;;;;;;;°C;;;;;1714128604;1714047754;2.32E+11;;Interval;EndOfRecord
RD;CD;4/26/2024;10:50:04 AM;Default;CDC401;SN 231662582599;Edited;Sample ID (29245);41.2;mS/cm;21;°C;38;mS/cm;;;NaCl/Non-Linear;Reference Temperature = 25 °C;;;;;;;;;;;OK;4/19/2024;3:08:41 PM;Default;K;0.366;;cm⁻¹;;;;1;30000;µS/cm;28.4;mS/cm;22.2;;;;;;;;;;;;;;;;;;;;;;;;;;;;;;;°C;;;;;1714128604;1713539321;2.32E+11;;Interval;EndOfRecord
RD;pH;4/26/2024;10:49:04 AM;Default;PHC301;SN 240462571090;Edited;Sample ID (29244);2.909;pH;21;°C;248.1;mV;;;;;;;;;;;;;;;OK;4/25/2024;12:22:34 PM;Default;Slope;-57.99;98;mV/pH;14.1;mV;0.9998;3;4;pH;187.6;mV;22.2;7.01;pH;11;mV;22;10.04;pH;-159.2;mV;22.5;;;;;;;;;;;;;;;;;;;;;°C;;;;;1714128544;1714047754;2.32E+11;;Interval;EndOfRecord
RD;CD;4/26/2024;10:49:04 AM;Default;CDC401;SN 231662582599;Edited;Sample ID (29244);41.2;mS/cm;21;°C;38;mS/cm;;;NaCl/Non-Linear;Reference Temperature = 25 °C;;;;;;;;;;;OK;4/19/2024;3:08:41 PM;Default;K;0.366;;cm⁻¹;;;;1;30000;µS/cm;28.4;mS/cm;22.2;;;;;;;;;;;;;;;;;;;;;;;;;;;;;;;°C;;;;;1714128544;1713539321;2.32E+11;;Interval;EndOfRecord
RD;pH;4/26/2024;10:48:05 AM;Default;PHC301;SN 240462571090;Edited;Sample ID (29243);2.909;pH;21;°C;248.1;mV;;;;;;;;;;;;;;;OK;4/25/2024;12:22:34 PM;Default;Slope;-57.99;98;mV/pH;14.1;mV;0.9998;3;4;pH;187.6;mV;22.2;7.01;pH;11;mV;22;10.04;pH;-159.2;mV;22.5;;;;;;;;;;;;;;;;;;;;;°C;;;;;1714128485;1714047754;2.32E+11;;Interval;EndOfRecord
RD;CD;4/26/2024;10:48:05 AM;Default;CDC401;SN 231662582599;Edited;Sample ID (29243);41.2;mS/cm;21;°C;38;mS/cm;;;NaCl/Non-Linear;Reference Temperature = 25 °C;;;;;;;;;;;OK;4/19/2024;3:08:41 PM;Default;K;0.366;;cm⁻¹;;;;1;30000;µS/cm;28.4;mS/cm;22.2;;;;;;;;;;;;;;;;;;;;;;;;;;;;;;;°C;;;;;1714128485;1713539321;2.32E+11;;Interval;EndOfRecord
RD;pH;4/26/2024;10:47:03 AM;Default;PHC301;SN 240462571090;Edited;Sample ID (29242);2.909;pH;21;°C;248.1;mV;;;;;;;;;;;;;;;OK;4/25/2024;12:22:34 PM;Default;Slope;-57.99;98;mV/pH;14.1;mV;0.9998;3;4;pH;187.6;mV;22.2;7.01;pH;11;mV;22;10.04;pH;-159.2;mV;22.5;;;;;;;;;;;;;;;;;;;;;°C;;;;;1714128423;1714047754;2.32E+11;;Interval;EndOfRecord
RD;CD;4/26/2024;10:47:03 AM;Default;CDC401;SN 231662582599;Edited;Sample ID (29242);41.2;mS/cm;21;°C;38;mS/cm;;;NaCl/Non-Linear;Reference Temperature = 25 °C;;;;;;;;;;;OK;4/19/2024;3:08:41 PM;Default;K;0.366;;cm⁻¹;;;;1;30000;µS/cm;28.4;mS/cm;22.2;;;;;;;;;;;;;;;;;;;;;;;;;;;;;;;°C;;;;;1714128423;1713539321;2.32E+11;;Interval;EndOfRecord
RD;pH;4/26/2024;10:46:05 AM;Default;PHC301;SN 240462571090;Edited;Sample ID (29241);2.909;pH;21;°C;248.1;mV;;;;;;;;;;;;;;;OK;4/25/2024;12:22:34 PM;Default;Slope;-57.99;98;mV/pH;14.1;mV;0.9998;3;4;pH;187.6;mV;22.2;7.01;pH;11;mV;22;10.04;pH;-159.2;mV;22.5;;;;;;;;;;;;;;;;;;;;;°C;;;;;1714128365;1714047754;2.32E+11;;Interval;EndOfRecord
RD;CD;4/26/2024;10:46:05 AM;Default;CDC401;SN 231662582599;Edited;Sample ID (29241);41.2;mS/cm;21;°C;38;mS/cm;;;NaCl/Non-Linear;Reference Temperature = 25 °C;;;;;;;;;;;OK;4/19/2024;3:08:41 PM;Default;K;0.366;;cm⁻¹;;;;1;30000;µS/cm;28.4;mS/cm;22.2;;;;;;;;;;;;;;;;;;;;;;;;;;;;;;;°C;;;;;1714128365;1713539321;2.32E+11;;Interval;EndOfRecord
RD;pH;4/26/2024;10:45:04 AM;Default;PHC301;SN 240462571090;Edited;Sample ID (29240);2.91;pH;21;°C;248.1;mV;;;;;;;;;;;;;;;OK;4/25/2024;12:22:34 PM;Default;Slope;-57.99;98;mV/pH;14.1;mV;0.9998;3;4;pH;187.6;mV;22.2;7.01;pH;11;mV;22;10.04;pH;-159.2;mV;22.5;;;;;;;;;;;;;;;;;;;;;°C;;;;;1714128304;1714047754;2.32E+11;;Interval;EndOfRecord
RD;CD;4/26/2024;10:45:04 AM;Default;CDC401;SN 231662582599;Edited;Sample ID (29240);41.2;mS/cm;21.1;°C;38;mS/cm;;;NaCl/Non-Linear;Reference Temperature = 25 °C;;;;;;;;;;;OK;4/19/2024;3:08:41 PM;Default;K;0.366;;cm⁻¹;;;;1;30000;µS/cm;28.4;mS/cm;22.2;;;;;;;;;;;;;;;;;;;;;;;;;;;;;;;°C;;;;;1714128304;1713539321;2.32E+11;;Interval;EndOfRecord
RD;pH;4/26/2024;10:44:03 AM;Default;PHC301;SN 240462571090;Edited;Sample ID (29239);2.91;pH;21.1;°C;248.1;mV;;;;;;;;;;;;;;;OK;4/25/2024;12:22:34 PM;Default;Slope;-57.99;98;mV/pH;14.1;mV;0.9998;3;4;pH;187.6;mV;22.2;7.01;pH;11;mV;22;10.04;pH;-159.2;mV;22.5;;;;;;;;;;;;;;;;;;;;;°C;;;;;1714128243;1714047754;2.32E+11;;Interval;EndOfRecord
RD;CD;4/26/2024;10:44:03 AM;Default;CDC401;SN 231662582599;Edited;Sample ID (29239);41.2;mS/cm;21.1;°C;38;mS/cm;;;NaCl/Non-Linear;Reference Temperature = 25 °C;;;;;;;;;;;OK;4/19/2024;3:08:41 PM;Default;K;0.366;;cm⁻¹;;;;1;30000;µS/cm;28.4;mS/cm;22.2;;;;;;;;;;;;;;;;;;;;;;;;;;;;;;;°C;;;;;1714128243;1713539321;2.32E+11;;Interval;EndOfRecord
RD;pH;4/26/2024;10:43:03 AM;Default;PHC301;SN 240462571090;Edited;Sample ID (29238);2.91;pH;21.1;°C;248.1;mV;;;;;;;;;;;;;;;OK;4/25/2024;12:22:34 PM;Default;Slope;-57.99;98;mV/pH;14.1;mV;0.9998;3;4;pH;187.6;mV;22.2;7.01;pH;11;mV;22;10.04;pH;-159.2;mV;22.5;;;;;;;;;;;;;;;;;;;;;°C;;;;;1714128183;1714047754;2.32E+11;;Interval;EndOfRecord
RD;CD;4/26/2024;10:43:03 AM;Default;CDC401;SN 231662582599;Edited;Sample ID (29238);41.2;mS/cm;21.1;°C;38;mS/cm;;;NaCl/Non-Linear;Reference Temperature = 25 °C;;;;;;;;;;;OK;4/19/2024;3:08:41 PM;Default;K;0.366;;cm⁻¹;;;;1;30000;µS/cm;28.4;mS/cm;22.2;;;;;;;;;;;;;;;;;;;;;;;;;;;;;;;°C;;;;;1714128183;1713539321;2.32E+11;;Interval;EndOfRecord
RD;pH;4/26/2024;10:42:04 AM;Default;PHC301;SN 240462571090;Edited;Sample ID (29237);2.91;pH;21.1;°C;248.1;mV;;;;;;;;;;;;;;;OK;4/25/2024;12:22:34 PM;Default;Slope;-57.99;98;mV/pH;14.1;mV;0.9998;3;4;pH;187.6;mV;22.2;7.01;pH;11;mV;22;10.04;pH;-159.2;mV;22.5;;;;;;;;;;;;;;;;;;;;;°C;;;;;1714128124;1714047754;2.32E+11;;Interval;EndOfRecord
RD;CD;4/26/2024;10:42:04 AM;Default;CDC401;SN 231662582599;Edited;Sample ID (29237);41.2;mS/cm;21.1;°C;38;mS/cm;;;NaCl/Non-Linear;Reference Temperature = 25 °C;;;;;;;;;;;OK;4/19/2024;3:08:41 PM;Default;K;0.366;;cm⁻¹;;;;1;30000;µS/cm;28.4;mS/cm;22.2;;;;;;;;;;;;;;;;;;;;;;;;;;;;;;;°C;;;;;1714128124;1713539321;2.32E+11;;Interval;EndOfRecord
RD;pH;4/26/2024;10:41:04 AM;Default;PHC301;SN 240462571090;Edited;Sample ID (29236);2.911;pH;21.1;°C;248;mV;;;;;;;;;;;;;;;OK;4/25/2024;12:22:34 PM;Default;Slope;-57.99;98;mV/pH;14.1;mV;0.9998;3;4;pH;187.6;mV;22.2;7.01;pH;11;mV;22;10.04;pH;-159.2;mV;22.5;;;;;;;;;;;;;;;;;;;;;°C;;;;;1714128064;1714047754;2.32E+11;;Interval;EndOfRecord
RD;CD;4/26/2024;10:41:04 AM;Default;CDC401;SN 231662582599;Edited;Sample ID (29236);41.2;mS/cm;21.1;°C;38;mS/cm;;;NaCl/Non-Linear;Reference Temperature = 25 °C;;;;;;;;;;;OK;4/19/2024;3:08:41 PM;Default;K;0.366;;cm⁻¹;;;;1;30000;µS/cm;28.4;mS/cm;22.2;;;;;;;;;;;;;;;;;;;;;;;;;;;;;;;°C;;;;;1714128064;1713539321;2.32E+11;;Interval;EndOfRecord
RD;pH;4/26/2024;10:40:03 AM;Default;PHC301;SN 240462571090;Edited;Sample ID (29235);2.911;pH;21.1;°C;248;mV;;;;;;;;;;;;;;;OK;4/25/2024;12:22:34 PM;Default;Slope;-57.99;98;mV/pH;14.1;mV;0.9998;3;4;pH;187.6;mV;22.2;7.01;pH;11;mV;22;10.04;pH;-159.2;mV;22.5;;;;;;;;;;;;;;;;;;;;;°C;;;;;1714128003;1714047754;2.32E+11;;Interval;EndOfRecord
RD;CD;4/26/2024;10:40:03 AM;Default;CDC401;SN 231662582599;Edited;Sample ID (29235);41.2;mS/cm;21.1;°C;38.1;mS/cm;;;NaCl/Non-Linear;Reference Temperature = 25 °C;;;;;;;;;;;OK;4/19/2024;3:08:41 PM;Default;K;0.366;;cm⁻¹;;;;1;30000;µS/cm;28.4;mS/cm;22.2;;;;;;;;;;;;;;;;;;;;;;;;;;;;;;;°C;;;;;1714128003;1713539321;2.32E+11;;Interval;EndOfRecord
RD;pH;4/26/2024;10:39:03 AM;Default;PHC301;SN 240462571090;Edited;Sample ID (29234);2.911;pH;21.1;°C;248;mV;;;;;;;;;;;;;;;OK;4/25/2024;12:22:34 PM;Default;Slope;-57.99;98;mV/pH;14.1;mV;0.9998;3;4;pH;187.6;mV;22.2;7.01;pH;11;mV;22;10.04;pH;-159.2;mV;22.5;;;;;;;;;;;;;;;;;;;;;°C;;;;;1714127943;1714047754;2.32E+11;;Interval;EndOfRecord
RD;CD;4/26/2024;10:39:03 AM;Default;CDC401;SN 231662582599;Edited;Sample ID (29234);41.2;mS/cm;21.1;°C;38.1;mS/cm;;;NaCl/Non-Linear;Reference Temperature = 25 °C;;;;;;;;;;;OK;4/19/2024;3:08:41 PM;Default;K;0.366;;cm⁻¹;;;;1;30000;µS/cm;28.4;mS/cm;22.2;;;;;;;;;;;;;;;;;;;;;;;;;;;;;;;°C;;;;;1714127943;1713539321;2.32E+11;;Interval;EndOfRecord
RD;pH;4/26/2024;10:38:04 AM;Default;PHC301;SN 240462571090;Edited;Sample ID (29233);2.913;pH;21.1;°C;248;mV;;;;;;;;;;;;;;;OK;4/25/2024;12:22:34 PM;Default;Slope;-57.99;98;mV/pH;14.1;mV;0.9998;3;4;pH;187.6;mV;22.2;7.01;pH;11;mV;22;10.04;pH;-159.2;mV;22.5;;;;;;;;;;;;;;;;;;;;;°C;;;;;1714127884;1714047754;2.32E+11;;Interval;EndOfRecord
RD;CD;4/26/2024;10:38:04 AM;Default;CDC401;SN 231662582599;Edited;Sample ID (29233);41.1;mS/cm;21.1;°C;38;mS/cm;;;NaCl/Non-Linear;Reference Temperature = 25 °C;;;;;;;;;;;OK;4/19/2024;3:08:41 PM;Default;K;0.366;;cm⁻¹;;;;1;30000;µS/cm;28.4;mS/cm;22.2;;;;;;;;;;;;;;;;;;;;;;;;;;;;;;;°C;;;;;1714127884;1713539321;2.32E+11;;Interval;EndOfRecord
RD;pH;4/26/2024;10:37:05 AM;Default;PHC301;SN 240462571090;Edited;Sample ID (29232);2.913;pH;21.1;°C;248;mV;;;;;;;;;;;;;;;OK;4/25/2024;12:22:34 PM;Default;Slope;-57.99;98;mV/pH;14.1;mV;0.9998;3;4;pH;187.6;mV;22.2;7.01;pH;11;mV;22;10.04;pH;-159.2;mV;22.5;;;;;;;;;;;;;;;;;;;;;°C;;;;;1714127825;1714047754;2.32E+11;;Interval;EndOfRecord
RD;CD;4/26/2024;10:37:05 AM;Default;CDC401;SN 231662582599;Edited;Sample ID (29232);41.2;mS/cm;21.1;°C;38;mS/cm;;;NaCl/Non-Linear;Reference Temperature = 25 °C;;;;;;;;;;;OK;4/19/2024;3:08:41 PM;Default;K;0.366;;cm⁻¹;;;;1;30000;µS/cm;28.4;mS/cm;22.2;;;;;;;;;;;;;;;;;;;;;;;;;;;;;;;°C;;;;;1714127825;1713539321;2.32E+11;;Interval;EndOfRecord
RD;pH;4/26/2024;10:36:04 AM;Default;PHC301;SN 240462571090;Edited;Sample ID (29231);2.913;pH;21.1;°C;248;mV;;;;;;;;;;;;;;;OK;4/25/2024;12:22:34 PM;Default;Slope;-57.99;98;mV/pH;14.1;mV;0.9998;3;4;pH;187.6;mV;22.2;7.01;pH;11;mV;22;10.04;pH;-159.2;mV;22.5;;;;;;;;;;;;;;;;;;;;;°C;;;;;1714127764;1714047754;2.32E+11;;Interval;EndOfRecord
RD;CD;4/26/2024;10:36:04 AM;Default;CDC401;SN 231662582599;Edited;Sample ID (29231);41.2;mS/cm;21.1;°C;38.1;mS/cm;;;NaCl/Non-Linear;Reference Temperature = 25 °C;;;;;;;;;;;OK;4/19/2024;3:08:41 PM;Default;K;0.366;;cm⁻¹;;;;1;30000;µS/cm;28.4;mS/cm;22.2;;;;;;;;;;;;;;;;;;;;;;;;;;;;;;;°C;;;;;1714127764;1713539321;2.32E+11;;Interval;EndOfRecord
RD;pH;4/26/2024;10:35:04 AM;Default;PHC301;SN 240462571090;Edited;Sample ID (29230);2.913;pH;21.1;°C;248;mV;;;;;;;;;;;;;;;OK;4/25/2024;12:22:34 PM;Default;Slope;-57.99;98;mV/pH;14.1;mV;0.9998;3;4;pH;187.6;mV;22.2;7.01;pH;11;mV;22;10.04;pH;-159.2;mV;22.5;;;;;;;;;;;;;;;;;;;;;°C;;;;;1714127704;1714047754;2.32E+11;;Interval;EndOfRecord
RD;CD;4/26/2024;10:35:04 AM;Default;CDC401;SN 231662582599;Edited;Sample ID (29230);41.2;mS/cm;21.1;°C;38.1;mS/cm;;;NaCl/Non-Linear;Reference Temperature = 25 °C;;;;;;;;;;;OK;4/19/2024;3:08:41 PM;Default;K;0.366;;cm⁻¹;;;;1;30000;µS/cm;28.4;mS/cm;22.2;;;;;;;;;;;;;;;;;;;;;;;;;;;;;;;°C;;;;;1714127704;1713539321;2.32E+11;;Interval;EndOfRecord
RD;pH;4/26/2024;10:34:04 AM;Default;PHC301;SN 240462571090;Edited;Sample ID (29229);2.914;pH;21.1;°C;248;mV;;;;;;;;;;;;;;;OK;4/25/2024;12:22:34 PM;Default;Slope;-57.99;98;mV/pH;14.1;mV;0.9998;3;4;pH;187.6;mV;22.2;7.01;pH;11;mV;22;10.04;pH;-159.2;mV;22.5;;;;;;;;;;;;;;;;;;;;;°C;;;;;1714127644;1714047754;2.32E+11;;Interval;EndOfRecord
RD;CD;4/26/2024;10:34:04 AM;Default;CDC401;SN 231662582599;Edited;Sample ID (29229);41.2;mS/cm;21.1;°C;38.1;mS/cm;;;NaCl/Non-Linear;Reference Temperature = 25 °C;;;;;;;;;;;OK;4/19/2024;3:08:41 PM;Default;K;0.366;;cm⁻¹;;;;1;30000;µS/cm;28.4;mS/cm;22.2;;;;;;;;;;;;;;;;;;;;;;;;;;;;;;;°C;;;;;1714127644;1713539321;2.32E+11;;Interval;EndOfRecord
RD;pH;4/26/2024;10:33:04 AM;Default;PHC301;SN 240462571090;Edited;Sample ID (29228);2.914;pH;21.1;°C;247.9;mV;;;;;;;;;;;;;;;OK;4/25/2024;12:22:34 PM;Default;Slope;-57.99;98;mV/pH;14.1;mV;0.9998;3;4;pH;187.6;mV;22.2;7.01;pH;11;mV;22;10.04;pH;-159.2;mV;22.5;;;;;;;;;;;;;;;;;;;;;°C;;;;;1714127584;1714047754;2.32E+11;;Interval;EndOfRecord
RD;CD;4/26/2024;10:33:04 AM;Default;CDC401;SN 231662582599;Edited;Sample ID (29228);41.2;mS/cm;21.1;°C;38.1;mS/cm;;;NaCl/Non-Linear;Reference Temperature = 25 °C;;;;;;;;;;;OK;4/19/2024;3:08:41 PM;Default;K;0.366;;cm⁻¹;;;;1;30000;µS/cm;28.4;mS/cm;22.2;;;;;;;;;;;;;;;;;;;;;;;;;;;;;;;°C;;;;;1714127584;1713539321;2.32E+11;;Interval;EndOfRecord
RD;pH;4/26/2024;10:32:04 AM;Default;PHC301;SN 240462571090;Edited;Sample ID (29227);2.914;pH;21.1;°C;247.9;mV;;;;;;;;;;;;;;;OK;4/25/2024;12:22:34 PM;Default;Slope;-57.99;98;mV/pH;14.1;mV;0.9998;3;4;pH;187.6;mV;22.2;7.01;pH;11;mV;22;10.04;pH;-159.2;mV;22.5;;;;;;;;;;;;;;;;;;;;;°C;;;;;1714127524;1714047754;2.32E+11;;Interval;EndOfRecord
RD;CD;4/26/2024;10:32:04 AM;Default;CDC401;SN 231662582599;Edited;Sample ID (29227);41.2;mS/cm;21.1;°C;38.1;mS/cm;;;NaCl/Non-Linear;Reference Temperature = 25 °C;;;;;;;;;;;OK;4/19/2024;3:08:41 PM;Default;K;0.366;;cm⁻¹;;;;1;30000;µS/cm;28.4;mS/cm;22.2;;;;;;;;;;;;;;;;;;;;;;;;;;;;;;;°C;;;;;1714127524;1713539321;2.32E+11;;Interval;EndOfRecord
RD;pH;4/26/2024;10:31:05 AM;Default;PHC301;SN 240462571090;Edited;Sample ID (29226);2.914;pH;21.1;°C;247.9;mV;;;;;;;;;;;;;;;OK;4/25/2024;12:22:34 PM;Default;Slope;-57.99;98;mV/pH;14.1;mV;0.9998;3;4;pH;187.6;mV;22.2;7.01;pH;11;mV;22;10.04;pH;-159.2;mV;22.5;;;;;;;;;;;;;;;;;;;;;°C;;;;;1714127465;1714047754;2.32E+11;;Interval;EndOfRecord
RD;CD;4/26/2024;10:31:05 AM;Default;CDC401;SN 231662582599;Edited;Sample ID (29226);41.2;mS/cm;21.1;°C;38.1;mS/cm;;;NaCl/Non-Linear;Reference Temperature = 25 °C;;;;;;;;;;;OK;4/19/2024;3:08:41 PM;Default;K;0.366;;cm⁻¹;;;;1;30000;µS/cm;28.4;mS/cm;22.2;;;;;;;;;;;;;;;;;;;;;;;;;;;;;;;°C;;;;;1714127465;1713539321;2.32E+11;;Interval;EndOfRecord
RD;pH;4/26/2024;10:30:03 AM;Default;PHC301;SN 240462571090;Edited;Sample ID (29225);2.915;pH;21.1;°C;247.9;mV;;;;;;;;;;;;;;;OK;4/25/2024;12:22:34 PM;Default;Slope;-57.99;98;mV/pH;14.1;mV;0.9998;3;4;pH;187.6;mV;22.2;7.01;pH;11;mV;22;10.04;pH;-159.2;mV;22.5;;;;;;;;;;;;;;;;;;;;;°C;;;;;1714127403;1714047754;2.32E+11;;Interval;EndOfRecord
RD;CD;4/26/2024;10:30:03 AM;Default;CDC401;SN 231662582599;Edited;Sample ID (29225);41.2;mS/cm;21.1;°C;38.1;mS/cm;;;NaCl/Non-Linear;Reference Temperature = 25 °C;;;;;;;;;;;OK;4/19/2024;3:08:41 PM;Default;K;0.366;;cm⁻¹;;;;1;30000;µS/cm;28.4;mS/cm;22.2;;;;;;;;;;;;;;;;;;;;;;;;;;;;;;;°C;;;;;1714127403;1713539321;2.32E+11;;Interval;EndOfRecord
RD;pH;4/26/2024;10:29:03 AM;Default;PHC301;SN 240462571090;Edited;Sample ID (29224);2.915;pH;21.1;°C;247.9;mV;;;;;;;;;;;;;;;OK;4/25/2024;12:22:34 PM;Default;Slope;-57.99;98;mV/pH;14.1;mV;0.9998;3;4;pH;187.6;mV;22.2;7.01;pH;11;mV;22;10.04;pH;-159.2;mV;22.5;;;;;;;;;;;;;;;;;;;;;°C;;;;;1714127343;1714047754;2.32E+11;;Interval;EndOfRecord
RD;CD;4/26/2024;10:29:03 AM;Default;CDC401;SN 231662582599;Edited;Sample ID (29224);41.2;mS/cm;21.2;°C;38.1;mS/cm;;;NaCl/Non-Linear;Reference Temperature = 25 °C;;;;;;;;;;;OK;4/19/2024;3:08:41 PM;Default;K;0.366;;cm⁻¹;;;;1;30000;µS/cm;28.4;mS/cm;22.2;;;;;;;;;;;;;;;;;;;;;;;;;;;;;;;°C;;;;;1714127343;1713539321;2.32E+11;;Interval;EndOfRecord
RD;pH;4/26/2024;10:28:03 AM;Default;PHC301;SN 240462571090;Edited;Sample ID (29223);2.915;pH;21.1;°C;247.9;mV;;;;;;;;;;;;;;;OK;4/25/2024;12:22:34 PM;Default;Slope;-57.99;98;mV/pH;14.1;mV;0.9998;3;4;pH;187.6;mV;22.2;7.01;pH;11;mV;22;10.04;pH;-159.2;mV;22.5;;;;;;;;;;;;;;;;;;;;;°C;;;;;1714127283;1714047754;2.32E+11;;Interval;EndOfRecord
RD;CD;4/26/2024;10:28:03 AM;Default;CDC401;SN 231662582599;Edited;Sample ID (29223);41.2;mS/cm;21.2;°C;38.1;mS/cm;;;NaCl/Non-Linear;Reference Temperature = 25 °C;;;;;;;;;;;OK;4/19/2024;3:08:41 PM;Default;K;0.366;;cm⁻¹;;;;1;30000;µS/cm;28.4;mS/cm;22.2;;;;;;;;;;;;;;;;;;;;;;;;;;;;;;;°C;;;;;1714127283;1713539321;2.32E+11;;Interval;EndOfRecord
RD;pH;4/26/2024;10:27:04 AM;Default;PHC301;SN 240462571090;Edited;Sample ID (29222);2.915;pH;21.1;°C;247.9;mV;;;;;;;;;;;;;;;OK;4/25/2024;12:22:34 PM;Default;Slope;-57.99;98;mV/pH;14.1;mV;0.9998;3;4;pH;187.6;mV;22.2;7.01;pH;11;mV;22;10.04;pH;-159.2;mV;22.5;;;;;;;;;;;;;;;;;;;;;°C;;;;;1714127224;1714047754;2.32E+11;;Interval;EndOfRecord
RD;CD;4/26/2024;10:27:04 AM;Default;CDC401;SN 231662582599;Edited;Sample ID (29222);41.2;mS/cm;21.2;°C;38.1;mS/cm;;;NaCl/Non-Linear;Reference Temperature = 25 °C;;;;;;;;;;;OK;4/19/2024;3:08:41 PM;Default;K;0.366;;cm⁻¹;;;;1;30000;µS/cm;28.4;mS/cm;22.2;;;;;;;;;;;;;;;;;;;;;;;;;;;;;;;°C;;;;;1714127224;1713539321;2.32E+11;;Interval;EndOfRecord
RD;pH;4/26/2024;10:26:04 AM;Default;PHC301;SN 240462571090;Edited;Sample ID (29221);2.916;pH;21.2;°C;247.9;mV;;;;;;;;;;;;;;;OK;4/25/2024;12:22:34 PM;Default;Slope;-57.99;98;mV/pH;14.1;mV;0.9998;3;4;pH;187.6;mV;22.2;7.01;pH;11;mV;22;10.04;pH;-159.2;mV;22.5;;;;;;;;;;;;;;;;;;;;;°C;;;;;1714127164;1714047754;2.32E+11;;Interval;EndOfRecord
RD;CD;4/26/2024;10:26:04 AM;Default;CDC401;SN 231662582599;Edited;Sample ID (29221);41.2;mS/cm;21.2;°C;38.1;mS/cm;;;NaCl/Non-Linear;Reference Temperature = 25 °C;;;;;;;;;;;OK;4/19/2024;3:08:41 PM;Default;K;0.366;;cm⁻¹;;;;1;30000;µS/cm;28.4;mS/cm;22.2;;;;;;;;;;;;;;;;;;;;;;;;;;;;;;;°C;;;;;1714127164;1713539321;2.32E+11;;Interval;EndOfRecord
RD;pH;4/26/2024;10:25:03 AM;Default;PHC301;SN 240462571090;Edited;Sample ID (29220);2.916;pH;21.2;°C;247.9;mV;;;;;;;;;;;;;;;OK;4/25/2024;12:22:34 PM;Default;Slope;-57.99;98;mV/pH;14.1;mV;0.9998;3;4;pH;187.6;mV;22.2;7.01;pH;11;mV;22;10.04;pH;-159.2;mV;22.5;;;;;;;;;;;;;;;;;;;;;°C;;;;;1714127103;1714047754;2.32E+11;;Interval;EndOfRecord
RD;CD;4/26/2024;10:25:03 AM;Default;CDC401;SN 231662582599;Edited;Sample ID (29220);41.2;mS/cm;21.2;°C;38.1;mS/cm;;;NaCl/Non-Linear;Reference Temperature = 25 °C;;;;;;;;;;;OK;4/19/2024;3:08:41 PM;Default;K;0.366;;cm⁻¹;;;;1;30000;µS/cm;28.4;mS/cm;22.2;;;;;;;;;;;;;;;;;;;;;;;;;;;;;;;°C;;;;;1714127103;1713539321;2.32E+11;;Interval;EndOfRecord
RD;pH;4/26/2024;10:24:04 AM;Default;PHC301;SN 240462571090;Edited;Sample ID (29219);2.916;pH;21.2;°C;247.9;mV;;;;;;;;;;;;;;;OK;4/25/2024;12:22:34 PM;Default;Slope;-57.99;98;mV/pH;14.1;mV;0.9998;3;4;pH;187.6;mV;22.2;7.01;pH;11;mV;22;10.04;pH;-159.2;mV;22.5;;;;;;;;;;;;;;;;;;;;;°C;;;;;1714127044;1714047754;2.32E+11;;Interval;EndOfRecord
RD;CD;4/26/2024;10:24:04 AM;Default;CDC401;SN 231662582599;Edited;Sample ID (29219);41.2;mS/cm;21.2;°C;38.2;mS/cm;;;NaCl/Non-Linear;Reference Temperature = 25 °C;;;;;;;;;;;OK;4/19/2024;3:08:41 PM;Default;K;0.366;;cm⁻¹;;;;1;30000;µS/cm;28.4;mS/cm;22.2;;;;;;;;;;;;;;;;;;;;;;;;;;;;;;;°C;;;;;1714127044;1713539321;2.32E+11;;Interval;EndOfRecord
RD;pH;4/26/2024;10:23:03 AM;Default;PHC301;SN 240462571090;Edited;Sample ID (29218);2.916;pH;21.2;°C;247.9;mV;;;;;;;;;;;;;;;OK;4/25/2024;12:22:34 PM;Default;Slope;-57.99;98;mV/pH;14.1;mV;0.9998;3;4;pH;187.6;mV;22.2;7.01;pH;11;mV;22;10.04;pH;-159.2;mV;22.5;;;;;;;;;;;;;;;;;;;;;°C;;;;;1714126983;1714047754;2.32E+11;;Interval;EndOfRecord
RD;CD;4/26/2024;10:23:03 AM;Default;CDC401;SN 231662582599;Edited;Sample ID (29218);41.2;mS/cm;21.2;°C;38.2;mS/cm;;;NaCl/Non-Linear;Reference Temperature = 25 °C;;;;;;;;;;;OK;4/19/2024;3:08:41 PM;Default;K;0.366;;cm⁻¹;;;;1;30000;µS/cm;28.4;mS/cm;22.2;;;;;;;;;;;;;;;;;;;;;;;;;;;;;;;°C;;;;;1714126983;1713539321;2.32E+11;;Interval;EndOfRecord
RD;pH;4/26/2024;10:22:04 AM;Default;PHC301;SN 240462571090;Edited;Sample ID (29217);2.916;pH;21.2;°C;247.9;mV;;;;;;;;;;;;;;;OK;4/25/2024;12:22:34 PM;Default;Slope;-57.99;98;mV/pH;14.1;mV;0.9998;3;4;pH;187.6;mV;22.2;7.01;pH;11;mV;22;10.04;pH;-159.2;mV;22.5;;;;;;;;;;;;;;;;;;;;;°C;;;;;1714126924;1714047754;2.32E+11;;Interval;EndOfRecord
RD;CD;4/26/2024;10:22:04 AM;Default;CDC401;SN 231662582599;Edited;Sample ID (29217);41.2;mS/cm;21.2;°C;38.1;mS/cm;;;NaCl/Non-Linear;Reference Temperature = 25 °C;;;;;;;;;;;OK;4/19/2024;3:08:41 PM;Default;K;0.366;;cm⁻¹;;;;1;30000;µS/cm;28.4;mS/cm;22.2;;;;;;;;;;;;;;;;;;;;;;;;;;;;;;;°C;;;;;1714126924;1713539321;2.32E+11;;Interval;EndOfRecord
RD;pH;4/26/2024;10:21:03 AM;Default;PHC301;SN 240462571090;Edited;Sample ID (29216);2.916;pH;21.2;°C;247.9;mV;;;;;;;;;;;;;;;OK;4/25/2024;12:22:34 PM;Default;Slope;-57.99;98;mV/pH;14.1;mV;0.9998;3;4;pH;187.6;mV;22.2;7.01;pH;11;mV;22;10.04;pH;-159.2;mV;22.5;;;;;;;;;;;;;;;;;;;;;°C;;;;;1714126863;1714047754;2.32E+11;;Interval;EndOfRecord
RD;CD;4/26/2024;10:21:03 AM;Default;CDC401;SN 231662582599;Edited;Sample ID (29216);41.2;mS/cm;21.2;°C;38.2;mS/cm;;;NaCl/Non-Linear;Reference Temperature = 25 °C;;;;;;;;;;;OK;4/19/2024;3:08:41 PM;Default;K;0.366;;cm⁻¹;;;;1;30000;µS/cm;28.4;mS/cm;22.2;;;;;;;;;;;;;;;;;;;;;;;;;;;;;;;°C;;;;;1714126863;1713539321;2.32E+11;;Interval;EndOfRecord
RD;pH;4/26/2024;10:20:05 AM;Default;PHC301;SN 240462571090;Edited;Sample ID (29215);2.916;pH;21.2;°C;247.9;mV;;;;;;;;;;;;;;;OK;4/25/2024;12:22:34 PM;Default;Slope;-57.99;98;mV/pH;14.1;mV;0.9998;3;4;pH;187.6;mV;22.2;7.01;pH;11;mV;22;10.04;pH;-159.2;mV;22.5;;;;;;;;;;;;;;;;;;;;;°C;;;;;1714126805;1714047754;2.32E+11;;Interval;EndOfRecord
RD;CD;4/26/2024;10:20:05 AM;Default;CDC401;SN 231662582599;Edited;Sample ID (29215);41.2;mS/cm;21.2;°C;38.1;mS/cm;;;NaCl/Non-Linear;Reference Temperature = 25 °C;;;;;;;;;;;OK;4/19/2024;3:08:41 PM;Default;K;0.366;;cm⁻¹;;;;1;30000;µS/cm;28.4;mS/cm;22.2;;;;;;;;;;;;;;;;;;;;;;;;;;;;;;;°C;;;;;1714126805;1713539321;2.32E+11;;Interval;EndOfRecord
RD;pH;4/26/2024;10:19:04 AM;Default;PHC301;SN 240462571090;Edited;Sample ID (29214);2.916;pH;21.2;°C;247.9;mV;;;;;;;;;;;;;;;OK;4/25/2024;12:22:34 PM;Default;Slope;-57.99;98;mV/pH;14.1;mV;0.9998;3;4;pH;187.6;mV;22.2;7.01;pH;11;mV;22;10.04;pH;-159.2;mV;22.5;;;;;;;;;;;;;;;;;;;;;°C;;;;;1714126744;1714047754;2.32E+11;;Interval;EndOfRecord
RD;CD;4/26/2024;10:19:04 AM;Default;CDC401;SN 231662582599;Edited;Sample ID (29214);41.2;mS/cm;21.2;°C;38.1;mS/cm;;;NaCl/Non-Linear;Reference Temperature = 25 °C;;;;;;;;;;;OK;4/19/2024;3:08:41 PM;Default;K;0.366;;cm⁻¹;;;;1;30000;µS/cm;28.4;mS/cm;22.2;;;;;;;;;;;;;;;;;;;;;;;;;;;;;;;°C;;;;;1714126744;1713539321;2.32E+11;;Interval;EndOfRecord
RD;pH;4/26/2024;10:18:05 AM;Default;PHC301;SN 240462571090;Edited;Sample ID (29213);2.916;pH;21.2;°C;247.9;mV;;;;;;;;;;;;;;;OK;4/25/2024;12:22:34 PM;Default;Slope;-57.99;98;mV/pH;14.1;mV;0.9998;3;4;pH;187.6;mV;22.2;7.01;pH;11;mV;22;10.04;pH;-159.2;mV;22.5;;;;;;;;;;;;;;;;;;;;;°C;;;;;1714126685;1714047754;2.32E+11;;Interval;EndOfRecord
RD;CD;4/26/2024;10:18:05 AM;Default;CDC401;SN 231662582599;Edited;Sample ID (29213);41.2;mS/cm;21.2;°C;38.1;mS/cm;;;NaCl/Non-Linear;Reference Temperature = 25 °C;;;;;;;;;;;OK;4/19/2024;3:08:41 PM;Default;K;0.366;;cm⁻¹;;;;1;30000;µS/cm;28.4;mS/cm;22.2;;;;;;;;;;;;;;;;;;;;;;;;;;;;;;;°C;;;;;1714126685;1713539321;2.32E+11;;Interval;EndOfRecord
RD;pH;4/26/2024;10:17:03 AM;Default;PHC301;SN 240462571090;Edited;Sample ID (29212);2.916;pH;21.2;°C;247.9;mV;;;;;;;;;;;;;;;OK;4/25/2024;12:22:34 PM;Default;Slope;-57.99;98;mV/pH;14.1;mV;0.9998;3;4;pH;187.6;mV;22.2;7.01;pH;11;mV;22;10.04;pH;-159.2;mV;22.5;;;;;;;;;;;;;;;;;;;;;°C;;;;;1714126623;1714047754;2.32E+11;;Interval;EndOfRecord
RD;CD;4/26/2024;10:17:03 AM;Default;CDC401;SN 231662582599;Edited;Sample ID (29212);41.3;mS/cm;21.2;°C;38.2;mS/cm;;;NaCl/Non-Linear;Reference Temperature = 25 °C;;;;;;;;;;;OK;4/19/2024;3:08:41 PM;Default;K;0.366;;cm⁻¹;;;;1;30000;µS/cm;28.4;mS/cm;22.2;;;;;;;;;;;;;;;;;;;;;;;;;;;;;;;°C;;;;;1714126623;1713539321;2.32E+11;;Interval;EndOfRecord
RD;pH;4/26/2024;10:16:03 AM;Default;PHC301;SN 240462571090;Edited;Sample ID (29211);2.916;pH;21.2;°C;247.9;mV;;;;;;;;;;;;;;;OK;4/25/2024;12:22:34 PM;Default;Slope;-57.99;98;mV/pH;14.1;mV;0.9998;3;4;pH;187.6;mV;22.2;7.01;pH;11;mV;22;10.04;pH;-159.2;mV;22.5;;;;;;;;;;;;;;;;;;;;;°C;;;;;1714126563;1714047754;2.32E+11;;Interval;EndOfRecord
RD;CD;4/26/2024;10:16:03 AM;Default;CDC401;SN 231662582599;Edited;Sample ID (29211);41.3;mS/cm;21.2;°C;38.2;mS/cm;;;NaCl/Non-Linear;Reference Temperature = 25 °C;;;;;;;;;;;OK;4/19/2024;3:08:41 PM;Default;K;0.366;;cm⁻¹;;;;1;30000;µS/cm;28.4;mS/cm;22.2;;;;;;;;;;;;;;;;;;;;;;;;;;;;;;;°C;;;;;1714126563;1713539321;2.32E+11;;Interval;EndOfRecord
RD;pH;4/26/2024;10:15:03 AM;Default;PHC301;SN 240462571090;Edited;Sample ID (29210);2.916;pH;21.2;°C;247.9;mV;;;;;;;;;;;;;;;OK;4/25/2024;12:22:34 PM;Default;Slope;-57.99;98;mV/pH;14.1;mV;0.9998;3;4;pH;187.6;mV;22.2;7.01;pH;11;mV;22;10.04;pH;-159.2;mV;22.5;;;;;;;;;;;;;;;;;;;;;°C;;;;;1714126503;1714047754;2.32E+11;;Interval;EndOfRecord
RD;CD;4/26/2024;10:15:03 AM;Default;CDC401;SN 231662582599;Edited;Sample ID (29210);41.3;mS/cm;21.2;°C;38.2;mS/cm;;;NaCl/Non-Linear;Reference Temperature = 25 °C;;;;;;;;;;;OK;4/19/2024;3:08:41 PM;Default;K;0.366;;cm⁻¹;;;;1;30000;µS/cm;28.4;mS/cm;22.2;;;;;;;;;;;;;;;;;;;;;;;;;;;;;;;°C;;;;;1714126503;1713539321;2.32E+11;;Interval;EndOfRecord
RD;pH;4/26/2024;10:14:03 AM;Default;PHC301;SN 240462571090;Edited;Sample ID (29209);2.916;pH;21.2;°C;247.9;mV;;;;;;;;;;;;;;;OK;4/25/2024;12:22:34 PM;Default;Slope;-57.99;98;mV/pH;14.1;mV;0.9998;3;4;pH;187.6;mV;22.2;7.01;pH;11;mV;22;10.04;pH;-159.2;mV;22.5;;;;;;;;;;;;;;;;;;;;;°C;;;;;1714126443;1714047754;2.32E+11;;Interval;EndOfRecord
RD;CD;4/26/2024;10:14:03 AM;Default;CDC401;SN 231662582599;Edited;Sample ID (29209);41.3;mS/cm;21.2;°C;38.2;mS/cm;;;NaCl/Non-Linear;Reference Temperature = 25 °C;;;;;;;;;;;OK;4/19/2024;3:08:41 PM;Default;K;0.366;;cm⁻¹;;;;1;30000;µS/cm;28.4;mS/cm;22.2;;;;;;;;;;;;;;;;;;;;;;;;;;;;;;;°C;;;;;1714126443;1713539321;2.32E+11;;Interval;EndOfRecord
RD;pH;4/26/2024;10:13:03 AM;Default;PHC301;SN 240462571090;Edited;Sample ID (29208);2.916;pH;21.2;°C;247.9;mV;;;;;;;;;;;;;;;OK;4/25/2024;12:22:34 PM;Default;Slope;-57.99;98;mV/pH;14.1;mV;0.9998;3;4;pH;187.6;mV;22.2;7.01;pH;11;mV;22;10.04;pH;-159.2;mV;22.5;;;;;;;;;;;;;;;;;;;;;°C;;;;;1714126383;1714047754;2.32E+11;;Interval;EndOfRecord
RD;CD;4/26/2024;10:13:03 AM;Default;CDC401;SN 231662582599;Edited;Sample ID (29208);41.3;mS/cm;21.2;°C;38.2;mS/cm;;;NaCl/Non-Linear;Reference Temperature = 25 °C;;;;;;;;;;;OK;4/19/2024;3:08:41 PM;Default;K;0.366;;cm⁻¹;;;;1;30000;µS/cm;28.4;mS/cm;22.2;;;;;;;;;;;;;;;;;;;;;;;;;;;;;;;°C;;;;;1714126383;1713539321;2.32E+11;;Interval;EndOfRecord
RD;pH;4/26/2024;10:12:05 AM;Default;PHC301;SN 240462571090;Edited;Sample ID (29207);2.916;pH;21.2;°C;247.9;mV;;;;;;;;;;;;;;;OK;4/25/2024;12:22:34 PM;Default;Slope;-57.99;98;mV/pH;14.1;mV;0.9998;3;4;pH;187.6;mV;22.2;7.01;pH;11;mV;22;10.04;pH;-159.2;mV;22.5;;;;;;;;;;;;;;;;;;;;;°C;;;;;1714126325;1714047754;2.32E+11;;Interval;EndOfRecord
RD;CD;4/26/2024;10:12:05 AM;Default;CDC401;SN 231662582599;Edited;Sample ID (29207);41.2;mS/cm;21.2;°C;38.1;mS/cm;;;NaCl/Non-Linear;Reference Temperature = 25 °C;;;;;;;;;;;OK;4/19/2024;3:08:41 PM;Default;K;0.366;;cm⁻¹;;;;1;30000;µS/cm;28.4;mS/cm;22.2;;;;;;;;;;;;;;;;;;;;;;;;;;;;;;;°C;;;;;1714126325;1713539321;2.32E+11;;Interval;EndOfRecord
RD;pH;4/26/2024;10:11:04 AM;Default;PHC301;SN 240462571090;Edited;Sample ID (29206);2.916;pH;21.2;°C;247.9;mV;;;;;;;;;;;;;;;OK;4/25/2024;12:22:34 PM;Default;Slope;-57.99;98;mV/pH;14.1;mV;0.9998;3;4;pH;187.6;mV;22.2;7.01;pH;11;mV;22;10.04;pH;-159.2;mV;22.5;;;;;;;;;;;;;;;;;;;;;°C;;;;;1714126264;1714047754;2.32E+11;;Interval;EndOfRecord
RD;CD;4/26/2024;10:11:04 AM;Default;CDC401;SN 231662582599;Edited;Sample ID (29206);41.2;mS/cm;21.2;°C;38.1;mS/cm;;;NaCl/Non-Linear;Reference Temperature = 25 °C;;;;;;;;;;;OK;4/19/2024;3:08:41 PM;Default;K;0.366;;cm⁻¹;;;;1;30000;µS/cm;28.4;mS/cm;22.2;;;;;;;;;;;;;;;;;;;;;;;;;;;;;;;°C;;;;;1714126264;1713539321;2.32E+11;;Interval;EndOfRecord
RD;pH;4/26/2024;10:10:03 AM;Default;PHC301;SN 240462571090;Edited;Sample ID (29205);2.916;pH;21.2;°C;247.9;mV;;;;;;;;;;;;;;;OK;4/25/2024;12:22:34 PM;Default;Slope;-57.99;98;mV/pH;14.1;mV;0.9998;3;4;pH;187.6;mV;22.2;7.01;pH;11;mV;22;10.04;pH;-159.2;mV;22.5;;;;;;;;;;;;;;;;;;;;;°C;;;;;1714126203;1714047754;2.32E+11;;Interval;EndOfRecord
RD;CD;4/26/2024;10:10:03 AM;Default;CDC401;SN 231662582599;Edited;Sample ID (29205);41.3;mS/cm;21.2;°C;38.2;mS/cm;;;NaCl/Non-Linear;Reference Temperature = 25 °C;;;;;;;;;;;OK;4/19/2024;3:08:41 PM;Default;K;0.366;;cm⁻¹;;;;1;30000;µS/cm;28.4;mS/cm;22.2;;;;;;;;;;;;;;;;;;;;;;;;;;;;;;;°C;;;;;1714126203;1713539321;2.32E+11;;Interval;EndOfRecord
RD;pH;4/26/2024;10:09:03 AM;Default;PHC301;SN 240462571090;Edited;Sample ID (29204);2.916;pH;21.2;°C;247.9;mV;;;;;;;;;;;;;;;OK;4/25/2024;12:22:34 PM;Default;Slope;-57.99;98;mV/pH;14.1;mV;0.9998;3;4;pH;187.6;mV;22.2;7.01;pH;11;mV;22;10.04;pH;-159.2;mV;22.5;;;;;;;;;;;;;;;;;;;;;°C;;;;;1714126143;1714047754;2.32E+11;;Interval;EndOfRecord
RD;CD;4/26/2024;10:09:03 AM;Default;CDC401;SN 231662582599;Edited;Sample ID (29204);41.3;mS/cm;21.2;°C;38.2;mS/cm;;;NaCl/Non-Linear;Reference Temperature = 25 °C;;;;;;;;;;;OK;4/19/2024;3:08:41 PM;Default;K;0.366;;cm⁻¹;;;;1;30000;µS/cm;28.4;mS/cm;22.2;;;;;;;;;;;;;;;;;;;;;;;;;;;;;;;°C;;;;;1714126143;1713539321;2.32E+11;;Interval;EndOfRecord
RD;pH;4/26/2024;10:08:04 AM;Default;PHC301;SN 240462571090;Edited;Sample ID (29203);2.916;pH;21.2;°C;247.9;mV;;;;;;;;;;;;;;;OK;4/25/2024;12:22:34 PM;Default;Slope;-57.99;98;mV/pH;14.1;mV;0.9998;3;4;pH;187.6;mV;22.2;7.01;pH;11;mV;22;10.04;pH;-159.2;mV;22.5;;;;;;;;;;;;;;;;;;;;;°C;;;;;1714126084;1714047754;2.32E+11;;Interval;EndOfRecord
RD;CD;4/26/2024;10:08:04 AM;Default;CDC401;SN 231662582599;Edited;Sample ID (29203);41.2;mS/cm;21.2;°C;38.1;mS/cm;;;NaCl/Non-Linear;Reference Temperature = 25 °C;;;;;;;;;;;OK;4/19/2024;3:08:41 PM;Default;K;0.366;;cm⁻¹;;;;1;30000;µS/cm;28.4;mS/cm;22.2;;;;;;;;;;;;;;;;;;;;;;;;;;;;;;;°C;;;;;1714126084;1713539321;2.32E+11;;Interval;EndOfRecord
RD;pH;4/26/2024;10:07:04 AM;Default;PHC301;SN 240462571090;Edited;Sample ID (29202);2.916;pH;21.2;°C;247.9;mV;;;;;;;;;;;;;;;OK;4/25/2024;12:22:34 PM;Default;Slope;-57.99;98;mV/pH;14.1;mV;0.9998;3;4;pH;187.6;mV;22.2;7.01;pH;11;mV;22;10.04;pH;-159.2;mV;22.5;;;;;;;;;;;;;;;;;;;;;°C;;;;;1714126024;1714047754;2.32E+11;;Interval;EndOfRecord
RD;CD;4/26/2024;10:07:04 AM;Default;CDC401;SN 231662582599;Edited;Sample ID (29202);41.2;mS/cm;21.2;°C;38.1;mS/cm;;;NaCl/Non-Linear;Reference Temperature = 25 °C;;;;;;;;;;;OK;4/19/2024;3:08:41 PM;Default;K;0.366;;cm⁻¹;;;;1;30000;µS/cm;28.4;mS/cm;22.2;;;;;;;;;;;;;;;;;;;;;;;;;;;;;;;°C;;;;;1714126024;1713539321;2.32E+11;;Interval;EndOfRecord
RD;pH;4/26/2024;10:06:04 AM;Default;PHC301;SN 240462571090;Edited;Sample ID (29201);2.916;pH;21.2;°C;247.9;mV;;;;;;;;;;;;;;;OK;4/25/2024;12:22:34 PM;Default;Slope;-57.99;98;mV/pH;14.1;mV;0.9998;3;4;pH;187.6;mV;22.2;7.01;pH;11;mV;22;10.04;pH;-159.2;mV;22.5;;;;;;;;;;;;;;;;;;;;;°C;;;;;1714125964;1714047754;2.32E+11;;Interval;EndOfRecord
RD;CD;4/26/2024;10:06:04 AM;Default;CDC401;SN 231662582599;Edited;Sample ID (29201);41.3;mS/cm;21.2;°C;38.2;mS/cm;;;NaCl/Non-Linear;Reference Temperature = 25 °C;;;;;;;;;;;OK;4/19/2024;3:08:41 PM;Default;K;0.366;;cm⁻¹;;;;1;30000;µS/cm;28.4;mS/cm;22.2;;;;;;;;;;;;;;;;;;;;;;;;;;;;;;;°C;;;;;1714125964;1713539321;2.32E+11;;Interval;EndOfRecord
RD;pH;4/26/2024;10:05:04 AM;Default;PHC301;SN 240462571090;Edited;Sample ID (29200);2.916;pH;21.2;°C;247.9;mV;;;;;;;;;;;;;;;OK;4/25/2024;12:22:34 PM;Default;Slope;-57.99;98;mV/pH;14.1;mV;0.9998;3;4;pH;187.6;mV;22.2;7.01;pH;11;mV;22;10.04;pH;-159.2;mV;22.5;;;;;;;;;;;;;;;;;;;;;°C;;;;;1714125904;1714047754;2.32E+11;;Interval;EndOfRecord
RD;CD;4/26/2024;10:05:04 AM;Default;CDC401;SN 231662582599;Edited;Sample ID (29200);41.2;mS/cm;21.2;°C;38.2;mS/cm;;;NaCl/Non-Linear;Reference Temperature = 25 °C;;;;;;;;;;;OK;4/19/2024;3:08:41 PM;Default;K;0.366;;cm⁻¹;;;;1;30000;µS/cm;28.4;mS/cm;22.2;;;;;;;;;;;;;;;;;;;;;;;;;;;;;;;°C;;;;;1714125904;1713539321;2.32E+11;;Interval;EndOfRecord
RD;pH;4/26/2024;10:04:03 AM;Default;PHC301;SN 240462571090;Edited;Sample ID (29199);2.916;pH;21.2;°C;247.9;mV;;;;;;;;;;;;;;;OK;4/25/2024;12:22:34 PM;Default;Slope;-57.99;98;mV/pH;14.1;mV;0.9998;3;4;pH;187.6;mV;22.2;7.01;pH;11;mV;22;10.04;pH;-159.2;mV;22.5;;;;;;;;;;;;;;;;;;;;;°C;;;;;1714125843;1714047754;2.32E+11;;Interval;EndOfRecord
RD;CD;4/26/2024;10:04:03 AM;Default;CDC401;SN 231662582599;Edited;Sample ID (29199);41.3;mS/cm;21.2;°C;38.2;mS/cm;;;NaCl/Non-Linear;Reference Temperature = 25 °C;;;;;;;;;;;OK;4/19/2024;3:08:41 PM;Default;K;0.366;;cm⁻¹;;;;1;30000;µS/cm;28.4;mS/cm;22.2;;;;;;;;;;;;;;;;;;;;;;;;;;;;;;;°C;;;;;1714125843;1713539321;2.32E+11;;Interval;EndOfRecord
RD;pH;4/26/2024;10:03:04 AM;Default;PHC301;SN 240462571090;Edited;Sample ID (29198);2.916;pH;21.2;°C;247.9;mV;;;;;;;;;;;;;;;OK;4/25/2024;12:22:34 PM;Default;Slope;-57.99;98;mV/pH;14.1;mV;0.9998;3;4;pH;187.6;mV;22.2;7.01;pH;11;mV;22;10.04;pH;-159.2;mV;22.5;;;;;;;;;;;;;;;;;;;;;°C;;;;;1714125784;1714047754;2.32E+11;;Interval;EndOfRecord
RD;CD;4/26/2024;10:03:04 AM;Default;CDC401;SN 231662582599;Edited;Sample ID (29198);41.2;mS/cm;21.2;°C;38.2;mS/cm;;;NaCl/Non-Linear;Reference Temperature = 25 °C;;;;;;;;;;;OK;4/19/2024;3:08:41 PM;Default;K;0.366;;cm⁻¹;;;;1;30000;µS/cm;28.4;mS/cm;22.2;;;;;;;;;;;;;;;;;;;;;;;;;;;;;;;°C;;;;;1714125784;1713539321;2.32E+11;;Interval;EndOfRecord
RD;pH;4/26/2024;10:02:04 AM;Default;PHC301;SN 240462571090;Edited;Sample ID (29197);2.916;pH;21.2;°C;247.9;mV;;;;;;;;;;;;;;;OK;4/25/2024;12:22:34 PM;Default;Slope;-57.99;98;mV/pH;14.1;mV;0.9998;3;4;pH;187.6;mV;22.2;7.01;pH;11;mV;22;10.04;pH;-159.2;mV;22.5;;;;;;;;;;;;;;;;;;;;;°C;;;;;1714125724;1714047754;2.32E+11;;Interval;EndOfRecord
RD;CD;4/26/2024;10:02:04 AM;Default;CDC401;SN 231662582599;Edited;Sample ID (29197);41.2;mS/cm;21.2;°C;38.2;mS/cm;;;NaCl/Non-Linear;Reference Temperature = 25 °C;;;;;;;;;;;OK;4/19/2024;3:08:41 PM;Default;K;0.366;;cm⁻¹;;;;1;30000;µS/cm;28.4;mS/cm;22.2;;;;;;;;;;;;;;;;;;;;;;;;;;;;;;;°C;;;;;1714125724;1713539321;2.32E+11;;Interval;EndOfRecord
RD;pH;4/26/2024;10:01:04 AM;Default;PHC301;SN 240462571090;Edited;Sample ID (29196);2.916;pH;21.2;°C;247.9;mV;;;;;;;;;;;;;;;OK;4/25/2024;12:22:34 PM;Default;Slope;-57.99;98;mV/pH;14.1;mV;0.9998;3;4;pH;187.6;mV;22.2;7.01;pH;11;mV;22;10.04;pH;-159.2;mV;22.5;;;;;;;;;;;;;;;;;;;;;°C;;;;;1714125664;1714047754;2.32E+11;;Interval;EndOfRecord
RD;CD;4/26/2024;10:01:04 AM;Default;CDC401;SN 231662582599;Edited;Sample ID (29196);41.2;mS/cm;21.2;°C;38.2;mS/cm;;;NaCl/Non-Linear;Reference Temperature = 25 °C;;;;;;;;;;;OK;4/19/2024;3:08:41 PM;Default;K;0.366;;cm⁻¹;;;;1;30000;µS/cm;28.4;mS/cm;22.2;;;;;;;;;;;;;;;;;;;;;;;;;;;;;;;°C;;;;;1714125664;1713539321;2.32E+11;;Interval;EndOfRecord
RD;pH;4/26/2024;10:00:04 AM;Default;PHC301;SN 240462571090;Edited;Sample ID (29195);2.916;pH;21.2;°C;247.9;mV;;;;;;;;;;;;;;;OK;4/25/2024;12:22:34 PM;Default;Slope;-57.99;98;mV/pH;14.1;mV;0.9998;3;4;pH;187.6;mV;22.2;7.01;pH;11;mV;22;10.04;pH;-159.2;mV;22.5;;;;;;;;;;;;;;;;;;;;;°C;;;;;1714125604;1714047754;2.32E+11;;Interval;EndOfRecord
RD;CD;4/26/2024;10:00:04 AM;Default;CDC401;SN 231662582599;Edited;Sample ID (29195);41.3;mS/cm;21.2;°C;38.3;mS/cm;;;NaCl/Non-Linear;Reference Temperature = 25 °C;;;;;;;;;;;OK;4/19/2024;3:08:41 PM;Default;K;0.366;;cm⁻¹;;;;1;30000;µS/cm;28.4;mS/cm;22.2;;;;;;;;;;;;;;;;;;;;;;;;;;;;;;;°C;;;;;1714125604;1713539321;2.32E+11;;Interval;EndOfRecord
RD;pH;4/26/2024;9:59:03 AM;Default;PHC301;SN 240462571090;Edited;Sample ID (29194);2.916;pH;21.2;°C;247.9;mV;;;;;;;;;;;;;;;OK;4/25/2024;12:22:34 PM;Default;Slope;-57.99;98;mV/pH;14.1;mV;0.9998;3;4;pH;187.6;mV;22.2;7.01;pH;11;mV;22;10.04;pH;-159.2;mV;22.5;;;;;;;;;;;;;;;;;;;;;°C;;;;;1714125543;1714047754;2.32E+11;;Interval;EndOfRecord
RD;CD;4/26/2024;9:59:03 AM;Default;CDC401;SN 231662582599;Edited;Sample ID (29194);41.3;mS/cm;21.2;°C;38.3;mS/cm;;;NaCl/Non-Linear;Reference Temperature = 25 °C;;;;;;;;;;;OK;4/19/2024;3:08:41 PM;Default;K;0.366;;cm⁻¹;;;;1;30000;µS/cm;28.4;mS/cm;22.2;;;;;;;;;;;;;;;;;;;;;;;;;;;;;;;°C;;;;;1714125543;1713539321;2.32E+11;;Interval;EndOfRecord
RD;pH;4/26/2024;9:58:03 AM;Default;PHC301;SN 240462571090;Edited;Sample ID (29193);2.916;pH;21.2;°C;247.9;mV;;;;;;;;;;;;;;;OK;4/25/2024;12:22:34 PM;Default;Slope;-57.99;98;mV/pH;14.1;mV;0.9998;3;4;pH;187.6;mV;22.2;7.01;pH;11;mV;22;10.04;pH;-159.2;mV;22.5;;;;;;;;;;;;;;;;;;;;;°C;;;;;1714125483;1714047754;2.32E+11;;Interval;EndOfRecord
RD;CD;4/26/2024;9:58:03 AM;Default;CDC401;SN 231662582599;Edited;Sample ID (29193);41.3;mS/cm;21.2;°C;38.3;mS/cm;;;NaCl/Non-Linear;Reference Temperature = 25 °C;;;;;;;;;;;OK;4/19/2024;3:08:41 PM;Default;K;0.366;;cm⁻¹;;;;1;30000;µS/cm;28.4;mS/cm;22.2;;;;;;;;;;;;;;;;;;;;;;;;;;;;;;;°C;;;;;1714125483;1713539321;2.32E+11;;Interval;EndOfRecord
RD;pH;4/26/2024;9:57:04 AM;Default;PHC301;SN 240462571090;Edited;Sample ID (29192);2.916;pH;21.2;°C;247.9;mV;;;;;;;;;;;;;;;OK;4/25/2024;12:22:34 PM;Default;Slope;-57.99;98;mV/pH;14.1;mV;0.9998;3;4;pH;187.6;mV;22.2;7.01;pH;11;mV;22;10.04;pH;-159.2;mV;22.5;;;;;;;;;;;;;;;;;;;;;°C;;;;;1714125424;1714047754;2.32E+11;;Interval;EndOfRecord
RD;CD;4/26/2024;9:57:04 AM;Default;CDC401;SN 231662582599;Edited;Sample ID (29192);41.3;mS/cm;21.2;°C;38.2;mS/cm;;;NaCl/Non-Linear;Reference Temperature = 25 °C;;;;;;;;;;;OK;4/19/2024;3:08:41 PM;Default;K;0.366;;cm⁻¹;;;;1;30000;µS/cm;28.4;mS/cm;22.2;;;;;;;;;;;;;;;;;;;;;;;;;;;;;;;°C;;;;;1714125424;1713539321;2.32E+11;;Interval;EndOfRecord
RD;pH;4/26/2024;9:56:04 AM;Default;PHC301;SN 240462571090;Edited;Sample ID (29191);2.916;pH;21.2;°C;247.9;mV;;;;;;;;;;;;;;;OK;4/25/2024;12:22:34 PM;Default;Slope;-57.99;98;mV/pH;14.1;mV;0.9998;3;4;pH;187.6;mV;22.2;7.01;pH;11;mV;22;10.04;pH;-159.2;mV;22.5;;;;;;;;;;;;;;;;;;;;;°C;;;;;1714125364;1714047754;2.32E+11;;Interval;EndOfRecord
RD;CD;4/26/2024;9:56:04 AM;Default;CDC401;SN 231662582599;Edited;Sample ID (29191);41.3;mS/cm;21.2;°C;38.2;mS/cm;;;NaCl/Non-Linear;Reference Temperature = 25 °C;;;;;;;;;;;OK;4/19/2024;3:08:41 PM;Default;K;0.366;;cm⁻¹;;;;1;30000;µS/cm;28.4;mS/cm;22.2;;;;;;;;;;;;;;;;;;;;;;;;;;;;;;;°C;;;;;1714125364;1713539321;2.32E+11;;Interval;EndOfRecord
RD;pH;4/26/2024;9:55:05 AM;Default;PHC301;SN 240462571090;Edited;Sample ID (29190);2.916;pH;21.2;°C;247.9;mV;;;;;;;;;;;;;;;OK;4/25/2024;12:22:34 PM;Default;Slope;-57.99;98;mV/pH;14.1;mV;0.9998;3;4;pH;187.6;mV;22.2;7.01;pH;11;mV;22;10.04;pH;-159.2;mV;22.5;;;;;;;;;;;;;;;;;;;;;°C;;;;;1714125305;1714047754;2.32E+11;;Interval;EndOfRecord
RD;CD;4/26/2024;9:55:05 AM;Default;CDC401;SN 231662582599;Edited;Sample ID (29190);41.3;mS/cm;21.2;°C;38.2;mS/cm;;;NaCl/Non-Linear;Reference Temperature = 25 °C;;;;;;;;;;;OK;4/19/2024;3:08:41 PM;Default;K;0.366;;cm⁻¹;;;;1;30000;µS/cm;28.4;mS/cm;22.2;;;;;;;;;;;;;;;;;;;;;;;;;;;;;;;°C;;;;;1714125305;1713539321;2.32E+11;;Interval;EndOfRecord
RD;pH;4/26/2024;9:54:04 AM;Default;PHC301;SN 240462571090;Edited;Sample ID (29189);2.916;pH;21.2;°C;247.9;mV;;;;;;;;;;;;;;;OK;4/25/2024;12:22:34 PM;Default;Slope;-57.99;98;mV/pH;14.1;mV;0.9998;3;4;pH;187.6;mV;22.2;7.01;pH;11;mV;22;10.04;pH;-159.2;mV;22.5;;;;;;;;;;;;;;;;;;;;;°C;;;;;1714125244;1714047754;2.32E+11;;Interval;EndOfRecord
RD;CD;4/26/2024;9:54:04 AM;Default;CDC401;SN 231662582599;Edited;Sample ID (29189);41.3;mS/cm;21.2;°C;38.3;mS/cm;;;NaCl/Non-Linear;Reference Temperature = 25 °C;;;;;;;;;;;OK;4/19/2024;3:08:41 PM;Default;K;0.366;;cm⁻¹;;;;1;30000;µS/cm;28.4;mS/cm;22.2;;;;;;;;;;;;;;;;;;;;;;;;;;;;;;;°C;;;;;1714125244;1713539321;2.32E+11;;Interval;EndOfRecord
RD;pH;4/26/2024;9:53:03 AM;Default;PHC301;SN 240462571090;Edited;Sample ID (29188);2.916;pH;21.2;°C;247.9;mV;;;;;;;;;;;;;;;OK;4/25/2024;12:22:34 PM;Default;Slope;-57.99;98;mV/pH;14.1;mV;0.9998;3;4;pH;187.6;mV;22.2;7.01;pH;11;mV;22;10.04;pH;-159.2;mV;22.5;;;;;;;;;;;;;;;;;;;;;°C;;;;;1714125183;1714047754;2.32E+11;;Interval;EndOfRecord
RD;CD;4/26/2024;9:53:03 AM;Default;CDC401;SN 231662582599;Edited;Sample ID (29188);41.3;mS/cm;21.2;°C;38.3;mS/cm;;;NaCl/Non-Linear;Reference Temperature = 25 °C;;;;;;;;;;;OK;4/19/2024;3:08:41 PM;Default;K;0.366;;cm⁻¹;;;;1;30000;µS/cm;28.4;mS/cm;22.2;;;;;;;;;;;;;;;;;;;;;;;;;;;;;;;°C;;;;;1714125183;1713539321;2.32E+11;;Interval;EndOfRecord
RD;pH;4/26/2024;9:52:03 AM;Default;PHC301;SN 240462571090;Edited;Sample ID (29187);2.916;pH;21.2;°C;247.9;mV;;;;;;;;;;;;;;;OK;4/25/2024;12:22:34 PM;Default;Slope;-57.99;98;mV/pH;14.1;mV;0.9998;3;4;pH;187.6;mV;22.2;7.01;pH;11;mV;22;10.04;pH;-159.2;mV;22.5;;;;;;;;;;;;;;;;;;;;;°C;;;;;1714125123;1714047754;2.32E+11;;Interval;EndOfRecord
RD;CD;4/26/2024;9:52:03 AM;Default;CDC401;SN 231662582599;Edited;Sample ID (29187);41.3;mS/cm;21.3;°C;38.3;mS/cm;;;NaCl/Non-Linear;Reference Temperature = 25 °C;;;;;;;;;;;OK;4/19/2024;3:08:41 PM;Default;K;0.366;;cm⁻¹;;;;1;30000;µS/cm;28.4;mS/cm;22.2;;;;;;;;;;;;;;;;;;;;;;;;;;;;;;;°C;;;;;1714125123;1713539321;2.32E+11;;Interval;EndOfRecord
RD;pH;4/26/2024;9:51:04 AM;Default;PHC301;SN 240462571090;Edited;Sample ID (29186);2.916;pH;21.2;°C;247.9;mV;;;;;;;;;;;;;;;OK;4/25/2024;12:22:34 PM;Default;Slope;-57.99;98;mV/pH;14.1;mV;0.9998;3;4;pH;187.6;mV;22.2;7.01;pH;11;mV;22;10.04;pH;-159.2;mV;22.5;;;;;;;;;;;;;;;;;;;;;°C;;;;;1714125064;1714047754;2.32E+11;;Interval;EndOfRecord
RD;CD;4/26/2024;9:51:04 AM;Default;CDC401;SN 231662582599;Edited;Sample ID (29186);41.2;mS/cm;21.3;°C;38.2;mS/cm;;;NaCl/Non-Linear;Reference Temperature = 25 °C;;;;;;;;;;;OK;4/19/2024;3:08:41 PM;Default;K;0.366;;cm⁻¹;;;;1;30000;µS/cm;28.4;mS/cm;22.2;;;;;;;;;;;;;;;;;;;;;;;;;;;;;;;°C;;;;;1714125064;1713539321;2.32E+11;;Interval;EndOfRecord
RD;pH;4/26/2024;9:50:04 AM;Default;PHC301;SN 240462571090;Edited;Sample ID (29185);2.916;pH;21.3;°C;247.9;mV;;;;;;;;;;;;;;;OK;4/25/2024;12:22:34 PM;Default;Slope;-57.99;98;mV/pH;14.1;mV;0.9998;3;4;pH;187.6;mV;22.2;7.01;pH;11;mV;22;10.04;pH;-159.2;mV;22.5;;;;;;;;;;;;;;;;;;;;;°C;;;;;1714125004;1714047754;2.32E+11;;Interval;EndOfRecord
RD;CD;4/26/2024;9:50:04 AM;Default;CDC401;SN 231662582599;Edited;Sample ID (29185);41.3;mS/cm;21.3;°C;38.3;mS/cm;;;NaCl/Non-Linear;Reference Temperature = 25 °C;;;;;;;;;;;OK;4/19/2024;3:08:41 PM;Default;K;0.366;;cm⁻¹;;;;1;30000;µS/cm;28.4;mS/cm;22.2;;;;;;;;;;;;;;;;;;;;;;;;;;;;;;;°C;;;;;1714125004;1713539321;2.32E+11;;Interval;EndOfRecord
RD;pH;4/26/2024;9:49:05 AM;Default;PHC301;SN 240462571090;Edited;Sample ID (29184);2.917;pH;21.3;°C;247.9;mV;;;;;;;;;;;;;;;OK;4/25/2024;12:22:34 PM;Default;Slope;-57.99;98;mV/pH;14.1;mV;0.9998;3;4;pH;187.6;mV;22.2;7.01;pH;11;mV;22;10.04;pH;-159.2;mV;22.5;;;;;;;;;;;;;;;;;;;;;°C;;;;;1714124945;1714047754;2.32E+11;;Interval;EndOfRecord
RD;CD;4/26/2024;9:49:05 AM;Default;CDC401;SN 231662582599;Edited;Sample ID (29184);41.3;mS/cm;21.3;°C;38.3;mS/cm;;;NaCl/Non-Linear;Reference Temperature = 25 °C;;;;;;;;;;;OK;4/19/2024;3:08:41 PM;Default;K;0.366;;cm⁻¹;;;;1;30000;µS/cm;28.4;mS/cm;22.2;;;;;;;;;;;;;;;;;;;;;;;;;;;;;;;°C;;;;;1714124945;1713539321;2.32E+11;;Interval;EndOfRecord
RD;pH;4/26/2024;9:48:04 AM;Default;PHC301;SN 240462571090;Edited;Sample ID (29183);2.917;pH;21.3;°C;247.9;mV;;;;;;;;;;;;;;;OK;4/25/2024;12:22:34 PM;Default;Slope;-57.99;98;mV/pH;14.1;mV;0.9998;3;4;pH;187.6;mV;22.2;7.01;pH;11;mV;22;10.04;pH;-159.2;mV;22.5;;;;;;;;;;;;;;;;;;;;;°C;;;;;1714124884;1714047754;2.32E+11;;Interval;EndOfRecord
RD;CD;4/26/2024;9:48:04 AM;Default;CDC401;SN 231662582599;Edited;Sample ID (29183);41.2;mS/cm;21.3;°C;38.3;mS/cm;;;NaCl/Non-Linear;Reference Temperature = 25 °C;;;;;;;;;;;OK;4/19/2024;3:08:41 PM;Default;K;0.366;;cm⁻¹;;;;1;30000;µS/cm;28.4;mS/cm;22.2;;;;;;;;;;;;;;;;;;;;;;;;;;;;;;;°C;;;;;1714124884;1713539321;2.32E+11;;Interval;EndOfRecord
RD;pH;4/26/2024;9:47:03 AM;Default;PHC301;SN 240462571090;Edited;Sample ID (29182);2.917;pH;21.3;°C;247.9;mV;;;;;;;;;;;;;;;OK;4/25/2024;12:22:34 PM;Default;Slope;-57.99;98;mV/pH;14.1;mV;0.9998;3;4;pH;187.6;mV;22.2;7.01;pH;11;mV;22;10.04;pH;-159.2;mV;22.5;;;;;;;;;;;;;;;;;;;;;°C;;;;;1714124823;1714047754;2.32E+11;;Interval;EndOfRecord
RD;CD;4/26/2024;9:47:03 AM;Default;CDC401;SN 231662582599;Edited;Sample ID (29182);41.3;mS/cm;21.3;°C;38.3;mS/cm;;;NaCl/Non-Linear;Reference Temperature = 25 °C;;;;;;;;;;;OK;4/19/2024;3:08:41 PM;Default;K;0.366;;cm⁻¹;;;;1;30000;µS/cm;28.4;mS/cm;22.2;;;;;;;;;;;;;;;;;;;;;;;;;;;;;;;°C;;;;;1714124823;1713539321;2.32E+11;;Interval;EndOfRecord
RD;pH;4/26/2024;9:46:03 AM;Default;PHC301;SN 240462571090;Edited;Sample ID (29181);2.917;pH;21.3;°C;247.9;mV;;;;;;;;;;;;;;;OK;4/25/2024;12:22:34 PM;Default;Slope;-57.99;98;mV/pH;14.1;mV;0.9998;3;4;pH;187.6;mV;22.2;7.01;pH;11;mV;22;10.04;pH;-159.2;mV;22.5;;;;;;;;;;;;;;;;;;;;;°C;;;;;1714124763;1714047754;2.32E+11;;Interval;EndOfRecord
RD;CD;4/26/2024;9:46:03 AM;Default;CDC401;SN 231662582599;Edited;Sample ID (29181);41.3;mS/cm;21.3;°C;38.3;mS/cm;;;NaCl/Non-Linear;Reference Temperature = 25 °C;;;;;;;;;;;OK;4/19/2024;3:08:41 PM;Default;K;0.366;;cm⁻¹;;;;1;30000;µS/cm;28.4;mS/cm;22.2;;;;;;;;;;;;;;;;;;;;;;;;;;;;;;;°C;;;;;1714124763;1713539321;2.32E+11;;Interval;EndOfRecord
RD;pH;4/26/2024;9:45:03 AM;Default;PHC301;SN 240462571090;Edited;Sample ID (29180);2.917;pH;21.3;°C;247.9;mV;;;;;;;;;;;;;;;OK;4/25/2024;12:22:34 PM;Default;Slope;-57.99;98;mV/pH;14.1;mV;0.9998;3;4;pH;187.6;mV;22.2;7.01;pH;11;mV;22;10.04;pH;-159.2;mV;22.5;;;;;;;;;;;;;;;;;;;;;°C;;;;;1714124703;1714047754;2.32E+11;;Interval;EndOfRecord
RD;CD;4/26/2024;9:45:03 AM;Default;CDC401;SN 231662582599;Edited;Sample ID (29180);41.3;mS/cm;21.3;°C;38.3;mS/cm;;;NaCl/Non-Linear;Reference Temperature = 25 °C;;;;;;;;;;;OK;4/19/2024;3:08:41 PM;Default;K;0.366;;cm⁻¹;;;;1;30000;µS/cm;28.4;mS/cm;22.2;;;;;;;;;;;;;;;;;;;;;;;;;;;;;;;°C;;;;;1714124703;1713539321;2.32E+11;;Interval;EndOfRecord
RD;pH;4/26/2024;9:44:04 AM;Default;PHC301;SN 240462571090;Edited;Sample ID (29179);2.918;pH;21.3;°C;247.9;mV;;;;;;;;;;;;;;;OK;4/25/2024;12:22:34 PM;Default;Slope;-57.99;98;mV/pH;14.1;mV;0.9998;3;4;pH;187.6;mV;22.2;7.01;pH;11;mV;22;10.04;pH;-159.2;mV;22.5;;;;;;;;;;;;;;;;;;;;;°C;;;;;1714124644;1714047754;2.32E+11;;Interval;EndOfRecord
RD;CD;4/26/2024;9:44:04 AM;Default;CDC401;SN 231662582599;Edited;Sample ID (29179);41.3;mS/cm;21.3;°C;38.4;mS/cm;;;NaCl/Non-Linear;Reference Temperature = 25 °C;;;;;;;;;;;OK;4/19/2024;3:08:41 PM;Default;K;0.366;;cm⁻¹;;;;1;30000;µS/cm;28.4;mS/cm;22.2;;;;;;;;;;;;;;;;;;;;;;;;;;;;;;;°C;;;;;1714124644;1713539321;2.32E+11;;Interval;EndOfRecord
RD;pH;4/26/2024;9:43:04 AM;Default;PHC301;SN 240462571090;Edited;Sample ID (29178);2.918;pH;21.3;°C;247.9;mV;;;;;;;;;;;;;;;OK;4/25/2024;12:22:34 PM;Default;Slope;-57.99;98;mV/pH;14.1;mV;0.9998;3;4;pH;187.6;mV;22.2;7.01;pH;11;mV;22;10.04;pH;-159.2;mV;22.5;;;;;;;;;;;;;;;;;;;;;°C;;;;;1714124584;1714047754;2.32E+11;;Interval;EndOfRecord
RD;CD;4/26/2024;9:43:04 AM;Default;CDC401;SN 231662582599;Edited;Sample ID (29178);41.3;mS/cm;21.3;°C;38.3;mS/cm;;;NaCl/Non-Linear;Reference Temperature = 25 °C;;;;;;;;;;;OK;4/19/2024;3:08:41 PM;Default;K;0.366;;cm⁻¹;;;;1;30000;µS/cm;28.4;mS/cm;22.2;;;;;;;;;;;;;;;;;;;;;;;;;;;;;;;°C;;;;;1714124584;1713539321;2.32E+11;;Interval;EndOfRecord
RD;pH;4/26/2024;9:42:04 AM;Default;PHC301;SN 240462571090;Edited;Sample ID (29177);2.918;pH;21.3;°C;247.9;mV;;;;;;;;;;;;;;;OK;4/25/2024;12:22:34 PM;Default;Slope;-57.99;98;mV/pH;14.1;mV;0.9998;3;4;pH;187.6;mV;22.2;7.01;pH;11;mV;22;10.04;pH;-159.2;mV;22.5;;;;;;;;;;;;;;;;;;;;;°C;;;;;1714124524;1714047754;2.32E+11;;Interval;EndOfRecord
RD;CD;4/26/2024;9:42:04 AM;Default;CDC401;SN 231662582599;Edited;Sample ID (29177);41.3;mS/cm;21.3;°C;38.3;mS/cm;;;NaCl/Non-Linear;Reference Temperature = 25 °C;;;;;;;;;;;OK;4/19/2024;3:08:41 PM;Default;K;0.366;;cm⁻¹;;;;1;30000;µS/cm;28.4;mS/cm;22.2;;;;;;;;;;;;;;;;;;;;;;;;;;;;;;;°C;;;;;1714124524;1713539321;2.32E+11;;Interval;EndOfRecord
RD;pH;4/26/2024;9:41:04 AM;Default;PHC301;SN 240462571090;Edited;Sample ID (29176);2.918;pH;21.3;°C;247.9;mV;;;;;;;;;;;;;;;OK;4/25/2024;12:22:34 PM;Default;Slope;-57.99;98;mV/pH;14.1;mV;0.9998;3;4;pH;187.6;mV;22.2;7.01;pH;11;mV;22;10.04;pH;-159.2;mV;22.5;;;;;;;;;;;;;;;;;;;;;°C;;;;;1714124464;1714047754;2.32E+11;;Interval;EndOfRecord
RD;CD;4/26/2024;9:41:04 AM;Default;CDC401;SN 231662582599;Edited;Sample ID (29176);41.3;mS/cm;21.3;°C;38.4;mS/cm;;;NaCl/Non-Linear;Reference Temperature = 25 °C;;;;;;;;;;;OK;4/19/2024;3:08:41 PM;Default;K;0.366;;cm⁻¹;;;;1;30000;µS/cm;28.4;mS/cm;22.2;;;;;;;;;;;;;;;;;;;;;;;;;;;;;;;°C;;;;;1714124464;1713539321;2.32E+11;;Interval;EndOfRecord
RD;pH;4/26/2024;9:40:04 AM;Default;PHC301;SN 240462571090;Edited;Sample ID (29175);2.918;pH;21.3;°C;247.9;mV;;;;;;;;;;;;;;;OK;4/25/2024;12:22:34 PM;Default;Slope;-57.99;98;mV/pH;14.1;mV;0.9998;3;4;pH;187.6;mV;22.2;7.01;pH;11;mV;22;10.04;pH;-159.2;mV;22.5;;;;;;;;;;;;;;;;;;;;;°C;;;;;1714124404;1714047754;2.32E+11;;Interval;EndOfRecord
RD;CD;4/26/2024;9:40:04 AM;Default;CDC401;SN 231662582599;Edited;Sample ID (29175);41.3;mS/cm;21.4;°C;38.4;mS/cm;;;NaCl/Non-Linear;Reference Temperature = 25 °C;;;;;;;;;;;OK;4/19/2024;3:08:41 PM;Default;K;0.366;;cm⁻¹;;;;1;30000;µS/cm;28.4;mS/cm;22.2;;;;;;;;;;;;;;;;;;;;;;;;;;;;;;;°C;;;;;1714124404;1713539321;2.32E+11;;Interval;EndOfRecord
RD;pH;4/26/2024;9:39:04 AM;Default;PHC301;SN 240462571090;Edited;Sample ID (29174);2.918;pH;21.3;°C;247.9;mV;;;;;;;;;;;;;;;OK;4/25/2024;12:22:34 PM;Default;Slope;-57.99;98;mV/pH;14.1;mV;0.9998;3;4;pH;187.6;mV;22.2;7.01;pH;11;mV;22;10.04;pH;-159.2;mV;22.5;;;;;;;;;;;;;;;;;;;;;°C;;;;;1714124344;1714047754;2.32E+11;;Interval;EndOfRecord
RD;CD;4/26/2024;9:39:04 AM;Default;CDC401;SN 231662582599;Edited;Sample ID (29174);41.3;mS/cm;21.4;°C;38.4;mS/cm;;;NaCl/Non-Linear;Reference Temperature = 25 °C;;;;;;;;;;;OK;4/19/2024;3:08:41 PM;Default;K;0.366;;cm⁻¹;;;;1;30000;µS/cm;28.4;mS/cm;22.2;;;;;;;;;;;;;;;;;;;;;;;;;;;;;;;°C;;;;;1714124344;1713539321;2.32E+11;;Interval;EndOfRecord
RD;pH;4/26/2024;9:38:03 AM;Default;PHC301;SN 240462571090;Edited;Sample ID (29173);2.919;pH;21.4;°C;247.8;mV;;;;;;;;;;;;;;;OK;4/25/2024;12:22:34 PM;Default;Slope;-57.99;98;mV/pH;14.1;mV;0.9998;3;4;pH;187.6;mV;22.2;7.01;pH;11;mV;22;10.04;pH;-159.2;mV;22.5;;;;;;;;;;;;;;;;;;;;;°C;;;;;1714124283;1714047754;2.32E+11;;Interval;EndOfRecord
RD;CD;4/26/2024;9:38:03 AM;Default;CDC401;SN 231662582599;Edited;Sample ID (29173);41.3;mS/cm;21.4;°C;38.4;mS/cm;;;NaCl/Non-Linear;Reference Temperature = 25 °C;;;;;;;;;;;OK;4/19/2024;3:08:41 PM;Default;K;0.366;;cm⁻¹;;;;1;30000;µS/cm;28.4;mS/cm;22.2;;;;;;;;;;;;;;;;;;;;;;;;;;;;;;;°C;;;;;1714124283;1713539321;2.32E+11;;Interval;EndOfRecord
RD;pH;4/26/2024;9:37:03 AM;Default;PHC301;SN 240462571090;Edited;Sample ID (29172);2.919;pH;21.4;°C;247.8;mV;;;;;;;;;;;;;;;OK;4/25/2024;12:22:34 PM;Default;Slope;-57.99;98;mV/pH;14.1;mV;0.9998;3;4;pH;187.6;mV;22.2;7.01;pH;11;mV;22;10.04;pH;-159.2;mV;22.5;;;;;;;;;;;;;;;;;;;;;°C;;;;;1714124223;1714047754;2.32E+11;;Interval;EndOfRecord
RD;CD;4/26/2024;9:37:03 AM;Default;CDC401;SN 231662582599;Edited;Sample ID (29172);41.3;mS/cm;21.4;°C;38.4;mS/cm;;;NaCl/Non-Linear;Reference Temperature = 25 °C;;;;;;;;;;;OK;4/19/2024;3:08:41 PM;Default;K;0.366;;cm⁻¹;;;;1;30000;µS/cm;28.4;mS/cm;22.2;;;;;;;;;;;;;;;;;;;;;;;;;;;;;;;°C;;;;;1714124223;1713539321;2.32E+11;;Interval;EndOfRecord
RD;pH;4/26/2024;9:36:04 AM;Default;PHC301;SN 240462571090;Edited;Sample ID (29171);2.919;pH;21.4;°C;247.8;mV;;;;;;;;;;;;;;;OK;4/25/2024;12:22:34 PM;Default;Slope;-57.99;98;mV/pH;14.1;mV;0.9998;3;4;pH;187.6;mV;22.2;7.01;pH;11;mV;22;10.04;pH;-159.2;mV;22.5;;;;;;;;;;;;;;;;;;;;;°C;;;;;1714124164;1714047754;2.32E+11;;Interval;EndOfRecord
RD;CD;4/26/2024;9:36:04 AM;Default;CDC401;SN 231662582599;Edited;Sample ID (29171);41.3;mS/cm;21.4;°C;38.4;mS/cm;;;NaCl/Non-Linear;Reference Temperature = 25 °C;;;;;;;;;;;OK;4/19/2024;3:08:41 PM;Default;K;0.366;;cm⁻¹;;;;1;30000;µS/cm;28.4;mS/cm;22.2;;;;;;;;;;;;;;;;;;;;;;;;;;;;;;;°C;;;;;1714124164;1713539321;2.32E+11;;Interval;EndOfRecord
RD;pH;4/26/2024;9:35:04 AM;Default;PHC301;SN 240462571090;Edited;Sample ID (29170);2.919;pH;21.4;°C;247.8;mV;;;;;;;;;;;;;;;OK;4/25/2024;12:22:34 PM;Default;Slope;-57.99;98;mV/pH;14.1;mV;0.9998;3;4;pH;187.6;mV;22.2;7.01;pH;11;mV;22;10.04;pH;-159.2;mV;22.5;;;;;;;;;;;;;;;;;;;;;°C;;;;;1714124104;1714047754;2.32E+11;;Interval;EndOfRecord
RD;CD;4/26/2024;9:35:04 AM;Default;CDC401;SN 231662582599;Edited;Sample ID (29170);41.3;mS/cm;21.4;°C;38.4;mS/cm;;;NaCl/Non-Linear;Reference Temperature = 25 °C;;;;;;;;;;;OK;4/19/2024;3:08:41 PM;Default;K;0.366;;cm⁻¹;;;;1;30000;µS/cm;28.4;mS/cm;22.2;;;;;;;;;;;;;;;;;;;;;;;;;;;;;;;°C;;;;;1714124104;1713539321;2.32E+11;;Interval;EndOfRecord
RD;pH;4/26/2024;9:34:03 AM;Default;PHC301;SN 240462571090;Edited;Sample ID (29169);2.92;pH;21.4;°C;247.8;mV;;;;;;;;;;;;;;;OK;4/25/2024;12:22:34 PM;Default;Slope;-57.99;98;mV/pH;14.1;mV;0.9998;3;4;pH;187.6;mV;22.2;7.01;pH;11;mV;22;10.04;pH;-159.2;mV;22.5;;;;;;;;;;;;;;;;;;;;;°C;;;;;1714124043;1714047754;2.32E+11;;Interval;EndOfRecord
RD;CD;4/26/2024;9:34:03 AM;Default;CDC401;SN 231662582599;Edited;Sample ID (29169);41.3;mS/cm;21.4;°C;38.4;mS/cm;;;NaCl/Non-Linear;Reference Temperature = 25 °C;;;;;;;;;;;OK;4/19/2024;3:08:41 PM;Default;K;0.366;;cm⁻¹;;;;1;30000;µS/cm;28.4;mS/cm;22.2;;;;;;;;;;;;;;;;;;;;;;;;;;;;;;;°C;;;;;1714124043;1713539321;2.32E+11;;Interval;EndOfRecord
RD;pH;4/26/2024;9:33:03 AM;Default;PHC301;SN 240462571090;Edited;Sample ID (29168);2.92;pH;21.4;°C;247.8;mV;;;;;;;;;;;;;;;OK;4/25/2024;12:22:34 PM;Default;Slope;-57.99;98;mV/pH;14.1;mV;0.9998;3;4;pH;187.6;mV;22.2;7.01;pH;11;mV;22;10.04;pH;-159.2;mV;22.5;;;;;;;;;;;;;;;;;;;;;°C;;;;;1714123983;1714047754;2.32E+11;;Interval;EndOfRecord
RD;CD;4/26/2024;9:33:03 AM;Default;CDC401;SN 231662582599;Edited;Sample ID (29168);41.3;mS/cm;21.4;°C;38.4;mS/cm;;;NaCl/Non-Linear;Reference Temperature = 25 °C;;;;;;;;;;;OK;4/19/2024;3:08:41 PM;Default;K;0.366;;cm⁻¹;;;;1;30000;µS/cm;28.4;mS/cm;22.2;;;;;;;;;;;;;;;;;;;;;;;;;;;;;;;°C;;;;;1714123983;1713539321;2.32E+11;;Interval;EndOfRecord
RD;pH;4/26/2024;9:32:04 AM;Default;PHC301;SN 240462571090;Edited;Sample ID (29167);2.92;pH;21.4;°C;247.8;mV;;;;;;;;;;;;;;;OK;4/25/2024;12:22:34 PM;Default;Slope;-57.99;98;mV/pH;14.1;mV;0.9998;3;4;pH;187.6;mV;22.2;7.01;pH;11;mV;22;10.04;pH;-159.2;mV;22.5;;;;;;;;;;;;;;;;;;;;;°C;;;;;1714123924;1714047754;2.32E+11;;Interval;EndOfRecord
RD;CD;4/26/2024;9:32:04 AM;Default;CDC401;SN 231662582599;Edited;Sample ID (29167);41.3;mS/cm;21.4;°C;38.4;mS/cm;;;NaCl/Non-Linear;Reference Temperature = 25 °C;;;;;;;;;;;OK;4/19/2024;3:08:41 PM;Default;K;0.366;;cm⁻¹;;;;1;30000;µS/cm;28.4;mS/cm;22.2;;;;;;;;;;;;;;;;;;;;;;;;;;;;;;;°C;;;;;1714123924;1713539321;2.32E+11;;Interval;EndOfRecord
RD;pH;4/26/2024;9:31:04 AM;Default;PHC301;SN 240462571090;Edited;Sample ID (29166);2.921;pH;21.4;°C;247.8;mV;;;;;;;;;;;;;;;OK;4/25/2024;12:22:34 PM;Default;Slope;-57.99;98;mV/pH;14.1;mV;0.9998;3;4;pH;187.6;mV;22.2;7.01;pH;11;mV;22;10.04;pH;-159.2;mV;22.5;;;;;;;;;;;;;;;;;;;;;°C;;;;;1714123864;1714047754;2.32E+11;;Interval;EndOfRecord
RD;CD;4/26/2024;9:31:04 AM;Default;CDC401;SN 231662582599;Edited;Sample ID (29166);41.3;mS/cm;21.4;°C;38.4;mS/cm;;;NaCl/Non-Linear;Reference Temperature = 25 °C;;;;;;;;;;;OK;4/19/2024;3:08:41 PM;Default;K;0.366;;cm⁻¹;;;;1;30000;µS/cm;28.4;mS/cm;22.2;;;;;;;;;;;;;;;;;;;;;;;;;;;;;;;°C;;;;;1714123864;1713539321;2.32E+11;;Interval;EndOfRecord
RD;pH;4/26/2024;9:30:03 AM;Default;PHC301;SN 240462571090;Edited;Sample ID (29165);2.921;pH;21.4;°C;247.8;mV;;;;;;;;;;;;;;;OK;4/25/2024;12:22:34 PM;Default;Slope;-57.99;98;mV/pH;14.1;mV;0.9998;3;4;pH;187.6;mV;22.2;7.01;pH;11;mV;22;10.04;pH;-159.2;mV;22.5;;;;;;;;;;;;;;;;;;;;;°C;;;;;1714123803;1714047754;2.32E+11;;Interval;EndOfRecord
RD;CD;4/26/2024;9:30:03 AM;Default;CDC401;SN 231662582599;Edited;Sample ID (29165);41.3;mS/cm;21.5;°C;38.5;mS/cm;;;NaCl/Non-Linear;Reference Temperature = 25 °C;;;;;;;;;;;OK;4/19/2024;3:08:41 PM;Default;K;0.366;;cm⁻¹;;;;1;30000;µS/cm;28.4;mS/cm;22.2;;;;;;;;;;;;;;;;;;;;;;;;;;;;;;;°C;;;;;1714123803;1713539321;2.32E+11;;Interval;EndOfRecord
RD;pH;4/26/2024;9:29:03 AM;Default;PHC301;SN 240462571090;Edited;Sample ID (29164);2.921;pH;21.4;°C;247.8;mV;;;;;;;;;;;;;;;OK;4/25/2024;12:22:34 PM;Default;Slope;-57.99;98;mV/pH;14.1;mV;0.9998;3;4;pH;187.6;mV;22.2;7.01;pH;11;mV;22;10.04;pH;-159.2;mV;22.5;;;;;;;;;;;;;;;;;;;;;°C;;;;;1714123743;1714047754;2.32E+11;;Interval;EndOfRecord
RD;CD;4/26/2024;9:29:03 AM;Default;CDC401;SN 231662582599;Edited;Sample ID (29164);41.4;mS/cm;21.5;°C;38.5;mS/cm;;;NaCl/Non-Linear;Reference Temperature = 25 °C;;;;;;;;;;;OK;4/19/2024;3:08:41 PM;Default;K;0.366;;cm⁻¹;;;;1;30000;µS/cm;28.4;mS/cm;22.2;;;;;;;;;;;;;;;;;;;;;;;;;;;;;;;°C;;;;;1714123743;1713539321;2.32E+11;;Interval;EndOfRecord
RD;pH;4/26/2024;9:28:03 AM;Default;PHC301;SN 240462571090;Edited;Sample ID (29163);2.923;pH;21.4;°C;247.6;mV;;;;;;;;;;;;;;;OK;4/25/2024;12:22:34 PM;Default;Slope;-57.99;98;mV/pH;14.1;mV;0.9998;3;4;pH;187.6;mV;22.2;7.01;pH;11;mV;22;10.04;pH;-159.2;mV;22.5;;;;;;;;;;;;;;;;;;;;;°C;;;;;1714123683;1714047754;2.32E+11;;Interval;EndOfRecord
RD;CD;4/26/2024;9:28:03 AM;Default;CDC401;SN 231662582599;Edited;Sample ID (29163);41.3;mS/cm;21.5;°C;38.5;mS/cm;;;NaCl/Non-Linear;Reference Temperature = 25 °C;;;;;;;;;;;OK;4/19/2024;3:08:41 PM;Default;K;0.366;;cm⁻¹;;;;1;30000;µS/cm;28.4;mS/cm;22.2;;;;;;;;;;;;;;;;;;;;;;;;;;;;;;;°C;;;;;1714123683;1713539321;2.32E+11;;Interval;EndOfRecord
RD;pH;4/26/2024;9:27:04 AM;Default;PHC301;SN 240462571090;Edited;Sample ID (29162);2.923;pH;21.5;°C;247.6;mV;;;;;;;;;;;;;;;OK;4/25/2024;12:22:34 PM;Default;Slope;-57.99;98;mV/pH;14.1;mV;0.9998;3;4;pH;187.6;mV;22.2;7.01;pH;11;mV;22;10.04;pH;-159.2;mV;22.5;;;;;;;;;;;;;;;;;;;;;°C;;;;;1714123624;1714047754;2.32E+11;;Interval;EndOfRecord
RD;CD;4/26/2024;9:27:04 AM;Default;CDC401;SN 231662582599;Edited;Sample ID (29162);41.4;mS/cm;21.5;°C;38.5;mS/cm;;;NaCl/Non-Linear;Reference Temperature = 25 °C;;;;;;;;;;;OK;4/19/2024;3:08:41 PM;Default;K;0.366;;cm⁻¹;;;;1;30000;µS/cm;28.4;mS/cm;22.2;;;;;;;;;;;;;;;;;;;;;;;;;;;;;;;°C;;;;;1714123624;1713539321;2.32E+11;;Interval;EndOfRecord
RD;pH;4/26/2024;9:26:04 AM;Default;PHC301;SN 240462571090;Edited;Sample ID (29161);2.923;pH;21.5;°C;247.6;mV;;;;;;;;;;;;;;;OK;4/25/2024;12:22:34 PM;Default;Slope;-57.99;98;mV/pH;14.1;mV;0.9998;3;4;pH;187.6;mV;22.2;7.01;pH;11;mV;22;10.04;pH;-159.2;mV;22.5;;;;;;;;;;;;;;;;;;;;;°C;;;;;1714123564;1714047754;2.32E+11;;Interval;EndOfRecord
RD;CD;4/26/2024;9:26:04 AM;Default;CDC401;SN 231662582599;Edited;Sample ID (29161);41.3;mS/cm;21.5;°C;38.5;mS/cm;;;NaCl/Non-Linear;Reference Temperature = 25 °C;;;;;;;;;;;OK;4/19/2024;3:08:41 PM;Default;K;0.366;;cm⁻¹;;;;1;30000;µS/cm;28.4;mS/cm;22.2;;;;;;;;;;;;;;;;;;;;;;;;;;;;;;;°C;;;;;1714123564;1713539321;2.32E+11;;Interval;EndOfRecord
RD;pH;4/26/2024;9:25:04 AM;Default;PHC301;SN 240462571090;Edited;Sample ID (29160);2.924;pH;21.5;°C;247.6;mV;;;;;;;;;;;;;;;OK;4/25/2024;12:22:34 PM;Default;Slope;-57.99;98;mV/pH;14.1;mV;0.9998;3;4;pH;187.6;mV;22.2;7.01;pH;11;mV;22;10.04;pH;-159.2;mV;22.5;;;;;;;;;;;;;;;;;;;;;°C;;;;;1714123504;1714047754;2.32E+11;;Interval;EndOfRecord
RD;CD;4/26/2024;9:25:04 AM;Default;CDC401;SN 231662582599;Edited;Sample ID (29160);41.3;mS/cm;21.5;°C;38.5;mS/cm;;;NaCl/Non-Linear;Reference Temperature = 25 °C;;;;;;;;;;;OK;4/19/2024;3:08:41 PM;Default;K;0.366;;cm⁻¹;;;;1;30000;µS/cm;28.4;mS/cm;22.2;;;;;;;;;;;;;;;;;;;;;;;;;;;;;;;°C;;;;;1714123504;1713539321;2.32E+11;;Interval;EndOfRecord
RD;pH;4/26/2024;9:24:04 AM;Default;PHC301;SN 240462571090;Edited;Sample ID (29159);2.924;pH;21.5;°C;247.6;mV;;;;;;;;;;;;;;;OK;4/25/2024;12:22:34 PM;Default;Slope;-57.99;98;mV/pH;14.1;mV;0.9998;3;4;pH;187.6;mV;22.2;7.01;pH;11;mV;22;10.04;pH;-159.2;mV;22.5;;;;;;;;;;;;;;;;;;;;;°C;;;;;1714123444;1714047754;2.32E+11;;Interval;EndOfRecord
RD;CD;4/26/2024;9:24:04 AM;Default;CDC401;SN 231662582599;Edited;Sample ID (29159);41.4;mS/cm;21.5;°C;38.5;mS/cm;;;NaCl/Non-Linear;Reference Temperature = 25 °C;;;;;;;;;;;OK;4/19/2024;3:08:41 PM;Default;K;0.366;;cm⁻¹;;;;1;30000;µS/cm;28.4;mS/cm;22.2;;;;;;;;;;;;;;;;;;;;;;;;;;;;;;;°C;;;;;1714123444;1713539321;2.32E+11;;Interval;EndOfRecord
RD;pH;4/26/2024;9:23:04 AM;Default;PHC301;SN 240462571090;Edited;Sample ID (29158);2.924;pH;21.5;°C;247.6;mV;;;;;;;;;;;;;;;OK;4/25/2024;12:22:34 PM;Default;Slope;-57.99;98;mV/pH;14.1;mV;0.9998;3;4;pH;187.6;mV;22.2;7.01;pH;11;mV;22;10.04;pH;-159.2;mV;22.5;;;;;;;;;;;;;;;;;;;;;°C;;;;;1714123384;1714047754;2.32E+11;;Interval;EndOfRecord
RD;CD;4/26/2024;9:23:04 AM;Default;CDC401;SN 231662582599;Edited;Sample ID (29158);41.3;mS/cm;21.5;°C;38.5;mS/cm;;;NaCl/Non-Linear;Reference Temperature = 25 °C;;;;;;;;;;;OK;4/19/2024;3:08:41 PM;Default;K;0.366;;cm⁻¹;;;;1;30000;µS/cm;28.4;mS/cm;22.2;;;;;;;;;;;;;;;;;;;;;;;;;;;;;;;°C;;;;;1714123384;1713539321;2.32E+11;;Interval;EndOfRecord
RD;pH;4/26/2024;9:22:04 AM;Default;PHC301;SN 240462571090;Edited;Sample ID (29157);2.924;pH;21.5;°C;247.6;mV;;;;;;;;;;;;;;;OK;4/25/2024;12:22:34 PM;Default;Slope;-57.99;98;mV/pH;14.1;mV;0.9998;3;4;pH;187.6;mV;22.2;7.01;pH;11;mV;22;10.04;pH;-159.2;mV;22.5;;;;;;;;;;;;;;;;;;;;;°C;;;;;1714123324;1714047754;2.32E+11;;Interval;EndOfRecord
RD;CD;4/26/2024;9:22:04 AM;Default;CDC401;SN 231662582599;Edited;Sample ID (29157);41.3;mS/cm;21.5;°C;38.5;mS/cm;;;NaCl/Non-Linear;Reference Temperature = 25 °C;;;;;;;;;;;OK;4/19/2024;3:08:41 PM;Default;K;0.366;;cm⁻¹;;;;1;30000;µS/cm;28.4;mS/cm;22.2;;;;;;;;;;;;;;;;;;;;;;;;;;;;;;;°C;;;;;1714123324;1713539321;2.32E+11;;Interval;EndOfRecord
RD;pH;4/26/2024;9:21:05 AM;Default;PHC301;SN 240462571090;Edited;Sample ID (29156);2.924;pH;21.5;°C;247.6;mV;;;;;;;;;;;;;;;OK;4/25/2024;12:22:34 PM;Default;Slope;-57.99;98;mV/pH;14.1;mV;0.9998;3;4;pH;187.6;mV;22.2;7.01;pH;11;mV;22;10.04;pH;-159.2;mV;22.5;;;;;;;;;;;;;;;;;;;;;°C;;;;;1714123265;1714047754;2.32E+11;;Interval;EndOfRecord
RD;CD;4/26/2024;9:21:05 AM;Default;CDC401;SN 231662582599;Edited;Sample ID (29156);41.4;mS/cm;21.5;°C;38.5;mS/cm;;;NaCl/Non-Linear;Reference Temperature = 25 °C;;;;;;;;;;;OK;4/19/2024;3:08:41 PM;Default;K;0.366;;cm⁻¹;;;;1;30000;µS/cm;28.4;mS/cm;22.2;;;;;;;;;;;;;;;;;;;;;;;;;;;;;;;°C;;;;;1714123265;1713539321;2.32E+11;;Interval;EndOfRecord
RD;pH;4/26/2024;9:20:04 AM;Default;PHC301;SN 240462571090;Edited;Sample ID (29155);2.925;pH;21.5;°C;247.6;mV;;;;;;;;;;;;;;;OK;4/25/2024;12:22:34 PM;Default;Slope;-57.99;98;mV/pH;14.1;mV;0.9998;3;4;pH;187.6;mV;22.2;7.01;pH;11;mV;22;10.04;pH;-159.2;mV;22.5;;;;;;;;;;;;;;;;;;;;;°C;;;;;1714123204;1714047754;2.32E+11;;Interval;EndOfRecord
RD;CD;4/26/2024;9:20:04 AM;Default;CDC401;SN 231662582599;Edited;Sample ID (29155);41.4;mS/cm;21.5;°C;38.6;mS/cm;;;NaCl/Non-Linear;Reference Temperature = 25 °C;;;;;;;;;;;OK;4/19/2024;3:08:41 PM;Default;K;0.366;;cm⁻¹;;;;1;30000;µS/cm;28.4;mS/cm;22.2;;;;;;;;;;;;;;;;;;;;;;;;;;;;;;;°C;;;;;1714123204;1713539321;2.32E+11;;Interval;EndOfRecord
RD;pH;4/26/2024;9:19:03 AM;Default;PHC301;SN 240462571090;Edited;Sample ID (29154);2.925;pH;21.5;°C;247.6;mV;;;;;;;;;;;;;;;OK;4/25/2024;12:22:34 PM;Default;Slope;-57.99;98;mV/pH;14.1;mV;0.9998;3;4;pH;187.6;mV;22.2;7.01;pH;11;mV;22;10.04;pH;-159.2;mV;22.5;;;;;;;;;;;;;;;;;;;;;°C;;;;;1714123143;1714047754;2.32E+11;;Interval;EndOfRecord
RD;CD;4/26/2024;9:19:03 AM;Default;CDC401;SN 231662582599;Edited;Sample ID (29154);41.4;mS/cm;21.5;°C;38.6;mS/cm;;;NaCl/Non-Linear;Reference Temperature = 25 °C;;;;;;;;;;;OK;4/19/2024;3:08:41 PM;Default;K;0.366;;cm⁻¹;;;;1;30000;µS/cm;28.4;mS/cm;22.2;;;;;;;;;;;;;;;;;;;;;;;;;;;;;;;°C;;;;;1714123143;1713539321;2.32E+11;;Interval;EndOfRecord
RD;pH;4/26/2024;9:18:03 AM;Default;PHC301;SN 240462571090;Edited;Sample ID (29153);2.925;pH;21.5;°C;247.6;mV;;;;;;;;;;;;;;;OK;4/25/2024;12:22:34 PM;Default;Slope;-57.99;98;mV/pH;14.1;mV;0.9998;3;4;pH;187.6;mV;22.2;7.01;pH;11;mV;22;10.04;pH;-159.2;mV;22.5;;;;;;;;;;;;;;;;;;;;;°C;;;;;1714123083;1714047754;2.32E+11;;Interval;EndOfRecord
RD;CD;4/26/2024;9:18:03 AM;Default;CDC401;SN 231662582599;Edited;Sample ID (29153);41.5;mS/cm;21.5;°C;38.7;mS/cm;;;NaCl/Non-Linear;Reference Temperature = 25 °C;;;;;;;;;;;OK;4/19/2024;3:08:41 PM;Default;K;0.366;;cm⁻¹;;;;1;30000;µS/cm;28.4;mS/cm;22.2;;;;;;;;;;;;;;;;;;;;;;;;;;;;;;;°C;;;;;1714123083;1713539321;2.32E+11;;Interval;EndOfRecord
RD;pH;4/26/2024;9:17:04 AM;Default;PHC301;SN 240462571090;Edited;Sample ID (29152);2.925;pH;21.5;°C;247.6;mV;;;;;;;;;;;;;;;OK;4/25/2024;12:22:34 PM;Default;Slope;-57.99;98;mV/pH;14.1;mV;0.9998;3;4;pH;187.6;mV;22.2;7.01;pH;11;mV;22;10.04;pH;-159.2;mV;22.5;;;;;;;;;;;;;;;;;;;;;°C;;;;;1714123024;1714047754;2.32E+11;;Interval;EndOfRecord
RD;CD;4/26/2024;9:17:04 AM;Default;CDC401;SN 231662582599;Edited;Sample ID (29152);41.4;mS/cm;21.5;°C;38.6;mS/cm;;;NaCl/Non-Linear;Reference Temperature = 25 °C;;;;;;;;;;;OK;4/19/2024;3:08:41 PM;Default;K;0.366;;cm⁻¹;;;;1;30000;µS/cm;28.4;mS/cm;22.2;;;;;;;;;;;;;;;;;;;;;;;;;;;;;;;°C;;;;;1714123024;1713539321;2.32E+11;;Interval;EndOfRecord
RD;pH;4/26/2024;9:16:04 AM;Default;PHC301;SN 240462571090;Edited;Sample ID (29151);2.925;pH;21.5;°C;247.6;mV;;;;;;;;;;;;;;;OK;4/25/2024;12:22:34 PM;Default;Slope;-57.99;98;mV/pH;14.1;mV;0.9998;3;4;pH;187.6;mV;22.2;7.01;pH;11;mV;22;10.04;pH;-159.2;mV;22.5;;;;;;;;;;;;;;;;;;;;;°C;;;;;1714122964;1714047754;2.32E+11;;Interval;EndOfRecord
RD;CD;4/26/2024;9:16:04 AM;Default;CDC401;SN 231662582599;Edited;Sample ID (29151);41.4;mS/cm;21.5;°C;38.6;mS/cm;;;NaCl/Non-Linear;Reference Temperature = 25 °C;;;;;;;;;;;OK;4/19/2024;3:08:41 PM;Default;K;0.366;;cm⁻¹;;;;1;30000;µS/cm;28.4;mS/cm;22.2;;;;;;;;;;;;;;;;;;;;;;;;;;;;;;;°C;;;;;1714122964;1713539321;2.32E+11;;Interval;EndOfRecord
RD;pH;4/26/2024;9:15:03 AM;Default;PHC301;SN 240462571090;Edited;Sample ID (29150);2.925;pH;21.5;°C;247.6;mV;;;;;;;;;;;;;;;OK;4/25/2024;12:22:34 PM;Default;Slope;-57.99;98;mV/pH;14.1;mV;0.9998;3;4;pH;187.6;mV;22.2;7.01;pH;11;mV;22;10.04;pH;-159.2;mV;22.5;;;;;;;;;;;;;;;;;;;;;°C;;;;;1714122903;1714047754;2.32E+11;;Interval;EndOfRecord
RD;CD;4/26/2024;9:15:03 AM;Default;CDC401;SN 231662582599;Edited;Sample ID (29150);41.5;mS/cm;21.6;°C;38.7;mS/cm;;;NaCl/Non-Linear;Reference Temperature = 25 °C;;;;;;;;;;;OK;4/19/2024;3:08:41 PM;Default;K;0.366;;cm⁻¹;;;;1;30000;µS/cm;28.4;mS/cm;22.2;;;;;;;;;;;;;;;;;;;;;;;;;;;;;;;°C;;;;;1714122903;1713539321;2.32E+11;;Interval;EndOfRecord
RD;pH;4/26/2024;9:14:03 AM;Default;PHC301;SN 240462571090;Edited;Sample ID (29149);2.925;pH;21.5;°C;247.6;mV;;;;;;;;;;;;;;;OK;4/25/2024;12:22:34 PM;Default;Slope;-57.99;98;mV/pH;14.1;mV;0.9998;3;4;pH;187.6;mV;22.2;7.01;pH;11;mV;22;10.04;pH;-159.2;mV;22.5;;;;;;;;;;;;;;;;;;;;;°C;;;;;1714122843;1714047754;2.32E+11;;Interval;EndOfRecord
RD;CD;4/26/2024;9:14:03 AM;Default;CDC401;SN 231662582599;Edited;Sample ID (29149);41.5;mS/cm;21.6;°C;38.7;mS/cm;;;NaCl/Non-Linear;Reference Temperature = 25 °C;;;;;;;;;;;OK;4/19/2024;3:08:41 PM;Default;K;0.366;;cm⁻¹;;;;1;30000;µS/cm;28.4;mS/cm;22.2;;;;;;;;;;;;;;;;;;;;;;;;;;;;;;;°C;;;;;1714122843;1713539321;2.32E+11;;Interval;EndOfRecord
RD;pH;4/26/2024;9:13:04 AM;Default;PHC301;SN 240462571090;Edited;Sample ID (29148);2.925;pH;21.5;°C;247.6;mV;;;;;;;;;;;;;;;OK;4/25/2024;12:22:34 PM;Default;Slope;-57.99;98;mV/pH;14.1;mV;0.9998;3;4;pH;187.6;mV;22.2;7.01;pH;11;mV;22;10.04;pH;-159.2;mV;22.5;;;;;;;;;;;;;;;;;;;;;°C;;;;;1714122784;1714047754;2.32E+11;;Interval;EndOfRecord
RD;CD;4/26/2024;9:13:04 AM;Default;CDC401;SN 231662582599;Edited;Sample ID (29148);41.4;mS/cm;21.6;°C;38.7;mS/cm;;;NaCl/Non-Linear;Reference Temperature = 25 °C;;;;;;;;;;;OK;4/19/2024;3:08:41 PM;Default;K;0.366;;cm⁻¹;;;;1;30000;µS/cm;28.4;mS/cm;22.2;;;;;;;;;;;;;;;;;;;;;;;;;;;;;;;°C;;;;;1714122784;1713539321;2.32E+11;;Interval;EndOfRecord
RD;pH;4/26/2024;9:12:05 AM;Default;PHC301;SN 240462571090;Edited;Sample ID (29147);2.925;pH;21.5;°C;247.6;mV;;;;;;;;;;;;;;;OK;4/25/2024;12:22:34 PM;Default;Slope;-57.99;98;mV/pH;14.1;mV;0.9998;3;4;pH;187.6;mV;22.2;7.01;pH;11;mV;22;10.04;pH;-159.2;mV;22.5;;;;;;;;;;;;;;;;;;;;;°C;;;;;1714122725;1714047754;2.32E+11;;Interval;EndOfRecord
RD;CD;4/26/2024;9:12:05 AM;Default;CDC401;SN 231662582599;Edited;Sample ID (29147);41.5;mS/cm;21.6;°C;38.7;mS/cm;;;NaCl/Non-Linear;Reference Temperature = 25 °C;;;;;;;;;;;OK;4/19/2024;3:08:41 PM;Default;K;0.366;;cm⁻¹;;;;1;30000;µS/cm;28.4;mS/cm;22.2;;;;;;;;;;;;;;;;;;;;;;;;;;;;;;;°C;;;;;1714122725;1713539321;2.32E+11;;Interval;EndOfRecord
RD;pH;4/26/2024;9:11:04 AM;Default;PHC301;SN 240462571090;Edited;Sample ID (29146);2.925;pH;21.5;°C;247.6;mV;;;;;;;;;;;;;;;OK;4/25/2024;12:22:34 PM;Default;Slope;-57.99;98;mV/pH;14.1;mV;0.9998;3;4;pH;187.6;mV;22.2;7.01;pH;11;mV;22;10.04;pH;-159.2;mV;22.5;;;;;;;;;;;;;;;;;;;;;°C;;;;;1714122664;1714047754;2.32E+11;;Interval;EndOfRecord
RD;CD;4/26/2024;9:11:04 AM;Default;CDC401;SN 231662582599;Edited;Sample ID (29146);41.5;mS/cm;21.6;°C;38.7;mS/cm;;;NaCl/Non-Linear;Reference Temperature = 25 °C;;;;;;;;;;;OK;4/19/2024;3:08:41 PM;Default;K;0.366;;cm⁻¹;;;;1;30000;µS/cm;28.4;mS/cm;22.2;;;;;;;;;;;;;;;;;;;;;;;;;;;;;;;°C;;;;;1714122664;1713539321;2.32E+11;;Interval;EndOfRecord
RD;pH;4/26/2024;9:10:04 AM;Default;PHC301;SN 240462571090;Edited;Sample ID (29145);2.926;pH;21.6;°C;247.6;mV;;;;;;;;;;;;;;;OK;4/25/2024;12:22:34 PM;Default;Slope;-57.99;98;mV/pH;14.1;mV;0.9998;3;4;pH;187.6;mV;22.2;7.01;pH;11;mV;22;10.04;pH;-159.2;mV;22.5;;;;;;;;;;;;;;;;;;;;;°C;;;;;1714122604;1714047754;2.32E+11;;Interval;EndOfRecord
RD;CD;4/26/2024;9:10:04 AM;Default;CDC401;SN 231662582599;Edited;Sample ID (29145);41.5;mS/cm;21.6;°C;38.7;mS/cm;;;NaCl/Non-Linear;Reference Temperature = 25 °C;;;;;;;;;;;OK;4/19/2024;3:08:41 PM;Default;K;0.366;;cm⁻¹;;;;1;30000;µS/cm;28.4;mS/cm;22.2;;;;;;;;;;;;;;;;;;;;;;;;;;;;;;;°C;;;;;1714122604;1713539321;2.32E+11;;Interval;EndOfRecord
RD;pH;4/26/2024;9:09:03 AM;Default;PHC301;SN 240462571090;Edited;Sample ID (29144);2.926;pH;21.6;°C;247.6;mV;;;;;;;;;;;;;;;OK;4/25/2024;12:22:34 PM;Default;Slope;-57.99;98;mV/pH;14.1;mV;0.9998;3;4;pH;187.6;mV;22.2;7.01;pH;11;mV;22;10.04;pH;-159.2;mV;22.5;;;;;;;;;;;;;;;;;;;;;°C;;;;;1714122543;1714047754;2.32E+11;;Interval;EndOfRecord
RD;CD;4/26/2024;9:09:03 AM;Default;CDC401;SN 231662582599;Edited;Sample ID (29144);41.5;mS/cm;21.6;°C;38.7;mS/cm;;;NaCl/Non-Linear;Reference Temperature = 25 °C;;;;;;;;;;;OK;4/19/2024;3:08:41 PM;Default;K;0.366;;cm⁻¹;;;;1;30000;µS/cm;28.4;mS/cm;22.2;;;;;;;;;;;;;;;;;;;;;;;;;;;;;;;°C;;;;;1714122543;1713539321;2.32E+11;;Interval;EndOfRecord
RD;pH;4/26/2024;9:08:03 AM;Default;PHC301;SN 240462571090;Edited;Sample ID (29143);2.926;pH;21.6;°C;247.5;mV;;;;;;;;;;;;;;;OK;4/25/2024;12:22:34 PM;Default;Slope;-57.99;98;mV/pH;14.1;mV;0.9998;3;4;pH;187.6;mV;22.2;7.01;pH;11;mV;22;10.04;pH;-159.2;mV;22.5;;;;;;;;;;;;;;;;;;;;;°C;;;;;1714122483;1714047754;2.32E+11;;Interval;EndOfRecord
RD;CD;4/26/2024;9:08:03 AM;Default;CDC401;SN 231662582599;Edited;Sample ID (29143);41.5;mS/cm;21.6;°C;38.7;mS/cm;;;NaCl/Non-Linear;Reference Temperature = 25 °C;;;;;;;;;;;OK;4/19/2024;3:08:41 PM;Default;K;0.366;;cm⁻¹;;;;1;30000;µS/cm;28.4;mS/cm;22.2;;;;;;;;;;;;;;;;;;;;;;;;;;;;;;;°C;;;;;1714122483;1713539321;2.32E+11;;Interval;EndOfRecord
RD;pH;4/26/2024;9:07:03 AM;Default;PHC301;SN 240462571090;Edited;Sample ID (29142);2.926;pH;21.6;°C;247.5;mV;;;;;;;;;;;;;;;OK;4/25/2024;12:22:34 PM;Default;Slope;-57.99;98;mV/pH;14.1;mV;0.9998;3;4;pH;187.6;mV;22.2;7.01;pH;11;mV;22;10.04;pH;-159.2;mV;22.5;;;;;;;;;;;;;;;;;;;;;°C;;;;;1714122423;1714047754;2.32E+11;;Interval;EndOfRecord
RD;CD;4/26/2024;9:07:03 AM;Default;CDC401;SN 231662582599;Edited;Sample ID (29142);41.5;mS/cm;21.6;°C;38.7;mS/cm;;;NaCl/Non-Linear;Reference Temperature = 25 °C;;;;;;;;;;;OK;4/19/2024;3:08:41 PM;Default;K;0.366;;cm⁻¹;;;;1;30000;µS/cm;28.4;mS/cm;22.2;;;;;;;;;;;;;;;;;;;;;;;;;;;;;;;°C;;;;;1714122423;1713539321;2.32E+11;;Interval;EndOfRecord
RD;pH;4/26/2024;9:06:04 AM;Default;PHC301;SN 240462571090;Edited;Sample ID (29141);2.928;pH;21.6;°C;247.5;mV;;;;;;;;;;;;;;;OK;4/25/2024;12:22:34 PM;Default;Slope;-57.99;98;mV/pH;14.1;mV;0.9998;3;4;pH;187.6;mV;22.2;7.01;pH;11;mV;22;10.04;pH;-159.2;mV;22.5;;;;;;;;;;;;;;;;;;;;;°C;;;;;1714122364;1714047754;2.32E+11;;Interval;EndOfRecord
RD;CD;4/26/2024;9:06:04 AM;Default;CDC401;SN 231662582599;Edited;Sample ID (29141);41.5;mS/cm;21.6;°C;38.7;mS/cm;;;NaCl/Non-Linear;Reference Temperature = 25 °C;;;;;;;;;;;OK;4/19/2024;3:08:41 PM;Default;K;0.366;;cm⁻¹;;;;1;30000;µS/cm;28.4;mS/cm;22.2;;;;;;;;;;;;;;;;;;;;;;;;;;;;;;;°C;;;;;1714122364;1713539321;2.32E+11;;Interval;EndOfRecord
RD;pH;4/26/2024;9:05:04 AM;Default;PHC301;SN 240462571090;Edited;Sample ID (29140);2.928;pH;21.6;°C;247.5;mV;;;;;;;;;;;;;;;OK;4/25/2024;12:22:34 PM;Default;Slope;-57.99;98;mV/pH;14.1;mV;0.9998;3;4;pH;187.6;mV;22.2;7.01;pH;11;mV;22;10.04;pH;-159.2;mV;22.5;;;;;;;;;;;;;;;;;;;;;°C;;;;;1714122304;1714047754;2.32E+11;;Interval;EndOfRecord
RD;CD;4/26/2024;9:05:04 AM;Default;CDC401;SN 231662582599;Edited;Sample ID (29140);41.4;mS/cm;21.6;°C;38.7;mS/cm;;;NaCl/Non-Linear;Reference Temperature = 25 °C;;;;;;;;;;;OK;4/19/2024;3:08:41 PM;Default;K;0.366;;cm⁻¹;;;;1;30000;µS/cm;28.4;mS/cm;22.2;;;;;;;;;;;;;;;;;;;;;;;;;;;;;;;°C;;;;;1714122304;1713539321;2.32E+11;;Interval;EndOfRecord
RD;pH;4/26/2024;9:04:04 AM;Default;PHC301;SN 240462571090;Edited;Sample ID (29139);2.928;pH;21.6;°C;247.5;mV;;;;;;;;;;;;;;;OK;4/25/2024;12:22:34 PM;Default;Slope;-57.99;98;mV/pH;14.1;mV;0.9998;3;4;pH;187.6;mV;22.2;7.01;pH;11;mV;22;10.04;pH;-159.2;mV;22.5;;;;;;;;;;;;;;;;;;;;;°C;;;;;1714122244;1714047754;2.32E+11;;Interval;EndOfRecord
RD;CD;4/26/2024;9:04:04 AM;Default;CDC401;SN 231662582599;Edited;Sample ID (29139);41.5;mS/cm;21.6;°C;38.7;mS/cm;;;NaCl/Non-Linear;Reference Temperature = 25 °C;;;;;;;;;;;OK;4/19/2024;3:08:41 PM;Default;K;0.366;;cm⁻¹;;;;1;30000;µS/cm;28.4;mS/cm;22.2;;;;;;;;;;;;;;;;;;;;;;;;;;;;;;;°C;;;;;1714122244;1713539321;2.32E+11;;Interval;EndOfRecord
RD;pH;4/26/2024;9:03:04 AM;Default;PHC301;SN 240462571090;Edited;Sample ID (29138);2.928;pH;21.6;°C;247.5;mV;;;;;;;;;;;;;;;OK;4/25/2024;12:22:34 PM;Default;Slope;-57.99;98;mV/pH;14.1;mV;0.9998;3;4;pH;187.6;mV;22.2;7.01;pH;11;mV;22;10.04;pH;-159.2;mV;22.5;;;;;;;;;;;;;;;;;;;;;°C;;;;;1714122184;1714047754;2.32E+11;;Interval;EndOfRecord
RD;CD;4/26/2024;9:03:04 AM;Default;CDC401;SN 231662582599;Edited;Sample ID (29138);41.5;mS/cm;21.6;°C;38.7;mS/cm;;;NaCl/Non-Linear;Reference Temperature = 25 °C;;;;;;;;;;;OK;4/19/2024;3:08:41 PM;Default;K;0.366;;cm⁻¹;;;;1;30000;µS/cm;28.4;mS/cm;22.2;;;;;;;;;;;;;;;;;;;;;;;;;;;;;;;°C;;;;;1714122184;1713539321;2.32E+11;;Interval;EndOfRecord
RD;pH;4/26/2024;9:02:03 AM;Default;PHC301;SN 240462571090;Edited;Sample ID (29137);2.928;pH;21.6;°C;247.5;mV;;;;;;;;;;;;;;;OK;4/25/2024;12:22:34 PM;Default;Slope;-57.99;98;mV/pH;14.1;mV;0.9998;3;4;pH;187.6;mV;22.2;7.01;pH;11;mV;22;10.04;pH;-159.2;mV;22.5;;;;;;;;;;;;;;;;;;;;;°C;;;;;1714122123;1714047754;2.32E+11;;Interval;EndOfRecord
RD;CD;4/26/2024;9:02:03 AM;Default;CDC401;SN 231662582599;Edited;Sample ID (29137);41.5;mS/cm;21.7;°C;38.8;mS/cm;;;NaCl/Non-Linear;Reference Temperature = 25 °C;;;;;;;;;;;OK;4/19/2024;3:08:41 PM;Default;K;0.366;;cm⁻¹;;;;1;30000;µS/cm;28.4;mS/cm;22.2;;;;;;;;;;;;;;;;;;;;;;;;;;;;;;;°C;;;;;1714122123;1713539321;2.32E+11;;Interval;EndOfRecord
RD;pH;4/26/2024;9:01:04 AM;Default;PHC301;SN 240462571090;Edited;Sample ID (29136);2.928;pH;21.6;°C;247.5;mV;;;;;;;;;;;;;;;OK;4/25/2024;12:22:34 PM;Default;Slope;-57.99;98;mV/pH;14.1;mV;0.9998;3;4;pH;187.6;mV;22.2;7.01;pH;11;mV;22;10.04;pH;-159.2;mV;22.5;;;;;;;;;;;;;;;;;;;;;°C;;;;;1714122064;1714047754;2.32E+11;;Interval;EndOfRecord
RD;CD;4/26/2024;9:01:04 AM;Default;CDC401;SN 231662582599;Edited;Sample ID (29136);41.5;mS/cm;21.7;°C;38.8;mS/cm;;;NaCl/Non-Linear;Reference Temperature = 25 °C;;;;;;;;;;;OK;4/19/2024;3:08:41 PM;Default;K;0.366;;cm⁻¹;;;;1;30000;µS/cm;28.4;mS/cm;22.2;;;;;;;;;;;;;;;;;;;;;;;;;;;;;;;°C;;;;;1714122064;1713539321;2.32E+11;;Interval;EndOfRecord
RD;pH;4/26/2024;9:00:05 AM;Default;PHC301;SN 240462571090;Edited;Sample ID (29135);2.929;pH;21.6;°C;247.5;mV;;;;;;;;;;;;;;;OK;4/25/2024;12:22:34 PM;Default;Slope;-57.99;98;mV/pH;14.1;mV;0.9998;3;4;pH;187.6;mV;22.2;7.01;pH;11;mV;22;10.04;pH;-159.2;mV;22.5;;;;;;;;;;;;;;;;;;;;;°C;;;;;1714122005;1714047754;2.32E+11;;Interval;EndOfRecord
RD;CD;4/26/2024;9:00:05 AM;Default;CDC401;SN 231662582599;Edited;Sample ID (29135);41.5;mS/cm;21.7;°C;38.8;mS/cm;;;NaCl/Non-Linear;Reference Temperature = 25 °C;;;;;;;;;;;OK;4/19/2024;3:08:41 PM;Default;K;0.366;;cm⁻¹;;;;1;30000;µS/cm;28.4;mS/cm;22.2;;;;;;;;;;;;;;;;;;;;;;;;;;;;;;;°C;;;;;1714122005;1713539321;2.32E+11;;Interval;EndOfRecord
RD;pH;4/26/2024;8:59:04 AM;Default;PHC301;SN 240462571090;Edited;Sample ID (29134);2.929;pH;21.7;°C;247.5;mV;;;;;;;;;;;;;;;OK;4/25/2024;12:22:34 PM;Default;Slope;-57.99;98;mV/pH;14.1;mV;0.9998;3;4;pH;187.6;mV;22.2;7.01;pH;11;mV;22;10.04;pH;-159.2;mV;22.5;;;;;;;;;;;;;;;;;;;;;°C;;;;;1714121944;1714047754;2.32E+11;;Interval;EndOfRecord
RD;CD;4/26/2024;8:59:04 AM;Default;CDC401;SN 231662582599;Edited;Sample ID (29134);41.5;mS/cm;21.7;°C;38.8;mS/cm;;;NaCl/Non-Linear;Reference Temperature = 25 °C;;;;;;;;;;;OK;4/19/2024;3:08:41 PM;Default;K;0.366;;cm⁻¹;;;;1;30000;µS/cm;28.4;mS/cm;22.2;;;;;;;;;;;;;;;;;;;;;;;;;;;;;;;°C;;;;;1714121944;1713539321;2.32E+11;;Interval;EndOfRecord
RD;pH;4/26/2024;8:58:03 AM;Default;PHC301;SN 240462571090;Edited;Sample ID (29133);2.929;pH;21.7;°C;247.5;mV;;;;;;;;;;;;;;;OK;4/25/2024;12:22:34 PM;Default;Slope;-57.99;98;mV/pH;14.1;mV;0.9998;3;4;pH;187.6;mV;22.2;7.01;pH;11;mV;22;10.04;pH;-159.2;mV;22.5;;;;;;;;;;;;;;;;;;;;;°C;;;;;1714121883;1714047754;2.32E+11;;Interval;EndOfRecord
RD;CD;4/26/2024;8:58:03 AM;Default;CDC401;SN 231662582599;Edited;Sample ID (29133);41.5;mS/cm;21.7;°C;38.8;mS/cm;;;NaCl/Non-Linear;Reference Temperature = 25 °C;;;;;;;;;;;OK;4/19/2024;3:08:41 PM;Default;K;0.366;;cm⁻¹;;;;1;30000;µS/cm;28.4;mS/cm;22.2;;;;;;;;;;;;;;;;;;;;;;;;;;;;;;;°C;;;;;1714121883;1713539321;2.32E+11;;Interval;EndOfRecord
RD;pH;4/26/2024;8:57:04 AM;Default;PHC301;SN 240462571090;Edited;Sample ID (29132);2.929;pH;21.7;°C;247.5;mV;;;;;;;;;;;;;;;OK;4/25/2024;12:22:34 PM;Default;Slope;-57.99;98;mV/pH;14.1;mV;0.9998;3;4;pH;187.6;mV;22.2;7.01;pH;11;mV;22;10.04;pH;-159.2;mV;22.5;;;;;;;;;;;;;;;;;;;;;°C;;;;;1714121824;1714047754;2.32E+11;;Interval;EndOfRecord
RD;CD;4/26/2024;8:57:04 AM;Default;CDC401;SN 231662582599;Edited;Sample ID (29132);41.5;mS/cm;21.7;°C;38.8;mS/cm;;;NaCl/Non-Linear;Reference Temperature = 25 °C;;;;;;;;;;;OK;4/19/2024;3:08:41 PM;Default;K;0.366;;cm⁻¹;;;;1;30000;µS/cm;28.4;mS/cm;22.2;;;;;;;;;;;;;;;;;;;;;;;;;;;;;;;°C;;;;;1714121824;1713539321;2.32E+11;;Interval;EndOfRecord
RD;pH;4/26/2024;8:56:03 AM;Default;PHC301;SN 240462571090;Edited;Sample ID (29131);2.929;pH;21.7;°C;247.5;mV;;;;;;;;;;;;;;;OK;4/25/2024;12:22:34 PM;Default;Slope;-57.99;98;mV/pH;14.1;mV;0.9998;3;4;pH;187.6;mV;22.2;7.01;pH;11;mV;22;10.04;pH;-159.2;mV;22.5;;;;;;;;;;;;;;;;;;;;;°C;;;;;1714121763;1714047754;2.32E+11;;Interval;EndOfRecord
RD;CD;4/26/2024;8:56:03 AM;Default;CDC401;SN 231662582599;Edited;Sample ID (29131);41.6;mS/cm;21.7;°C;38.9;mS/cm;;;NaCl/Non-Linear;Reference Temperature = 25 °C;;;;;;;;;;;OK;4/19/2024;3:08:41 PM;Default;K;0.366;;cm⁻¹;;;;1;30000;µS/cm;28.4;mS/cm;22.2;;;;;;;;;;;;;;;;;;;;;;;;;;;;;;;°C;;;;;1714121763;1713539321;2.32E+11;;Interval;EndOfRecord
RD;pH;4/26/2024;8:55:04 AM;Default;PHC301;SN 240462571090;Edited;Sample ID (29130);2.929;pH;21.7;°C;247.5;mV;;;;;;;;;;;;;;;OK;4/25/2024;12:22:34 PM;Default;Slope;-57.99;98;mV/pH;14.1;mV;0.9998;3;4;pH;187.6;mV;22.2;7.01;pH;11;mV;22;10.04;pH;-159.2;mV;22.5;;;;;;;;;;;;;;;;;;;;;°C;;;;;1714121704;1714047754;2.32E+11;;Interval;EndOfRecord
RD;CD;4/26/2024;8:55:04 AM;Default;CDC401;SN 231662582599;Edited;Sample ID (29130);41.5;mS/cm;21.7;°C;38.8;mS/cm;;;NaCl/Non-Linear;Reference Temperature = 25 °C;;;;;;;;;;;OK;4/19/2024;3:08:41 PM;Default;K;0.366;;cm⁻¹;;;;1;30000;µS/cm;28.4;mS/cm;22.2;;;;;;;;;;;;;;;;;;;;;;;;;;;;;;;°C;;;;;1714121704;1713539321;2.32E+11;;Interval;EndOfRecord
RD;pH;4/26/2024;8:54:05 AM;Default;PHC301;SN 240462571090;Edited;Sample ID (29129);2.931;pH;21.7;°C;247.4;mV;;;;;;;;;;;;;;;OK;4/25/2024;12:22:34 PM;Default;Slope;-57.99;98;mV/pH;14.1;mV;0.9998;3;4;pH;187.6;mV;22.2;7.01;pH;11;mV;22;10.04;pH;-159.2;mV;22.5;;;;;;;;;;;;;;;;;;;;;°C;;;;;1714121645;1714047754;2.32E+11;;Interval;EndOfRecord
RD;CD;4/26/2024;8:54:05 AM;Default;CDC401;SN 231662582599;Edited;Sample ID (29129);41.5;mS/cm;21.8;°C;38.9;mS/cm;;;NaCl/Non-Linear;Reference Temperature = 25 °C;;;;;;;;;;;OK;4/19/2024;3:08:41 PM;Default;K;0.366;;cm⁻¹;;;;1;30000;µS/cm;28.4;mS/cm;22.2;;;;;;;;;;;;;;;;;;;;;;;;;;;;;;;°C;;;;;1714121645;1713539321;2.32E+11;;Interval;EndOfRecord
RD;pH;4/26/2024;8:53:04 AM;Default;PHC301;SN 240462571090;Edited;Sample ID (29128);2.931;pH;21.7;°C;247.4;mV;;;;;;;;;;;;;;;OK;4/25/2024;12:22:34 PM;Default;Slope;-57.99;98;mV/pH;14.1;mV;0.9998;3;4;pH;187.6;mV;22.2;7.01;pH;11;mV;22;10.04;pH;-159.2;mV;22.5;;;;;;;;;;;;;;;;;;;;;°C;;;;;1714121584;1714047754;2.32E+11;;Interval;EndOfRecord
RD;CD;4/26/2024;8:53:04 AM;Default;CDC401;SN 231662582599;Edited;Sample ID (29128);41.6;mS/cm;21.8;°C;38.9;mS/cm;;;NaCl/Non-Linear;Reference Temperature = 25 °C;;;;;;;;;;;OK;4/19/2024;3:08:41 PM;Default;K;0.366;;cm⁻¹;;;;1;30000;µS/cm;28.4;mS/cm;22.2;;;;;;;;;;;;;;;;;;;;;;;;;;;;;;;°C;;;;;1714121584;1713539321;2.32E+11;;Interval;EndOfRecord
RD;pH;4/26/2024;8:52:03 AM;Default;PHC301;SN 240462571090;Edited;Sample ID (29127);2.931;pH;21.7;°C;247.4;mV;;;;;;;;;;;;;;;OK;4/25/2024;12:22:34 PM;Default;Slope;-57.99;98;mV/pH;14.1;mV;0.9998;3;4;pH;187.6;mV;22.2;7.01;pH;11;mV;22;10.04;pH;-159.2;mV;22.5;;;;;;;;;;;;;;;;;;;;;°C;;;;;1714121523;1714047754;2.32E+11;;Interval;EndOfRecord
RD;CD;4/26/2024;8:52:03 AM;Default;CDC401;SN 231662582599;Edited;Sample ID (29127);41.6;mS/cm;21.8;°C;39;mS/cm;;;NaCl/Non-Linear;Reference Temperature = 25 °C;;;;;;;;;;;OK;4/19/2024;3:08:41 PM;Default;K;0.366;;cm⁻¹;;;;1;30000;µS/cm;28.4;mS/cm;22.2;;;;;;;;;;;;;;;;;;;;;;;;;;;;;;;°C;;;;;1714121523;1713539321;2.32E+11;;Interval;EndOfRecord
RD;pH;4/26/2024;8:51:03 AM;Default;PHC301;SN 240462571090;Edited;Sample ID (29126);2.931;pH;21.8;°C;247.4;mV;;;;;;;;;;;;;;;OK;4/25/2024;12:22:34 PM;Default;Slope;-57.99;98;mV/pH;14.1;mV;0.9998;3;4;pH;187.6;mV;22.2;7.01;pH;11;mV;22;10.04;pH;-159.2;mV;22.5;;;;;;;;;;;;;;;;;;;;;°C;;;;;1714121463;1714047754;2.32E+11;;Interval;EndOfRecord
RD;CD;4/26/2024;8:51:03 AM;Default;CDC401;SN 231662582599;Edited;Sample ID (29126);41.6;mS/cm;21.8;°C;39;mS/cm;;;NaCl/Non-Linear;Reference Temperature = 25 °C;;;;;;;;;;;OK;4/19/2024;3:08:41 PM;Default;K;0.366;;cm⁻¹;;;;1;30000;µS/cm;28.4;mS/cm;22.2;;;;;;;;;;;;;;;;;;;;;;;;;;;;;;;°C;;;;;1714121463;1713539321;2.32E+11;;Interval;EndOfRecord
RD;pH;4/26/2024;8:50:03 AM;Default;PHC301;SN 240462571090;Edited;Sample ID (29125);2.932;pH;21.8;°C;247.4;mV;;;;;;;;;;;;;;;OK;4/25/2024;12:22:34 PM;Default;Slope;-57.99;98;mV/pH;14.1;mV;0.9998;3;4;pH;187.6;mV;22.2;7.01;pH;11;mV;22;10.04;pH;-159.2;mV;22.5;;;;;;;;;;;;;;;;;;;;;°C;;;;;1714121403;1714047754;2.32E+11;;Interval;EndOfRecord
RD;CD;4/26/2024;8:50:03 AM;Default;CDC401;SN 231662582599;Edited;Sample ID (29125);41.6;mS/cm;21.8;°C;39;mS/cm;;;NaCl/Non-Linear;Reference Temperature = 25 °C;;;;;;;;;;;OK;4/19/2024;3:08:41 PM;Default;K;0.366;;cm⁻¹;;;;1;30000;µS/cm;28.4;mS/cm;22.2;;;;;;;;;;;;;;;;;;;;;;;;;;;;;;;°C;;;;;1714121403;1713539321;2.32E+11;;Interval;EndOfRecord
RD;pH;4/26/2024;8:49:04 AM;Default;PHC301;SN 240462571090;Edited;Sample ID (29124);2.932;pH;21.8;°C;247.4;mV;;;;;;;;;;;;;;;OK;4/25/2024;12:22:34 PM;Default;Slope;-57.99;98;mV/pH;14.1;mV;0.9998;3;4;pH;187.6;mV;22.2;7.01;pH;11;mV;22;10.04;pH;-159.2;mV;22.5;;;;;;;;;;;;;;;;;;;;;°C;;;;;1714121344;1714047754;2.32E+11;;Interval;EndOfRecord
RD;CD;4/26/2024;8:49:04 AM;Default;CDC401;SN 231662582599;Edited;Sample ID (29124);41.6;mS/cm;21.8;°C;39;mS/cm;;;NaCl/Non-Linear;Reference Temperature = 25 °C;;;;;;;;;;;OK;4/19/2024;3:08:41 PM;Default;K;0.366;;cm⁻¹;;;;1;30000;µS/cm;28.4;mS/cm;22.2;;;;;;;;;;;;;;;;;;;;;;;;;;;;;;;°C;;;;;1714121344;1713539321;2.32E+11;;Interval;EndOfRecord
RD;pH;4/26/2024;8:48:04 AM;Default;PHC301;SN 240462571090;Edited;Sample ID (29123);2.933;pH;21.8;°C;247.4;mV;;;;;;;;;;;;;;;OK;4/25/2024;12:22:34 PM;Default;Slope;-57.99;98;mV/pH;14.1;mV;0.9998;3;4;pH;187.6;mV;22.2;7.01;pH;11;mV;22;10.04;pH;-159.2;mV;22.5;;;;;;;;;;;;;;;;;;;;;°C;;;;;1714121284;1714047754;2.32E+11;;Interval;EndOfRecord
RD;CD;4/26/2024;8:48:04 AM;Default;CDC401;SN 231662582599;Edited;Sample ID (29123);41.5;mS/cm;21.8;°C;38.9;mS/cm;;;NaCl/Non-Linear;Reference Temperature = 25 °C;;;;;;;;;;;OK;4/19/2024;3:08:41 PM;Default;K;0.366;;cm⁻¹;;;;1;30000;µS/cm;28.4;mS/cm;22.2;;;;;;;;;;;;;;;;;;;;;;;;;;;;;;;°C;;;;;1714121284;1713539321;2.32E+11;;Interval;EndOfRecord
RD;pH;4/26/2024;8:47:04 AM;Default;PHC301;SN 240462571090;Edited;Sample ID (29122);2.933;pH;21.8;°C;247.4;mV;;;;;;;;;;;;;;;OK;4/25/2024;12:22:34 PM;Default;Slope;-57.99;98;mV/pH;14.1;mV;0.9998;3;4;pH;187.6;mV;22.2;7.01;pH;11;mV;22;10.04;pH;-159.2;mV;22.5;;;;;;;;;;;;;;;;;;;;;°C;;;;;1714121224;1714047754;2.32E+11;;Interval;EndOfRecord
RD;CD;4/26/2024;8:47:04 AM;Default;CDC401;SN 231662582599;Edited;Sample ID (29122);41.5;mS/cm;21.9;°C;39;mS/cm;;;NaCl/Non-Linear;Reference Temperature = 25 °C;;;;;;;;;;;OK;4/19/2024;3:08:41 PM;Default;K;0.366;;cm⁻¹;;;;1;30000;µS/cm;28.4;mS/cm;22.2;;;;;;;;;;;;;;;;;;;;;;;;;;;;;;;°C;;;;;1714121224;1713539321;2.32E+11;;Interval;EndOfRecord
RD;pH;4/26/2024;8:46:04 AM;Default;PHC301;SN 240462571090;Edited;Sample ID (29121);2.933;pH;21.8;°C;247.4;mV;;;;;;;;;;;;;;;OK;4/25/2024;12:22:34 PM;Default;Slope;-57.99;98;mV/pH;14.1;mV;0.9998;3;4;pH;187.6;mV;22.2;7.01;pH;11;mV;22;10.04;pH;-159.2;mV;22.5;;;;;;;;;;;;;;;;;;;;;°C;;;;;1714121164;1714047754;2.32E+11;;Interval;EndOfRecord
RD;CD;4/26/2024;8:46:04 AM;Default;CDC401;SN 231662582599;Edited;Sample ID (29121);41.5;mS/cm;21.9;°C;39;mS/cm;;;NaCl/Non-Linear;Reference Temperature = 25 °C;;;;;;;;;;;OK;4/19/2024;3:08:41 PM;Default;K;0.366;;cm⁻¹;;;;1;30000;µS/cm;28.4;mS/cm;22.2;;;;;;;;;;;;;;;;;;;;;;;;;;;;;;;°C;;;;;1714121164;1713539321;2.32E+11;;Interval;EndOfRecord
RD;pH;4/26/2024;8:45:04 AM;Default;PHC301;SN 240462571090;Edited;Sample ID (29120);2.933;pH;21.8;°C;247.4;mV;;;;;;;;;;;;;;;OK;4/25/2024;12:22:34 PM;Default;Slope;-57.99;98;mV/pH;14.1;mV;0.9998;3;4;pH;187.6;mV;22.2;7.01;pH;11;mV;22;10.04;pH;-159.2;mV;22.5;;;;;;;;;;;;;;;;;;;;;°C;;;;;1714121104;1714047754;2.32E+11;;Interval;EndOfRecord
RD;CD;4/26/2024;8:45:04 AM;Default;CDC401;SN 231662582599;Edited;Sample ID (29120);41.5;mS/cm;21.9;°C;39;mS/cm;;;NaCl/Non-Linear;Reference Temperature = 25 °C;;;;;;;;;;;OK;4/19/2024;3:08:41 PM;Default;K;0.366;;cm⁻¹;;;;1;30000;µS/cm;28.4;mS/cm;22.2;;;;;;;;;;;;;;;;;;;;;;;;;;;;;;;°C;;;;;1714121104;1713539321;2.32E+11;;Interval;EndOfRecord
RD;pH;4/26/2024;8:44:03 AM;Default;PHC301;SN 240462571090;Edited;Sample ID (29119);2.934;pH;21.9;°C;247.4;mV;;;;;;;;;;;;;;;OK;4/25/2024;12:22:34 PM;Default;Slope;-57.99;98;mV/pH;14.1;mV;0.9998;3;4;pH;187.6;mV;22.2;7.01;pH;11;mV;22;10.04;pH;-159.2;mV;22.5;;;;;;;;;;;;;;;;;;;;;°C;;;;;1714121043;1714047754;2.32E+11;;Interval;EndOfRecord
RD;CD;4/26/2024;8:44:03 AM;Default;CDC401;SN 231662582599;Edited;Sample ID (29119);41.6;mS/cm;21.9;°C;39;mS/cm;;;NaCl/Non-Linear;Reference Temperature = 25 °C;;;;;;;;;;;OK;4/19/2024;3:08:41 PM;Default;K;0.366;;cm⁻¹;;;;1;30000;µS/cm;28.4;mS/cm;22.2;;;;;;;;;;;;;;;;;;;;;;;;;;;;;;;°C;;;;;1714121043;1713539321;2.32E+11;;Interval;EndOfRecord
RD;pH;4/26/2024;8:43:03 AM;Default;PHC301;SN 240462571090;Edited;Sample ID (29118);2.934;pH;21.9;°C;247.4;mV;;;;;;;;;;;;;;;OK;4/25/2024;12:22:34 PM;Default;Slope;-57.99;98;mV/pH;14.1;mV;0.9998;3;4;pH;187.6;mV;22.2;7.01;pH;11;mV;22;10.04;pH;-159.2;mV;22.5;;;;;;;;;;;;;;;;;;;;;°C;;;;;1714120983;1714047754;2.32E+11;;Interval;EndOfRecord
RD;CD;4/26/2024;8:43:03 AM;Default;CDC401;SN 231662582599;Edited;Sample ID (29118);41.6;mS/cm;21.9;°C;39;mS/cm;;;NaCl/Non-Linear;Reference Temperature = 25 °C;;;;;;;;;;;OK;4/19/2024;3:08:41 PM;Default;K;0.366;;cm⁻¹;;;;1;30000;µS/cm;28.4;mS/cm;22.2;;;;;;;;;;;;;;;;;;;;;;;;;;;;;;;°C;;;;;1714120983;1713539321;2.32E+11;;Interval;EndOfRecord
RD;pH;4/26/2024;8:42:03 AM;Default;PHC301;SN 240462571090;Edited;Sample ID (29117);2.934;pH;21.9;°C;247.4;mV;;;;;;;;;;;;;;;OK;4/25/2024;12:22:34 PM;Default;Slope;-57.99;98;mV/pH;14.1;mV;0.9998;3;4;pH;187.6;mV;22.2;7.01;pH;11;mV;22;10.04;pH;-159.2;mV;22.5;;;;;;;;;;;;;;;;;;;;;°C;;;;;1714120923;1714047754;2.32E+11;;Interval;EndOfRecord
RD;CD;4/26/2024;8:42:03 AM;Default;CDC401;SN 231662582599;Edited;Sample ID (29117);41.6;mS/cm;21.9;°C;39.1;mS/cm;;;NaCl/Non-Linear;Reference Temperature = 25 °C;;;;;;;;;;;OK;4/19/2024;3:08:41 PM;Default;K;0.366;;cm⁻¹;;;;1;30000;µS/cm;28.4;mS/cm;22.2;;;;;;;;;;;;;;;;;;;;;;;;;;;;;;;°C;;;;;1714120923;1713539321;2.32E+11;;Interval;EndOfRecord
RD;pH;4/26/2024;8:41:04 AM;Default;PHC301;SN 240462571090;Edited;Sample ID (29116);2.934;pH;21.9;°C;247.4;mV;;;;;;;;;;;;;;;OK;4/25/2024;12:22:34 PM;Default;Slope;-57.99;98;mV/pH;14.1;mV;0.9998;3;4;pH;187.6;mV;22.2;7.01;pH;11;mV;22;10.04;pH;-159.2;mV;22.5;;;;;;;;;;;;;;;;;;;;;°C;;;;;1714120864;1714047754;2.32E+11;;Interval;EndOfRecord
RD;CD;4/26/2024;8:41:04 AM;Default;CDC401;SN 231662582599;Edited;Sample ID (29116);41.5;mS/cm;21.9;°C;39.1;mS/cm;;;NaCl/Non-Linear;Reference Temperature = 25 °C;;;;;;;;;;;OK;4/19/2024;3:08:41 PM;Default;K;0.366;;cm⁻¹;;;;1;30000;µS/cm;28.4;mS/cm;22.2;;;;;;;;;;;;;;;;;;;;;;;;;;;;;;;°C;;;;;1714120864;1713539321;2.32E+11;;Interval;EndOfRecord
RD;pH;4/26/2024;8:40:04 AM;Default;PHC301;SN 240462571090;Edited;Sample ID (29115);2.936;pH;21.9;°C;247.3;mV;;;;;;;;;;;;;;;OK;4/25/2024;12:22:34 PM;Default;Slope;-57.99;98;mV/pH;14.1;mV;0.9998;3;4;pH;187.6;mV;22.2;7.01;pH;11;mV;22;10.04;pH;-159.2;mV;22.5;;;;;;;;;;;;;;;;;;;;;°C;;;;;1714120804;1714047754;2.32E+11;;Interval;EndOfRecord
RD;CD;4/26/2024;8:40:04 AM;Default;CDC401;SN 231662582599;Edited;Sample ID (29115);41.6;mS/cm;22;°C;39.1;mS/cm;;;NaCl/Non-Linear;Reference Temperature = 25 °C;;;;;;;;;;;OK;4/19/2024;3:08:41 PM;Default;K;0.366;;cm⁻¹;;;;1;30000;µS/cm;28.4;mS/cm;22.2;;;;;;;;;;;;;;;;;;;;;;;;;;;;;;;°C;;;;;1714120804;1713539321;2.32E+11;;Interval;EndOfRecord
RD;pH;4/26/2024;8:39:03 AM;Default;PHC301;SN 240462571090;Edited;Sample ID (29114);2.936;pH;21.9;°C;247.3;mV;;;;;;;;;;;;;;;OK;4/25/2024;12:22:34 PM;Default;Slope;-57.99;98;mV/pH;14.1;mV;0.9998;3;4;pH;187.6;mV;22.2;7.01;pH;11;mV;22;10.04;pH;-159.2;mV;22.5;;;;;;;;;;;;;;;;;;;;;°C;;;;;1714120743;1714047754;2.32E+11;;Interval;EndOfRecord
RD;CD;4/26/2024;8:39:03 AM;Default;CDC401;SN 231662582599;Edited;Sample ID (29114);41.6;mS/cm;22;°C;39.1;mS/cm;;;NaCl/Non-Linear;Reference Temperature = 25 °C;;;;;;;;;;;OK;4/19/2024;3:08:41 PM;Default;K;0.366;;cm⁻¹;;;;1;30000;µS/cm;28.4;mS/cm;22.2;;;;;;;;;;;;;;;;;;;;;;;;;;;;;;;°C;;;;;1714120743;1713539321;2.32E+11;;Interval;EndOfRecord
RD;pH;4/26/2024;8:38:03 AM;Default;PHC301;SN 240462571090;Edited;Sample ID (29113);2.936;pH;22;°C;247.3;mV;;;;;;;;;;;;;;;OK;4/25/2024;12:22:34 PM;Default;Slope;-57.99;98;mV/pH;14.1;mV;0.9998;3;4;pH;187.6;mV;22.2;7.01;pH;11;mV;22;10.04;pH;-159.2;mV;22.5;;;;;;;;;;;;;;;;;;;;;°C;;;;;1714120683;1714047754;2.32E+11;;Interval;EndOfRecord
RD;CD;4/26/2024;8:38:03 AM;Default;CDC401;SN 231662582599;Edited;Sample ID (29113);41.6;mS/cm;22;°C;39.1;mS/cm;;;NaCl/Non-Linear;Reference Temperature = 25 °C;;;;;;;;;;;OK;4/19/2024;3:08:41 PM;Default;K;0.366;;cm⁻¹;;;;1;30000;µS/cm;28.4;mS/cm;22.2;;;;;;;;;;;;;;;;;;;;;;;;;;;;;;;°C;;;;;1714120683;1713539321;2.32E+11;;Interval;EndOfRecord
RD;pH;4/26/2024;8:37:03 AM;Default;PHC301;SN 240462571090;Edited;Sample ID (29112);2.937;pH;22;°C;247.3;mV;;;;;;;;;;;;;;;OK;4/25/2024;12:22:34 PM;Default;Slope;-57.99;98;mV/pH;14.1;mV;0.9998;3;4;pH;187.6;mV;22.2;7.01;pH;11;mV;22;10.04;pH;-159.2;mV;22.5;;;;;;;;;;;;;;;;;;;;;°C;;;;;1714120623;1714047754;2.32E+11;;Interval;EndOfRecord
RD;CD;4/26/2024;8:37:03 AM;Default;CDC401;SN 231662582599;Edited;Sample ID (29112);41.6;mS/cm;22;°C;39.1;mS/cm;;;NaCl/Non-Linear;Reference Temperature = 25 °C;;;;;;;;;;;OK;4/19/2024;3:08:41 PM;Default;K;0.366;;cm⁻¹;;;;1;30000;µS/cm;28.4;mS/cm;22.2;;;;;;;;;;;;;;;;;;;;;;;;;;;;;;;°C;;;;;1714120623;1713539321;2.32E+11;;Interval;EndOfRecord
RD;pH;4/26/2024;8:36:03 AM;Default;PHC301;SN 240462571090;Edited;Sample ID (29111);2.937;pH;22;°C;247.3;mV;;;;;;;;;;;;;;;OK;4/25/2024;12:22:34 PM;Default;Slope;-57.99;98;mV/pH;14.1;mV;0.9998;3;4;pH;187.6;mV;22.2;7.01;pH;11;mV;22;10.04;pH;-159.2;mV;22.5;;;;;;;;;;;;;;;;;;;;;°C;;;;;1714120563;1714047754;2.32E+11;;Interval;EndOfRecord
RD;CD;4/26/2024;8:36:03 AM;Default;CDC401;SN 231662582599;Edited;Sample ID (29111);41.6;mS/cm;22;°C;39.2;mS/cm;;;NaCl/Non-Linear;Reference Temperature = 25 °C;;;;;;;;;;;OK;4/19/2024;3:08:41 PM;Default;K;0.366;;cm⁻¹;;;;1;30000;µS/cm;28.4;mS/cm;22.2;;;;;;;;;;;;;;;;;;;;;;;;;;;;;;;°C;;;;;1714120563;1713539321;2.32E+11;;Interval;EndOfRecord
RD;pH;4/26/2024;8:35:04 AM;Default;PHC301;SN 240462571090;Edited;Sample ID (29110);2.937;pH;22;°C;247.3;mV;;;;;;;;;;;;;;;OK;4/25/2024;12:22:34 PM;Default;Slope;-57.99;98;mV/pH;14.1;mV;0.9998;3;4;pH;187.6;mV;22.2;7.01;pH;11;mV;22;10.04;pH;-159.2;mV;22.5;;;;;;;;;;;;;;;;;;;;;°C;;;;;1714120504;1714047754;2.32E+11;;Interval;EndOfRecord
RD;CD;4/26/2024;8:35:04 AM;Default;CDC401;SN 231662582599;Edited;Sample ID (29110);41.5;mS/cm;22.1;°C;39.1;mS/cm;;;NaCl/Non-Linear;Reference Temperature = 25 °C;;;;;;;;;;;OK;4/19/2024;3:08:41 PM;Default;K;0.366;;cm⁻¹;;;;1;30000;µS/cm;28.4;mS/cm;22.2;;;;;;;;;;;;;;;;;;;;;;;;;;;;;;;°C;;;;;1714120504;1713539321;2.32E+11;;Interval;EndOfRecord
RD;pH;4/26/2024;8:34:05 AM;Default;PHC301;SN 240462571090;Edited;Sample ID (29109);2.937;pH;22;°C;247.3;mV;;;;;;;;;;;;;;;OK;4/25/2024;12:22:34 PM;Default;Slope;-57.99;98;mV/pH;14.1;mV;0.9998;3;4;pH;187.6;mV;22.2;7.01;pH;11;mV;22;10.04;pH;-159.2;mV;22.5;;;;;;;;;;;;;;;;;;;;;°C;;;;;1714120445;1714047754;2.32E+11;;Interval;EndOfRecord
RD;CD;4/26/2024;8:34:05 AM;Default;CDC401;SN 231662582599;Edited;Sample ID (29109);41.5;mS/cm;22.1;°C;39.1;mS/cm;;;NaCl/Non-Linear;Reference Temperature = 25 °C;;;;;;;;;;;OK;4/19/2024;3:08:41 PM;Default;K;0.366;;cm⁻¹;;;;1;30000;µS/cm;28.4;mS/cm;22.2;;;;;;;;;;;;;;;;;;;;;;;;;;;;;;;°C;;;;;1714120445;1713539321;2.32E+11;;Interval;EndOfRecord
RD;pH;4/26/2024;8:33:04 AM;Default;PHC301;SN 240462571090;Edited;Sample ID (29108);2.937;pH;22;°C;247.3;mV;;;;;;;;;;;;;;;OK;4/25/2024;12:22:34 PM;Default;Slope;-57.99;98;mV/pH;14.1;mV;0.9998;3;4;pH;187.6;mV;22.2;7.01;pH;11;mV;22;10.04;pH;-159.2;mV;22.5;;;;;;;;;;;;;;;;;;;;;°C;;;;;1714120384;1714047754;2.32E+11;;Interval;EndOfRecord
RD;CD;4/26/2024;8:33:04 AM;Default;CDC401;SN 231662582599;Edited;Sample ID (29108);41.5;mS/cm;22.1;°C;39.2;mS/cm;;;NaCl/Non-Linear;Reference Temperature = 25 °C;;;;;;;;;;;OK;4/19/2024;3:08:41 PM;Default;K;0.366;;cm⁻¹;;;;1;30000;µS/cm;28.4;mS/cm;22.2;;;;;;;;;;;;;;;;;;;;;;;;;;;;;;;°C;;;;;1714120384;1713539321;2.32E+11;;Interval;EndOfRecord
RD;pH;4/26/2024;8:32:04 AM;Default;PHC301;SN 240462571090;Edited;Sample ID (29107);2.939;pH;22.1;°C;247.3;mV;;;;;;;;;;;;;;;OK;4/25/2024;12:22:34 PM;Default;Slope;-57.99;98;mV/pH;14.1;mV;0.9998;3;4;pH;187.6;mV;22.2;7.01;pH;11;mV;22;10.04;pH;-159.2;mV;22.5;;;;;;;;;;;;;;;;;;;;;°C;;;;;1714120324;1714047754;2.32E+11;;Interval;EndOfRecord
RD;CD;4/26/2024;8:32:04 AM;Default;CDC401;SN 231662582599;Edited;Sample ID (29107);41.5;mS/cm;22.1;°C;39.2;mS/cm;;;NaCl/Non-Linear;Reference Temperature = 25 °C;;;;;;;;;;;OK;4/19/2024;3:08:41 PM;Default;K;0.366;;cm⁻¹;;;;1;30000;µS/cm;28.4;mS/cm;22.2;;;;;;;;;;;;;;;;;;;;;;;;;;;;;;;°C;;;;;1714120324;1713539321;2.32E+11;;Interval;EndOfRecord
RD;pH;4/26/2024;8:31:03 AM;Default;PHC301;SN 240462571090;Edited;Sample ID (29106);2.939;pH;22.1;°C;247.3;mV;;;;;;;;;;;;;;;OK;4/25/2024;12:22:34 PM;Default;Slope;-57.99;98;mV/pH;14.1;mV;0.9998;3;4;pH;187.6;mV;22.2;7.01;pH;11;mV;22;10.04;pH;-159.2;mV;22.5;;;;;;;;;;;;;;;;;;;;;°C;;;;;1714120263;1714047754;2.32E+11;;Interval;EndOfRecord
RD;CD;4/26/2024;8:31:03 AM;Default;CDC401;SN 231662582599;Edited;Sample ID (29106);41.6;mS/cm;22.2;°C;39.2;mS/cm;;;NaCl/Non-Linear;Reference Temperature = 25 °C;;;;;;;;;;;OK;4/19/2024;3:08:41 PM;Default;K;0.366;;cm⁻¹;;;;1;30000;µS/cm;28.4;mS/cm;22.2;;;;;;;;;;;;;;;;;;;;;;;;;;;;;;;°C;;;;;1714120263;1713539321;2.32E+11;;Interval;EndOfRecord
RD;pH;4/26/2024;8:30:03 AM;Default;PHC301;SN 240462571090;Edited;Sample ID (29105);2.939;pH;22.1;°C;247.3;mV;;;;;;;;;;;;;;;OK;4/25/2024;12:22:34 PM;Default;Slope;-57.99;98;mV/pH;14.1;mV;0.9998;3;4;pH;187.6;mV;22.2;7.01;pH;11;mV;22;10.04;pH;-159.2;mV;22.5;;;;;;;;;;;;;;;;;;;;;°C;;;;;1714120203;1714047754;2.32E+11;;Interval;EndOfRecord
RD;CD;4/26/2024;8:30:03 AM;Default;CDC401;SN 231662582599;Edited;Sample ID (29105);41.6;mS/cm;22.2;°C;39.3;mS/cm;;;NaCl/Non-Linear;Reference Temperature = 25 °C;;;;;;;;;;;OK;4/19/2024;3:08:41 PM;Default;K;0.366;;cm⁻¹;;;;1;30000;µS/cm;28.4;mS/cm;22.2;;;;;;;;;;;;;;;;;;;;;;;;;;;;;;;°C;;;;;1714120203;1713539321;2.32E+11;;Interval;EndOfRecord
RD;pH;4/26/2024;8:29:03 AM;Default;PHC301;SN 240462571090;Edited;Sample ID (29104);2.94;pH;22.1;°C;247.3;mV;;;;;;;;;;;;;;;OK;4/25/2024;12:22:34 PM;Default;Slope;-57.99;98;mV/pH;14.1;mV;0.9998;3;4;pH;187.6;mV;22.2;7.01;pH;11;mV;22;10.04;pH;-159.2;mV;22.5;;;;;;;;;;;;;;;;;;;;;°C;;;;;1714120143;1714047754;2.32E+11;;Interval;EndOfRecord
RD;CD;4/26/2024;8:29:03 AM;Default;CDC401;SN 231662582599;Edited;Sample ID (29104);41.6;mS/cm;22.2;°C;39.3;mS/cm;;;NaCl/Non-Linear;Reference Temperature = 25 °C;;;;;;;;;;;OK;4/19/2024;3:08:41 PM;Default;K;0.366;;cm⁻¹;;;;1;30000;µS/cm;28.4;mS/cm;22.2;;;;;;;;;;;;;;;;;;;;;;;;;;;;;;;°C;;;;;1714120143;1713539321;2.32E+11;;Interval;EndOfRecord
RD;pH;4/26/2024;8:28:04 AM;Default;PHC301;SN 240462571090;Edited;Sample ID (29103);2.94;pH;22.1;°C;247.3;mV;;;;;;;;;;;;;;;OK;4/25/2024;12:22:34 PM;Default;Slope;-57.99;98;mV/pH;14.1;mV;0.9998;3;4;pH;187.6;mV;22.2;7.01;pH;11;mV;22;10.04;pH;-159.2;mV;22.5;;;;;;;;;;;;;;;;;;;;;°C;;;;;1714120084;1714047754;2.32E+11;;Interval;EndOfRecord
RD;CD;4/26/2024;8:28:04 AM;Default;CDC401;SN 231662582599;Edited;Sample ID (29103);41.6;mS/cm;22.2;°C;39.3;mS/cm;;;NaCl/Non-Linear;Reference Temperature = 25 °C;;;;;;;;;;;OK;4/19/2024;3:08:41 PM;Default;K;0.366;;cm⁻¹;;;;1;30000;µS/cm;28.4;mS/cm;22.2;;;;;;;;;;;;;;;;;;;;;;;;;;;;;;;°C;;;;;1714120084;1713539321;2.32E+11;;Interval;EndOfRecord
RD;pH;4/26/2024;8:27:03 AM;Default;PHC301;SN 240462571090;Edited;Sample ID (29102);2.942;pH;22.2;°C;247.1;mV;;;;;;;;;;;;;;;OK;4/25/2024;12:22:34 PM;Default;Slope;-57.99;98;mV/pH;14.1;mV;0.9998;3;4;pH;187.6;mV;22.2;7.01;pH;11;mV;22;10.04;pH;-159.2;mV;22.5;;;;;;;;;;;;;;;;;;;;;°C;;;;;1714120023;1714047754;2.32E+11;;Interval;EndOfRecord
RD;CD;4/26/2024;8:27:03 AM;Default;CDC401;SN 231662582599;Edited;Sample ID (29102);41.6;mS/cm;22.2;°C;39.3;mS/cm;;;NaCl/Non-Linear;Reference Temperature = 25 °C;;;;;;;;;;;OK;4/19/2024;3:08:41 PM;Default;K;0.366;;cm⁻¹;;;;1;30000;µS/cm;28.4;mS/cm;22.2;;;;;;;;;;;;;;;;;;;;;;;;;;;;;;;°C;;;;;1714120023;1713539321;2.32E+11;;Interval;EndOfRecord
RD;pH;4/26/2024;8:26:03 AM;Default;PHC301;SN 240462571090;Edited;Sample ID (29101);2.943;pH;22.2;°C;247.1;mV;;;;;;;;;;;;;;;OK;4/25/2024;12:22:34 PM;Default;Slope;-57.99;98;mV/pH;14.1;mV;0.9998;3;4;pH;187.6;mV;22.2;7.01;pH;11;mV;22;10.04;pH;-159.2;mV;22.5;;;;;;;;;;;;;;;;;;;;;°C;;;;;1714119963;1714047754;2.32E+11;;Interval;EndOfRecord
RD;CD;4/26/2024;8:26:03 AM;Default;CDC401;SN 231662582599;Edited;Sample ID (29101);41.6;mS/cm;22.3;°C;39.3;mS/cm;;;NaCl/Non-Linear;Reference Temperature = 25 °C;;;;;;;;;;;OK;4/19/2024;3:08:41 PM;Default;K;0.366;;cm⁻¹;;;;1;30000;µS/cm;28.4;mS/cm;22.2;;;;;;;;;;;;;;;;;;;;;;;;;;;;;;;°C;;;;;1714119963;1713539321;2.32E+11;;Interval;EndOfRecord
RD;pH;4/26/2024;8:25:04 AM;Default;PHC301;SN 240462571090;Edited;Sample ID (29100);2.943;pH;22.2;°C;247.1;mV;;;;;;;;;;;;;;;OK;4/25/2024;12:22:34 PM;Default;Slope;-57.99;98;mV/pH;14.1;mV;0.9998;3;4;pH;187.6;mV;22.2;7.01;pH;11;mV;22;10.04;pH;-159.2;mV;22.5;;;;;;;;;;;;;;;;;;;;;°C;;;;;1714119904;1714047754;2.32E+11;;Interval;EndOfRecord
RD;CD;4/26/2024;8:25:04 AM;Default;CDC401;SN 231662582599;Edited;Sample ID (29100);41.5;mS/cm;22.3;°C;39.3;mS/cm;;;NaCl/Non-Linear;Reference Temperature = 25 °C;;;;;;;;;;;OK;4/19/2024;3:08:41 PM;Default;K;0.366;;cm⁻¹;;;;1;30000;µS/cm;28.4;mS/cm;22.2;;;;;;;;;;;;;;;;;;;;;;;;;;;;;;;°C;;;;;1714119904;1713539321;2.32E+11;;Interval;EndOfRecord
RD;pH;4/26/2024;8:24:03 AM;Default;PHC301;SN 240462571090;Edited;Sample ID (29099);2.943;pH;22.2;°C;247.1;mV;;;;;;;;;;;;;;;OK;4/25/2024;12:22:34 PM;Default;Slope;-57.99;98;mV/pH;14.1;mV;0.9998;3;4;pH;187.6;mV;22.2;7.01;pH;11;mV;22;10.04;pH;-159.2;mV;22.5;;;;;;;;;;;;;;;;;;;;;°C;;;;;1714119843;1714047754;2.32E+11;;Interval;EndOfRecord
RD;CD;4/26/2024;8:24:03 AM;Default;CDC401;SN 231662582599;Edited;Sample ID (29099);41.6;mS/cm;22.3;°C;39.4;mS/cm;;;NaCl/Non-Linear;Reference Temperature = 25 °C;;;;;;;;;;;OK;4/19/2024;3:08:41 PM;Default;K;0.366;;cm⁻¹;;;;1;30000;µS/cm;28.4;mS/cm;22.2;;;;;;;;;;;;;;;;;;;;;;;;;;;;;;;°C;;;;;1714119843;1713539321;2.32E+11;;Interval;EndOfRecord
RD;pH;4/26/2024;8:23:05 AM;Default;PHC301;SN 240462571090;Edited;Sample ID (29098);2.945;pH;22.2;°C;247.1;mV;;;;;;;;;;;;;;;OK;4/25/2024;12:22:34 PM;Default;Slope;-57.99;98;mV/pH;14.1;mV;0.9998;3;4;pH;187.6;mV;22.2;7.01;pH;11;mV;22;10.04;pH;-159.2;mV;22.5;;;;;;;;;;;;;;;;;;;;;°C;;;;;1714119785;1714047754;2.32E+11;;Interval;EndOfRecord
RD;CD;4/26/2024;8:23:05 AM;Default;CDC401;SN 231662582599;Edited;Sample ID (29098);41.5;mS/cm;22.3;°C;39.3;mS/cm;;;NaCl/Non-Linear;Reference Temperature = 25 °C;;;;;;;;;;;OK;4/19/2024;3:08:41 PM;Default;K;0.366;;cm⁻¹;;;;1;30000;µS/cm;28.4;mS/cm;22.2;;;;;;;;;;;;;;;;;;;;;;;;;;;;;;;°C;;;;;1714119785;1713539321;2.32E+11;;Interval;EndOfRecord
RD;pH;4/26/2024;8:22:05 AM;Default;PHC301;SN 240462571090;Edited;Sample ID (29097);2.945;pH;22.4;°C;247.1;mV;;;;;;;;;;;;;;;OK;4/25/2024;12:22:34 PM;Default;Slope;-57.99;98;mV/pH;14.1;mV;0.9998;3;4;pH;187.6;mV;22.2;7.01;pH;11;mV;22;10.04;pH;-159.2;mV;22.5;;;;;;;;;;;;;;;;;;;;;°C;;;;;1714119725;1714047754;2.32E+11;;Interval;EndOfRecord
RD;CD;4/26/2024;8:22:05 AM;Default;CDC401;SN 231662582599;Edited;Sample ID (29097);41.5;mS/cm;22.3;°C;39.3;mS/cm;;;NaCl/Non-Linear;Reference Temperature = 25 °C;;;;;;;;;;;OK;4/19/2024;3:08:41 PM;Default;K;0.366;;cm⁻¹;;;;1;30000;µS/cm;28.4;mS/cm;22.2;;;;;;;;;;;;;;;;;;;;;;;;;;;;;;;°C;;;;;1714119725;1713539321;2.32E+11;;Interval;EndOfRecord
RD;pH;4/26/2024;8:21:04 AM;Default;PHC301;SN 240462571090;Edited;Sample ID (29096);2.945;pH;22.4;°C;247.1;mV;;;;;;;;;;;;;;;OK;4/25/2024;12:22:34 PM;Default;Slope;-57.99;98;mV/pH;14.1;mV;0.9998;3;4;pH;187.6;mV;22.2;7.01;pH;11;mV;22;10.04;pH;-159.2;mV;22.5;;;;;;;;;;;;;;;;;;;;;°C;;;;;1714119664;1714047754;2.32E+11;;Interval;EndOfRecord
RD;CD;4/26/2024;8:21:04 AM;Default;CDC401;SN 231662582599;Edited;Sample ID (29096);41.5;mS/cm;22.4;°C;39.4;mS/cm;;;NaCl/Non-Linear;Reference Temperature = 25 °C;;;;;;;;;;;OK;4/19/2024;3:08:41 PM;Default;K;0.366;;cm⁻¹;;;;1;30000;µS/cm;28.4;mS/cm;22.2;;;;;;;;;;;;;;;;;;;;;;;;;;;;;;;°C;;;;;1714119664;1713539321;2.32E+11;;Interval;EndOfRecord
RD;pH;4/26/2024;8:20:03 AM;Default;PHC301;SN 240462571090;Edited;Sample ID (29095);2.946;pH;22.4;°C;247.1;mV;;;;;;;;;;;;;;;OK;4/25/2024;12:22:34 PM;Default;Slope;-57.99;98;mV/pH;14.1;mV;0.9998;3;4;pH;187.6;mV;22.2;7.01;pH;11;mV;22;10.04;pH;-159.2;mV;22.5;;;;;;;;;;;;;;;;;;;;;°C;;;;;1714119603;1714047754;2.32E+11;;Interval;EndOfRecord
RD;CD;4/26/2024;8:20:03 AM;Default;CDC401;SN 231662582599;Edited;Sample ID (29095);41.6;mS/cm;22.4;°C;39.4;mS/cm;;;NaCl/Non-Linear;Reference Temperature = 25 °C;;;;;;;;;;;OK;4/19/2024;3:08:41 PM;Default;K;0.366;;cm⁻¹;;;;1;30000;µS/cm;28.4;mS/cm;22.2;;;;;;;;;;;;;;;;;;;;;;;;;;;;;;;°C;;;;;1714119603;1713539321;2.32E+11;;Interval;EndOfRecord
RD;pH;4/26/2024;8:19:04 AM;Default;PHC301;SN 240462571090;Edited;Sample ID (29094);2.946;pH;22.4;°C;247.1;mV;;;;;;;;;;;;;;;OK;4/25/2024;12:22:34 PM;Default;Slope;-57.99;98;mV/pH;14.1;mV;0.9998;3;4;pH;187.6;mV;22.2;7.01;pH;11;mV;22;10.04;pH;-159.2;mV;22.5;;;;;;;;;;;;;;;;;;;;;°C;;;;;1714119544;1714047754;2.32E+11;;Interval;EndOfRecord
RD;CD;4/26/2024;8:19:04 AM;Default;CDC401;SN 231662582599;Edited;Sample ID (29094);41.5;mS/cm;22.4;°C;39.4;mS/cm;;;NaCl/Non-Linear;Reference Temperature = 25 °C;;;;;;;;;;;OK;4/19/2024;3:08:41 PM;Default;K;0.366;;cm⁻¹;;;;1;30000;µS/cm;28.4;mS/cm;22.2;;;;;;;;;;;;;;;;;;;;;;;;;;;;;;;°C;;;;;1714119544;1713539321;2.32E+11;;Interval;EndOfRecord
RD;pH;4/26/2024;8:18:03 AM;Default;PHC301;SN 240462571090;Edited;Sample ID (29093);2.946;pH;22.4;°C;247.1;mV;;;;;;;;;;;;;;;OK;4/25/2024;12:22:34 PM;Default;Slope;-57.99;98;mV/pH;14.1;mV;0.9998;3;4;pH;187.6;mV;22.2;7.01;pH;11;mV;22;10.04;pH;-159.2;mV;22.5;;;;;;;;;;;;;;;;;;;;;°C;;;;;1714119483;1714047754;2.32E+11;;Interval;EndOfRecord
RD;CD;4/26/2024;8:18:03 AM;Default;CDC401;SN 231662582599;Edited;Sample ID (29093);41.6;mS/cm;22.4;°C;39.5;mS/cm;;;NaCl/Non-Linear;Reference Temperature = 25 °C;;;;;;;;;;;OK;4/19/2024;3:08:41 PM;Default;K;0.366;;cm⁻¹;;;;1;30000;µS/cm;28.4;mS/cm;22.2;;;;;;;;;;;;;;;;;;;;;;;;;;;;;;;°C;;;;;1714119483;1713539321;2.32E+11;;Interval;EndOfRecord
RD;pH;4/26/2024;8:17:03 AM;Default;PHC301;SN 240462571090;Edited;Sample ID (29092);2.947;pH;22.5;°C;247.1;mV;;;;;;;;;;;;;;;OK;4/25/2024;12:22:34 PM;Default;Slope;-57.99;98;mV/pH;14.1;mV;0.9998;3;4;pH;187.6;mV;22.2;7.01;pH;11;mV;22;10.04;pH;-159.2;mV;22.5;;;;;;;;;;;;;;;;;;;;;°C;;;;;1714119423;1714047754;2.32E+11;;Interval;EndOfRecord
RD;CD;4/26/2024;8:17:03 AM;Default;CDC401;SN 231662582599;Edited;Sample ID (29092);41.5;mS/cm;22.5;°C;39.5;mS/cm;;;NaCl/Non-Linear;Reference Temperature = 25 °C;;;;;;;;;;;OK;4/19/2024;3:08:41 PM;Default;K;0.366;;cm⁻¹;;;;1;30000;µS/cm;28.4;mS/cm;22.2;;;;;;;;;;;;;;;;;;;;;;;;;;;;;;;°C;;;;;1714119423;1713539321;2.32E+11;;Interval;EndOfRecord
RD;pH;4/26/2024;8:16:05 AM;Default;PHC301;SN 240462571090;Edited;Sample ID (29091);2.947;pH;22.5;°C;247.1;mV;;;;;;;;;;;;;;;OK;4/25/2024;12:22:34 PM;Default;Slope;-57.99;98;mV/pH;14.1;mV;0.9998;3;4;pH;187.6;mV;22.2;7.01;pH;11;mV;22;10.04;pH;-159.2;mV;22.5;;;;;;;;;;;;;;;;;;;;;°C;;;;;1714119365;1714047754;2.32E+11;;Interval;EndOfRecord
RD;CD;4/26/2024;8:16:05 AM;Default;CDC401;SN 231662582599;Edited;Sample ID (29091);41.5;mS/cm;22.5;°C;39.5;mS/cm;;;NaCl/Non-Linear;Reference Temperature = 25 °C;;;;;;;;;;;OK;4/19/2024;3:08:41 PM;Default;K;0.366;;cm⁻¹;;;;1;30000;µS/cm;28.4;mS/cm;22.2;;;;;;;;;;;;;;;;;;;;;;;;;;;;;;;°C;;;;;1714119365;1713539321;2.32E+11;;Interval;EndOfRecord
RD;pH;4/26/2024;8:15:04 AM;Default;PHC301;SN 240462571090;Edited;Sample ID (29090);2.947;pH;22.5;°C;247.1;mV;;;;;;;;;;;;;;;OK;4/25/2024;12:22:34 PM;Default;Slope;-57.99;98;mV/pH;14.1;mV;0.9998;3;4;pH;187.6;mV;22.2;7.01;pH;11;mV;22;10.04;pH;-159.2;mV;22.5;;;;;;;;;;;;;;;;;;;;;°C;;;;;1714119304;1714047754;2.32E+11;;Interval;EndOfRecord
RD;CD;4/26/2024;8:15:04 AM;Default;CDC401;SN 231662582599;Edited;Sample ID (29090);41.5;mS/cm;22.5;°C;39.5;mS/cm;;;NaCl/Non-Linear;Reference Temperature = 25 °C;;;;;;;;;;;OK;4/19/2024;3:08:41 PM;Default;K;0.366;;cm⁻¹;;;;1;30000;µS/cm;28.4;mS/cm;22.2;;;;;;;;;;;;;;;;;;;;;;;;;;;;;;;°C;;;;;1714119304;1713539321;2.32E+11;;Interval;EndOfRecord
RD;pH;4/26/2024;8:14:03 AM;Default;PHC301;SN 240462571090;Edited;Sample ID (29089);2.947;pH;22.5;°C;247.1;mV;;;;;;;;;;;;;;;OK;4/25/2024;12:22:34 PM;Default;Slope;-57.99;98;mV/pH;14.1;mV;0.9998;3;4;pH;187.6;mV;22.2;7.01;pH;11;mV;22;10.04;pH;-159.2;mV;22.5;;;;;;;;;;;;;;;;;;;;;°C;;;;;1714119243;1714047754;2.32E+11;;Interval;EndOfRecord
RD;CD;4/26/2024;8:14:03 AM;Default;CDC401;SN 231662582599;Edited;Sample ID (29089);41.5;mS/cm;22.5;°C;39.5;mS/cm;;;NaCl/Non-Linear;Reference Temperature = 25 °C;;;;;;;;;;;OK;4/19/2024;3:08:41 PM;Default;K;0.366;;cm⁻¹;;;;1;30000;µS/cm;28.4;mS/cm;22.2;;;;;;;;;;;;;;;;;;;;;;;;;;;;;;;°C;;;;;1714119243;1713539321;2.32E+11;;Interval;EndOfRecord
RD;pH;4/26/2024;8:13:03 AM;Default;PHC301;SN 240462571090;Edited;Sample ID (29088);2.947;pH;22.5;°C;247.1;mV;;;;;;;;;;;;;;;OK;4/25/2024;12:22:34 PM;Default;Slope;-57.99;98;mV/pH;14.1;mV;0.9998;3;4;pH;187.6;mV;22.2;7.01;pH;11;mV;22;10.04;pH;-159.2;mV;22.5;;;;;;;;;;;;;;;;;;;;;°C;;;;;1714119183;1714047754;2.32E+11;;Interval;EndOfRecord
RD;CD;4/26/2024;8:13:03 AM;Default;CDC401;SN 231662582599;Edited;Sample ID (29088);41.6;mS/cm;22.5;°C;39.5;mS/cm;;;NaCl/Non-Linear;Reference Temperature = 25 °C;;;;;;;;;;;OK;4/19/2024;3:08:41 PM;Default;K;0.366;;cm⁻¹;;;;1;30000;µS/cm;28.4;mS/cm;22.2;;;;;;;;;;;;;;;;;;;;;;;;;;;;;;;°C;;;;;1714119183;1713539321;2.32E+11;;Interval;EndOfRecord
RD;pH;4/26/2024;8:12:03 AM;Default;PHC301;SN 240462571090;Edited;Sample ID (29087);2.951;pH;22.6;°C;246.9;mV;;;;;;;;;;;;;;;OK;4/25/2024;12:22:34 PM;Default;Slope;-57.99;98;mV/pH;14.1;mV;0.9998;3;4;pH;187.6;mV;22.2;7.01;pH;11;mV;22;10.04;pH;-159.2;mV;22.5;;;;;;;;;;;;;;;;;;;;;°C;;;;;1714119123;1714047754;2.32E+11;;Interval;EndOfRecord
RD;CD;4/26/2024;8:12:03 AM;Default;CDC401;SN 231662582599;Edited;Sample ID (29087);41.5;mS/cm;22.5;°C;39.6;mS/cm;;;NaCl/Non-Linear;Reference Temperature = 25 °C;;;;;;;;;;;OK;4/19/2024;3:08:41 PM;Default;K;0.366;;cm⁻¹;;;;1;30000;µS/cm;28.4;mS/cm;22.2;;;;;;;;;;;;;;;;;;;;;;;;;;;;;;;°C;;;;;1714119123;1713539321;2.32E+11;;Interval;EndOfRecord
RD;pH;4/26/2024;8:11:04 AM;Default;PHC301;SN 240462571090;Edited;Sample ID (29086);2.951;pH;22.6;°C;246.9;mV;;;;;;;;;;;;;;;OK;4/25/2024;12:22:34 PM;Default;Slope;-57.99;98;mV/pH;14.1;mV;0.9998;3;4;pH;187.6;mV;22.2;7.01;pH;11;mV;22;10.04;pH;-159.2;mV;22.5;;;;;;;;;;;;;;;;;;;;;°C;;;;;1714119064;1714047754;2.32E+11;;Interval;EndOfRecord
RD;CD;4/26/2024;8:11:04 AM;Default;CDC401;SN 231662582599;Edited;Sample ID (29086);41.5;mS/cm;22.6;°C;39.6;mS/cm;;;NaCl/Non-Linear;Reference Temperature = 25 °C;;;;;;;;;;;OK;4/19/2024;3:08:41 PM;Default;K;0.366;;cm⁻¹;;;;1;30000;µS/cm;28.4;mS/cm;22.2;;;;;;;;;;;;;;;;;;;;;;;;;;;;;;;°C;;;;;1714119064;1713539321;2.32E+11;;Interval;EndOfRecord
RD;pH;4/26/2024;8:10:04 AM;Default;PHC301;SN 240462571090;Edited;Sample ID (29085);2.951;pH;22.6;°C;246.9;mV;;;;;;;;;;;;;;;OK;4/25/2024;12:22:34 PM;Default;Slope;-57.99;98;mV/pH;14.1;mV;0.9998;3;4;pH;187.6;mV;22.2;7.01;pH;11;mV;22;10.04;pH;-159.2;mV;22.5;;;;;;;;;;;;;;;;;;;;;°C;;;;;1714119004;1714047754;2.32E+11;;Interval;EndOfRecord
RD;CD;4/26/2024;8:10:04 AM;Default;CDC401;SN 231662582599;Edited;Sample ID (29085);41.5;mS/cm;22.6;°C;39.5;mS/cm;;;NaCl/Non-Linear;Reference Temperature = 25 °C;;;;;;;;;;;OK;4/19/2024;3:08:41 PM;Default;K;0.366;;cm⁻¹;;;;1;30000;µS/cm;28.4;mS/cm;22.2;;;;;;;;;;;;;;;;;;;;;;;;;;;;;;;°C;;;;;1714119004;1713539321;2.32E+11;;Interval;EndOfRecord
RD;pH;4/26/2024;8:09:04 AM;Default;PHC301;SN 240462571090;Edited;Sample ID (29084);2.952;pH;22.6;°C;246.9;mV;;;;;;;;;;;;;;;OK;4/25/2024;12:22:34 PM;Default;Slope;-57.99;98;mV/pH;14.1;mV;0.9998;3;4;pH;187.6;mV;22.2;7.01;pH;11;mV;22;10.04;pH;-159.2;mV;22.5;;;;;;;;;;;;;;;;;;;;;°C;;;;;1714118944;1714047754;2.32E+11;;Interval;EndOfRecord
RD;CD;4/26/2024;8:09:04 AM;Default;CDC401;SN 231662582599;Edited;Sample ID (29084);41.5;mS/cm;22.6;°C;39.6;mS/cm;;;NaCl/Non-Linear;Reference Temperature = 25 °C;;;;;;;;;;;OK;4/19/2024;3:08:41 PM;Default;K;0.366;;cm⁻¹;;;;1;30000;µS/cm;28.4;mS/cm;22.2;;;;;;;;;;;;;;;;;;;;;;;;;;;;;;;°C;;;;;1714118944;1713539321;2.32E+11;;Interval;EndOfRecord
RD;pH;4/26/2024;8:08:04 AM;Default;PHC301;SN 240462571090;Edited;Sample ID (29083);2.955;pH;22.6;°C;246.8;mV;;;;;;;;;;;;;;;OK;4/25/2024;12:22:34 PM;Default;Slope;-57.99;98;mV/pH;14.1;mV;0.9998;3;4;pH;187.6;mV;22.2;7.01;pH;11;mV;22;10.04;pH;-159.2;mV;22.5;;;;;;;;;;;;;;;;;;;;;°C;;;;;1714118884;1714047754;2.32E+11;;Interval;EndOfRecord
RD;CD;4/26/2024;8:08:04 AM;Default;CDC401;SN 231662582599;Edited;Sample ID (29083);41.5;mS/cm;22.6;°C;39.6;mS/cm;;;NaCl/Non-Linear;Reference Temperature = 25 °C;;;;;;;;;;;OK;4/19/2024;3:08:41 PM;Default;K;0.366;;cm⁻¹;;;;1;30000;µS/cm;28.4;mS/cm;22.2;;;;;;;;;;;;;;;;;;;;;;;;;;;;;;;°C;;;;;1714118884;1713539321;2.32E+11;;Interval;EndOfRecord
RD;pH;4/26/2024;8:07:03 AM;Default;PHC301;SN 240462571090;Edited;Sample ID (29082);2.955;pH;22.6;°C;246.8;mV;;;;;;;;;;;;;;;OK;4/25/2024;12:22:34 PM;Default;Slope;-57.99;98;mV/pH;14.1;mV;0.9998;3;4;pH;187.6;mV;22.2;7.01;pH;11;mV;22;10.04;pH;-159.2;mV;22.5;;;;;;;;;;;;;;;;;;;;;°C;;;;;1714118823;1714047754;2.32E+11;;Interval;EndOfRecord
RD;CD;4/26/2024;8:07:03 AM;Default;CDC401;SN 231662582599;Edited;Sample ID (29082);41.6;mS/cm;22.6;°C;39.7;mS/cm;;;NaCl/Non-Linear;Reference Temperature = 25 °C;;;;;;;;;;;OK;4/19/2024;3:08:41 PM;Default;K;0.366;;cm⁻¹;;;;1;30000;µS/cm;28.4;mS/cm;22.2;;;;;;;;;;;;;;;;;;;;;;;;;;;;;;;°C;;;;;1714118823;1713539321;2.32E+11;;Interval;EndOfRecord
RD;pH;4/26/2024;8:06:05 AM;Default;PHC301;SN 240462571090;Edited;Sample ID (29081);2.955;pH;22.7;°C;246.9;mV;;;;;;;;;;;;;;;OK;4/25/2024;12:22:34 PM;Default;Slope;-57.99;98;mV/pH;14.1;mV;0.9998;3;4;pH;187.6;mV;22.2;7.01;pH;11;mV;22;10.04;pH;-159.2;mV;22.5;;;;;;;;;;;;;;;;;;;;;°C;;;;;1714118765;1714047754;2.32E+11;;Interval;EndOfRecord
RD;CD;4/26/2024;8:06:05 AM;Default;CDC401;SN 231662582599;Edited;Sample ID (29081);41.5;mS/cm;22.7;°C;39.6;mS/cm;;;NaCl/Non-Linear;Reference Temperature = 25 °C;;;;;;;;;;;OK;4/19/2024;3:08:41 PM;Default;K;0.366;;cm⁻¹;;;;1;30000;µS/cm;28.4;mS/cm;22.2;;;;;;;;;;;;;;;;;;;;;;;;;;;;;;;°C;;;;;1714118765;1713539321;2.32E+11;;Interval;EndOfRecord
RD;pH;4/26/2024;8:05:04 AM;Default;PHC301;SN 240462571090;Edited;Sample ID (29080);2.955;pH;22.7;°C;246.9;mV;;;;;;;;;;;;;;;OK;4/25/2024;12:22:34 PM;Default;Slope;-57.99;98;mV/pH;14.1;mV;0.9998;3;4;pH;187.6;mV;22.2;7.01;pH;11;mV;22;10.04;pH;-159.2;mV;22.5;;;;;;;;;;;;;;;;;;;;;°C;;;;;1714118704;1714047754;2.32E+11;;Interval;EndOfRecord
RD;CD;4/26/2024;8:05:04 AM;Default;CDC401;SN 231662582599;Edited;Sample ID (29080);41.5;mS/cm;22.7;°C;39.6;mS/cm;;;NaCl/Non-Linear;Reference Temperature = 25 °C;;;;;;;;;;;OK;4/19/2024;3:08:41 PM;Default;K;0.366;;cm⁻¹;;;;1;30000;µS/cm;28.4;mS/cm;22.2;;;;;;;;;;;;;;;;;;;;;;;;;;;;;;;°C;;;;;1714118704;1713539321;2.32E+11;;Interval;EndOfRecord
RD;pH;4/26/2024;8:04:04 AM;Default;PHC301;SN 240462571090;Edited;Sample ID (29079);2.955;pH;22.7;°C;246.9;mV;;;;;;;;;;;;;;;OK;4/25/2024;12:22:34 PM;Default;Slope;-57.99;98;mV/pH;14.1;mV;0.9998;3;4;pH;187.6;mV;22.2;7.01;pH;11;mV;22;10.04;pH;-159.2;mV;22.5;;;;;;;;;;;;;;;;;;;;;°C;;;;;1714118644;1714047754;2.32E+11;;Interval;EndOfRecord
RD;CD;4/26/2024;8:04:04 AM;Default;CDC401;SN 231662582599;Edited;Sample ID (29079);41.5;mS/cm;22.7;°C;39.6;mS/cm;;;NaCl/Non-Linear;Reference Temperature = 25 °C;;;;;;;;;;;OK;4/19/2024;3:08:41 PM;Default;K;0.366;;cm⁻¹;;;;1;30000;µS/cm;28.4;mS/cm;22.2;;;;;;;;;;;;;;;;;;;;;;;;;;;;;;;°C;;;;;1714118644;1713539321;2.32E+11;;Interval;EndOfRecord
RD;pH;4/26/2024;8:03:03 AM;Default;PHC301;SN 240462571090;Edited;Sample ID (29078);2.955;pH;22.7;°C;246.9;mV;;;;;;;;;;;;;;;OK;4/25/2024;12:22:34 PM;Default;Slope;-57.99;98;mV/pH;14.1;mV;0.9998;3;4;pH;187.6;mV;22.2;7.01;pH;11;mV;22;10.04;pH;-159.2;mV;22.5;;;;;;;;;;;;;;;;;;;;;°C;;;;;1714118583;1714047754;2.32E+11;;Interval;EndOfRecord
RD;CD;4/26/2024;8:03:03 AM;Default;CDC401;SN 231662582599;Edited;Sample ID (29078);41.6;mS/cm;22.7;°C;39.7;mS/cm;;;NaCl/Non-Linear;Reference Temperature = 25 °C;;;;;;;;;;;OK;4/19/2024;3:08:41 PM;Default;K;0.366;;cm⁻¹;;;;1;30000;µS/cm;28.4;mS/cm;22.2;;;;;;;;;;;;;;;;;;;;;;;;;;;;;;;°C;;;;;1714118583;1713539321;2.32E+11;;Interval;EndOfRecord
RD;pH;4/26/2024;8:02:03 AM;Default;PHC301;SN 240462571090;Edited;Sample ID (29077);2.955;pH;22.7;°C;246.9;mV;;;;;;;;;;;;;;;OK;4/25/2024;12:22:34 PM;Default;Slope;-57.99;98;mV/pH;14.1;mV;0.9998;3;4;pH;187.6;mV;22.2;7.01;pH;11;mV;22;10.04;pH;-159.2;mV;22.5;;;;;;;;;;;;;;;;;;;;;°C;;;;;1714118523;1714047754;2.32E+11;;Interval;EndOfRecord
RD;CD;4/26/2024;8:02:03 AM;Default;CDC401;SN 231662582599;Edited;Sample ID (29077);41.6;mS/cm;22.7;°C;39.7;mS/cm;;;NaCl/Non-Linear;Reference Temperature = 25 °C;;;;;;;;;;;OK;4/19/2024;3:08:41 PM;Default;K;0.366;;cm⁻¹;;;;1;30000;µS/cm;28.4;mS/cm;22.2;;;;;;;;;;;;;;;;;;;;;;;;;;;;;;;°C;;;;;1714118523;1713539321;2.32E+11;;Interval;EndOfRecord
RD;pH;4/26/2024;8:01:04 AM;Default;PHC301;SN 240462571090;Edited;Sample ID (29076);2.955;pH;22.8;°C;246.9;mV;;;;;;;;;;;;;;;OK;4/25/2024;12:22:34 PM;Default;Slope;-57.99;98;mV/pH;14.1;mV;0.9998;3;4;pH;187.6;mV;22.2;7.01;pH;11;mV;22;10.04;pH;-159.2;mV;22.5;;;;;;;;;;;;;;;;;;;;;°C;;;;;1714118464;1714047754;2.32E+11;;Interval;EndOfRecord
RD;CD;4/26/2024;8:01:04 AM;Default;CDC401;SN 231662582599;Edited;Sample ID (29076);41.5;mS/cm;22.8;°C;39.7;mS/cm;;;NaCl/Non-Linear;Reference Temperature = 25 °C;;;;;;;;;;;OK;4/19/2024;3:08:41 PM;Default;K;0.366;;cm⁻¹;;;;1;30000;µS/cm;28.4;mS/cm;22.2;;;;;;;;;;;;;;;;;;;;;;;;;;;;;;;°C;;;;;1714118464;1713539321;2.32E+11;;Interval;EndOfRecord
RD;pH;4/26/2024;8:00:05 AM;Default;PHC301;SN 240462571090;Edited;Sample ID (29075);2.955;pH;22.8;°C;247;mV;;;;;;;;;;;;;;;OK;4/25/2024;12:22:34 PM;Default;Slope;-57.99;98;mV/pH;14.1;mV;0.9998;3;4;pH;187.6;mV;22.2;7.01;pH;11;mV;22;10.04;pH;-159.2;mV;22.5;;;;;;;;;;;;;;;;;;;;;°C;;;;;1714118405;1714047754;2.32E+11;;Interval;EndOfRecord
RD;CD;4/26/2024;8:00:05 AM;Default;CDC401;SN 231662582599;Edited;Sample ID (29075);41.5;mS/cm;22.8;°C;39.7;mS/cm;;;NaCl/Non-Linear;Reference Temperature = 25 °C;;;;;;;;;;;OK;4/19/2024;3:08:41 PM;Default;K;0.366;;cm⁻¹;;;;1;30000;µS/cm;28.4;mS/cm;22.2;;;;;;;;;;;;;;;;;;;;;;;;;;;;;;;°C;;;;;1714118405;1713539321;2.32E+11;;Interval;EndOfRecord
RD;pH;4/26/2024;7:59:04 AM;Default;PHC301;SN 240462571090;Edited;Sample ID (29074);2.955;pH;22.8;°C;247;mV;;;;;;;;;;;;;;;OK;4/25/2024;12:22:34 PM;Default;Slope;-57.99;98;mV/pH;14.1;mV;0.9998;3;4;pH;187.6;mV;22.2;7.01;pH;11;mV;22;10.04;pH;-159.2;mV;22.5;;;;;;;;;;;;;;;;;;;;;°C;;;;;1714118344;1714047754;2.32E+11;;Interval;EndOfRecord
RD;CD;4/26/2024;7:59:04 AM;Default;CDC401;SN 231662582599;Edited;Sample ID (29074);41.5;mS/cm;22.8;°C;39.8;mS/cm;;;NaCl/Non-Linear;Reference Temperature = 25 °C;;;;;;;;;;;OK;4/19/2024;3:08:41 PM;Default;K;0.366;;cm⁻¹;;;;1;30000;µS/cm;28.4;mS/cm;22.2;;;;;;;;;;;;;;;;;;;;;;;;;;;;;;;°C;;;;;1714118344;1713539321;2.32E+11;;Interval;EndOfRecord
RD;pH;4/26/2024;7:58:04 AM;Default;PHC301;SN 240462571090;Edited;Sample ID (29073);2.955;pH;22.8;°C;247;mV;;;;;;;;;;;;;;;OK;4/25/2024;12:22:34 PM;Default;Slope;-57.99;98;mV/pH;14.1;mV;0.9998;3;4;pH;187.6;mV;22.2;7.01;pH;11;mV;22;10.04;pH;-159.2;mV;22.5;;;;;;;;;;;;;;;;;;;;;°C;;;;;1714118284;1714047754;2.32E+11;;Interval;EndOfRecord
RD;CD;4/26/2024;7:58:04 AM;Default;CDC401;SN 231662582599;Edited;Sample ID (29073);41.5;mS/cm;22.8;°C;39.8;mS/cm;;;NaCl/Non-Linear;Reference Temperature = 25 °C;;;;;;;;;;;OK;4/19/2024;3:08:41 PM;Default;K;0.366;;cm⁻¹;;;;1;30000;µS/cm;28.4;mS/cm;22.2;;;;;;;;;;;;;;;;;;;;;;;;;;;;;;;°C;;;;;1714118284;1713539321;2.32E+11;;Interval;EndOfRecord
RD;pH;4/26/2024;7:57:03 AM;Default;PHC301;SN 240462571090;Edited;Sample ID (29072);2.955;pH;22.8;°C;247;mV;;;;;;;;;;;;;;;OK;4/25/2024;12:22:34 PM;Default;Slope;-57.99;98;mV/pH;14.1;mV;0.9998;3;4;pH;187.6;mV;22.2;7.01;pH;11;mV;22;10.04;pH;-159.2;mV;22.5;;;;;;;;;;;;;;;;;;;;;°C;;;;;1714118223;1714047754;2.32E+11;;Interval;EndOfRecord
RD;CD;4/26/2024;7:57:03 AM;Default;CDC401;SN 231662582599;Edited;Sample ID (29072);41.6;mS/cm;22.9;°C;39.8;mS/cm;;;NaCl/Non-Linear;Reference Temperature = 25 °C;;;;;;;;;;;OK;4/19/2024;3:08:41 PM;Default;K;0.366;;cm⁻¹;;;;1;30000;µS/cm;28.4;mS/cm;22.2;;;;;;;;;;;;;;;;;;;;;;;;;;;;;;;°C;;;;;1714118223;1713539321;2.32E+11;;Interval;EndOfRecord
RD;pH;4/26/2024;7:56:03 AM;Default;PHC301;SN 240462571090;Edited;Sample ID (29071);2.955;pH;22.9;°C;247;mV;;;;;;;;;;;;;;;OK;4/25/2024;12:22:34 PM;Default;Slope;-57.99;98;mV/pH;14.1;mV;0.9998;3;4;pH;187.6;mV;22.2;7.01;pH;11;mV;22;10.04;pH;-159.2;mV;22.5;;;;;;;;;;;;;;;;;;;;;°C;;;;;1714118163;1714047754;2.32E+11;;Interval;EndOfRecord
RD;CD;4/26/2024;7:56:03 AM;Default;CDC401;SN 231662582599;Edited;Sample ID (29071);41.6;mS/cm;22.9;°C;39.8;mS/cm;;;NaCl/Non-Linear;Reference Temperature = 25 °C;;;;;;;;;;;OK;4/19/2024;3:08:41 PM;Default;K;0.366;;cm⁻¹;;;;1;30000;µS/cm;28.4;mS/cm;22.2;;;;;;;;;;;;;;;;;;;;;;;;;;;;;;;°C;;;;;1714118163;1713539321;2.32E+11;;Interval;EndOfRecord
RD;pH;4/26/2024;7:55:03 AM;Default;PHC301;SN 240462571090;Edited;Sample ID (29070);2.955;pH;22.9;°C;247;mV;;;;;;;;;;;;;;;OK;4/25/2024;12:22:34 PM;Default;Slope;-57.99;98;mV/pH;14.1;mV;0.9998;3;4;pH;187.6;mV;22.2;7.01;pH;11;mV;22;10.04;pH;-159.2;mV;22.5;;;;;;;;;;;;;;;;;;;;;°C;;;;;1714118103;1714047754;2.32E+11;;Interval;EndOfRecord
RD;CD;4/26/2024;7:55:03 AM;Default;CDC401;SN 231662582599;Edited;Sample ID (29070);41.6;mS/cm;22.9;°C;39.9;mS/cm;;;NaCl/Non-Linear;Reference Temperature = 25 °C;;;;;;;;;;;OK;4/19/2024;3:08:41 PM;Default;K;0.366;;cm⁻¹;;;;1;30000;µS/cm;28.4;mS/cm;22.2;;;;;;;;;;;;;;;;;;;;;;;;;;;;;;;°C;;;;;1714118103;1713539321;2.32E+11;;Interval;EndOfRecord
RD;pH;4/26/2024;7:54:04 AM;Default;PHC301;SN 240462571090;Edited;Sample ID (29069);2.955;pH;22.9;°C;247;mV;;;;;;;;;;;;;;;OK;4/25/2024;12:22:34 PM;Default;Slope;-57.99;98;mV/pH;14.1;mV;0.9998;3;4;pH;187.6;mV;22.2;7.01;pH;11;mV;22;10.04;pH;-159.2;mV;22.5;;;;;;;;;;;;;;;;;;;;;°C;;;;;1714118044;1714047754;2.32E+11;;Interval;EndOfRecord
RD;CD;4/26/2024;7:54:04 AM;Default;CDC401;SN 231662582599;Edited;Sample ID (29069);41.6;mS/cm;22.9;°C;39.9;mS/cm;;;NaCl/Non-Linear;Reference Temperature = 25 °C;;;;;;;;;;;OK;4/19/2024;3:08:41 PM;Default;K;0.366;;cm⁻¹;;;;1;30000;µS/cm;28.4;mS/cm;22.2;;;;;;;;;;;;;;;;;;;;;;;;;;;;;;;°C;;;;;1714118044;1713539321;2.32E+11;;Interval;EndOfRecord
RD;pH;4/26/2024;7:53:04 AM;Default;PHC301;SN 240462571090;Edited;Sample ID (29068);2.955;pH;22.9;°C;247;mV;;;;;;;;;;;;;;;OK;4/25/2024;12:22:34 PM;Default;Slope;-57.99;98;mV/pH;14.1;mV;0.9998;3;4;pH;187.6;mV;22.2;7.01;pH;11;mV;22;10.04;pH;-159.2;mV;22.5;;;;;;;;;;;;;;;;;;;;;°C;;;;;1714117984;1714047754;2.32E+11;;Interval;EndOfRecord
RD;CD;4/26/2024;7:53:04 AM;Default;CDC401;SN 231662582599;Edited;Sample ID (29068);41.5;mS/cm;23;°C;39.8;mS/cm;;;NaCl/Non-Linear;Reference Temperature = 25 °C;;;;;;;;;;;OK;4/19/2024;3:08:41 PM;Default;K;0.366;;cm⁻¹;;;;1;30000;µS/cm;28.4;mS/cm;22.2;;;;;;;;;;;;;;;;;;;;;;;;;;;;;;;°C;;;;;1714117984;1713539321;2.32E+11;;Interval;EndOfRecord
RD;pH;4/26/2024;7:52:04 AM;Default;PHC301;SN 240462571090;Edited;Sample ID (29067);2.955;pH;23;°C;247;mV;;;;;;;;;;;;;;;OK;4/25/2024;12:22:34 PM;Default;Slope;-57.99;98;mV/pH;14.1;mV;0.9998;3;4;pH;187.6;mV;22.2;7.01;pH;11;mV;22;10.04;pH;-159.2;mV;22.5;;;;;;;;;;;;;;;;;;;;;°C;;;;;1714117924;1714047754;2.32E+11;;Interval;EndOfRecord
RD;CD;4/26/2024;7:52:04 AM;Default;CDC401;SN 231662582599;Edited;Sample ID (29067);41.5;mS/cm;23;°C;39.9;mS/cm;;;NaCl/Non-Linear;Reference Temperature = 25 °C;;;;;;;;;;;OK;4/19/2024;3:08:41 PM;Default;K;0.366;;cm⁻¹;;;;1;30000;µS/cm;28.4;mS/cm;22.2;;;;;;;;;;;;;;;;;;;;;;;;;;;;;;;°C;;;;;1714117924;1713539321;2.32E+11;;Interval;EndOfRecord
RD;pH;4/26/2024;7:51:04 AM;Default;PHC301;SN 240462571090;Edited;Sample ID (29066);2.955;pH;23;°C;247;mV;;;;;;;;;;;;;;;OK;4/25/2024;12:22:34 PM;Default;Slope;-57.99;98;mV/pH;14.1;mV;0.9998;3;4;pH;187.6;mV;22.2;7.01;pH;11;mV;22;10.04;pH;-159.2;mV;22.5;;;;;;;;;;;;;;;;;;;;;°C;;;;;1714117864;1714047754;2.32E+11;;Interval;EndOfRecord
RD;CD;4/26/2024;7:51:04 AM;Default;CDC401;SN 231662582599;Edited;Sample ID (29066);41.5;mS/cm;23;°C;39.9;mS/cm;;;NaCl/Non-Linear;Reference Temperature = 25 °C;;;;;;;;;;;OK;4/19/2024;3:08:41 PM;Default;K;0.366;;cm⁻¹;;;;1;30000;µS/cm;28.4;mS/cm;22.2;;;;;;;;;;;;;;;;;;;;;;;;;;;;;;;°C;;;;;1714117864;1713539321;2.32E+11;;Interval;EndOfRecord
RD;pH;4/26/2024;7:50:03 AM;Default;PHC301;SN 240462571090;Edited;Sample ID (29065);2.955;pH;23;°C;247.2;mV;;;;;;;;;;;;;;;OK;4/25/2024;12:22:34 PM;Default;Slope;-57.99;98;mV/pH;14.1;mV;0.9998;3;4;pH;187.6;mV;22.2;7.01;pH;11;mV;22;10.04;pH;-159.2;mV;22.5;;;;;;;;;;;;;;;;;;;;;°C;;;;;1714117803;1714047754;2.32E+11;;Interval;EndOfRecord
RD;CD;4/26/2024;7:50:03 AM;Default;CDC401;SN 231662582599;Edited;Sample ID (29065);41.6;mS/cm;23.1;°C;40;mS/cm;;;NaCl/Non-Linear;Reference Temperature = 25 °C;;;;;;;;;;;OK;4/19/2024;3:08:41 PM;Default;K;0.366;;cm⁻¹;;;;1;30000;µS/cm;28.4;mS/cm;22.2;;;;;;;;;;;;;;;;;;;;;;;;;;;;;;;°C;;;;;1714117803;1713539321;2.32E+11;;Interval;EndOfRecord
RD;pH;4/26/2024;7:49:03 AM;Default;PHC301;SN 240462571090;Edited;Sample ID (29064);2.955;pH;23;°C;247.2;mV;;;;;;;;;;;;;;;OK;4/25/2024;12:22:34 PM;Default;Slope;-57.99;98;mV/pH;14.1;mV;0.9998;3;4;pH;187.6;mV;22.2;7.01;pH;11;mV;22;10.04;pH;-159.2;mV;22.5;;;;;;;;;;;;;;;;;;;;;°C;;;;;1714117743;1714047754;2.32E+11;;Interval;EndOfRecord
RD;CD;4/26/2024;7:49:03 AM;Default;CDC401;SN 231662582599;Edited;Sample ID (29064);41.6;mS/cm;23.1;°C;40;mS/cm;;;NaCl/Non-Linear;Reference Temperature = 25 °C;;;;;;;;;;;OK;4/19/2024;3:08:41 PM;Default;K;0.366;;cm⁻¹;;;;1;30000;µS/cm;28.4;mS/cm;22.2;;;;;;;;;;;;;;;;;;;;;;;;;;;;;;;°C;;;;;1714117743;1713539321;2.32E+11;;Interval;EndOfRecord
RD;pH;4/26/2024;7:48:04 AM;Default;PHC301;SN 240462571090;Edited;Sample ID (29063);2.955;pH;23.2;°C;247.2;mV;;;;;;;;;;;;;;;OK;4/25/2024;12:22:34 PM;Default;Slope;-57.99;98;mV/pH;14.1;mV;0.9998;3;4;pH;187.6;mV;22.2;7.01;pH;11;mV;22;10.04;pH;-159.2;mV;22.5;;;;;;;;;;;;;;;;;;;;;°C;;;;;1714117684;1714047754;2.32E+11;;Interval;EndOfRecord
RD;CD;4/26/2024;7:48:04 AM;Default;CDC401;SN 231662582599;Edited;Sample ID (29063);41.6;mS/cm;23.1;°C;40;mS/cm;;;NaCl/Non-Linear;Reference Temperature = 25 °C;;;;;;;;;;;OK;4/19/2024;3:08:41 PM;Default;K;0.366;;cm⁻¹;;;;1;30000;µS/cm;28.4;mS/cm;22.2;;;;;;;;;;;;;;;;;;;;;;;;;;;;;;;°C;;;;;1714117684;1713539321;2.32E+11;;Interval;EndOfRecord
RD;pH;4/26/2024;7:47:03 AM;Default;PHC301;SN 240462571090;Edited;Sample ID (29062);2.955;pH;23.2;°C;247.2;mV;;;;;;;;;;;;;;;OK;4/25/2024;12:22:34 PM;Default;Slope;-57.99;98;mV/pH;14.1;mV;0.9998;3;4;pH;187.6;mV;22.2;7.01;pH;11;mV;22;10.04;pH;-159.2;mV;22.5;;;;;;;;;;;;;;;;;;;;;°C;;;;;1714117623;1714047754;2.32E+11;;Interval;EndOfRecord
RD;CD;4/26/2024;7:47:03 AM;Default;CDC401;SN 231662582599;Edited;Sample ID (29062);41.6;mS/cm;23.1;°C;40;mS/cm;;;NaCl/Non-Linear;Reference Temperature = 25 °C;;;;;;;;;;;OK;4/19/2024;3:08:41 PM;Default;K;0.366;;cm⁻¹;;;;1;30000;µS/cm;28.4;mS/cm;22.2;;;;;;;;;;;;;;;;;;;;;;;;;;;;;;;°C;;;;;1714117623;1713539321;2.32E+11;;Interval;EndOfRecord
RD;pH;4/26/2024;7:46:04 AM;Default;PHC301;SN 240462571090;Edited;Sample ID (29061);2.955;pH;23.2;°C;247.3;mV;;;;;;;;;;;;;;;OK;4/25/2024;12:22:34 PM;Default;Slope;-57.99;98;mV/pH;14.1;mV;0.9998;3;4;pH;187.6;mV;22.2;7.01;pH;11;mV;22;10.04;pH;-159.2;mV;22.5;;;;;;;;;;;;;;;;;;;;;°C;;;;;1714117564;1714047754;2.32E+11;;Interval;EndOfRecord
RD;CD;4/26/2024;7:46:04 AM;Default;CDC401;SN 231662582599;Edited;Sample ID (29061);41.5;mS/cm;23.2;°C;40.1;mS/cm;;;NaCl/Non-Linear;Reference Temperature = 25 °C;;;;;;;;;;;OK;4/19/2024;3:08:41 PM;Default;K;0.366;;cm⁻¹;;;;1;30000;µS/cm;28.4;mS/cm;22.2;;;;;;;;;;;;;;;;;;;;;;;;;;;;;;;°C;;;;;1714117564;1713539321;2.32E+11;;Interval;EndOfRecord
RD;pH;4/26/2024;7:45:04 AM;Default;PHC301;SN 240462571090;Edited;Sample ID (29060);2.955;pH;23.2;°C;247.3;mV;;;;;;;;;;;;;;;OK;4/25/2024;12:22:34 PM;Default;Slope;-57.99;98;mV/pH;14.1;mV;0.9998;3;4;pH;187.6;mV;22.2;7.01;pH;11;mV;22;10.04;pH;-159.2;mV;22.5;;;;;;;;;;;;;;;;;;;;;°C;;;;;1714117504;1714047754;2.32E+11;;Interval;EndOfRecord
RD;CD;4/26/2024;7:45:04 AM;Default;CDC401;SN 231662582599;Edited;Sample ID (29060);41.5;mS/cm;23.2;°C;40.1;mS/cm;;;NaCl/Non-Linear;Reference Temperature = 25 °C;;;;;;;;;;;OK;4/19/2024;3:08:41 PM;Default;K;0.366;;cm⁻¹;;;;1;30000;µS/cm;28.4;mS/cm;22.2;;;;;;;;;;;;;;;;;;;;;;;;;;;;;;;°C;;;;;1714117504;1713539321;2.32E+11;;Interval;EndOfRecord
RD;pH;4/26/2024;7:44:04 AM;Default;PHC301;SN 240462571090;Edited;Sample ID (29059);2.955;pH;23.3;°C;247.3;mV;;;;;;;;;;;;;;;OK;4/25/2024;12:22:34 PM;Default;Slope;-57.99;98;mV/pH;14.1;mV;0.9998;3;4;pH;187.6;mV;22.2;7.01;pH;11;mV;22;10.04;pH;-159.2;mV;22.5;;;;;;;;;;;;;;;;;;;;;°C;;;;;1714117444;1714047754;2.32E+11;;Interval;EndOfRecord
RD;CD;4/26/2024;7:44:04 AM;Default;CDC401;SN 231662582599;Edited;Sample ID (29059);41.5;mS/cm;23.2;°C;40.1;mS/cm;;;NaCl/Non-Linear;Reference Temperature = 25 °C;;;;;;;;;;;OK;4/19/2024;3:08:41 PM;Default;K;0.366;;cm⁻¹;;;;1;30000;µS/cm;28.4;mS/cm;22.2;;;;;;;;;;;;;;;;;;;;;;;;;;;;;;;°C;;;;;1714117444;1713539321;2.32E+11;;Interval;EndOfRecord
RD;pH;4/26/2024;7:43:04 AM;Default;PHC301;SN 240462571090;Edited;Sample ID (29058);2.955;pH;23.3;°C;247.3;mV;;;;;;;;;;;;;;;OK;4/25/2024;12:22:34 PM;Default;Slope;-57.99;98;mV/pH;14.1;mV;0.9998;3;4;pH;187.6;mV;22.2;7.01;pH;11;mV;22;10.04;pH;-159.2;mV;22.5;;;;;;;;;;;;;;;;;;;;;°C;;;;;1714117384;1714047754;2.32E+11;;Interval;EndOfRecord
RD;CD;4/26/2024;7:43:04 AM;Default;CDC401;SN 231662582599;Edited;Sample ID (29058);41.5;mS/cm;23.3;°C;40.1;mS/cm;;;NaCl/Non-Linear;Reference Temperature = 25 °C;;;;;;;;;;;OK;4/19/2024;3:08:41 PM;Default;K;0.366;;cm⁻¹;;;;1;30000;µS/cm;28.4;mS/cm;22.2;;;;;;;;;;;;;;;;;;;;;;;;;;;;;;;°C;;;;;1714117384;1713539321;2.32E+11;;Interval;EndOfRecord
RD;pH;4/26/2024;7:42:04 AM;Default;PHC301;SN 240462571090;Edited;Sample ID (29057);2.955;pH;23.3;°C;247.4;mV;;;;;;;;;;;;;;;OK;4/25/2024;12:22:34 PM;Default;Slope;-57.99;98;mV/pH;14.1;mV;0.9998;3;4;pH;187.6;mV;22.2;7.01;pH;11;mV;22;10.04;pH;-159.2;mV;22.5;;;;;;;;;;;;;;;;;;;;;°C;;;;;1714117324;1714047754;2.32E+11;;Interval;EndOfRecord
RD;CD;4/26/2024;7:42:04 AM;Default;CDC401;SN 231662582599;Edited;Sample ID (29057);41.6;mS/cm;23.3;°C;40.2;mS/cm;;;NaCl/Non-Linear;Reference Temperature = 25 °C;;;;;;;;;;;OK;4/19/2024;3:08:41 PM;Default;K;0.366;;cm⁻¹;;;;1;30000;µS/cm;28.4;mS/cm;22.2;;;;;;;;;;;;;;;;;;;;;;;;;;;;;;;°C;;;;;1714117324;1713539321;2.32E+11;;Interval;EndOfRecord
RD;pH;4/26/2024;7:41:04 AM;Default;PHC301;SN 240462571090;Edited;Sample ID (29056);2.955;pH;23.4;°C;247.4;mV;;;;;;;;;;;;;;;OK;4/25/2024;12:22:34 PM;Default;Slope;-57.99;98;mV/pH;14.1;mV;0.9998;3;4;pH;187.6;mV;22.2;7.01;pH;11;mV;22;10.04;pH;-159.2;mV;22.5;;;;;;;;;;;;;;;;;;;;;°C;;;;;1714117264;1714047754;2.32E+11;;Interval;EndOfRecord
RD;CD;4/26/2024;7:41:04 AM;Default;CDC401;SN 231662582599;Edited;Sample ID (29056);41.5;mS/cm;23.3;°C;40.1;mS/cm;;;NaCl/Non-Linear;Reference Temperature = 25 °C;;;;;;;;;;;OK;4/19/2024;3:08:41 PM;Default;K;0.366;;cm⁻¹;;;;1;30000;µS/cm;28.4;mS/cm;22.2;;;;;;;;;;;;;;;;;;;;;;;;;;;;;;;°C;;;;;1714117264;1713539321;2.32E+11;;Interval;EndOfRecord
RD;pH;4/26/2024;7:40:03 AM;Default;PHC301;SN 240462571090;Edited;Sample ID (29055);2.955;pH;23.4;°C;247.4;mV;;;;;;;;;;;;;;;OK;4/25/2024;12:22:34 PM;Default;Slope;-57.99;98;mV/pH;14.1;mV;0.9998;3;4;pH;187.6;mV;22.2;7.01;pH;11;mV;22;10.04;pH;-159.2;mV;22.5;;;;;;;;;;;;;;;;;;;;;°C;;;;;1714117203;1714047754;2.32E+11;;Interval;EndOfRecord
RD;CD;4/26/2024;7:40:03 AM;Default;CDC401;SN 231662582599;Edited;Sample ID (29055);41.5;mS/cm;23.4;°C;40.2;mS/cm;;;NaCl/Non-Linear;Reference Temperature = 25 °C;;;;;;;;;;;OK;4/19/2024;3:08:41 PM;Default;K;0.366;;cm⁻¹;;;;1;30000;µS/cm;28.4;mS/cm;22.2;;;;;;;;;;;;;;;;;;;;;;;;;;;;;;;°C;;;;;1714117203;1713539321;2.32E+11;;Interval;EndOfRecord
RD;pH;4/26/2024;7:39:04 AM;Default;PHC301;SN 240462571090;Edited;Sample ID (29054);2.955;pH;23.4;°C;247.5;mV;;;;;;;;;;;;;;;OK;4/25/2024;12:22:34 PM;Default;Slope;-57.99;98;mV/pH;14.1;mV;0.9998;3;4;pH;187.6;mV;22.2;7.01;pH;11;mV;22;10.04;pH;-159.2;mV;22.5;;;;;;;;;;;;;;;;;;;;;°C;;;;;1714117144;1714047754;2.32E+11;;Interval;EndOfRecord
RD;CD;4/26/2024;7:39:04 AM;Default;CDC401;SN 231662582599;Edited;Sample ID (29054);41.5;mS/cm;23.4;°C;40.2;mS/cm;;;NaCl/Non-Linear;Reference Temperature = 25 °C;;;;;;;;;;;OK;4/19/2024;3:08:41 PM;Default;K;0.366;;cm⁻¹;;;;1;30000;µS/cm;28.4;mS/cm;22.2;;;;;;;;;;;;;;;;;;;;;;;;;;;;;;;°C;;;;;1714117144;1713539321;2.32E+11;;Interval;EndOfRecord
RD;pH;4/26/2024;7:38:04 AM;Default;PHC301;SN 240462571090;Edited;Sample ID (29053);2.955;pH;23.5;°C;247.5;mV;;;;;;;;;;;;;;;OK;4/25/2024;12:22:34 PM;Default;Slope;-57.99;98;mV/pH;14.1;mV;0.9998;3;4;pH;187.6;mV;22.2;7.01;pH;11;mV;22;10.04;pH;-159.2;mV;22.5;;;;;;;;;;;;;;;;;;;;;°C;;;;;1714117084;1714047754;2.32E+11;;Interval;EndOfRecord
RD;CD;4/26/2024;7:38:04 AM;Default;CDC401;SN 231662582599;Edited;Sample ID (29053);41.5;mS/cm;23.5;°C;40.3;mS/cm;;;NaCl/Non-Linear;Reference Temperature = 25 °C;;;;;;;;;;;OK;4/19/2024;3:08:41 PM;Default;K;0.366;;cm⁻¹;;;;1;30000;µS/cm;28.4;mS/cm;22.2;;;;;;;;;;;;;;;;;;;;;;;;;;;;;;;°C;;;;;1714117084;1713539321;2.32E+11;;Interval;EndOfRecord
RD;pH;4/26/2024;7:37:03 AM;Default;PHC301;SN 240462571090;Edited;Sample ID (29052);2.955;pH;23.5;°C;247.5;mV;;;;;;;;;;;;;;;OK;4/25/2024;12:22:34 PM;Default;Slope;-57.99;98;mV/pH;14.1;mV;0.9998;3;4;pH;187.6;mV;22.2;7.01;pH;11;mV;22;10.04;pH;-159.2;mV;22.5;;;;;;;;;;;;;;;;;;;;;°C;;;;;1714117023;1714047754;2.32E+11;;Interval;EndOfRecord
RD;CD;4/26/2024;7:37:03 AM;Default;CDC401;SN 231662582599;Edited;Sample ID (29052);41.6;mS/cm;23.5;°C;40.3;mS/cm;;;NaCl/Non-Linear;Reference Temperature = 25 °C;;;;;;;;;;;OK;4/19/2024;3:08:41 PM;Default;K;0.366;;cm⁻¹;;;;1;30000;µS/cm;28.4;mS/cm;22.2;;;;;;;;;;;;;;;;;;;;;;;;;;;;;;;°C;;;;;1714117023;1713539321;2.32E+11;;Interval;EndOfRecord
RD;pH;4/26/2024;7:36:05 AM;Default;PHC301;SN 240462571090;Edited;Sample ID (29051);2.955;pH;23.5;°C;247.5;mV;;;;;;;;;;;;;;;OK;4/25/2024;12:22:34 PM;Default;Slope;-57.99;98;mV/pH;14.1;mV;0.9998;3;4;pH;187.6;mV;22.2;7.01;pH;11;mV;22;10.04;pH;-159.2;mV;22.5;;;;;;;;;;;;;;;;;;;;;°C;;;;;1714116965;1714047754;2.32E+11;;Interval;EndOfRecord
RD;CD;4/26/2024;7:36:05 AM;Default;CDC401;SN 231662582599;Edited;Sample ID (29051);41.5;mS/cm;23.5;°C;40.3;mS/cm;;;NaCl/Non-Linear;Reference Temperature = 25 °C;;;;;;;;;;;OK;4/19/2024;3:08:41 PM;Default;K;0.366;;cm⁻¹;;;;1;30000;µS/cm;28.4;mS/cm;22.2;;;;;;;;;;;;;;;;;;;;;;;;;;;;;;;°C;;;;;1714116965;1713539321;2.32E+11;;Interval;EndOfRecord
RD;pH;4/26/2024;7:35:04 AM;Default;PHC301;SN 240462571090;Edited;Sample ID (29050);2.955;pH;23.6;°C;247.5;mV;;;;;;;;;;;;;;;OK;4/25/2024;12:22:34 PM;Default;Slope;-57.99;98;mV/pH;14.1;mV;0.9998;3;4;pH;187.6;mV;22.2;7.01;pH;11;mV;22;10.04;pH;-159.2;mV;22.5;;;;;;;;;;;;;;;;;;;;;°C;;;;;1714116904;1714047754;2.32E+11;;Interval;EndOfRecord
RD;CD;4/26/2024;7:35:04 AM;Default;CDC401;SN 231662582599;Edited;Sample ID (29050);41.5;mS/cm;23.6;°C;40.3;mS/cm;;;NaCl/Non-Linear;Reference Temperature = 25 °C;;;;;;;;;;;OK;4/19/2024;3:08:41 PM;Default;K;0.366;;cm⁻¹;;;;1;30000;µS/cm;28.4;mS/cm;22.2;;;;;;;;;;;;;;;;;;;;;;;;;;;;;;;°C;;;;;1714116904;1713539321;2.32E+11;;Interval;EndOfRecord
RD;pH;4/26/2024;7:34:04 AM;Default;PHC301;SN 240462571090;Edited;Sample ID (29049);2.955;pH;23.6;°C;247.7;mV;;;;;;;;;;;;;;;OK;4/25/2024;12:22:34 PM;Default;Slope;-57.99;98;mV/pH;14.1;mV;0.9998;3;4;pH;187.6;mV;22.2;7.01;pH;11;mV;22;10.04;pH;-159.2;mV;22.5;;;;;;;;;;;;;;;;;;;;;°C;;;;;1714116844;1714047754;2.32E+11;;Interval;EndOfRecord
RD;CD;4/26/2024;7:34:04 AM;Default;CDC401;SN 231662582599;Edited;Sample ID (29049);41.5;mS/cm;23.6;°C;40.4;mS/cm;;;NaCl/Non-Linear;Reference Temperature = 25 °C;;;;;;;;;;;OK;4/19/2024;3:08:41 PM;Default;K;0.366;;cm⁻¹;;;;1;30000;µS/cm;28.4;mS/cm;22.2;;;;;;;;;;;;;;;;;;;;;;;;;;;;;;;°C;;;;;1714116844;1713539321;2.32E+11;;Interval;EndOfRecord
RD;pH;4/26/2024;7:33:03 AM;Default;PHC301;SN 240462571090;Edited;Sample ID (29048);2.955;pH;23.6;°C;247.7;mV;;;;;;;;;;;;;;;OK;4/25/2024;12:22:34 PM;Default;Slope;-57.99;98;mV/pH;14.1;mV;0.9998;3;4;pH;187.6;mV;22.2;7.01;pH;11;mV;22;10.04;pH;-159.2;mV;22.5;;;;;;;;;;;;;;;;;;;;;°C;;;;;1714116783;1714047754;2.32E+11;;Interval;EndOfRecord
RD;CD;4/26/2024;7:33:03 AM;Default;CDC401;SN 231662582599;Edited;Sample ID (29048);41.6;mS/cm;23.7;°C;40.5;mS/cm;;;NaCl/Non-Linear;Reference Temperature = 25 °C;;;;;;;;;;;OK;4/19/2024;3:08:41 PM;Default;K;0.366;;cm⁻¹;;;;1;30000;µS/cm;28.4;mS/cm;22.2;;;;;;;;;;;;;;;;;;;;;;;;;;;;;;;°C;;;;;1714116783;1713539321;2.32E+11;;Interval;EndOfRecord
RD;pH;4/26/2024;7:32:03 AM;Default;PHC301;SN 240462571090;Edited;Sample ID (29047);2.955;pH;23.7;°C;247.7;mV;;;;;;;;;;;;;;;OK;4/25/2024;12:22:34 PM;Default;Slope;-57.99;98;mV/pH;14.1;mV;0.9998;3;4;pH;187.6;mV;22.2;7.01;pH;11;mV;22;10.04;pH;-159.2;mV;22.5;;;;;;;;;;;;;;;;;;;;;°C;;;;;1714116723;1714047754;2.32E+11;;Interval;EndOfRecord
RD;CD;4/26/2024;7:32:03 AM;Default;CDC401;SN 231662582599;Edited;Sample ID (29047);41.6;mS/cm;23.7;°C;40.5;mS/cm;;;NaCl/Non-Linear;Reference Temperature = 25 °C;;;;;;;;;;;OK;4/19/2024;3:08:41 PM;Default;K;0.366;;cm⁻¹;;;;1;30000;µS/cm;28.4;mS/cm;22.2;;;;;;;;;;;;;;;;;;;;;;;;;;;;;;;°C;;;;;1714116723;1713539321;2.32E+11;;Interval;EndOfRecord
RD;pH;4/26/2024;7:31:04 AM;Default;PHC301;SN 240462571090;Edited;Sample ID (29046);2.955;pH;23.7;°C;247.7;mV;;;;;;;;;;;;;;;OK;4/25/2024;12:22:34 PM;Default;Slope;-57.99;98;mV/pH;14.1;mV;0.9998;3;4;pH;187.6;mV;22.2;7.01;pH;11;mV;22;10.04;pH;-159.2;mV;22.5;;;;;;;;;;;;;;;;;;;;;°C;;;;;1714116664;1714047754;2.32E+11;;Interval;EndOfRecord
RD;CD;4/26/2024;7:31:04 AM;Default;CDC401;SN 231662582599;Edited;Sample ID (29046);41.5;mS/cm;23.7;°C;40.5;mS/cm;;;NaCl/Non-Linear;Reference Temperature = 25 °C;;;;;;;;;;;OK;4/19/2024;3:08:41 PM;Default;K;0.366;;cm⁻¹;;;;1;30000;µS/cm;28.4;mS/cm;22.2;;;;;;;;;;;;;;;;;;;;;;;;;;;;;;;°C;;;;;1714116664;1713539321;2.32E+11;;Interval;EndOfRecord
RD;pH;4/26/2024;7:30:04 AM;Default;PHC301;SN 240462571090;Edited;Sample ID (29045);2.955;pH;23.7;°C;247.8;mV;;;;;;;;;;;;;;;OK;4/25/2024;12:22:34 PM;Default;Slope;-57.99;98;mV/pH;14.1;mV;0.9998;3;4;pH;187.6;mV;22.2;7.01;pH;11;mV;22;10.04;pH;-159.2;mV;22.5;;;;;;;;;;;;;;;;;;;;;°C;;;;;1714116604;1714047754;2.32E+11;;Interval;EndOfRecord
RD;CD;4/26/2024;7:30:04 AM;Default;CDC401;SN 231662582599;Edited;Sample ID (29045);41.5;mS/cm;23.8;°C;40.5;mS/cm;;;NaCl/Non-Linear;Reference Temperature = 25 °C;;;;;;;;;;;OK;4/19/2024;3:08:41 PM;Default;K;0.366;;cm⁻¹;;;;1;30000;µS/cm;28.4;mS/cm;22.2;;;;;;;;;;;;;;;;;;;;;;;;;;;;;;;°C;;;;;1714116604;1713539321;2.32E+11;;Interval;EndOfRecord
RD;pH;4/26/2024;7:29:04 AM;Default;PHC301;SN 240462571090;Edited;Sample ID (29044);2.956;pH;23.9;°C;247.8;mV;;;;;;;;;;;;;;;OK;4/25/2024;12:22:34 PM;Default;Slope;-57.99;98;mV/pH;14.1;mV;0.9998;3;4;pH;187.6;mV;22.2;7.01;pH;11;mV;22;10.04;pH;-159.2;mV;22.5;;;;;;;;;;;;;;;;;;;;;°C;;;;;1714116544;1714047754;2.32E+11;;Interval;EndOfRecord
RD;CD;4/26/2024;7:29:04 AM;Default;CDC401;SN 231662582599;Edited;Sample ID (29044);41.5;mS/cm;23.8;°C;40.6;mS/cm;;;NaCl/Non-Linear;Reference Temperature = 25 °C;;;;;;;;;;;OK;4/19/2024;3:08:41 PM;Default;K;0.366;;cm⁻¹;;;;1;30000;µS/cm;28.4;mS/cm;22.2;;;;;;;;;;;;;;;;;;;;;;;;;;;;;;;°C;;;;;1714116544;1713539321;2.32E+11;;Interval;EndOfRecord
RD;pH;4/26/2024;7:28:04 AM;Default;PHC301;SN 240462571090;Edited;Sample ID (29043);2.956;pH;23.9;°C;247.8;mV;;;;;;;;;;;;;;;OK;4/25/2024;12:22:34 PM;Default;Slope;-57.99;98;mV/pH;14.1;mV;0.9998;3;4;pH;187.6;mV;22.2;7.01;pH;11;mV;22;10.04;pH;-159.2;mV;22.5;;;;;;;;;;;;;;;;;;;;;°C;;;;;1714116484;1714047754;2.32E+11;;Interval;EndOfRecord
RD;CD;4/26/2024;7:28:04 AM;Default;CDC401;SN 231662582599;Edited;Sample ID (29043);41.5;mS/cm;23.9;°C;40.6;mS/cm;;;NaCl/Non-Linear;Reference Temperature = 25 °C;;;;;;;;;;;OK;4/19/2024;3:08:41 PM;Default;K;0.366;;cm⁻¹;;;;1;30000;µS/cm;28.4;mS/cm;22.2;;;;;;;;;;;;;;;;;;;;;;;;;;;;;;;°C;;;;;1714116484;1713539321;2.32E+11;;Interval;EndOfRecord
RD;pH;4/26/2024;7:27:03 AM;Default;PHC301;SN 240462571090;Edited;Sample ID (29042);2.956;pH;23.9;°C;247.8;mV;;;;;;;;;;;;;;;OK;4/25/2024;12:22:34 PM;Default;Slope;-57.99;98;mV/pH;14.1;mV;0.9998;3;4;pH;187.6;mV;22.2;7.01;pH;11;mV;22;10.04;pH;-159.2;mV;22.5;;;;;;;;;;;;;;;;;;;;;°C;;;;;1714116423;1714047754;2.32E+11;;Interval;EndOfRecord
RD;CD;4/26/2024;7:27:03 AM;Default;CDC401;SN 231662582599;Edited;Sample ID (29042);41.6;mS/cm;23.9;°C;40.7;mS/cm;;;NaCl/Non-Linear;Reference Temperature = 25 °C;;;;;;;;;;;OK;4/19/2024;3:08:41 PM;Default;K;0.366;;cm⁻¹;;;;1;30000;µS/cm;28.4;mS/cm;22.2;;;;;;;;;;;;;;;;;;;;;;;;;;;;;;;°C;;;;;1714116423;1713539321;2.32E+11;;Interval;EndOfRecord
RD;pH;4/26/2024;7:26:04 AM;Default;PHC301;SN 240462571090;Edited;Sample ID (29041);2.957;pH;24;°C;247.8;mV;;;;;;;;;;;;;;;OK;4/25/2024;12:22:34 PM;Default;Slope;-57.99;98;mV/pH;14.1;mV;0.9998;3;4;pH;187.6;mV;22.2;7.01;pH;11;mV;22;10.04;pH;-159.2;mV;22.5;;;;;;;;;;;;;;;;;;;;;°C;;;;;1714116364;1714047754;2.32E+11;;Interval;EndOfRecord
RD;CD;4/26/2024;7:26:04 AM;Default;CDC401;SN 231662582599;Edited;Sample ID (29041);41.5;mS/cm;24;°C;40.6;mS/cm;;;NaCl/Non-Linear;Reference Temperature = 25 °C;;;;;;;;;;;OK;4/19/2024;3:08:41 PM;Default;K;0.366;;cm⁻¹;;;;1;30000;µS/cm;28.4;mS/cm;22.2;;;;;;;;;;;;;;;;;;;;;;;;;;;;;;;°C;;;;;1714116364;1713539321;2.32E+11;;Interval;EndOfRecord
RD;pH;4/26/2024;7:25:04 AM;Default;PHC301;SN 240462571090;Edited;Sample ID (29040);2.957;pH;24;°C;247.8;mV;;;;;;;;;;;;;;;OK;4/25/2024;12:22:34 PM;Default;Slope;-57.99;98;mV/pH;14.1;mV;0.9998;3;4;pH;187.6;mV;22.2;7.01;pH;11;mV;22;10.04;pH;-159.2;mV;22.5;;;;;;;;;;;;;;;;;;;;;°C;;;;;1714116304;1714047754;2.32E+11;;Interval;EndOfRecord
RD;CD;4/26/2024;7:25:04 AM;Default;CDC401;SN 231662582599;Edited;Sample ID (29040);41.5;mS/cm;24;°C;40.7;mS/cm;;;NaCl/Non-Linear;Reference Temperature = 25 °C;;;;;;;;;;;OK;4/19/2024;3:08:41 PM;Default;K;0.366;;cm⁻¹;;;;1;30000;µS/cm;28.4;mS/cm;22.2;;;;;;;;;;;;;;;;;;;;;;;;;;;;;;;°C;;;;;1714116304;1713539321;2.32E+11;;Interval;EndOfRecord
RD;pH;4/26/2024;7:24:03 AM;Default;PHC301;SN 240462571090;Edited;Sample ID (29039);2.957;pH;24;°C;247.8;mV;;;;;;;;;;;;;;;OK;4/25/2024;12:22:34 PM;Default;Slope;-57.99;98;mV/pH;14.1;mV;0.9998;3;4;pH;187.6;mV;22.2;7.01;pH;11;mV;22;10.04;pH;-159.2;mV;22.5;;;;;;;;;;;;;;;;;;;;;°C;;;;;1714116243;1714047754;2.32E+11;;Interval;EndOfRecord
RD;CD;4/26/2024;7:24:03 AM;Default;CDC401;SN 231662582599;Edited;Sample ID (29039);41.5;mS/cm;24;°C;40.8;mS/cm;;;NaCl/Non-Linear;Reference Temperature = 25 °C;;;;;;;;;;;OK;4/19/2024;3:08:41 PM;Default;K;0.366;;cm⁻¹;;;;1;30000;µS/cm;28.4;mS/cm;22.2;;;;;;;;;;;;;;;;;;;;;;;;;;;;;;;°C;;;;;1714116243;1713539321;2.32E+11;;Interval;EndOfRecord
RD;pH;4/26/2024;7:23:04 AM;Default;PHC301;SN 240462571090;Edited;Sample ID (29038);2.959;pH;24.1;°C;247.8;mV;;;;;;;;;;;;;;;OK;4/25/2024;12:22:34 PM;Default;Slope;-57.99;98;mV/pH;14.1;mV;0.9998;3;4;pH;187.6;mV;22.2;7.01;pH;11;mV;22;10.04;pH;-159.2;mV;22.5;;;;;;;;;;;;;;;;;;;;;°C;;;;;1714116184;1714047754;2.32E+11;;Interval;EndOfRecord
RD;CD;4/26/2024;7:23:04 AM;Default;CDC401;SN 231662582599;Edited;Sample ID (29038);41.5;mS/cm;24.1;°C;40.8;mS/cm;;;NaCl/Non-Linear;Reference Temperature = 25 °C;;;;;;;;;;;OK;4/19/2024;3:08:41 PM;Default;K;0.366;;cm⁻¹;;;;1;30000;µS/cm;28.4;mS/cm;22.2;;;;;;;;;;;;;;;;;;;;;;;;;;;;;;;°C;;;;;1714116184;1713539321;2.32E+11;;Interval;EndOfRecord
RD;pH;4/26/2024;7:22:04 AM;Default;PHC301;SN 240462571090;Edited;Sample ID (29037);2.959;pH;24.1;°C;247.9;mV;;;;;;;;;;;;;;;OK;4/25/2024;12:22:34 PM;Default;Slope;-57.99;98;mV/pH;14.1;mV;0.9998;3;4;pH;187.6;mV;22.2;7.01;pH;11;mV;22;10.04;pH;-159.2;mV;22.5;;;;;;;;;;;;;;;;;;;;;°C;;;;;1714116124;1714047754;2.32E+11;;Interval;EndOfRecord
RD;CD;4/26/2024;7:22:04 AM;Default;CDC401;SN 231662582599;Edited;Sample ID (29037);41.5;mS/cm;24.1;°C;40.8;mS/cm;;;NaCl/Non-Linear;Reference Temperature = 25 °C;;;;;;;;;;;OK;4/19/2024;3:08:41 PM;Default;K;0.366;;cm⁻¹;;;;1;30000;µS/cm;28.4;mS/cm;22.2;;;;;;;;;;;;;;;;;;;;;;;;;;;;;;;°C;;;;;1714116124;1713539321;2.32E+11;;Interval;EndOfRecord
RD;pH;4/26/2024;7:21:04 AM;Default;PHC301;SN 240462571090;Edited;Sample ID (29036);2.959;pH;24.2;°C;247.9;mV;;;;;;;;;;;;;;;OK;4/25/2024;12:22:34 PM;Default;Slope;-57.99;98;mV/pH;14.1;mV;0.9998;3;4;pH;187.6;mV;22.2;7.01;pH;11;mV;22;10.04;pH;-159.2;mV;22.5;;;;;;;;;;;;;;;;;;;;;°C;;;;;1714116064;1714047754;2.32E+11;;Interval;EndOfRecord
RD;CD;4/26/2024;7:21:04 AM;Default;CDC401;SN 231662582599;Edited;Sample ID (29036);41.5;mS/cm;24.2;°C;40.9;mS/cm;;;NaCl/Non-Linear;Reference Temperature = 25 °C;;;;;;;;;;;OK;4/19/2024;3:08:41 PM;Default;K;0.366;;cm⁻¹;;;;1;30000;µS/cm;28.4;mS/cm;22.2;;;;;;;;;;;;;;;;;;;;;;;;;;;;;;;°C;;;;;1714116064;1713539321;2.32E+11;;Interval;EndOfRecord
RD;pH;4/26/2024;7:20:04 AM;Default;PHC301;SN 240462571090;Edited;Sample ID (29035);2.959;pH;24.2;°C;247.9;mV;;;;;;;;;;;;;;;OK;4/25/2024;12:22:34 PM;Default;Slope;-57.99;98;mV/pH;14.1;mV;0.9998;3;4;pH;187.6;mV;22.2;7.01;pH;11;mV;22;10.04;pH;-159.2;mV;22.5;;;;;;;;;;;;;;;;;;;;;°C;;;;;1714116004;1714047754;2.32E+11;;Interval;EndOfRecord
RD;CD;4/26/2024;7:20:04 AM;Default;CDC401;SN 231662582599;Edited;Sample ID (29035);41.5;mS/cm;24.2;°C;40.9;mS/cm;;;NaCl/Non-Linear;Reference Temperature = 25 °C;;;;;;;;;;;OK;4/19/2024;3:08:41 PM;Default;K;0.366;;cm⁻¹;;;;1;30000;µS/cm;28.4;mS/cm;22.2;;;;;;;;;;;;;;;;;;;;;;;;;;;;;;;°C;;;;;1714116004;1713539321;2.32E+11;;Interval;EndOfRecord
RD;pH;4/26/2024;7:19:04 AM;Default;PHC301;SN 240462571090;Edited;Sample ID (29034);2.959;pH;24.2;°C;247.9;mV;;;;;;;;;;;;;;;OK;4/25/2024;12:22:34 PM;Default;Slope;-57.99;98;mV/pH;14.1;mV;0.9998;3;4;pH;187.6;mV;22.2;7.01;pH;11;mV;22;10.04;pH;-159.2;mV;22.5;;;;;;;;;;;;;;;;;;;;;°C;;;;;1714115944;1714047754;2.32E+11;;Interval;EndOfRecord
RD;CD;4/26/2024;7:19:04 AM;Default;CDC401;SN 231662582599;Edited;Sample ID (29034);41.5;mS/cm;24.3;°C;40.9;mS/cm;;;NaCl/Non-Linear;Reference Temperature = 25 °C;;;;;;;;;;;OK;4/19/2024;3:08:41 PM;Default;K;0.366;;cm⁻¹;;;;1;30000;µS/cm;28.4;mS/cm;22.2;;;;;;;;;;;;;;;;;;;;;;;;;;;;;;;°C;;;;;1714115944;1713539321;2.32E+11;;Interval;EndOfRecord
RD;pH;4/26/2024;7:18:05 AM;Default;PHC301;SN 240462571090;Edited;Sample ID (29033);2.96;pH;24.4;°C;247.9;mV;;;;;;;;;;;;;;;OK;4/25/2024;12:22:34 PM;Default;Slope;-57.99;98;mV/pH;14.1;mV;0.9998;3;4;pH;187.6;mV;22.2;7.01;pH;11;mV;22;10.04;pH;-159.2;mV;22.5;;;;;;;;;;;;;;;;;;;;;°C;;;;;1714115885;1714047754;2.32E+11;;Interval;EndOfRecord
RD;CD;4/26/2024;7:18:05 AM;Default;CDC401;SN 231662582599;Edited;Sample ID (29033);41.5;mS/cm;24.3;°C;41;mS/cm;;;NaCl/Non-Linear;Reference Temperature = 25 °C;;;;;;;;;;;OK;4/19/2024;3:08:41 PM;Default;K;0.366;;cm⁻¹;;;;1;30000;µS/cm;28.4;mS/cm;22.2;;;;;;;;;;;;;;;;;;;;;;;;;;;;;;;°C;;;;;1714115885;1713539321;2.32E+11;;Interval;EndOfRecord
RD;pH;4/26/2024;7:17:04 AM;Default;PHC301;SN 240462571090;Edited;Sample ID (29032);2.96;pH;24.4;°C;247.9;mV;;;;;;;;;;;;;;;OK;4/25/2024;12:22:34 PM;Default;Slope;-57.99;98;mV/pH;14.1;mV;0.9998;3;4;pH;187.6;mV;22.2;7.01;pH;11;mV;22;10.04;pH;-159.2;mV;22.5;;;;;;;;;;;;;;;;;;;;;°C;;;;;1714115824;1714047754;2.32E+11;;Interval;EndOfRecord
RD;CD;4/26/2024;7:17:04 AM;Default;CDC401;SN 231662582599;Edited;Sample ID (29032);41.5;mS/cm;24.4;°C;41;mS/cm;;;NaCl/Non-Linear;Reference Temperature = 25 °C;;;;;;;;;;;OK;4/19/2024;3:08:41 PM;Default;K;0.366;;cm⁻¹;;;;1;30000;µS/cm;28.4;mS/cm;22.2;;;;;;;;;;;;;;;;;;;;;;;;;;;;;;;°C;;;;;1714115824;1713539321;2.32E+11;;Interval;EndOfRecord
RD;pH;4/26/2024;7:16:03 AM;Default;PHC301;SN 240462571090;Edited;Sample ID (29031);2.96;pH;24.4;°C;248;mV;;;;;;;;;;;;;;;OK;4/25/2024;12:22:34 PM;Default;Slope;-57.99;98;mV/pH;14.1;mV;0.9998;3;4;pH;187.6;mV;22.2;7.01;pH;11;mV;22;10.04;pH;-159.2;mV;22.5;;;;;;;;;;;;;;;;;;;;;°C;;;;;1714115763;1714047754;2.32E+11;;Interval;EndOfRecord
RD;CD;4/26/2024;7:16:03 AM;Default;CDC401;SN 231662582599;Edited;Sample ID (29031);41.5;mS/cm;24.4;°C;41.1;mS/cm;;;NaCl/Non-Linear;Reference Temperature = 25 °C;;;;;;;;;;;OK;4/19/2024;3:08:41 PM;Default;K;0.366;;cm⁻¹;;;;1;30000;µS/cm;28.4;mS/cm;22.2;;;;;;;;;;;;;;;;;;;;;;;;;;;;;;;°C;;;;;1714115763;1713539321;2.32E+11;;Interval;EndOfRecord
RD;pH;4/26/2024;7:15:03 AM;Default;PHC301;SN 240462571090;Edited;Sample ID (29030);2.962;pH;24.5;°C;248;mV;;;;;;;;;;;;;;;OK;4/25/2024;12:22:34 PM;Default;Slope;-57.99;98;mV/pH;14.1;mV;0.9998;3;4;pH;187.6;mV;22.2;7.01;pH;11;mV;22;10.04;pH;-159.2;mV;22.5;;;;;;;;;;;;;;;;;;;;;°C;;;;;1714115703;1714047754;2.32E+11;;Interval;EndOfRecord
RD;CD;4/26/2024;7:15:03 AM;Default;CDC401;SN 231662582599;Edited;Sample ID (29030);41.5;mS/cm;24.5;°C;41.1;mS/cm;;;NaCl/Non-Linear;Reference Temperature = 25 °C;;;;;;;;;;;OK;4/19/2024;3:08:41 PM;Default;K;0.366;;cm⁻¹;;;;1;30000;µS/cm;28.4;mS/cm;22.2;;;;;;;;;;;;;;;;;;;;;;;;;;;;;;;°C;;;;;1714115703;1713539321;2.32E+11;;Interval;EndOfRecord
RD;pH;4/26/2024;7:14:04 AM;Default;PHC301;SN 240462571090;Edited;Sample ID (29029);2.962;pH;24.5;°C;248;mV;;;;;;;;;;;;;;;OK;4/25/2024;12:22:34 PM;Default;Slope;-57.99;98;mV/pH;14.1;mV;0.9998;3;4;pH;187.6;mV;22.2;7.01;pH;11;mV;22;10.04;pH;-159.2;mV;22.5;;;;;;;;;;;;;;;;;;;;;°C;;;;;1714115644;1714047754;2.32E+11;;Interval;EndOfRecord
RD;CD;4/26/2024;7:14:04 AM;Default;CDC401;SN 231662582599;Edited;Sample ID (29029);41.5;mS/cm;24.5;°C;41.1;mS/cm;;;NaCl/Non-Linear;Reference Temperature = 25 °C;;;;;;;;;;;OK;4/19/2024;3:08:41 PM;Default;K;0.366;;cm⁻¹;;;;1;30000;µS/cm;28.4;mS/cm;22.2;;;;;;;;;;;;;;;;;;;;;;;;;;;;;;;°C;;;;;1714115644;1713539321;2.32E+11;;Interval;EndOfRecord
RD;pH;4/26/2024;7:13:05 AM;Default;PHC301;SN 240462571090;Edited;Sample ID (29028);2.962;pH;24.6;°C;248;mV;;;;;;;;;;;;;;;OK;4/25/2024;12:22:34 PM;Default;Slope;-57.99;98;mV/pH;14.1;mV;0.9998;3;4;pH;187.6;mV;22.2;7.01;pH;11;mV;22;10.04;pH;-159.2;mV;22.5;;;;;;;;;;;;;;;;;;;;;°C;;;;;1714115585;1714047754;2.32E+11;;Interval;EndOfRecord
RD;CD;4/26/2024;7:13:05 AM;Default;CDC401;SN 231662582599;Edited;Sample ID (29028);41.5;mS/cm;24.6;°C;41.2;mS/cm;;;NaCl/Non-Linear;Reference Temperature = 25 °C;;;;;;;;;;;OK;4/19/2024;3:08:41 PM;Default;K;0.366;;cm⁻¹;;;;1;30000;µS/cm;28.4;mS/cm;22.2;;;;;;;;;;;;;;;;;;;;;;;;;;;;;;;°C;;;;;1714115585;1713539321;2.32E+11;;Interval;EndOfRecord
RD;pH;4/26/2024;7:12:03 AM;Default;PHC301;SN 240462571090;Edited;Sample ID (29027);2.962;pH;24.6;°C;248.1;mV;;;;;;;;;;;;;;;OK;4/25/2024;12:22:34 PM;Default;Slope;-57.99;98;mV/pH;14.1;mV;0.9998;3;4;pH;187.6;mV;22.2;7.01;pH;11;mV;22;10.04;pH;-159.2;mV;22.5;;;;;;;;;;;;;;;;;;;;;°C;;;;;1714115523;1714047754;2.32E+11;;Interval;EndOfRecord
RD;CD;4/26/2024;7:12:03 AM;Default;CDC401;SN 231662582599;Edited;Sample ID (29027);41.5;mS/cm;24.6;°C;41.3;mS/cm;;;NaCl/Non-Linear;Reference Temperature = 25 °C;;;;;;;;;;;OK;4/19/2024;3:08:41 PM;Default;K;0.366;;cm⁻¹;;;;1;30000;µS/cm;28.4;mS/cm;22.2;;;;;;;;;;;;;;;;;;;;;;;;;;;;;;;°C;;;;;1714115523;1713539321;2.32E+11;;Interval;EndOfRecord
RD;pH;4/26/2024;7:11:03 AM;Default;PHC301;SN 240462571090;Edited;Sample ID (29026);2.962;pH;24.7;°C;248.1;mV;;;;;;;;;;;;;;;OK;4/25/2024;12:22:34 PM;Default;Slope;-57.99;98;mV/pH;14.1;mV;0.9998;3;4;pH;187.6;mV;22.2;7.01;pH;11;mV;22;10.04;pH;-159.2;mV;22.5;;;;;;;;;;;;;;;;;;;;;°C;;;;;1714115463;1714047754;2.32E+11;;Interval;EndOfRecord
RD;CD;4/26/2024;7:11:03 AM;Default;CDC401;SN 231662582599;Edited;Sample ID (29026);41.5;mS/cm;24.7;°C;41.3;mS/cm;;;NaCl/Non-Linear;Reference Temperature = 25 °C;;;;;;;;;;;OK;4/19/2024;3:08:41 PM;Default;K;0.366;;cm⁻¹;;;;1;30000;µS/cm;28.4;mS/cm;22.2;;;;;;;;;;;;;;;;;;;;;;;;;;;;;;;°C;;;;;1714115463;1713539321;2.32E+11;;Interval;EndOfRecord
RD;pH;4/26/2024;7:10:04 AM;Default;PHC301;SN 240462571090;Edited;Sample ID (29025);2.962;pH;24.7;°C;248.1;mV;;;;;;;;;;;;;;;OK;4/25/2024;12:22:34 PM;Default;Slope;-57.99;98;mV/pH;14.1;mV;0.9998;3;4;pH;187.6;mV;22.2;7.01;pH;11;mV;22;10.04;pH;-159.2;mV;22.5;;;;;;;;;;;;;;;;;;;;;°C;;;;;1714115404;1714047754;2.32E+11;;Interval;EndOfRecord
RD;CD;4/26/2024;7:10:04 AM;Default;CDC401;SN 231662582599;Edited;Sample ID (29025);41.5;mS/cm;24.7;°C;41.3;mS/cm;;;NaCl/Non-Linear;Reference Temperature = 25 °C;;;;;;;;;;;OK;4/19/2024;3:08:41 PM;Default;K;0.366;;cm⁻¹;;;;1;30000;µS/cm;28.4;mS/cm;22.2;;;;;;;;;;;;;;;;;;;;;;;;;;;;;;;°C;;;;;1714115404;1713539321;2.32E+11;;Interval;EndOfRecord
RD;pH;4/26/2024;7:09:04 AM;Default;PHC301;SN 240462571090;Edited;Sample ID (29024);2.963;pH;24.8;°C;248.1;mV;;;;;;;;;;;;;;;OK;4/25/2024;12:22:34 PM;Default;Slope;-57.99;98;mV/pH;14.1;mV;0.9998;3;4;pH;187.6;mV;22.2;7.01;pH;11;mV;22;10.04;pH;-159.2;mV;22.5;;;;;;;;;;;;;;;;;;;;;°C;;;;;1714115344;1714047754;2.32E+11;;Interval;EndOfRecord
RD;CD;4/26/2024;7:09:04 AM;Default;CDC401;SN 231662582599;Edited;Sample ID (29024);41.5;mS/cm;24.8;°C;41.3;mS/cm;;;NaCl/Non-Linear;Reference Temperature = 25 °C;;;;;;;;;;;OK;4/19/2024;3:08:41 PM;Default;K;0.366;;cm⁻¹;;;;1;30000;µS/cm;28.4;mS/cm;22.2;;;;;;;;;;;;;;;;;;;;;;;;;;;;;;;°C;;;;;1714115344;1713539321;2.32E+11;;Interval;EndOfRecord
RD;pH;4/26/2024;7:08:04 AM;Default;PHC301;SN 240462571090;Edited;Sample ID (29023);2.963;pH;24.8;°C;248.1;mV;;;;;;;;;;;;;;;OK;4/25/2024;12:22:34 PM;Default;Slope;-57.99;98;mV/pH;14.1;mV;0.9998;3;4;pH;187.6;mV;22.2;7.01;pH;11;mV;22;10.04;pH;-159.2;mV;22.5;;;;;;;;;;;;;;;;;;;;;°C;;;;;1714115284;1714047754;2.32E+11;;Interval;EndOfRecord
RD;CD;4/26/2024;7:08:04 AM;Default;CDC401;SN 231662582599;Edited;Sample ID (29023);41.5;mS/cm;24.9;°C;41.4;mS/cm;;;NaCl/Non-Linear;Reference Temperature = 25 °C;;;;;;;;;;;OK;4/19/2024;3:08:41 PM;Default;K;0.366;;cm⁻¹;;;;1;30000;µS/cm;28.4;mS/cm;22.2;;;;;;;;;;;;;;;;;;;;;;;;;;;;;;;°C;;;;;1714115284;1713539321;2.32E+11;;Interval;EndOfRecord
RD;pH;4/26/2024;7:07:04 AM;Default;PHC301;SN 240462571090;Edited;Sample ID (29022);2.963;pH;24.9;°C;248.1;mV;;;;;;;;;;;;;;;OK;4/25/2024;12:22:34 PM;Default;Slope;-57.99;98;mV/pH;14.1;mV;0.9998;3;4;pH;187.6;mV;22.2;7.01;pH;11;mV;22;10.04;pH;-159.2;mV;22.5;;;;;;;;;;;;;;;;;;;;;°C;;;;;1714115224;1714047754;2.32E+11;;Interval;EndOfRecord
RD;CD;4/26/2024;7:07:04 AM;Default;CDC401;SN 231662582599;Edited;Sample ID (29022);41.5;mS/cm;24.9;°C;41.4;mS/cm;;;NaCl/Non-Linear;Reference Temperature = 25 °C;;;;;;;;;;;OK;4/19/2024;3:08:41 PM;Default;K;0.366;;cm⁻¹;;;;1;30000;µS/cm;28.4;mS/cm;22.2;;;;;;;;;;;;;;;;;;;;;;;;;;;;;;;°C;;;;;1714115224;1713539321;2.32E+11;;Interval;EndOfRecord
RD;pH;4/26/2024;7:06:03 AM;Default;PHC301;SN 240462571090;Edited;Sample ID (29021);2.965;pH;24.9;°C;248.1;mV;;;;;;;;;;;;;;;OK;4/25/2024;12:22:34 PM;Default;Slope;-57.99;98;mV/pH;14.1;mV;0.9998;3;4;pH;187.6;mV;22.2;7.01;pH;11;mV;22;10.04;pH;-159.2;mV;22.5;;;;;;;;;;;;;;;;;;;;;°C;;;;;1714115163;1714047754;2.32E+11;;Interval;EndOfRecord
RD;CD;4/26/2024;7:06:03 AM;Default;CDC401;SN 231662582599;Edited;Sample ID (29021);41.5;mS/cm;25;°C;41.5;mS/cm;;;NaCl/Non-Linear;Reference Temperature = 25 °C;;;;;;;;;;;OK;4/19/2024;3:08:41 PM;Default;K;0.366;;cm⁻¹;;;;1;30000;µS/cm;28.4;mS/cm;22.2;;;;;;;;;;;;;;;;;;;;;;;;;;;;;;;°C;;;;;1714115163;1713539321;2.32E+11;;Interval;EndOfRecord
RD;pH;4/26/2024;7:05:03 AM;Default;PHC301;SN 240462571090;Edited;Sample ID (29020);2.965;pH;25;°C;248.2;mV;;;;;;;;;;;;;;;OK;4/25/2024;12:22:34 PM;Default;Slope;-57.99;98;mV/pH;14.1;mV;0.9998;3;4;pH;187.6;mV;22.2;7.01;pH;11;mV;22;10.04;pH;-159.2;mV;22.5;;;;;;;;;;;;;;;;;;;;;°C;;;;;1714115103;1714047754;2.32E+11;;Interval;EndOfRecord
RD;CD;4/26/2024;7:05:03 AM;Default;CDC401;SN 231662582599;Edited;Sample ID (29020);41.5;mS/cm;25;°C;41.6;mS/cm;;;NaCl/Non-Linear;Reference Temperature = 25 °C;;;;;;;;;;;OK;4/19/2024;3:08:41 PM;Default;K;0.366;;cm⁻¹;;;;1;30000;µS/cm;28.4;mS/cm;22.2;;;;;;;;;;;;;;;;;;;;;;;;;;;;;;;°C;;;;;1714115103;1713539321;2.32E+11;;Interval;EndOfRecord
RD;pH;4/26/2024;7:04:03 AM;Default;PHC301;SN 240462571090;Edited;Sample ID (29019);2.965;pH;25;°C;248.2;mV;;;;;;;;;;;;;;;OK;4/25/2024;12:22:34 PM;Default;Slope;-57.99;98;mV/pH;14.1;mV;0.9998;3;4;pH;187.6;mV;22.2;7.01;pH;11;mV;22;10.04;pH;-159.2;mV;22.5;;;;;;;;;;;;;;;;;;;;;°C;;;;;1714115043;1714047754;2.32E+11;;Interval;EndOfRecord
RD;CD;4/26/2024;7:04:03 AM;Default;CDC401;SN 231662582599;Edited;Sample ID (29019);41.5;mS/cm;25.1;°C;41.6;mS/cm;;;NaCl/Non-Linear;Reference Temperature = 25 °C;;;;;;;;;;;OK;4/19/2024;3:08:41 PM;Default;K;0.366;;cm⁻¹;;;;1;30000;µS/cm;28.4;mS/cm;22.2;;;;;;;;;;;;;;;;;;;;;;;;;;;;;;;°C;;;;;1714115043;1713539321;2.32E+11;;Interval;EndOfRecord
RD;pH;4/26/2024;7:03:03 AM;Default;PHC301;SN 240462571090;Edited;Sample ID (29018);2.966;pH;25.2;°C;248.2;mV;;;;;;;;;;;;;;;OK;4/25/2024;12:22:34 PM;Default;Slope;-57.99;98;mV/pH;14.1;mV;0.9998;3;4;pH;187.6;mV;22.2;7.01;pH;11;mV;22;10.04;pH;-159.2;mV;22.5;;;;;;;;;;;;;;;;;;;;;°C;;;;;1714114983;1714047754;2.32E+11;;Interval;EndOfRecord
RD;CD;4/26/2024;7:03:03 AM;Default;CDC401;SN 231662582599;Edited;Sample ID (29018);41.5;mS/cm;25.1;°C;41.6;mS/cm;;;NaCl/Non-Linear;Reference Temperature = 25 °C;;;;;;;;;;;OK;4/19/2024;3:08:41 PM;Default;K;0.366;;cm⁻¹;;;;1;30000;µS/cm;28.4;mS/cm;22.2;;;;;;;;;;;;;;;;;;;;;;;;;;;;;;;°C;;;;;1714114983;1713539321;2.32E+11;;Interval;EndOfRecord
RD;pH;4/26/2024;7:02:04 AM;Default;PHC301;SN 240462571090;Edited;Sample ID (29017);2.966;pH;25.2;°C;248.2;mV;;;;;;;;;;;;;;;OK;4/25/2024;12:22:34 PM;Default;Slope;-57.99;98;mV/pH;14.1;mV;0.9998;3;4;pH;187.6;mV;22.2;7.01;pH;11;mV;22;10.04;pH;-159.2;mV;22.5;;;;;;;;;;;;;;;;;;;;;°C;;;;;1714114924;1714047754;2.32E+11;;Interval;EndOfRecord
RD;CD;4/26/2024;7:02:04 AM;Default;CDC401;SN 231662582599;Edited;Sample ID (29017);41.5;mS/cm;25.2;°C;41.7;mS/cm;;;NaCl/Non-Linear;Reference Temperature = 25 °C;;;;;;;;;;;OK;4/19/2024;3:08:41 PM;Default;K;0.366;;cm⁻¹;;;;1;30000;µS/cm;28.4;mS/cm;22.2;;;;;;;;;;;;;;;;;;;;;;;;;;;;;;;°C;;;;;1714114924;1713539321;2.32E+11;;Interval;EndOfRecord
RD;pH;4/26/2024;7:01:03 AM;Default;PHC301;SN 240462571090;Edited;Sample ID (29016);2.966;pH;25.3;°C;248.2;mV;;;;;;;;;;;;;;;OK;4/25/2024;12:22:34 PM;Default;Slope;-57.99;98;mV/pH;14.1;mV;0.9998;3;4;pH;187.6;mV;22.2;7.01;pH;11;mV;22;10.04;pH;-159.2;mV;22.5;;;;;;;;;;;;;;;;;;;;;°C;;;;;1714114863;1714047754;2.32E+11;;Interval;EndOfRecord
RD;CD;4/26/2024;7:01:03 AM;Default;CDC401;SN 231662582599;Edited;Sample ID (29016);41.5;mS/cm;25.2;°C;41.7;mS/cm;;;NaCl/Non-Linear;Reference Temperature = 25 °C;;;;;;;;;;;OK;4/19/2024;3:08:41 PM;Default;K;0.366;;cm⁻¹;;;;1;30000;µS/cm;28.4;mS/cm;22.2;;;;;;;;;;;;;;;;;;;;;;;;;;;;;;;°C;;;;;1714114863;1713539321;2.32E+11;;Interval;EndOfRecord
RD;pH;4/26/2024;7:00:04 AM;Default;PHC301;SN 240462571090;Edited;Sample ID (29015);2.966;pH;25.3;°C;248.3;mV;;;;;;;;;;;;;;;OK;4/25/2024;12:22:34 PM;Default;Slope;-57.99;98;mV/pH;14.1;mV;0.9998;3;4;pH;187.6;mV;22.2;7.01;pH;11;mV;22;10.04;pH;-159.2;mV;22.5;;;;;;;;;;;;;;;;;;;;;°C;;;;;1714114804;1714047754;2.32E+11;;Interval;EndOfRecord
RD;CD;4/26/2024;7:00:04 AM;Default;CDC401;SN 231662582599;Edited;Sample ID (29015);41.5;mS/cm;25.3;°C;41.8;mS/cm;;;NaCl/Non-Linear;Reference Temperature = 25 °C;;;;;;;;;;;OK;4/19/2024;3:08:41 PM;Default;K;0.366;;cm⁻¹;;;;1;30000;µS/cm;28.4;mS/cm;22.2;;;;;;;;;;;;;;;;;;;;;;;;;;;;;;;°C;;;;;1714114804;1713539321;2.32E+11;;Interval;EndOfRecord
RD;pH;4/26/2024;6:59:05 AM;Default;PHC301;SN 240462571090;Edited;Sample ID (29014);2.967;pH;25.4;°C;248.3;mV;;;;;;;;;;;;;;;OK;4/25/2024;12:22:34 PM;Default;Slope;-57.99;98;mV/pH;14.1;mV;0.9998;3;4;pH;187.6;mV;22.2;7.01;pH;11;mV;22;10.04;pH;-159.2;mV;22.5;;;;;;;;;;;;;;;;;;;;;°C;;;;;1714114745;1714047754;2.32E+11;;Interval;EndOfRecord
RD;CD;4/26/2024;6:59:05 AM;Default;CDC401;SN 231662582599;Edited;Sample ID (29014);41.5;mS/cm;25.4;°C;41.8;mS/cm;;;NaCl/Non-Linear;Reference Temperature = 25 °C;;;;;;;;;;;OK;4/19/2024;3:08:41 PM;Default;K;0.366;;cm⁻¹;;;;1;30000;µS/cm;28.4;mS/cm;22.2;;;;;;;;;;;;;;;;;;;;;;;;;;;;;;;°C;;;;;1714114745;1713539321;2.32E+11;;Interval;EndOfRecord
RD;pH;4/26/2024;6:58:04 AM;Default;PHC301;SN 240462571090;Edited;Sample ID (29013);2.967;pH;25.4;°C;248.3;mV;;;;;;;;;;;;;;;OK;4/25/2024;12:22:34 PM;Default;Slope;-57.99;98;mV/pH;14.1;mV;0.9998;3;4;pH;187.6;mV;22.2;7.01;pH;11;mV;22;10.04;pH;-159.2;mV;22.5;;;;;;;;;;;;;;;;;;;;;°C;;;;;1714114684;1714047754;2.32E+11;;Interval;EndOfRecord
RD;CD;4/26/2024;6:58:04 AM;Default;CDC401;SN 231662582599;Edited;Sample ID (29013);41.5;mS/cm;25.4;°C;41.8;mS/cm;;;NaCl/Non-Linear;Reference Temperature = 25 °C;;;;;;;;;;;OK;4/19/2024;3:08:41 PM;Default;K;0.366;;cm⁻¹;;;;1;30000;µS/cm;28.4;mS/cm;22.2;;;;;;;;;;;;;;;;;;;;;;;;;;;;;;;°C;;;;;1714114684;1713539321;2.32E+11;;Interval;EndOfRecord
RD;pH;4/26/2024;6:57:03 AM;Default;PHC301;SN 240462571090;Edited;Sample ID (29012);2.967;pH;25.5;°C;248.5;mV;;;;;;;;;;;;;;;OK;4/25/2024;12:22:34 PM;Default;Slope;-57.99;98;mV/pH;14.1;mV;0.9998;3;4;pH;187.6;mV;22.2;7.01;pH;11;mV;22;10.04;pH;-159.2;mV;22.5;;;;;;;;;;;;;;;;;;;;;°C;;;;;1714114623;1714047754;2.32E+11;;Interval;EndOfRecord
RD;CD;4/26/2024;6:57:03 AM;Default;CDC401;SN 231662582599;Edited;Sample ID (29012);41.5;mS/cm;25.5;°C;41.9;mS/cm;;;NaCl/Non-Linear;Reference Temperature = 25 °C;;;;;;;;;;;OK;4/19/2024;3:08:41 PM;Default;K;0.366;;cm⁻¹;;;;1;30000;µS/cm;28.4;mS/cm;22.2;;;;;;;;;;;;;;;;;;;;;;;;;;;;;;;°C;;;;;1714114623;1713539321;2.32E+11;;Interval;EndOfRecord
RD;pH;4/26/2024;6:56:03 AM;Default;PHC301;SN 240462571090;Edited;Sample ID (29011);2.967;pH;25.5;°C;248.5;mV;;;;;;;;;;;;;;;OK;4/25/2024;12:22:34 PM;Default;Slope;-57.99;98;mV/pH;14.1;mV;0.9998;3;4;pH;187.6;mV;22.2;7.01;pH;11;mV;22;10.04;pH;-159.2;mV;22.5;;;;;;;;;;;;;;;;;;;;;°C;;;;;1714114563;1714047754;2.32E+11;;Interval;EndOfRecord
RD;CD;4/26/2024;6:56:03 AM;Default;CDC401;SN 231662582599;Edited;Sample ID (29011);41.5;mS/cm;25.5;°C;42;mS/cm;;;NaCl/Non-Linear;Reference Temperature = 25 °C;;;;;;;;;;;OK;4/19/2024;3:08:41 PM;Default;K;0.366;;cm⁻¹;;;;1;30000;µS/cm;28.4;mS/cm;22.2;;;;;;;;;;;;;;;;;;;;;;;;;;;;;;;°C;;;;;1714114563;1713539321;2.32E+11;;Interval;EndOfRecord
RD;pH;4/26/2024;6:55:03 AM;Default;PHC301;SN 240462571090;Edited;Sample ID (29010);2.967;pH;25.6;°C;248.5;mV;;;;;;;;;;;;;;;OK;4/25/2024;12:22:34 PM;Default;Slope;-57.99;98;mV/pH;14.1;mV;0.9998;3;4;pH;187.6;mV;22.2;7.01;pH;11;mV;22;10.04;pH;-159.2;mV;22.5;;;;;;;;;;;;;;;;;;;;;°C;;;;;1714114503;1714047754;2.32E+11;;Interval;EndOfRecord
RD;CD;4/26/2024;6:55:03 AM;Default;CDC401;SN 231662582599;Edited;Sample ID (29010);41.5;mS/cm;25.6;°C;42;mS/cm;;;NaCl/Non-Linear;Reference Temperature = 25 °C;;;;;;;;;;;OK;4/19/2024;3:08:41 PM;Default;K;0.366;;cm⁻¹;;;;1;30000;µS/cm;28.4;mS/cm;22.2;;;;;;;;;;;;;;;;;;;;;;;;;;;;;;;°C;;;;;1714114503;1713539321;2.32E+11;;Interval;EndOfRecord
RD;pH;4/26/2024;6:54:04 AM;Default;PHC301;SN 240462571090;Edited;Sample ID (29009);2.967;pH;25.6;°C;248.6;mV;;;;;;;;;;;;;;;OK;4/25/2024;12:22:34 PM;Default;Slope;-57.99;98;mV/pH;14.1;mV;0.9998;3;4;pH;187.6;mV;22.2;7.01;pH;11;mV;22;10.04;pH;-159.2;mV;22.5;;;;;;;;;;;;;;;;;;;;;°C;;;;;1714114444;1714047754;2.32E+11;;Interval;EndOfRecord
RD;CD;4/26/2024;6:54:04 AM;Default;CDC401;SN 231662582599;Edited;Sample ID (29009);41.5;mS/cm;25.6;°C;42;mS/cm;;;NaCl/Non-Linear;Reference Temperature = 25 °C;;;;;;;;;;;OK;4/19/2024;3:08:41 PM;Default;K;0.366;;cm⁻¹;;;;1;30000;µS/cm;28.4;mS/cm;22.2;;;;;;;;;;;;;;;;;;;;;;;;;;;;;;;°C;;;;;1714114444;1713539321;2.32E+11;;Interval;EndOfRecord
RD;pH;4/26/2024;6:53:04 AM;Default;PHC301;SN 240462571090;Edited;Sample ID (29008);2.967;pH;25.7;°C;248.6;mV;;;;;;;;;;;;;;;OK;4/25/2024;12:22:34 PM;Default;Slope;-57.99;98;mV/pH;14.1;mV;0.9998;3;4;pH;187.6;mV;22.2;7.01;pH;11;mV;22;10.04;pH;-159.2;mV;22.5;;;;;;;;;;;;;;;;;;;;;°C;;;;;1714114384;1714047754;2.32E+11;;Interval;EndOfRecord
RD;CD;4/26/2024;6:53:04 AM;Default;CDC401;SN 231662582599;Edited;Sample ID (29008);41.5;mS/cm;25.7;°C;42;mS/cm;;;NaCl/Non-Linear;Reference Temperature = 25 °C;;;;;;;;;;;OK;4/19/2024;3:08:41 PM;Default;K;0.366;;cm⁻¹;;;;1;30000;µS/cm;28.4;mS/cm;22.2;;;;;;;;;;;;;;;;;;;;;;;;;;;;;;;°C;;;;;1714114384;1713539321;2.32E+11;;Interval;EndOfRecord
RD;pH;4/26/2024;6:52:04 AM;Default;PHC301;SN 240462571090;Edited;Sample ID (29007);2.967;pH;25.7;°C;248.6;mV;;;;;;;;;;;;;;;OK;4/25/2024;12:22:34 PM;Default;Slope;-57.99;98;mV/pH;14.1;mV;0.9998;3;4;pH;187.6;mV;22.2;7.01;pH;11;mV;22;10.04;pH;-159.2;mV;22.5;;;;;;;;;;;;;;;;;;;;;°C;;;;;1714114324;1714047754;2.32E+11;;Interval;EndOfRecord
RD;CD;4/26/2024;6:52:04 AM;Default;CDC401;SN 231662582599;Edited;Sample ID (29007);41.5;mS/cm;25.7;°C;42.1;mS/cm;;;NaCl/Non-Linear;Reference Temperature = 25 °C;;;;;;;;;;;OK;4/19/2024;3:08:41 PM;Default;K;0.366;;cm⁻¹;;;;1;30000;µS/cm;28.4;mS/cm;22.2;;;;;;;;;;;;;;;;;;;;;;;;;;;;;;;°C;;;;;1714114324;1713539321;2.32E+11;;Interval;EndOfRecord
RD;pH;4/26/2024;6:51:04 AM;Default;PHC301;SN 240462571090;Edited;Sample ID (29006);2.967;pH;25.8;°C;248.7;mV;;;;;;;;;;;;;;;OK;4/25/2024;12:22:34 PM;Default;Slope;-57.99;98;mV/pH;14.1;mV;0.9998;3;4;pH;187.6;mV;22.2;7.01;pH;11;mV;22;10.04;pH;-159.2;mV;22.5;;;;;;;;;;;;;;;;;;;;;°C;;;;;1714114264;1714047754;2.32E+11;;Interval;EndOfRecord
RD;CD;4/26/2024;6:51:04 AM;Default;CDC401;SN 231662582599;Edited;Sample ID (29006);41.5;mS/cm;25.8;°C;42.1;mS/cm;;;NaCl/Non-Linear;Reference Temperature = 25 °C;;;;;;;;;;;OK;4/19/2024;3:08:41 PM;Default;K;0.366;;cm⁻¹;;;;1;30000;µS/cm;28.4;mS/cm;22.2;;;;;;;;;;;;;;;;;;;;;;;;;;;;;;;°C;;;;;1714114264;1713539321;2.32E+11;;Interval;EndOfRecord
RD;pH;4/26/2024;6:50:04 AM;Default;PHC301;SN 240462571090;Edited;Sample ID (29005);2.968;pH;25.8;°C;248.7;mV;;;;;;;;;;;;;;;OK;4/25/2024;12:22:34 PM;Default;Slope;-57.99;98;mV/pH;14.1;mV;0.9998;3;4;pH;187.6;mV;22.2;7.01;pH;11;mV;22;10.04;pH;-159.2;mV;22.5;;;;;;;;;;;;;;;;;;;;;°C;;;;;1714114204;1714047754;2.32E+11;;Interval;EndOfRecord
RD;CD;4/26/2024;6:50:04 AM;Default;CDC401;SN 231662582599;Edited;Sample ID (29005);41.5;mS/cm;25.9;°C;42.2;mS/cm;;;NaCl/Non-Linear;Reference Temperature = 25 °C;;;;;;;;;;;OK;4/19/2024;3:08:41 PM;Default;K;0.366;;cm⁻¹;;;;1;30000;µS/cm;28.4;mS/cm;22.2;;;;;;;;;;;;;;;;;;;;;;;;;;;;;;;°C;;;;;1714114204;1713539321;2.32E+11;;Interval;EndOfRecord
RD;pH;4/26/2024;6:49:04 AM;Default;PHC301;SN 240462571090;Edited;Sample ID (29004);2.968;pH;26;°C;248.7;mV;;;;;;;;;;;;;;;OK;4/25/2024;12:22:34 PM;Default;Slope;-57.99;98;mV/pH;14.1;mV;0.9998;3;4;pH;187.6;mV;22.2;7.01;pH;11;mV;22;10.04;pH;-159.2;mV;22.5;;;;;;;;;;;;;;;;;;;;;°C;;;;;1714114144;1714047754;2.32E+11;;Interval;EndOfRecord
RD;CD;4/26/2024;6:49:04 AM;Default;CDC401;SN 231662582599;Edited;Sample ID (29004);41.5;mS/cm;25.9;°C;42.3;mS/cm;;;NaCl/Non-Linear;Reference Temperature = 25 °C;;;;;;;;;;;OK;4/19/2024;3:08:41 PM;Default;K;0.366;;cm⁻¹;;;;1;30000;µS/cm;28.4;mS/cm;22.2;;;;;;;;;;;;;;;;;;;;;;;;;;;;;;;°C;;;;;1714114144;1713539321;2.32E+11;;Interval;EndOfRecord
RD;pH;4/26/2024;6:48:04 AM;Default;PHC301;SN 240462571090;Edited;Sample ID (29003);2.968;pH;26;°C;248.7;mV;;;;;;;;;;;;;;;OK;4/25/2024;12:22:34 PM;Default;Slope;-57.99;98;mV/pH;14.1;mV;0.9998;3;4;pH;187.6;mV;22.2;7.01;pH;11;mV;22;10.04;pH;-159.2;mV;22.5;;;;;;;;;;;;;;;;;;;;;°C;;;;;1714114084;1714047754;2.32E+11;;Interval;EndOfRecord
RD;CD;4/26/2024;6:48:04 AM;Default;CDC401;SN 231662582599;Edited;Sample ID (29003);41.5;mS/cm;26;°C;42.3;mS/cm;;;NaCl/Non-Linear;Reference Temperature = 25 °C;;;;;;;;;;;OK;4/19/2024;3:08:41 PM;Default;K;0.366;;cm⁻¹;;;;1;30000;µS/cm;28.4;mS/cm;22.2;;;;;;;;;;;;;;;;;;;;;;;;;;;;;;;°C;;;;;1714114084;1713539321;2.32E+11;;Interval;EndOfRecord
RD;pH;4/26/2024;6:47:04 AM;Default;PHC301;SN 240462571090;Edited;Sample ID (29002);2.97;pH;26.1;°C;248.7;mV;;;;;;;;;;;;;;;OK;4/25/2024;12:22:34 PM;Default;Slope;-57.99;98;mV/pH;14.1;mV;0.9998;3;4;pH;187.6;mV;22.2;7.01;pH;11;mV;22;10.04;pH;-159.2;mV;22.5;;;;;;;;;;;;;;;;;;;;;°C;;;;;1714114024;1714047754;2.32E+11;;Interval;EndOfRecord
RD;CD;4/26/2024;6:47:04 AM;Default;CDC401;SN 231662582599;Edited;Sample ID (29002);41.5;mS/cm;26.1;°C;42.3;mS/cm;;;NaCl/Non-Linear;Reference Temperature = 25 °C;;;;;;;;;;;OK;4/19/2024;3:08:41 PM;Default;K;0.366;;cm⁻¹;;;;1;30000;µS/cm;28.4;mS/cm;22.2;;;;;;;;;;;;;;;;;;;;;;;;;;;;;;;°C;;;;;1714114024;1713539321;2.32E+11;;Interval;EndOfRecord
RD;pH;4/26/2024;6:46:03 AM;Default;PHC301;SN 240462571090;Edited;Sample ID (29001);2.97;pH;26.1;°C;248.8;mV;;;;;;;;;;;;;;;OK;4/25/2024;12:22:34 PM;Default;Slope;-57.99;98;mV/pH;14.1;mV;0.9998;3;4;pH;187.6;mV;22.2;7.01;pH;11;mV;22;10.04;pH;-159.2;mV;22.5;;;;;;;;;;;;;;;;;;;;;°C;;;;;1714113963;1714047754;2.32E+11;;Interval;EndOfRecord
RD;CD;4/26/2024;6:46:03 AM;Default;CDC401;SN 231662582599;Edited;Sample ID (29001);41.5;mS/cm;26.1;°C;42.4;mS/cm;;;NaCl/Non-Linear;Reference Temperature = 25 °C;;;;;;;;;;;OK;4/19/2024;3:08:41 PM;Default;K;0.366;;cm⁻¹;;;;1;30000;µS/cm;28.4;mS/cm;22.2;;;;;;;;;;;;;;;;;;;;;;;;;;;;;;;°C;;;;;1714113963;1713539321;2.32E+11;;Interval;EndOfRecord
RD;pH;4/26/2024;6:45:03 AM;Default;PHC301;SN 240462571090;Edited;Sample ID (29000);2.97;pH;26.2;°C;248.8;mV;;;;;;;;;;;;;;;OK;4/25/2024;12:22:34 PM;Default;Slope;-57.99;98;mV/pH;14.1;mV;0.9998;3;4;pH;187.6;mV;22.2;7.01;pH;11;mV;22;10.04;pH;-159.2;mV;22.5;;;;;;;;;;;;;;;;;;;;;°C;;;;;1714113903;1714047754;2.32E+11;;Interval;EndOfRecord
RD;CD;4/26/2024;6:45:03 AM;Default;CDC401;SN 231662582599;Edited;Sample ID (29000);41.5;mS/cm;26.2;°C;42.5;mS/cm;;;NaCl/Non-Linear;Reference Temperature = 25 °C;;;;;;;;;;;OK;4/19/2024;3:08:41 PM;Default;K;0.366;;cm⁻¹;;;;1;30000;µS/cm;28.4;mS/cm;22.2;;;;;;;;;;;;;;;;;;;;;;;;;;;;;;;°C;;;;;1714113903;1713539321;2.32E+11;;Interval;EndOfRecord
RD;pH;4/26/2024;6:44:04 AM;Default;PHC301;SN 240462571090;Edited;Sample ID (28999);2.971;pH;26.2;°C;248.8;mV;;;;;;;;;;;;;;;OK;4/25/2024;12:22:34 PM;Default;Slope;-57.99;98;mV/pH;14.1;mV;0.9998;3;4;pH;187.6;mV;22.2;7.01;pH;11;mV;22;10.04;pH;-159.2;mV;22.5;;;;;;;;;;;;;;;;;;;;;°C;;;;;1714113844;1714047754;2.32E+11;;Interval;EndOfRecord
RD;CD;4/26/2024;6:44:04 AM;Default;CDC401;SN 231662582599;Edited;Sample ID (28999);41.5;mS/cm;26.3;°C;42.5;mS/cm;;;NaCl/Non-Linear;Reference Temperature = 25 °C;;;;;;;;;;;OK;4/19/2024;3:08:41 PM;Default;K;0.366;;cm⁻¹;;;;1;30000;µS/cm;28.4;mS/cm;22.2;;;;;;;;;;;;;;;;;;;;;;;;;;;;;;;°C;;;;;1714113844;1713539321;2.32E+11;;Interval;EndOfRecord
RD;pH;4/26/2024;6:43:05 AM;Default;PHC301;SN 240462571090;Edited;Sample ID (28998);2.971;pH;26.4;°C;248.8;mV;;;;;;;;;;;;;;;OK;4/25/2024;12:22:34 PM;Default;Slope;-57.99;98;mV/pH;14.1;mV;0.9998;3;4;pH;187.6;mV;22.2;7.01;pH;11;mV;22;10.04;pH;-159.2;mV;22.5;;;;;;;;;;;;;;;;;;;;;°C;;;;;1714113785;1714047754;2.32E+11;;Interval;EndOfRecord
RD;CD;4/26/2024;6:43:05 AM;Default;CDC401;SN 231662582599;Edited;Sample ID (28998);41.5;mS/cm;26.3;°C;42.6;mS/cm;;;NaCl/Non-Linear;Reference Temperature = 25 °C;;;;;;;;;;;OK;4/19/2024;3:08:41 PM;Default;K;0.366;;cm⁻¹;;;;1;30000;µS/cm;28.4;mS/cm;22.2;;;;;;;;;;;;;;;;;;;;;;;;;;;;;;;°C;;;;;1714113785;1713539321;2.32E+11;;Interval;EndOfRecord
RD;pH;4/26/2024;6:42:03 AM;Default;PHC301;SN 240462571090;Edited;Sample ID (28997);2.973;pH;26.4;°C;248.8;mV;;;;;;;;;;;;;;;OK;4/25/2024;12:22:34 PM;Default;Slope;-57.99;98;mV/pH;14.1;mV;0.9998;3;4;pH;187.6;mV;22.2;7.01;pH;11;mV;22;10.04;pH;-159.2;mV;22.5;;;;;;;;;;;;;;;;;;;;;°C;;;;;1714113723;1714047754;2.32E+11;;Interval;EndOfRecord
RD;CD;4/26/2024;6:42:03 AM;Default;CDC401;SN 231662582599;Edited;Sample ID (28997);41.5;mS/cm;26.4;°C;42.6;mS/cm;;;NaCl/Non-Linear;Reference Temperature = 25 °C;;;;;;;;;;;OK;4/19/2024;3:08:41 PM;Default;K;0.366;;cm⁻¹;;;;1;30000;µS/cm;28.4;mS/cm;22.2;;;;;;;;;;;;;;;;;;;;;;;;;;;;;;;°C;;;;;1714113723;1713539321;2.32E+11;;Interval;EndOfRecord
RD;pH;4/26/2024;6:41:03 AM;Default;PHC301;SN 240462571090;Edited;Sample ID (28996);2.973;pH;26.5;°C;248.8;mV;;;;;;;;;;;;;;;OK;4/25/2024;12:22:34 PM;Default;Slope;-57.99;98;mV/pH;14.1;mV;0.9998;3;4;pH;187.6;mV;22.2;7.01;pH;11;mV;22;10.04;pH;-159.2;mV;22.5;;;;;;;;;;;;;;;;;;;;;°C;;;;;1714113663;1714047754;2.32E+11;;Interval;EndOfRecord
RD;CD;4/26/2024;6:41:03 AM;Default;CDC401;SN 231662582599;Edited;Sample ID (28996);41.5;mS/cm;26.5;°C;42.7;mS/cm;;;NaCl/Non-Linear;Reference Temperature = 25 °C;;;;;;;;;;;OK;4/19/2024;3:08:41 PM;Default;K;0.366;;cm⁻¹;;;;1;30000;µS/cm;28.4;mS/cm;22.2;;;;;;;;;;;;;;;;;;;;;;;;;;;;;;;°C;;;;;1714113663;1713539321;2.32E+11;;Interval;EndOfRecord
RD;pH;4/26/2024;6:40:04 AM;Default;PHC301;SN 240462571090;Edited;Sample ID (28995);2.974;pH;26.5;°C;248.9;mV;;;;;;;;;;;;;;;OK;4/25/2024;12:22:34 PM;Default;Slope;-57.99;98;mV/pH;14.1;mV;0.9998;3;4;pH;187.6;mV;22.2;7.01;pH;11;mV;22;10.04;pH;-159.2;mV;22.5;;;;;;;;;;;;;;;;;;;;;°C;;;;;1714113604;1714047754;2.32E+11;;Interval;EndOfRecord
RD;CD;4/26/2024;6:40:04 AM;Default;CDC401;SN 231662582599;Edited;Sample ID (28995);41.5;mS/cm;26.5;°C;42.7;mS/cm;;;NaCl/Non-Linear;Reference Temperature = 25 °C;;;;;;;;;;;OK;4/19/2024;3:08:41 PM;Default;K;0.366;;cm⁻¹;;;;1;30000;µS/cm;28.4;mS/cm;22.2;;;;;;;;;;;;;;;;;;;;;;;;;;;;;;;°C;;;;;1714113604;1713539321;2.32E+11;;Interval;EndOfRecord
RD;pH;4/26/2024;6:39:04 AM;Default;PHC301;SN 240462571090;Edited;Sample ID (28994);2.974;pH;26.7;°C;248.9;mV;;;;;;;;;;;;;;;OK;4/25/2024;12:22:34 PM;Default;Slope;-57.99;98;mV/pH;14.1;mV;0.9998;3;4;pH;187.6;mV;22.2;7.01;pH;11;mV;22;10.04;pH;-159.2;mV;22.5;;;;;;;;;;;;;;;;;;;;;°C;;;;;1714113544;1714047754;2.32E+11;;Interval;EndOfRecord
RD;CD;4/26/2024;6:39:04 AM;Default;CDC401;SN 231662582599;Edited;Sample ID (28994);41.5;mS/cm;26.6;°C;42.8;mS/cm;;;NaCl/Non-Linear;Reference Temperature = 25 °C;;;;;;;;;;;OK;4/19/2024;3:08:41 PM;Default;K;0.366;;cm⁻¹;;;;1;30000;µS/cm;28.4;mS/cm;22.2;;;;;;;;;;;;;;;;;;;;;;;;;;;;;;;°C;;;;;1714113544;1713539321;2.32E+11;;Interval;EndOfRecord
RD;pH;4/26/2024;6:38:04 AM;Default;PHC301;SN 240462571090;Edited;Sample ID (28993);2.975;pH;26.7;°C;248.9;mV;;;;;;;;;;;;;;;OK;4/25/2024;12:22:34 PM;Default;Slope;-57.99;98;mV/pH;14.1;mV;0.9998;3;4;pH;187.6;mV;22.2;7.01;pH;11;mV;22;10.04;pH;-159.2;mV;22.5;;;;;;;;;;;;;;;;;;;;;°C;;;;;1714113484;1714047754;2.32E+11;;Interval;EndOfRecord
RD;CD;4/26/2024;6:38:04 AM;Default;CDC401;SN 231662582599;Edited;Sample ID (28993);41.5;mS/cm;26.7;°C;42.9;mS/cm;;;NaCl/Non-Linear;Reference Temperature = 25 °C;;;;;;;;;;;OK;4/19/2024;3:08:41 PM;Default;K;0.366;;cm⁻¹;;;;1;30000;µS/cm;28.4;mS/cm;22.2;;;;;;;;;;;;;;;;;;;;;;;;;;;;;;;°C;;;;;1714113484;1713539321;2.32E+11;;Interval;EndOfRecord
RD;pH;4/26/2024;6:37:05 AM;Default;PHC301;SN 240462571090;Edited;Sample ID (28992);2.975;pH;26.8;°C;248.9;mV;;;;;;;;;;;;;;;OK;4/25/2024;12:22:34 PM;Default;Slope;-57.99;98;mV/pH;14.1;mV;0.9998;3;4;pH;187.6;mV;22.2;7.01;pH;11;mV;22;10.04;pH;-159.2;mV;22.5;;;;;;;;;;;;;;;;;;;;;°C;;;;;1714113425;1714047754;2.32E+11;;Interval;EndOfRecord
RD;CD;4/26/2024;6:37:05 AM;Default;CDC401;SN 231662582599;Edited;Sample ID (28992);41.4;mS/cm;26.7;°C;42.9;mS/cm;;;NaCl/Non-Linear;Reference Temperature = 25 °C;;;;;;;;;;;OK;4/19/2024;3:08:41 PM;Default;K;0.366;;cm⁻¹;;;;1;30000;µS/cm;28.4;mS/cm;22.2;;;;;;;;;;;;;;;;;;;;;;;;;;;;;;;°C;;;;;1714113425;1713539321;2.32E+11;;Interval;EndOfRecord
RD;pH;4/26/2024;6:36:03 AM;Default;PHC301;SN 240462571090;Edited;Sample ID (28991);2.976;pH;26.8;°C;248.9;mV;;;;;;;;;;;;;;;OK;4/25/2024;12:22:34 PM;Default;Slope;-57.99;98;mV/pH;14.1;mV;0.9998;3;4;pH;187.6;mV;22.2;7.01;pH;11;mV;22;10.04;pH;-159.2;mV;22.5;;;;;;;;;;;;;;;;;;;;;°C;;;;;1714113363;1714047754;2.32E+11;;Interval;EndOfRecord
RD;CD;4/26/2024;6:36:03 AM;Default;CDC401;SN 231662582599;Edited;Sample ID (28991);41.5;mS/cm;26.8;°C;43;mS/cm;;;NaCl/Non-Linear;Reference Temperature = 25 °C;;;;;;;;;;;OK;4/19/2024;3:08:41 PM;Default;K;0.366;;cm⁻¹;;;;1;30000;µS/cm;28.4;mS/cm;22.2;;;;;;;;;;;;;;;;;;;;;;;;;;;;;;;°C;;;;;1714113363;1713539321;2.32E+11;;Interval;EndOfRecord
RD;pH;4/26/2024;6:35:03 AM;Default;PHC301;SN 240462571090;Edited;Sample ID (28990);2.976;pH;27;°C;248.9;mV;;;;;;;;;;;;;;;OK;4/25/2024;12:22:34 PM;Default;Slope;-57.99;98;mV/pH;14.1;mV;0.9998;3;4;pH;187.6;mV;22.2;7.01;pH;11;mV;22;10.04;pH;-159.2;mV;22.5;;;;;;;;;;;;;;;;;;;;;°C;;;;;1714113303;1714047754;2.32E+11;;Interval;EndOfRecord
RD;CD;4/26/2024;6:35:03 AM;Default;CDC401;SN 231662582599;Edited;Sample ID (28990);41.5;mS/cm;26.9;°C;43.1;mS/cm;;;NaCl/Non-Linear;Reference Temperature = 25 °C;;;;;;;;;;;OK;4/19/2024;3:08:41 PM;Default;K;0.366;;cm⁻¹;;;;1;30000;µS/cm;28.4;mS/cm;22.2;;;;;;;;;;;;;;;;;;;;;;;;;;;;;;;°C;;;;;1714113303;1713539321;2.32E+11;;Interval;EndOfRecord
RD;pH;4/26/2024;6:34:03 AM;Default;PHC301;SN 240462571090;Edited;Sample ID (28989);2.977;pH;27;°C;248.9;mV;;;;;;;;;;;;;;;OK;4/25/2024;12:22:34 PM;Default;Slope;-57.99;98;mV/pH;14.1;mV;0.9998;3;4;pH;187.6;mV;22.2;7.01;pH;11;mV;22;10.04;pH;-159.2;mV;22.5;;;;;;;;;;;;;;;;;;;;;°C;;;;;1714113243;1714047754;2.32E+11;;Interval;EndOfRecord
RD;CD;4/26/2024;6:34:03 AM;Default;CDC401;SN 231662582599;Edited;Sample ID (28989);41.5;mS/cm;27;°C;43.1;mS/cm;;;NaCl/Non-Linear;Reference Temperature = 25 °C;;;;;;;;;;;OK;4/19/2024;3:08:41 PM;Default;K;0.366;;cm⁻¹;;;;1;30000;µS/cm;28.4;mS/cm;22.2;;;;;;;;;;;;;;;;;;;;;;;;;;;;;;;°C;;;;;1714113243;1713539321;2.32E+11;;Interval;EndOfRecord
RD;pH;4/26/2024;6:33:03 AM;Default;PHC301;SN 240462571090;Edited;Sample ID (28988);2.979;pH;27.1;°C;248.9;mV;;;;;;;;;;;;;;;OK;4/25/2024;12:22:34 PM;Default;Slope;-57.99;98;mV/pH;14.1;mV;0.9998;3;4;pH;187.6;mV;22.2;7.01;pH;11;mV;22;10.04;pH;-159.2;mV;22.5;;;;;;;;;;;;;;;;;;;;;°C;;;;;1714113183;1714047754;2.32E+11;;Interval;EndOfRecord
RD;CD;4/26/2024;6:33:03 AM;Default;CDC401;SN 231662582599;Edited;Sample ID (28988);41.5;mS/cm;27;°C;43.2;mS/cm;;;NaCl/Non-Linear;Reference Temperature = 25 °C;;;;;;;;;;;OK;4/19/2024;3:08:41 PM;Default;K;0.366;;cm⁻¹;;;;1;30000;µS/cm;28.4;mS/cm;22.2;;;;;;;;;;;;;;;;;;;;;;;;;;;;;;;°C;;;;;1714113183;1713539321;2.32E+11;;Interval;EndOfRecord
RD;pH;4/26/2024;6:32:04 AM;Default;PHC301;SN 240462571090;Edited;Sample ID (28987);2.979;pH;27.1;°C;248.9;mV;;;;;;;;;;;;;;;OK;4/25/2024;12:22:34 PM;Default;Slope;-57.99;98;mV/pH;14.1;mV;0.9998;3;4;pH;187.6;mV;22.2;7.01;pH;11;mV;22;10.04;pH;-159.2;mV;22.5;;;;;;;;;;;;;;;;;;;;;°C;;;;;1714113124;1714047754;2.32E+11;;Interval;EndOfRecord
RD;CD;4/26/2024;6:32:04 AM;Default;CDC401;SN 231662582599;Edited;Sample ID (28987);41.4;mS/cm;27.1;°C;43.2;mS/cm;;;NaCl/Non-Linear;Reference Temperature = 25 °C;;;;;;;;;;;OK;4/19/2024;3:08:41 PM;Default;K;0.366;;cm⁻¹;;;;1;30000;µS/cm;28.4;mS/cm;22.2;;;;;;;;;;;;;;;;;;;;;;;;;;;;;;;°C;;;;;1714113124;1713539321;2.32E+11;;Interval;EndOfRecord
RD;pH;4/26/2024;6:31:03 AM;Default;PHC301;SN 240462571090;Edited;Sample ID (28986);2.98;pH;27.3;°C;248.9;mV;;;;;;;;;;;;;;;OK;4/25/2024;12:22:34 PM;Default;Slope;-57.99;98;mV/pH;14.1;mV;0.9998;3;4;pH;187.6;mV;22.2;7.01;pH;11;mV;22;10.04;pH;-159.2;mV;22.5;;;;;;;;;;;;;;;;;;;;;°C;;;;;1714113063;1714047754;2.32E+11;;Interval;EndOfRecord
RD;CD;4/26/2024;6:31:03 AM;Default;CDC401;SN 231662582599;Edited;Sample ID (28986);41.5;mS/cm;27.2;°C;43.3;mS/cm;;;NaCl/Non-Linear;Reference Temperature = 25 °C;;;;;;;;;;;OK;4/19/2024;3:08:41 PM;Default;K;0.366;;cm⁻¹;;;;1;30000;µS/cm;28.4;mS/cm;22.2;;;;;;;;;;;;;;;;;;;;;;;;;;;;;;;°C;;;;;1714113063;1713539321;2.32E+11;;Interval;EndOfRecord
RD;pH;4/26/2024;6:30:05 AM;Default;PHC301;SN 240462571090;Edited;Sample ID (28985);2.98;pH;27.3;°C;248.9;mV;;;;;;;;;;;;;;;OK;4/25/2024;12:22:34 PM;Default;Slope;-57.99;98;mV/pH;14.1;mV;0.9998;3;4;pH;187.6;mV;22.2;7.01;pH;11;mV;22;10.04;pH;-159.2;mV;22.5;;;;;;;;;;;;;;;;;;;;;°C;;;;;1714113005;1714047754;2.32E+11;;Interval;EndOfRecord
RD;CD;4/26/2024;6:30:05 AM;Default;CDC401;SN 231662582599;Edited;Sample ID (28985);41.4;mS/cm;27.3;°C;43.3;mS/cm;;;NaCl/Non-Linear;Reference Temperature = 25 °C;;;;;;;;;;;OK;4/19/2024;3:08:41 PM;Default;K;0.366;;cm⁻¹;;;;1;30000;µS/cm;28.4;mS/cm;22.2;;;;;;;;;;;;;;;;;;;;;;;;;;;;;;;°C;;;;;1714113005;1713539321;2.32E+11;;Interval;EndOfRecord
RD;pH;4/26/2024;6:29:03 AM;Default;PHC301;SN 240462571090;Edited;Sample ID (28984);2.981;pH;27.4;°C;248.9;mV;;;;;;;;;;;;;;;OK;4/25/2024;12:22:34 PM;Default;Slope;-57.99;98;mV/pH;14.1;mV;0.9998;3;4;pH;187.6;mV;22.2;7.01;pH;11;mV;22;10.04;pH;-159.2;mV;22.5;;;;;;;;;;;;;;;;;;;;;°C;;;;;1714112943;1714047754;2.32E+11;;Interval;EndOfRecord
RD;CD;4/26/2024;6:29:03 AM;Default;CDC401;SN 231662582599;Edited;Sample ID (28984);41.5;mS/cm;27.4;°C;43.4;mS/cm;;;NaCl/Non-Linear;Reference Temperature = 25 °C;;;;;;;;;;;OK;4/19/2024;3:08:41 PM;Default;K;0.366;;cm⁻¹;;;;1;30000;µS/cm;28.4;mS/cm;22.2;;;;;;;;;;;;;;;;;;;;;;;;;;;;;;;°C;;;;;1714112943;1713539321;2.32E+11;;Interval;EndOfRecord
RD;pH;4/26/2024;6:28:04 AM;Default;PHC301;SN 240462571090;Edited;Sample ID (28983);2.983;pH;27.4;°C;248.9;mV;;;;;;;;;;;;;;;OK;4/25/2024;12:22:34 PM;Default;Slope;-57.99;98;mV/pH;14.1;mV;0.9998;3;4;pH;187.6;mV;22.2;7.01;pH;11;mV;22;10.04;pH;-159.2;mV;22.5;;;;;;;;;;;;;;;;;;;;;°C;;;;;1714112884;1714047754;2.32E+11;;Interval;EndOfRecord
RD;CD;4/26/2024;6:28:04 AM;Default;CDC401;SN 231662582599;Edited;Sample ID (28983);41.4;mS/cm;27.4;°C;43.4;mS/cm;;;NaCl/Non-Linear;Reference Temperature = 25 °C;;;;;;;;;;;OK;4/19/2024;3:08:41 PM;Default;K;0.366;;cm⁻¹;;;;1;30000;µS/cm;28.4;mS/cm;22.2;;;;;;;;;;;;;;;;;;;;;;;;;;;;;;;°C;;;;;1714112884;1713539321;2.32E+11;;Interval;EndOfRecord
RD;pH;4/26/2024;6:27:03 AM;Default;PHC301;SN 240462571090;Edited;Sample ID (28982);2.985;pH;27.6;°C;248.9;mV;;;;;;;;;;;;;;;OK;4/25/2024;12:22:34 PM;Default;Slope;-57.99;98;mV/pH;14.1;mV;0.9998;3;4;pH;187.6;mV;22.2;7.01;pH;11;mV;22;10.04;pH;-159.2;mV;22.5;;;;;;;;;;;;;;;;;;;;;°C;;;;;1714112823;1714047754;2.32E+11;;Interval;EndOfRecord
RD;CD;4/26/2024;6:27:03 AM;Default;CDC401;SN 231662582599;Edited;Sample ID (28982);41.5;mS/cm;27.5;°C;43.5;mS/cm;;;NaCl/Non-Linear;Reference Temperature = 25 °C;;;;;;;;;;;OK;4/19/2024;3:08:41 PM;Default;K;0.366;;cm⁻¹;;;;1;30000;µS/cm;28.4;mS/cm;22.2;;;;;;;;;;;;;;;;;;;;;;;;;;;;;;;°C;;;;;1714112823;1713539321;2.32E+11;;Interval;EndOfRecord
RD;pH;4/26/2024;6:26:03 AM;Default;PHC301;SN 240462571090;Edited;Sample ID (28981);2.986;pH;27.6;°C;248.9;mV;;;;;;;;;;;;;;;OK;4/25/2024;12:22:34 PM;Default;Slope;-57.99;98;mV/pH;14.1;mV;0.9998;3;4;pH;187.6;mV;22.2;7.01;pH;11;mV;22;10.04;pH;-159.2;mV;22.5;;;;;;;;;;;;;;;;;;;;;°C;;;;;1714112763;1714047754;2.32E+11;;Interval;EndOfRecord
RD;CD;4/26/2024;6:26:03 AM;Default;CDC401;SN 231662582599;Edited;Sample ID (28981);41.5;mS/cm;27.6;°C;43.6;mS/cm;;;NaCl/Non-Linear;Reference Temperature = 25 °C;;;;;;;;;;;OK;4/19/2024;3:08:41 PM;Default;K;0.366;;cm⁻¹;;;;1;30000;µS/cm;28.4;mS/cm;22.2;;;;;;;;;;;;;;;;;;;;;;;;;;;;;;;°C;;;;;1714112763;1713539321;2.32E+11;;Interval;EndOfRecord
RD;pH;4/26/2024;6:25:03 AM;Default;PHC301;SN 240462571090;Edited;Sample ID (28980);2.988;pH;27.7;°C;248.8;mV;;;;;;;;;;;;;;;OK;4/25/2024;12:22:34 PM;Default;Slope;-57.99;98;mV/pH;14.1;mV;0.9998;3;4;pH;187.6;mV;22.2;7.01;pH;11;mV;22;10.04;pH;-159.2;mV;22.5;;;;;;;;;;;;;;;;;;;;;°C;;;;;1714112703;1714047754;2.32E+11;;Interval;EndOfRecord
RD;CD;4/26/2024;6:25:03 AM;Default;CDC401;SN 231662582599;Edited;Sample ID (28980);41.5;mS/cm;27.7;°C;43.7;mS/cm;;;NaCl/Non-Linear;Reference Temperature = 25 °C;;;;;;;;;;;OK;4/19/2024;3:08:41 PM;Default;K;0.366;;cm⁻¹;;;;1;30000;µS/cm;28.4;mS/cm;22.2;;;;;;;;;;;;;;;;;;;;;;;;;;;;;;;°C;;;;;1714112703;1713539321;2.32E+11;;Interval;EndOfRecord
RD;pH;4/26/2024;6:24:05 AM;Default;PHC301;SN 240462571090;Edited;Sample ID (28979);2.99;pH;27.7;°C;248.8;mV;;;;;;;;;;;;;;;OK;4/25/2024;12:22:34 PM;Default;Slope;-57.99;98;mV/pH;14.1;mV;0.9998;3;4;pH;187.6;mV;22.2;7.01;pH;11;mV;22;10.04;pH;-159.2;mV;22.5;;;;;;;;;;;;;;;;;;;;;°C;;;;;1714112645;1714047754;2.32E+11;;Interval;EndOfRecord
RD;CD;4/26/2024;6:24:05 AM;Default;CDC401;SN 231662582599;Edited;Sample ID (28979);41.4;mS/cm;27.8;°C;43.7;mS/cm;;;NaCl/Non-Linear;Reference Temperature = 25 °C;;;;;;;;;;;OK;4/19/2024;3:08:41 PM;Default;K;0.366;;cm⁻¹;;;;1;30000;µS/cm;28.4;mS/cm;22.2;;;;;;;;;;;;;;;;;;;;;;;;;;;;;;;°C;;;;;1714112645;1713539321;2.32E+11;;Interval;EndOfRecord
RD;pH;4/26/2024;6:23:03 AM;Default;PHC301;SN 240462571090;Edited;Sample ID (28978);2.992;pH;27.9;°C;248.7;mV;;;;;;;;;;;;;;;OK;4/25/2024;12:22:34 PM;Default;Slope;-57.99;98;mV/pH;14.1;mV;0.9998;3;4;pH;187.6;mV;22.2;7.01;pH;11;mV;22;10.04;pH;-159.2;mV;22.5;;;;;;;;;;;;;;;;;;;;;°C;;;;;1714112583;1714047754;2.32E+11;;Interval;EndOfRecord
RD;CD;4/26/2024;6:23:03 AM;Default;CDC401;SN 231662582599;Edited;Sample ID (28978);41.4;mS/cm;27.8;°C;43.8;mS/cm;;;NaCl/Non-Linear;Reference Temperature = 25 °C;;;;;;;;;;;OK;4/19/2024;3:08:41 PM;Default;K;0.366;;cm⁻¹;;;;1;30000;µS/cm;28.4;mS/cm;22.2;;;;;;;;;;;;;;;;;;;;;;;;;;;;;;;°C;;;;;1714112583;1713539321;2.32E+11;;Interval;EndOfRecord
RD;pH;4/26/2024;6:22:04 AM;Default;PHC301;SN 240462571090;Edited;Sample ID (28977);2.994;pH;27.9;°C;248.7;mV;;;;;;;;;;;;;;;OK;4/25/2024;12:22:34 PM;Default;Slope;-57.99;98;mV/pH;14.1;mV;0.9998;3;4;pH;187.6;mV;22.2;7.01;pH;11;mV;22;10.04;pH;-159.2;mV;22.5;;;;;;;;;;;;;;;;;;;;;°C;;;;;1714112524;1714047754;2.32E+11;;Interval;EndOfRecord
RD;CD;4/26/2024;6:22:04 AM;Default;CDC401;SN 231662582599;Edited;Sample ID (28977);41.4;mS/cm;27.9;°C;43.8;mS/cm;;;NaCl/Non-Linear;Reference Temperature = 25 °C;;;;;;;;;;;OK;4/19/2024;3:08:41 PM;Default;K;0.366;;cm⁻¹;;;;1;30000;µS/cm;28.4;mS/cm;22.2;;;;;;;;;;;;;;;;;;;;;;;;;;;;;;;°C;;;;;1714112524;1713539321;2.32E+11;;Interval;EndOfRecord
RD;pH;4/26/2024;6:21:04 AM;Default;PHC301;SN 240462571090;Edited;Sample ID (28976);2.996;pH;28.1;°C;248.6;mV;;;;;;;;;;;;;;;OK;4/25/2024;12:22:34 PM;Default;Slope;-57.99;98;mV/pH;14.1;mV;0.9998;3;4;pH;187.6;mV;22.2;7.01;pH;11;mV;22;10.04;pH;-159.2;mV;22.5;;;;;;;;;;;;;;;;;;;;;°C;;;;;1714112464;1714047754;2.32E+11;;Interval;EndOfRecord
RD;CD;4/26/2024;6:21:04 AM;Default;CDC401;SN 231662582599;Edited;Sample ID (28976);41.4;mS/cm;28;°C;43.9;mS/cm;;;NaCl/Non-Linear;Reference Temperature = 25 °C;;;;;;;;;;;OK;4/19/2024;3:08:41 PM;Default;K;0.366;;cm⁻¹;;;;1;30000;µS/cm;28.4;mS/cm;22.2;;;;;;;;;;;;;;;;;;;;;;;;;;;;;;;°C;;;;;1714112464;1713539321;2.32E+11;;Interval;EndOfRecord
RD;pH;4/26/2024;6:20:04 AM;Default;PHC301;SN 240462571090;Edited;Sample ID (28975);2.998;pH;28.1;°C;248.6;mV;;;;;;;;;;;;;;;OK;4/25/2024;12:22:34 PM;Default;Slope;-57.99;98;mV/pH;14.1;mV;0.9998;3;4;pH;187.6;mV;22.2;7.01;pH;11;mV;22;10.04;pH;-159.2;mV;22.5;;;;;;;;;;;;;;;;;;;;;°C;;;;;1714112404;1714047754;2.32E+11;;Interval;EndOfRecord
RD;CD;4/26/2024;6:20:04 AM;Default;CDC401;SN 231662582599;Edited;Sample ID (28975);41.4;mS/cm;28.1;°C;44;mS/cm;;;NaCl/Non-Linear;Reference Temperature = 25 °C;;;;;;;;;;;OK;4/19/2024;3:08:41 PM;Default;K;0.366;;cm⁻¹;;;;1;30000;µS/cm;28.4;mS/cm;22.2;;;;;;;;;;;;;;;;;;;;;;;;;;;;;;;°C;;;;;1714112404;1713539321;2.32E+11;;Interval;EndOfRecord
RD;pH;4/26/2024;6:19:04 AM;Default;PHC301;SN 240462571090;Edited;Sample ID (28974);3;pH;28.2;°C;248.6;mV;;;;;;;;;;;;;;;OK;4/25/2024;12:22:34 PM;Default;Slope;-57.99;98;mV/pH;14.1;mV;0.9998;3;4;pH;187.6;mV;22.2;7.01;pH;11;mV;22;10.04;pH;-159.2;mV;22.5;;;;;;;;;;;;;;;;;;;;;°C;;;;;1714112344;1714047754;2.32E+11;;Interval;EndOfRecord
RD;CD;4/26/2024;6:19:04 AM;Default;CDC401;SN 231662582599;Edited;Sample ID (28974);41.4;mS/cm;28.2;°C;44;mS/cm;;;NaCl/Non-Linear;Reference Temperature = 25 °C;;;;;;;;;;;OK;4/19/2024;3:08:41 PM;Default;K;0.366;;cm⁻¹;;;;1;30000;µS/cm;28.4;mS/cm;22.2;;;;;;;;;;;;;;;;;;;;;;;;;;;;;;;°C;;;;;1714112344;1713539321;2.32E+11;;Interval;EndOfRecord
RD;pH;4/26/2024;6:18:05 AM;Default;PHC301;SN 240462571090;Edited;Sample ID (28973);3;pH;28.2;°C;248.7;mV;;;;;;;;;;;;;;;OK;4/25/2024;12:22:34 PM;Default;Slope;-57.99;98;mV/pH;14.1;mV;0.9998;3;4;pH;187.6;mV;22.2;7.01;pH;11;mV;22;10.04;pH;-159.2;mV;22.5;;;;;;;;;;;;;;;;;;;;;°C;;;;;1714112285;1714047754;2.32E+11;;Interval;EndOfRecord
RD;CD;4/26/2024;6:18:05 AM;Default;CDC401;SN 231662582599;Edited;Sample ID (28973);41.4;mS/cm;28.2;°C;44.1;mS/cm;;;NaCl/Non-Linear;Reference Temperature = 25 °C;;;;;;;;;;;OK;4/19/2024;3:08:41 PM;Default;K;0.366;;cm⁻¹;;;;1;30000;µS/cm;28.4;mS/cm;22.2;;;;;;;;;;;;;;;;;;;;;;;;;;;;;;;°C;;;;;1714112285;1713539321;2.32E+11;;Interval;EndOfRecord
RD;pH;4/26/2024;6:17:04 AM;Default;PHC301;SN 240462571090;Edited;Sample ID (28972);3.002;pH;28.4;°C;248.7;mV;;;;;;;;;;;;;;;OK;4/25/2024;12:22:34 PM;Default;Slope;-57.99;98;mV/pH;14.1;mV;0.9998;3;4;pH;187.6;mV;22.2;7.01;pH;11;mV;22;10.04;pH;-159.2;mV;22.5;;;;;;;;;;;;;;;;;;;;;°C;;;;;1714112224;1714047754;2.32E+11;;Interval;EndOfRecord
RD;CD;4/26/2024;6:17:04 AM;Default;CDC401;SN 231662582599;Edited;Sample ID (28972);41.4;mS/cm;28.3;°C;44.1;mS/cm;;;NaCl/Non-Linear;Reference Temperature = 25 °C;;;;;;;;;;;OK;4/19/2024;3:08:41 PM;Default;K;0.366;;cm⁻¹;;;;1;30000;µS/cm;28.4;mS/cm;22.2;;;;;;;;;;;;;;;;;;;;;;;;;;;;;;;°C;;;;;1714112224;1713539321;2.32E+11;;Interval;EndOfRecord
RD;pH;4/26/2024;6:16:03 AM;Default;PHC301;SN 240462571090;Edited;Sample ID (28971);3.002;pH;28.4;°C;248.7;mV;;;;;;;;;;;;;;;OK;4/25/2024;12:22:34 PM;Default;Slope;-57.99;98;mV/pH;14.1;mV;0.9998;3;4;pH;187.6;mV;22.2;7.01;pH;11;mV;22;10.04;pH;-159.2;mV;22.5;;;;;;;;;;;;;;;;;;;;;°C;;;;;1714112163;1714047754;2.32E+11;;Interval;EndOfRecord
RD;CD;4/26/2024;6:16:03 AM;Default;CDC401;SN 231662582599;Edited;Sample ID (28971);41.4;mS/cm;28.4;°C;44.2;mS/cm;;;NaCl/Non-Linear;Reference Temperature = 25 °C;;;;;;;;;;;OK;4/19/2024;3:08:41 PM;Default;K;0.366;;cm⁻¹;;;;1;30000;µS/cm;28.4;mS/cm;22.2;;;;;;;;;;;;;;;;;;;;;;;;;;;;;;;°C;;;;;1714112163;1713539321;2.32E+11;;Interval;EndOfRecord
RD;pH;4/26/2024;6:15:03 AM;Default;PHC301;SN 240462571090;Edited;Sample ID (28970);3.002;pH;28.5;°C;248.7;mV;;;;;;;;;;;;;;;OK;4/25/2024;12:22:34 PM;Default;Slope;-57.99;98;mV/pH;14.1;mV;0.9998;3;4;pH;187.6;mV;22.2;7.01;pH;11;mV;22;10.04;pH;-159.2;mV;22.5;;;;;;;;;;;;;;;;;;;;;°C;;;;;1714112103;1714047754;2.32E+11;;Interval;EndOfRecord
RD;CD;4/26/2024;6:15:03 AM;Default;CDC401;SN 231662582599;Edited;Sample ID (28970);41.4;mS/cm;28.5;°C;44.3;mS/cm;;;NaCl/Non-Linear;Reference Temperature = 25 °C;;;;;;;;;;;OK;4/19/2024;3:08:41 PM;Default;K;0.366;;cm⁻¹;;;;1;30000;µS/cm;28.4;mS/cm;22.2;;;;;;;;;;;;;;;;;;;;;;;;;;;;;;;°C;;;;;1714112103;1713539321;2.32E+11;;Interval;EndOfRecord
RD;pH;4/26/2024;6:14:04 AM;Default;PHC301;SN 240462571090;Edited;Sample ID (28969);3.002;pH;28.5;°C;248.8;mV;;;;;;;;;;;;;;;OK;4/25/2024;12:22:34 PM;Default;Slope;-57.99;98;mV/pH;14.1;mV;0.9998;3;4;pH;187.6;mV;22.2;7.01;pH;11;mV;22;10.04;pH;-159.2;mV;22.5;;;;;;;;;;;;;;;;;;;;;°C;;;;;1714112044;1714047754;2.32E+11;;Interval;EndOfRecord
RD;CD;4/26/2024;6:14:04 AM;Default;CDC401;SN 231662582599;Edited;Sample ID (28969);41.3;mS/cm;28.5;°C;44.3;mS/cm;;;NaCl/Non-Linear;Reference Temperature = 25 °C;;;;;;;;;;;OK;4/19/2024;3:08:41 PM;Default;K;0.366;;cm⁻¹;;;;1;30000;µS/cm;28.4;mS/cm;22.2;;;;;;;;;;;;;;;;;;;;;;;;;;;;;;;°C;;;;;1714112044;1713539321;2.32E+11;;Interval;EndOfRecord
RD;pH;4/26/2024;6:13:04 AM;Default;PHC301;SN 240462571090;Edited;Sample ID (28968);3.002;pH;28.6;°C;248.8;mV;;;;;;;;;;;;;;;OK;4/25/2024;12:22:34 PM;Default;Slope;-57.99;98;mV/pH;14.1;mV;0.9998;3;4;pH;187.6;mV;22.2;7.01;pH;11;mV;22;10.04;pH;-159.2;mV;22.5;;;;;;;;;;;;;;;;;;;;;°C;;;;;1714111984;1714047754;2.32E+11;;Interval;EndOfRecord
RD;CD;4/26/2024;6:13:04 AM;Default;CDC401;SN 231662582599;Edited;Sample ID (28968);41.3;mS/cm;28.6;°C;44.3;mS/cm;;;NaCl/Non-Linear;Reference Temperature = 25 °C;;;;;;;;;;;OK;4/19/2024;3:08:41 PM;Default;K;0.366;;cm⁻¹;;;;1;30000;µS/cm;28.4;mS/cm;22.2;;;;;;;;;;;;;;;;;;;;;;;;;;;;;;;°C;;;;;1714111984;1713539321;2.32E+11;;Interval;EndOfRecord
RD;pH;4/26/2024;6:12:05 AM;Default;PHC301;SN 240462571090;Edited;Sample ID (28967);3.002;pH;28.6;°C;248.8;mV;;;;;;;;;;;;;;;OK;4/25/2024;12:22:34 PM;Default;Slope;-57.99;98;mV/pH;14.1;mV;0.9998;3;4;pH;187.6;mV;22.2;7.01;pH;11;mV;22;10.04;pH;-159.2;mV;22.5;;;;;;;;;;;;;;;;;;;;;°C;;;;;1714111925;1714047754;2.32E+11;;Interval;EndOfRecord
RD;CD;4/26/2024;6:12:05 AM;Default;CDC401;SN 231662582599;Edited;Sample ID (28967);41.4;mS/cm;28.7;°C;44.4;mS/cm;;;NaCl/Non-Linear;Reference Temperature = 25 °C;;;;;;;;;;;OK;4/19/2024;3:08:41 PM;Default;K;0.366;;cm⁻¹;;;;1;30000;µS/cm;28.4;mS/cm;22.2;;;;;;;;;;;;;;;;;;;;;;;;;;;;;;;°C;;;;;1714111925;1713539321;2.32E+11;;Interval;EndOfRecord
RD;pH;4/26/2024;6:11:04 AM;Default;PHC301;SN 240462571090;Edited;Sample ID (28966);3.003;pH;28.8;°C;248.8;mV;;;;;;;;;;;;;;;OK;4/25/2024;12:22:34 PM;Default;Slope;-57.99;98;mV/pH;14.1;mV;0.9998;3;4;pH;187.6;mV;22.2;7.01;pH;11;mV;22;10.04;pH;-159.2;mV;22.5;;;;;;;;;;;;;;;;;;;;;°C;;;;;1714111864;1714047754;2.32E+11;;Interval;EndOfRecord
RD;CD;4/26/2024;6:11:04 AM;Default;CDC401;SN 231662582599;Edited;Sample ID (28966);41.4;mS/cm;28.7;°C;44.5;mS/cm;;;NaCl/Non-Linear;Reference Temperature = 25 °C;;;;;;;;;;;OK;4/19/2024;3:08:41 PM;Default;K;0.366;;cm⁻¹;;;;1;30000;µS/cm;28.4;mS/cm;22.2;;;;;;;;;;;;;;;;;;;;;;;;;;;;;;;°C;;;;;1714111864;1713539321;2.32E+11;;Interval;EndOfRecord
RD;pH;4/26/2024;6:10:03 AM;Default;PHC301;SN 240462571090;Edited;Sample ID (28965);3.003;pH;28.8;°C;248.9;mV;;;;;;;;;;;;;;;OK;4/25/2024;12:22:34 PM;Default;Slope;-57.99;98;mV/pH;14.1;mV;0.9998;3;4;pH;187.6;mV;22.2;7.01;pH;11;mV;22;10.04;pH;-159.2;mV;22.5;;;;;;;;;;;;;;;;;;;;;°C;;;;;1714111803;1714047754;2.32E+11;;Interval;EndOfRecord
RD;CD;4/26/2024;6:10:03 AM;Default;CDC401;SN 231662582599;Edited;Sample ID (28965);41.4;mS/cm;28.8;°C;44.6;mS/cm;;;NaCl/Non-Linear;Reference Temperature = 25 °C;;;;;;;;;;;OK;4/19/2024;3:08:41 PM;Default;K;0.366;;cm⁻¹;;;;1;30000;µS/cm;28.4;mS/cm;22.2;;;;;;;;;;;;;;;;;;;;;;;;;;;;;;;°C;;;;;1714111803;1713539321;2.32E+11;;Interval;EndOfRecord
RD;pH;4/26/2024;6:09:03 AM;Default;PHC301;SN 240462571090;Edited;Sample ID (28964);3.003;pH;28.9;°C;248.9;mV;;;;;;;;;;;;;;;OK;4/25/2024;12:22:34 PM;Default;Slope;-57.99;98;mV/pH;14.1;mV;0.9998;3;4;pH;187.6;mV;22.2;7.01;pH;11;mV;22;10.04;pH;-159.2;mV;22.5;;;;;;;;;;;;;;;;;;;;;°C;;;;;1714111743;1714047754;2.32E+11;;Interval;EndOfRecord
RD;CD;4/26/2024;6:09:03 AM;Default;CDC401;SN 231662582599;Edited;Sample ID (28964);41.4;mS/cm;28.9;°C;44.6;mS/cm;;;NaCl/Non-Linear;Reference Temperature = 25 °C;;;;;;;;;;;OK;4/19/2024;3:08:41 PM;Default;K;0.366;;cm⁻¹;;;;1;30000;µS/cm;28.4;mS/cm;22.2;;;;;;;;;;;;;;;;;;;;;;;;;;;;;;;°C;;;;;1714111743;1713539321;2.32E+11;;Interval;EndOfRecord
RD;pH;4/26/2024;6:08:03 AM;Default;PHC301;SN 240462571090;Edited;Sample ID (28963);3.004;pH;28.9;°C;248.9;mV;;;;;;;;;;;;;;;OK;4/25/2024;12:22:34 PM;Default;Slope;-57.99;98;mV/pH;14.1;mV;0.9998;3;4;pH;187.6;mV;22.2;7.01;pH;11;mV;22;10.04;pH;-159.2;mV;22.5;;;;;;;;;;;;;;;;;;;;;°C;;;;;1714111683;1714047754;2.32E+11;;Interval;EndOfRecord
RD;CD;4/26/2024;6:08:03 AM;Default;CDC401;SN 231662582599;Edited;Sample ID (28963);41.4;mS/cm;28.9;°C;44.7;mS/cm;;;NaCl/Non-Linear;Reference Temperature = 25 °C;;;;;;;;;;;OK;4/19/2024;3:08:41 PM;Default;K;0.366;;cm⁻¹;;;;1;30000;µS/cm;28.4;mS/cm;22.2;;;;;;;;;;;;;;;;;;;;;;;;;;;;;;;°C;;;;;1714111683;1713539321;2.32E+11;;Interval;EndOfRecord
RD;pH;4/26/2024;6:07:04 AM;Default;PHC301;SN 240462571090;Edited;Sample ID (28962);3.004;pH;29.1;°C;248.9;mV;;;;;;;;;;;;;;;OK;4/25/2024;12:22:34 PM;Default;Slope;-57.99;98;mV/pH;14.1;mV;0.9998;3;4;pH;187.6;mV;22.2;7.01;pH;11;mV;22;10.04;pH;-159.2;mV;22.5;;;;;;;;;;;;;;;;;;;;;°C;;;;;1714111624;1714047754;2.32E+11;;Interval;EndOfRecord
RD;CD;4/26/2024;6:07:04 AM;Default;CDC401;SN 231662582599;Edited;Sample ID (28962);41.4;mS/cm;29;°C;44.7;mS/cm;;;NaCl/Non-Linear;Reference Temperature = 25 °C;;;;;;;;;;;OK;4/19/2024;3:08:41 PM;Default;K;0.366;;cm⁻¹;;;;1;30000;µS/cm;28.4;mS/cm;22.2;;;;;;;;;;;;;;;;;;;;;;;;;;;;;;;°C;;;;;1714111624;1713539321;2.32E+11;;Interval;EndOfRecord
RD;pH;4/26/2024;6:06:03 AM;Default;PHC301;SN 240462571090;Edited;Sample ID (28961);3.005;pH;29.1;°C;249.1;mV;;;;;;;;;;;;;;;OK;4/25/2024;12:22:34 PM;Default;Slope;-57.99;98;mV/pH;14.1;mV;0.9998;3;4;pH;187.6;mV;22.2;7.01;pH;11;mV;22;10.04;pH;-159.2;mV;22.5;;;;;;;;;;;;;;;;;;;;;°C;;;;;1714111563;1714047754;2.32E+11;;Interval;EndOfRecord
RD;CD;4/26/2024;6:06:03 AM;Default;CDC401;SN 231662582599;Edited;Sample ID (28961);41.4;mS/cm;29.1;°C;44.8;mS/cm;;;NaCl/Non-Linear;Reference Temperature = 25 °C;;;;;;;;;;;OK;4/19/2024;3:08:41 PM;Default;K;0.366;;cm⁻¹;;;;1;30000;µS/cm;28.4;mS/cm;22.2;;;;;;;;;;;;;;;;;;;;;;;;;;;;;;;°C;;;;;1714111563;1713539321;2.32E+11;;Interval;EndOfRecord
RD;pH;4/26/2024;6:05:03 AM;Default;PHC301;SN 240462571090;Edited;Sample ID (28960);3.005;pH;29.2;°C;249.1;mV;;;;;;;;;;;;;;;OK;4/25/2024;12:22:34 PM;Default;Slope;-57.99;98;mV/pH;14.1;mV;0.9998;3;4;pH;187.6;mV;22.2;7.01;pH;11;mV;22;10.04;pH;-159.2;mV;22.5;;;;;;;;;;;;;;;;;;;;;°C;;;;;1714111503;1714047754;2.32E+11;;Interval;EndOfRecord
RD;CD;4/26/2024;6:05:03 AM;Default;CDC401;SN 231662582599;Edited;Sample ID (28960);41.4;mS/cm;29.2;°C;44.8;mS/cm;;;NaCl/Non-Linear;Reference Temperature = 25 °C;;;;;;;;;;;OK;4/19/2024;3:08:41 PM;Default;K;0.366;;cm⁻¹;;;;1;30000;µS/cm;28.4;mS/cm;22.2;;;;;;;;;;;;;;;;;;;;;;;;;;;;;;;°C;;;;;1714111503;1713539321;2.32E+11;;Interval;EndOfRecord
RD;pH;4/26/2024;6:04:04 AM;Default;PHC301;SN 240462571090;Edited;Sample ID (28959);3.006;pH;29.2;°C;249.1;mV;;;;;;;;;;;;;;;OK;4/25/2024;12:22:34 PM;Default;Slope;-57.99;98;mV/pH;14.1;mV;0.9998;3;4;pH;187.6;mV;22.2;7.01;pH;11;mV;22;10.04;pH;-159.2;mV;22.5;;;;;;;;;;;;;;;;;;;;;°C;;;;;1714111444;1714047754;2.32E+11;;Interval;EndOfRecord
RD;CD;4/26/2024;6:04:04 AM;Default;CDC401;SN 231662582599;Edited;Sample ID (28959);41.3;mS/cm;29.2;°C;44.9;mS/cm;;;NaCl/Non-Linear;Reference Temperature = 25 °C;;;;;;;;;;;OK;4/19/2024;3:08:41 PM;Default;K;0.366;;cm⁻¹;;;;1;30000;µS/cm;28.4;mS/cm;22.2;;;;;;;;;;;;;;;;;;;;;;;;;;;;;;;°C;;;;;1714111444;1713539321;2.32E+11;;Interval;EndOfRecord
RD;pH;4/26/2024;6:03:03 AM;Default;PHC301;SN 240462571090;Edited;Sample ID (28958);3.006;pH;29.4;°C;249.1;mV;;;;;;;;;;;;;;;OK;4/25/2024;12:22:34 PM;Default;Slope;-57.99;98;mV/pH;14.1;mV;0.9998;3;4;pH;187.6;mV;22.2;7.01;pH;11;mV;22;10.04;pH;-159.2;mV;22.5;;;;;;;;;;;;;;;;;;;;;°C;;;;;1714111383;1714047754;2.32E+11;;Interval;EndOfRecord
RD;CD;4/26/2024;6:03:03 AM;Default;CDC401;SN 231662582599;Edited;Sample ID (28958);41.4;mS/cm;29.3;°C;45;mS/cm;;;NaCl/Non-Linear;Reference Temperature = 25 °C;;;;;;;;;;;OK;4/19/2024;3:08:41 PM;Default;K;0.366;;cm⁻¹;;;;1;30000;µS/cm;28.4;mS/cm;22.2;;;;;;;;;;;;;;;;;;;;;;;;;;;;;;;°C;;;;;1714111383;1713539321;2.32E+11;;Interval;EndOfRecord
RD;pH;4/26/2024;6:02:05 AM;Default;PHC301;SN 240462571090;Edited;Sample ID (28957);3.006;pH;29.4;°C;249.2;mV;;;;;;;;;;;;;;;OK;4/25/2024;12:22:34 PM;Default;Slope;-57.99;98;mV/pH;14.1;mV;0.9998;3;4;pH;187.6;mV;22.2;7.01;pH;11;mV;22;10.04;pH;-159.2;mV;22.5;;;;;;;;;;;;;;;;;;;;;°C;;;;;1714111325;1714047754;2.32E+11;;Interval;EndOfRecord
RD;CD;4/26/2024;6:02:05 AM;Default;CDC401;SN 231662582599;Edited;Sample ID (28957);41.3;mS/cm;29.4;°C;45;mS/cm;;;NaCl/Non-Linear;Reference Temperature = 25 °C;;;;;;;;;;;OK;4/19/2024;3:08:41 PM;Default;K;0.366;;cm⁻¹;;;;1;30000;µS/cm;28.4;mS/cm;22.2;;;;;;;;;;;;;;;;;;;;;;;;;;;;;;;°C;;;;;1714111325;1713539321;2.32E+11;;Interval;EndOfRecord
RD;pH;4/26/2024;6:01:04 AM;Default;PHC301;SN 240462571090;Edited;Sample ID (28956);3.008;pH;29.5;°C;249.2;mV;;;;;;;;;;;;;;;OK;4/25/2024;12:22:34 PM;Default;Slope;-57.99;98;mV/pH;14.1;mV;0.9998;3;4;pH;187.6;mV;22.2;7.01;pH;11;mV;22;10.04;pH;-159.2;mV;22.5;;;;;;;;;;;;;;;;;;;;;°C;;;;;1714111264;1714047754;2.32E+11;;Interval;EndOfRecord
RD;CD;4/26/2024;6:01:04 AM;Default;CDC401;SN 231662582599;Edited;Sample ID (28956);41.3;mS/cm;29.5;°C;45;mS/cm;;;NaCl/Non-Linear;Reference Temperature = 25 °C;;;;;;;;;;;OK;4/19/2024;3:08:41 PM;Default;K;0.366;;cm⁻¹;;;;1;30000;µS/cm;28.4;mS/cm;22.2;;;;;;;;;;;;;;;;;;;;;;;;;;;;;;;°C;;;;;1714111264;1713539321;2.32E+11;;Interval;EndOfRecord
RD;pH;4/26/2024;6:00:04 AM;Default;PHC301;SN 240462571090;Edited;Sample ID (28955);3.008;pH;29.5;°C;249.2;mV;;;;;;;;;;;;;;;OK;4/25/2024;12:22:34 PM;Default;Slope;-57.99;98;mV/pH;14.1;mV;0.9998;3;4;pH;187.6;mV;22.2;7.01;pH;11;mV;22;10.04;pH;-159.2;mV;22.5;;;;;;;;;;;;;;;;;;;;;°C;;;;;1714111204;1714047754;2.32E+11;;Interval;EndOfRecord
RD;CD;4/26/2024;6:00:04 AM;Default;CDC401;SN 231662582599;Edited;Sample ID (28955);41.3;mS/cm;29.5;°C;45.1;mS/cm;;;NaCl/Non-Linear;Reference Temperature = 25 °C;;;;;;;;;;;OK;4/19/2024;3:08:41 PM;Default;K;0.366;;cm⁻¹;;;;1;30000;µS/cm;28.4;mS/cm;22.2;;;;;;;;;;;;;;;;;;;;;;;;;;;;;;;°C;;;;;1714111204;1713539321;2.32E+11;;Interval;EndOfRecord
RD;pH;4/26/2024;5:59:04 AM;Default;PHC301;SN 240462571090;Edited;Sample ID (28954);3.008;pH;29.7;°C;249.2;mV;;;;;;;;;;;;;;;OK;4/25/2024;12:22:34 PM;Default;Slope;-57.99;98;mV/pH;14.1;mV;0.9998;3;4;pH;187.6;mV;22.2;7.01;pH;11;mV;22;10.04;pH;-159.2;mV;22.5;;;;;;;;;;;;;;;;;;;;;°C;;;;;1714111144;1714047754;2.32E+11;;Interval;EndOfRecord
RD;CD;4/26/2024;5:59:04 AM;Default;CDC401;SN 231662582599;Edited;Sample ID (28954);41.3;mS/cm;29.6;°C;45.2;mS/cm;;;NaCl/Non-Linear;Reference Temperature = 25 °C;;;;;;;;;;;OK;4/19/2024;3:08:41 PM;Default;K;0.366;;cm⁻¹;;;;1;30000;µS/cm;28.4;mS/cm;22.2;;;;;;;;;;;;;;;;;;;;;;;;;;;;;;;°C;;;;;1714111144;1713539321;2.32E+11;;Interval;EndOfRecord
RD;pH;4/26/2024;5:58:04 AM;Default;PHC301;SN 240462571090;Edited;Sample ID (28953);3.008;pH;29.7;°C;249.3;mV;;;;;;;;;;;;;;;OK;4/25/2024;12:22:34 PM;Default;Slope;-57.99;98;mV/pH;14.1;mV;0.9998;3;4;pH;187.6;mV;22.2;7.01;pH;11;mV;22;10.04;pH;-159.2;mV;22.5;;;;;;;;;;;;;;;;;;;;;°C;;;;;1714111084;1714047754;2.32E+11;;Interval;EndOfRecord
RD;CD;4/26/2024;5:58:04 AM;Default;CDC401;SN 231662582599;Edited;Sample ID (28953);41.3;mS/cm;29.7;°C;45.2;mS/cm;;;NaCl/Non-Linear;Reference Temperature = 25 °C;;;;;;;;;;;OK;4/19/2024;3:08:41 PM;Default;K;0.366;;cm⁻¹;;;;1;30000;µS/cm;28.4;mS/cm;22.2;;;;;;;;;;;;;;;;;;;;;;;;;;;;;;;°C;;;;;1714111084;1713539321;2.32E+11;;Interval;EndOfRecord
RD;pH;4/26/2024;5:57:03 AM;Default;PHC301;SN 240462571090;Edited;Sample ID (28952);3.009;pH;29.8;°C;249.3;mV;;;;;;;;;;;;;;;OK;4/25/2024;12:22:34 PM;Default;Slope;-57.99;98;mV/pH;14.1;mV;0.9998;3;4;pH;187.6;mV;22.2;7.01;pH;11;mV;22;10.04;pH;-159.2;mV;22.5;;;;;;;;;;;;;;;;;;;;;°C;;;;;1714111023;1714047754;2.32E+11;;Interval;EndOfRecord
RD;CD;4/26/2024;5:57:03 AM;Default;CDC401;SN 231662582599;Edited;Sample ID (28952);41.3;mS/cm;29.8;°C;45.3;mS/cm;;;NaCl/Non-Linear;Reference Temperature = 25 °C;;;;;;;;;;;OK;4/19/2024;3:08:41 PM;Default;K;0.366;;cm⁻¹;;;;1;30000;µS/cm;28.4;mS/cm;22.2;;;;;;;;;;;;;;;;;;;;;;;;;;;;;;;°C;;;;;1714111023;1713539321;2.32E+11;;Interval;EndOfRecord
RD;pH;4/26/2024;5:56:04 AM;Default;PHC301;SN 240462571090;Edited;Sample ID (28951);3.009;pH;29.8;°C;249.4;mV;;;;;;;;;;;;;;;OK;4/25/2024;12:22:34 PM;Default;Slope;-57.99;98;mV/pH;14.1;mV;0.9998;3;4;pH;187.6;mV;22.2;7.01;pH;11;mV;22;10.04;pH;-159.2;mV;22.5;;;;;;;;;;;;;;;;;;;;;°C;;;;;1714110964;1714047754;2.32E+11;;Interval;EndOfRecord
RD;CD;4/26/2024;5:56:04 AM;Default;CDC401;SN 231662582599;Edited;Sample ID (28951);41.3;mS/cm;29.9;°C;45.4;mS/cm;;;NaCl/Non-Linear;Reference Temperature = 25 °C;;;;;;;;;;;OK;4/19/2024;3:08:41 PM;Default;K;0.366;;cm⁻¹;;;;1;30000;µS/cm;28.4;mS/cm;22.2;;;;;;;;;;;;;;;;;;;;;;;;;;;;;;;°C;;;;;1714110964;1713539321;2.32E+11;;Interval;EndOfRecord
RD;pH;4/26/2024;5:55:04 AM;Default;PHC301;SN 240462571090;Edited;Sample ID (28950);3.009;pH;30;°C;249.4;mV;;;;;;;;;;;;;;;OK;4/25/2024;12:22:34 PM;Default;Slope;-57.99;98;mV/pH;14.1;mV;0.9998;3;4;pH;187.6;mV;22.2;7.01;pH;11;mV;22;10.04;pH;-159.2;mV;22.5;;;;;;;;;;;;;;;;;;;;;°C;;;;;1714110904;1714047754;2.32E+11;;Interval;EndOfRecord
RD;CD;4/26/2024;5:55:04 AM;Default;CDC401;SN 231662582599;Edited;Sample ID (28950);41.3;mS/cm;30;°C;45.4;mS/cm;;;NaCl/Non-Linear;Reference Temperature = 25 °C;;;;;;;;;;;OK;4/19/2024;3:08:41 PM;Default;K;0.366;;cm⁻¹;;;;1;30000;µS/cm;28.4;mS/cm;22.2;;;;;;;;;;;;;;;;;;;;;;;;;;;;;;;°C;;;;;1714110904;1713539321;2.32E+11;;Interval;EndOfRecord
RD;pH;4/26/2024;5:54:04 AM;Default;PHC301;SN 240462571090;Edited;Sample ID (28949);3.01;pH;30;°C;249.4;mV;;;;;;;;;;;;;;;OK;4/25/2024;12:22:34 PM;Default;Slope;-57.99;98;mV/pH;14.1;mV;0.9998;3;4;pH;187.6;mV;22.2;7.01;pH;11;mV;22;10.04;pH;-159.2;mV;22.5;;;;;;;;;;;;;;;;;;;;;°C;;;;;1714110844;1714047754;2.32E+11;;Interval;EndOfRecord
RD;CD;4/26/2024;5:54:04 AM;Default;CDC401;SN 231662582599;Edited;Sample ID (28949);41.3;mS/cm;30;°C;45.5;mS/cm;;;NaCl/Non-Linear;Reference Temperature = 25 °C;;;;;;;;;;;OK;4/19/2024;3:08:41 PM;Default;K;0.366;;cm⁻¹;;;;1;30000;µS/cm;28.4;mS/cm;22.2;;;;;;;;;;;;;;;;;;;;;;;;;;;;;;;°C;;;;;1714110844;1713539321;2.32E+11;;Interval;EndOfRecord
RD;pH;4/26/2024;5:53:03 AM;Default;PHC301;SN 240462571090;Edited;Sample ID (28948);3.01;pH;30.2;°C;249.6;mV;;;;;;;;;;;;;;;OK;4/25/2024;12:22:34 PM;Default;Slope;-57.99;98;mV/pH;14.1;mV;0.9998;3;4;pH;187.6;mV;22.2;7.01;pH;11;mV;22;10.04;pH;-159.2;mV;22.5;;;;;;;;;;;;;;;;;;;;;°C;;;;;1714110783;1714047754;2.32E+11;;Interval;EndOfRecord
RD;CD;4/26/2024;5:53:03 AM;Default;CDC401;SN 231662582599;Edited;Sample ID (28948);41.3;mS/cm;30.1;°C;45.6;mS/cm;;;NaCl/Non-Linear;Reference Temperature = 25 °C;;;;;;;;;;;OK;4/19/2024;3:08:41 PM;Default;K;0.366;;cm⁻¹;;;;1;30000;µS/cm;28.4;mS/cm;22.2;;;;;;;;;;;;;;;;;;;;;;;;;;;;;;;°C;;;;;1714110783;1713539321;2.32E+11;;Interval;EndOfRecord
RD;pH;4/26/2024;5:52:03 AM;Default;PHC301;SN 240462571090;Edited;Sample ID (28947);3.01;pH;30.2;°C;249.6;mV;;;;;;;;;;;;;;;OK;4/25/2024;12:22:34 PM;Default;Slope;-57.99;98;mV/pH;14.1;mV;0.9998;3;4;pH;187.6;mV;22.2;7.01;pH;11;mV;22;10.04;pH;-159.2;mV;22.5;;;;;;;;;;;;;;;;;;;;;°C;;;;;1714110723;1714047754;2.32E+11;;Interval;EndOfRecord
RD;CD;4/26/2024;5:52:03 AM;Default;CDC401;SN 231662582599;Edited;Sample ID (28947);41.3;mS/cm;30.2;°C;45.7;mS/cm;;;NaCl/Non-Linear;Reference Temperature = 25 °C;;;;;;;;;;;OK;4/19/2024;3:08:41 PM;Default;K;0.366;;cm⁻¹;;;;1;30000;µS/cm;28.4;mS/cm;22.2;;;;;;;;;;;;;;;;;;;;;;;;;;;;;;;°C;;;;;1714110723;1713539321;2.32E+11;;Interval;EndOfRecord
RD;pH;4/26/2024;5:51:03 AM;Default;PHC301;SN 240462571090;Edited;Sample ID (28946);3.01;pH;30.3;°C;249.6;mV;;;;;;;;;;;;;;;OK;4/25/2024;12:22:34 PM;Default;Slope;-57.99;98;mV/pH;14.1;mV;0.9998;3;4;pH;187.6;mV;22.2;7.01;pH;11;mV;22;10.04;pH;-159.2;mV;22.5;;;;;;;;;;;;;;;;;;;;;°C;;;;;1714110663;1714047754;2.32E+11;;Interval;EndOfRecord
RD;CD;4/26/2024;5:51:03 AM;Default;CDC401;SN 231662582599;Edited;Sample ID (28946);41.3;mS/cm;30.3;°C;45.7;mS/cm;;;NaCl/Non-Linear;Reference Temperature = 25 °C;;;;;;;;;;;OK;4/19/2024;3:08:41 PM;Default;K;0.366;;cm⁻¹;;;;1;30000;µS/cm;28.4;mS/cm;22.2;;;;;;;;;;;;;;;;;;;;;;;;;;;;;;;°C;;;;;1714110663;1713539321;2.32E+11;;Interval;EndOfRecord
RD;pH;4/26/2024;5:50:04 AM;Default;PHC301;SN 240462571090;Edited;Sample ID (28945);3.012;pH;30.3;°C;249.7;mV;;;;;;;;;;;;;;;OK;4/25/2024;12:22:34 PM;Default;Slope;-57.99;98;mV/pH;14.1;mV;0.9998;3;4;pH;187.6;mV;22.2;7.01;pH;11;mV;22;10.04;pH;-159.2;mV;22.5;;;;;;;;;;;;;;;;;;;;;°C;;;;;1714110604;1714047754;2.32E+11;;Interval;EndOfRecord
RD;CD;4/26/2024;5:50:04 AM;Default;CDC401;SN 231662582599;Edited;Sample ID (28945);41.3;mS/cm;30.4;°C;45.8;mS/cm;;;NaCl/Non-Linear;Reference Temperature = 25 °C;;;;;;;;;;;OK;4/19/2024;3:08:41 PM;Default;K;0.366;;cm⁻¹;;;;1;30000;µS/cm;28.4;mS/cm;22.2;;;;;;;;;;;;;;;;;;;;;;;;;;;;;;;°C;;;;;1714110604;1713539321;2.32E+11;;Interval;EndOfRecord
RD;pH;4/26/2024;5:49:04 AM;Default;PHC301;SN 240462571090;Edited;Sample ID (28944);3.012;pH;30.5;°C;249.7;mV;;;;;;;;;;;;;;;OK;4/25/2024;12:22:34 PM;Default;Slope;-57.99;98;mV/pH;14.1;mV;0.9998;3;4;pH;187.6;mV;22.2;7.01;pH;11;mV;22;10.04;pH;-159.2;mV;22.5;;;;;;;;;;;;;;;;;;;;;°C;;;;;1714110544;1714047754;2.32E+11;;Interval;EndOfRecord
RD;CD;4/26/2024;5:49:04 AM;Default;CDC401;SN 231662582599;Edited;Sample ID (28944);41.3;mS/cm;30.5;°C;45.8;mS/cm;;;NaCl/Non-Linear;Reference Temperature = 25 °C;;;;;;;;;;;OK;4/19/2024;3:08:41 PM;Default;K;0.366;;cm⁻¹;;;;1;30000;µS/cm;28.4;mS/cm;22.2;;;;;;;;;;;;;;;;;;;;;;;;;;;;;;;°C;;;;;1714110544;1713539321;2.32E+11;;Interval;EndOfRecord
RD;pH;4/26/2024;5:48:04 AM;Default;PHC301;SN 240462571090;Edited;Sample ID (28943);3.012;pH;30.5;°C;249.7;mV;;;;;;;;;;;;;;;OK;4/25/2024;12:22:34 PM;Default;Slope;-57.99;98;mV/pH;14.1;mV;0.9998;3;4;pH;187.6;mV;22.2;7.01;pH;11;mV;22;10.04;pH;-159.2;mV;22.5;;;;;;;;;;;;;;;;;;;;;°C;;;;;1714110484;1714047754;2.32E+11;;Interval;EndOfRecord
RD;CD;4/26/2024;5:48:04 AM;Default;CDC401;SN 231662582599;Edited;Sample ID (28943);41.3;mS/cm;30.5;°C;45.9;mS/cm;;;NaCl/Non-Linear;Reference Temperature = 25 °C;;;;;;;;;;;OK;4/19/2024;3:08:41 PM;Default;K;0.366;;cm⁻¹;;;;1;30000;µS/cm;28.4;mS/cm;22.2;;;;;;;;;;;;;;;;;;;;;;;;;;;;;;;°C;;;;;1714110484;1713539321;2.32E+11;;Interval;EndOfRecord
RD;pH;4/26/2024;5:47:04 AM;Default;PHC301;SN 240462571090;Edited;Sample ID (28942);3.012;pH;30.7;°C;249.8;mV;;;;;;;;;;;;;;;OK;4/25/2024;12:22:34 PM;Default;Slope;-57.99;98;mV/pH;14.1;mV;0.9998;3;4;pH;187.6;mV;22.2;7.01;pH;11;mV;22;10.04;pH;-159.2;mV;22.5;;;;;;;;;;;;;;;;;;;;;°C;;;;;1714110424;1714047754;2.32E+11;;Interval;EndOfRecord
RD;CD;4/26/2024;5:47:04 AM;Default;CDC401;SN 231662582599;Edited;Sample ID (28942);41.3;mS/cm;30.6;°C;46;mS/cm;;;NaCl/Non-Linear;Reference Temperature = 25 °C;;;;;;;;;;;OK;4/19/2024;3:08:41 PM;Default;K;0.366;;cm⁻¹;;;;1;30000;µS/cm;28.4;mS/cm;22.2;;;;;;;;;;;;;;;;;;;;;;;;;;;;;;;°C;;;;;1714110424;1713539321;2.32E+11;;Interval;EndOfRecord
RD;pH;4/26/2024;5:46:03 AM;Default;PHC301;SN 240462571090;Edited;Sample ID (28941);3.013;pH;30.7;°C;249.8;mV;;;;;;;;;;;;;;;OK;4/25/2024;12:22:34 PM;Default;Slope;-57.99;98;mV/pH;14.1;mV;0.9998;3;4;pH;187.6;mV;22.2;7.01;pH;11;mV;22;10.04;pH;-159.2;mV;22.5;;;;;;;;;;;;;;;;;;;;;°C;;;;;1714110363;1714047754;2.32E+11;;Interval;EndOfRecord
RD;CD;4/26/2024;5:46:03 AM;Default;CDC401;SN 231662582599;Edited;Sample ID (28941);41.4;mS/cm;30.7;°C;46.1;mS/cm;;;NaCl/Non-Linear;Reference Temperature = 25 °C;;;;;;;;;;;OK;4/19/2024;3:08:41 PM;Default;K;0.366;;cm⁻¹;;;;1;30000;µS/cm;28.4;mS/cm;22.2;;;;;;;;;;;;;;;;;;;;;;;;;;;;;;;°C;;;;;1714110363;1713539321;2.32E+11;;Interval;EndOfRecord
RD;pH;4/26/2024;5:45:03 AM;Default;PHC301;SN 240462571090;Edited;Sample ID (28940);3.013;pH;30.8;°C;249.9;mV;;;;;;;;;;;;;;;OK;4/25/2024;12:22:34 PM;Default;Slope;-57.99;98;mV/pH;14.1;mV;0.9998;3;4;pH;187.6;mV;22.2;7.01;pH;11;mV;22;10.04;pH;-159.2;mV;22.5;;;;;;;;;;;;;;;;;;;;;°C;;;;;1714110303;1714047754;2.32E+11;;Interval;EndOfRecord
RD;CD;4/26/2024;5:45:03 AM;Default;CDC401;SN 231662582599;Edited;Sample ID (28940);41.4;mS/cm;30.8;°C;46.2;mS/cm;;;NaCl/Non-Linear;Reference Temperature = 25 °C;;;;;;;;;;;OK;4/19/2024;3:08:41 PM;Default;K;0.366;;cm⁻¹;;;;1;30000;µS/cm;28.4;mS/cm;22.2;;;;;;;;;;;;;;;;;;;;;;;;;;;;;;;°C;;;;;1714110303;1713539321;2.32E+11;;Interval;EndOfRecord
RD;pH;4/26/2024;5:44:05 AM;Default;PHC301;SN 240462571090;Edited;Sample ID (28939);3.013;pH;30.8;°C;249.9;mV;;;;;;;;;;;;;;;OK;4/25/2024;12:22:34 PM;Default;Slope;-57.99;98;mV/pH;14.1;mV;0.9998;3;4;pH;187.6;mV;22.2;7.01;pH;11;mV;22;10.04;pH;-159.2;mV;22.5;;;;;;;;;;;;;;;;;;;;;°C;;;;;1714110245;1714047754;2.32E+11;;Interval;EndOfRecord
RD;CD;4/26/2024;5:44:05 AM;Default;CDC401;SN 231662582599;Edited;Sample ID (28939);41.3;mS/cm;30.9;°C;46.2;mS/cm;;;NaCl/Non-Linear;Reference Temperature = 25 °C;;;;;;;;;;;OK;4/19/2024;3:08:41 PM;Default;K;0.366;;cm⁻¹;;;;1;30000;µS/cm;28.4;mS/cm;22.2;;;;;;;;;;;;;;;;;;;;;;;;;;;;;;;°C;;;;;1714110245;1713539321;2.32E+11;;Interval;EndOfRecord
RD;pH;4/26/2024;5:43:04 AM;Default;PHC301;SN 240462571090;Edited;Sample ID (28938);3.013;pH;30.8;°C;249.9;mV;;;;;;;;;;;;;;;OK;4/25/2024;12:22:34 PM;Default;Slope;-57.99;98;mV/pH;14.1;mV;0.9998;3;4;pH;187.6;mV;22.2;7.01;pH;11;mV;22;10.04;pH;-159.2;mV;22.5;;;;;;;;;;;;;;;;;;;;;°C;;;;;1714110184;1714047754;2.32E+11;;Interval;EndOfRecord
RD;CD;4/26/2024;5:43:04 AM;Default;CDC401;SN 231662582599;Edited;Sample ID (28938);41.3;mS/cm;30.9;°C;46.3;mS/cm;;;NaCl/Non-Linear;Reference Temperature = 25 °C;;;;;;;;;;;OK;4/19/2024;3:08:41 PM;Default;K;0.366;;cm⁻¹;;;;1;30000;µS/cm;28.4;mS/cm;22.2;;;;;;;;;;;;;;;;;;;;;;;;;;;;;;;°C;;;;;1714110184;1713539321;2.32E+11;;Interval;EndOfRecord
RD;pH;4/26/2024;5:42:03 AM;Default;PHC301;SN 240462571090;Edited;Sample ID (28937);3.014;pH;30.8;°C;249.7;mV;;;;;;;;;;;;;;;OK;4/25/2024;12:22:34 PM;Default;Slope;-57.99;98;mV/pH;14.1;mV;0.9998;3;4;pH;187.6;mV;22.2;7.01;pH;11;mV;22;10.04;pH;-159.2;mV;22.5;;;;;;;;;;;;;;;;;;;;;°C;;;;;1714110123;1714047754;2.32E+11;;Interval;EndOfRecord
RD;CD;4/26/2024;5:42:03 AM;Default;CDC401;SN 231662582599;Edited;Sample ID (28937);41.3;mS/cm;31;°C;46.3;mS/cm;;;NaCl/Non-Linear;Reference Temperature = 25 °C;;;;;;;;;;;OK;4/19/2024;3:08:41 PM;Default;K;0.366;;cm⁻¹;;;;1;30000;µS/cm;28.4;mS/cm;22.2;;;;;;;;;;;;;;;;;;;;;;;;;;;;;;;°C;;;;;1714110123;1713539321;2.32E+11;;Interval;EndOfRecord
RD;pH;4/26/2024;5:41:03 AM;Default;PHC301;SN 240462571090;Edited;Sample ID (28936);3.014;pH;30.8;°C;249.7;mV;;;;;;;;;;;;;;;OK;4/25/2024;12:22:34 PM;Default;Slope;-57.99;98;mV/pH;14.1;mV;0.9998;3;4;pH;187.6;mV;22.2;7.01;pH;11;mV;22;10.04;pH;-159.2;mV;22.5;;;;;;;;;;;;;;;;;;;;;°C;;;;;1714110063;1714047754;2.32E+11;;Interval;EndOfRecord
RD;CD;4/26/2024;5:41:03 AM;Default;CDC401;SN 231662582599;Edited;Sample ID (28936);41.4;mS/cm;30.9;°C;46.3;mS/cm;;;NaCl/Non-Linear;Reference Temperature = 25 °C;;;;;;;;;;;OK;4/19/2024;3:08:41 PM;Default;K;0.366;;cm⁻¹;;;;1;30000;µS/cm;28.4;mS/cm;22.2;;;;;;;;;;;;;;;;;;;;;;;;;;;;;;;°C;;;;;1714110063;1713539321;2.32E+11;;Interval;EndOfRecord
RD;pH;4/26/2024;5:40:04 AM;Default;PHC301;SN 240462571090;Edited;Sample ID (28935);3.014;pH;30.8;°C;249.7;mV;;;;;;;;;;;;;;;OK;4/25/2024;12:22:34 PM;Default;Slope;-57.99;98;mV/pH;14.1;mV;0.9998;3;4;pH;187.6;mV;22.2;7.01;pH;11;mV;22;10.04;pH;-159.2;mV;22.5;;;;;;;;;;;;;;;;;;;;;°C;;;;;1714110004;1714047754;2.32E+11;;Interval;EndOfRecord
RD;CD;4/26/2024;5:40:04 AM;Default;CDC401;SN 231662582599;Edited;Sample ID (28935);41.3;mS/cm;30.9;°C;46.3;mS/cm;;;NaCl/Non-Linear;Reference Temperature = 25 °C;;;;;;;;;;;OK;4/19/2024;3:08:41 PM;Default;K;0.366;;cm⁻¹;;;;1;30000;µS/cm;28.4;mS/cm;22.2;;;;;;;;;;;;;;;;;;;;;;;;;;;;;;;°C;;;;;1714110004;1713539321;2.32E+11;;Interval;EndOfRecord
RD;pH;4/26/2024;5:39:04 AM;Default;PHC301;SN 240462571090;Edited;Sample ID (28934);3.014;pH;30.8;°C;249.7;mV;;;;;;;;;;;;;;;OK;4/25/2024;12:22:34 PM;Default;Slope;-57.99;98;mV/pH;14.1;mV;0.9998;3;4;pH;187.6;mV;22.2;7.01;pH;11;mV;22;10.04;pH;-159.2;mV;22.5;;;;;;;;;;;;;;;;;;;;;°C;;;;;1714109944;1714047754;2.32E+11;;Interval;EndOfRecord
RD;CD;4/26/2024;5:39:04 AM;Default;CDC401;SN 231662582599;Edited;Sample ID (28934);41.3;mS/cm;30.9;°C;46.3;mS/cm;;;NaCl/Non-Linear;Reference Temperature = 25 °C;;;;;;;;;;;OK;4/19/2024;3:08:41 PM;Default;K;0.366;;cm⁻¹;;;;1;30000;µS/cm;28.4;mS/cm;22.2;;;;;;;;;;;;;;;;;;;;;;;;;;;;;;;°C;;;;;1714109944;1713539321;2.32E+11;;Interval;EndOfRecord
RD;pH;4/26/2024;5:38:03 AM;Default;PHC301;SN 240462571090;Edited;Sample ID (28933);3.014;pH;30.8;°C;249.7;mV;;;;;;;;;;;;;;;OK;4/25/2024;12:22:34 PM;Default;Slope;-57.99;98;mV/pH;14.1;mV;0.9998;3;4;pH;187.6;mV;22.2;7.01;pH;11;mV;22;10.04;pH;-159.2;mV;22.5;;;;;;;;;;;;;;;;;;;;;°C;;;;;1714109883;1714047754;2.32E+11;;Interval;EndOfRecord
RD;CD;4/26/2024;5:38:03 AM;Default;CDC401;SN 231662582599;Edited;Sample ID (28933);41.4;mS/cm;30.9;°C;46.3;mS/cm;;;NaCl/Non-Linear;Reference Temperature = 25 °C;;;;;;;;;;;OK;4/19/2024;3:08:41 PM;Default;K;0.366;;cm⁻¹;;;;1;30000;µS/cm;28.4;mS/cm;22.2;;;;;;;;;;;;;;;;;;;;;;;;;;;;;;;°C;;;;;1714109883;1713539321;2.32E+11;;Interval;EndOfRecord
RD;pH;4/26/2024;5:37:03 AM;Default;PHC301;SN 240462571090;Edited;Sample ID (28932);3.014;pH;30.8;°C;249.7;mV;;;;;;;;;;;;;;;OK;4/25/2024;12:22:34 PM;Default;Slope;-57.99;98;mV/pH;14.1;mV;0.9998;3;4;pH;187.6;mV;22.2;7.01;pH;11;mV;22;10.04;pH;-159.2;mV;22.5;;;;;;;;;;;;;;;;;;;;;°C;;;;;1714109823;1714047754;2.32E+11;;Interval;EndOfRecord
RD;CD;4/26/2024;5:37:03 AM;Default;CDC401;SN 231662582599;Edited;Sample ID (28932);41.4;mS/cm;30.9;°C;46.3;mS/cm;;;NaCl/Non-Linear;Reference Temperature = 25 °C;;;;;;;;;;;OK;4/19/2024;3:08:41 PM;Default;K;0.366;;cm⁻¹;;;;1;30000;µS/cm;28.4;mS/cm;22.2;;;;;;;;;;;;;;;;;;;;;;;;;;;;;;;°C;;;;;1714109823;1713539321;2.32E+11;;Interval;EndOfRecord
RD;pH;4/26/2024;5:36:04 AM;Default;PHC301;SN 240462571090;Edited;Sample ID (28931);3.014;pH;30.8;°C;249.7;mV;;;;;;;;;;;;;;;OK;4/25/2024;12:22:34 PM;Default;Slope;-57.99;98;mV/pH;14.1;mV;0.9998;3;4;pH;187.6;mV;22.2;7.01;pH;11;mV;22;10.04;pH;-159.2;mV;22.5;;;;;;;;;;;;;;;;;;;;;°C;;;;;1714109764;1714047754;2.32E+11;;Interval;EndOfRecord
RD;CD;4/26/2024;5:36:04 AM;Default;CDC401;SN 231662582599;Edited;Sample ID (28931);41.3;mS/cm;30.9;°C;46.2;mS/cm;;;NaCl/Non-Linear;Reference Temperature = 25 °C;;;;;;;;;;;OK;4/19/2024;3:08:41 PM;Default;K;0.366;;cm⁻¹;;;;1;30000;µS/cm;28.4;mS/cm;22.2;;;;;;;;;;;;;;;;;;;;;;;;;;;;;;;°C;;;;;1714109764;1713539321;2.32E+11;;Interval;EndOfRecord
RD;pH;4/26/2024;5:35:04 AM;Default;PHC301;SN 240462571090;Edited;Sample ID (28930);3.014;pH;30.8;°C;249.7;mV;;;;;;;;;;;;;;;OK;4/25/2024;12:22:34 PM;Default;Slope;-57.99;98;mV/pH;14.1;mV;0.9998;3;4;pH;187.6;mV;22.2;7.01;pH;11;mV;22;10.04;pH;-159.2;mV;22.5;;;;;;;;;;;;;;;;;;;;;°C;;;;;1714109704;1714047754;2.32E+11;;Interval;EndOfRecord
RD;CD;4/26/2024;5:35:04 AM;Default;CDC401;SN 231662582599;Edited;Sample ID (28930);41.3;mS/cm;30.9;°C;46.2;mS/cm;;;NaCl/Non-Linear;Reference Temperature = 25 °C;;;;;;;;;;;OK;4/19/2024;3:08:41 PM;Default;K;0.366;;cm⁻¹;;;;1;30000;µS/cm;28.4;mS/cm;22.2;;;;;;;;;;;;;;;;;;;;;;;;;;;;;;;°C;;;;;1714109704;1713539321;2.32E+11;;Interval;EndOfRecord
RD;pH;4/26/2024;5:34:05 AM;Default;PHC301;SN 240462571090;Edited;Sample ID (28929);3.013;pH;30.7;°C;249.7;mV;;;;;;;;;;;;;;;OK;4/25/2024;12:22:34 PM;Default;Slope;-57.99;98;mV/pH;14.1;mV;0.9998;3;4;pH;187.6;mV;22.2;7.01;pH;11;mV;22;10.04;pH;-159.2;mV;22.5;;;;;;;;;;;;;;;;;;;;;°C;;;;;1714109645;1714047754;2.32E+11;;Interval;EndOfRecord
RD;CD;4/26/2024;5:34:05 AM;Default;CDC401;SN 231662582599;Edited;Sample ID (28929);41.3;mS/cm;30.9;°C;46.2;mS/cm;;;NaCl/Non-Linear;Reference Temperature = 25 °C;;;;;;;;;;;OK;4/19/2024;3:08:41 PM;Default;K;0.366;;cm⁻¹;;;;1;30000;µS/cm;28.4;mS/cm;22.2;;;;;;;;;;;;;;;;;;;;;;;;;;;;;;;°C;;;;;1714109645;1713539321;2.32E+11;;Interval;EndOfRecord
RD;pH;4/26/2024;5:33:04 AM;Default;PHC301;SN 240462571090;Edited;Sample ID (28928);3.013;pH;30.7;°C;249.7;mV;;;;;;;;;;;;;;;OK;4/25/2024;12:22:34 PM;Default;Slope;-57.99;98;mV/pH;14.1;mV;0.9998;3;4;pH;187.6;mV;22.2;7.01;pH;11;mV;22;10.04;pH;-159.2;mV;22.5;;;;;;;;;;;;;;;;;;;;;°C;;;;;1714109584;1714047754;2.32E+11;;Interval;EndOfRecord
RD;CD;4/26/2024;5:33:04 AM;Default;CDC401;SN 231662582599;Edited;Sample ID (28928);41.4;mS/cm;30.8;°C;46.2;mS/cm;;;NaCl/Non-Linear;Reference Temperature = 25 °C;;;;;;;;;;;OK;4/19/2024;3:08:41 PM;Default;K;0.366;;cm⁻¹;;;;1;30000;µS/cm;28.4;mS/cm;22.2;;;;;;;;;;;;;;;;;;;;;;;;;;;;;;;°C;;;;;1714109584;1713539321;2.32E+11;;Interval;EndOfRecord
RD;pH;4/26/2024;5:32:03 AM;Default;PHC301;SN 240462571090;Edited;Sample ID (28927);3.013;pH;30.7;°C;249.7;mV;;;;;;;;;;;;;;;OK;4/25/2024;12:22:34 PM;Default;Slope;-57.99;98;mV/pH;14.1;mV;0.9998;3;4;pH;187.6;mV;22.2;7.01;pH;11;mV;22;10.04;pH;-159.2;mV;22.5;;;;;;;;;;;;;;;;;;;;;°C;;;;;1714109523;1714047754;2.32E+11;;Interval;EndOfRecord
RD;CD;4/26/2024;5:32:03 AM;Default;CDC401;SN 231662582599;Edited;Sample ID (28927);41.4;mS/cm;30.8;°C;46.3;mS/cm;;;NaCl/Non-Linear;Reference Temperature = 25 °C;;;;;;;;;;;OK;4/19/2024;3:08:41 PM;Default;K;0.366;;cm⁻¹;;;;1;30000;µS/cm;28.4;mS/cm;22.2;;;;;;;;;;;;;;;;;;;;;;;;;;;;;;;°C;;;;;1714109523;1713539321;2.32E+11;;Interval;EndOfRecord
RD;pH;4/26/2024;5:31:03 AM;Default;PHC301;SN 240462571090;Edited;Sample ID (28926);3.013;pH;30.7;°C;249.7;mV;;;;;;;;;;;;;;;OK;4/25/2024;12:22:34 PM;Default;Slope;-57.99;98;mV/pH;14.1;mV;0.9998;3;4;pH;187.6;mV;22.2;7.01;pH;11;mV;22;10.04;pH;-159.2;mV;22.5;;;;;;;;;;;;;;;;;;;;;°C;;;;;1714109463;1714047754;2.32E+11;;Interval;EndOfRecord
RD;CD;4/26/2024;5:31:03 AM;Default;CDC401;SN 231662582599;Edited;Sample ID (28926);41.4;mS/cm;30.8;°C;46.2;mS/cm;;;NaCl/Non-Linear;Reference Temperature = 25 °C;;;;;;;;;;;OK;4/19/2024;3:08:41 PM;Default;K;0.366;;cm⁻¹;;;;1;30000;µS/cm;28.4;mS/cm;22.2;;;;;;;;;;;;;;;;;;;;;;;;;;;;;;;°C;;;;;1714109463;1713539321;2.32E+11;;Interval;EndOfRecord
RD;pH;4/26/2024;5:30:03 AM;Default;PHC301;SN 240462571090;Edited;Sample ID (28925);3.013;pH;30.7;°C;249.7;mV;;;;;;;;;;;;;;;OK;4/25/2024;12:22:34 PM;Default;Slope;-57.99;98;mV/pH;14.1;mV;0.9998;3;4;pH;187.6;mV;22.2;7.01;pH;11;mV;22;10.04;pH;-159.2;mV;22.5;;;;;;;;;;;;;;;;;;;;;°C;;;;;1714109403;1714047754;2.32E+11;;Interval;EndOfRecord
RD;CD;4/26/2024;5:30:03 AM;Default;CDC401;SN 231662582599;Edited;Sample ID (28925);41.4;mS/cm;30.8;°C;46.2;mS/cm;;;NaCl/Non-Linear;Reference Temperature = 25 °C;;;;;;;;;;;OK;4/19/2024;3:08:41 PM;Default;K;0.366;;cm⁻¹;;;;1;30000;µS/cm;28.4;mS/cm;22.2;;;;;;;;;;;;;;;;;;;;;;;;;;;;;;;°C;;;;;1714109403;1713539321;2.32E+11;;Interval;EndOfRecord
RD;pH;4/26/2024;5:29:04 AM;Default;PHC301;SN 240462571090;Edited;Sample ID (28924);3.013;pH;30.7;°C;249.7;mV;;;;;;;;;;;;;;;OK;4/25/2024;12:22:34 PM;Default;Slope;-57.99;98;mV/pH;14.1;mV;0.9998;3;4;pH;187.6;mV;22.2;7.01;pH;11;mV;22;10.04;pH;-159.2;mV;22.5;;;;;;;;;;;;;;;;;;;;;°C;;;;;1714109344;1714047754;2.32E+11;;Interval;EndOfRecord
RD;CD;4/26/2024;5:29:04 AM;Default;CDC401;SN 231662582599;Edited;Sample ID (28924);41.4;mS/cm;30.8;°C;46.2;mS/cm;;;NaCl/Non-Linear;Reference Temperature = 25 °C;;;;;;;;;;;OK;4/19/2024;3:08:41 PM;Default;K;0.366;;cm⁻¹;;;;1;30000;µS/cm;28.4;mS/cm;22.2;;;;;;;;;;;;;;;;;;;;;;;;;;;;;;;°C;;;;;1714109344;1713539321;2.32E+11;;Interval;EndOfRecord
RD;pH;4/26/2024;5:28:03 AM;Default;PHC301;SN 240462571090;Edited;Sample ID (28923);3.013;pH;30.7;°C;249.6;mV;;;;;;;;;;;;;;;OK;4/25/2024;12:22:34 PM;Default;Slope;-57.99;98;mV/pH;14.1;mV;0.9998;3;4;pH;187.6;mV;22.2;7.01;pH;11;mV;22;10.04;pH;-159.2;mV;22.5;;;;;;;;;;;;;;;;;;;;;°C;;;;;1714109283;1714047754;2.32E+11;;Interval;EndOfRecord
RD;CD;4/26/2024;5:28:03 AM;Default;CDC401;SN 231662582599;Edited;Sample ID (28923);41.4;mS/cm;30.8;°C;46.2;mS/cm;;;NaCl/Non-Linear;Reference Temperature = 25 °C;;;;;;;;;;;OK;4/19/2024;3:08:41 PM;Default;K;0.366;;cm⁻¹;;;;1;30000;µS/cm;28.4;mS/cm;22.2;;;;;;;;;;;;;;;;;;;;;;;;;;;;;;;°C;;;;;1714109283;1713539321;2.32E+11;;Interval;EndOfRecord
RD;pH;4/26/2024;5:27:04 AM;Default;PHC301;SN 240462571090;Edited;Sample ID (28922);3.013;pH;30.6;°C;249.6;mV;;;;;;;;;;;;;;;OK;4/25/2024;12:22:34 PM;Default;Slope;-57.99;98;mV/pH;14.1;mV;0.9998;3;4;pH;187.6;mV;22.2;7.01;pH;11;mV;22;10.04;pH;-159.2;mV;22.5;;;;;;;;;;;;;;;;;;;;;°C;;;;;1714109224;1714047754;2.32E+11;;Interval;EndOfRecord
RD;CD;4/26/2024;5:27:04 AM;Default;CDC401;SN 231662582599;Edited;Sample ID (28922);41.3;mS/cm;30.7;°C;46.1;mS/cm;;;NaCl/Non-Linear;Reference Temperature = 25 °C;;;;;;;;;;;OK;4/19/2024;3:08:41 PM;Default;K;0.366;;cm⁻¹;;;;1;30000;µS/cm;28.4;mS/cm;22.2;;;;;;;;;;;;;;;;;;;;;;;;;;;;;;;°C;;;;;1714109224;1713539321;2.32E+11;;Interval;EndOfRecord
RD;pH;4/26/2024;5:26:04 AM;Default;PHC301;SN 240462571090;Edited;Sample ID (28921);3.013;pH;30.6;°C;249.6;mV;;;;;;;;;;;;;;;OK;4/25/2024;12:22:34 PM;Default;Slope;-57.99;98;mV/pH;14.1;mV;0.9998;3;4;pH;187.6;mV;22.2;7.01;pH;11;mV;22;10.04;pH;-159.2;mV;22.5;;;;;;;;;;;;;;;;;;;;;°C;;;;;1714109164;1714047754;2.32E+11;;Interval;EndOfRecord
RD;CD;4/26/2024;5:26:04 AM;Default;CDC401;SN 231662582599;Edited;Sample ID (28921);41.3;mS/cm;30.7;°C;46.1;mS/cm;;;NaCl/Non-Linear;Reference Temperature = 25 °C;;;;;;;;;;;OK;4/19/2024;3:08:41 PM;Default;K;0.366;;cm⁻¹;;;;1;30000;µS/cm;28.4;mS/cm;22.2;;;;;;;;;;;;;;;;;;;;;;;;;;;;;;;°C;;;;;1714109164;1713539321;2.32E+11;;Interval;EndOfRecord
RD;pH;4/26/2024;5:25:03 AM;Default;PHC301;SN 240462571090;Edited;Sample ID (28920);3.013;pH;30.6;°C;249.6;mV;;;;;;;;;;;;;;;OK;4/25/2024;12:22:34 PM;Default;Slope;-57.99;98;mV/pH;14.1;mV;0.9998;3;4;pH;187.6;mV;22.2;7.01;pH;11;mV;22;10.04;pH;-159.2;mV;22.5;;;;;;;;;;;;;;;;;;;;;°C;;;;;1714109103;1714047754;2.32E+11;;Interval;EndOfRecord
RD;CD;4/26/2024;5:25:03 AM;Default;CDC401;SN 231662582599;Edited;Sample ID (28920);41.4;mS/cm;30.7;°C;46.2;mS/cm;;;NaCl/Non-Linear;Reference Temperature = 25 °C;;;;;;;;;;;OK;4/19/2024;3:08:41 PM;Default;K;0.366;;cm⁻¹;;;;1;30000;µS/cm;28.4;mS/cm;22.2;;;;;;;;;;;;;;;;;;;;;;;;;;;;;;;°C;;;;;1714109103;1713539321;2.32E+11;;Interval;EndOfRecord
RD;pH;4/26/2024;5:24:03 AM;Default;PHC301;SN 240462571090;Edited;Sample ID (28919);3.013;pH;30.6;°C;249.6;mV;;;;;;;;;;;;;;;OK;4/25/2024;12:22:34 PM;Default;Slope;-57.99;98;mV/pH;14.1;mV;0.9998;3;4;pH;187.6;mV;22.2;7.01;pH;11;mV;22;10.04;pH;-159.2;mV;22.5;;;;;;;;;;;;;;;;;;;;;°C;;;;;1714109043;1714047754;2.32E+11;;Interval;EndOfRecord
RD;CD;4/26/2024;5:24:03 AM;Default;CDC401;SN 231662582599;Edited;Sample ID (28919);41.4;mS/cm;30.7;°C;46.2;mS/cm;;;NaCl/Non-Linear;Reference Temperature = 25 °C;;;;;;;;;;;OK;4/19/2024;3:08:41 PM;Default;K;0.366;;cm⁻¹;;;;1;30000;µS/cm;28.4;mS/cm;22.2;;;;;;;;;;;;;;;;;;;;;;;;;;;;;;;°C;;;;;1714109043;1713539321;2.32E+11;;Interval;EndOfRecord
RD;pH;4/26/2024;5:23:04 AM;Default;PHC301;SN 240462571090;Edited;Sample ID (28918);3.013;pH;30.6;°C;249.6;mV;;;;;;;;;;;;;;;OK;4/25/2024;12:22:34 PM;Default;Slope;-57.99;98;mV/pH;14.1;mV;0.9998;3;4;pH;187.6;mV;22.2;7.01;pH;11;mV;22;10.04;pH;-159.2;mV;22.5;;;;;;;;;;;;;;;;;;;;;°C;;;;;1714108984;1714047754;2.32E+11;;Interval;EndOfRecord
RD;CD;4/26/2024;5:23:04 AM;Default;CDC401;SN 231662582599;Edited;Sample ID (28918);41.4;mS/cm;30.7;°C;46.2;mS/cm;;;NaCl/Non-Linear;Reference Temperature = 25 °C;;;;;;;;;;;OK;4/19/2024;3:08:41 PM;Default;K;0.366;;cm⁻¹;;;;1;30000;µS/cm;28.4;mS/cm;22.2;;;;;;;;;;;;;;;;;;;;;;;;;;;;;;;°C;;;;;1714108984;1713539321;2.32E+11;;Interval;EndOfRecord
RD;pH;4/26/2024;5:22:04 AM;Default;PHC301;SN 240462571090;Edited;Sample ID (28917);3.013;pH;30.6;°C;249.6;mV;;;;;;;;;;;;;;;OK;4/25/2024;12:22:34 PM;Default;Slope;-57.99;98;mV/pH;14.1;mV;0.9998;3;4;pH;187.6;mV;22.2;7.01;pH;11;mV;22;10.04;pH;-159.2;mV;22.5;;;;;;;;;;;;;;;;;;;;;°C;;;;;1714108924;1714047754;2.32E+11;;Interval;EndOfRecord
RD;CD;4/26/2024;5:22:04 AM;Default;CDC401;SN 231662582599;Edited;Sample ID (28917);41.4;mS/cm;30.7;°C;46.1;mS/cm;;;NaCl/Non-Linear;Reference Temperature = 25 °C;;;;;;;;;;;OK;4/19/2024;3:08:41 PM;Default;K;0.366;;cm⁻¹;;;;1;30000;µS/cm;28.4;mS/cm;22.2;;;;;;;;;;;;;;;;;;;;;;;;;;;;;;;°C;;;;;1714108924;1713539321;2.32E+11;;Interval;EndOfRecord
RD;pH;4/26/2024;5:21:03 AM;Default;PHC301;SN 240462571090;Edited;Sample ID (28916);3.013;pH;30.6;°C;249.6;mV;;;;;;;;;;;;;;;OK;4/25/2024;12:22:34 PM;Default;Slope;-57.99;98;mV/pH;14.1;mV;0.9998;3;4;pH;187.6;mV;22.2;7.01;pH;11;mV;22;10.04;pH;-159.2;mV;22.5;;;;;;;;;;;;;;;;;;;;;°C;;;;;1714108863;1714047754;2.32E+11;;Interval;EndOfRecord
RD;CD;4/26/2024;5:21:03 AM;Default;CDC401;SN 231662582599;Edited;Sample ID (28916);41.4;mS/cm;30.7;°C;46.1;mS/cm;;;NaCl/Non-Linear;Reference Temperature = 25 °C;;;;;;;;;;;OK;4/19/2024;3:08:41 PM;Default;K;0.366;;cm⁻¹;;;;1;30000;µS/cm;28.4;mS/cm;22.2;;;;;;;;;;;;;;;;;;;;;;;;;;;;;;;°C;;;;;1714108863;1713539321;2.32E+11;;Interval;EndOfRecord
RD;pH;4/26/2024;5:20:03 AM;Default;PHC301;SN 240462571090;Edited;Sample ID (28915);3.013;pH;30.5;°C;249.6;mV;;;;;;;;;;;;;;;OK;4/25/2024;12:22:34 PM;Default;Slope;-57.99;98;mV/pH;14.1;mV;0.9998;3;4;pH;187.6;mV;22.2;7.01;pH;11;mV;22;10.04;pH;-159.2;mV;22.5;;;;;;;;;;;;;;;;;;;;;°C;;;;;1714108803;1714047754;2.32E+11;;Interval;EndOfRecord
RD;CD;4/26/2024;5:20:03 AM;Default;CDC401;SN 231662582599;Edited;Sample ID (28915);41.4;mS/cm;30.6;°C;46.1;mS/cm;;;NaCl/Non-Linear;Reference Temperature = 25 °C;;;;;;;;;;;OK;4/19/2024;3:08:41 PM;Default;K;0.366;;cm⁻¹;;;;1;30000;µS/cm;28.4;mS/cm;22.2;;;;;;;;;;;;;;;;;;;;;;;;;;;;;;;°C;;;;;1714108803;1713539321;2.32E+11;;Interval;EndOfRecord
RD;pH;4/26/2024;5:19:04 AM;Default;PHC301;SN 240462571090;Edited;Sample ID (28914);3.013;pH;30.5;°C;249.6;mV;;;;;;;;;;;;;;;OK;4/25/2024;12:22:34 PM;Default;Slope;-57.99;98;mV/pH;14.1;mV;0.9998;3;4;pH;187.6;mV;22.2;7.01;pH;11;mV;22;10.04;pH;-159.2;mV;22.5;;;;;;;;;;;;;;;;;;;;;°C;;;;;1714108744;1714047754;2.32E+11;;Interval;EndOfRecord
RD;CD;4/26/2024;5:19:04 AM;Default;CDC401;SN 231662582599;Edited;Sample ID (28914);41.3;mS/cm;30.6;°C;46;mS/cm;;;NaCl/Non-Linear;Reference Temperature = 25 °C;;;;;;;;;;;OK;4/19/2024;3:08:41 PM;Default;K;0.366;;cm⁻¹;;;;1;30000;µS/cm;28.4;mS/cm;22.2;;;;;;;;;;;;;;;;;;;;;;;;;;;;;;;°C;;;;;1714108744;1713539321;2.32E+11;;Interval;EndOfRecord
RD;pH;4/26/2024;5:18:05 AM;Default;PHC301;SN 240462571090;Edited;Sample ID (28913);3.013;pH;30.5;°C;249.6;mV;;;;;;;;;;;;;;;OK;4/25/2024;12:22:34 PM;Default;Slope;-57.99;98;mV/pH;14.1;mV;0.9998;3;4;pH;187.6;mV;22.2;7.01;pH;11;mV;22;10.04;pH;-159.2;mV;22.5;;;;;;;;;;;;;;;;;;;;;°C;;;;;1714108685;1714047754;2.32E+11;;Interval;EndOfRecord
RD;CD;4/26/2024;5:18:05 AM;Default;CDC401;SN 231662582599;Edited;Sample ID (28913);41.4;mS/cm;30.6;°C;46.1;mS/cm;;;NaCl/Non-Linear;Reference Temperature = 25 °C;;;;;;;;;;;OK;4/19/2024;3:08:41 PM;Default;K;0.366;;cm⁻¹;;;;1;30000;µS/cm;28.4;mS/cm;22.2;;;;;;;;;;;;;;;;;;;;;;;;;;;;;;;°C;;;;;1714108685;1713539321;2.32E+11;;Interval;EndOfRecord
RD;pH;4/26/2024;5:17:04 AM;Default;PHC301;SN 240462571090;Edited;Sample ID (28912);3.013;pH;30.5;°C;249.5;mV;;;;;;;;;;;;;;;OK;4/25/2024;12:22:34 PM;Default;Slope;-57.99;98;mV/pH;14.1;mV;0.9998;3;4;pH;187.6;mV;22.2;7.01;pH;11;mV;22;10.04;pH;-159.2;mV;22.5;;;;;;;;;;;;;;;;;;;;;°C;;;;;1714108624;1714047754;2.32E+11;;Interval;EndOfRecord
RD;CD;4/26/2024;5:17:04 AM;Default;CDC401;SN 231662582599;Edited;Sample ID (28912);41.4;mS/cm;30.6;°C;46;mS/cm;;;NaCl/Non-Linear;Reference Temperature = 25 °C;;;;;;;;;;;OK;4/19/2024;3:08:41 PM;Default;K;0.366;;cm⁻¹;;;;1;30000;µS/cm;28.4;mS/cm;22.2;;;;;;;;;;;;;;;;;;;;;;;;;;;;;;;°C;;;;;1714108624;1713539321;2.32E+11;;Interval;EndOfRecord
RD;pH;4/26/2024;5:16:04 AM;Default;PHC301;SN 240462571090;Edited;Sample ID (28911);3.012;pH;30.5;°C;249.5;mV;;;;;;;;;;;;;;;OK;4/25/2024;12:22:34 PM;Default;Slope;-57.99;98;mV/pH;14.1;mV;0.9998;3;4;pH;187.6;mV;22.2;7.01;pH;11;mV;22;10.04;pH;-159.2;mV;22.5;;;;;;;;;;;;;;;;;;;;;°C;;;;;1714108564;1714047754;2.32E+11;;Interval;EndOfRecord
RD;CD;4/26/2024;5:16:04 AM;Default;CDC401;SN 231662582599;Edited;Sample ID (28911);41.3;mS/cm;30.6;°C;46;mS/cm;;;NaCl/Non-Linear;Reference Temperature = 25 °C;;;;;;;;;;;OK;4/19/2024;3:08:41 PM;Default;K;0.366;;cm⁻¹;;;;1;30000;µS/cm;28.4;mS/cm;22.2;;;;;;;;;;;;;;;;;;;;;;;;;;;;;;;°C;;;;;1714108564;1713539321;2.32E+11;;Interval;EndOfRecord
RD;pH;4/26/2024;5:15:03 AM;Default;PHC301;SN 240462571090;Edited;Sample ID (28910);3.012;pH;30.5;°C;249.5;mV;;;;;;;;;;;;;;;OK;4/25/2024;12:22:34 PM;Default;Slope;-57.99;98;mV/pH;14.1;mV;0.9998;3;4;pH;187.6;mV;22.2;7.01;pH;11;mV;22;10.04;pH;-159.2;mV;22.5;;;;;;;;;;;;;;;;;;;;;°C;;;;;1714108503;1714047754;2.32E+11;;Interval;EndOfRecord
RD;CD;4/26/2024;5:15:03 AM;Default;CDC401;SN 231662582599;Edited;Sample ID (28910);41.4;mS/cm;30.6;°C;46.1;mS/cm;;;NaCl/Non-Linear;Reference Temperature = 25 °C;;;;;;;;;;;OK;4/19/2024;3:08:41 PM;Default;K;0.366;;cm⁻¹;;;;1;30000;µS/cm;28.4;mS/cm;22.2;;;;;;;;;;;;;;;;;;;;;;;;;;;;;;;°C;;;;;1714108503;1713539321;2.32E+11;;Interval;EndOfRecord
RD;pH;4/26/2024;5:14:04 AM;Default;PHC301;SN 240462571090;Edited;Sample ID (28909);3.012;pH;30.4;°C;249.5;mV;;;;;;;;;;;;;;;OK;4/25/2024;12:22:34 PM;Default;Slope;-57.99;98;mV/pH;14.1;mV;0.9998;3;4;pH;187.6;mV;22.2;7.01;pH;11;mV;22;10.04;pH;-159.2;mV;22.5;;;;;;;;;;;;;;;;;;;;;°C;;;;;1714108444;1714047754;2.32E+11;;Interval;EndOfRecord
RD;CD;4/26/2024;5:14:04 AM;Default;CDC401;SN 231662582599;Edited;Sample ID (28909);41.4;mS/cm;30.5;°C;46;mS/cm;;;NaCl/Non-Linear;Reference Temperature = 25 °C;;;;;;;;;;;OK;4/19/2024;3:08:41 PM;Default;K;0.366;;cm⁻¹;;;;1;30000;µS/cm;28.4;mS/cm;22.2;;;;;;;;;;;;;;;;;;;;;;;;;;;;;;;°C;;;;;1714108444;1713539321;2.32E+11;;Interval;EndOfRecord
RD;pH;4/26/2024;5:13:04 AM;Default;PHC301;SN 240462571090;Edited;Sample ID (28908);3.012;pH;30.4;°C;249.5;mV;;;;;;;;;;;;;;;OK;4/25/2024;12:22:34 PM;Default;Slope;-57.99;98;mV/pH;14.1;mV;0.9998;3;4;pH;187.6;mV;22.2;7.01;pH;11;mV;22;10.04;pH;-159.2;mV;22.5;;;;;;;;;;;;;;;;;;;;;°C;;;;;1714108384;1714047754;2.32E+11;;Interval;EndOfRecord
RD;CD;4/26/2024;5:13:04 AM;Default;CDC401;SN 231662582599;Edited;Sample ID (28908);41.4;mS/cm;30.5;°C;46;mS/cm;;;NaCl/Non-Linear;Reference Temperature = 25 °C;;;;;;;;;;;OK;4/19/2024;3:08:41 PM;Default;K;0.366;;cm⁻¹;;;;1;30000;µS/cm;28.4;mS/cm;22.2;;;;;;;;;;;;;;;;;;;;;;;;;;;;;;;°C;;;;;1714108384;1713539321;2.32E+11;;Interval;EndOfRecord
RD;pH;4/26/2024;5:12:03 AM;Default;PHC301;SN 240462571090;Edited;Sample ID (28907);3.012;pH;30.4;°C;249.5;mV;;;;;;;;;;;;;;;OK;4/25/2024;12:22:34 PM;Default;Slope;-57.99;98;mV/pH;14.1;mV;0.9998;3;4;pH;187.6;mV;22.2;7.01;pH;11;mV;22;10.04;pH;-159.2;mV;22.5;;;;;;;;;;;;;;;;;;;;;°C;;;;;1714108323;1714047754;2.32E+11;;Interval;EndOfRecord
RD;CD;4/26/2024;5:12:03 AM;Default;CDC401;SN 231662582599;Edited;Sample ID (28907);41.4;mS/cm;30.5;°C;46;mS/cm;;;NaCl/Non-Linear;Reference Temperature = 25 °C;;;;;;;;;;;OK;4/19/2024;3:08:41 PM;Default;K;0.366;;cm⁻¹;;;;1;30000;µS/cm;28.4;mS/cm;22.2;;;;;;;;;;;;;;;;;;;;;;;;;;;;;;;°C;;;;;1714108323;1713539321;2.32E+11;;Interval;EndOfRecord
RD;pH;4/26/2024;5:11:05 AM;Default;PHC301;SN 240462571090;Edited;Sample ID (28906);3.012;pH;30.4;°C;249.5;mV;;;;;;;;;;;;;;;OK;4/25/2024;12:22:34 PM;Default;Slope;-57.99;98;mV/pH;14.1;mV;0.9998;3;4;pH;187.6;mV;22.2;7.01;pH;11;mV;22;10.04;pH;-159.2;mV;22.5;;;;;;;;;;;;;;;;;;;;;°C;;;;;1714108265;1714047754;2.32E+11;;Interval;EndOfRecord
RD;CD;4/26/2024;5:11:05 AM;Default;CDC401;SN 231662582599;Edited;Sample ID (28906);41.3;mS/cm;30.5;°C;45.9;mS/cm;;;NaCl/Non-Linear;Reference Temperature = 25 °C;;;;;;;;;;;OK;4/19/2024;3:08:41 PM;Default;K;0.366;;cm⁻¹;;;;1;30000;µS/cm;28.4;mS/cm;22.2;;;;;;;;;;;;;;;;;;;;;;;;;;;;;;;°C;;;;;1714108265;1713539321;2.32E+11;;Interval;EndOfRecord
RD;pH;4/26/2024;5:10:04 AM;Default;PHC301;SN 240462571090;Edited;Sample ID (28905);3.012;pH;30.4;°C;249.5;mV;;;;;;;;;;;;;;;OK;4/25/2024;12:22:34 PM;Default;Slope;-57.99;98;mV/pH;14.1;mV;0.9998;3;4;pH;187.6;mV;22.2;7.01;pH;11;mV;22;10.04;pH;-159.2;mV;22.5;;;;;;;;;;;;;;;;;;;;;°C;;;;;1714108204;1714047754;2.32E+11;;Interval;EndOfRecord
RD;CD;4/26/2024;5:10:04 AM;Default;CDC401;SN 231662582599;Edited;Sample ID (28905);41.4;mS/cm;30.5;°C;45.9;mS/cm;;;NaCl/Non-Linear;Reference Temperature = 25 °C;;;;;;;;;;;OK;4/19/2024;3:08:41 PM;Default;K;0.366;;cm⁻¹;;;;1;30000;µS/cm;28.4;mS/cm;22.2;;;;;;;;;;;;;;;;;;;;;;;;;;;;;;;°C;;;;;1714108204;1713539321;2.32E+11;;Interval;EndOfRecord
RD;pH;4/26/2024;5:09:04 AM;Default;PHC301;SN 240462571090;Edited;Sample ID (28904);3.012;pH;30.4;°C;249.5;mV;;;;;;;;;;;;;;;OK;4/25/2024;12:22:34 PM;Default;Slope;-57.99;98;mV/pH;14.1;mV;0.9998;3;4;pH;187.6;mV;22.2;7.01;pH;11;mV;22;10.04;pH;-159.2;mV;22.5;;;;;;;;;;;;;;;;;;;;;°C;;;;;1714108144;1714047754;2.32E+11;;Interval;EndOfRecord
RD;CD;4/26/2024;5:09:04 AM;Default;CDC401;SN 231662582599;Edited;Sample ID (28904);41.4;mS/cm;30.4;°C;45.9;mS/cm;;;NaCl/Non-Linear;Reference Temperature = 25 °C;;;;;;;;;;;OK;4/19/2024;3:08:41 PM;Default;K;0.366;;cm⁻¹;;;;1;30000;µS/cm;28.4;mS/cm;22.2;;;;;;;;;;;;;;;;;;;;;;;;;;;;;;;°C;;;;;1714108144;1713539321;2.32E+11;;Interval;EndOfRecord
RD;pH;4/26/2024;5:08:03 AM;Default;PHC301;SN 240462571090;Edited;Sample ID (28903);3.012;pH;30.3;°C;249.5;mV;;;;;;;;;;;;;;;OK;4/25/2024;12:22:34 PM;Default;Slope;-57.99;98;mV/pH;14.1;mV;0.9998;3;4;pH;187.6;mV;22.2;7.01;pH;11;mV;22;10.04;pH;-159.2;mV;22.5;;;;;;;;;;;;;;;;;;;;;°C;;;;;1714108083;1714047754;2.32E+11;;Interval;EndOfRecord
RD;CD;4/26/2024;5:08:03 AM;Default;CDC401;SN 231662582599;Edited;Sample ID (28903);41.4;mS/cm;30.4;°C;45.9;mS/cm;;;NaCl/Non-Linear;Reference Temperature = 25 °C;;;;;;;;;;;OK;4/19/2024;3:08:41 PM;Default;K;0.366;;cm⁻¹;;;;1;30000;µS/cm;28.4;mS/cm;22.2;;;;;;;;;;;;;;;;;;;;;;;;;;;;;;;°C;;;;;1714108083;1713539321;2.32E+11;;Interval;EndOfRecord
RD;pH;4/26/2024;5:07:03 AM;Default;PHC301;SN 240462571090;Edited;Sample ID (28902);3.012;pH;30.3;°C;249.5;mV;;;;;;;;;;;;;;;OK;4/25/2024;12:22:34 PM;Default;Slope;-57.99;98;mV/pH;14.1;mV;0.9998;3;4;pH;187.6;mV;22.2;7.01;pH;11;mV;22;10.04;pH;-159.2;mV;22.5;;;;;;;;;;;;;;;;;;;;;°C;;;;;1714108023;1714047754;2.32E+11;;Interval;EndOfRecord
RD;CD;4/26/2024;5:07:03 AM;Default;CDC401;SN 231662582599;Edited;Sample ID (28902);41.4;mS/cm;30.4;°C;45.9;mS/cm;;;NaCl/Non-Linear;Reference Temperature = 25 °C;;;;;;;;;;;OK;4/19/2024;3:08:41 PM;Default;K;0.366;;cm⁻¹;;;;1;30000;µS/cm;28.4;mS/cm;22.2;;;;;;;;;;;;;;;;;;;;;;;;;;;;;;;°C;;;;;1714108023;1713539321;2.32E+11;;Interval;EndOfRecord
RD;pH;4/26/2024;5:06:04 AM;Default;PHC301;SN 240462571090;Edited;Sample ID (28901);3.012;pH;30.3;°C;249.4;mV;;;;;;;;;;;;;;;OK;4/25/2024;12:22:34 PM;Default;Slope;-57.99;98;mV/pH;14.1;mV;0.9998;3;4;pH;187.6;mV;22.2;7.01;pH;11;mV;22;10.04;pH;-159.2;mV;22.5;;;;;;;;;;;;;;;;;;;;;°C;;;;;1714107964;1714047754;2.32E+11;;Interval;EndOfRecord
RD;CD;4/26/2024;5:06:04 AM;Default;CDC401;SN 231662582599;Edited;Sample ID (28901);41.4;mS/cm;30.4;°C;45.9;mS/cm;;;NaCl/Non-Linear;Reference Temperature = 25 °C;;;;;;;;;;;OK;4/19/2024;3:08:41 PM;Default;K;0.366;;cm⁻¹;;;;1;30000;µS/cm;28.4;mS/cm;22.2;;;;;;;;;;;;;;;;;;;;;;;;;;;;;;;°C;;;;;1714107964;1713539321;2.32E+11;;Interval;EndOfRecord
RD;pH;4/26/2024;5:05:04 AM;Default;PHC301;SN 240462571090;Edited;Sample ID (28900);3.012;pH;30.3;°C;249.4;mV;;;;;;;;;;;;;;;OK;4/25/2024;12:22:34 PM;Default;Slope;-57.99;98;mV/pH;14.1;mV;0.9998;3;4;pH;187.6;mV;22.2;7.01;pH;11;mV;22;10.04;pH;-159.2;mV;22.5;;;;;;;;;;;;;;;;;;;;;°C;;;;;1714107904;1714047754;2.32E+11;;Interval;EndOfRecord
RD;CD;4/26/2024;5:05:04 AM;Default;CDC401;SN 231662582599;Edited;Sample ID (28900);41.4;mS/cm;30.4;°C;45.8;mS/cm;;;NaCl/Non-Linear;Reference Temperature = 25 °C;;;;;;;;;;;OK;4/19/2024;3:08:41 PM;Default;K;0.366;;cm⁻¹;;;;1;30000;µS/cm;28.4;mS/cm;22.2;;;;;;;;;;;;;;;;;;;;;;;;;;;;;;;°C;;;;;1714107904;1713539321;2.32E+11;;Interval;EndOfRecord
RD;pH;4/26/2024;5:04:03 AM;Default;PHC301;SN 240462571090;Edited;Sample ID (28899);3.012;pH;30.3;°C;249.4;mV;;;;;;;;;;;;;;;OK;4/25/2024;12:22:34 PM;Default;Slope;-57.99;98;mV/pH;14.1;mV;0.9998;3;4;pH;187.6;mV;22.2;7.01;pH;11;mV;22;10.04;pH;-159.2;mV;22.5;;;;;;;;;;;;;;;;;;;;;°C;;;;;1714107843;1714047754;2.32E+11;;Interval;EndOfRecord
RD;CD;4/26/2024;5:04:03 AM;Default;CDC401;SN 231662582599;Edited;Sample ID (28899);41.4;mS/cm;30.3;°C;45.9;mS/cm;;;NaCl/Non-Linear;Reference Temperature = 25 °C;;;;;;;;;;;OK;4/19/2024;3:08:41 PM;Default;K;0.366;;cm⁻¹;;;;1;30000;µS/cm;28.4;mS/cm;22.2;;;;;;;;;;;;;;;;;;;;;;;;;;;;;;;°C;;;;;1714107843;1713539321;2.32E+11;;Interval;EndOfRecord
RD;pH;4/26/2024;5:03:03 AM;Default;PHC301;SN 240462571090;Edited;Sample ID (28898);3.012;pH;30.2;°C;249.4;mV;;;;;;;;;;;;;;;OK;4/25/2024;12:22:34 PM;Default;Slope;-57.99;98;mV/pH;14.1;mV;0.9998;3;4;pH;187.6;mV;22.2;7.01;pH;11;mV;22;10.04;pH;-159.2;mV;22.5;;;;;;;;;;;;;;;;;;;;;°C;;;;;1714107783;1714047754;2.32E+11;;Interval;EndOfRecord
RD;CD;4/26/2024;5:03:03 AM;Default;CDC401;SN 231662582599;Edited;Sample ID (28898);41.4;mS/cm;30.3;°C;45.9;mS/cm;;;NaCl/Non-Linear;Reference Temperature = 25 °C;;;;;;;;;;;OK;4/19/2024;3:08:41 PM;Default;K;0.366;;cm⁻¹;;;;1;30000;µS/cm;28.4;mS/cm;22.2;;;;;;;;;;;;;;;;;;;;;;;;;;;;;;;°C;;;;;1714107783;1713539321;2.32E+11;;Interval;EndOfRecord
RD;pH;4/26/2024;5:02:03 AM;Default;PHC301;SN 240462571090;Edited;Sample ID (28897);3.012;pH;30.2;°C;249.4;mV;;;;;;;;;;;;;;;OK;4/25/2024;12:22:34 PM;Default;Slope;-57.99;98;mV/pH;14.1;mV;0.9998;3;4;pH;187.6;mV;22.2;7.01;pH;11;mV;22;10.04;pH;-159.2;mV;22.5;;;;;;;;;;;;;;;;;;;;;°C;;;;;1714107723;1714047754;2.32E+11;;Interval;EndOfRecord
RD;CD;4/26/2024;5:02:03 AM;Default;CDC401;SN 231662582599;Edited;Sample ID (28897);41.4;mS/cm;30.3;°C;45.9;mS/cm;;;NaCl/Non-Linear;Reference Temperature = 25 °C;;;;;;;;;;;OK;4/19/2024;3:08:41 PM;Default;K;0.366;;cm⁻¹;;;;1;30000;µS/cm;28.4;mS/cm;22.2;;;;;;;;;;;;;;;;;;;;;;;;;;;;;;;°C;;;;;1714107723;1713539321;2.32E+11;;Interval;EndOfRecord
RD;pH;4/26/2024;5:01:03 AM;Default;PHC301;SN 240462571090;Edited;Sample ID (28896);3.011;pH;30.2;°C;249.4;mV;;;;;;;;;;;;;;;OK;4/25/2024;12:22:34 PM;Default;Slope;-57.99;98;mV/pH;14.1;mV;0.9998;3;4;pH;187.6;mV;22.2;7.01;pH;11;mV;22;10.04;pH;-159.2;mV;22.5;;;;;;;;;;;;;;;;;;;;;°C;;;;;1714107663;1714047754;2.32E+11;;Interval;EndOfRecord
RD;CD;4/26/2024;5:01:03 AM;Default;CDC401;SN 231662582599;Edited;Sample ID (28896);41.4;mS/cm;30.3;°C;45.8;mS/cm;;;NaCl/Non-Linear;Reference Temperature = 25 °C;;;;;;;;;;;OK;4/19/2024;3:08:41 PM;Default;K;0.366;;cm⁻¹;;;;1;30000;µS/cm;28.4;mS/cm;22.2;;;;;;;;;;;;;;;;;;;;;;;;;;;;;;;°C;;;;;1714107663;1713539321;2.32E+11;;Interval;EndOfRecord
RD;pH;4/26/2024;5:00:04 AM;Default;PHC301;SN 240462571090;Edited;Sample ID (28895);3.011;pH;30.2;°C;249.4;mV;;;;;;;;;;;;;;;OK;4/25/2024;12:22:34 PM;Default;Slope;-57.99;98;mV/pH;14.1;mV;0.9998;3;4;pH;187.6;mV;22.2;7.01;pH;11;mV;22;10.04;pH;-159.2;mV;22.5;;;;;;;;;;;;;;;;;;;;;°C;;;;;1714107604;1714047754;2.32E+11;;Interval;EndOfRecord
RD;CD;4/26/2024;5:00:04 AM;Default;CDC401;SN 231662582599;Edited;Sample ID (28895);41.4;mS/cm;30.3;°C;45.8;mS/cm;;;NaCl/Non-Linear;Reference Temperature = 25 °C;;;;;;;;;;;OK;4/19/2024;3:08:41 PM;Default;K;0.366;;cm⁻¹;;;;1;30000;µS/cm;28.4;mS/cm;22.2;;;;;;;;;;;;;;;;;;;;;;;;;;;;;;;°C;;;;;1714107604;1713539321;2.32E+11;;Interval;EndOfRecord
RD;pH;4/26/2024;4:59:05 AM;Default;PHC301;SN 240462571090;Edited;Sample ID (28894);3.011;pH;30.2;°C;249.4;mV;;;;;;;;;;;;;;;OK;4/25/2024;12:22:34 PM;Default;Slope;-57.99;98;mV/pH;14.1;mV;0.9998;3;4;pH;187.6;mV;22.2;7.01;pH;11;mV;22;10.04;pH;-159.2;mV;22.5;;;;;;;;;;;;;;;;;;;;;°C;;;;;1714107545;1714047754;2.32E+11;;Interval;EndOfRecord
RD;CD;4/26/2024;4:59:05 AM;Default;CDC401;SN 231662582599;Edited;Sample ID (28894);41.4;mS/cm;30.2;°C;45.8;mS/cm;;;NaCl/Non-Linear;Reference Temperature = 25 °C;;;;;;;;;;;OK;4/19/2024;3:08:41 PM;Default;K;0.366;;cm⁻¹;;;;1;30000;µS/cm;28.4;mS/cm;22.2;;;;;;;;;;;;;;;;;;;;;;;;;;;;;;;°C;;;;;1714107545;1713539321;2.32E+11;;Interval;EndOfRecord
RD;pH;4/26/2024;4:58:03 AM;Default;PHC301;SN 240462571090;Edited;Sample ID (28893);3.011;pH;30.1;°C;249.4;mV;;;;;;;;;;;;;;;OK;4/25/2024;12:22:34 PM;Default;Slope;-57.99;98;mV/pH;14.1;mV;0.9998;3;4;pH;187.6;mV;22.2;7.01;pH;11;mV;22;10.04;pH;-159.2;mV;22.5;;;;;;;;;;;;;;;;;;;;;°C;;;;;1714107483;1714047754;2.32E+11;;Interval;EndOfRecord
RD;CD;4/26/2024;4:58:03 AM;Default;CDC401;SN 231662582599;Edited;Sample ID (28893);41.5;mS/cm;30.2;°C;45.8;mS/cm;;;NaCl/Non-Linear;Reference Temperature = 25 °C;;;;;;;;;;;OK;4/19/2024;3:08:41 PM;Default;K;0.366;;cm⁻¹;;;;1;30000;µS/cm;28.4;mS/cm;22.2;;;;;;;;;;;;;;;;;;;;;;;;;;;;;;;°C;;;;;1714107483;1713539321;2.32E+11;;Interval;EndOfRecord
RD;pH;4/26/2024;4:57:04 AM;Default;PHC301;SN 240462571090;Edited;Sample ID (28892);3.011;pH;30.1;°C;249.4;mV;;;;;;;;;;;;;;;OK;4/25/2024;12:22:34 PM;Default;Slope;-57.99;98;mV/pH;14.1;mV;0.9998;3;4;pH;187.6;mV;22.2;7.01;pH;11;mV;22;10.04;pH;-159.2;mV;22.5;;;;;;;;;;;;;;;;;;;;;°C;;;;;1714107424;1714047754;2.32E+11;;Interval;EndOfRecord
RD;CD;4/26/2024;4:57:04 AM;Default;CDC401;SN 231662582599;Edited;Sample ID (28892);41.4;mS/cm;30.2;°C;45.7;mS/cm;;;NaCl/Non-Linear;Reference Temperature = 25 °C;;;;;;;;;;;OK;4/19/2024;3:08:41 PM;Default;K;0.366;;cm⁻¹;;;;1;30000;µS/cm;28.4;mS/cm;22.2;;;;;;;;;;;;;;;;;;;;;;;;;;;;;;;°C;;;;;1714107424;1713539321;2.32E+11;;Interval;EndOfRecord
RD;pH;4/26/2024;4:56:04 AM;Default;PHC301;SN 240462571090;Edited;Sample ID (28891);3.011;pH;30.1;°C;249.4;mV;;;;;;;;;;;;;;;OK;4/25/2024;12:22:34 PM;Default;Slope;-57.99;98;mV/pH;14.1;mV;0.9998;3;4;pH;187.6;mV;22.2;7.01;pH;11;mV;22;10.04;pH;-159.2;mV;22.5;;;;;;;;;;;;;;;;;;;;;°C;;;;;1714107364;1714047754;2.32E+11;;Interval;EndOfRecord
RD;CD;4/26/2024;4:56:04 AM;Default;CDC401;SN 231662582599;Edited;Sample ID (28891);41.4;mS/cm;30.2;°C;45.7;mS/cm;;;NaCl/Non-Linear;Reference Temperature = 25 °C;;;;;;;;;;;OK;4/19/2024;3:08:41 PM;Default;K;0.366;;cm⁻¹;;;;1;30000;µS/cm;28.4;mS/cm;22.2;;;;;;;;;;;;;;;;;;;;;;;;;;;;;;;°C;;;;;1714107364;1713539321;2.32E+11;;Interval;EndOfRecord
RD;pH;4/26/2024;4:55:03 AM;Default;PHC301;SN 240462571090;Edited;Sample ID (28890);3.011;pH;30.1;°C;249.4;mV;;;;;;;;;;;;;;;OK;4/25/2024;12:22:34 PM;Default;Slope;-57.99;98;mV/pH;14.1;mV;0.9998;3;4;pH;187.6;mV;22.2;7.01;pH;11;mV;22;10.04;pH;-159.2;mV;22.5;;;;;;;;;;;;;;;;;;;;;°C;;;;;1714107303;1714047754;2.32E+11;;Interval;EndOfRecord
RD;CD;4/26/2024;4:55:03 AM;Default;CDC401;SN 231662582599;Edited;Sample ID (28890);41.4;mS/cm;30.1;°C;45.7;mS/cm;;;NaCl/Non-Linear;Reference Temperature = 25 °C;;;;;;;;;;;OK;4/19/2024;3:08:41 PM;Default;K;0.366;;cm⁻¹;;;;1;30000;µS/cm;28.4;mS/cm;22.2;;;;;;;;;;;;;;;;;;;;;;;;;;;;;;;°C;;;;;1714107303;1713539321;2.32E+11;;Interval;EndOfRecord
RD;pH;4/26/2024;4:54:05 AM;Default;PHC301;SN 240462571090;Edited;Sample ID (28889);3.011;pH;30.1;°C;249.4;mV;;;;;;;;;;;;;;;OK;4/25/2024;12:22:34 PM;Default;Slope;-57.99;98;mV/pH;14.1;mV;0.9998;3;4;pH;187.6;mV;22.2;7.01;pH;11;mV;22;10.04;pH;-159.2;mV;22.5;;;;;;;;;;;;;;;;;;;;;°C;;;;;1714107245;1714047754;2.32E+11;;Interval;EndOfRecord
RD;CD;4/26/2024;4:54:05 AM;Default;CDC401;SN 231662582599;Edited;Sample ID (28889);41.4;mS/cm;30.1;°C;45.6;mS/cm;;;NaCl/Non-Linear;Reference Temperature = 25 °C;;;;;;;;;;;OK;4/19/2024;3:08:41 PM;Default;K;0.366;;cm⁻¹;;;;1;30000;µS/cm;28.4;mS/cm;22.2;;;;;;;;;;;;;;;;;;;;;;;;;;;;;;;°C;;;;;1714107245;1713539321;2.32E+11;;Interval;EndOfRecord
RD;pH;4/26/2024;4:53:04 AM;Default;PHC301;SN 240462571090;Edited;Sample ID (28888);3.01;pH;29.9;°C;249.4;mV;;;;;;;;;;;;;;;OK;4/25/2024;12:22:34 PM;Default;Slope;-57.99;98;mV/pH;14.1;mV;0.9998;3;4;pH;187.6;mV;22.2;7.01;pH;11;mV;22;10.04;pH;-159.2;mV;22.5;;;;;;;;;;;;;;;;;;;;;°C;;;;;1714107184;1714047754;2.32E+11;;Interval;EndOfRecord
RD;CD;4/26/2024;4:53:04 AM;Default;CDC401;SN 231662582599;Edited;Sample ID (28888);41.4;mS/cm;30.1;°C;45.6;mS/cm;;;NaCl/Non-Linear;Reference Temperature = 25 °C;;;;;;;;;;;OK;4/19/2024;3:08:41 PM;Default;K;0.366;;cm⁻¹;;;;1;30000;µS/cm;28.4;mS/cm;22.2;;;;;;;;;;;;;;;;;;;;;;;;;;;;;;;°C;;;;;1714107184;1713539321;2.32E+11;;Interval;EndOfRecord
RD;pH;4/26/2024;4:52:04 AM;Default;PHC301;SN 240462571090;Edited;Sample ID (28887);3.01;pH;29.9;°C;249.4;mV;;;;;;;;;;;;;;;OK;4/25/2024;12:22:34 PM;Default;Slope;-57.99;98;mV/pH;14.1;mV;0.9998;3;4;pH;187.6;mV;22.2;7.01;pH;11;mV;22;10.04;pH;-159.2;mV;22.5;;;;;;;;;;;;;;;;;;;;;°C;;;;;1714107124;1714047754;2.32E+11;;Interval;EndOfRecord
RD;CD;4/26/2024;4:52:04 AM;Default;CDC401;SN 231662582599;Edited;Sample ID (28887);41.4;mS/cm;30.1;°C;45.6;mS/cm;;;NaCl/Non-Linear;Reference Temperature = 25 °C;;;;;;;;;;;OK;4/19/2024;3:08:41 PM;Default;K;0.366;;cm⁻¹;;;;1;30000;µS/cm;28.4;mS/cm;22.2;;;;;;;;;;;;;;;;;;;;;;;;;;;;;;;°C;;;;;1714107124;1713539321;2.32E+11;;Interval;EndOfRecord
RD;pH;4/26/2024;4:51:03 AM;Default;PHC301;SN 240462571090;Edited;Sample ID (28886);3.01;pH;29.9;°C;249.3;mV;;;;;;;;;;;;;;;OK;4/25/2024;12:22:34 PM;Default;Slope;-57.99;98;mV/pH;14.1;mV;0.9998;3;4;pH;187.6;mV;22.2;7.01;pH;11;mV;22;10.04;pH;-159.2;mV;22.5;;;;;;;;;;;;;;;;;;;;;°C;;;;;1714107063;1714047754;2.32E+11;;Interval;EndOfRecord
RD;CD;4/26/2024;4:51:03 AM;Default;CDC401;SN 231662582599;Edited;Sample ID (28886);41.5;mS/cm;30;°C;45.7;mS/cm;;;NaCl/Non-Linear;Reference Temperature = 25 °C;;;;;;;;;;;OK;4/19/2024;3:08:41 PM;Default;K;0.366;;cm⁻¹;;;;1;30000;µS/cm;28.4;mS/cm;22.2;;;;;;;;;;;;;;;;;;;;;;;;;;;;;;;°C;;;;;1714107063;1713539321;2.32E+11;;Interval;EndOfRecord
RD;pH;4/26/2024;4:50:03 AM;Default;PHC301;SN 240462571090;Edited;Sample ID (28885);3.01;pH;29.9;°C;249.3;mV;;;;;;;;;;;;;;;OK;4/25/2024;12:22:34 PM;Default;Slope;-57.99;98;mV/pH;14.1;mV;0.9998;3;4;pH;187.6;mV;22.2;7.01;pH;11;mV;22;10.04;pH;-159.2;mV;22.5;;;;;;;;;;;;;;;;;;;;;°C;;;;;1714107003;1714047754;2.32E+11;;Interval;EndOfRecord
RD;CD;4/26/2024;4:50:03 AM;Default;CDC401;SN 231662582599;Edited;Sample ID (28885);41.5;mS/cm;30;°C;45.7;mS/cm;;;NaCl/Non-Linear;Reference Temperature = 25 °C;;;;;;;;;;;OK;4/19/2024;3:08:41 PM;Default;K;0.366;;cm⁻¹;;;;1;30000;µS/cm;28.4;mS/cm;22.2;;;;;;;;;;;;;;;;;;;;;;;;;;;;;;;°C;;;;;1714107003;1713539321;2.32E+11;;Interval;EndOfRecord
RD;pH;4/26/2024;4:49:04 AM;Default;PHC301;SN 240462571090;Edited;Sample ID (28884);3.01;pH;29.8;°C;249.3;mV;;;;;;;;;;;;;;;OK;4/25/2024;12:22:34 PM;Default;Slope;-57.99;98;mV/pH;14.1;mV;0.9998;3;4;pH;187.6;mV;22.2;7.01;pH;11;mV;22;10.04;pH;-159.2;mV;22.5;;;;;;;;;;;;;;;;;;;;;°C;;;;;1714106944;1714047754;2.32E+11;;Interval;EndOfRecord
RD;CD;4/26/2024;4:49:04 AM;Default;CDC401;SN 231662582599;Edited;Sample ID (28884);41.4;mS/cm;30;°C;45.6;mS/cm;;;NaCl/Non-Linear;Reference Temperature = 25 °C;;;;;;;;;;;OK;4/19/2024;3:08:41 PM;Default;K;0.366;;cm⁻¹;;;;1;30000;µS/cm;28.4;mS/cm;22.2;;;;;;;;;;;;;;;;;;;;;;;;;;;;;;;°C;;;;;1714106944;1713539321;2.32E+11;;Interval;EndOfRecord
RD;pH;4/26/2024;4:48:04 AM;Default;PHC301;SN 240462571090;Edited;Sample ID (28883);3.01;pH;29.8;°C;249.3;mV;;;;;;;;;;;;;;;OK;4/25/2024;12:22:34 PM;Default;Slope;-57.99;98;mV/pH;14.1;mV;0.9998;3;4;pH;187.6;mV;22.2;7.01;pH;11;mV;22;10.04;pH;-159.2;mV;22.5;;;;;;;;;;;;;;;;;;;;;°C;;;;;1714106884;1714047754;2.32E+11;;Interval;EndOfRecord
RD;CD;4/26/2024;4:48:04 AM;Default;CDC401;SN 231662582599;Edited;Sample ID (28883);41.5;mS/cm;29.9;°C;45.6;mS/cm;;;NaCl/Non-Linear;Reference Temperature = 25 °C;;;;;;;;;;;OK;4/19/2024;3:08:41 PM;Default;K;0.366;;cm⁻¹;;;;1;30000;µS/cm;28.4;mS/cm;22.2;;;;;;;;;;;;;;;;;;;;;;;;;;;;;;;°C;;;;;1714106884;1713539321;2.32E+11;;Interval;EndOfRecord
RD;pH;4/26/2024;4:47:03 AM;Default;PHC301;SN 240462571090;Edited;Sample ID (28882);3.01;pH;29.8;°C;249.3;mV;;;;;;;;;;;;;;;OK;4/25/2024;12:22:34 PM;Default;Slope;-57.99;98;mV/pH;14.1;mV;0.9998;3;4;pH;187.6;mV;22.2;7.01;pH;11;mV;22;10.04;pH;-159.2;mV;22.5;;;;;;;;;;;;;;;;;;;;;°C;;;;;1714106823;1714047754;2.32E+11;;Interval;EndOfRecord
RD;CD;4/26/2024;4:47:03 AM;Default;CDC401;SN 231662582599;Edited;Sample ID (28882);41.5;mS/cm;29.9;°C;45.6;mS/cm;;;NaCl/Non-Linear;Reference Temperature = 25 °C;;;;;;;;;;;OK;4/19/2024;3:08:41 PM;Default;K;0.366;;cm⁻¹;;;;1;30000;µS/cm;28.4;mS/cm;22.2;;;;;;;;;;;;;;;;;;;;;;;;;;;;;;;°C;;;;;1714106823;1713539321;2.32E+11;;Interval;EndOfRecord
RD;pH;4/26/2024;4:46:03 AM;Default;PHC301;SN 240462571090;Edited;Sample ID (28881);3.009;pH;29.8;°C;249.3;mV;;;;;;;;;;;;;;;OK;4/25/2024;12:22:34 PM;Default;Slope;-57.99;98;mV/pH;14.1;mV;0.9998;3;4;pH;187.6;mV;22.2;7.01;pH;11;mV;22;10.04;pH;-159.2;mV;22.5;;;;;;;;;;;;;;;;;;;;;°C;;;;;1714106763;1714047754;2.32E+11;;Interval;EndOfRecord
RD;CD;4/26/2024;4:46:03 AM;Default;CDC401;SN 231662582599;Edited;Sample ID (28881);41.5;mS/cm;29.9;°C;45.6;mS/cm;;;NaCl/Non-Linear;Reference Temperature = 25 °C;;;;;;;;;;;OK;4/19/2024;3:08:41 PM;Default;K;0.366;;cm⁻¹;;;;1;30000;µS/cm;28.4;mS/cm;22.2;;;;;;;;;;;;;;;;;;;;;;;;;;;;;;;°C;;;;;1714106763;1713539321;2.32E+11;;Interval;EndOfRecord
RD;pH;4/26/2024;4:45:04 AM;Default;PHC301;SN 240462571090;Edited;Sample ID (28880);3.009;pH;29.7;°C;249.2;mV;;;;;;;;;;;;;;;OK;4/25/2024;12:22:34 PM;Default;Slope;-57.99;98;mV/pH;14.1;mV;0.9998;3;4;pH;187.6;mV;22.2;7.01;pH;11;mV;22;10.04;pH;-159.2;mV;22.5;;;;;;;;;;;;;;;;;;;;;°C;;;;;1714106704;1714047754;2.32E+11;;Interval;EndOfRecord
RD;CD;4/26/2024;4:45:04 AM;Default;CDC401;SN 231662582599;Edited;Sample ID (28880);41.4;mS/cm;29.8;°C;45.5;mS/cm;;;NaCl/Non-Linear;Reference Temperature = 25 °C;;;;;;;;;;;OK;4/19/2024;3:08:41 PM;Default;K;0.366;;cm⁻¹;;;;1;30000;µS/cm;28.4;mS/cm;22.2;;;;;;;;;;;;;;;;;;;;;;;;;;;;;;;°C;;;;;1714106704;1713539321;2.32E+11;;Interval;EndOfRecord
RD;pH;4/26/2024;4:44:04 AM;Default;PHC301;SN 240462571090;Edited;Sample ID (28879);3.009;pH;29.7;°C;249.2;mV;;;;;;;;;;;;;;;OK;4/25/2024;12:22:34 PM;Default;Slope;-57.99;98;mV/pH;14.1;mV;0.9998;3;4;pH;187.6;mV;22.2;7.01;pH;11;mV;22;10.04;pH;-159.2;mV;22.5;;;;;;;;;;;;;;;;;;;;;°C;;;;;1714106644;1714047754;2.32E+11;;Interval;EndOfRecord
RD;CD;4/26/2024;4:44:04 AM;Default;CDC401;SN 231662582599;Edited;Sample ID (28879);41.4;mS/cm;29.8;°C;45.4;mS/cm;;;NaCl/Non-Linear;Reference Temperature = 25 °C;;;;;;;;;;;OK;4/19/2024;3:08:41 PM;Default;K;0.366;;cm⁻¹;;;;1;30000;µS/cm;28.4;mS/cm;22.2;;;;;;;;;;;;;;;;;;;;;;;;;;;;;;;°C;;;;;1714106644;1713539321;2.32E+11;;Interval;EndOfRecord
RD;pH;4/26/2024;4:43:05 AM;Default;PHC301;SN 240462571090;Edited;Sample ID (28878);3.009;pH;29.7;°C;249.2;mV;;;;;;;;;;;;;;;OK;4/25/2024;12:22:34 PM;Default;Slope;-57.99;98;mV/pH;14.1;mV;0.9998;3;4;pH;187.6;mV;22.2;7.01;pH;11;mV;22;10.04;pH;-159.2;mV;22.5;;;;;;;;;;;;;;;;;;;;;°C;;;;;1714106585;1714047754;2.32E+11;;Interval;EndOfRecord
RD;CD;4/26/2024;4:43:05 AM;Default;CDC401;SN 231662582599;Edited;Sample ID (28878);41.4;mS/cm;29.8;°C;45.4;mS/cm;;;NaCl/Non-Linear;Reference Temperature = 25 °C;;;;;;;;;;;OK;4/19/2024;3:08:41 PM;Default;K;0.366;;cm⁻¹;;;;1;30000;µS/cm;28.4;mS/cm;22.2;;;;;;;;;;;;;;;;;;;;;;;;;;;;;;;°C;;;;;1714106585;1713539321;2.32E+11;;Interval;EndOfRecord
RD;pH;4/26/2024;4:42:04 AM;Default;PHC301;SN 240462571090;Edited;Sample ID (28877);3.009;pH;29.7;°C;249.2;mV;;;;;;;;;;;;;;;OK;4/25/2024;12:22:34 PM;Default;Slope;-57.99;98;mV/pH;14.1;mV;0.9998;3;4;pH;187.6;mV;22.2;7.01;pH;11;mV;22;10.04;pH;-159.2;mV;22.5;;;;;;;;;;;;;;;;;;;;;°C;;;;;1714106524;1714047754;2.32E+11;;Interval;EndOfRecord
RD;CD;4/26/2024;4:42:04 AM;Default;CDC401;SN 231662582599;Edited;Sample ID (28877);41.4;mS/cm;29.8;°C;45.4;mS/cm;;;NaCl/Non-Linear;Reference Temperature = 25 °C;;;;;;;;;;;OK;4/19/2024;3:08:41 PM;Default;K;0.366;;cm⁻¹;;;;1;30000;µS/cm;28.4;mS/cm;22.2;;;;;;;;;;;;;;;;;;;;;;;;;;;;;;;°C;;;;;1714106524;1713539321;2.32E+11;;Interval;EndOfRecord
RD;pH;4/26/2024;4:41:03 AM;Default;PHC301;SN 240462571090;Edited;Sample ID (28876);3.009;pH;29.6;°C;249.2;mV;;;;;;;;;;;;;;;OK;4/25/2024;12:22:34 PM;Default;Slope;-57.99;98;mV/pH;14.1;mV;0.9998;3;4;pH;187.6;mV;22.2;7.01;pH;11;mV;22;10.04;pH;-159.2;mV;22.5;;;;;;;;;;;;;;;;;;;;;°C;;;;;1714106463;1714047754;2.32E+11;;Interval;EndOfRecord
RD;CD;4/26/2024;4:41:03 AM;Default;CDC401;SN 231662582599;Edited;Sample ID (28876);41.5;mS/cm;29.7;°C;45.5;mS/cm;;;NaCl/Non-Linear;Reference Temperature = 25 °C;;;;;;;;;;;OK;4/19/2024;3:08:41 PM;Default;K;0.366;;cm⁻¹;;;;1;30000;µS/cm;28.4;mS/cm;22.2;;;;;;;;;;;;;;;;;;;;;;;;;;;;;;;°C;;;;;1714106463;1713539321;2.32E+11;;Interval;EndOfRecord
RD;pH;4/26/2024;4:40:03 AM;Default;PHC301;SN 240462571090;Edited;Sample ID (28875);3.009;pH;29.6;°C;249.2;mV;;;;;;;;;;;;;;;OK;4/25/2024;12:22:34 PM;Default;Slope;-57.99;98;mV/pH;14.1;mV;0.9998;3;4;pH;187.6;mV;22.2;7.01;pH;11;mV;22;10.04;pH;-159.2;mV;22.5;;;;;;;;;;;;;;;;;;;;;°C;;;;;1714106403;1714047754;2.32E+11;;Interval;EndOfRecord
RD;CD;4/26/2024;4:40:03 AM;Default;CDC401;SN 231662582599;Edited;Sample ID (28875);41.5;mS/cm;29.7;°C;45.4;mS/cm;;;NaCl/Non-Linear;Reference Temperature = 25 °C;;;;;;;;;;;OK;4/19/2024;3:08:41 PM;Default;K;0.366;;cm⁻¹;;;;1;30000;µS/cm;28.4;mS/cm;22.2;;;;;;;;;;;;;;;;;;;;;;;;;;;;;;;°C;;;;;1714106403;1713539321;2.32E+11;;Interval;EndOfRecord
RD;pH;4/26/2024;4:39:03 AM;Default;PHC301;SN 240462571090;Edited;Sample ID (28874);3.009;pH;29.6;°C;249.2;mV;;;;;;;;;;;;;;;OK;4/25/2024;12:22:34 PM;Default;Slope;-57.99;98;mV/pH;14.1;mV;0.9998;3;4;pH;187.6;mV;22.2;7.01;pH;11;mV;22;10.04;pH;-159.2;mV;22.5;;;;;;;;;;;;;;;;;;;;;°C;;;;;1714106343;1714047754;2.32E+11;;Interval;EndOfRecord
RD;CD;4/26/2024;4:39:03 AM;Default;CDC401;SN 231662582599;Edited;Sample ID (28874);41.5;mS/cm;29.7;°C;45.4;mS/cm;;;NaCl/Non-Linear;Reference Temperature = 25 °C;;;;;;;;;;;OK;4/19/2024;3:08:41 PM;Default;K;0.366;;cm⁻¹;;;;1;30000;µS/cm;28.4;mS/cm;22.2;;;;;;;;;;;;;;;;;;;;;;;;;;;;;;;°C;;;;;1714106343;1713539321;2.32E+11;;Interval;EndOfRecord
RD;pH;4/26/2024;4:38:03 AM;Default;PHC301;SN 240462571090;Edited;Sample ID (28873);3.009;pH;29.6;°C;249.2;mV;;;;;;;;;;;;;;;OK;4/25/2024;12:22:34 PM;Default;Slope;-57.99;98;mV/pH;14.1;mV;0.9998;3;4;pH;187.6;mV;22.2;7.01;pH;11;mV;22;10.04;pH;-159.2;mV;22.5;;;;;;;;;;;;;;;;;;;;;°C;;;;;1714106283;1714047754;2.32E+11;;Interval;EndOfRecord
RD;CD;4/26/2024;4:38:03 AM;Default;CDC401;SN 231662582599;Edited;Sample ID (28873);41.5;mS/cm;29.6;°C;45.4;mS/cm;;;NaCl/Non-Linear;Reference Temperature = 25 °C;;;;;;;;;;;OK;4/19/2024;3:08:41 PM;Default;K;0.366;;cm⁻¹;;;;1;30000;µS/cm;28.4;mS/cm;22.2;;;;;;;;;;;;;;;;;;;;;;;;;;;;;;;°C;;;;;1714106283;1713539321;2.32E+11;;Interval;EndOfRecord
RD;pH;4/26/2024;4:37:04 AM;Default;PHC301;SN 240462571090;Edited;Sample ID (28872);3.009;pH;29.5;°C;249.2;mV;;;;;;;;;;;;;;;OK;4/25/2024;12:22:34 PM;Default;Slope;-57.99;98;mV/pH;14.1;mV;0.9998;3;4;pH;187.6;mV;22.2;7.01;pH;11;mV;22;10.04;pH;-159.2;mV;22.5;;;;;;;;;;;;;;;;;;;;;°C;;;;;1714106224;1714047754;2.32E+11;;Interval;EndOfRecord
RD;CD;4/26/2024;4:37:04 AM;Default;CDC401;SN 231662582599;Edited;Sample ID (28872);41.5;mS/cm;29.6;°C;45.3;mS/cm;;;NaCl/Non-Linear;Reference Temperature = 25 °C;;;;;;;;;;;OK;4/19/2024;3:08:41 PM;Default;K;0.366;;cm⁻¹;;;;1;30000;µS/cm;28.4;mS/cm;22.2;;;;;;;;;;;;;;;;;;;;;;;;;;;;;;;°C;;;;;1714106224;1713539321;2.32E+11;;Interval;EndOfRecord
RD;pH;4/26/2024;4:36:04 AM;Default;PHC301;SN 240462571090;Edited;Sample ID (28871);3.009;pH;29.5;°C;249.1;mV;;;;;;;;;;;;;;;OK;4/25/2024;12:22:34 PM;Default;Slope;-57.99;98;mV/pH;14.1;mV;0.9998;3;4;pH;187.6;mV;22.2;7.01;pH;11;mV;22;10.04;pH;-159.2;mV;22.5;;;;;;;;;;;;;;;;;;;;;°C;;;;;1714106164;1714047754;2.32E+11;;Interval;EndOfRecord
RD;CD;4/26/2024;4:36:04 AM;Default;CDC401;SN 231662582599;Edited;Sample ID (28871);41.4;mS/cm;29.6;°C;45.3;mS/cm;;;NaCl/Non-Linear;Reference Temperature = 25 °C;;;;;;;;;;;OK;4/19/2024;3:08:41 PM;Default;K;0.366;;cm⁻¹;;;;1;30000;µS/cm;28.4;mS/cm;22.2;;;;;;;;;;;;;;;;;;;;;;;;;;;;;;;°C;;;;;1714106164;1713539321;2.32E+11;;Interval;EndOfRecord
RD;pH;4/26/2024;4:35:04 AM;Default;PHC301;SN 240462571090;Edited;Sample ID (28870);3.009;pH;29.5;°C;249.1;mV;;;;;;;;;;;;;;;OK;4/25/2024;12:22:34 PM;Default;Slope;-57.99;98;mV/pH;14.1;mV;0.9998;3;4;pH;187.6;mV;22.2;7.01;pH;11;mV;22;10.04;pH;-159.2;mV;22.5;;;;;;;;;;;;;;;;;;;;;°C;;;;;1714106104;1714047754;2.32E+11;;Interval;EndOfRecord
RD;CD;4/26/2024;4:35:04 AM;Default;CDC401;SN 231662582599;Edited;Sample ID (28870);41.5;mS/cm;29.6;°C;45.3;mS/cm;;;NaCl/Non-Linear;Reference Temperature = 25 °C;;;;;;;;;;;OK;4/19/2024;3:08:41 PM;Default;K;0.366;;cm⁻¹;;;;1;30000;µS/cm;28.4;mS/cm;22.2;;;;;;;;;;;;;;;;;;;;;;;;;;;;;;;°C;;;;;1714106104;1713539321;2.32E+11;;Interval;EndOfRecord
RD;pH;4/26/2024;4:34:03 AM;Default;PHC301;SN 240462571090;Edited;Sample ID (28869);3.005;pH;29.4;°C;249.2;mV;;;;;;;;;;;;;;;OK;4/25/2024;12:22:34 PM;Default;Slope;-57.99;98;mV/pH;14.1;mV;0.9998;3;4;pH;187.6;mV;22.2;7.01;pH;11;mV;22;10.04;pH;-159.2;mV;22.5;;;;;;;;;;;;;;;;;;;;;°C;;;;;1714106043;1714047754;2.32E+11;;Interval;EndOfRecord
RD;CD;4/26/2024;4:34:03 AM;Default;CDC401;SN 231662582599;Edited;Sample ID (28869);41.5;mS/cm;29.5;°C;45.3;mS/cm;;;NaCl/Non-Linear;Reference Temperature = 25 °C;;;;;;;;;;;OK;4/19/2024;3:08:41 PM;Default;K;0.366;;cm⁻¹;;;;1;30000;µS/cm;28.4;mS/cm;22.2;;;;;;;;;;;;;;;;;;;;;;;;;;;;;;;°C;;;;;1714106043;1713539321;2.32E+11;;Interval;EndOfRecord
RD;pH;4/26/2024;4:33:04 AM;Default;PHC301;SN 240462571090;Edited;Sample ID (28868);3.004;pH;29.4;°C;249.2;mV;;;;;;;;;;;;;;;OK;4/25/2024;12:22:34 PM;Default;Slope;-57.99;98;mV/pH;14.1;mV;0.9998;3;4;pH;187.6;mV;22.2;7.01;pH;11;mV;22;10.04;pH;-159.2;mV;22.5;;;;;;;;;;;;;;;;;;;;;°C;;;;;1714105984;1714047754;2.32E+11;;Interval;EndOfRecord
RD;CD;4/26/2024;4:33:04 AM;Default;CDC401;SN 231662582599;Edited;Sample ID (28868);41.4;mS/cm;29.5;°C;45.2;mS/cm;;;NaCl/Non-Linear;Reference Temperature = 25 °C;;;;;;;;;;;OK;4/19/2024;3:08:41 PM;Default;K;0.366;;cm⁻¹;;;;1;30000;µS/cm;28.4;mS/cm;22.2;;;;;;;;;;;;;;;;;;;;;;;;;;;;;;;°C;;;;;1714105984;1713539321;2.32E+11;;Interval;EndOfRecord
RD;pH;4/26/2024;4:32:04 AM;Default;PHC301;SN 240462571090;Edited;Sample ID (28867);3.004;pH;29.4;°C;249.2;mV;;;;;;;;;;;;;;;OK;4/25/2024;12:22:34 PM;Default;Slope;-57.99;98;mV/pH;14.1;mV;0.9998;3;4;pH;187.6;mV;22.2;7.01;pH;11;mV;22;10.04;pH;-159.2;mV;22.5;;;;;;;;;;;;;;;;;;;;;°C;;;;;1714105924;1714047754;2.32E+11;;Interval;EndOfRecord
RD;CD;4/26/2024;4:32:04 AM;Default;CDC401;SN 231662582599;Edited;Sample ID (28867);41.5;mS/cm;29.5;°C;45.2;mS/cm;;;NaCl/Non-Linear;Reference Temperature = 25 °C;;;;;;;;;;;OK;4/19/2024;3:08:41 PM;Default;K;0.366;;cm⁻¹;;;;1;30000;µS/cm;28.4;mS/cm;22.2;;;;;;;;;;;;;;;;;;;;;;;;;;;;;;;°C;;;;;1714105924;1713539321;2.32E+11;;Interval;EndOfRecord
RD;pH;4/26/2024;4:31:04 AM;Default;PHC301;SN 240462571090;Edited;Sample ID (28866);3.004;pH;29.3;°C;249.2;mV;;;;;;;;;;;;;;;OK;4/25/2024;12:22:34 PM;Default;Slope;-57.99;98;mV/pH;14.1;mV;0.9998;3;4;pH;187.6;mV;22.2;7.01;pH;11;mV;22;10.04;pH;-159.2;mV;22.5;;;;;;;;;;;;;;;;;;;;;°C;;;;;1714105864;1714047754;2.32E+11;;Interval;EndOfRecord
RD;CD;4/26/2024;4:31:04 AM;Default;CDC401;SN 231662582599;Edited;Sample ID (28866);41.5;mS/cm;29.4;°C;45.1;mS/cm;;;NaCl/Non-Linear;Reference Temperature = 25 °C;;;;;;;;;;;OK;4/19/2024;3:08:41 PM;Default;K;0.366;;cm⁻¹;;;;1;30000;µS/cm;28.4;mS/cm;22.2;;;;;;;;;;;;;;;;;;;;;;;;;;;;;;;°C;;;;;1714105864;1713539321;2.32E+11;;Interval;EndOfRecord
RD;pH;4/26/2024;4:30:04 AM;Default;PHC301;SN 240462571090;Edited;Sample ID (28865);3.004;pH;29.3;°C;249.2;mV;;;;;;;;;;;;;;;OK;4/25/2024;12:22:34 PM;Default;Slope;-57.99;98;mV/pH;14.1;mV;0.9998;3;4;pH;187.6;mV;22.2;7.01;pH;11;mV;22;10.04;pH;-159.2;mV;22.5;;;;;;;;;;;;;;;;;;;;;°C;;;;;1714105804;1714047754;2.32E+11;;Interval;EndOfRecord
RD;CD;4/26/2024;4:30:04 AM;Default;CDC401;SN 231662582599;Edited;Sample ID (28865);41.5;mS/cm;29.4;°C;45.1;mS/cm;;;NaCl/Non-Linear;Reference Temperature = 25 °C;;;;;;;;;;;OK;4/19/2024;3:08:41 PM;Default;K;0.366;;cm⁻¹;;;;1;30000;µS/cm;28.4;mS/cm;22.2;;;;;;;;;;;;;;;;;;;;;;;;;;;;;;;°C;;;;;1714105804;1713539321;2.32E+11;;Interval;EndOfRecord
RD;pH;4/26/2024;4:29:04 AM;Default;PHC301;SN 240462571090;Edited;Sample ID (28864);3.002;pH;29.3;°C;249.2;mV;;;;;;;;;;;;;;;OK;4/25/2024;12:22:34 PM;Default;Slope;-57.99;98;mV/pH;14.1;mV;0.9998;3;4;pH;187.6;mV;22.2;7.01;pH;11;mV;22;10.04;pH;-159.2;mV;22.5;;;;;;;;;;;;;;;;;;;;;°C;;;;;1714105744;1714047754;2.32E+11;;Interval;EndOfRecord
RD;CD;4/26/2024;4:29:04 AM;Default;CDC401;SN 231662582599;Edited;Sample ID (28864);41.5;mS/cm;29.3;°C;45.1;mS/cm;;;NaCl/Non-Linear;Reference Temperature = 25 °C;;;;;;;;;;;OK;4/19/2024;3:08:41 PM;Default;K;0.366;;cm⁻¹;;;;1;30000;µS/cm;28.4;mS/cm;22.2;;;;;;;;;;;;;;;;;;;;;;;;;;;;;;;°C;;;;;1714105744;1713539321;2.32E+11;;Interval;EndOfRecord
RD;pH;4/26/2024;4:28:03 AM;Default;PHC301;SN 240462571090;Edited;Sample ID (28863);3.002;pH;29.1;°C;249.2;mV;;;;;;;;;;;;;;;OK;4/25/2024;12:22:34 PM;Default;Slope;-57.99;98;mV/pH;14.1;mV;0.9998;3;4;pH;187.6;mV;22.2;7.01;pH;11;mV;22;10.04;pH;-159.2;mV;22.5;;;;;;;;;;;;;;;;;;;;;°C;;;;;1714105683;1714047754;2.32E+11;;Interval;EndOfRecord
RD;CD;4/26/2024;4:28:03 AM;Default;CDC401;SN 231662582599;Edited;Sample ID (28863);41.5;mS/cm;29.3;°C;45.1;mS/cm;;;NaCl/Non-Linear;Reference Temperature = 25 °C;;;;;;;;;;;OK;4/19/2024;3:08:41 PM;Default;K;0.366;;cm⁻¹;;;;1;30000;µS/cm;28.4;mS/cm;22.2;;;;;;;;;;;;;;;;;;;;;;;;;;;;;;;°C;;;;;1714105683;1713539321;2.32E+11;;Interval;EndOfRecord
RD;pH;4/26/2024;4:27:03 AM;Default;PHC301;SN 240462571090;Edited;Sample ID (28862);3.002;pH;29.1;°C;249.2;mV;;;;;;;;;;;;;;;OK;4/25/2024;12:22:34 PM;Default;Slope;-57.99;98;mV/pH;14.1;mV;0.9998;3;4;pH;187.6;mV;22.2;7.01;pH;11;mV;22;10.04;pH;-159.2;mV;22.5;;;;;;;;;;;;;;;;;;;;;°C;;;;;1714105623;1714047754;2.32E+11;;Interval;EndOfRecord
RD;CD;4/26/2024;4:27:03 AM;Default;CDC401;SN 231662582599;Edited;Sample ID (28862);41.5;mS/cm;29.3;°C;45.1;mS/cm;;;NaCl/Non-Linear;Reference Temperature = 25 °C;;;;;;;;;;;OK;4/19/2024;3:08:41 PM;Default;K;0.366;;cm⁻¹;;;;1;30000;µS/cm;28.4;mS/cm;22.2;;;;;;;;;;;;;;;;;;;;;;;;;;;;;;;°C;;;;;1714105623;1713539321;2.32E+11;;Interval;EndOfRecord
RD;pH;4/26/2024;4:26:04 AM;Default;PHC301;SN 240462571090;Edited;Sample ID (28861);3.002;pH;29.1;°C;249.2;mV;;;;;;;;;;;;;;;OK;4/25/2024;12:22:34 PM;Default;Slope;-57.99;98;mV/pH;14.1;mV;0.9998;3;4;pH;187.6;mV;22.2;7.01;pH;11;mV;22;10.04;pH;-159.2;mV;22.5;;;;;;;;;;;;;;;;;;;;;°C;;;;;1714105564;1714047754;2.32E+11;;Interval;EndOfRecord
RD;CD;4/26/2024;4:26:04 AM;Default;CDC401;SN 231662582599;Edited;Sample ID (28861);41.5;mS/cm;29.2;°C;45;mS/cm;;;NaCl/Non-Linear;Reference Temperature = 25 °C;;;;;;;;;;;OK;4/19/2024;3:08:41 PM;Default;K;0.366;;cm⁻¹;;;;1;30000;µS/cm;28.4;mS/cm;22.2;;;;;;;;;;;;;;;;;;;;;;;;;;;;;;;°C;;;;;1714105564;1713539321;2.32E+11;;Interval;EndOfRecord
RD;pH;4/26/2024;4:25:04 AM;Default;PHC301;SN 240462571090;Edited;Sample ID (28860);3.002;pH;29.1;°C;249.1;mV;;;;;;;;;;;;;;;OK;4/25/2024;12:22:34 PM;Default;Slope;-57.99;98;mV/pH;14.1;mV;0.9998;3;4;pH;187.6;mV;22.2;7.01;pH;11;mV;22;10.04;pH;-159.2;mV;22.5;;;;;;;;;;;;;;;;;;;;;°C;;;;;1714105504;1714047754;2.32E+11;;Interval;EndOfRecord
RD;CD;4/26/2024;4:25:04 AM;Default;CDC401;SN 231662582599;Edited;Sample ID (28860);41.5;mS/cm;29.2;°C;45;mS/cm;;;NaCl/Non-Linear;Reference Temperature = 25 °C;;;;;;;;;;;OK;4/19/2024;3:08:41 PM;Default;K;0.366;;cm⁻¹;;;;1;30000;µS/cm;28.4;mS/cm;22.2;;;;;;;;;;;;;;;;;;;;;;;;;;;;;;;°C;;;;;1714105504;1713539321;2.32E+11;;Interval;EndOfRecord
RD;pH;4/26/2024;4:24:03 AM;Default;PHC301;SN 240462571090;Edited;Sample ID (28859);3.001;pH;29;°C;249.1;mV;;;;;;;;;;;;;;;OK;4/25/2024;12:22:34 PM;Default;Slope;-57.99;98;mV/pH;14.1;mV;0.9998;3;4;pH;187.6;mV;22.2;7.01;pH;11;mV;22;10.04;pH;-159.2;mV;22.5;;;;;;;;;;;;;;;;;;;;;°C;;;;;1714105443;1714047754;2.32E+11;;Interval;EndOfRecord
RD;CD;4/26/2024;4:24:03 AM;Default;CDC401;SN 231662582599;Edited;Sample ID (28859);41.5;mS/cm;29.2;°C;45;mS/cm;;;NaCl/Non-Linear;Reference Temperature = 25 °C;;;;;;;;;;;OK;4/19/2024;3:08:41 PM;Default;K;0.366;;cm⁻¹;;;;1;30000;µS/cm;28.4;mS/cm;22.2;;;;;;;;;;;;;;;;;;;;;;;;;;;;;;;°C;;;;;1714105443;1713539321;2.32E+11;;Interval;EndOfRecord
RD;pH;4/26/2024;4:23:03 AM;Default;PHC301;SN 240462571090;Edited;Sample ID (28858);3.001;pH;29;°C;249.1;mV;;;;;;;;;;;;;;;OK;4/25/2024;12:22:34 PM;Default;Slope;-57.99;98;mV/pH;14.1;mV;0.9998;3;4;pH;187.6;mV;22.2;7.01;pH;11;mV;22;10.04;pH;-159.2;mV;22.5;;;;;;;;;;;;;;;;;;;;;°C;;;;;1714105383;1714047754;2.32E+11;;Interval;EndOfRecord
RD;CD;4/26/2024;4:23:03 AM;Default;CDC401;SN 231662582599;Edited;Sample ID (28858);41.5;mS/cm;29.1;°C;45;mS/cm;;;NaCl/Non-Linear;Reference Temperature = 25 °C;;;;;;;;;;;OK;4/19/2024;3:08:41 PM;Default;K;0.366;;cm⁻¹;;;;1;30000;µS/cm;28.4;mS/cm;22.2;;;;;;;;;;;;;;;;;;;;;;;;;;;;;;;°C;;;;;1714105383;1713539321;2.32E+11;;Interval;EndOfRecord
RD;pH;4/26/2024;4:22:03 AM;Default;PHC301;SN 240462571090;Edited;Sample ID (28857);3.001;pH;29;°C;249.1;mV;;;;;;;;;;;;;;;OK;4/25/2024;12:22:34 PM;Default;Slope;-57.99;98;mV/pH;14.1;mV;0.9998;3;4;pH;187.6;mV;22.2;7.01;pH;11;mV;22;10.04;pH;-159.2;mV;22.5;;;;;;;;;;;;;;;;;;;;;°C;;;;;1714105323;1714047754;2.32E+11;;Interval;EndOfRecord
RD;CD;4/26/2024;4:22:03 AM;Default;CDC401;SN 231662582599;Edited;Sample ID (28857);41.5;mS/cm;29.1;°C;44.9;mS/cm;;;NaCl/Non-Linear;Reference Temperature = 25 °C;;;;;;;;;;;OK;4/19/2024;3:08:41 PM;Default;K;0.366;;cm⁻¹;;;;1;30000;µS/cm;28.4;mS/cm;22.2;;;;;;;;;;;;;;;;;;;;;;;;;;;;;;;°C;;;;;1714105323;1713539321;2.32E+11;;Interval;EndOfRecord
RD;pH;4/26/2024;4:21:05 AM;Default;PHC301;SN 240462571090;Edited;Sample ID (28856);3.001;pH;28.9;°C;249.1;mV;;;;;;;;;;;;;;;OK;4/25/2024;12:22:34 PM;Default;Slope;-57.99;98;mV/pH;14.1;mV;0.9998;3;4;pH;187.6;mV;22.2;7.01;pH;11;mV;22;10.04;pH;-159.2;mV;22.5;;;;;;;;;;;;;;;;;;;;;°C;;;;;1714105265;1714047754;2.32E+11;;Interval;EndOfRecord
RD;CD;4/26/2024;4:21:05 AM;Default;CDC401;SN 231662582599;Edited;Sample ID (28856);41.5;mS/cm;29;°C;44.8;mS/cm;;;NaCl/Non-Linear;Reference Temperature = 25 °C;;;;;;;;;;;OK;4/19/2024;3:08:41 PM;Default;K;0.366;;cm⁻¹;;;;1;30000;µS/cm;28.4;mS/cm;22.2;;;;;;;;;;;;;;;;;;;;;;;;;;;;;;;°C;;;;;1714105265;1713539321;2.32E+11;;Interval;EndOfRecord
RD;pH;4/26/2024;4:20:03 AM;Default;PHC301;SN 240462571090;Edited;Sample ID (28855);3.001;pH;28.9;°C;249.1;mV;;;;;;;;;;;;;;;OK;4/25/2024;12:22:34 PM;Default;Slope;-57.99;98;mV/pH;14.1;mV;0.9998;3;4;pH;187.6;mV;22.2;7.01;pH;11;mV;22;10.04;pH;-159.2;mV;22.5;;;;;;;;;;;;;;;;;;;;;°C;;;;;1714105203;1714047754;2.32E+11;;Interval;EndOfRecord
RD;CD;4/26/2024;4:20:03 AM;Default;CDC401;SN 231662582599;Edited;Sample ID (28855);41.5;mS/cm;29;°C;44.9;mS/cm;;;NaCl/Non-Linear;Reference Temperature = 25 °C;;;;;;;;;;;OK;4/19/2024;3:08:41 PM;Default;K;0.366;;cm⁻¹;;;;1;30000;µS/cm;28.4;mS/cm;22.2;;;;;;;;;;;;;;;;;;;;;;;;;;;;;;;°C;;;;;1714105203;1713539321;2.32E+11;;Interval;EndOfRecord
RD;pH;4/26/2024;4:19:04 AM;Default;PHC301;SN 240462571090;Edited;Sample ID (28854);3.001;pH;28.9;°C;248.9;mV;;;;;;;;;;;;;;;OK;4/25/2024;12:22:34 PM;Default;Slope;-57.99;98;mV/pH;14.1;mV;0.9998;3;4;pH;187.6;mV;22.2;7.01;pH;11;mV;22;10.04;pH;-159.2;mV;22.5;;;;;;;;;;;;;;;;;;;;;°C;;;;;1714105144;1714047754;2.32E+11;;Interval;EndOfRecord
RD;CD;4/26/2024;4:19:04 AM;Default;CDC401;SN 231662582599;Edited;Sample ID (28854);41.5;mS/cm;29;°C;44.8;mS/cm;;;NaCl/Non-Linear;Reference Temperature = 25 °C;;;;;;;;;;;OK;4/19/2024;3:08:41 PM;Default;K;0.366;;cm⁻¹;;;;1;30000;µS/cm;28.4;mS/cm;22.2;;;;;;;;;;;;;;;;;;;;;;;;;;;;;;;°C;;;;;1714105144;1713539321;2.32E+11;;Interval;EndOfRecord
RD;pH;4/26/2024;4:18:04 AM;Default;PHC301;SN 240462571090;Edited;Sample ID (28853);3;pH;28.8;°C;248.9;mV;;;;;;;;;;;;;;;OK;4/25/2024;12:22:34 PM;Default;Slope;-57.99;98;mV/pH;14.1;mV;0.9998;3;4;pH;187.6;mV;22.2;7.01;pH;11;mV;22;10.04;pH;-159.2;mV;22.5;;;;;;;;;;;;;;;;;;;;;°C;;;;;1714105084;1714047754;2.32E+11;;Interval;EndOfRecord
RD;CD;4/26/2024;4:18:04 AM;Default;CDC401;SN 231662582599;Edited;Sample ID (28853);41.5;mS/cm;28.9;°C;44.7;mS/cm;;;NaCl/Non-Linear;Reference Temperature = 25 °C;;;;;;;;;;;OK;4/19/2024;3:08:41 PM;Default;K;0.366;;cm⁻¹;;;;1;30000;µS/cm;28.4;mS/cm;22.2;;;;;;;;;;;;;;;;;;;;;;;;;;;;;;;°C;;;;;1714105084;1713539321;2.32E+11;;Interval;EndOfRecord
RD;pH;4/26/2024;4:17:03 AM;Default;PHC301;SN 240462571090;Edited;Sample ID (28852);3;pH;28.8;°C;248.9;mV;;;;;;;;;;;;;;;OK;4/25/2024;12:22:34 PM;Default;Slope;-57.99;98;mV/pH;14.1;mV;0.9998;3;4;pH;187.6;mV;22.2;7.01;pH;11;mV;22;10.04;pH;-159.2;mV;22.5;;;;;;;;;;;;;;;;;;;;;°C;;;;;1714105023;1714047754;2.32E+11;;Interval;EndOfRecord
RD;CD;4/26/2024;4:17:03 AM;Default;CDC401;SN 231662582599;Edited;Sample ID (28852);41.5;mS/cm;28.9;°C;44.7;mS/cm;;;NaCl/Non-Linear;Reference Temperature = 25 °C;;;;;;;;;;;OK;4/19/2024;3:08:41 PM;Default;K;0.366;;cm⁻¹;;;;1;30000;µS/cm;28.4;mS/cm;22.2;;;;;;;;;;;;;;;;;;;;;;;;;;;;;;;°C;;;;;1714105023;1713539321;2.32E+11;;Interval;EndOfRecord
RD;pH;4/26/2024;4:16:05 AM;Default;PHC301;SN 240462571090;Edited;Sample ID (28851);3;pH;28.8;°C;248.9;mV;;;;;;;;;;;;;;;OK;4/25/2024;12:22:34 PM;Default;Slope;-57.99;98;mV/pH;14.1;mV;0.9998;3;4;pH;187.6;mV;22.2;7.01;pH;11;mV;22;10.04;pH;-159.2;mV;22.5;;;;;;;;;;;;;;;;;;;;;°C;;;;;1714104965;1714047754;2.32E+11;;Interval;EndOfRecord
RD;CD;4/26/2024;4:16:05 AM;Default;CDC401;SN 231662582599;Edited;Sample ID (28851);41.5;mS/cm;28.8;°C;44.6;mS/cm;;;NaCl/Non-Linear;Reference Temperature = 25 °C;;;;;;;;;;;OK;4/19/2024;3:08:41 PM;Default;K;0.366;;cm⁻¹;;;;1;30000;µS/cm;28.4;mS/cm;22.2;;;;;;;;;;;;;;;;;;;;;;;;;;;;;;;°C;;;;;1714104965;1713539321;2.32E+11;;Interval;EndOfRecord
RD;pH;4/26/2024;4:15:04 AM;Default;PHC301;SN 240462571090;Edited;Sample ID (28850);3;pH;28.6;°C;248.9;mV;;;;;;;;;;;;;;;OK;4/25/2024;12:22:34 PM;Default;Slope;-57.99;98;mV/pH;14.1;mV;0.9998;3;4;pH;187.6;mV;22.2;7.01;pH;11;mV;22;10.04;pH;-159.2;mV;22.5;;;;;;;;;;;;;;;;;;;;;°C;;;;;1714104904;1714047754;2.32E+11;;Interval;EndOfRecord
RD;CD;4/26/2024;4:15:04 AM;Default;CDC401;SN 231662582599;Edited;Sample ID (28850);41.5;mS/cm;28.8;°C;44.6;mS/cm;;;NaCl/Non-Linear;Reference Temperature = 25 °C;;;;;;;;;;;OK;4/19/2024;3:08:41 PM;Default;K;0.366;;cm⁻¹;;;;1;30000;µS/cm;28.4;mS/cm;22.2;;;;;;;;;;;;;;;;;;;;;;;;;;;;;;;°C;;;;;1714104904;1713539321;2.32E+11;;Interval;EndOfRecord
RD;pH;4/26/2024;4:14:04 AM;Default;PHC301;SN 240462571090;Edited;Sample ID (28849);2.998;pH;28.6;°C;248.9;mV;;;;;;;;;;;;;;;OK;4/25/2024;12:22:34 PM;Default;Slope;-57.99;98;mV/pH;14.1;mV;0.9998;3;4;pH;187.6;mV;22.2;7.01;pH;11;mV;22;10.04;pH;-159.2;mV;22.5;;;;;;;;;;;;;;;;;;;;;°C;;;;;1714104844;1714047754;2.32E+11;;Interval;EndOfRecord
RD;CD;4/26/2024;4:14:04 AM;Default;CDC401;SN 231662582599;Edited;Sample ID (28849);41.5;mS/cm;28.7;°C;44.6;mS/cm;;;NaCl/Non-Linear;Reference Temperature = 25 °C;;;;;;;;;;;OK;4/19/2024;3:08:41 PM;Default;K;0.366;;cm⁻¹;;;;1;30000;µS/cm;28.4;mS/cm;22.2;;;;;;;;;;;;;;;;;;;;;;;;;;;;;;;°C;;;;;1714104844;1713539321;2.32E+11;;Interval;EndOfRecord
RD;pH;4/26/2024;4:13:03 AM;Default;PHC301;SN 240462571090;Edited;Sample ID (28848);2.998;pH;28.6;°C;248.9;mV;;;;;;;;;;;;;;;OK;4/25/2024;12:22:34 PM;Default;Slope;-57.99;98;mV/pH;14.1;mV;0.9998;3;4;pH;187.6;mV;22.2;7.01;pH;11;mV;22;10.04;pH;-159.2;mV;22.5;;;;;;;;;;;;;;;;;;;;;°C;;;;;1714104783;1714047754;2.32E+11;;Interval;EndOfRecord
RD;CD;4/26/2024;4:13:03 AM;Default;CDC401;SN 231662582599;Edited;Sample ID (28848);41.5;mS/cm;28.7;°C;44.6;mS/cm;;;NaCl/Non-Linear;Reference Temperature = 25 °C;;;;;;;;;;;OK;4/19/2024;3:08:41 PM;Default;K;0.366;;cm⁻¹;;;;1;30000;µS/cm;28.4;mS/cm;22.2;;;;;;;;;;;;;;;;;;;;;;;;;;;;;;;°C;;;;;1714104783;1713539321;2.32E+11;;Interval;EndOfRecord
RD;pH;4/26/2024;4:12:03 AM;Default;PHC301;SN 240462571090;Edited;Sample ID (28847);2.998;pH;28.5;°C;248.8;mV;;;;;;;;;;;;;;;OK;4/25/2024;12:22:34 PM;Default;Slope;-57.99;98;mV/pH;14.1;mV;0.9998;3;4;pH;187.6;mV;22.2;7.01;pH;11;mV;22;10.04;pH;-159.2;mV;22.5;;;;;;;;;;;;;;;;;;;;;°C;;;;;1714104723;1714047754;2.32E+11;;Interval;EndOfRecord
RD;CD;4/26/2024;4:12:03 AM;Default;CDC401;SN 231662582599;Edited;Sample ID (28847);41.5;mS/cm;28.7;°C;44.6;mS/cm;;;NaCl/Non-Linear;Reference Temperature = 25 °C;;;;;;;;;;;OK;4/19/2024;3:08:41 PM;Default;K;0.366;;cm⁻¹;;;;1;30000;µS/cm;28.4;mS/cm;22.2;;;;;;;;;;;;;;;;;;;;;;;;;;;;;;;°C;;;;;1714104723;1713539321;2.32E+11;;Interval;EndOfRecord
RD;pH;4/26/2024;4:11:04 AM;Default;PHC301;SN 240462571090;Edited;Sample ID (28846);2.998;pH;28.5;°C;248.8;mV;;;;;;;;;;;;;;;OK;4/25/2024;12:22:34 PM;Default;Slope;-57.99;98;mV/pH;14.1;mV;0.9998;3;4;pH;187.6;mV;22.2;7.01;pH;11;mV;22;10.04;pH;-159.2;mV;22.5;;;;;;;;;;;;;;;;;;;;;°C;;;;;1714104664;1714047754;2.32E+11;;Interval;EndOfRecord
RD;CD;4/26/2024;4:11:04 AM;Default;CDC401;SN 231662582599;Edited;Sample ID (28846);41.5;mS/cm;28.6;°C;44.5;mS/cm;;;NaCl/Non-Linear;Reference Temperature = 25 °C;;;;;;;;;;;OK;4/19/2024;3:08:41 PM;Default;K;0.366;;cm⁻¹;;;;1;30000;µS/cm;28.4;mS/cm;22.2;;;;;;;;;;;;;;;;;;;;;;;;;;;;;;;°C;;;;;1714104664;1713539321;2.32E+11;;Interval;EndOfRecord
RD;pH;4/26/2024;4:10:04 AM;Default;PHC301;SN 240462571090;Edited;Sample ID (28845);2.998;pH;28.5;°C;248.8;mV;;;;;;;;;;;;;;;OK;4/25/2024;12:22:34 PM;Default;Slope;-57.99;98;mV/pH;14.1;mV;0.9998;3;4;pH;187.6;mV;22.2;7.01;pH;11;mV;22;10.04;pH;-159.2;mV;22.5;;;;;;;;;;;;;;;;;;;;;°C;;;;;1714104604;1714047754;2.32E+11;;Interval;EndOfRecord
RD;CD;4/26/2024;4:10:04 AM;Default;CDC401;SN 231662582599;Edited;Sample ID (28845);41.5;mS/cm;28.6;°C;44.5;mS/cm;;;NaCl/Non-Linear;Reference Temperature = 25 °C;;;;;;;;;;;OK;4/19/2024;3:08:41 PM;Default;K;0.366;;cm⁻¹;;;;1;30000;µS/cm;28.4;mS/cm;22.2;;;;;;;;;;;;;;;;;;;;;;;;;;;;;;;°C;;;;;1714104604;1713539321;2.32E+11;;Interval;EndOfRecord
RD;pH;4/26/2024;4:09:03 AM;Default;PHC301;SN 240462571090;Edited;Sample ID (28844);2.998;pH;28.4;°C;248.8;mV;;;;;;;;;;;;;;;OK;4/25/2024;12:22:34 PM;Default;Slope;-57.99;98;mV/pH;14.1;mV;0.9998;3;4;pH;187.6;mV;22.2;7.01;pH;11;mV;22;10.04;pH;-159.2;mV;22.5;;;;;;;;;;;;;;;;;;;;;°C;;;;;1714104543;1714047754;2.32E+11;;Interval;EndOfRecord
RD;CD;4/26/2024;4:09:03 AM;Default;CDC401;SN 231662582599;Edited;Sample ID (28844);41.5;mS/cm;28.5;°C;44.5;mS/cm;;;NaCl/Non-Linear;Reference Temperature = 25 °C;;;;;;;;;;;OK;4/19/2024;3:08:41 PM;Default;K;0.366;;cm⁻¹;;;;1;30000;µS/cm;28.4;mS/cm;22.2;;;;;;;;;;;;;;;;;;;;;;;;;;;;;;;°C;;;;;1714104543;1713539321;2.32E+11;;Interval;EndOfRecord
RD;pH;4/26/2024;4:08:03 AM;Default;PHC301;SN 240462571090;Edited;Sample ID (28843);2.998;pH;28.4;°C;248.7;mV;;;;;;;;;;;;;;;OK;4/25/2024;12:22:34 PM;Default;Slope;-57.99;98;mV/pH;14.1;mV;0.9998;3;4;pH;187.6;mV;22.2;7.01;pH;11;mV;22;10.04;pH;-159.2;mV;22.5;;;;;;;;;;;;;;;;;;;;;°C;;;;;1714104483;1714047754;2.32E+11;;Interval;EndOfRecord
RD;CD;4/26/2024;4:08:03 AM;Default;CDC401;SN 231662582599;Edited;Sample ID (28843);41.6;mS/cm;28.5;°C;44.4;mS/cm;;;NaCl/Non-Linear;Reference Temperature = 25 °C;;;;;;;;;;;OK;4/19/2024;3:08:41 PM;Default;K;0.366;;cm⁻¹;;;;1;30000;µS/cm;28.4;mS/cm;22.2;;;;;;;;;;;;;;;;;;;;;;;;;;;;;;;°C;;;;;1714104483;1713539321;2.32E+11;;Interval;EndOfRecord
RD;pH;4/26/2024;4:07:04 AM;Default;PHC301;SN 240462571090;Edited;Sample ID (28842);2.998;pH;28.4;°C;248.7;mV;;;;;;;;;;;;;;;OK;4/25/2024;12:22:34 PM;Default;Slope;-57.99;98;mV/pH;14.1;mV;0.9998;3;4;pH;187.6;mV;22.2;7.01;pH;11;mV;22;10.04;pH;-159.2;mV;22.5;;;;;;;;;;;;;;;;;;;;;°C;;;;;1714104424;1714047754;2.32E+11;;Interval;EndOfRecord
RD;CD;4/26/2024;4:07:04 AM;Default;CDC401;SN 231662582599;Edited;Sample ID (28842);41.5;mS/cm;28.4;°C;44.3;mS/cm;;;NaCl/Non-Linear;Reference Temperature = 25 °C;;;;;;;;;;;OK;4/19/2024;3:08:41 PM;Default;K;0.366;;cm⁻¹;;;;1;30000;µS/cm;28.4;mS/cm;22.2;;;;;;;;;;;;;;;;;;;;;;;;;;;;;;;°C;;;;;1714104424;1713539321;2.32E+11;;Interval;EndOfRecord
RD;pH;4/26/2024;4:06:05 AM;Default;PHC301;SN 240462571090;Edited;Sample ID (28841);2.998;pH;28.2;°C;248.7;mV;;;;;;;;;;;;;;;OK;4/25/2024;12:22:34 PM;Default;Slope;-57.99;98;mV/pH;14.1;mV;0.9998;3;4;pH;187.6;mV;22.2;7.01;pH;11;mV;22;10.04;pH;-159.2;mV;22.5;;;;;;;;;;;;;;;;;;;;;°C;;;;;1714104365;1714047754;2.32E+11;;Interval;EndOfRecord
RD;CD;4/26/2024;4:06:05 AM;Default;CDC401;SN 231662582599;Edited;Sample ID (28841);41.5;mS/cm;28.4;°C;44.3;mS/cm;;;NaCl/Non-Linear;Reference Temperature = 25 °C;;;;;;;;;;;OK;4/19/2024;3:08:41 PM;Default;K;0.366;;cm⁻¹;;;;1;30000;µS/cm;28.4;mS/cm;22.2;;;;;;;;;;;;;;;;;;;;;;;;;;;;;;;°C;;;;;1714104365;1713539321;2.32E+11;;Interval;EndOfRecord
RD;pH;4/26/2024;4:05:03 AM;Default;PHC301;SN 240462571090;Edited;Sample ID (28840);2.998;pH;28.2;°C;248.7;mV;;;;;;;;;;;;;;;OK;4/25/2024;12:22:34 PM;Default;Slope;-57.99;98;mV/pH;14.1;mV;0.9998;3;4;pH;187.6;mV;22.2;7.01;pH;11;mV;22;10.04;pH;-159.2;mV;22.5;;;;;;;;;;;;;;;;;;;;;°C;;;;;1714104303;1714047754;2.32E+11;;Interval;EndOfRecord
RD;CD;4/26/2024;4:05:03 AM;Default;CDC401;SN 231662582599;Edited;Sample ID (28840);41.6;mS/cm;28.3;°C;44.3;mS/cm;;;NaCl/Non-Linear;Reference Temperature = 25 °C;;;;;;;;;;;OK;4/19/2024;3:08:41 PM;Default;K;0.366;;cm⁻¹;;;;1;30000;µS/cm;28.4;mS/cm;22.2;;;;;;;;;;;;;;;;;;;;;;;;;;;;;;;°C;;;;;1714104303;1713539321;2.32E+11;;Interval;EndOfRecord
RD;pH;4/26/2024;4:04:03 AM;Default;PHC301;SN 240462571090;Edited;Sample ID (28839);2.998;pH;28.2;°C;248.6;mV;;;;;;;;;;;;;;;OK;4/25/2024;12:22:34 PM;Default;Slope;-57.99;98;mV/pH;14.1;mV;0.9998;3;4;pH;187.6;mV;22.2;7.01;pH;11;mV;22;10.04;pH;-159.2;mV;22.5;;;;;;;;;;;;;;;;;;;;;°C;;;;;1714104243;1714047754;2.32E+11;;Interval;EndOfRecord
RD;CD;4/26/2024;4:04:03 AM;Default;CDC401;SN 231662582599;Edited;Sample ID (28839);41.6;mS/cm;28.3;°C;44.3;mS/cm;;;NaCl/Non-Linear;Reference Temperature = 25 °C;;;;;;;;;;;OK;4/19/2024;3:08:41 PM;Default;K;0.366;;cm⁻¹;;;;1;30000;µS/cm;28.4;mS/cm;22.2;;;;;;;;;;;;;;;;;;;;;;;;;;;;;;;°C;;;;;1714104243;1713539321;2.32E+11;;Interval;EndOfRecord
RD;pH;4/26/2024;4:03:04 AM;Default;PHC301;SN 240462571090;Edited;Sample ID (28838);2.998;pH;28.1;°C;248.6;mV;;;;;;;;;;;;;;;OK;4/25/2024;12:22:34 PM;Default;Slope;-57.99;98;mV/pH;14.1;mV;0.9998;3;4;pH;187.6;mV;22.2;7.01;pH;11;mV;22;10.04;pH;-159.2;mV;22.5;;;;;;;;;;;;;;;;;;;;;°C;;;;;1714104184;1714047754;2.32E+11;;Interval;EndOfRecord
RD;CD;4/26/2024;4:03:04 AM;Default;CDC401;SN 231662582599;Edited;Sample ID (28838);41.5;mS/cm;28.2;°C;44.2;mS/cm;;;NaCl/Non-Linear;Reference Temperature = 25 °C;;;;;;;;;;;OK;4/19/2024;3:08:41 PM;Default;K;0.366;;cm⁻¹;;;;1;30000;µS/cm;28.4;mS/cm;22.2;;;;;;;;;;;;;;;;;;;;;;;;;;;;;;;°C;;;;;1714104184;1713539321;2.32E+11;;Interval;EndOfRecord
RD;pH;4/26/2024;4:02:04 AM;Default;PHC301;SN 240462571090;Edited;Sample ID (28837);2.997;pH;28.1;°C;248.6;mV;;;;;;;;;;;;;;;OK;4/25/2024;12:22:34 PM;Default;Slope;-57.99;98;mV/pH;14.1;mV;0.9998;3;4;pH;187.6;mV;22.2;7.01;pH;11;mV;22;10.04;pH;-159.2;mV;22.5;;;;;;;;;;;;;;;;;;;;;°C;;;;;1714104124;1714047754;2.32E+11;;Interval;EndOfRecord
RD;CD;4/26/2024;4:02:04 AM;Default;CDC401;SN 231662582599;Edited;Sample ID (28837);41.5;mS/cm;28.2;°C;44.2;mS/cm;;;NaCl/Non-Linear;Reference Temperature = 25 °C;;;;;;;;;;;OK;4/19/2024;3:08:41 PM;Default;K;0.366;;cm⁻¹;;;;1;30000;µS/cm;28.4;mS/cm;22.2;;;;;;;;;;;;;;;;;;;;;;;;;;;;;;;°C;;;;;1714104124;1713539321;2.32E+11;;Interval;EndOfRecord
RD;pH;4/26/2024;4:01:04 AM;Default;PHC301;SN 240462571090;Edited;Sample ID (28836);2.997;pH;28;°C;248.6;mV;;;;;;;;;;;;;;;OK;4/25/2024;12:22:34 PM;Default;Slope;-57.99;98;mV/pH;14.1;mV;0.9998;3;4;pH;187.6;mV;22.2;7.01;pH;11;mV;22;10.04;pH;-159.2;mV;22.5;;;;;;;;;;;;;;;;;;;;;°C;;;;;1714104064;1714047754;2.32E+11;;Interval;EndOfRecord
RD;CD;4/26/2024;4:01:04 AM;Default;CDC401;SN 231662582599;Edited;Sample ID (28836);41.6;mS/cm;28.1;°C;44.2;mS/cm;;;NaCl/Non-Linear;Reference Temperature = 25 °C;;;;;;;;;;;OK;4/19/2024;3:08:41 PM;Default;K;0.366;;cm⁻¹;;;;1;30000;µS/cm;28.4;mS/cm;22.2;;;;;;;;;;;;;;;;;;;;;;;;;;;;;;;°C;;;;;1714104064;1713539321;2.32E+11;;Interval;EndOfRecord
RD;pH;4/26/2024;4:00:03 AM;Default;PHC301;SN 240462571090;Edited;Sample ID (28835);2.997;pH;28;°C;248.6;mV;;;;;;;;;;;;;;;OK;4/25/2024;12:22:34 PM;Default;Slope;-57.99;98;mV/pH;14.1;mV;0.9998;3;4;pH;187.6;mV;22.2;7.01;pH;11;mV;22;10.04;pH;-159.2;mV;22.5;;;;;;;;;;;;;;;;;;;;;°C;;;;;1714104003;1714047754;2.32E+11;;Interval;EndOfRecord
RD;CD;4/26/2024;4:00:03 AM;Default;CDC401;SN 231662582599;Edited;Sample ID (28835);41.6;mS/cm;28.1;°C;44.1;mS/cm;;;NaCl/Non-Linear;Reference Temperature = 25 °C;;;;;;;;;;;OK;4/19/2024;3:08:41 PM;Default;K;0.366;;cm⁻¹;;;;1;30000;µS/cm;28.4;mS/cm;22.2;;;;;;;;;;;;;;;;;;;;;;;;;;;;;;;°C;;;;;1714104003;1713539321;2.32E+11;;Interval;EndOfRecord
RD;pH;4/26/2024;3:59:04 AM;Default;PHC301;SN 240462571090;Edited;Sample ID (28834);2.997;pH;27.9;°C;248.5;mV;;;;;;;;;;;;;;;OK;4/25/2024;12:22:34 PM;Default;Slope;-57.99;98;mV/pH;14.1;mV;0.9998;3;4;pH;187.6;mV;22.2;7.01;pH;11;mV;22;10.04;pH;-159.2;mV;22.5;;;;;;;;;;;;;;;;;;;;;°C;;;;;1714103944;1714047754;2.32E+11;;Interval;EndOfRecord
RD;CD;4/26/2024;3:59:04 AM;Default;CDC401;SN 231662582599;Edited;Sample ID (28834);41.5;mS/cm;28;°C;44;mS/cm;;;NaCl/Non-Linear;Reference Temperature = 25 °C;;;;;;;;;;;OK;4/19/2024;3:08:41 PM;Default;K;0.366;;cm⁻¹;;;;1;30000;µS/cm;28.4;mS/cm;22.2;;;;;;;;;;;;;;;;;;;;;;;;;;;;;;;°C;;;;;1714103944;1713539321;2.32E+11;;Interval;EndOfRecord
RD;pH;4/26/2024;3:58:04 AM;Default;PHC301;SN 240462571090;Edited;Sample ID (28833);2.997;pH;27.9;°C;248.5;mV;;;;;;;;;;;;;;;OK;4/25/2024;12:22:34 PM;Default;Slope;-57.99;98;mV/pH;14.1;mV;0.9998;3;4;pH;187.6;mV;22.2;7.01;pH;11;mV;22;10.04;pH;-159.2;mV;22.5;;;;;;;;;;;;;;;;;;;;;°C;;;;;1714103884;1714047754;2.32E+11;;Interval;EndOfRecord
RD;CD;4/26/2024;3:58:04 AM;Default;CDC401;SN 231662582599;Edited;Sample ID (28833);41.5;mS/cm;28;°C;44;mS/cm;;;NaCl/Non-Linear;Reference Temperature = 25 °C;;;;;;;;;;;OK;4/19/2024;3:08:41 PM;Default;K;0.366;;cm⁻¹;;;;1;30000;µS/cm;28.4;mS/cm;22.2;;;;;;;;;;;;;;;;;;;;;;;;;;;;;;;°C;;;;;1714103884;1713539321;2.32E+11;;Interval;EndOfRecord
RD;pH;4/26/2024;3:57:04 AM;Default;PHC301;SN 240462571090;Edited;Sample ID (28832);2.997;pH;27.8;°C;248.5;mV;;;;;;;;;;;;;;;OK;4/25/2024;12:22:34 PM;Default;Slope;-57.99;98;mV/pH;14.1;mV;0.9998;3;4;pH;187.6;mV;22.2;7.01;pH;11;mV;22;10.04;pH;-159.2;mV;22.5;;;;;;;;;;;;;;;;;;;;;°C;;;;;1714103824;1714047754;2.32E+11;;Interval;EndOfRecord
RD;CD;4/26/2024;3:57:04 AM;Default;CDC401;SN 231662582599;Edited;Sample ID (28832);41.5;mS/cm;27.9;°C;43.9;mS/cm;;;NaCl/Non-Linear;Reference Temperature = 25 °C;;;;;;;;;;;OK;4/19/2024;3:08:41 PM;Default;K;0.366;;cm⁻¹;;;;1;30000;µS/cm;28.4;mS/cm;22.2;;;;;;;;;;;;;;;;;;;;;;;;;;;;;;;°C;;;;;1714103824;1713539321;2.32E+11;;Interval;EndOfRecord
RD;pH;4/26/2024;3:56:03 AM;Default;PHC301;SN 240462571090;Edited;Sample ID (28831);2.997;pH;27.8;°C;248.4;mV;;;;;;;;;;;;;;;OK;4/25/2024;12:22:34 PM;Default;Slope;-57.99;98;mV/pH;14.1;mV;0.9998;3;4;pH;187.6;mV;22.2;7.01;pH;11;mV;22;10.04;pH;-159.2;mV;22.5;;;;;;;;;;;;;;;;;;;;;°C;;;;;1714103763;1714047754;2.32E+11;;Interval;EndOfRecord
RD;CD;4/26/2024;3:56:03 AM;Default;CDC401;SN 231662582599;Edited;Sample ID (28831);41.6;mS/cm;27.9;°C;44;mS/cm;;;NaCl/Non-Linear;Reference Temperature = 25 °C;;;;;;;;;;;OK;4/19/2024;3:08:41 PM;Default;K;0.366;;cm⁻¹;;;;1;30000;µS/cm;28.4;mS/cm;22.2;;;;;;;;;;;;;;;;;;;;;;;;;;;;;;;°C;;;;;1714103763;1713539321;2.32E+11;;Interval;EndOfRecord
RD;pH;4/26/2024;3:55:03 AM;Default;PHC301;SN 240462571090;Edited;Sample ID (28830);2.997;pH;27.7;°C;248.4;mV;;;;;;;;;;;;;;;OK;4/25/2024;12:22:34 PM;Default;Slope;-57.99;98;mV/pH;14.1;mV;0.9998;3;4;pH;187.6;mV;22.2;7.01;pH;11;mV;22;10.04;pH;-159.2;mV;22.5;;;;;;;;;;;;;;;;;;;;;°C;;;;;1714103703;1714047754;2.32E+11;;Interval;EndOfRecord
RD;CD;4/26/2024;3:55:03 AM;Default;CDC401;SN 231662582599;Edited;Sample ID (28830);41.6;mS/cm;27.8;°C;43.9;mS/cm;;;NaCl/Non-Linear;Reference Temperature = 25 °C;;;;;;;;;;;OK;4/19/2024;3:08:41 PM;Default;K;0.366;;cm⁻¹;;;;1;30000;µS/cm;28.4;mS/cm;22.2;;;;;;;;;;;;;;;;;;;;;;;;;;;;;;;°C;;;;;1714103703;1713539321;2.32E+11;;Interval;EndOfRecord
RD;pH;4/26/2024;3:54:04 AM;Default;PHC301;SN 240462571090;Edited;Sample ID (28829);2.997;pH;27.7;°C;248.4;mV;;;;;;;;;;;;;;;OK;4/25/2024;12:22:34 PM;Default;Slope;-57.99;98;mV/pH;14.1;mV;0.9998;3;4;pH;187.6;mV;22.2;7.01;pH;11;mV;22;10.04;pH;-159.2;mV;22.5;;;;;;;;;;;;;;;;;;;;;°C;;;;;1714103644;1714047754;2.32E+11;;Interval;EndOfRecord
RD;CD;4/26/2024;3:54:04 AM;Default;CDC401;SN 231662582599;Edited;Sample ID (28829);41.6;mS/cm;27.8;°C;43.9;mS/cm;;;NaCl/Non-Linear;Reference Temperature = 25 °C;;;;;;;;;;;OK;4/19/2024;3:08:41 PM;Default;K;0.366;;cm⁻¹;;;;1;30000;µS/cm;28.4;mS/cm;22.2;;;;;;;;;;;;;;;;;;;;;;;;;;;;;;;°C;;;;;1714103644;1713539321;2.32E+11;;Interval;EndOfRecord
RD;pH;4/26/2024;3:53:03 AM;Default;PHC301;SN 240462571090;Edited;Sample ID (28828);2.997;pH;27.6;°C;248.2;mV;;;;;;;;;;;;;;;OK;4/25/2024;12:22:34 PM;Default;Slope;-57.99;98;mV/pH;14.1;mV;0.9998;3;4;pH;187.6;mV;22.2;7.01;pH;11;mV;22;10.04;pH;-159.2;mV;22.5;;;;;;;;;;;;;;;;;;;;;°C;;;;;1714103583;1714047754;2.32E+11;;Interval;EndOfRecord
RD;CD;4/26/2024;3:53:03 AM;Default;CDC401;SN 231662582599;Edited;Sample ID (28828);41.6;mS/cm;27.7;°C;43.8;mS/cm;;;NaCl/Non-Linear;Reference Temperature = 25 °C;;;;;;;;;;;OK;4/19/2024;3:08:41 PM;Default;K;0.366;;cm⁻¹;;;;1;30000;µS/cm;28.4;mS/cm;22.2;;;;;;;;;;;;;;;;;;;;;;;;;;;;;;;°C;;;;;1714103583;1713539321;2.32E+11;;Interval;EndOfRecord
RD;pH;4/26/2024;3:52:04 AM;Default;PHC301;SN 240462571090;Edited;Sample ID (28827);2.997;pH;27.6;°C;248.2;mV;;;;;;;;;;;;;;;OK;4/25/2024;12:22:34 PM;Default;Slope;-57.99;98;mV/pH;14.1;mV;0.9998;3;4;pH;187.6;mV;22.2;7.01;pH;11;mV;22;10.04;pH;-159.2;mV;22.5;;;;;;;;;;;;;;;;;;;;;°C;;;;;1714103524;1714047754;2.32E+11;;Interval;EndOfRecord
RD;CD;4/26/2024;3:52:04 AM;Default;CDC401;SN 231662582599;Edited;Sample ID (28827);41.6;mS/cm;27.7;°C;43.8;mS/cm;;;NaCl/Non-Linear;Reference Temperature = 25 °C;;;;;;;;;;;OK;4/19/2024;3:08:41 PM;Default;K;0.366;;cm⁻¹;;;;1;30000;µS/cm;28.4;mS/cm;22.2;;;;;;;;;;;;;;;;;;;;;;;;;;;;;;;°C;;;;;1714103524;1713539321;2.32E+11;;Interval;EndOfRecord
RD;pH;4/26/2024;3:51:04 AM;Default;PHC301;SN 240462571090;Edited;Sample ID (28826);2.997;pH;27.5;°C;248.2;mV;;;;;;;;;;;;;;;OK;4/25/2024;12:22:34 PM;Default;Slope;-57.99;98;mV/pH;14.1;mV;0.9998;3;4;pH;187.6;mV;22.2;7.01;pH;11;mV;22;10.04;pH;-159.2;mV;22.5;;;;;;;;;;;;;;;;;;;;;°C;;;;;1714103464;1714047754;2.32E+11;;Interval;EndOfRecord
RD;CD;4/26/2024;3:51:04 AM;Default;CDC401;SN 231662582599;Edited;Sample ID (28826);41.6;mS/cm;27.6;°C;43.7;mS/cm;;;NaCl/Non-Linear;Reference Temperature = 25 °C;;;;;;;;;;;OK;4/19/2024;3:08:41 PM;Default;K;0.366;;cm⁻¹;;;;1;30000;µS/cm;28.4;mS/cm;22.2;;;;;;;;;;;;;;;;;;;;;;;;;;;;;;;°C;;;;;1714103464;1713539321;2.32E+11;;Interval;EndOfRecord
RD;pH;4/26/2024;3:50:03 AM;Default;PHC301;SN 240462571090;Edited;Sample ID (28825);2.997;pH;27.5;°C;248.1;mV;;;;;;;;;;;;;;;OK;4/25/2024;12:22:34 PM;Default;Slope;-57.99;98;mV/pH;14.1;mV;0.9998;3;4;pH;187.6;mV;22.2;7.01;pH;11;mV;22;10.04;pH;-159.2;mV;22.5;;;;;;;;;;;;;;;;;;;;;°C;;;;;1714103403;1714047754;2.32E+11;;Interval;EndOfRecord
RD;CD;4/26/2024;3:50:03 AM;Default;CDC401;SN 231662582599;Edited;Sample ID (28825);41.6;mS/cm;27.5;°C;43.7;mS/cm;;;NaCl/Non-Linear;Reference Temperature = 25 °C;;;;;;;;;;;OK;4/19/2024;3:08:41 PM;Default;K;0.366;;cm⁻¹;;;;1;30000;µS/cm;28.4;mS/cm;22.2;;;;;;;;;;;;;;;;;;;;;;;;;;;;;;;°C;;;;;1714103403;1713539321;2.32E+11;;Interval;EndOfRecord
RD;pH;4/26/2024;3:49:05 AM;Default;PHC301;SN 240462571090;Edited;Sample ID (28824);2.997;pH;27.4;°C;248.1;mV;;;;;;;;;;;;;;;OK;4/25/2024;12:22:34 PM;Default;Slope;-57.99;98;mV/pH;14.1;mV;0.9998;3;4;pH;187.6;mV;22.2;7.01;pH;11;mV;22;10.04;pH;-159.2;mV;22.5;;;;;;;;;;;;;;;;;;;;;°C;;;;;1714103345;1714047754;2.32E+11;;Interval;EndOfRecord
RD;CD;4/26/2024;3:49:05 AM;Default;CDC401;SN 231662582599;Edited;Sample ID (28824);41.6;mS/cm;27.5;°C;43.6;mS/cm;;;NaCl/Non-Linear;Reference Temperature = 25 °C;;;;;;;;;;;OK;4/19/2024;3:08:41 PM;Default;K;0.366;;cm⁻¹;;;;1;30000;µS/cm;28.4;mS/cm;22.2;;;;;;;;;;;;;;;;;;;;;;;;;;;;;;;°C;;;;;1714103345;1713539321;2.32E+11;;Interval;EndOfRecord
RD;pH;4/26/2024;3:48:03 AM;Default;PHC301;SN 240462571090;Edited;Sample ID (28823);2.996;pH;27.4;°C;248.1;mV;;;;;;;;;;;;;;;OK;4/25/2024;12:22:34 PM;Default;Slope;-57.99;98;mV/pH;14.1;mV;0.9998;3;4;pH;187.6;mV;22.2;7.01;pH;11;mV;22;10.04;pH;-159.2;mV;22.5;;;;;;;;;;;;;;;;;;;;;°C;;;;;1714103283;1714047754;2.32E+11;;Interval;EndOfRecord
RD;CD;4/26/2024;3:48:03 AM;Default;CDC401;SN 231662582599;Edited;Sample ID (28823);41.6;mS/cm;27.4;°C;43.6;mS/cm;;;NaCl/Non-Linear;Reference Temperature = 25 °C;;;;;;;;;;;OK;4/19/2024;3:08:41 PM;Default;K;0.366;;cm⁻¹;;;;1;30000;µS/cm;28.4;mS/cm;22.2;;;;;;;;;;;;;;;;;;;;;;;;;;;;;;;°C;;;;;1714103283;1713539321;2.32E+11;;Interval;EndOfRecord
RD;pH;4/26/2024;3:47:03 AM;Default;PHC301;SN 240462571090;Edited;Sample ID (28822);2.996;pH;27.2;°C;248;mV;;;;;;;;;;;;;;;OK;4/25/2024;12:22:34 PM;Default;Slope;-57.99;98;mV/pH;14.1;mV;0.9998;3;4;pH;187.6;mV;22.2;7.01;pH;11;mV;22;10.04;pH;-159.2;mV;22.5;;;;;;;;;;;;;;;;;;;;;°C;;;;;1714103223;1714047754;2.32E+11;;Interval;EndOfRecord
RD;CD;4/26/2024;3:47:03 AM;Default;CDC401;SN 231662582599;Edited;Sample ID (28822);41.6;mS/cm;27.4;°C;43.6;mS/cm;;;NaCl/Non-Linear;Reference Temperature = 25 °C;;;;;;;;;;;OK;4/19/2024;3:08:41 PM;Default;K;0.366;;cm⁻¹;;;;1;30000;µS/cm;28.4;mS/cm;22.2;;;;;;;;;;;;;;;;;;;;;;;;;;;;;;;°C;;;;;1714103223;1713539321;2.32E+11;;Interval;EndOfRecord
RD;pH;4/26/2024;3:46:03 AM;Default;PHC301;SN 240462571090;Edited;Sample ID (28821);2.996;pH;27.2;°C;248;mV;;;;;;;;;;;;;;;OK;4/25/2024;12:22:34 PM;Default;Slope;-57.99;98;mV/pH;14.1;mV;0.9998;3;4;pH;187.6;mV;22.2;7.01;pH;11;mV;22;10.04;pH;-159.2;mV;22.5;;;;;;;;;;;;;;;;;;;;;°C;;;;;1714103163;1714047754;2.32E+11;;Interval;EndOfRecord
RD;CD;4/26/2024;3:46:03 AM;Default;CDC401;SN 231662582599;Edited;Sample ID (28821);41.6;mS/cm;27.3;°C;43.5;mS/cm;;;NaCl/Non-Linear;Reference Temperature = 25 °C;;;;;;;;;;;OK;4/19/2024;3:08:41 PM;Default;K;0.366;;cm⁻¹;;;;1;30000;µS/cm;28.4;mS/cm;22.2;;;;;;;;;;;;;;;;;;;;;;;;;;;;;;;°C;;;;;1714103163;1713539321;2.32E+11;;Interval;EndOfRecord
RD;pH;4/26/2024;3:45:03 AM;Default;PHC301;SN 240462571090;Edited;Sample ID (28820);2.996;pH;27.1;°C;248;mV;;;;;;;;;;;;;;;OK;4/25/2024;12:22:34 PM;Default;Slope;-57.99;98;mV/pH;14.1;mV;0.9998;3;4;pH;187.6;mV;22.2;7.01;pH;11;mV;22;10.04;pH;-159.2;mV;22.5;;;;;;;;;;;;;;;;;;;;;°C;;;;;1714103103;1714047754;2.32E+11;;Interval;EndOfRecord
RD;CD;4/26/2024;3:45:03 AM;Default;CDC401;SN 231662582599;Edited;Sample ID (28820);41.6;mS/cm;27.3;°C;43.5;mS/cm;;;NaCl/Non-Linear;Reference Temperature = 25 °C;;;;;;;;;;;OK;4/19/2024;3:08:41 PM;Default;K;0.366;;cm⁻¹;;;;1;30000;µS/cm;28.4;mS/cm;22.2;;;;;;;;;;;;;;;;;;;;;;;;;;;;;;;°C;;;;;1714103103;1713539321;2.32E+11;;Interval;EndOfRecord
RD;pH;4/26/2024;3:44:03 AM;Default;PHC301;SN 240462571090;Edited;Sample ID (28819);2.994;pH;27.1;°C;248;mV;;;;;;;;;;;;;;;OK;4/25/2024;12:22:34 PM;Default;Slope;-57.99;98;mV/pH;14.1;mV;0.9998;3;4;pH;187.6;mV;22.2;7.01;pH;11;mV;22;10.04;pH;-159.2;mV;22.5;;;;;;;;;;;;;;;;;;;;;°C;;;;;1714103043;1714047754;2.32E+11;;Interval;EndOfRecord
RD;CD;4/26/2024;3:44:03 AM;Default;CDC401;SN 231662582599;Edited;Sample ID (28819);41.6;mS/cm;27.2;°C;43.4;mS/cm;;;NaCl/Non-Linear;Reference Temperature = 25 °C;;;;;;;;;;;OK;4/19/2024;3:08:41 PM;Default;K;0.366;;cm⁻¹;;;;1;30000;µS/cm;28.4;mS/cm;22.2;;;;;;;;;;;;;;;;;;;;;;;;;;;;;;;°C;;;;;1714103043;1713539321;2.32E+11;;Interval;EndOfRecord
RD;pH;4/26/2024;3:43:03 AM;Default;PHC301;SN 240462571090;Edited;Sample ID (28818);2.994;pH;27;°C;248;mV;;;;;;;;;;;;;;;OK;4/25/2024;12:22:34 PM;Default;Slope;-57.99;98;mV/pH;14.1;mV;0.9998;3;4;pH;187.6;mV;22.2;7.01;pH;11;mV;22;10.04;pH;-159.2;mV;22.5;;;;;;;;;;;;;;;;;;;;;°C;;;;;1714102983;1714047754;2.32E+11;;Interval;EndOfRecord
RD;CD;4/26/2024;3:43:03 AM;Default;CDC401;SN 231662582599;Edited;Sample ID (28818);41.6;mS/cm;27.1;°C;43.4;mS/cm;;;NaCl/Non-Linear;Reference Temperature = 25 °C;;;;;;;;;;;OK;4/19/2024;3:08:41 PM;Default;K;0.366;;cm⁻¹;;;;1;30000;µS/cm;28.4;mS/cm;22.2;;;;;;;;;;;;;;;;;;;;;;;;;;;;;;;°C;;;;;1714102983;1713539321;2.32E+11;;Interval;EndOfRecord
RD;pH;4/26/2024;3:42:04 AM;Default;PHC301;SN 240462571090;Edited;Sample ID (28817);2.994;pH;27;°C;248;mV;;;;;;;;;;;;;;;OK;4/25/2024;12:22:34 PM;Default;Slope;-57.99;98;mV/pH;14.1;mV;0.9998;3;4;pH;187.6;mV;22.2;7.01;pH;11;mV;22;10.04;pH;-159.2;mV;22.5;;;;;;;;;;;;;;;;;;;;;°C;;;;;1714102924;1714047754;2.32E+11;;Interval;EndOfRecord
RD;CD;4/26/2024;3:42:04 AM;Default;CDC401;SN 231662582599;Edited;Sample ID (28817);41.5;mS/cm;27.1;°C;43.3;mS/cm;;;NaCl/Non-Linear;Reference Temperature = 25 °C;;;;;;;;;;;OK;4/19/2024;3:08:41 PM;Default;K;0.366;;cm⁻¹;;;;1;30000;µS/cm;28.4;mS/cm;22.2;;;;;;;;;;;;;;;;;;;;;;;;;;;;;;;°C;;;;;1714102924;1713539321;2.32E+11;;Interval;EndOfRecord
RD;pH;4/26/2024;3:41:04 AM;Default;PHC301;SN 240462571090;Edited;Sample ID (28816);2.995;pH;27;°C;248;mV;;;;;;;;;;;;;;;OK;4/25/2024;12:22:34 PM;Default;Slope;-57.99;98;mV/pH;14.1;mV;0.9998;3;4;pH;187.6;mV;22.2;7.01;pH;11;mV;22;10.04;pH;-159.2;mV;22.5;;;;;;;;;;;;;;;;;;;;;°C;;;;;1714102864;1714047754;2.32E+11;;Interval;EndOfRecord
RD;CD;4/26/2024;3:41:04 AM;Default;CDC401;SN 231662582599;Edited;Sample ID (28816);41.6;mS/cm;27.1;°C;43.3;mS/cm;;;NaCl/Non-Linear;Reference Temperature = 25 °C;;;;;;;;;;;OK;4/19/2024;3:08:41 PM;Default;K;0.366;;cm⁻¹;;;;1;30000;µS/cm;28.4;mS/cm;22.2;;;;;;;;;;;;;;;;;;;;;;;;;;;;;;;°C;;;;;1714102864;1713539321;2.32E+11;;Interval;EndOfRecord
RD;pH;4/26/2024;3:40:04 AM;Default;PHC301;SN 240462571090;Edited;Sample ID (28815);2.995;pH;27;°C;248;mV;;;;;;;;;;;;;;;OK;4/25/2024;12:22:34 PM;Default;Slope;-57.99;98;mV/pH;14.1;mV;0.9998;3;4;pH;187.6;mV;22.2;7.01;pH;11;mV;22;10.04;pH;-159.2;mV;22.5;;;;;;;;;;;;;;;;;;;;;°C;;;;;1714102804;1714047754;2.32E+11;;Interval;EndOfRecord
RD;CD;4/26/2024;3:40:04 AM;Default;CDC401;SN 231662582599;Edited;Sample ID (28815);41.5;mS/cm;27.1;°C;43.3;mS/cm;;;NaCl/Non-Linear;Reference Temperature = 25 °C;;;;;;;;;;;OK;4/19/2024;3:08:41 PM;Default;K;0.366;;cm⁻¹;;;;1;30000;µS/cm;28.4;mS/cm;22.2;;;;;;;;;;;;;;;;;;;;;;;;;;;;;;;°C;;;;;1714102804;1713539321;2.32E+11;;Interval;EndOfRecord
RD;pH;4/26/2024;3:39:04 AM;Default;PHC301;SN 240462571090;Edited;Sample ID (28814);2.995;pH;27;°C;248;mV;;;;;;;;;;;;;;;OK;4/25/2024;12:22:34 PM;Default;Slope;-57.99;98;mV/pH;14.1;mV;0.9998;3;4;pH;187.6;mV;22.2;7.01;pH;11;mV;22;10.04;pH;-159.2;mV;22.5;;;;;;;;;;;;;;;;;;;;;°C;;;;;1714102744;1714047754;2.32E+11;;Interval;EndOfRecord
RD;CD;4/26/2024;3:39:04 AM;Default;CDC401;SN 231662582599;Edited;Sample ID (28814);41.6;mS/cm;27.1;°C;43.3;mS/cm;;;NaCl/Non-Linear;Reference Temperature = 25 °C;;;;;;;;;;;OK;4/19/2024;3:08:41 PM;Default;K;0.366;;cm⁻¹;;;;1;30000;µS/cm;28.4;mS/cm;22.2;;;;;;;;;;;;;;;;;;;;;;;;;;;;;;;°C;;;;;1714102744;1713539321;2.32E+11;;Interval;EndOfRecord
RD;pH;4/26/2024;3:38:04 AM;Default;PHC301;SN 240462571090;Edited;Sample ID (28813);2.995;pH;27;°C;247.9;mV;;;;;;;;;;;;;;;OK;4/25/2024;12:22:34 PM;Default;Slope;-57.99;98;mV/pH;14.1;mV;0.9998;3;4;pH;187.6;mV;22.2;7.01;pH;11;mV;22;10.04;pH;-159.2;mV;22.5;;;;;;;;;;;;;;;;;;;;;°C;;;;;1714102684;1714047754;2.32E+11;;Interval;EndOfRecord
RD;CD;4/26/2024;3:38:04 AM;Default;CDC401;SN 231662582599;Edited;Sample ID (28813);41.5;mS/cm;27.1;°C;43.3;mS/cm;;;NaCl/Non-Linear;Reference Temperature = 25 °C;;;;;;;;;;;OK;4/19/2024;3:08:41 PM;Default;K;0.366;;cm⁻¹;;;;1;30000;µS/cm;28.4;mS/cm;22.2;;;;;;;;;;;;;;;;;;;;;;;;;;;;;;;°C;;;;;1714102684;1713539321;2.32E+11;;Interval;EndOfRecord
RD;pH;4/26/2024;3:37:03 AM;Default;PHC301;SN 240462571090;Edited;Sample ID (28812);2.995;pH;27;°C;247.9;mV;;;;;;;;;;;;;;;OK;4/25/2024;12:22:34 PM;Default;Slope;-57.99;98;mV/pH;14.1;mV;0.9998;3;4;pH;187.6;mV;22.2;7.01;pH;11;mV;22;10.04;pH;-159.2;mV;22.5;;;;;;;;;;;;;;;;;;;;;°C;;;;;1714102623;1714047754;2.32E+11;;Interval;EndOfRecord
RD;CD;4/26/2024;3:37:03 AM;Default;CDC401;SN 231662582599;Edited;Sample ID (28812);41.6;mS/cm;27.1;°C;43.4;mS/cm;;;NaCl/Non-Linear;Reference Temperature = 25 °C;;;;;;;;;;;OK;4/19/2024;3:08:41 PM;Default;K;0.366;;cm⁻¹;;;;1;30000;µS/cm;28.4;mS/cm;22.2;;;;;;;;;;;;;;;;;;;;;;;;;;;;;;;°C;;;;;1714102623;1713539321;2.32E+11;;Interval;EndOfRecord
RD;pH;4/26/2024;3:36:03 AM;Default;PHC301;SN 240462571090;Edited;Sample ID (28811);2.995;pH;27;°C;247.9;mV;;;;;;;;;;;;;;;OK;4/25/2024;12:22:34 PM;Default;Slope;-57.99;98;mV/pH;14.1;mV;0.9998;3;4;pH;187.6;mV;22.2;7.01;pH;11;mV;22;10.04;pH;-159.2;mV;22.5;;;;;;;;;;;;;;;;;;;;;°C;;;;;1714102563;1714047754;2.32E+11;;Interval;EndOfRecord
RD;CD;4/26/2024;3:36:03 AM;Default;CDC401;SN 231662582599;Edited;Sample ID (28811);41.6;mS/cm;27.1;°C;43.4;mS/cm;;;NaCl/Non-Linear;Reference Temperature = 25 °C;;;;;;;;;;;OK;4/19/2024;3:08:41 PM;Default;K;0.366;;cm⁻¹;;;;1;30000;µS/cm;28.4;mS/cm;22.2;;;;;;;;;;;;;;;;;;;;;;;;;;;;;;;°C;;;;;1714102563;1713539321;2.32E+11;;Interval;EndOfRecord
RD;pH;4/26/2024;3:35:03 AM;Default;PHC301;SN 240462571090;Edited;Sample ID (28810);2.995;pH;27;°C;247.9;mV;;;;;;;;;;;;;;;OK;4/25/2024;12:22:34 PM;Default;Slope;-57.99;98;mV/pH;14.1;mV;0.9998;3;4;pH;187.6;mV;22.2;7.01;pH;11;mV;22;10.04;pH;-159.2;mV;22.5;;;;;;;;;;;;;;;;;;;;;°C;;;;;1714102503;1714047754;2.32E+11;;Interval;EndOfRecord
RD;CD;4/26/2024;3:35:03 AM;Default;CDC401;SN 231662582599;Edited;Sample ID (28810);41.6;mS/cm;27.1;°C;43.4;mS/cm;;;NaCl/Non-Linear;Reference Temperature = 25 °C;;;;;;;;;;;OK;4/19/2024;3:08:41 PM;Default;K;0.366;;cm⁻¹;;;;1;30000;µS/cm;28.4;mS/cm;22.2;;;;;;;;;;;;;;;;;;;;;;;;;;;;;;;°C;;;;;1714102503;1713539321;2.32E+11;;Interval;EndOfRecord
RD;pH;4/26/2024;3:34:03 AM;Default;PHC301;SN 240462571090;Edited;Sample ID (28809);2.995;pH;27;°C;247.9;mV;;;;;;;;;;;;;;;OK;4/25/2024;12:22:34 PM;Default;Slope;-57.99;98;mV/pH;14.1;mV;0.9998;3;4;pH;187.6;mV;22.2;7.01;pH;11;mV;22;10.04;pH;-159.2;mV;22.5;;;;;;;;;;;;;;;;;;;;;°C;;;;;1714102443;1714047754;2.32E+11;;Interval;EndOfRecord
RD;CD;4/26/2024;3:34:03 AM;Default;CDC401;SN 231662582599;Edited;Sample ID (28809);41.6;mS/cm;27.1;°C;43.4;mS/cm;;;NaCl/Non-Linear;Reference Temperature = 25 °C;;;;;;;;;;;OK;4/19/2024;3:08:41 PM;Default;K;0.366;;cm⁻¹;;;;1;30000;µS/cm;28.4;mS/cm;22.2;;;;;;;;;;;;;;;;;;;;;;;;;;;;;;;°C;;;;;1714102443;1713539321;2.32E+11;;Interval;EndOfRecord
RD;pH;4/26/2024;3:33:04 AM;Default;PHC301;SN 240462571090;Edited;Sample ID (28808);2.995;pH;27;°C;247.9;mV;;;;;;;;;;;;;;;OK;4/25/2024;12:22:34 PM;Default;Slope;-57.99;98;mV/pH;14.1;mV;0.9998;3;4;pH;187.6;mV;22.2;7.01;pH;11;mV;22;10.04;pH;-159.2;mV;22.5;;;;;;;;;;;;;;;;;;;;;°C;;;;;1714102384;1714047754;2.32E+11;;Interval;EndOfRecord
RD;CD;4/26/2024;3:33:04 AM;Default;CDC401;SN 231662582599;Edited;Sample ID (28808);41.6;mS/cm;27.1;°C;43.3;mS/cm;;;NaCl/Non-Linear;Reference Temperature = 25 °C;;;;;;;;;;;OK;4/19/2024;3:08:41 PM;Default;K;0.366;;cm⁻¹;;;;1;30000;µS/cm;28.4;mS/cm;22.2;;;;;;;;;;;;;;;;;;;;;;;;;;;;;;;°C;;;;;1714102384;1713539321;2.32E+11;;Interval;EndOfRecord
RD;pH;4/26/2024;3:32:04 AM;Default;PHC301;SN 240462571090;Edited;Sample ID (28807);2.995;pH;26.9;°C;247.9;mV;;;;;;;;;;;;;;;OK;4/25/2024;12:22:34 PM;Default;Slope;-57.99;98;mV/pH;14.1;mV;0.9998;3;4;pH;187.6;mV;22.2;7.01;pH;11;mV;22;10.04;pH;-159.2;mV;22.5;;;;;;;;;;;;;;;;;;;;;°C;;;;;1714102324;1714047754;2.32E+11;;Interval;EndOfRecord
RD;CD;4/26/2024;3:32:04 AM;Default;CDC401;SN 231662582599;Edited;Sample ID (28807);41.6;mS/cm;27.1;°C;43.3;mS/cm;;;NaCl/Non-Linear;Reference Temperature = 25 °C;;;;;;;;;;;OK;4/19/2024;3:08:41 PM;Default;K;0.366;;cm⁻¹;;;;1;30000;µS/cm;28.4;mS/cm;22.2;;;;;;;;;;;;;;;;;;;;;;;;;;;;;;;°C;;;;;1714102324;1713539321;2.32E+11;;Interval;EndOfRecord
RD;pH;4/26/2024;3:31:05 AM;Default;PHC301;SN 240462571090;Edited;Sample ID (28806);2.996;pH;26.9;°C;247.9;mV;;;;;;;;;;;;;;;OK;4/25/2024;12:22:34 PM;Default;Slope;-57.99;98;mV/pH;14.1;mV;0.9998;3;4;pH;187.6;mV;22.2;7.01;pH;11;mV;22;10.04;pH;-159.2;mV;22.5;;;;;;;;;;;;;;;;;;;;;°C;;;;;1714102265;1714047754;2.32E+11;;Interval;EndOfRecord
RD;CD;4/26/2024;3:31:05 AM;Default;CDC401;SN 231662582599;Edited;Sample ID (28806);41.6;mS/cm;27.1;°C;43.3;mS/cm;;;NaCl/Non-Linear;Reference Temperature = 25 °C;;;;;;;;;;;OK;4/19/2024;3:08:41 PM;Default;K;0.366;;cm⁻¹;;;;1;30000;µS/cm;28.4;mS/cm;22.2;;;;;;;;;;;;;;;;;;;;;;;;;;;;;;;°C;;;;;1714102265;1713539321;2.32E+11;;Interval;EndOfRecord
RD;pH;4/26/2024;3:30:04 AM;Default;PHC301;SN 240462571090;Edited;Sample ID (28805);2.996;pH;26.9;°C;247.9;mV;;;;;;;;;;;;;;;OK;4/25/2024;12:22:34 PM;Default;Slope;-57.99;98;mV/pH;14.1;mV;0.9998;3;4;pH;187.6;mV;22.2;7.01;pH;11;mV;22;10.04;pH;-159.2;mV;22.5;;;;;;;;;;;;;;;;;;;;;°C;;;;;1714102204;1714047754;2.32E+11;;Interval;EndOfRecord
RD;CD;4/26/2024;3:30:04 AM;Default;CDC401;SN 231662582599;Edited;Sample ID (28805);41.6;mS/cm;27.1;°C;43.3;mS/cm;;;NaCl/Non-Linear;Reference Temperature = 25 °C;;;;;;;;;;;OK;4/19/2024;3:08:41 PM;Default;K;0.366;;cm⁻¹;;;;1;30000;µS/cm;28.4;mS/cm;22.2;;;;;;;;;;;;;;;;;;;;;;;;;;;;;;;°C;;;;;1714102204;1713539321;2.32E+11;;Interval;EndOfRecord
RD;pH;4/26/2024;3:29:03 AM;Default;PHC301;SN 240462571090;Edited;Sample ID (28804);2.996;pH;26.9;°C;247.9;mV;;;;;;;;;;;;;;;OK;4/25/2024;12:22:34 PM;Default;Slope;-57.99;98;mV/pH;14.1;mV;0.9998;3;4;pH;187.6;mV;22.2;7.01;pH;11;mV;22;10.04;pH;-159.2;mV;22.5;;;;;;;;;;;;;;;;;;;;;°C;;;;;1714102143;1714047754;2.32E+11;;Interval;EndOfRecord
RD;CD;4/26/2024;3:29:03 AM;Default;CDC401;SN 231662582599;Edited;Sample ID (28804);41.6;mS/cm;27;°C;43.3;mS/cm;;;NaCl/Non-Linear;Reference Temperature = 25 °C;;;;;;;;;;;OK;4/19/2024;3:08:41 PM;Default;K;0.366;;cm⁻¹;;;;1;30000;µS/cm;28.4;mS/cm;22.2;;;;;;;;;;;;;;;;;;;;;;;;;;;;;;;°C;;;;;1714102143;1713539321;2.32E+11;;Interval;EndOfRecord
RD;pH;4/26/2024;3:28:03 AM;Default;PHC301;SN 240462571090;Edited;Sample ID (28803);2.995;pH;26.9;°C;247.9;mV;;;;;;;;;;;;;;;OK;4/25/2024;12:22:34 PM;Default;Slope;-57.99;98;mV/pH;14.1;mV;0.9998;3;4;pH;187.6;mV;22.2;7.01;pH;11;mV;22;10.04;pH;-159.2;mV;22.5;;;;;;;;;;;;;;;;;;;;;°C;;;;;1714102083;1714047754;2.32E+11;;Interval;EndOfRecord
RD;CD;4/26/2024;3:28:03 AM;Default;CDC401;SN 231662582599;Edited;Sample ID (28803);41.6;mS/cm;27;°C;43.3;mS/cm;;;NaCl/Non-Linear;Reference Temperature = 25 °C;;;;;;;;;;;OK;4/19/2024;3:08:41 PM;Default;K;0.366;;cm⁻¹;;;;1;30000;µS/cm;28.4;mS/cm;22.2;;;;;;;;;;;;;;;;;;;;;;;;;;;;;;;°C;;;;;1714102083;1713539321;2.32E+11;;Interval;EndOfRecord
RD;pH;4/26/2024;3:27:03 AM;Default;PHC301;SN 240462571090;Edited;Sample ID (28802);2.995;pH;26.9;°C;247.9;mV;;;;;;;;;;;;;;;OK;4/25/2024;12:22:34 PM;Default;Slope;-57.99;98;mV/pH;14.1;mV;0.9998;3;4;pH;187.6;mV;22.2;7.01;pH;11;mV;22;10.04;pH;-159.2;mV;22.5;;;;;;;;;;;;;;;;;;;;;°C;;;;;1714102023;1714047754;2.32E+11;;Interval;EndOfRecord
RD;CD;4/26/2024;3:27:03 AM;Default;CDC401;SN 231662582599;Edited;Sample ID (28802);41.6;mS/cm;27;°C;43.3;mS/cm;;;NaCl/Non-Linear;Reference Temperature = 25 °C;;;;;;;;;;;OK;4/19/2024;3:08:41 PM;Default;K;0.366;;cm⁻¹;;;;1;30000;µS/cm;28.4;mS/cm;22.2;;;;;;;;;;;;;;;;;;;;;;;;;;;;;;;°C;;;;;1714102023;1713539321;2.32E+11;;Interval;EndOfRecord
RD;pH;4/26/2024;3:26:04 AM;Default;PHC301;SN 240462571090;Edited;Sample ID (28801);2.995;pH;26.9;°C;247.9;mV;;;;;;;;;;;;;;;OK;4/25/2024;12:22:34 PM;Default;Slope;-57.99;98;mV/pH;14.1;mV;0.9998;3;4;pH;187.6;mV;22.2;7.01;pH;11;mV;22;10.04;pH;-159.2;mV;22.5;;;;;;;;;;;;;;;;;;;;;°C;;;;;1714101964;1714047754;2.32E+11;;Interval;EndOfRecord
RD;CD;4/26/2024;3:26:04 AM;Default;CDC401;SN 231662582599;Edited;Sample ID (28801);41.6;mS/cm;27;°C;43.3;mS/cm;;;NaCl/Non-Linear;Reference Temperature = 25 °C;;;;;;;;;;;OK;4/19/2024;3:08:41 PM;Default;K;0.366;;cm⁻¹;;;;1;30000;µS/cm;28.4;mS/cm;22.2;;;;;;;;;;;;;;;;;;;;;;;;;;;;;;;°C;;;;;1714101964;1713539321;2.32E+11;;Interval;EndOfRecord
RD;pH;4/26/2024;3:25:04 AM;Default;PHC301;SN 240462571090;Edited;Sample ID (28800);2.996;pH;26.9;°C;247.8;mV;;;;;;;;;;;;;;;OK;4/25/2024;12:22:34 PM;Default;Slope;-57.99;98;mV/pH;14.1;mV;0.9998;3;4;pH;187.6;mV;22.2;7.01;pH;11;mV;22;10.04;pH;-159.2;mV;22.5;;;;;;;;;;;;;;;;;;;;;°C;;;;;1714101904;1714047754;2.32E+11;;Interval;EndOfRecord
RD;CD;4/26/2024;3:25:04 AM;Default;CDC401;SN 231662582599;Edited;Sample ID (28800);41.6;mS/cm;27;°C;43.2;mS/cm;;;NaCl/Non-Linear;Reference Temperature = 25 °C;;;;;;;;;;;OK;4/19/2024;3:08:41 PM;Default;K;0.366;;cm⁻¹;;;;1;30000;µS/cm;28.4;mS/cm;22.2;;;;;;;;;;;;;;;;;;;;;;;;;;;;;;;°C;;;;;1714101904;1713539321;2.32E+11;;Interval;EndOfRecord
RD;pH;4/26/2024;3:24:04 AM;Default;PHC301;SN 240462571090;Edited;Sample ID (28799);2.996;pH;26.9;°C;247.8;mV;;;;;;;;;;;;;;;OK;4/25/2024;12:22:34 PM;Default;Slope;-57.99;98;mV/pH;14.1;mV;0.9998;3;4;pH;187.6;mV;22.2;7.01;pH;11;mV;22;10.04;pH;-159.2;mV;22.5;;;;;;;;;;;;;;;;;;;;;°C;;;;;1714101844;1714047754;2.32E+11;;Interval;EndOfRecord
RD;CD;4/26/2024;3:24:04 AM;Default;CDC401;SN 231662582599;Edited;Sample ID (28799);41.6;mS/cm;27;°C;43.3;mS/cm;;;NaCl/Non-Linear;Reference Temperature = 25 °C;;;;;;;;;;;OK;4/19/2024;3:08:41 PM;Default;K;0.366;;cm⁻¹;;;;1;30000;µS/cm;28.4;mS/cm;22.2;;;;;;;;;;;;;;;;;;;;;;;;;;;;;;;°C;;;;;1714101844;1713539321;2.32E+11;;Interval;EndOfRecord
RD;pH;4/26/2024;3:23:04 AM;Default;PHC301;SN 240462571090;Edited;Sample ID (28798);2.996;pH;26.9;°C;247.8;mV;;;;;;;;;;;;;;;OK;4/25/2024;12:22:34 PM;Default;Slope;-57.99;98;mV/pH;14.1;mV;0.9998;3;4;pH;187.6;mV;22.2;7.01;pH;11;mV;22;10.04;pH;-159.2;mV;22.5;;;;;;;;;;;;;;;;;;;;;°C;;;;;1714101784;1714047754;2.32E+11;;Interval;EndOfRecord
RD;CD;4/26/2024;3:23:04 AM;Default;CDC401;SN 231662582599;Edited;Sample ID (28798);41.6;mS/cm;27;°C;43.3;mS/cm;;;NaCl/Non-Linear;Reference Temperature = 25 °C;;;;;;;;;;;OK;4/19/2024;3:08:41 PM;Default;K;0.366;;cm⁻¹;;;;1;30000;µS/cm;28.4;mS/cm;22.2;;;;;;;;;;;;;;;;;;;;;;;;;;;;;;;°C;;;;;1714101784;1713539321;2.32E+11;;Interval;EndOfRecord
RD;pH;4/26/2024;3:22:03 AM;Default;PHC301;SN 240462571090;Edited;Sample ID (28797);2.996;pH;26.9;°C;247.8;mV;;;;;;;;;;;;;;;OK;4/25/2024;12:22:34 PM;Default;Slope;-57.99;98;mV/pH;14.1;mV;0.9998;3;4;pH;187.6;mV;22.2;7.01;pH;11;mV;22;10.04;pH;-159.2;mV;22.5;;;;;;;;;;;;;;;;;;;;;°C;;;;;1714101723;1714047754;2.32E+11;;Interval;EndOfRecord
RD;CD;4/26/2024;3:22:03 AM;Default;CDC401;SN 231662582599;Edited;Sample ID (28797);41.6;mS/cm;27;°C;43.3;mS/cm;;;NaCl/Non-Linear;Reference Temperature = 25 °C;;;;;;;;;;;OK;4/19/2024;3:08:41 PM;Default;K;0.366;;cm⁻¹;;;;1;30000;µS/cm;28.4;mS/cm;22.2;;;;;;;;;;;;;;;;;;;;;;;;;;;;;;;°C;;;;;1714101723;1713539321;2.32E+11;;Interval;EndOfRecord
RD;pH;4/26/2024;3:21:04 AM;Default;PHC301;SN 240462571090;Edited;Sample ID (28796);2.996;pH;26.9;°C;247.8;mV;;;;;;;;;;;;;;;OK;4/25/2024;12:22:34 PM;Default;Slope;-57.99;98;mV/pH;14.1;mV;0.9998;3;4;pH;187.6;mV;22.2;7.01;pH;11;mV;22;10.04;pH;-159.2;mV;22.5;;;;;;;;;;;;;;;;;;;;;°C;;;;;1714101664;1714047754;2.32E+11;;Interval;EndOfRecord
RD;CD;4/26/2024;3:21:04 AM;Default;CDC401;SN 231662582599;Edited;Sample ID (28796);41.6;mS/cm;27;°C;43.3;mS/cm;;;NaCl/Non-Linear;Reference Temperature = 25 °C;;;;;;;;;;;OK;4/19/2024;3:08:41 PM;Default;K;0.366;;cm⁻¹;;;;1;30000;µS/cm;28.4;mS/cm;22.2;;;;;;;;;;;;;;;;;;;;;;;;;;;;;;;°C;;;;;1714101664;1713539321;2.32E+11;;Interval;EndOfRecord
RD;pH;4/26/2024;3:20:04 AM;Default;PHC301;SN 240462571090;Edited;Sample ID (28795);2.996;pH;26.9;°C;247.8;mV;;;;;;;;;;;;;;;OK;4/25/2024;12:22:34 PM;Default;Slope;-57.99;98;mV/pH;14.1;mV;0.9998;3;4;pH;187.6;mV;22.2;7.01;pH;11;mV;22;10.04;pH;-159.2;mV;22.5;;;;;;;;;;;;;;;;;;;;;°C;;;;;1714101604;1714047754;2.32E+11;;Interval;EndOfRecord
RD;CD;4/26/2024;3:20:04 AM;Default;CDC401;SN 231662582599;Edited;Sample ID (28795);41.6;mS/cm;27;°C;43.2;mS/cm;;;NaCl/Non-Linear;Reference Temperature = 25 °C;;;;;;;;;;;OK;4/19/2024;3:08:41 PM;Default;K;0.366;;cm⁻¹;;;;1;30000;µS/cm;28.4;mS/cm;22.2;;;;;;;;;;;;;;;;;;;;;;;;;;;;;;;°C;;;;;1714101604;1713539321;2.32E+11;;Interval;EndOfRecord
RD;pH;4/26/2024;3:19:04 AM;Default;PHC301;SN 240462571090;Edited;Sample ID (28794);2.996;pH;26.8;°C;247.8;mV;;;;;;;;;;;;;;;OK;4/25/2024;12:22:34 PM;Default;Slope;-57.99;98;mV/pH;14.1;mV;0.9998;3;4;pH;187.6;mV;22.2;7.01;pH;11;mV;22;10.04;pH;-159.2;mV;22.5;;;;;;;;;;;;;;;;;;;;;°C;;;;;1714101544;1714047754;2.32E+11;;Interval;EndOfRecord
RD;CD;4/26/2024;3:19:04 AM;Default;CDC401;SN 231662582599;Edited;Sample ID (28794);41.6;mS/cm;27;°C;43.2;mS/cm;;;NaCl/Non-Linear;Reference Temperature = 25 °C;;;;;;;;;;;OK;4/19/2024;3:08:41 PM;Default;K;0.366;;cm⁻¹;;;;1;30000;µS/cm;28.4;mS/cm;22.2;;;;;;;;;;;;;;;;;;;;;;;;;;;;;;;°C;;;;;1714101544;1713539321;2.32E+11;;Interval;EndOfRecord
RD;pH;4/26/2024;3:18:04 AM;Default;PHC301;SN 240462571090;Edited;Sample ID (28793);2.996;pH;26.8;°C;247.8;mV;;;;;;;;;;;;;;;OK;4/25/2024;12:22:34 PM;Default;Slope;-57.99;98;mV/pH;14.1;mV;0.9998;3;4;pH;187.6;mV;22.2;7.01;pH;11;mV;22;10.04;pH;-159.2;mV;22.5;;;;;;;;;;;;;;;;;;;;;°C;;;;;1714101484;1714047754;2.32E+11;;Interval;EndOfRecord
RD;CD;4/26/2024;3:18:04 AM;Default;CDC401;SN 231662582599;Edited;Sample ID (28793);41.6;mS/cm;27;°C;43.2;mS/cm;;;NaCl/Non-Linear;Reference Temperature = 25 °C;;;;;;;;;;;OK;4/19/2024;3:08:41 PM;Default;K;0.366;;cm⁻¹;;;;1;30000;µS/cm;28.4;mS/cm;22.2;;;;;;;;;;;;;;;;;;;;;;;;;;;;;;;°C;;;;;1714101484;1713539321;2.32E+11;;Interval;EndOfRecord
RD;pH;4/26/2024;3:17:04 AM;Default;PHC301;SN 240462571090;Edited;Sample ID (28792);2.997;pH;26.8;°C;247.6;mV;;;;;;;;;;;;;;;OK;4/25/2024;12:22:34 PM;Default;Slope;-57.99;98;mV/pH;14.1;mV;0.9998;3;4;pH;187.6;mV;22.2;7.01;pH;11;mV;22;10.04;pH;-159.2;mV;22.5;;;;;;;;;;;;;;;;;;;;;°C;;;;;1714101424;1714047754;2.32E+11;;Interval;EndOfRecord
RD;CD;4/26/2024;3:17:04 AM;Default;CDC401;SN 231662582599;Edited;Sample ID (28792);41.6;mS/cm;26.9;°C;43.2;mS/cm;;;NaCl/Non-Linear;Reference Temperature = 25 °C;;;;;;;;;;;OK;4/19/2024;3:08:41 PM;Default;K;0.366;;cm⁻¹;;;;1;30000;µS/cm;28.4;mS/cm;22.2;;;;;;;;;;;;;;;;;;;;;;;;;;;;;;;°C;;;;;1714101424;1713539321;2.32E+11;;Interval;EndOfRecord
RD;pH;4/26/2024;3:16:05 AM;Default;PHC301;SN 240462571090;Edited;Sample ID (28791);2.997;pH;26.8;°C;247.6;mV;;;;;;;;;;;;;;;OK;4/25/2024;12:22:34 PM;Default;Slope;-57.99;98;mV/pH;14.1;mV;0.9998;3;4;pH;187.6;mV;22.2;7.01;pH;11;mV;22;10.04;pH;-159.2;mV;22.5;;;;;;;;;;;;;;;;;;;;;°C;;;;;1714101365;1714047754;2.32E+11;;Interval;EndOfRecord
RD;CD;4/26/2024;3:16:05 AM;Default;CDC401;SN 231662582599;Edited;Sample ID (28791);41.6;mS/cm;26.9;°C;43.2;mS/cm;;;NaCl/Non-Linear;Reference Temperature = 25 °C;;;;;;;;;;;OK;4/19/2024;3:08:41 PM;Default;K;0.366;;cm⁻¹;;;;1;30000;µS/cm;28.4;mS/cm;22.2;;;;;;;;;;;;;;;;;;;;;;;;;;;;;;;°C;;;;;1714101365;1713539321;2.32E+11;;Interval;EndOfRecord
RD;pH;4/26/2024;3:15:04 AM;Default;PHC301;SN 240462571090;Edited;Sample ID (28790);2.997;pH;26.8;°C;247.6;mV;;;;;;;;;;;;;;;OK;4/25/2024;12:22:34 PM;Default;Slope;-57.99;98;mV/pH;14.1;mV;0.9998;3;4;pH;187.6;mV;22.2;7.01;pH;11;mV;22;10.04;pH;-159.2;mV;22.5;;;;;;;;;;;;;;;;;;;;;°C;;;;;1714101304;1714047754;2.32E+11;;Interval;EndOfRecord
RD;CD;4/26/2024;3:15:04 AM;Default;CDC401;SN 231662582599;Edited;Sample ID (28790);41.6;mS/cm;26.9;°C;43.2;mS/cm;;;NaCl/Non-Linear;Reference Temperature = 25 °C;;;;;;;;;;;OK;4/19/2024;3:08:41 PM;Default;K;0.366;;cm⁻¹;;;;1;30000;µS/cm;28.4;mS/cm;22.2;;;;;;;;;;;;;;;;;;;;;;;;;;;;;;;°C;;;;;1714101304;1713539321;2.32E+11;;Interval;EndOfRecord
RD;pH;4/26/2024;3:14:03 AM;Default;PHC301;SN 240462571090;Edited;Sample ID (28789);2.997;pH;26.8;°C;247.6;mV;;;;;;;;;;;;;;;OK;4/25/2024;12:22:34 PM;Default;Slope;-57.99;98;mV/pH;14.1;mV;0.9998;3;4;pH;187.6;mV;22.2;7.01;pH;11;mV;22;10.04;pH;-159.2;mV;22.5;;;;;;;;;;;;;;;;;;;;;°C;;;;;1714101243;1714047754;2.32E+11;;Interval;EndOfRecord
RD;CD;4/26/2024;3:14:03 AM;Default;CDC401;SN 231662582599;Edited;Sample ID (28789);41.6;mS/cm;26.9;°C;43.2;mS/cm;;;NaCl/Non-Linear;Reference Temperature = 25 °C;;;;;;;;;;;OK;4/19/2024;3:08:41 PM;Default;K;0.366;;cm⁻¹;;;;1;30000;µS/cm;28.4;mS/cm;22.2;;;;;;;;;;;;;;;;;;;;;;;;;;;;;;;°C;;;;;1714101243;1713539321;2.32E+11;;Interval;EndOfRecord
RD;pH;4/26/2024;3:13:03 AM;Default;PHC301;SN 240462571090;Edited;Sample ID (28788);2.997;pH;26.8;°C;247.6;mV;;;;;;;;;;;;;;;OK;4/25/2024;12:22:34 PM;Default;Slope;-57.99;98;mV/pH;14.1;mV;0.9998;3;4;pH;187.6;mV;22.2;7.01;pH;11;mV;22;10.04;pH;-159.2;mV;22.5;;;;;;;;;;;;;;;;;;;;;°C;;;;;1714101183;1714047754;2.32E+11;;Interval;EndOfRecord
RD;CD;4/26/2024;3:13:03 AM;Default;CDC401;SN 231662582599;Edited;Sample ID (28788);41.6;mS/cm;26.9;°C;43.2;mS/cm;;;NaCl/Non-Linear;Reference Temperature = 25 °C;;;;;;;;;;;OK;4/19/2024;3:08:41 PM;Default;K;0.366;;cm⁻¹;;;;1;30000;µS/cm;28.4;mS/cm;22.2;;;;;;;;;;;;;;;;;;;;;;;;;;;;;;;°C;;;;;1714101183;1713539321;2.32E+11;;Interval;EndOfRecord
RD;pH;4/26/2024;3:12:04 AM;Default;PHC301;SN 240462571090;Edited;Sample ID (28787);2.997;pH;26.8;°C;247.6;mV;;;;;;;;;;;;;;;OK;4/25/2024;12:22:34 PM;Default;Slope;-57.99;98;mV/pH;14.1;mV;0.9998;3;4;pH;187.6;mV;22.2;7.01;pH;11;mV;22;10.04;pH;-159.2;mV;22.5;;;;;;;;;;;;;;;;;;;;;°C;;;;;1714101124;1714047754;2.32E+11;;Interval;EndOfRecord
RD;CD;4/26/2024;3:12:04 AM;Default;CDC401;SN 231662582599;Edited;Sample ID (28787);41.6;mS/cm;26.9;°C;43.1;mS/cm;;;NaCl/Non-Linear;Reference Temperature = 25 °C;;;;;;;;;;;OK;4/19/2024;3:08:41 PM;Default;K;0.366;;cm⁻¹;;;;1;30000;µS/cm;28.4;mS/cm;22.2;;;;;;;;;;;;;;;;;;;;;;;;;;;;;;;°C;;;;;1714101124;1713539321;2.32E+11;;Interval;EndOfRecord
RD;pH;4/26/2024;3:11:04 AM;Default;PHC301;SN 240462571090;Edited;Sample ID (28786);2.997;pH;26.8;°C;247.6;mV;;;;;;;;;;;;;;;OK;4/25/2024;12:22:34 PM;Default;Slope;-57.99;98;mV/pH;14.1;mV;0.9998;3;4;pH;187.6;mV;22.2;7.01;pH;11;mV;22;10.04;pH;-159.2;mV;22.5;;;;;;;;;;;;;;;;;;;;;°C;;;;;1714101064;1714047754;2.32E+11;;Interval;EndOfRecord
RD;CD;4/26/2024;3:11:04 AM;Default;CDC401;SN 231662582599;Edited;Sample ID (28786);41.6;mS/cm;26.9;°C;43.2;mS/cm;;;NaCl/Non-Linear;Reference Temperature = 25 °C;;;;;;;;;;;OK;4/19/2024;3:08:41 PM;Default;K;0.366;;cm⁻¹;;;;1;30000;µS/cm;28.4;mS/cm;22.2;;;;;;;;;;;;;;;;;;;;;;;;;;;;;;;°C;;;;;1714101064;1713539321;2.32E+11;;Interval;EndOfRecord
RD;pH;4/26/2024;3:10:04 AM;Default;PHC301;SN 240462571090;Edited;Sample ID (28785);2.997;pH;26.8;°C;247.6;mV;;;;;;;;;;;;;;;OK;4/25/2024;12:22:34 PM;Default;Slope;-57.99;98;mV/pH;14.1;mV;0.9998;3;4;pH;187.6;mV;22.2;7.01;pH;11;mV;22;10.04;pH;-159.2;mV;22.5;;;;;;;;;;;;;;;;;;;;;°C;;;;;1714101004;1714047754;2.32E+11;;Interval;EndOfRecord
RD;CD;4/26/2024;3:10:04 AM;Default;CDC401;SN 231662582599;Edited;Sample ID (28785);41.6;mS/cm;26.9;°C;43.2;mS/cm;;;NaCl/Non-Linear;Reference Temperature = 25 °C;;;;;;;;;;;OK;4/19/2024;3:08:41 PM;Default;K;0.366;;cm⁻¹;;;;1;30000;µS/cm;28.4;mS/cm;22.2;;;;;;;;;;;;;;;;;;;;;;;;;;;;;;;°C;;;;;1714101004;1713539321;2.32E+11;;Interval;EndOfRecord
RD;pH;4/26/2024;3:09:04 AM;Default;PHC301;SN 240462571090;Edited;Sample ID (28784);2.997;pH;26.8;°C;247.6;mV;;;;;;;;;;;;;;;OK;4/25/2024;12:22:34 PM;Default;Slope;-57.99;98;mV/pH;14.1;mV;0.9998;3;4;pH;187.6;mV;22.2;7.01;pH;11;mV;22;10.04;pH;-159.2;mV;22.5;;;;;;;;;;;;;;;;;;;;;°C;;;;;1714100944;1714047754;2.32E+11;;Interval;EndOfRecord
RD;CD;4/26/2024;3:09:04 AM;Default;CDC401;SN 231662582599;Edited;Sample ID (28784);41.6;mS/cm;26.9;°C;43.1;mS/cm;;;NaCl/Non-Linear;Reference Temperature = 25 °C;;;;;;;;;;;OK;4/19/2024;3:08:41 PM;Default;K;0.366;;cm⁻¹;;;;1;30000;µS/cm;28.4;mS/cm;22.2;;;;;;;;;;;;;;;;;;;;;;;;;;;;;;;°C;;;;;1714100944;1713539321;2.32E+11;;Interval;EndOfRecord
RD;pH;4/26/2024;3:08:03 AM;Default;PHC301;SN 240462571090;Edited;Sample ID (28783);2.997;pH;26.7;°C;247.6;mV;;;;;;;;;;;;;;;OK;4/25/2024;12:22:34 PM;Default;Slope;-57.99;98;mV/pH;14.1;mV;0.9998;3;4;pH;187.6;mV;22.2;7.01;pH;11;mV;22;10.04;pH;-159.2;mV;22.5;;;;;;;;;;;;;;;;;;;;;°C;;;;;1714100883;1714047754;2.32E+11;;Interval;EndOfRecord
RD;CD;4/26/2024;3:08:03 AM;Default;CDC401;SN 231662582599;Edited;Sample ID (28783);41.6;mS/cm;26.8;°C;43.2;mS/cm;;;NaCl/Non-Linear;Reference Temperature = 25 °C;;;;;;;;;;;OK;4/19/2024;3:08:41 PM;Default;K;0.366;;cm⁻¹;;;;1;30000;µS/cm;28.4;mS/cm;22.2;;;;;;;;;;;;;;;;;;;;;;;;;;;;;;;°C;;;;;1714100883;1713539321;2.32E+11;;Interval;EndOfRecord
RD;pH;4/26/2024;3:07:03 AM;Default;PHC301;SN 240462571090;Edited;Sample ID (28782);2.997;pH;26.7;°C;247.6;mV;;;;;;;;;;;;;;;OK;4/25/2024;12:22:34 PM;Default;Slope;-57.99;98;mV/pH;14.1;mV;0.9998;3;4;pH;187.6;mV;22.2;7.01;pH;11;mV;22;10.04;pH;-159.2;mV;22.5;;;;;;;;;;;;;;;;;;;;;°C;;;;;1714100823;1714047754;2.32E+11;;Interval;EndOfRecord
RD;CD;4/26/2024;3:07:03 AM;Default;CDC401;SN 231662582599;Edited;Sample ID (28782);41.6;mS/cm;26.8;°C;43.2;mS/cm;;;NaCl/Non-Linear;Reference Temperature = 25 °C;;;;;;;;;;;OK;4/19/2024;3:08:41 PM;Default;K;0.366;;cm⁻¹;;;;1;30000;µS/cm;28.4;mS/cm;22.2;;;;;;;;;;;;;;;;;;;;;;;;;;;;;;;°C;;;;;1714100823;1713539321;2.32E+11;;Interval;EndOfRecord
RD;pH;4/26/2024;3:06:03 AM;Default;PHC301;SN 240462571090;Edited;Sample ID (28781);2.997;pH;26.7;°C;247.6;mV;;;;;;;;;;;;;;;OK;4/25/2024;12:22:34 PM;Default;Slope;-57.99;98;mV/pH;14.1;mV;0.9998;3;4;pH;187.6;mV;22.2;7.01;pH;11;mV;22;10.04;pH;-159.2;mV;22.5;;;;;;;;;;;;;;;;;;;;;°C;;;;;1714100763;1714047754;2.32E+11;;Interval;EndOfRecord
RD;CD;4/26/2024;3:06:03 AM;Default;CDC401;SN 231662582599;Edited;Sample ID (28781);41.6;mS/cm;26.8;°C;43.2;mS/cm;;;NaCl/Non-Linear;Reference Temperature = 25 °C;;;;;;;;;;;OK;4/19/2024;3:08:41 PM;Default;K;0.366;;cm⁻¹;;;;1;30000;µS/cm;28.4;mS/cm;22.2;;;;;;;;;;;;;;;;;;;;;;;;;;;;;;;°C;;;;;1714100763;1713539321;2.32E+11;;Interval;EndOfRecord
RD;pH;4/26/2024;3:05:03 AM;Default;PHC301;SN 240462571090;Edited;Sample ID (28780);2.997;pH;26.7;°C;247.6;mV;;;;;;;;;;;;;;;OK;4/25/2024;12:22:34 PM;Default;Slope;-57.99;98;mV/pH;14.1;mV;0.9998;3;4;pH;187.6;mV;22.2;7.01;pH;11;mV;22;10.04;pH;-159.2;mV;22.5;;;;;;;;;;;;;;;;;;;;;°C;;;;;1714100703;1714047754;2.32E+11;;Interval;EndOfRecord
RD;CD;4/26/2024;3:05:03 AM;Default;CDC401;SN 231662582599;Edited;Sample ID (28780);41.6;mS/cm;26.8;°C;43.2;mS/cm;;;NaCl/Non-Linear;Reference Temperature = 25 °C;;;;;;;;;;;OK;4/19/2024;3:08:41 PM;Default;K;0.366;;cm⁻¹;;;;1;30000;µS/cm;28.4;mS/cm;22.2;;;;;;;;;;;;;;;;;;;;;;;;;;;;;;;°C;;;;;1714100703;1713539321;2.32E+11;;Interval;EndOfRecord
RD;pH;4/26/2024;3:04:04 AM;Default;PHC301;SN 240462571090;Edited;Sample ID (28779);2.997;pH;26.7;°C;247.5;mV;;;;;;;;;;;;;;;OK;4/25/2024;12:22:34 PM;Default;Slope;-57.99;98;mV/pH;14.1;mV;0.9998;3;4;pH;187.6;mV;22.2;7.01;pH;11;mV;22;10.04;pH;-159.2;mV;22.5;;;;;;;;;;;;;;;;;;;;;°C;;;;;1714100644;1714047754;2.32E+11;;Interval;EndOfRecord
RD;CD;4/26/2024;3:04:04 AM;Default;CDC401;SN 231662582599;Edited;Sample ID (28779);41.6;mS/cm;26.8;°C;43.1;mS/cm;;;NaCl/Non-Linear;Reference Temperature = 25 °C;;;;;;;;;;;OK;4/19/2024;3:08:41 PM;Default;K;0.366;;cm⁻¹;;;;1;30000;µS/cm;28.4;mS/cm;22.2;;;;;;;;;;;;;;;;;;;;;;;;;;;;;;;°C;;;;;1714100644;1713539321;2.32E+11;;Interval;EndOfRecord
RD;pH;4/26/2024;3:03:04 AM;Default;PHC301;SN 240462571090;Edited;Sample ID (28778);2.997;pH;26.7;°C;247.5;mV;;;;;;;;;;;;;;;OK;4/25/2024;12:22:34 PM;Default;Slope;-57.99;98;mV/pH;14.1;mV;0.9998;3;4;pH;187.6;mV;22.2;7.01;pH;11;mV;22;10.04;pH;-159.2;mV;22.5;;;;;;;;;;;;;;;;;;;;;°C;;;;;1714100584;1714047754;2.32E+11;;Interval;EndOfRecord
RD;CD;4/26/2024;3:03:04 AM;Default;CDC401;SN 231662582599;Edited;Sample ID (28778);41.6;mS/cm;26.8;°C;43.1;mS/cm;;;NaCl/Non-Linear;Reference Temperature = 25 °C;;;;;;;;;;;OK;4/19/2024;3:08:41 PM;Default;K;0.366;;cm⁻¹;;;;1;30000;µS/cm;28.4;mS/cm;22.2;;;;;;;;;;;;;;;;;;;;;;;;;;;;;;;°C;;;;;1714100584;1713539321;2.32E+11;;Interval;EndOfRecord
RD;pH;4/26/2024;3:02:04 AM;Default;PHC301;SN 240462571090;Edited;Sample ID (28777);2.997;pH;26.7;°C;247.5;mV;;;;;;;;;;;;;;;OK;4/25/2024;12:22:34 PM;Default;Slope;-57.99;98;mV/pH;14.1;mV;0.9998;3;4;pH;187.6;mV;22.2;7.01;pH;11;mV;22;10.04;pH;-159.2;mV;22.5;;;;;;;;;;;;;;;;;;;;;°C;;;;;1714100524;1714047754;2.32E+11;;Interval;EndOfRecord
RD;CD;4/26/2024;3:02:04 AM;Default;CDC401;SN 231662582599;Edited;Sample ID (28777);41.6;mS/cm;26.8;°C;43.1;mS/cm;;;NaCl/Non-Linear;Reference Temperature = 25 °C;;;;;;;;;;;OK;4/19/2024;3:08:41 PM;Default;K;0.366;;cm⁻¹;;;;1;30000;µS/cm;28.4;mS/cm;22.2;;;;;;;;;;;;;;;;;;;;;;;;;;;;;;;°C;;;;;1714100524;1713539321;2.32E+11;;Interval;EndOfRecord
RD;pH;4/26/2024;3:01:03 AM;Default;PHC301;SN 240462571090;Edited;Sample ID (28776);2.997;pH;26.7;°C;247.5;mV;;;;;;;;;;;;;;;OK;4/25/2024;12:22:34 PM;Default;Slope;-57.99;98;mV/pH;14.1;mV;0.9998;3;4;pH;187.6;mV;22.2;7.01;pH;11;mV;22;10.04;pH;-159.2;mV;22.5;;;;;;;;;;;;;;;;;;;;;°C;;;;;1714100463;1714047754;2.32E+11;;Interval;EndOfRecord
RD;CD;4/26/2024;3:01:03 AM;Default;CDC401;SN 231662582599;Edited;Sample ID (28776);41.6;mS/cm;26.8;°C;43.1;mS/cm;;;NaCl/Non-Linear;Reference Temperature = 25 °C;;;;;;;;;;;OK;4/19/2024;3:08:41 PM;Default;K;0.366;;cm⁻¹;;;;1;30000;µS/cm;28.4;mS/cm;22.2;;;;;;;;;;;;;;;;;;;;;;;;;;;;;;;°C;;;;;1714100463;1713539321;2.32E+11;;Interval;EndOfRecord
RD;pH;4/26/2024;3:00:04 AM;Default;PHC301;SN 240462571090;Edited;Sample ID (28775);2.997;pH;26.7;°C;247.5;mV;;;;;;;;;;;;;;;OK;4/25/2024;12:22:34 PM;Default;Slope;-57.99;98;mV/pH;14.1;mV;0.9998;3;4;pH;187.6;mV;22.2;7.01;pH;11;mV;22;10.04;pH;-159.2;mV;22.5;;;;;;;;;;;;;;;;;;;;;°C;;;;;1714100404;1714047754;2.32E+11;;Interval;EndOfRecord
RD;CD;4/26/2024;3:00:04 AM;Default;CDC401;SN 231662582599;Edited;Sample ID (28775);41.6;mS/cm;26.8;°C;43.1;mS/cm;;;NaCl/Non-Linear;Reference Temperature = 25 °C;;;;;;;;;;;OK;4/19/2024;3:08:41 PM;Default;K;0.366;;cm⁻¹;;;;1;30000;µS/cm;28.4;mS/cm;22.2;;;;;;;;;;;;;;;;;;;;;;;;;;;;;;;°C;;;;;1714100404;1713539321;2.32E+11;;Interval;EndOfRecord
RD;pH;4/26/2024;2:59:04 AM;Default;PHC301;SN 240462571090;Edited;Sample ID (28774);2.997;pH;26.6;°C;247.5;mV;;;;;;;;;;;;;;;OK;4/25/2024;12:22:34 PM;Default;Slope;-57.99;98;mV/pH;14.1;mV;0.9998;3;4;pH;187.6;mV;22.2;7.01;pH;11;mV;22;10.04;pH;-159.2;mV;22.5;;;;;;;;;;;;;;;;;;;;;°C;;;;;1714100344;1714047754;2.32E+11;;Interval;EndOfRecord
RD;CD;4/26/2024;2:59:04 AM;Default;CDC401;SN 231662582599;Edited;Sample ID (28774);41.7;mS/cm;26.7;°C;43.2;mS/cm;;;NaCl/Non-Linear;Reference Temperature = 25 °C;;;;;;;;;;;OK;4/19/2024;3:08:41 PM;Default;K;0.366;;cm⁻¹;;;;1;30000;µS/cm;28.4;mS/cm;22.2;;;;;;;;;;;;;;;;;;;;;;;;;;;;;;;°C;;;;;1714100344;1713539321;2.32E+11;;Interval;EndOfRecord
RD;pH;4/26/2024;2:58:04 AM;Default;PHC301;SN 240462571090;Edited;Sample ID (28773);2.997;pH;26.6;°C;247.5;mV;;;;;;;;;;;;;;;OK;4/25/2024;12:22:34 PM;Default;Slope;-57.99;98;mV/pH;14.1;mV;0.9998;3;4;pH;187.6;mV;22.2;7.01;pH;11;mV;22;10.04;pH;-159.2;mV;22.5;;;;;;;;;;;;;;;;;;;;;°C;;;;;1714100284;1714047754;2.32E+11;;Interval;EndOfRecord
RD;CD;4/26/2024;2:58:04 AM;Default;CDC401;SN 231662582599;Edited;Sample ID (28773);41.7;mS/cm;26.7;°C;43.1;mS/cm;;;NaCl/Non-Linear;Reference Temperature = 25 °C;;;;;;;;;;;OK;4/19/2024;3:08:41 PM;Default;K;0.366;;cm⁻¹;;;;1;30000;µS/cm;28.4;mS/cm;22.2;;;;;;;;;;;;;;;;;;;;;;;;;;;;;;;°C;;;;;1714100284;1713539321;2.32E+11;;Interval;EndOfRecord
RD;pH;4/26/2024;2:57:04 AM;Default;PHC301;SN 240462571090;Edited;Sample ID (28772);2.997;pH;26.6;°C;247.5;mV;;;;;;;;;;;;;;;OK;4/25/2024;12:22:34 PM;Default;Slope;-57.99;98;mV/pH;14.1;mV;0.9998;3;4;pH;187.6;mV;22.2;7.01;pH;11;mV;22;10.04;pH;-159.2;mV;22.5;;;;;;;;;;;;;;;;;;;;;°C;;;;;1714100224;1714047754;2.32E+11;;Interval;EndOfRecord
RD;CD;4/26/2024;2:57:04 AM;Default;CDC401;SN 231662582599;Edited;Sample ID (28772);41.7;mS/cm;26.7;°C;43.1;mS/cm;;;NaCl/Non-Linear;Reference Temperature = 25 °C;;;;;;;;;;;OK;4/19/2024;3:08:41 PM;Default;K;0.366;;cm⁻¹;;;;1;30000;µS/cm;28.4;mS/cm;22.2;;;;;;;;;;;;;;;;;;;;;;;;;;;;;;;°C;;;;;1714100224;1713539321;2.32E+11;;Interval;EndOfRecord
RD;pH;4/26/2024;2:56:04 AM;Default;PHC301;SN 240462571090;Edited;Sample ID (28771);2.997;pH;26.6;°C;247.5;mV;;;;;;;;;;;;;;;OK;4/25/2024;12:22:34 PM;Default;Slope;-57.99;98;mV/pH;14.1;mV;0.9998;3;4;pH;187.6;mV;22.2;7.01;pH;11;mV;22;10.04;pH;-159.2;mV;22.5;;;;;;;;;;;;;;;;;;;;;°C;;;;;1714100164;1714047754;2.32E+11;;Interval;EndOfRecord
RD;CD;4/26/2024;2:56:04 AM;Default;CDC401;SN 231662582599;Edited;Sample ID (28771);41.7;mS/cm;26.7;°C;43.1;mS/cm;;;NaCl/Non-Linear;Reference Temperature = 25 °C;;;;;;;;;;;OK;4/19/2024;3:08:41 PM;Default;K;0.366;;cm⁻¹;;;;1;30000;µS/cm;28.4;mS/cm;22.2;;;;;;;;;;;;;;;;;;;;;;;;;;;;;;;°C;;;;;1714100164;1713539321;2.32E+11;;Interval;EndOfRecord
RD;pH;4/26/2024;2:55:05 AM;Default;PHC301;SN 240462571090;Edited;Sample ID (28770);2.997;pH;26.6;°C;247.5;mV;;;;;;;;;;;;;;;OK;4/25/2024;12:22:34 PM;Default;Slope;-57.99;98;mV/pH;14.1;mV;0.9998;3;4;pH;187.6;mV;22.2;7.01;pH;11;mV;22;10.04;pH;-159.2;mV;22.5;;;;;;;;;;;;;;;;;;;;;°C;;;;;1714100105;1714047754;2.32E+11;;Interval;EndOfRecord
RD;CD;4/26/2024;2:55:05 AM;Default;CDC401;SN 231662582599;Edited;Sample ID (28770);41.7;mS/cm;26.7;°C;43.1;mS/cm;;;NaCl/Non-Linear;Reference Temperature = 25 °C;;;;;;;;;;;OK;4/19/2024;3:08:41 PM;Default;K;0.366;;cm⁻¹;;;;1;30000;µS/cm;28.4;mS/cm;22.2;;;;;;;;;;;;;;;;;;;;;;;;;;;;;;;°C;;;;;1714100105;1713539321;2.32E+11;;Interval;EndOfRecord
RD;pH;4/26/2024;2:54:04 AM;Default;PHC301;SN 240462571090;Edited;Sample ID (28769);2.997;pH;26.6;°C;247.5;mV;;;;;;;;;;;;;;;OK;4/25/2024;12:22:34 PM;Default;Slope;-57.99;98;mV/pH;14.1;mV;0.9998;3;4;pH;187.6;mV;22.2;7.01;pH;11;mV;22;10.04;pH;-159.2;mV;22.5;;;;;;;;;;;;;;;;;;;;;°C;;;;;1714100044;1714047754;2.32E+11;;Interval;EndOfRecord
RD;CD;4/26/2024;2:54:04 AM;Default;CDC401;SN 231662582599;Edited;Sample ID (28769);41.7;mS/cm;26.7;°C;43.1;mS/cm;;;NaCl/Non-Linear;Reference Temperature = 25 °C;;;;;;;;;;;OK;4/19/2024;3:08:41 PM;Default;K;0.366;;cm⁻¹;;;;1;30000;µS/cm;28.4;mS/cm;22.2;;;;;;;;;;;;;;;;;;;;;;;;;;;;;;;°C;;;;;1714100044;1713539321;2.32E+11;;Interval;EndOfRecord
RD;pH;4/26/2024;2:53:04 AM;Default;PHC301;SN 240462571090;Edited;Sample ID (28768);2.997;pH;26.6;°C;247.5;mV;;;;;;;;;;;;;;;OK;4/25/2024;12:22:34 PM;Default;Slope;-57.99;98;mV/pH;14.1;mV;0.9998;3;4;pH;187.6;mV;22.2;7.01;pH;11;mV;22;10.04;pH;-159.2;mV;22.5;;;;;;;;;;;;;;;;;;;;;°C;;;;;1714099984;1714047754;2.32E+11;;Interval;EndOfRecord
RD;CD;4/26/2024;2:53:04 AM;Default;CDC401;SN 231662582599;Edited;Sample ID (28768);41.7;mS/cm;26.7;°C;43;mS/cm;;;NaCl/Non-Linear;Reference Temperature = 25 °C;;;;;;;;;;;OK;4/19/2024;3:08:41 PM;Default;K;0.366;;cm⁻¹;;;;1;30000;µS/cm;28.4;mS/cm;22.2;;;;;;;;;;;;;;;;;;;;;;;;;;;;;;;°C;;;;;1714099984;1713539321;2.32E+11;;Interval;EndOfRecord
RD;pH;4/26/2024;2:52:04 AM;Default;PHC301;SN 240462571090;Edited;Sample ID (28767);2.997;pH;26.6;°C;247.5;mV;;;;;;;;;;;;;;;OK;4/25/2024;12:22:34 PM;Default;Slope;-57.99;98;mV/pH;14.1;mV;0.9998;3;4;pH;187.6;mV;22.2;7.01;pH;11;mV;22;10.04;pH;-159.2;mV;22.5;;;;;;;;;;;;;;;;;;;;;°C;;;;;1714099924;1714047754;2.32E+11;;Interval;EndOfRecord
RD;CD;4/26/2024;2:52:04 AM;Default;CDC401;SN 231662582599;Edited;Sample ID (28767);41.6;mS/cm;26.7;°C;43;mS/cm;;;NaCl/Non-Linear;Reference Temperature = 25 °C;;;;;;;;;;;OK;4/19/2024;3:08:41 PM;Default;K;0.366;;cm⁻¹;;;;1;30000;µS/cm;28.4;mS/cm;22.2;;;;;;;;;;;;;;;;;;;;;;;;;;;;;;;°C;;;;;1714099924;1713539321;2.32E+11;;Interval;EndOfRecord
RD;pH;4/26/2024;2:51:03 AM;Default;PHC301;SN 240462571090;Edited;Sample ID (28766);2.995;pH;26.5;°C;247.5;mV;;;;;;;;;;;;;;;OK;4/25/2024;12:22:34 PM;Default;Slope;-57.99;98;mV/pH;14.1;mV;0.9998;3;4;pH;187.6;mV;22.2;7.01;pH;11;mV;22;10.04;pH;-159.2;mV;22.5;;;;;;;;;;;;;;;;;;;;;°C;;;;;1714099863;1714047754;2.32E+11;;Interval;EndOfRecord
RD;CD;4/26/2024;2:51:03 AM;Default;CDC401;SN 231662582599;Edited;Sample ID (28766);41.7;mS/cm;26.6;°C;43;mS/cm;;;NaCl/Non-Linear;Reference Temperature = 25 °C;;;;;;;;;;;OK;4/19/2024;3:08:41 PM;Default;K;0.366;;cm⁻¹;;;;1;30000;µS/cm;28.4;mS/cm;22.2;;;;;;;;;;;;;;;;;;;;;;;;;;;;;;;°C;;;;;1714099863;1713539321;2.32E+11;;Interval;EndOfRecord
RD;pH;4/26/2024;2:50:05 AM;Default;PHC301;SN 240462571090;Edited;Sample ID (28765);2.995;pH;26.5;°C;247.5;mV;;;;;;;;;;;;;;;OK;4/25/2024;12:22:34 PM;Default;Slope;-57.99;98;mV/pH;14.1;mV;0.9998;3;4;pH;187.6;mV;22.2;7.01;pH;11;mV;22;10.04;pH;-159.2;mV;22.5;;;;;;;;;;;;;;;;;;;;;°C;;;;;1714099805;1714047754;2.32E+11;;Interval;EndOfRecord
RD;CD;4/26/2024;2:50:05 AM;Default;CDC401;SN 231662582599;Edited;Sample ID (28765);41.6;mS/cm;26.6;°C;43;mS/cm;;;NaCl/Non-Linear;Reference Temperature = 25 °C;;;;;;;;;;;OK;4/19/2024;3:08:41 PM;Default;K;0.366;;cm⁻¹;;;;1;30000;µS/cm;28.4;mS/cm;22.2;;;;;;;;;;;;;;;;;;;;;;;;;;;;;;;°C;;;;;1714099805;1713539321;2.32E+11;;Interval;EndOfRecord
RD;pH;4/26/2024;2:49:03 AM;Default;PHC301;SN 240462571090;Edited;Sample ID (28764);2.995;pH;26.5;°C;247.5;mV;;;;;;;;;;;;;;;OK;4/25/2024;12:22:34 PM;Default;Slope;-57.99;98;mV/pH;14.1;mV;0.9998;3;4;pH;187.6;mV;22.2;7.01;pH;11;mV;22;10.04;pH;-159.2;mV;22.5;;;;;;;;;;;;;;;;;;;;;°C;;;;;1714099743;1714047754;2.32E+11;;Interval;EndOfRecord
RD;CD;4/26/2024;2:49:03 AM;Default;CDC401;SN 231662582599;Edited;Sample ID (28764);41.7;mS/cm;26.6;°C;43;mS/cm;;;NaCl/Non-Linear;Reference Temperature = 25 °C;;;;;;;;;;;OK;4/19/2024;3:08:41 PM;Default;K;0.366;;cm⁻¹;;;;1;30000;µS/cm;28.4;mS/cm;22.2;;;;;;;;;;;;;;;;;;;;;;;;;;;;;;;°C;;;;;1714099743;1713539321;2.32E+11;;Interval;EndOfRecord
RD;pH;4/26/2024;2:48:04 AM;Default;PHC301;SN 240462571090;Edited;Sample ID (28763);2.995;pH;26.5;°C;247.5;mV;;;;;;;;;;;;;;;OK;4/25/2024;12:22:34 PM;Default;Slope;-57.99;98;mV/pH;14.1;mV;0.9998;3;4;pH;187.6;mV;22.2;7.01;pH;11;mV;22;10.04;pH;-159.2;mV;22.5;;;;;;;;;;;;;;;;;;;;;°C;;;;;1714099684;1714047754;2.32E+11;;Interval;EndOfRecord
RD;CD;4/26/2024;2:48:04 AM;Default;CDC401;SN 231662582599;Edited;Sample ID (28763);41.6;mS/cm;26.6;°C;42.9;mS/cm;;;NaCl/Non-Linear;Reference Temperature = 25 °C;;;;;;;;;;;OK;4/19/2024;3:08:41 PM;Default;K;0.366;;cm⁻¹;;;;1;30000;µS/cm;28.4;mS/cm;22.2;;;;;;;;;;;;;;;;;;;;;;;;;;;;;;;°C;;;;;1714099684;1713539321;2.32E+11;;Interval;EndOfRecord
RD;pH;4/26/2024;2:47:03 AM;Default;PHC301;SN 240462571090;Edited;Sample ID (28762);2.995;pH;26.5;°C;247.5;mV;;;;;;;;;;;;;;;OK;4/25/2024;12:22:34 PM;Default;Slope;-57.99;98;mV/pH;14.1;mV;0.9998;3;4;pH;187.6;mV;22.2;7.01;pH;11;mV;22;10.04;pH;-159.2;mV;22.5;;;;;;;;;;;;;;;;;;;;;°C;;;;;1714099623;1714047754;2.32E+11;;Interval;EndOfRecord
RD;CD;4/26/2024;2:47:03 AM;Default;CDC401;SN 231662582599;Edited;Sample ID (28762);41.7;mS/cm;26.6;°C;43;mS/cm;;;NaCl/Non-Linear;Reference Temperature = 25 °C;;;;;;;;;;;OK;4/19/2024;3:08:41 PM;Default;K;0.366;;cm⁻¹;;;;1;30000;µS/cm;28.4;mS/cm;22.2;;;;;;;;;;;;;;;;;;;;;;;;;;;;;;;°C;;;;;1714099623;1713539321;2.32E+11;;Interval;EndOfRecord
RD;pH;4/26/2024;2:46:03 AM;Default;PHC301;SN 240462571090;Edited;Sample ID (28761);2.995;pH;26.5;°C;247.5;mV;;;;;;;;;;;;;;;OK;4/25/2024;12:22:34 PM;Default;Slope;-57.99;98;mV/pH;14.1;mV;0.9998;3;4;pH;187.6;mV;22.2;7.01;pH;11;mV;22;10.04;pH;-159.2;mV;22.5;;;;;;;;;;;;;;;;;;;;;°C;;;;;1714099563;1714047754;2.32E+11;;Interval;EndOfRecord
RD;CD;4/26/2024;2:46:03 AM;Default;CDC401;SN 231662582599;Edited;Sample ID (28761);41.7;mS/cm;26.6;°C;43;mS/cm;;;NaCl/Non-Linear;Reference Temperature = 25 °C;;;;;;;;;;;OK;4/19/2024;3:08:41 PM;Default;K;0.366;;cm⁻¹;;;;1;30000;µS/cm;28.4;mS/cm;22.2;;;;;;;;;;;;;;;;;;;;;;;;;;;;;;;°C;;;;;1714099563;1713539321;2.32E+11;;Interval;EndOfRecord
RD;pH;4/26/2024;2:45:03 AM;Default;PHC301;SN 240462571090;Edited;Sample ID (28760);2.995;pH;26.5;°C;247.5;mV;;;;;;;;;;;;;;;OK;4/25/2024;12:22:34 PM;Default;Slope;-57.99;98;mV/pH;14.1;mV;0.9998;3;4;pH;187.6;mV;22.2;7.01;pH;11;mV;22;10.04;pH;-159.2;mV;22.5;;;;;;;;;;;;;;;;;;;;;°C;;;;;1714099503;1714047754;2.32E+11;;Interval;EndOfRecord
RD;CD;4/26/2024;2:45:03 AM;Default;CDC401;SN 231662582599;Edited;Sample ID (28760);41.7;mS/cm;26.6;°C;43;mS/cm;;;NaCl/Non-Linear;Reference Temperature = 25 °C;;;;;;;;;;;OK;4/19/2024;3:08:41 PM;Default;K;0.366;;cm⁻¹;;;;1;30000;µS/cm;28.4;mS/cm;22.2;;;;;;;;;;;;;;;;;;;;;;;;;;;;;;;°C;;;;;1714099503;1713539321;2.32E+11;;Interval;EndOfRecord
RD;pH;4/26/2024;2:44:04 AM;Default;PHC301;SN 240462571090;Edited;Sample ID (28759);2.995;pH;26.5;°C;247.4;mV;;;;;;;;;;;;;;;OK;4/25/2024;12:22:34 PM;Default;Slope;-57.99;98;mV/pH;14.1;mV;0.9998;3;4;pH;187.6;mV;22.2;7.01;pH;11;mV;22;10.04;pH;-159.2;mV;22.5;;;;;;;;;;;;;;;;;;;;;°C;;;;;1714099444;1714047754;2.32E+11;;Interval;EndOfRecord
RD;CD;4/26/2024;2:44:04 AM;Default;CDC401;SN 231662582599;Edited;Sample ID (28759);41.7;mS/cm;26.5;°C;43;mS/cm;;;NaCl/Non-Linear;Reference Temperature = 25 °C;;;;;;;;;;;OK;4/19/2024;3:08:41 PM;Default;K;0.366;;cm⁻¹;;;;1;30000;µS/cm;28.4;mS/cm;22.2;;;;;;;;;;;;;;;;;;;;;;;;;;;;;;;°C;;;;;1714099444;1713539321;2.32E+11;;Interval;EndOfRecord
RD;pH;4/26/2024;2:43:04 AM;Default;PHC301;SN 240462571090;Edited;Sample ID (28758);2.995;pH;26.4;°C;247.4;mV;;;;;;;;;;;;;;;OK;4/25/2024;12:22:34 PM;Default;Slope;-57.99;98;mV/pH;14.1;mV;0.9998;3;4;pH;187.6;mV;22.2;7.01;pH;11;mV;22;10.04;pH;-159.2;mV;22.5;;;;;;;;;;;;;;;;;;;;;°C;;;;;1714099384;1714047754;2.32E+11;;Interval;EndOfRecord
RD;CD;4/26/2024;2:43:04 AM;Default;CDC401;SN 231662582599;Edited;Sample ID (28758);41.6;mS/cm;26.5;°C;42.9;mS/cm;;;NaCl/Non-Linear;Reference Temperature = 25 °C;;;;;;;;;;;OK;4/19/2024;3:08:41 PM;Default;K;0.366;;cm⁻¹;;;;1;30000;µS/cm;28.4;mS/cm;22.2;;;;;;;;;;;;;;;;;;;;;;;;;;;;;;;°C;;;;;1714099384;1713539321;2.32E+11;;Interval;EndOfRecord
RD;pH;4/26/2024;2:42:04 AM;Default;PHC301;SN 240462571090;Edited;Sample ID (28757);2.995;pH;26.4;°C;247.4;mV;;;;;;;;;;;;;;;OK;4/25/2024;12:22:34 PM;Default;Slope;-57.99;98;mV/pH;14.1;mV;0.9998;3;4;pH;187.6;mV;22.2;7.01;pH;11;mV;22;10.04;pH;-159.2;mV;22.5;;;;;;;;;;;;;;;;;;;;;°C;;;;;1714099324;1714047754;2.32E+11;;Interval;EndOfRecord
RD;CD;4/26/2024;2:42:04 AM;Default;CDC401;SN 231662582599;Edited;Sample ID (28757);41.7;mS/cm;26.5;°C;42.9;mS/cm;;;NaCl/Non-Linear;Reference Temperature = 25 °C;;;;;;;;;;;OK;4/19/2024;3:08:41 PM;Default;K;0.366;;cm⁻¹;;;;1;30000;µS/cm;28.4;mS/cm;22.2;;;;;;;;;;;;;;;;;;;;;;;;;;;;;;;°C;;;;;1714099324;1713539321;2.32E+11;;Interval;EndOfRecord
RD;pH;4/26/2024;2:41:04 AM;Default;PHC301;SN 240462571090;Edited;Sample ID (28756);2.995;pH;26.4;°C;247.4;mV;;;;;;;;;;;;;;;OK;4/25/2024;12:22:34 PM;Default;Slope;-57.99;98;mV/pH;14.1;mV;0.9998;3;4;pH;187.6;mV;22.2;7.01;pH;11;mV;22;10.04;pH;-159.2;mV;22.5;;;;;;;;;;;;;;;;;;;;;°C;;;;;1714099264;1714047754;2.32E+11;;Interval;EndOfRecord
RD;CD;4/26/2024;2:41:04 AM;Default;CDC401;SN 231662582599;Edited;Sample ID (28756);41.6;mS/cm;26.5;°C;42.9;mS/cm;;;NaCl/Non-Linear;Reference Temperature = 25 °C;;;;;;;;;;;OK;4/19/2024;3:08:41 PM;Default;K;0.366;;cm⁻¹;;;;1;30000;µS/cm;28.4;mS/cm;22.2;;;;;;;;;;;;;;;;;;;;;;;;;;;;;;;°C;;;;;1714099264;1713539321;2.32E+11;;Interval;EndOfRecord
RD;pH;4/26/2024;2:40:04 AM;Default;PHC301;SN 240462571090;Edited;Sample ID (28755);2.995;pH;26.4;°C;247.4;mV;;;;;;;;;;;;;;;OK;4/25/2024;12:22:34 PM;Default;Slope;-57.99;98;mV/pH;14.1;mV;0.9998;3;4;pH;187.6;mV;22.2;7.01;pH;11;mV;22;10.04;pH;-159.2;mV;22.5;;;;;;;;;;;;;;;;;;;;;°C;;;;;1714099204;1714047754;2.32E+11;;Interval;EndOfRecord
RD;CD;4/26/2024;2:40:04 AM;Default;CDC401;SN 231662582599;Edited;Sample ID (28755);41.6;mS/cm;26.5;°C;42.9;mS/cm;;;NaCl/Non-Linear;Reference Temperature = 25 °C;;;;;;;;;;;OK;4/19/2024;3:08:41 PM;Default;K;0.366;;cm⁻¹;;;;1;30000;µS/cm;28.4;mS/cm;22.2;;;;;;;;;;;;;;;;;;;;;;;;;;;;;;;°C;;;;;1714099204;1713539321;2.32E+11;;Interval;EndOfRecord
RD;pH;4/26/2024;2:39:04 AM;Default;PHC301;SN 240462571090;Edited;Sample ID (28754);2.995;pH;26.4;°C;247.4;mV;;;;;;;;;;;;;;;OK;4/25/2024;12:22:34 PM;Default;Slope;-57.99;98;mV/pH;14.1;mV;0.9998;3;4;pH;187.6;mV;22.2;7.01;pH;11;mV;22;10.04;pH;-159.2;mV;22.5;;;;;;;;;;;;;;;;;;;;;°C;;;;;1714099144;1714047754;2.32E+11;;Interval;EndOfRecord
RD;CD;4/26/2024;2:39:04 AM;Default;CDC401;SN 231662582599;Edited;Sample ID (28754);41.7;mS/cm;26.5;°C;42.9;mS/cm;;;NaCl/Non-Linear;Reference Temperature = 25 °C;;;;;;;;;;;OK;4/19/2024;3:08:41 PM;Default;K;0.366;;cm⁻¹;;;;1;30000;µS/cm;28.4;mS/cm;22.2;;;;;;;;;;;;;;;;;;;;;;;;;;;;;;;°C;;;;;1714099144;1713539321;2.32E+11;;Interval;EndOfRecord
RD;pH;4/26/2024;2:38:03 AM;Default;PHC301;SN 240462571090;Edited;Sample ID (28753);2.996;pH;26.4;°C;247.4;mV;;;;;;;;;;;;;;;OK;4/25/2024;12:22:34 PM;Default;Slope;-57.99;98;mV/pH;14.1;mV;0.9998;3;4;pH;187.6;mV;22.2;7.01;pH;11;mV;22;10.04;pH;-159.2;mV;22.5;;;;;;;;;;;;;;;;;;;;;°C;;;;;1714099083;1714047754;2.32E+11;;Interval;EndOfRecord
RD;CD;4/26/2024;2:38:03 AM;Default;CDC401;SN 231662582599;Edited;Sample ID (28753);41.7;mS/cm;26.4;°C;42.9;mS/cm;;;NaCl/Non-Linear;Reference Temperature = 25 °C;;;;;;;;;;;OK;4/19/2024;3:08:41 PM;Default;K;0.366;;cm⁻¹;;;;1;30000;µS/cm;28.4;mS/cm;22.2;;;;;;;;;;;;;;;;;;;;;;;;;;;;;;;°C;;;;;1714099083;1713539321;2.32E+11;;Interval;EndOfRecord
RD;pH;4/26/2024;2:37:04 AM;Default;PHC301;SN 240462571090;Edited;Sample ID (28752);2.996;pH;26.4;°C;247.3;mV;;;;;;;;;;;;;;;OK;4/25/2024;12:22:34 PM;Default;Slope;-57.99;98;mV/pH;14.1;mV;0.9998;3;4;pH;187.6;mV;22.2;7.01;pH;11;mV;22;10.04;pH;-159.2;mV;22.5;;;;;;;;;;;;;;;;;;;;;°C;;;;;1714099024;1714047754;2.32E+11;;Interval;EndOfRecord
RD;CD;4/26/2024;2:37:04 AM;Default;CDC401;SN 231662582599;Edited;Sample ID (28752);41.6;mS/cm;26.4;°C;42.8;mS/cm;;;NaCl/Non-Linear;Reference Temperature = 25 °C;;;;;;;;;;;OK;4/19/2024;3:08:41 PM;Default;K;0.366;;cm⁻¹;;;;1;30000;µS/cm;28.4;mS/cm;22.2;;;;;;;;;;;;;;;;;;;;;;;;;;;;;;;°C;;;;;1714099024;1713539321;2.32E+11;;Interval;EndOfRecord
RD;pH;4/26/2024;2:36:04 AM;Default;PHC301;SN 240462571090;Edited;Sample ID (28751);2.997;pH;26.3;°C;247.3;mV;;;;;;;;;;;;;;;OK;4/25/2024;12:22:34 PM;Default;Slope;-57.99;98;mV/pH;14.1;mV;0.9998;3;4;pH;187.6;mV;22.2;7.01;pH;11;mV;22;10.04;pH;-159.2;mV;22.5;;;;;;;;;;;;;;;;;;;;;°C;;;;;1714098964;1714047754;2.32E+11;;Interval;EndOfRecord
RD;CD;4/26/2024;2:36:04 AM;Default;CDC401;SN 231662582599;Edited;Sample ID (28751);41.6;mS/cm;26.4;°C;42.8;mS/cm;;;NaCl/Non-Linear;Reference Temperature = 25 °C;;;;;;;;;;;OK;4/19/2024;3:08:41 PM;Default;K;0.366;;cm⁻¹;;;;1;30000;µS/cm;28.4;mS/cm;22.2;;;;;;;;;;;;;;;;;;;;;;;;;;;;;;;°C;;;;;1714098964;1713539321;2.32E+11;;Interval;EndOfRecord
RD;pH;4/26/2024;2:35:04 AM;Default;PHC301;SN 240462571090;Edited;Sample ID (28750);2.997;pH;26.3;°C;247.3;mV;;;;;;;;;;;;;;;OK;4/25/2024;12:22:34 PM;Default;Slope;-57.99;98;mV/pH;14.1;mV;0.9998;3;4;pH;187.6;mV;22.2;7.01;pH;11;mV;22;10.04;pH;-159.2;mV;22.5;;;;;;;;;;;;;;;;;;;;;°C;;;;;1714098904;1714047754;2.32E+11;;Interval;EndOfRecord
RD;CD;4/26/2024;2:35:04 AM;Default;CDC401;SN 231662582599;Edited;Sample ID (28750);41.6;mS/cm;26.4;°C;42.8;mS/cm;;;NaCl/Non-Linear;Reference Temperature = 25 °C;;;;;;;;;;;OK;4/19/2024;3:08:41 PM;Default;K;0.366;;cm⁻¹;;;;1;30000;µS/cm;28.4;mS/cm;22.2;;;;;;;;;;;;;;;;;;;;;;;;;;;;;;;°C;;;;;1714098904;1713539321;2.32E+11;;Interval;EndOfRecord
RD;pH;4/26/2024;2:34:03 AM;Default;PHC301;SN 240462571090;Edited;Sample ID (28749);2.997;pH;26.3;°C;247.3;mV;;;;;;;;;;;;;;;OK;4/25/2024;12:22:34 PM;Default;Slope;-57.99;98;mV/pH;14.1;mV;0.9998;3;4;pH;187.6;mV;22.2;7.01;pH;11;mV;22;10.04;pH;-159.2;mV;22.5;;;;;;;;;;;;;;;;;;;;;°C;;;;;1714098843;1714047754;2.32E+11;;Interval;EndOfRecord
RD;CD;4/26/2024;2:34:03 AM;Default;CDC401;SN 231662582599;Edited;Sample ID (28749);41.7;mS/cm;26.4;°C;42.8;mS/cm;;;NaCl/Non-Linear;Reference Temperature = 25 °C;;;;;;;;;;;OK;4/19/2024;3:08:41 PM;Default;K;0.366;;cm⁻¹;;;;1;30000;µS/cm;28.4;mS/cm;22.2;;;;;;;;;;;;;;;;;;;;;;;;;;;;;;;°C;;;;;1714098843;1713539321;2.32E+11;;Interval;EndOfRecord
RD;pH;4/26/2024;2:33:04 AM;Default;PHC301;SN 240462571090;Edited;Sample ID (28748);2.997;pH;26.3;°C;247.3;mV;;;;;;;;;;;;;;;OK;4/25/2024;12:22:34 PM;Default;Slope;-57.99;98;mV/pH;14.1;mV;0.9998;3;4;pH;187.6;mV;22.2;7.01;pH;11;mV;22;10.04;pH;-159.2;mV;22.5;;;;;;;;;;;;;;;;;;;;;°C;;;;;1714098784;1714047754;2.32E+11;;Interval;EndOfRecord
RD;CD;4/26/2024;2:33:04 AM;Default;CDC401;SN 231662582599;Edited;Sample ID (28748);41.7;mS/cm;26.4;°C;42.8;mS/cm;;;NaCl/Non-Linear;Reference Temperature = 25 °C;;;;;;;;;;;OK;4/19/2024;3:08:41 PM;Default;K;0.366;;cm⁻¹;;;;1;30000;µS/cm;28.4;mS/cm;22.2;;;;;;;;;;;;;;;;;;;;;;;;;;;;;;;°C;;;;;1714098784;1713539321;2.32E+11;;Interval;EndOfRecord
RD;pH;4/26/2024;2:32:03 AM;Default;PHC301;SN 240462571090;Edited;Sample ID (28747);2.997;pH;26.3;°C;247.3;mV;;;;;;;;;;;;;;;OK;4/25/2024;12:22:34 PM;Default;Slope;-57.99;98;mV/pH;14.1;mV;0.9998;3;4;pH;187.6;mV;22.2;7.01;pH;11;mV;22;10.04;pH;-159.2;mV;22.5;;;;;;;;;;;;;;;;;;;;;°C;;;;;1714098723;1714047754;2.32E+11;;Interval;EndOfRecord
RD;CD;4/26/2024;2:32:03 AM;Default;CDC401;SN 231662582599;Edited;Sample ID (28747);41.7;mS/cm;26.4;°C;42.8;mS/cm;;;NaCl/Non-Linear;Reference Temperature = 25 °C;;;;;;;;;;;OK;4/19/2024;3:08:41 PM;Default;K;0.366;;cm⁻¹;;;;1;30000;µS/cm;28.4;mS/cm;22.2;;;;;;;;;;;;;;;;;;;;;;;;;;;;;;;°C;;;;;1714098723;1713539321;2.32E+11;;Interval;EndOfRecord
RD;pH;4/26/2024;2:31:03 AM;Default;PHC301;SN 240462571090;Edited;Sample ID (28746);2.997;pH;26.3;°C;247.2;mV;;;;;;;;;;;;;;;OK;4/25/2024;12:22:34 PM;Default;Slope;-57.99;98;mV/pH;14.1;mV;0.9998;3;4;pH;187.6;mV;22.2;7.01;pH;11;mV;22;10.04;pH;-159.2;mV;22.5;;;;;;;;;;;;;;;;;;;;;°C;;;;;1714098663;1714047754;2.32E+11;;Interval;EndOfRecord
RD;CD;4/26/2024;2:31:03 AM;Default;CDC401;SN 231662582599;Edited;Sample ID (28746);41.7;mS/cm;26.3;°C;42.8;mS/cm;;;NaCl/Non-Linear;Reference Temperature = 25 °C;;;;;;;;;;;OK;4/19/2024;3:08:41 PM;Default;K;0.366;;cm⁻¹;;;;1;30000;µS/cm;28.4;mS/cm;22.2;;;;;;;;;;;;;;;;;;;;;;;;;;;;;;;°C;;;;;1714098663;1713539321;2.32E+11;;Interval;EndOfRecord
RD;pH;4/26/2024;2:30:04 AM;Default;PHC301;SN 240462571090;Edited;Sample ID (28745);2.997;pH;26.3;°C;247.2;mV;;;;;;;;;;;;;;;OK;4/25/2024;12:22:34 PM;Default;Slope;-57.99;98;mV/pH;14.1;mV;0.9998;3;4;pH;187.6;mV;22.2;7.01;pH;11;mV;22;10.04;pH;-159.2;mV;22.5;;;;;;;;;;;;;;;;;;;;;°C;;;;;1714098604;1714047754;2.32E+11;;Interval;EndOfRecord
RD;CD;4/26/2024;2:30:04 AM;Default;CDC401;SN 231662582599;Edited;Sample ID (28745);41.6;mS/cm;26.3;°C;42.7;mS/cm;;;NaCl/Non-Linear;Reference Temperature = 25 °C;;;;;;;;;;;OK;4/19/2024;3:08:41 PM;Default;K;0.366;;cm⁻¹;;;;1;30000;µS/cm;28.4;mS/cm;22.2;;;;;;;;;;;;;;;;;;;;;;;;;;;;;;;°C;;;;;1714098604;1713539321;2.32E+11;;Interval;EndOfRecord
RD;pH;4/26/2024;2:29:04 AM;Default;PHC301;SN 240462571090;Edited;Sample ID (28744);2.997;pH;26.1;°C;247.2;mV;;;;;;;;;;;;;;;OK;4/25/2024;12:22:34 PM;Default;Slope;-57.99;98;mV/pH;14.1;mV;0.9998;3;4;pH;187.6;mV;22.2;7.01;pH;11;mV;22;10.04;pH;-159.2;mV;22.5;;;;;;;;;;;;;;;;;;;;;°C;;;;;1714098544;1714047754;2.32E+11;;Interval;EndOfRecord
RD;CD;4/26/2024;2:29:04 AM;Default;CDC401;SN 231662582599;Edited;Sample ID (28744);41.7;mS/cm;26.3;°C;42.7;mS/cm;;;NaCl/Non-Linear;Reference Temperature = 25 °C;;;;;;;;;;;OK;4/19/2024;3:08:41 PM;Default;K;0.366;;cm⁻¹;;;;1;30000;µS/cm;28.4;mS/cm;22.2;;;;;;;;;;;;;;;;;;;;;;;;;;;;;;;°C;;;;;1714098544;1713539321;2.32E+11;;Interval;EndOfRecord
RD;pH;4/26/2024;2:28:04 AM;Default;PHC301;SN 240462571090;Edited;Sample ID (28743);2.997;pH;26.1;°C;247.2;mV;;;;;;;;;;;;;;;OK;4/25/2024;12:22:34 PM;Default;Slope;-57.99;98;mV/pH;14.1;mV;0.9998;3;4;pH;187.6;mV;22.2;7.01;pH;11;mV;22;10.04;pH;-159.2;mV;22.5;;;;;;;;;;;;;;;;;;;;;°C;;;;;1714098484;1714047754;2.32E+11;;Interval;EndOfRecord
RD;CD;4/26/2024;2:28:04 AM;Default;CDC401;SN 231662582599;Edited;Sample ID (28743);41.6;mS/cm;26.3;°C;42.7;mS/cm;;;NaCl/Non-Linear;Reference Temperature = 25 °C;;;;;;;;;;;OK;4/19/2024;3:08:41 PM;Default;K;0.366;;cm⁻¹;;;;1;30000;µS/cm;28.4;mS/cm;22.2;;;;;;;;;;;;;;;;;;;;;;;;;;;;;;;°C;;;;;1714098484;1713539321;2.32E+11;;Interval;EndOfRecord
RD;pH;4/26/2024;2:27:05 AM;Default;PHC301;SN 240462571090;Edited;Sample ID (28742);2.997;pH;26.1;°C;247.2;mV;;;;;;;;;;;;;;;OK;4/25/2024;12:22:34 PM;Default;Slope;-57.99;98;mV/pH;14.1;mV;0.9998;3;4;pH;187.6;mV;22.2;7.01;pH;11;mV;22;10.04;pH;-159.2;mV;22.5;;;;;;;;;;;;;;;;;;;;;°C;;;;;1714098425;1714047754;2.32E+11;;Interval;EndOfRecord
RD;CD;4/26/2024;2:27:05 AM;Default;CDC401;SN 231662582599;Edited;Sample ID (28742);41.6;mS/cm;26.3;°C;42.7;mS/cm;;;NaCl/Non-Linear;Reference Temperature = 25 °C;;;;;;;;;;;OK;4/19/2024;3:08:41 PM;Default;K;0.366;;cm⁻¹;;;;1;30000;µS/cm;28.4;mS/cm;22.2;;;;;;;;;;;;;;;;;;;;;;;;;;;;;;;°C;;;;;1714098425;1713539321;2.32E+11;;Interval;EndOfRecord
RD;pH;4/26/2024;2:26:03 AM;Default;PHC301;SN 240462571090;Edited;Sample ID (28741);2.999;pH;26.1;°C;247;mV;;;;;;;;;;;;;;;OK;4/25/2024;12:22:34 PM;Default;Slope;-57.99;98;mV/pH;14.1;mV;0.9998;3;4;pH;187.6;mV;22.2;7.01;pH;11;mV;22;10.04;pH;-159.2;mV;22.5;;;;;;;;;;;;;;;;;;;;;°C;;;;;1714098363;1714047754;2.32E+11;;Interval;EndOfRecord
RD;CD;4/26/2024;2:26:03 AM;Default;CDC401;SN 231662582599;Edited;Sample ID (28741);41.7;mS/cm;26.3;°C;42.7;mS/cm;;;NaCl/Non-Linear;Reference Temperature = 25 °C;;;;;;;;;;;OK;4/19/2024;3:08:41 PM;Default;K;0.366;;cm⁻¹;;;;1;30000;µS/cm;28.4;mS/cm;22.2;;;;;;;;;;;;;;;;;;;;;;;;;;;;;;;°C;;;;;1714098363;1713539321;2.32E+11;;Interval;EndOfRecord
RD;pH;4/26/2024;2:25:03 AM;Default;PHC301;SN 240462571090;Edited;Sample ID (28740);2.999;pH;26.1;°C;247;mV;;;;;;;;;;;;;;;OK;4/25/2024;12:22:34 PM;Default;Slope;-57.99;98;mV/pH;14.1;mV;0.9998;3;4;pH;187.6;mV;22.2;7.01;pH;11;mV;22;10.04;pH;-159.2;mV;22.5;;;;;;;;;;;;;;;;;;;;;°C;;;;;1714098303;1714047754;2.32E+11;;Interval;EndOfRecord
RD;CD;4/26/2024;2:25:03 AM;Default;CDC401;SN 231662582599;Edited;Sample ID (28740);41.7;mS/cm;26.2;°C;42.7;mS/cm;;;NaCl/Non-Linear;Reference Temperature = 25 °C;;;;;;;;;;;OK;4/19/2024;3:08:41 PM;Default;K;0.366;;cm⁻¹;;;;1;30000;µS/cm;28.4;mS/cm;22.2;;;;;;;;;;;;;;;;;;;;;;;;;;;;;;;°C;;;;;1714098303;1713539321;2.32E+11;;Interval;EndOfRecord
RD;pH;4/26/2024;2:24:03 AM;Default;PHC301;SN 240462571090;Edited;Sample ID (28739);2.999;pH;26.1;°C;247;mV;;;;;;;;;;;;;;;OK;4/25/2024;12:22:34 PM;Default;Slope;-57.99;98;mV/pH;14.1;mV;0.9998;3;4;pH;187.6;mV;22.2;7.01;pH;11;mV;22;10.04;pH;-159.2;mV;22.5;;;;;;;;;;;;;;;;;;;;;°C;;;;;1714098243;1714047754;2.32E+11;;Interval;EndOfRecord
RD;CD;4/26/2024;2:24:03 AM;Default;CDC401;SN 231662582599;Edited;Sample ID (28739);41.7;mS/cm;26.2;°C;42.7;mS/cm;;;NaCl/Non-Linear;Reference Temperature = 25 °C;;;;;;;;;;;OK;4/19/2024;3:08:41 PM;Default;K;0.366;;cm⁻¹;;;;1;30000;µS/cm;28.4;mS/cm;22.2;;;;;;;;;;;;;;;;;;;;;;;;;;;;;;;°C;;;;;1714098243;1713539321;2.32E+11;;Interval;EndOfRecord
RD;pH;4/26/2024;2:23:04 AM;Default;PHC301;SN 240462571090;Edited;Sample ID (28738);2.999;pH;26;°C;247;mV;;;;;;;;;;;;;;;OK;4/25/2024;12:22:34 PM;Default;Slope;-57.99;98;mV/pH;14.1;mV;0.9998;3;4;pH;187.6;mV;22.2;7.01;pH;11;mV;22;10.04;pH;-159.2;mV;22.5;;;;;;;;;;;;;;;;;;;;;°C;;;;;1714098184;1714047754;2.32E+11;;Interval;EndOfRecord
RD;CD;4/26/2024;2:23:04 AM;Default;CDC401;SN 231662582599;Edited;Sample ID (28738);41.6;mS/cm;26.2;°C;42.6;mS/cm;;;NaCl/Non-Linear;Reference Temperature = 25 °C;;;;;;;;;;;OK;4/19/2024;3:08:41 PM;Default;K;0.366;;cm⁻¹;;;;1;30000;µS/cm;28.4;mS/cm;22.2;;;;;;;;;;;;;;;;;;;;;;;;;;;;;;;°C;;;;;1714098184;1713539321;2.32E+11;;Interval;EndOfRecord
RD;pH;4/26/2024;2:22:04 AM;Default;PHC301;SN 240462571090;Edited;Sample ID (28737);2.999;pH;26;°C;247;mV;;;;;;;;;;;;;;;OK;4/25/2024;12:22:34 PM;Default;Slope;-57.99;98;mV/pH;14.1;mV;0.9998;3;4;pH;187.6;mV;22.2;7.01;pH;11;mV;22;10.04;pH;-159.2;mV;22.5;;;;;;;;;;;;;;;;;;;;;°C;;;;;1714098124;1714047754;2.32E+11;;Interval;EndOfRecord
RD;CD;4/26/2024;2:22:04 AM;Default;CDC401;SN 231662582599;Edited;Sample ID (28737);41.5;mS/cm;26.2;°C;42.5;mS/cm;;;NaCl/Non-Linear;Reference Temperature = 25 °C;;;;;;;;;;;OK;4/19/2024;3:08:41 PM;Default;K;0.366;;cm⁻¹;;;;1;30000;µS/cm;28.4;mS/cm;22.2;;;;;;;;;;;;;;;;;;;;;;;;;;;;;;;°C;;;;;1714098124;1713539321;2.32E+11;;Interval;EndOfRecord
RD;pH;4/26/2024;2:21:05 AM;Default;PHC301;SN 240462571090;Edited;Sample ID (28736);2.999;pH;26;°C;247;mV;;;;;;;;;;;;;;;OK;4/25/2024;12:22:34 PM;Default;Slope;-57.99;98;mV/pH;14.1;mV;0.9998;3;4;pH;187.6;mV;22.2;7.01;pH;11;mV;22;10.04;pH;-159.2;mV;22.5;;;;;;;;;;;;;;;;;;;;;°C;;;;;1714098065;1714047754;2.32E+11;;Interval;EndOfRecord
RD;CD;4/26/2024;2:21:05 AM;Default;CDC401;SN 231662582599;Edited;Sample ID (28736);41.6;mS/cm;26.2;°C;42.5;mS/cm;;;NaCl/Non-Linear;Reference Temperature = 25 °C;;;;;;;;;;;OK;4/19/2024;3:08:41 PM;Default;K;0.366;;cm⁻¹;;;;1;30000;µS/cm;28.4;mS/cm;22.2;;;;;;;;;;;;;;;;;;;;;;;;;;;;;;;°C;;;;;1714098065;1713539321;2.32E+11;;Interval;EndOfRecord
RD;pH;4/26/2024;2:20:04 AM;Default;PHC301;SN 240462571090;Edited;Sample ID (28735);2.999;pH;26;°C;247;mV;;;;;;;;;;;;;;;OK;4/25/2024;12:22:34 PM;Default;Slope;-57.99;98;mV/pH;14.1;mV;0.9998;3;4;pH;187.6;mV;22.2;7.01;pH;11;mV;22;10.04;pH;-159.2;mV;22.5;;;;;;;;;;;;;;;;;;;;;°C;;;;;1714098004;1714047754;2.32E+11;;Interval;EndOfRecord
RD;CD;4/26/2024;2:20:04 AM;Default;CDC401;SN 231662582599;Edited;Sample ID (28735);41.5;mS/cm;26.1;°C;42.5;mS/cm;;;NaCl/Non-Linear;Reference Temperature = 25 °C;;;;;;;;;;;OK;4/19/2024;3:08:41 PM;Default;K;0.366;;cm⁻¹;;;;1;30000;µS/cm;28.4;mS/cm;22.2;;;;;;;;;;;;;;;;;;;;;;;;;;;;;;;°C;;;;;1714098004;1713539321;2.32E+11;;Interval;EndOfRecord
RD;pH;4/26/2024;2:19:03 AM;Default;PHC301;SN 240462571090;Edited;Sample ID (28734);2.999;pH;26;°C;246.9;mV;;;;;;;;;;;;;;;OK;4/25/2024;12:22:34 PM;Default;Slope;-57.99;98;mV/pH;14.1;mV;0.9998;3;4;pH;187.6;mV;22.2;7.01;pH;11;mV;22;10.04;pH;-159.2;mV;22.5;;;;;;;;;;;;;;;;;;;;;°C;;;;;1714097943;1714047754;2.32E+11;;Interval;EndOfRecord
RD;CD;4/26/2024;2:19:03 AM;Default;CDC401;SN 231662582599;Edited;Sample ID (28734);41.6;mS/cm;26.1;°C;42.5;mS/cm;;;NaCl/Non-Linear;Reference Temperature = 25 °C;;;;;;;;;;;OK;4/19/2024;3:08:41 PM;Default;K;0.366;;cm⁻¹;;;;1;30000;µS/cm;28.4;mS/cm;22.2;;;;;;;;;;;;;;;;;;;;;;;;;;;;;;;°C;;;;;1714097943;1713539321;2.32E+11;;Interval;EndOfRecord
RD;pH;4/26/2024;2:18:03 AM;Default;PHC301;SN 240462571090;Edited;Sample ID (28733);2.999;pH;26;°C;246.9;mV;;;;;;;;;;;;;;;OK;4/25/2024;12:22:34 PM;Default;Slope;-57.99;98;mV/pH;14.1;mV;0.9998;3;4;pH;187.6;mV;22.2;7.01;pH;11;mV;22;10.04;pH;-159.2;mV;22.5;;;;;;;;;;;;;;;;;;;;;°C;;;;;1714097883;1714047754;2.32E+11;;Interval;EndOfRecord
RD;CD;4/26/2024;2:18:03 AM;Default;CDC401;SN 231662582599;Edited;Sample ID (28733);41.6;mS/cm;26.1;°C;42.5;mS/cm;;;NaCl/Non-Linear;Reference Temperature = 25 °C;;;;;;;;;;;OK;4/19/2024;3:08:41 PM;Default;K;0.366;;cm⁻¹;;;;1;30000;µS/cm;28.4;mS/cm;22.2;;;;;;;;;;;;;;;;;;;;;;;;;;;;;;;°C;;;;;1714097883;1713539321;2.32E+11;;Interval;EndOfRecord
RD;pH;4/26/2024;2:17:04 AM;Default;PHC301;SN 240462571090;Edited;Sample ID (28732);2.999;pH;25.9;°C;246.9;mV;;;;;;;;;;;;;;;OK;4/25/2024;12:22:34 PM;Default;Slope;-57.99;98;mV/pH;14.1;mV;0.9998;3;4;pH;187.6;mV;22.2;7.01;pH;11;mV;22;10.04;pH;-159.2;mV;22.5;;;;;;;;;;;;;;;;;;;;;°C;;;;;1714097824;1714047754;2.32E+11;;Interval;EndOfRecord
RD;CD;4/26/2024;2:17:04 AM;Default;CDC401;SN 231662582599;Edited;Sample ID (28732);41.5;mS/cm;26.1;°C;42.4;mS/cm;;;NaCl/Non-Linear;Reference Temperature = 25 °C;;;;;;;;;;;OK;4/19/2024;3:08:41 PM;Default;K;0.366;;cm⁻¹;;;;1;30000;µS/cm;28.4;mS/cm;22.2;;;;;;;;;;;;;;;;;;;;;;;;;;;;;;;°C;;;;;1714097824;1713539321;2.32E+11;;Interval;EndOfRecord
RD;pH;4/26/2024;2:16:04 AM;Default;PHC301;SN 240462571090;Edited;Sample ID (28731);2.999;pH;25.9;°C;246.9;mV;;;;;;;;;;;;;;;OK;4/25/2024;12:22:34 PM;Default;Slope;-57.99;98;mV/pH;14.1;mV;0.9998;3;4;pH;187.6;mV;22.2;7.01;pH;11;mV;22;10.04;pH;-159.2;mV;22.5;;;;;;;;;;;;;;;;;;;;;°C;;;;;1714097764;1714047754;2.32E+11;;Interval;EndOfRecord
RD;CD;4/26/2024;2:16:04 AM;Default;CDC401;SN 231662582599;Edited;Sample ID (28731);41.5;mS/cm;26.1;°C;42.4;mS/cm;;;NaCl/Non-Linear;Reference Temperature = 25 °C;;;;;;;;;;;OK;4/19/2024;3:08:41 PM;Default;K;0.366;;cm⁻¹;;;;1;30000;µS/cm;28.4;mS/cm;22.2;;;;;;;;;;;;;;;;;;;;;;;;;;;;;;;°C;;;;;1714097764;1713539321;2.32E+11;;Interval;EndOfRecord
RD;pH;4/26/2024;2:15:05 AM;Default;PHC301;SN 240462571090;Edited;Sample ID (28730);2.999;pH;25.9;°C;246.9;mV;;;;;;;;;;;;;;;OK;4/25/2024;12:22:34 PM;Default;Slope;-57.99;98;mV/pH;14.1;mV;0.9998;3;4;pH;187.6;mV;22.2;7.01;pH;11;mV;22;10.04;pH;-159.2;mV;22.5;;;;;;;;;;;;;;;;;;;;;°C;;;;;1714097705;1714047754;2.32E+11;;Interval;EndOfRecord
RD;CD;4/26/2024;2:15:05 AM;Default;CDC401;SN 231662582599;Edited;Sample ID (28730);41.6;mS/cm;26;°C;42.4;mS/cm;;;NaCl/Non-Linear;Reference Temperature = 25 °C;;;;;;;;;;;OK;4/19/2024;3:08:41 PM;Default;K;0.366;;cm⁻¹;;;;1;30000;µS/cm;28.4;mS/cm;22.2;;;;;;;;;;;;;;;;;;;;;;;;;;;;;;;°C;;;;;1714097705;1713539321;2.32E+11;;Interval;EndOfRecord
RD;pH;4/26/2024;2:14:04 AM;Default;PHC301;SN 240462571090;Edited;Sample ID (28729);2.999;pH;25.9;°C;246.9;mV;;;;;;;;;;;;;;;OK;4/25/2024;12:22:34 PM;Default;Slope;-57.99;98;mV/pH;14.1;mV;0.9998;3;4;pH;187.6;mV;22.2;7.01;pH;11;mV;22;10.04;pH;-159.2;mV;22.5;;;;;;;;;;;;;;;;;;;;;°C;;;;;1714097644;1714047754;2.32E+11;;Interval;EndOfRecord
RD;CD;4/26/2024;2:14:04 AM;Default;CDC401;SN 231662582599;Edited;Sample ID (28729);41.6;mS/cm;26;°C;42.4;mS/cm;;;NaCl/Non-Linear;Reference Temperature = 25 °C;;;;;;;;;;;OK;4/19/2024;3:08:41 PM;Default;K;0.366;;cm⁻¹;;;;1;30000;µS/cm;28.4;mS/cm;22.2;;;;;;;;;;;;;;;;;;;;;;;;;;;;;;;°C;;;;;1714097644;1713539321;2.32E+11;;Interval;EndOfRecord
RD;pH;4/26/2024;2:13:03 AM;Default;PHC301;SN 240462571090;Edited;Sample ID (28728);2.999;pH;25.9;°C;246.9;mV;;;;;;;;;;;;;;;OK;4/25/2024;12:22:34 PM;Default;Slope;-57.99;98;mV/pH;14.1;mV;0.9998;3;4;pH;187.6;mV;22.2;7.01;pH;11;mV;22;10.04;pH;-159.2;mV;22.5;;;;;;;;;;;;;;;;;;;;;°C;;;;;1714097583;1714047754;2.32E+11;;Interval;EndOfRecord
RD;CD;4/26/2024;2:13:03 AM;Default;CDC401;SN 231662582599;Edited;Sample ID (28728);41.6;mS/cm;26;°C;42.4;mS/cm;;;NaCl/Non-Linear;Reference Temperature = 25 °C;;;;;;;;;;;OK;4/19/2024;3:08:41 PM;Default;K;0.366;;cm⁻¹;;;;1;30000;µS/cm;28.4;mS/cm;22.2;;;;;;;;;;;;;;;;;;;;;;;;;;;;;;;°C;;;;;1714097583;1713539321;2.32E+11;;Interval;EndOfRecord
RD;pH;4/26/2024;2:12:04 AM;Default;PHC301;SN 240462571090;Edited;Sample ID (28727);2.999;pH;25.9;°C;246.9;mV;;;;;;;;;;;;;;;OK;4/25/2024;12:22:34 PM;Default;Slope;-57.99;98;mV/pH;14.1;mV;0.9998;3;4;pH;187.6;mV;22.2;7.01;pH;11;mV;22;10.04;pH;-159.2;mV;22.5;;;;;;;;;;;;;;;;;;;;;°C;;;;;1714097524;1714047754;2.32E+11;;Interval;EndOfRecord
RD;CD;4/26/2024;2:12:04 AM;Default;CDC401;SN 231662582599;Edited;Sample ID (28727);41.5;mS/cm;26;°C;42.3;mS/cm;;;NaCl/Non-Linear;Reference Temperature = 25 °C;;;;;;;;;;;OK;4/19/2024;3:08:41 PM;Default;K;0.366;;cm⁻¹;;;;1;30000;µS/cm;28.4;mS/cm;22.2;;;;;;;;;;;;;;;;;;;;;;;;;;;;;;;°C;;;;;1714097524;1713539321;2.32E+11;;Interval;EndOfRecord
RD;pH;4/26/2024;2:11:04 AM;Default;PHC301;SN 240462571090;Edited;Sample ID (28726);2.999;pH;25.8;°C;246.9;mV;;;;;;;;;;;;;;;OK;4/25/2024;12:22:34 PM;Default;Slope;-57.99;98;mV/pH;14.1;mV;0.9998;3;4;pH;187.6;mV;22.2;7.01;pH;11;mV;22;10.04;pH;-159.2;mV;22.5;;;;;;;;;;;;;;;;;;;;;°C;;;;;1714097464;1714047754;2.32E+11;;Interval;EndOfRecord
RD;CD;4/26/2024;2:11:04 AM;Default;CDC401;SN 231662582599;Edited;Sample ID (28726);41.4;mS/cm;26;°C;42.2;mS/cm;;;NaCl/Non-Linear;Reference Temperature = 25 °C;;;;;;;;;;;OK;4/19/2024;3:08:41 PM;Default;K;0.366;;cm⁻¹;;;;1;30000;µS/cm;28.4;mS/cm;22.2;;;;;;;;;;;;;;;;;;;;;;;;;;;;;;;°C;;;;;1714097464;1713539321;2.32E+11;;Interval;EndOfRecord
RD;pH;4/26/2024;2:10:03 AM;Default;PHC301;SN 240462571090;Edited;Sample ID (28725);2.999;pH;25.8;°C;246.9;mV;;;;;;;;;;;;;;;OK;4/25/2024;12:22:34 PM;Default;Slope;-57.99;98;mV/pH;14.1;mV;0.9998;3;4;pH;187.6;mV;22.2;7.01;pH;11;mV;22;10.04;pH;-159.2;mV;22.5;;;;;;;;;;;;;;;;;;;;;°C;;;;;1714097403;1714047754;2.32E+11;;Interval;EndOfRecord
RD;CD;4/26/2024;2:10:03 AM;Default;CDC401;SN 231662582599;Edited;Sample ID (28725);41.5;mS/cm;26;°C;42.3;mS/cm;;;NaCl/Non-Linear;Reference Temperature = 25 °C;;;;;;;;;;;OK;4/19/2024;3:08:41 PM;Default;K;0.366;;cm⁻¹;;;;1;30000;µS/cm;28.4;mS/cm;22.2;;;;;;;;;;;;;;;;;;;;;;;;;;;;;;;°C;;;;;1714097403;1713539321;2.32E+11;;Interval;EndOfRecord
RD;pH;4/26/2024;2:09:03 AM;Default;PHC301;SN 240462571090;Edited;Sample ID (28724);2.999;pH;25.8;°C;246.9;mV;;;;;;;;;;;;;;;OK;4/25/2024;12:22:34 PM;Default;Slope;-57.99;98;mV/pH;14.1;mV;0.9998;3;4;pH;187.6;mV;22.2;7.01;pH;11;mV;22;10.04;pH;-159.2;mV;22.5;;;;;;;;;;;;;;;;;;;;;°C;;;;;1714097343;1714047754;2.32E+11;;Interval;EndOfRecord
RD;CD;4/26/2024;2:09:03 AM;Default;CDC401;SN 231662582599;Edited;Sample ID (28724);41.5;mS/cm;25.9;°C;42.2;mS/cm;;;NaCl/Non-Linear;Reference Temperature = 25 °C;;;;;;;;;;;OK;4/19/2024;3:08:41 PM;Default;K;0.366;;cm⁻¹;;;;1;30000;µS/cm;28.4;mS/cm;22.2;;;;;;;;;;;;;;;;;;;;;;;;;;;;;;;°C;;;;;1714097343;1713539321;2.32E+11;;Interval;EndOfRecord
RD;pH;4/26/2024;2:08:04 AM;Default;PHC301;SN 240462571090;Edited;Sample ID (28723);2.999;pH;25.8;°C;246.9;mV;;;;;;;;;;;;;;;OK;4/25/2024;12:22:34 PM;Default;Slope;-57.99;98;mV/pH;14.1;mV;0.9998;3;4;pH;187.6;mV;22.2;7.01;pH;11;mV;22;10.04;pH;-159.2;mV;22.5;;;;;;;;;;;;;;;;;;;;;°C;;;;;1714097284;1714047754;2.32E+11;;Interval;EndOfRecord
RD;CD;4/26/2024;2:08:04 AM;Default;CDC401;SN 231662582599;Edited;Sample ID (28723);41.4;mS/cm;25.9;°C;42.2;mS/cm;;;NaCl/Non-Linear;Reference Temperature = 25 °C;;;;;;;;;;;OK;4/19/2024;3:08:41 PM;Default;K;0.366;;cm⁻¹;;;;1;30000;µS/cm;28.4;mS/cm;22.2;;;;;;;;;;;;;;;;;;;;;;;;;;;;;;;°C;;;;;1714097284;1713539321;2.32E+11;;Interval;EndOfRecord
RD;pH;4/26/2024;2:07:04 AM;Default;PHC301;SN 240462571090;Edited;Sample ID (28722);2.997;pH;25.8;°C;246.9;mV;;;;;;;;;;;;;;;OK;4/25/2024;12:22:34 PM;Default;Slope;-57.99;98;mV/pH;14.1;mV;0.9998;3;4;pH;187.6;mV;22.2;7.01;pH;11;mV;22;10.04;pH;-159.2;mV;22.5;;;;;;;;;;;;;;;;;;;;;°C;;;;;1714097224;1714047754;2.32E+11;;Interval;EndOfRecord
RD;CD;4/26/2024;2:07:04 AM;Default;CDC401;SN 231662582599;Edited;Sample ID (28722);41.4;mS/cm;25.9;°C;42.2;mS/cm;;;NaCl/Non-Linear;Reference Temperature = 25 °C;;;;;;;;;;;OK;4/19/2024;3:08:41 PM;Default;K;0.366;;cm⁻¹;;;;1;30000;µS/cm;28.4;mS/cm;22.2;;;;;;;;;;;;;;;;;;;;;;;;;;;;;;;°C;;;;;1714097224;1713539321;2.32E+11;;Interval;EndOfRecord
RD;pH;4/26/2024;2:06:03 AM;Default;PHC301;SN 240462571090;Edited;Sample ID (28721);2.997;pH;25.7;°C;246.9;mV;;;;;;;;;;;;;;;OK;4/25/2024;12:22:34 PM;Default;Slope;-57.99;98;mV/pH;14.1;mV;0.9998;3;4;pH;187.6;mV;22.2;7.01;pH;11;mV;22;10.04;pH;-159.2;mV;22.5;;;;;;;;;;;;;;;;;;;;;°C;;;;;1714097163;1714047754;2.32E+11;;Interval;EndOfRecord
RD;CD;4/26/2024;2:06:03 AM;Default;CDC401;SN 231662582599;Edited;Sample ID (28721);41.5;mS/cm;25.9;°C;42.2;mS/cm;;;NaCl/Non-Linear;Reference Temperature = 25 °C;;;;;;;;;;;OK;4/19/2024;3:08:41 PM;Default;K;0.366;;cm⁻¹;;;;1;30000;µS/cm;28.4;mS/cm;22.2;;;;;;;;;;;;;;;;;;;;;;;;;;;;;;;°C;;;;;1714097163;1713539321;2.32E+11;;Interval;EndOfRecord
RD;pH;4/26/2024;2:05:03 AM;Default;PHC301;SN 240462571090;Edited;Sample ID (28720);2.997;pH;25.7;°C;246.8;mV;;;;;;;;;;;;;;;OK;4/25/2024;12:22:34 PM;Default;Slope;-57.99;98;mV/pH;14.1;mV;0.9998;3;4;pH;187.6;mV;22.2;7.01;pH;11;mV;22;10.04;pH;-159.2;mV;22.5;;;;;;;;;;;;;;;;;;;;;°C;;;;;1714097103;1714047754;2.32E+11;;Interval;EndOfRecord
RD;CD;4/26/2024;2:05:03 AM;Default;CDC401;SN 231662582599;Edited;Sample ID (28720);41.5;mS/cm;25.9;°C;42.2;mS/cm;;;NaCl/Non-Linear;Reference Temperature = 25 °C;;;;;;;;;;;OK;4/19/2024;3:08:41 PM;Default;K;0.366;;cm⁻¹;;;;1;30000;µS/cm;28.4;mS/cm;22.2;;;;;;;;;;;;;;;;;;;;;;;;;;;;;;;°C;;;;;1714097103;1713539321;2.32E+11;;Interval;EndOfRecord
RD;pH;4/26/2024;2:04:04 AM;Default;PHC301;SN 240462571090;Edited;Sample ID (28719);2.997;pH;25.7;°C;246.8;mV;;;;;;;;;;;;;;;OK;4/25/2024;12:22:34 PM;Default;Slope;-57.99;98;mV/pH;14.1;mV;0.9998;3;4;pH;187.6;mV;22.2;7.01;pH;11;mV;22;10.04;pH;-159.2;mV;22.5;;;;;;;;;;;;;;;;;;;;;°C;;;;;1714097044;1714047754;2.32E+11;;Interval;EndOfRecord
RD;CD;4/26/2024;2:04:04 AM;Default;CDC401;SN 231662582599;Edited;Sample ID (28719);41.4;mS/cm;25.8;°C;42.1;mS/cm;;;NaCl/Non-Linear;Reference Temperature = 25 °C;;;;;;;;;;;OK;4/19/2024;3:08:41 PM;Default;K;0.366;;cm⁻¹;;;;1;30000;µS/cm;28.4;mS/cm;22.2;;;;;;;;;;;;;;;;;;;;;;;;;;;;;;;°C;;;;;1714097044;1713539321;2.32E+11;;Interval;EndOfRecord
RD;pH;4/26/2024;2:03:04 AM;Default;PHC301;SN 240462571090;Edited;Sample ID (28718);2.997;pH;25.7;°C;246.8;mV;;;;;;;;;;;;;;;OK;4/25/2024;12:22:34 PM;Default;Slope;-57.99;98;mV/pH;14.1;mV;0.9998;3;4;pH;187.6;mV;22.2;7.01;pH;11;mV;22;10.04;pH;-159.2;mV;22.5;;;;;;;;;;;;;;;;;;;;;°C;;;;;1714096984;1714047754;2.32E+11;;Interval;EndOfRecord
RD;CD;4/26/2024;2:03:04 AM;Default;CDC401;SN 231662582599;Edited;Sample ID (28718);41.4;mS/cm;25.8;°C;42.1;mS/cm;;;NaCl/Non-Linear;Reference Temperature = 25 °C;;;;;;;;;;;OK;4/19/2024;3:08:41 PM;Default;K;0.366;;cm⁻¹;;;;1;30000;µS/cm;28.4;mS/cm;22.2;;;;;;;;;;;;;;;;;;;;;;;;;;;;;;;°C;;;;;1714096984;1713539321;2.32E+11;;Interval;EndOfRecord
RD;pH;4/26/2024;2:02:03 AM;Default;PHC301;SN 240462571090;Edited;Sample ID (28717);2.997;pH;25.7;°C;246.8;mV;;;;;;;;;;;;;;;OK;4/25/2024;12:22:34 PM;Default;Slope;-57.99;98;mV/pH;14.1;mV;0.9998;3;4;pH;187.6;mV;22.2;7.01;pH;11;mV;22;10.04;pH;-159.2;mV;22.5;;;;;;;;;;;;;;;;;;;;;°C;;;;;1714096923;1714047754;2.32E+11;;Interval;EndOfRecord
RD;CD;4/26/2024;2:02:03 AM;Default;CDC401;SN 231662582599;Edited;Sample ID (28717);41.5;mS/cm;25.8;°C;42.1;mS/cm;;;NaCl/Non-Linear;Reference Temperature = 25 °C;;;;;;;;;;;OK;4/19/2024;3:08:41 PM;Default;K;0.366;;cm⁻¹;;;;1;30000;µS/cm;28.4;mS/cm;22.2;;;;;;;;;;;;;;;;;;;;;;;;;;;;;;;°C;;;;;1714096923;1713539321;2.32E+11;;Interval;EndOfRecord
RD;pH;4/26/2024;2:01:03 AM;Default;PHC301;SN 240462571090;Edited;Sample ID (28716);2.997;pH;25.6;°C;246.8;mV;;;;;;;;;;;;;;;OK;4/25/2024;12:22:34 PM;Default;Slope;-57.99;98;mV/pH;14.1;mV;0.9998;3;4;pH;187.6;mV;22.2;7.01;pH;11;mV;22;10.04;pH;-159.2;mV;22.5;;;;;;;;;;;;;;;;;;;;;°C;;;;;1714096863;1714047754;2.32E+11;;Interval;EndOfRecord
RD;CD;4/26/2024;2:01:03 AM;Default;CDC401;SN 231662582599;Edited;Sample ID (28716);41.5;mS/cm;25.8;°C;42.1;mS/cm;;;NaCl/Non-Linear;Reference Temperature = 25 °C;;;;;;;;;;;OK;4/19/2024;3:08:41 PM;Default;K;0.366;;cm⁻¹;;;;1;30000;µS/cm;28.4;mS/cm;22.2;;;;;;;;;;;;;;;;;;;;;;;;;;;;;;;°C;;;;;1714096863;1713539321;2.32E+11;;Interval;EndOfRecord
RD;pH;4/26/2024;2:00:04 AM;Default;PHC301;SN 240462571090;Edited;Sample ID (28715);2.997;pH;25.6;°C;246.8;mV;;;;;;;;;;;;;;;OK;4/25/2024;12:22:34 PM;Default;Slope;-57.99;98;mV/pH;14.1;mV;0.9998;3;4;pH;187.6;mV;22.2;7.01;pH;11;mV;22;10.04;pH;-159.2;mV;22.5;;;;;;;;;;;;;;;;;;;;;°C;;;;;1714096804;1714047754;2.32E+11;;Interval;EndOfRecord
RD;CD;4/26/2024;2:00:04 AM;Default;CDC401;SN 231662582599;Edited;Sample ID (28715);41.4;mS/cm;25.7;°C;42;mS/cm;;;NaCl/Non-Linear;Reference Temperature = 25 °C;;;;;;;;;;;OK;4/19/2024;3:08:41 PM;Default;K;0.366;;cm⁻¹;;;;1;30000;µS/cm;28.4;mS/cm;22.2;;;;;;;;;;;;;;;;;;;;;;;;;;;;;;;°C;;;;;1714096804;1713539321;2.32E+11;;Interval;EndOfRecord
RD;pH;4/26/2024;1:59:04 AM;Default;PHC301;SN 240462571090;Edited;Sample ID (28714);2.997;pH;25.6;°C;246.8;mV;;;;;;;;;;;;;;;OK;4/25/2024;12:22:34 PM;Default;Slope;-57.99;98;mV/pH;14.1;mV;0.9998;3;4;pH;187.6;mV;22.2;7.01;pH;11;mV;22;10.04;pH;-159.2;mV;22.5;;;;;;;;;;;;;;;;;;;;;°C;;;;;1714096744;1714047754;2.32E+11;;Interval;EndOfRecord
RD;CD;4/26/2024;1:59:04 AM;Default;CDC401;SN 231662582599;Edited;Sample ID (28714);41.4;mS/cm;25.7;°C;42;mS/cm;;;NaCl/Non-Linear;Reference Temperature = 25 °C;;;;;;;;;;;OK;4/19/2024;3:08:41 PM;Default;K;0.366;;cm⁻¹;;;;1;30000;µS/cm;28.4;mS/cm;22.2;;;;;;;;;;;;;;;;;;;;;;;;;;;;;;;°C;;;;;1714096744;1713539321;2.32E+11;;Interval;EndOfRecord
RD;pH;4/26/2024;1:58:05 AM;Default;PHC301;SN 240462571090;Edited;Sample ID (28713);2.997;pH;25.6;°C;246.7;mV;;;;;;;;;;;;;;;OK;4/25/2024;12:22:34 PM;Default;Slope;-57.99;98;mV/pH;14.1;mV;0.9998;3;4;pH;187.6;mV;22.2;7.01;pH;11;mV;22;10.04;pH;-159.2;mV;22.5;;;;;;;;;;;;;;;;;;;;;°C;;;;;1714096685;1714047754;2.32E+11;;Interval;EndOfRecord
RD;CD;4/26/2024;1:58:05 AM;Default;CDC401;SN 231662582599;Edited;Sample ID (28713);41.4;mS/cm;25.7;°C;42;mS/cm;;;NaCl/Non-Linear;Reference Temperature = 25 °C;;;;;;;;;;;OK;4/19/2024;3:08:41 PM;Default;K;0.366;;cm⁻¹;;;;1;30000;µS/cm;28.4;mS/cm;22.2;;;;;;;;;;;;;;;;;;;;;;;;;;;;;;;°C;;;;;1714096685;1713539321;2.32E+11;;Interval;EndOfRecord
RD;pH;4/26/2024;1:57:04 AM;Default;PHC301;SN 240462571090;Edited;Sample ID (28712);2.997;pH;25.6;°C;246.7;mV;;;;;;;;;;;;;;;OK;4/25/2024;12:22:34 PM;Default;Slope;-57.99;98;mV/pH;14.1;mV;0.9998;3;4;pH;187.6;mV;22.2;7.01;pH;11;mV;22;10.04;pH;-159.2;mV;22.5;;;;;;;;;;;;;;;;;;;;;°C;;;;;1714096624;1714047754;2.32E+11;;Interval;EndOfRecord
RD;CD;4/26/2024;1:57:04 AM;Default;CDC401;SN 231662582599;Edited;Sample ID (28712);41.4;mS/cm;25.7;°C;41.9;mS/cm;;;NaCl/Non-Linear;Reference Temperature = 25 °C;;;;;;;;;;;OK;4/19/2024;3:08:41 PM;Default;K;0.366;;cm⁻¹;;;;1;30000;µS/cm;28.4;mS/cm;22.2;;;;;;;;;;;;;;;;;;;;;;;;;;;;;;;°C;;;;;1714096624;1713539321;2.32E+11;;Interval;EndOfRecord
RD;pH;4/26/2024;1:56:03 AM;Default;PHC301;SN 240462571090;Edited;Sample ID (28711);2.997;pH;25.5;°C;246.7;mV;;;;;;;;;;;;;;;OK;4/25/2024;12:22:34 PM;Default;Slope;-57.99;98;mV/pH;14.1;mV;0.9998;3;4;pH;187.6;mV;22.2;7.01;pH;11;mV;22;10.04;pH;-159.2;mV;22.5;;;;;;;;;;;;;;;;;;;;;°C;;;;;1714096563;1714047754;2.32E+11;;Interval;EndOfRecord
RD;CD;4/26/2024;1:56:03 AM;Default;CDC401;SN 231662582599;Edited;Sample ID (28711);41.4;mS/cm;25.6;°C;41.9;mS/cm;;;NaCl/Non-Linear;Reference Temperature = 25 °C;;;;;;;;;;;OK;4/19/2024;3:08:41 PM;Default;K;0.366;;cm⁻¹;;;;1;30000;µS/cm;28.4;mS/cm;22.2;;;;;;;;;;;;;;;;;;;;;;;;;;;;;;;°C;;;;;1714096563;1713539321;2.32E+11;;Interval;EndOfRecord
RD;pH;4/26/2024;1:55:03 AM;Default;PHC301;SN 240462571090;Edited;Sample ID (28710);2.997;pH;25.5;°C;246.7;mV;;;;;;;;;;;;;;;OK;4/25/2024;12:22:34 PM;Default;Slope;-57.99;98;mV/pH;14.1;mV;0.9998;3;4;pH;187.6;mV;22.2;7.01;pH;11;mV;22;10.04;pH;-159.2;mV;22.5;;;;;;;;;;;;;;;;;;;;;°C;;;;;1714096503;1714047754;2.32E+11;;Interval;EndOfRecord
RD;CD;4/26/2024;1:55:03 AM;Default;CDC401;SN 231662582599;Edited;Sample ID (28710);41.4;mS/cm;25.6;°C;41.9;mS/cm;;;NaCl/Non-Linear;Reference Temperature = 25 °C;;;;;;;;;;;OK;4/19/2024;3:08:41 PM;Default;K;0.366;;cm⁻¹;;;;1;30000;µS/cm;28.4;mS/cm;22.2;;;;;;;;;;;;;;;;;;;;;;;;;;;;;;;°C;;;;;1714096503;1713539321;2.32E+11;;Interval;EndOfRecord
RD;pH;4/26/2024;1:54:03 AM;Default;PHC301;SN 240462571090;Edited;Sample ID (28709);2.997;pH;25.5;°C;246.6;mV;;;;;;;;;;;;;;;OK;4/25/2024;12:22:34 PM;Default;Slope;-57.99;98;mV/pH;14.1;mV;0.9998;3;4;pH;187.6;mV;22.2;7.01;pH;11;mV;22;10.04;pH;-159.2;mV;22.5;;;;;;;;;;;;;;;;;;;;;°C;;;;;1714096443;1714047754;2.32E+11;;Interval;EndOfRecord
RD;CD;4/26/2024;1:54:03 AM;Default;CDC401;SN 231662582599;Edited;Sample ID (28709);41.4;mS/cm;25.6;°C;41.9;mS/cm;;;NaCl/Non-Linear;Reference Temperature = 25 °C;;;;;;;;;;;OK;4/19/2024;3:08:41 PM;Default;K;0.366;;cm⁻¹;;;;1;30000;µS/cm;28.4;mS/cm;22.2;;;;;;;;;;;;;;;;;;;;;;;;;;;;;;;°C;;;;;1714096443;1713539321;2.32E+11;;Interval;EndOfRecord
RD;pH;4/26/2024;1:53:03 AM;Default;PHC301;SN 240462571090;Edited;Sample ID (28708);2.997;pH;25.5;°C;246.6;mV;;;;;;;;;;;;;;;OK;4/25/2024;12:22:34 PM;Default;Slope;-57.99;98;mV/pH;14.1;mV;0.9998;3;4;pH;187.6;mV;22.2;7.01;pH;11;mV;22;10.04;pH;-159.2;mV;22.5;;;;;;;;;;;;;;;;;;;;;°C;;;;;1714096383;1714047754;2.32E+11;;Interval;EndOfRecord
RD;CD;4/26/2024;1:53:03 AM;Default;CDC401;SN 231662582599;Edited;Sample ID (28708);41.4;mS/cm;25.6;°C;41.9;mS/cm;;;NaCl/Non-Linear;Reference Temperature = 25 °C;;;;;;;;;;;OK;4/19/2024;3:08:41 PM;Default;K;0.366;;cm⁻¹;;;;1;30000;µS/cm;28.4;mS/cm;22.2;;;;;;;;;;;;;;;;;;;;;;;;;;;;;;;°C;;;;;1714096383;1713539321;2.32E+11;;Interval;EndOfRecord
RD;pH;4/26/2024;1:52:05 AM;Default;PHC301;SN 240462571090;Edited;Sample ID (28707);2.997;pH;25.5;°C;246.6;mV;;;;;;;;;;;;;;;OK;4/25/2024;12:22:34 PM;Default;Slope;-57.99;98;mV/pH;14.1;mV;0.9998;3;4;pH;187.6;mV;22.2;7.01;pH;11;mV;22;10.04;pH;-159.2;mV;22.5;;;;;;;;;;;;;;;;;;;;;°C;;;;;1714096325;1714047754;2.32E+11;;Interval;EndOfRecord
RD;CD;4/26/2024;1:52:05 AM;Default;CDC401;SN 231662582599;Edited;Sample ID (28707);41.4;mS/cm;25.5;°C;41.8;mS/cm;;;NaCl/Non-Linear;Reference Temperature = 25 °C;;;;;;;;;;;OK;4/19/2024;3:08:41 PM;Default;K;0.366;;cm⁻¹;;;;1;30000;µS/cm;28.4;mS/cm;22.2;;;;;;;;;;;;;;;;;;;;;;;;;;;;;;;°C;;;;;1714096325;1713539321;2.32E+11;;Interval;EndOfRecord
RD;pH;4/26/2024;1:51:04 AM;Default;PHC301;SN 240462571090;Edited;Sample ID (28706);2.997;pH;25.3;°C;246.6;mV;;;;;;;;;;;;;;;OK;4/25/2024;12:22:34 PM;Default;Slope;-57.99;98;mV/pH;14.1;mV;0.9998;3;4;pH;187.6;mV;22.2;7.01;pH;11;mV;22;10.04;pH;-159.2;mV;22.5;;;;;;;;;;;;;;;;;;;;;°C;;;;;1714096264;1714047754;2.32E+11;;Interval;EndOfRecord
RD;CD;4/26/2024;1:51:04 AM;Default;CDC401;SN 231662582599;Edited;Sample ID (28706);41.3;mS/cm;25.5;°C;41.8;mS/cm;;;NaCl/Non-Linear;Reference Temperature = 25 °C;;;;;;;;;;;OK;4/19/2024;3:08:41 PM;Default;K;0.366;;cm⁻¹;;;;1;30000;µS/cm;28.4;mS/cm;22.2;;;;;;;;;;;;;;;;;;;;;;;;;;;;;;;°C;;;;;1714096264;1713539321;2.32E+11;;Interval;EndOfRecord
RD;pH;4/26/2024;1:50:04 AM;Default;PHC301;SN 240462571090;Edited;Sample ID (28705);2.997;pH;25.3;°C;246.6;mV;;;;;;;;;;;;;;;OK;4/25/2024;12:22:34 PM;Default;Slope;-57.99;98;mV/pH;14.1;mV;0.9998;3;4;pH;187.6;mV;22.2;7.01;pH;11;mV;22;10.04;pH;-159.2;mV;22.5;;;;;;;;;;;;;;;;;;;;;°C;;;;;1714096204;1714047754;2.32E+11;;Interval;EndOfRecord
RD;CD;4/26/2024;1:50:04 AM;Default;CDC401;SN 231662582599;Edited;Sample ID (28705);41.3;mS/cm;25.5;°C;41.8;mS/cm;;;NaCl/Non-Linear;Reference Temperature = 25 °C;;;;;;;;;;;OK;4/19/2024;3:08:41 PM;Default;K;0.366;;cm⁻¹;;;;1;30000;µS/cm;28.4;mS/cm;22.2;;;;;;;;;;;;;;;;;;;;;;;;;;;;;;;°C;;;;;1714096204;1713539321;2.32E+11;;Interval;EndOfRecord
RD;pH;4/26/2024;1:49:03 AM;Default;PHC301;SN 240462571090;Edited;Sample ID (28704);2.998;pH;25.3;°C;246.4;mV;;;;;;;;;;;;;;;OK;4/25/2024;12:22:34 PM;Default;Slope;-57.99;98;mV/pH;14.1;mV;0.9998;3;4;pH;187.6;mV;22.2;7.01;pH;11;mV;22;10.04;pH;-159.2;mV;22.5;;;;;;;;;;;;;;;;;;;;;°C;;;;;1714096143;1714047754;2.32E+11;;Interval;EndOfRecord
RD;CD;4/26/2024;1:49:03 AM;Default;CDC401;SN 231662582599;Edited;Sample ID (28704);41.4;mS/cm;25.5;°C;41.8;mS/cm;;;NaCl/Non-Linear;Reference Temperature = 25 °C;;;;;;;;;;;OK;4/19/2024;3:08:41 PM;Default;K;0.366;;cm⁻¹;;;;1;30000;µS/cm;28.4;mS/cm;22.2;;;;;;;;;;;;;;;;;;;;;;;;;;;;;;;°C;;;;;1714096143;1713539321;2.32E+11;;Interval;EndOfRecord
RD;pH;4/26/2024;1:48:03 AM;Default;PHC301;SN 240462571090;Edited;Sample ID (28703);2.998;pH;25.3;°C;246.4;mV;;;;;;;;;;;;;;;OK;4/25/2024;12:22:34 PM;Default;Slope;-57.99;98;mV/pH;14.1;mV;0.9998;3;4;pH;187.6;mV;22.2;7.01;pH;11;mV;22;10.04;pH;-159.2;mV;22.5;;;;;;;;;;;;;;;;;;;;;°C;;;;;1714096083;1714047754;2.32E+11;;Interval;EndOfRecord
RD;CD;4/26/2024;1:48:03 AM;Default;CDC401;SN 231662582599;Edited;Sample ID (28703);41.4;mS/cm;25.4;°C;41.8;mS/cm;;;NaCl/Non-Linear;Reference Temperature = 25 °C;;;;;;;;;;;OK;4/19/2024;3:08:41 PM;Default;K;0.366;;cm⁻¹;;;;1;30000;µS/cm;28.4;mS/cm;22.2;;;;;;;;;;;;;;;;;;;;;;;;;;;;;;;°C;;;;;1714096083;1713539321;2.32E+11;;Interval;EndOfRecord
RD;pH;4/26/2024;1:47:04 AM;Default;PHC301;SN 240462571090;Edited;Sample ID (28702);2.998;pH;25.3;°C;246.4;mV;;;;;;;;;;;;;;;OK;4/25/2024;12:22:34 PM;Default;Slope;-57.99;98;mV/pH;14.1;mV;0.9998;3;4;pH;187.6;mV;22.2;7.01;pH;11;mV;22;10.04;pH;-159.2;mV;22.5;;;;;;;;;;;;;;;;;;;;;°C;;;;;1714096024;1714047754;2.32E+11;;Interval;EndOfRecord
RD;CD;4/26/2024;1:47:04 AM;Default;CDC401;SN 231662582599;Edited;Sample ID (28702);41.4;mS/cm;25.4;°C;41.7;mS/cm;;;NaCl/Non-Linear;Reference Temperature = 25 °C;;;;;;;;;;;OK;4/19/2024;3:08:41 PM;Default;K;0.366;;cm⁻¹;;;;1;30000;µS/cm;28.4;mS/cm;22.2;;;;;;;;;;;;;;;;;;;;;;;;;;;;;;;°C;;;;;1714096024;1713539321;2.32E+11;;Interval;EndOfRecord
RD;pH;4/26/2024;1:46:04 AM;Default;PHC301;SN 240462571090;Edited;Sample ID (28701);2.998;pH;25.2;°C;246.4;mV;;;;;;;;;;;;;;;OK;4/25/2024;12:22:34 PM;Default;Slope;-57.99;98;mV/pH;14.1;mV;0.9998;3;4;pH;187.6;mV;22.2;7.01;pH;11;mV;22;10.04;pH;-159.2;mV;22.5;;;;;;;;;;;;;;;;;;;;;°C;;;;;1714095964;1714047754;2.32E+11;;Interval;EndOfRecord
RD;CD;4/26/2024;1:46:04 AM;Default;CDC401;SN 231662582599;Edited;Sample ID (28701);41.4;mS/cm;25.4;°C;41.7;mS/cm;;;NaCl/Non-Linear;Reference Temperature = 25 °C;;;;;;;;;;;OK;4/19/2024;3:08:41 PM;Default;K;0.366;;cm⁻¹;;;;1;30000;µS/cm;28.4;mS/cm;22.2;;;;;;;;;;;;;;;;;;;;;;;;;;;;;;;°C;;;;;1714095964;1713539321;2.32E+11;;Interval;EndOfRecord
RD;pH;4/26/2024;1:45:03 AM;Default;PHC301;SN 240462571090;Edited;Sample ID (28700);2.997;pH;25.2;°C;246.4;mV;;;;;;;;;;;;;;;OK;4/25/2024;12:22:34 PM;Default;Slope;-57.99;98;mV/pH;14.1;mV;0.9998;3;4;pH;187.6;mV;22.2;7.01;pH;11;mV;22;10.04;pH;-159.2;mV;22.5;;;;;;;;;;;;;;;;;;;;;°C;;;;;1714095903;1714047754;2.32E+11;;Interval;EndOfRecord
RD;CD;4/26/2024;1:45:03 AM;Default;CDC401;SN 231662582599;Edited;Sample ID (28700);41.4;mS/cm;25.4;°C;41.7;mS/cm;;;NaCl/Non-Linear;Reference Temperature = 25 °C;;;;;;;;;;;OK;4/19/2024;3:08:41 PM;Default;K;0.366;;cm⁻¹;;;;1;30000;µS/cm;28.4;mS/cm;22.2;;;;;;;;;;;;;;;;;;;;;;;;;;;;;;;°C;;;;;1714095903;1713539321;2.32E+11;;Interval;EndOfRecord
RD;pH;4/26/2024;1:44:03 AM;Default;PHC301;SN 240462571090;Edited;Sample ID (28699);2.997;pH;25.2;°C;246.4;mV;;;;;;;;;;;;;;;OK;4/25/2024;12:22:34 PM;Default;Slope;-57.99;98;mV/pH;14.1;mV;0.9998;3;4;pH;187.6;mV;22.2;7.01;pH;11;mV;22;10.04;pH;-159.2;mV;22.5;;;;;;;;;;;;;;;;;;;;;°C;;;;;1714095843;1714047754;2.32E+11;;Interval;EndOfRecord
RD;CD;4/26/2024;1:44:03 AM;Default;CDC401;SN 231662582599;Edited;Sample ID (28699);41.4;mS/cm;25.3;°C;41.7;mS/cm;;;NaCl/Non-Linear;Reference Temperature = 25 °C;;;;;;;;;;;OK;4/19/2024;3:08:41 PM;Default;K;0.366;;cm⁻¹;;;;1;30000;µS/cm;28.4;mS/cm;22.2;;;;;;;;;;;;;;;;;;;;;;;;;;;;;;;°C;;;;;1714095843;1713539321;2.32E+11;;Interval;EndOfRecord
RD;pH;4/26/2024;1:43:04 AM;Default;PHC301;SN 240462571090;Edited;Sample ID (28698);2.997;pH;25.2;°C;246.4;mV;;;;;;;;;;;;;;;OK;4/25/2024;12:22:34 PM;Default;Slope;-57.99;98;mV/pH;14.1;mV;0.9998;3;4;pH;187.6;mV;22.2;7.01;pH;11;mV;22;10.04;pH;-159.2;mV;22.5;;;;;;;;;;;;;;;;;;;;;°C;;;;;1714095784;1714047754;2.32E+11;;Interval;EndOfRecord
RD;CD;4/26/2024;1:43:04 AM;Default;CDC401;SN 231662582599;Edited;Sample ID (28698);41.3;mS/cm;25.3;°C;41.6;mS/cm;;;NaCl/Non-Linear;Reference Temperature = 25 °C;;;;;;;;;;;OK;4/19/2024;3:08:41 PM;Default;K;0.366;;cm⁻¹;;;;1;30000;µS/cm;28.4;mS/cm;22.2;;;;;;;;;;;;;;;;;;;;;;;;;;;;;;;°C;;;;;1714095784;1713539321;2.32E+11;;Interval;EndOfRecord
RD;pH;4/26/2024;1:42:04 AM;Default;PHC301;SN 240462571090;Edited;Sample ID (28697);2.997;pH;25.2;°C;246.4;mV;;;;;;;;;;;;;;;OK;4/25/2024;12:22:34 PM;Default;Slope;-57.99;98;mV/pH;14.1;mV;0.9998;3;4;pH;187.6;mV;22.2;7.01;pH;11;mV;22;10.04;pH;-159.2;mV;22.5;;;;;;;;;;;;;;;;;;;;;°C;;;;;1714095724;1714047754;2.32E+11;;Interval;EndOfRecord
RD;CD;4/26/2024;1:42:04 AM;Default;CDC401;SN 231662582599;Edited;Sample ID (28697);41.4;mS/cm;25.3;°C;41.6;mS/cm;;;NaCl/Non-Linear;Reference Temperature = 25 °C;;;;;;;;;;;OK;4/19/2024;3:08:41 PM;Default;K;0.366;;cm⁻¹;;;;1;30000;µS/cm;28.4;mS/cm;22.2;;;;;;;;;;;;;;;;;;;;;;;;;;;;;;;°C;;;;;1714095724;1713539321;2.32E+11;;Interval;EndOfRecord
RD;pH;4/26/2024;1:41:05 AM;Default;PHC301;SN 240462571090;Edited;Sample ID (28696);2.999;pH;25.2;°C;246.3;mV;;;;;;;;;;;;;;;OK;4/25/2024;12:22:34 PM;Default;Slope;-57.99;98;mV/pH;14.1;mV;0.9998;3;4;pH;187.6;mV;22.2;7.01;pH;11;mV;22;10.04;pH;-159.2;mV;22.5;;;;;;;;;;;;;;;;;;;;;°C;;;;;1714095665;1714047754;2.32E+11;;Interval;EndOfRecord
RD;CD;4/26/2024;1:41:05 AM;Default;CDC401;SN 231662582599;Edited;Sample ID (28696);41.4;mS/cm;25.3;°C;41.6;mS/cm;;;NaCl/Non-Linear;Reference Temperature = 25 °C;;;;;;;;;;;OK;4/19/2024;3:08:41 PM;Default;K;0.366;;cm⁻¹;;;;1;30000;µS/cm;28.4;mS/cm;22.2;;;;;;;;;;;;;;;;;;;;;;;;;;;;;;;°C;;;;;1714095665;1713539321;2.32E+11;;Interval;EndOfRecord
RD;pH;4/26/2024;1:40:04 AM;Default;PHC301;SN 240462571090;Edited;Sample ID (28695);2.999;pH;25.2;°C;246.3;mV;;;;;;;;;;;;;;;OK;4/25/2024;12:22:34 PM;Default;Slope;-57.99;98;mV/pH;14.1;mV;0.9998;3;4;pH;187.6;mV;22.2;7.01;pH;11;mV;22;10.04;pH;-159.2;mV;22.5;;;;;;;;;;;;;;;;;;;;;°C;;;;;1714095604;1714047754;2.32E+11;;Interval;EndOfRecord
RD;CD;4/26/2024;1:40:04 AM;Default;CDC401;SN 231662582599;Edited;Sample ID (28695);41.4;mS/cm;25.3;°C;41.6;mS/cm;;;NaCl/Non-Linear;Reference Temperature = 25 °C;;;;;;;;;;;OK;4/19/2024;3:08:41 PM;Default;K;0.366;;cm⁻¹;;;;1;30000;µS/cm;28.4;mS/cm;22.2;;;;;;;;;;;;;;;;;;;;;;;;;;;;;;;°C;;;;;1714095604;1713539321;2.32E+11;;Interval;EndOfRecord
RD;pH;4/26/2024;1:39:03 AM;Default;PHC301;SN 240462571090;Edited;Sample ID (28694);2.999;pH;25.2;°C;246.3;mV;;;;;;;;;;;;;;;OK;4/25/2024;12:22:34 PM;Default;Slope;-57.99;98;mV/pH;14.1;mV;0.9998;3;4;pH;187.6;mV;22.2;7.01;pH;11;mV;22;10.04;pH;-159.2;mV;22.5;;;;;;;;;;;;;;;;;;;;;°C;;;;;1714095543;1714047754;2.32E+11;;Interval;EndOfRecord
RD;CD;4/26/2024;1:39:03 AM;Default;CDC401;SN 231662582599;Edited;Sample ID (28694);41.4;mS/cm;25.3;°C;41.6;mS/cm;;;NaCl/Non-Linear;Reference Temperature = 25 °C;;;;;;;;;;;OK;4/19/2024;3:08:41 PM;Default;K;0.366;;cm⁻¹;;;;1;30000;µS/cm;28.4;mS/cm;22.2;;;;;;;;;;;;;;;;;;;;;;;;;;;;;;;°C;;;;;1714095543;1713539321;2.32E+11;;Interval;EndOfRecord
RD;pH;4/26/2024;1:38:03 AM;Default;PHC301;SN 240462571090;Edited;Sample ID (28693);2.999;pH;25.2;°C;246.3;mV;;;;;;;;;;;;;;;OK;4/25/2024;12:22:34 PM;Default;Slope;-57.99;98;mV/pH;14.1;mV;0.9998;3;4;pH;187.6;mV;22.2;7.01;pH;11;mV;22;10.04;pH;-159.2;mV;22.5;;;;;;;;;;;;;;;;;;;;;°C;;;;;1714095483;1714047754;2.32E+11;;Interval;EndOfRecord
RD;CD;4/26/2024;1:38:03 AM;Default;CDC401;SN 231662582599;Edited;Sample ID (28693);41.4;mS/cm;25.3;°C;41.6;mS/cm;;;NaCl/Non-Linear;Reference Temperature = 25 °C;;;;;;;;;;;OK;4/19/2024;3:08:41 PM;Default;K;0.366;;cm⁻¹;;;;1;30000;µS/cm;28.4;mS/cm;22.2;;;;;;;;;;;;;;;;;;;;;;;;;;;;;;;°C;;;;;1714095483;1713539321;2.32E+11;;Interval;EndOfRecord
RD;pH;4/26/2024;1:37:03 AM;Default;PHC301;SN 240462571090;Edited;Sample ID (28692);2.999;pH;25.1;°C;246.3;mV;;;;;;;;;;;;;;;OK;4/25/2024;12:22:34 PM;Default;Slope;-57.99;98;mV/pH;14.1;mV;0.9998;3;4;pH;187.6;mV;22.2;7.01;pH;11;mV;22;10.04;pH;-159.2;mV;22.5;;;;;;;;;;;;;;;;;;;;;°C;;;;;1714095423;1714047754;2.32E+11;;Interval;EndOfRecord
RD;CD;4/26/2024;1:37:03 AM;Default;CDC401;SN 231662582599;Edited;Sample ID (28692);41.4;mS/cm;25.3;°C;41.6;mS/cm;;;NaCl/Non-Linear;Reference Temperature = 25 °C;;;;;;;;;;;OK;4/19/2024;3:08:41 PM;Default;K;0.366;;cm⁻¹;;;;1;30000;µS/cm;28.4;mS/cm;22.2;;;;;;;;;;;;;;;;;;;;;;;;;;;;;;;°C;;;;;1714095423;1713539321;2.32E+11;;Interval;EndOfRecord
RD;pH;4/26/2024;1:36:04 AM;Default;PHC301;SN 240462571090;Edited;Sample ID (28691);2.999;pH;25.1;°C;246.3;mV;;;;;;;;;;;;;;;OK;4/25/2024;12:22:34 PM;Default;Slope;-57.99;98;mV/pH;14.1;mV;0.9998;3;4;pH;187.6;mV;22.2;7.01;pH;11;mV;22;10.04;pH;-159.2;mV;22.5;;;;;;;;;;;;;;;;;;;;;°C;;;;;1714095364;1714047754;2.32E+11;;Interval;EndOfRecord
RD;CD;4/26/2024;1:36:04 AM;Default;CDC401;SN 231662582599;Edited;Sample ID (28691);41.4;mS/cm;25.3;°C;41.7;mS/cm;;;NaCl/Non-Linear;Reference Temperature = 25 °C;;;;;;;;;;;OK;4/19/2024;3:08:41 PM;Default;K;0.366;;cm⁻¹;;;;1;30000;µS/cm;28.4;mS/cm;22.2;;;;;;;;;;;;;;;;;;;;;;;;;;;;;;;°C;;;;;1714095364;1713539321;2.32E+11;;Interval;EndOfRecord
RD;pH;4/26/2024;1:35:04 AM;Default;PHC301;SN 240462571090;Edited;Sample ID (28690);2.999;pH;25.1;°C;246.3;mV;;;;;;;;;;;;;;;OK;4/25/2024;12:22:34 PM;Default;Slope;-57.99;98;mV/pH;14.1;mV;0.9998;3;4;pH;187.6;mV;22.2;7.01;pH;11;mV;22;10.04;pH;-159.2;mV;22.5;;;;;;;;;;;;;;;;;;;;;°C;;;;;1714095304;1714047754;2.32E+11;;Interval;EndOfRecord
RD;CD;4/26/2024;1:35:04 AM;Default;CDC401;SN 231662582599;Edited;Sample ID (28690);41.4;mS/cm;25.3;°C;41.6;mS/cm;;;NaCl/Non-Linear;Reference Temperature = 25 °C;;;;;;;;;;;OK;4/19/2024;3:08:41 PM;Default;K;0.366;;cm⁻¹;;;;1;30000;µS/cm;28.4;mS/cm;22.2;;;;;;;;;;;;;;;;;;;;;;;;;;;;;;;°C;;;;;1714095304;1713539321;2.32E+11;;Interval;EndOfRecord
RD;pH;4/26/2024;1:34:04 AM;Default;PHC301;SN 240462571090;Edited;Sample ID (28689);2.999;pH;25.1;°C;246.3;mV;;;;;;;;;;;;;;;OK;4/25/2024;12:22:34 PM;Default;Slope;-57.99;98;mV/pH;14.1;mV;0.9998;3;4;pH;187.6;mV;22.2;7.01;pH;11;mV;22;10.04;pH;-159.2;mV;22.5;;;;;;;;;;;;;;;;;;;;;°C;;;;;1714095244;1714047754;2.32E+11;;Interval;EndOfRecord
RD;CD;4/26/2024;1:34:04 AM;Default;CDC401;SN 231662582599;Edited;Sample ID (28689);41.4;mS/cm;25.3;°C;41.6;mS/cm;;;NaCl/Non-Linear;Reference Temperature = 25 °C;;;;;;;;;;;OK;4/19/2024;3:08:41 PM;Default;K;0.366;;cm⁻¹;;;;1;30000;µS/cm;28.4;mS/cm;22.2;;;;;;;;;;;;;;;;;;;;;;;;;;;;;;;°C;;;;;1714095244;1713539321;2.32E+11;;Interval;EndOfRecord
RD;pH;4/26/2024;1:33:04 AM;Default;PHC301;SN 240462571090;Edited;Sample ID (28688);2.999;pH;25.1;°C;246.3;mV;;;;;;;;;;;;;;;OK;4/25/2024;12:22:34 PM;Default;Slope;-57.99;98;mV/pH;14.1;mV;0.9998;3;4;pH;187.6;mV;22.2;7.01;pH;11;mV;22;10.04;pH;-159.2;mV;22.5;;;;;;;;;;;;;;;;;;;;;°C;;;;;1714095184;1714047754;2.32E+11;;Interval;EndOfRecord
RD;CD;4/26/2024;1:33:04 AM;Default;CDC401;SN 231662582599;Edited;Sample ID (28688);41.4;mS/cm;25.3;°C;41.6;mS/cm;;;NaCl/Non-Linear;Reference Temperature = 25 °C;;;;;;;;;;;OK;4/19/2024;3:08:41 PM;Default;K;0.366;;cm⁻¹;;;;1;30000;µS/cm;28.4;mS/cm;22.2;;;;;;;;;;;;;;;;;;;;;;;;;;;;;;;°C;;;;;1714095184;1713539321;2.32E+11;;Interval;EndOfRecord
RD;pH;4/26/2024;1:32:04 AM;Default;PHC301;SN 240462571090;Edited;Sample ID (28687);2.999;pH;25.1;°C;246.3;mV;;;;;;;;;;;;;;;OK;4/25/2024;12:22:34 PM;Default;Slope;-57.99;98;mV/pH;14.1;mV;0.9998;3;4;pH;187.6;mV;22.2;7.01;pH;11;mV;22;10.04;pH;-159.2;mV;22.5;;;;;;;;;;;;;;;;;;;;;°C;;;;;1714095124;1714047754;2.32E+11;;Interval;EndOfRecord
RD;CD;4/26/2024;1:32:04 AM;Default;CDC401;SN 231662582599;Edited;Sample ID (28687);41.4;mS/cm;25.3;°C;41.6;mS/cm;;;NaCl/Non-Linear;Reference Temperature = 25 °C;;;;;;;;;;;OK;4/19/2024;3:08:41 PM;Default;K;0.366;;cm⁻¹;;;;1;30000;µS/cm;28.4;mS/cm;22.2;;;;;;;;;;;;;;;;;;;;;;;;;;;;;;;°C;;;;;1714095124;1713539321;2.32E+11;;Interval;EndOfRecord
RD;pH;4/26/2024;1:31:04 AM;Default;PHC301;SN 240462571090;Edited;Sample ID (28686);2.999;pH;25.1;°C;246.3;mV;;;;;;;;;;;;;;;OK;4/25/2024;12:22:34 PM;Default;Slope;-57.99;98;mV/pH;14.1;mV;0.9998;3;4;pH;187.6;mV;22.2;7.01;pH;11;mV;22;10.04;pH;-159.2;mV;22.5;;;;;;;;;;;;;;;;;;;;;°C;;;;;1714095064;1714047754;2.32E+11;;Interval;EndOfRecord
RD;CD;4/26/2024;1:31:04 AM;Default;CDC401;SN 231662582599;Edited;Sample ID (28686);41.4;mS/cm;25.3;°C;41.6;mS/cm;;;NaCl/Non-Linear;Reference Temperature = 25 °C;;;;;;;;;;;OK;4/19/2024;3:08:41 PM;Default;K;0.366;;cm⁻¹;;;;1;30000;µS/cm;28.4;mS/cm;22.2;;;;;;;;;;;;;;;;;;;;;;;;;;;;;;;°C;;;;;1714095064;1713539321;2.32E+11;;Interval;EndOfRecord
RD;pH;4/26/2024;1:30:04 AM;Default;PHC301;SN 240462571090;Edited;Sample ID (28685);2.999;pH;25.1;°C;246.3;mV;;;;;;;;;;;;;;;OK;4/25/2024;12:22:34 PM;Default;Slope;-57.99;98;mV/pH;14.1;mV;0.9998;3;4;pH;187.6;mV;22.2;7.01;pH;11;mV;22;10.04;pH;-159.2;mV;22.5;;;;;;;;;;;;;;;;;;;;;°C;;;;;1714095004;1714047754;2.32E+11;;Interval;EndOfRecord
RD;CD;4/26/2024;1:30:04 AM;Default;CDC401;SN 231662582599;Edited;Sample ID (28685);41.4;mS/cm;25.2;°C;41.6;mS/cm;;;NaCl/Non-Linear;Reference Temperature = 25 °C;;;;;;;;;;;OK;4/19/2024;3:08:41 PM;Default;K;0.366;;cm⁻¹;;;;1;30000;µS/cm;28.4;mS/cm;22.2;;;;;;;;;;;;;;;;;;;;;;;;;;;;;;;°C;;;;;1714095004;1713539321;2.32E+11;;Interval;EndOfRecord
RD;pH;4/26/2024;1:29:04 AM;Default;PHC301;SN 240462571090;Edited;Sample ID (28684);2.999;pH;25.1;°C;246.3;mV;;;;;;;;;;;;;;;OK;4/25/2024;12:22:34 PM;Default;Slope;-57.99;98;mV/pH;14.1;mV;0.9998;3;4;pH;187.6;mV;22.2;7.01;pH;11;mV;22;10.04;pH;-159.2;mV;22.5;;;;;;;;;;;;;;;;;;;;;°C;;;;;1714094944;1714047754;2.32E+11;;Interval;EndOfRecord
RD;CD;4/26/2024;1:29:04 AM;Default;CDC401;SN 231662582599;Edited;Sample ID (28684);41.4;mS/cm;25.2;°C;41.6;mS/cm;;;NaCl/Non-Linear;Reference Temperature = 25 °C;;;;;;;;;;;OK;4/19/2024;3:08:41 PM;Default;K;0.366;;cm⁻¹;;;;1;30000;µS/cm;28.4;mS/cm;22.2;;;;;;;;;;;;;;;;;;;;;;;;;;;;;;;°C;;;;;1714094944;1713539321;2.32E+11;;Interval;EndOfRecord
RD;pH;4/26/2024;1:28:04 AM;Default;PHC301;SN 240462571090;Edited;Sample ID (28683);2.999;pH;25.1;°C;246.2;mV;;;;;;;;;;;;;;;OK;4/25/2024;12:22:34 PM;Default;Slope;-57.99;98;mV/pH;14.1;mV;0.9998;3;4;pH;187.6;mV;22.2;7.01;pH;11;mV;22;10.04;pH;-159.2;mV;22.5;;;;;;;;;;;;;;;;;;;;;°C;;;;;1714094884;1714047754;2.32E+11;;Interval;EndOfRecord
RD;CD;4/26/2024;1:28:04 AM;Default;CDC401;SN 231662582599;Edited;Sample ID (28683);41.4;mS/cm;25.2;°C;41.6;mS/cm;;;NaCl/Non-Linear;Reference Temperature = 25 °C;;;;;;;;;;;OK;4/19/2024;3:08:41 PM;Default;K;0.366;;cm⁻¹;;;;1;30000;µS/cm;28.4;mS/cm;22.2;;;;;;;;;;;;;;;;;;;;;;;;;;;;;;;°C;;;;;1714094884;1713539321;2.32E+11;;Interval;EndOfRecord
RD;pH;4/26/2024;1:27:04 AM;Default;PHC301;SN 240462571090;Edited;Sample ID (28682);2.999;pH;25.1;°C;246.2;mV;;;;;;;;;;;;;;;OK;4/25/2024;12:22:34 PM;Default;Slope;-57.99;98;mV/pH;14.1;mV;0.9998;3;4;pH;187.6;mV;22.2;7.01;pH;11;mV;22;10.04;pH;-159.2;mV;22.5;;;;;;;;;;;;;;;;;;;;;°C;;;;;1714094824;1714047754;2.32E+11;;Interval;EndOfRecord
RD;CD;4/26/2024;1:27:04 AM;Default;CDC401;SN 231662582599;Edited;Sample ID (28682);41.4;mS/cm;25.2;°C;41.6;mS/cm;;;NaCl/Non-Linear;Reference Temperature = 25 °C;;;;;;;;;;;OK;4/19/2024;3:08:41 PM;Default;K;0.366;;cm⁻¹;;;;1;30000;µS/cm;28.4;mS/cm;22.2;;;;;;;;;;;;;;;;;;;;;;;;;;;;;;;°C;;;;;1714094824;1713539321;2.32E+11;;Interval;EndOfRecord
RD;pH;4/26/2024;1:26:03 AM;Default;PHC301;SN 240462571090;Edited;Sample ID (28681);2.999;pH;25.1;°C;246.2;mV;;;;;;;;;;;;;;;OK;4/25/2024;12:22:34 PM;Default;Slope;-57.99;98;mV/pH;14.1;mV;0.9998;3;4;pH;187.6;mV;22.2;7.01;pH;11;mV;22;10.04;pH;-159.2;mV;22.5;;;;;;;;;;;;;;;;;;;;;°C;;;;;1714094763;1714047754;2.32E+11;;Interval;EndOfRecord
RD;CD;4/26/2024;1:26:03 AM;Default;CDC401;SN 231662582599;Edited;Sample ID (28681);41.4;mS/cm;25.2;°C;41.6;mS/cm;;;NaCl/Non-Linear;Reference Temperature = 25 °C;;;;;;;;;;;OK;4/19/2024;3:08:41 PM;Default;K;0.366;;cm⁻¹;;;;1;30000;µS/cm;28.4;mS/cm;22.2;;;;;;;;;;;;;;;;;;;;;;;;;;;;;;;°C;;;;;1714094763;1713539321;2.32E+11;;Interval;EndOfRecord
RD;pH;4/26/2024;1:25:04 AM;Default;PHC301;SN 240462571090;Edited;Sample ID (28680);2.999;pH;25.1;°C;246.2;mV;;;;;;;;;;;;;;;OK;4/25/2024;12:22:34 PM;Default;Slope;-57.99;98;mV/pH;14.1;mV;0.9998;3;4;pH;187.6;mV;22.2;7.01;pH;11;mV;22;10.04;pH;-159.2;mV;22.5;;;;;;;;;;;;;;;;;;;;;°C;;;;;1714094704;1714047754;2.32E+11;;Interval;EndOfRecord
RD;CD;4/26/2024;1:25:04 AM;Default;CDC401;SN 231662582599;Edited;Sample ID (28680);41.4;mS/cm;25.2;°C;41.5;mS/cm;;;NaCl/Non-Linear;Reference Temperature = 25 °C;;;;;;;;;;;OK;4/19/2024;3:08:41 PM;Default;K;0.366;;cm⁻¹;;;;1;30000;µS/cm;28.4;mS/cm;22.2;;;;;;;;;;;;;;;;;;;;;;;;;;;;;;;°C;;;;;1714094704;1713539321;2.32E+11;;Interval;EndOfRecord
RD;pH;4/26/2024;1:24:04 AM;Default;PHC301;SN 240462571090;Edited;Sample ID (28679);2.999;pH;25.1;°C;246.2;mV;;;;;;;;;;;;;;;OK;4/25/2024;12:22:34 PM;Default;Slope;-57.99;98;mV/pH;14.1;mV;0.9998;3;4;pH;187.6;mV;22.2;7.01;pH;11;mV;22;10.04;pH;-159.2;mV;22.5;;;;;;;;;;;;;;;;;;;;;°C;;;;;1714094644;1714047754;2.32E+11;;Interval;EndOfRecord
RD;CD;4/26/2024;1:24:04 AM;Default;CDC401;SN 231662582599;Edited;Sample ID (28679);41.4;mS/cm;25.2;°C;41.5;mS/cm;;;NaCl/Non-Linear;Reference Temperature = 25 °C;;;;;;;;;;;OK;4/19/2024;3:08:41 PM;Default;K;0.366;;cm⁻¹;;;;1;30000;µS/cm;28.4;mS/cm;22.2;;;;;;;;;;;;;;;;;;;;;;;;;;;;;;;°C;;;;;1714094644;1713539321;2.32E+11;;Interval;EndOfRecord
RD;pH;4/26/2024;1:23:03 AM;Default;PHC301;SN 240462571090;Edited;Sample ID (28678);2.999;pH;25.1;°C;246.2;mV;;;;;;;;;;;;;;;OK;4/25/2024;12:22:34 PM;Default;Slope;-57.99;98;mV/pH;14.1;mV;0.9998;3;4;pH;187.6;mV;22.2;7.01;pH;11;mV;22;10.04;pH;-159.2;mV;22.5;;;;;;;;;;;;;;;;;;;;;°C;;;;;1714094583;1714047754;2.32E+11;;Interval;EndOfRecord
RD;CD;4/26/2024;1:23:03 AM;Default;CDC401;SN 231662582599;Edited;Sample ID (28678);41.4;mS/cm;25.2;°C;41.5;mS/cm;;;NaCl/Non-Linear;Reference Temperature = 25 °C;;;;;;;;;;;OK;4/19/2024;3:08:41 PM;Default;K;0.366;;cm⁻¹;;;;1;30000;µS/cm;28.4;mS/cm;22.2;;;;;;;;;;;;;;;;;;;;;;;;;;;;;;;°C;;;;;1714094583;1713539321;2.32E+11;;Interval;EndOfRecord
RD;pH;4/26/2024;1:22:04 AM;Default;PHC301;SN 240462571090;Edited;Sample ID (28677);2.999;pH;25.1;°C;246.2;mV;;;;;;;;;;;;;;;OK;4/25/2024;12:22:34 PM;Default;Slope;-57.99;98;mV/pH;14.1;mV;0.9998;3;4;pH;187.6;mV;22.2;7.01;pH;11;mV;22;10.04;pH;-159.2;mV;22.5;;;;;;;;;;;;;;;;;;;;;°C;;;;;1714094524;1714047754;2.32E+11;;Interval;EndOfRecord
RD;CD;4/26/2024;1:22:04 AM;Default;CDC401;SN 231662582599;Edited;Sample ID (28677);41.3;mS/cm;25.2;°C;41.5;mS/cm;;;NaCl/Non-Linear;Reference Temperature = 25 °C;;;;;;;;;;;OK;4/19/2024;3:08:41 PM;Default;K;0.366;;cm⁻¹;;;;1;30000;µS/cm;28.4;mS/cm;22.2;;;;;;;;;;;;;;;;;;;;;;;;;;;;;;;°C;;;;;1714094524;1713539321;2.32E+11;;Interval;EndOfRecord
RD;pH;4/26/2024;1:21:04 AM;Default;PHC301;SN 240462571090;Edited;Sample ID (28676);2.999;pH;25;°C;246.2;mV;;;;;;;;;;;;;;;OK;4/25/2024;12:22:34 PM;Default;Slope;-57.99;98;mV/pH;14.1;mV;0.9998;3;4;pH;187.6;mV;22.2;7.01;pH;11;mV;22;10.04;pH;-159.2;mV;22.5;;;;;;;;;;;;;;;;;;;;;°C;;;;;1714094464;1714047754;2.32E+11;;Interval;EndOfRecord
RD;CD;4/26/2024;1:21:04 AM;Default;CDC401;SN 231662582599;Edited;Sample ID (28676);41.3;mS/cm;25.2;°C;41.5;mS/cm;;;NaCl/Non-Linear;Reference Temperature = 25 °C;;;;;;;;;;;OK;4/19/2024;3:08:41 PM;Default;K;0.366;;cm⁻¹;;;;1;30000;µS/cm;28.4;mS/cm;22.2;;;;;;;;;;;;;;;;;;;;;;;;;;;;;;;°C;;;;;1714094464;1713539321;2.32E+11;;Interval;EndOfRecord
RD;pH;4/26/2024;1:20:04 AM;Default;PHC301;SN 240462571090;Edited;Sample ID (28675);2.999;pH;25;°C;246.2;mV;;;;;;;;;;;;;;;OK;4/25/2024;12:22:34 PM;Default;Slope;-57.99;98;mV/pH;14.1;mV;0.9998;3;4;pH;187.6;mV;22.2;7.01;pH;11;mV;22;10.04;pH;-159.2;mV;22.5;;;;;;;;;;;;;;;;;;;;;°C;;;;;1714094404;1714047754;2.32E+11;;Interval;EndOfRecord
RD;CD;4/26/2024;1:20:04 AM;Default;CDC401;SN 231662582599;Edited;Sample ID (28675);41.3;mS/cm;25.2;°C;41.5;mS/cm;;;NaCl/Non-Linear;Reference Temperature = 25 °C;;;;;;;;;;;OK;4/19/2024;3:08:41 PM;Default;K;0.366;;cm⁻¹;;;;1;30000;µS/cm;28.4;mS/cm;22.2;;;;;;;;;;;;;;;;;;;;;;;;;;;;;;;°C;;;;;1714094404;1713539321;2.32E+11;;Interval;EndOfRecord
RD;pH;4/26/2024;1:19:03 AM;Default;PHC301;SN 240462571090;Edited;Sample ID (28674);2.999;pH;25;°C;246.2;mV;;;;;;;;;;;;;;;OK;4/25/2024;12:22:34 PM;Default;Slope;-57.99;98;mV/pH;14.1;mV;0.9998;3;4;pH;187.6;mV;22.2;7.01;pH;11;mV;22;10.04;pH;-159.2;mV;22.5;;;;;;;;;;;;;;;;;;;;;°C;;;;;1714094343;1714047754;2.32E+11;;Interval;EndOfRecord
RD;CD;4/26/2024;1:19:03 AM;Default;CDC401;SN 231662582599;Edited;Sample ID (28674);41.4;mS/cm;25.2;°C;41.5;mS/cm;;;NaCl/Non-Linear;Reference Temperature = 25 °C;;;;;;;;;;;OK;4/19/2024;3:08:41 PM;Default;K;0.366;;cm⁻¹;;;;1;30000;µS/cm;28.4;mS/cm;22.2;;;;;;;;;;;;;;;;;;;;;;;;;;;;;;;°C;;;;;1714094343;1713539321;2.32E+11;;Interval;EndOfRecord
RD;pH;4/26/2024;1:18:04 AM;Default;PHC301;SN 240462571090;Edited;Sample ID (28673);2.999;pH;25;°C;246.2;mV;;;;;;;;;;;;;;;OK;4/25/2024;12:22:34 PM;Default;Slope;-57.99;98;mV/pH;14.1;mV;0.9998;3;4;pH;187.6;mV;22.2;7.01;pH;11;mV;22;10.04;pH;-159.2;mV;22.5;;;;;;;;;;;;;;;;;;;;;°C;;;;;1714094284;1714047754;2.32E+11;;Interval;EndOfRecord
RD;CD;4/26/2024;1:18:04 AM;Default;CDC401;SN 231662582599;Edited;Sample ID (28673);41.3;mS/cm;25.2;°C;41.5;mS/cm;;;NaCl/Non-Linear;Reference Temperature = 25 °C;;;;;;;;;;;OK;4/19/2024;3:08:41 PM;Default;K;0.366;;cm⁻¹;;;;1;30000;µS/cm;28.4;mS/cm;22.2;;;;;;;;;;;;;;;;;;;;;;;;;;;;;;;°C;;;;;1714094284;1713539321;2.32E+11;;Interval;EndOfRecord
RD;pH;4/26/2024;1:17:04 AM;Default;PHC301;SN 240462571090;Edited;Sample ID (28672);2.999;pH;25;°C;246.2;mV;;;;;;;;;;;;;;;OK;4/25/2024;12:22:34 PM;Default;Slope;-57.99;98;mV/pH;14.1;mV;0.9998;3;4;pH;187.6;mV;22.2;7.01;pH;11;mV;22;10.04;pH;-159.2;mV;22.5;;;;;;;;;;;;;;;;;;;;;°C;;;;;1714094224;1714047754;2.32E+11;;Interval;EndOfRecord
RD;CD;4/26/2024;1:17:04 AM;Default;CDC401;SN 231662582599;Edited;Sample ID (28672);41.3;mS/cm;25.1;°C;41.4;mS/cm;;;NaCl/Non-Linear;Reference Temperature = 25 °C;;;;;;;;;;;OK;4/19/2024;3:08:41 PM;Default;K;0.366;;cm⁻¹;;;;1;30000;µS/cm;28.4;mS/cm;22.2;;;;;;;;;;;;;;;;;;;;;;;;;;;;;;;°C;;;;;1714094224;1713539321;2.32E+11;;Interval;EndOfRecord
RD;pH;4/26/2024;1:16:04 AM;Default;PHC301;SN 240462571090;Edited;Sample ID (28671);3;pH;25;°C;246.1;mV;;;;;;;;;;;;;;;OK;4/25/2024;12:22:34 PM;Default;Slope;-57.99;98;mV/pH;14.1;mV;0.9998;3;4;pH;187.6;mV;22.2;7.01;pH;11;mV;22;10.04;pH;-159.2;mV;22.5;;;;;;;;;;;;;;;;;;;;;°C;;;;;1714094164;1714047754;2.32E+11;;Interval;EndOfRecord
RD;CD;4/26/2024;1:16:04 AM;Default;CDC401;SN 231662582599;Edited;Sample ID (28671);41.3;mS/cm;25.1;°C;41.4;mS/cm;;;NaCl/Non-Linear;Reference Temperature = 25 °C;;;;;;;;;;;OK;4/19/2024;3:08:41 PM;Default;K;0.366;;cm⁻¹;;;;1;30000;µS/cm;28.4;mS/cm;22.2;;;;;;;;;;;;;;;;;;;;;;;;;;;;;;;°C;;;;;1714094164;1713539321;2.32E+11;;Interval;EndOfRecord
RD;pH;4/26/2024;1:15:04 AM;Default;PHC301;SN 240462571090;Edited;Sample ID (28670);3;pH;25;°C;246.1;mV;;;;;;;;;;;;;;;OK;4/25/2024;12:22:34 PM;Default;Slope;-57.99;98;mV/pH;14.1;mV;0.9998;3;4;pH;187.6;mV;22.2;7.01;pH;11;mV;22;10.04;pH;-159.2;mV;22.5;;;;;;;;;;;;;;;;;;;;;°C;;;;;1714094104;1714047754;2.32E+11;;Interval;EndOfRecord
RD;CD;4/26/2024;1:15:04 AM;Default;CDC401;SN 231662582599;Edited;Sample ID (28670);41.4;mS/cm;25.1;°C;41.5;mS/cm;;;NaCl/Non-Linear;Reference Temperature = 25 °C;;;;;;;;;;;OK;4/19/2024;3:08:41 PM;Default;K;0.366;;cm⁻¹;;;;1;30000;µS/cm;28.4;mS/cm;22.2;;;;;;;;;;;;;;;;;;;;;;;;;;;;;;;°C;;;;;1714094104;1713539321;2.32E+11;;Interval;EndOfRecord
RD;pH;4/26/2024;1:14:04 AM;Default;PHC301;SN 240462571090;Edited;Sample ID (28669);3;pH;25;°C;246.1;mV;;;;;;;;;;;;;;;OK;4/25/2024;12:22:34 PM;Default;Slope;-57.99;98;mV/pH;14.1;mV;0.9998;3;4;pH;187.6;mV;22.2;7.01;pH;11;mV;22;10.04;pH;-159.2;mV;22.5;;;;;;;;;;;;;;;;;;;;;°C;;;;;1714094044;1714047754;2.32E+11;;Interval;EndOfRecord
RD;CD;4/26/2024;1:14:04 AM;Default;CDC401;SN 231662582599;Edited;Sample ID (28669);41.3;mS/cm;25.1;°C;41.4;mS/cm;;;NaCl/Non-Linear;Reference Temperature = 25 °C;;;;;;;;;;;OK;4/19/2024;3:08:41 PM;Default;K;0.366;;cm⁻¹;;;;1;30000;µS/cm;28.4;mS/cm;22.2;;;;;;;;;;;;;;;;;;;;;;;;;;;;;;;°C;;;;;1714094044;1713539321;2.32E+11;;Interval;EndOfRecord
RD;pH;4/26/2024;1:13:05 AM;Default;PHC301;SN 240462571090;Edited;Sample ID (28668);3.001;pH;25;°C;246.1;mV;;;;;;;;;;;;;;;OK;4/25/2024;12:22:34 PM;Default;Slope;-57.99;98;mV/pH;14.1;mV;0.9998;3;4;pH;187.6;mV;22.2;7.01;pH;11;mV;22;10.04;pH;-159.2;mV;22.5;;;;;;;;;;;;;;;;;;;;;°C;;;;;1714093985;1714047754;2.32E+11;;Interval;EndOfRecord
RD;CD;4/26/2024;1:13:05 AM;Default;CDC401;SN 231662582599;Edited;Sample ID (28668);41.4;mS/cm;25.1;°C;41.5;mS/cm;;;NaCl/Non-Linear;Reference Temperature = 25 °C;;;;;;;;;;;OK;4/19/2024;3:08:41 PM;Default;K;0.366;;cm⁻¹;;;;1;30000;µS/cm;28.4;mS/cm;22.2;;;;;;;;;;;;;;;;;;;;;;;;;;;;;;;°C;;;;;1714093985;1713539321;2.32E+11;;Interval;EndOfRecord
RD;pH;4/26/2024;1:12:04 AM;Default;PHC301;SN 240462571090;Edited;Sample ID (28667);3.001;pH;25;°C;246.1;mV;;;;;;;;;;;;;;;OK;4/25/2024;12:22:34 PM;Default;Slope;-57.99;98;mV/pH;14.1;mV;0.9998;3;4;pH;187.6;mV;22.2;7.01;pH;11;mV;22;10.04;pH;-159.2;mV;22.5;;;;;;;;;;;;;;;;;;;;;°C;;;;;1714093924;1714047754;2.32E+11;;Interval;EndOfRecord
RD;CD;4/26/2024;1:12:04 AM;Default;CDC401;SN 231662582599;Edited;Sample ID (28667);41.3;mS/cm;25.1;°C;41.4;mS/cm;;;NaCl/Non-Linear;Reference Temperature = 25 °C;;;;;;;;;;;OK;4/19/2024;3:08:41 PM;Default;K;0.366;;cm⁻¹;;;;1;30000;µS/cm;28.4;mS/cm;22.2;;;;;;;;;;;;;;;;;;;;;;;;;;;;;;;°C;;;;;1714093924;1713539321;2.32E+11;;Interval;EndOfRecord
RD;pH;4/26/2024;1:11:03 AM;Default;PHC301;SN 240462571090;Edited;Sample ID (28666);3.001;pH;25;°C;246;mV;;;;;;;;;;;;;;;OK;4/25/2024;12:22:34 PM;Default;Slope;-57.99;98;mV/pH;14.1;mV;0.9998;3;4;pH;187.6;mV;22.2;7.01;pH;11;mV;22;10.04;pH;-159.2;mV;22.5;;;;;;;;;;;;;;;;;;;;;°C;;;;;1714093863;1714047754;2.32E+11;;Interval;EndOfRecord
RD;CD;4/26/2024;1:11:03 AM;Default;CDC401;SN 231662582599;Edited;Sample ID (28666);41.4;mS/cm;25.1;°C;41.5;mS/cm;;;NaCl/Non-Linear;Reference Temperature = 25 °C;;;;;;;;;;;OK;4/19/2024;3:08:41 PM;Default;K;0.366;;cm⁻¹;;;;1;30000;µS/cm;28.4;mS/cm;22.2;;;;;;;;;;;;;;;;;;;;;;;;;;;;;;;°C;;;;;1714093863;1713539321;2.32E+11;;Interval;EndOfRecord
RD;pH;4/26/2024;1:10:03 AM;Default;PHC301;SN 240462571090;Edited;Sample ID (28665);3.001;pH;25;°C;246;mV;;;;;;;;;;;;;;;OK;4/25/2024;12:22:34 PM;Default;Slope;-57.99;98;mV/pH;14.1;mV;0.9998;3;4;pH;187.6;mV;22.2;7.01;pH;11;mV;22;10.04;pH;-159.2;mV;22.5;;;;;;;;;;;;;;;;;;;;;°C;;;;;1714093803;1714047754;2.32E+11;;Interval;EndOfRecord
RD;CD;4/26/2024;1:10:03 AM;Default;CDC401;SN 231662582599;Edited;Sample ID (28665);41.4;mS/cm;25.1;°C;41.5;mS/cm;;;NaCl/Non-Linear;Reference Temperature = 25 °C;;;;;;;;;;;OK;4/19/2024;3:08:41 PM;Default;K;0.366;;cm⁻¹;;;;1;30000;µS/cm;28.4;mS/cm;22.2;;;;;;;;;;;;;;;;;;;;;;;;;;;;;;;°C;;;;;1714093803;1713539321;2.32E+11;;Interval;EndOfRecord
RD;pH;4/26/2024;1:09:04 AM;Default;PHC301;SN 240462571090;Edited;Sample ID (28664);3.001;pH;25;°C;246;mV;;;;;;;;;;;;;;;OK;4/25/2024;12:22:34 PM;Default;Slope;-57.99;98;mV/pH;14.1;mV;0.9998;3;4;pH;187.6;mV;22.2;7.01;pH;11;mV;22;10.04;pH;-159.2;mV;22.5;;;;;;;;;;;;;;;;;;;;;°C;;;;;1714093744;1714047754;2.32E+11;;Interval;EndOfRecord
RD;CD;4/26/2024;1:09:04 AM;Default;CDC401;SN 231662582599;Edited;Sample ID (28664);41.3;mS/cm;25.1;°C;41.4;mS/cm;;;NaCl/Non-Linear;Reference Temperature = 25 °C;;;;;;;;;;;OK;4/19/2024;3:08:41 PM;Default;K;0.366;;cm⁻¹;;;;1;30000;µS/cm;28.4;mS/cm;22.2;;;;;;;;;;;;;;;;;;;;;;;;;;;;;;;°C;;;;;1714093744;1713539321;2.32E+11;;Interval;EndOfRecord
RD;pH;4/26/2024;1:08:04 AM;Default;PHC301;SN 240462571090;Edited;Sample ID (28663);3.003;pH;25;°C;246;mV;;;;;;;;;;;;;;;OK;4/25/2024;12:22:34 PM;Default;Slope;-57.99;98;mV/pH;14.1;mV;0.9998;3;4;pH;187.6;mV;22.2;7.01;pH;11;mV;22;10.04;pH;-159.2;mV;22.5;;;;;;;;;;;;;;;;;;;;;°C;;;;;1714093684;1714047754;2.32E+11;;Interval;EndOfRecord
RD;CD;4/26/2024;1:08:04 AM;Default;CDC401;SN 231662582599;Edited;Sample ID (28663);41.4;mS/cm;25.1;°C;41.4;mS/cm;;;NaCl/Non-Linear;Reference Temperature = 25 °C;;;;;;;;;;;OK;4/19/2024;3:08:41 PM;Default;K;0.366;;cm⁻¹;;;;1;30000;µS/cm;28.4;mS/cm;22.2;;;;;;;;;;;;;;;;;;;;;;;;;;;;;;;°C;;;;;1714093684;1713539321;2.32E+11;;Interval;EndOfRecord
RD;pH;4/26/2024;1:07:05 AM;Default;PHC301;SN 240462571090;Edited;Sample ID (28662);3.003;pH;24.9;°C;246;mV;;;;;;;;;;;;;;;OK;4/25/2024;12:22:34 PM;Default;Slope;-57.99;98;mV/pH;14.1;mV;0.9998;3;4;pH;187.6;mV;22.2;7.01;pH;11;mV;22;10.04;pH;-159.2;mV;22.5;;;;;;;;;;;;;;;;;;;;;°C;;;;;1714093625;1714047754;2.32E+11;;Interval;EndOfRecord
RD;CD;4/26/2024;1:07:05 AM;Default;CDC401;SN 231662582599;Edited;Sample ID (28662);41.4;mS/cm;25.1;°C;41.4;mS/cm;;;NaCl/Non-Linear;Reference Temperature = 25 °C;;;;;;;;;;;OK;4/19/2024;3:08:41 PM;Default;K;0.366;;cm⁻¹;;;;1;30000;µS/cm;28.4;mS/cm;22.2;;;;;;;;;;;;;;;;;;;;;;;;;;;;;;;°C;;;;;1714093625;1713539321;2.32E+11;;Interval;EndOfRecord
RD;pH;4/26/2024;1:06:04 AM;Default;PHC301;SN 240462571090;Edited;Sample ID (28661);3.003;pH;24.9;°C;245.8;mV;;;;;;;;;;;;;;;OK;4/25/2024;12:22:34 PM;Default;Slope;-57.99;98;mV/pH;14.1;mV;0.9998;3;4;pH;187.6;mV;22.2;7.01;pH;11;mV;22;10.04;pH;-159.2;mV;22.5;;;;;;;;;;;;;;;;;;;;;°C;;;;;1714093564;1714047754;2.32E+11;;Interval;EndOfRecord
RD;CD;4/26/2024;1:06:04 AM;Default;CDC401;SN 231662582599;Edited;Sample ID (28661);41.3;mS/cm;25.1;°C;41.4;mS/cm;;;NaCl/Non-Linear;Reference Temperature = 25 °C;;;;;;;;;;;OK;4/19/2024;3:08:41 PM;Default;K;0.366;;cm⁻¹;;;;1;30000;µS/cm;28.4;mS/cm;22.2;;;;;;;;;;;;;;;;;;;;;;;;;;;;;;;°C;;;;;1714093564;1713539321;2.32E+11;;Interval;EndOfRecord
RD;pH;4/26/2024;1:05:03 AM;Default;PHC301;SN 240462571090;Edited;Sample ID (28660);3.003;pH;24.9;°C;245.8;mV;;;;;;;;;;;;;;;OK;4/25/2024;12:22:34 PM;Default;Slope;-57.99;98;mV/pH;14.1;mV;0.9998;3;4;pH;187.6;mV;22.2;7.01;pH;11;mV;22;10.04;pH;-159.2;mV;22.5;;;;;;;;;;;;;;;;;;;;;°C;;;;;1714093503;1714047754;2.32E+11;;Interval;EndOfRecord
RD;CD;4/26/2024;1:05:03 AM;Default;CDC401;SN 231662582599;Edited;Sample ID (28660);41.4;mS/cm;25.1;°C;41.4;mS/cm;;;NaCl/Non-Linear;Reference Temperature = 25 °C;;;;;;;;;;;OK;4/19/2024;3:08:41 PM;Default;K;0.366;;cm⁻¹;;;;1;30000;µS/cm;28.4;mS/cm;22.2;;;;;;;;;;;;;;;;;;;;;;;;;;;;;;;°C;;;;;1714093503;1713539321;2.32E+11;;Interval;EndOfRecord
RD;pH;4/26/2024;1:04:03 AM;Default;PHC301;SN 240462571090;Edited;Sample ID (28659);3.003;pH;24.9;°C;245.8;mV;;;;;;;;;;;;;;;OK;4/25/2024;12:22:34 PM;Default;Slope;-57.99;98;mV/pH;14.1;mV;0.9998;3;4;pH;187.6;mV;22.2;7.01;pH;11;mV;22;10.04;pH;-159.2;mV;22.5;;;;;;;;;;;;;;;;;;;;;°C;;;;;1714093443;1714047754;2.32E+11;;Interval;EndOfRecord
RD;CD;4/26/2024;1:04:03 AM;Default;CDC401;SN 231662582599;Edited;Sample ID (28659);41.4;mS/cm;25.1;°C;41.4;mS/cm;;;NaCl/Non-Linear;Reference Temperature = 25 °C;;;;;;;;;;;OK;4/19/2024;3:08:41 PM;Default;K;0.366;;cm⁻¹;;;;1;30000;µS/cm;28.4;mS/cm;22.2;;;;;;;;;;;;;;;;;;;;;;;;;;;;;;;°C;;;;;1714093443;1713539321;2.32E+11;;Interval;EndOfRecord
RD;pH;4/26/2024;1:03:03 AM;Default;PHC301;SN 240462571090;Edited;Sample ID (28658);3.003;pH;24.9;°C;245.8;mV;;;;;;;;;;;;;;;OK;4/25/2024;12:22:34 PM;Default;Slope;-57.99;98;mV/pH;14.1;mV;0.9998;3;4;pH;187.6;mV;22.2;7.01;pH;11;mV;22;10.04;pH;-159.2;mV;22.5;;;;;;;;;;;;;;;;;;;;;°C;;;;;1714093383;1714047754;2.32E+11;;Interval;EndOfRecord
RD;CD;4/26/2024;1:03:03 AM;Default;CDC401;SN 231662582599;Edited;Sample ID (28658);41.4;mS/cm;25.1;°C;41.4;mS/cm;;;NaCl/Non-Linear;Reference Temperature = 25 °C;;;;;;;;;;;OK;4/19/2024;3:08:41 PM;Default;K;0.366;;cm⁻¹;;;;1;30000;µS/cm;28.4;mS/cm;22.2;;;;;;;;;;;;;;;;;;;;;;;;;;;;;;;°C;;;;;1714093383;1713539321;2.32E+11;;Interval;EndOfRecord
RD;pH;4/26/2024;1:02:04 AM;Default;PHC301;SN 240462571090;Edited;Sample ID (28657);3.003;pH;24.9;°C;245.8;mV;;;;;;;;;;;;;;;OK;4/25/2024;12:22:34 PM;Default;Slope;-57.99;98;mV/pH;14.1;mV;0.9998;3;4;pH;187.6;mV;22.2;7.01;pH;11;mV;22;10.04;pH;-159.2;mV;22.5;;;;;;;;;;;;;;;;;;;;;°C;;;;;1714093324;1714047754;2.32E+11;;Interval;EndOfRecord
RD;CD;4/26/2024;1:02:04 AM;Default;CDC401;SN 231662582599;Edited;Sample ID (28657);41.4;mS/cm;25;°C;41.4;mS/cm;;;NaCl/Non-Linear;Reference Temperature = 25 °C;;;;;;;;;;;OK;4/19/2024;3:08:41 PM;Default;K;0.366;;cm⁻¹;;;;1;30000;µS/cm;28.4;mS/cm;22.2;;;;;;;;;;;;;;;;;;;;;;;;;;;;;;;°C;;;;;1714093324;1713539321;2.32E+11;;Interval;EndOfRecord
RD;pH;4/26/2024;1:01:04 AM;Default;PHC301;SN 240462571090;Edited;Sample ID (28656);3.004;pH;24.9;°C;245.8;mV;;;;;;;;;;;;;;;OK;4/25/2024;12:22:34 PM;Default;Slope;-57.99;98;mV/pH;14.1;mV;0.9998;3;4;pH;187.6;mV;22.2;7.01;pH;11;mV;22;10.04;pH;-159.2;mV;22.5;;;;;;;;;;;;;;;;;;;;;°C;;;;;1714093264;1714047754;2.32E+11;;Interval;EndOfRecord
RD;CD;4/26/2024;1:01:04 AM;Default;CDC401;SN 231662582599;Edited;Sample ID (28656);41.3;mS/cm;25;°C;41.4;mS/cm;;;NaCl/Non-Linear;Reference Temperature = 25 °C;;;;;;;;;;;OK;4/19/2024;3:08:41 PM;Default;K;0.366;;cm⁻¹;;;;1;30000;µS/cm;28.4;mS/cm;22.2;;;;;;;;;;;;;;;;;;;;;;;;;;;;;;;°C;;;;;1714093264;1713539321;2.32E+11;;Interval;EndOfRecord
RD;pH;4/26/2024;1:00:04 AM;Default;PHC301;SN 240462571090;Edited;Sample ID (28655);3.004;pH;24.9;°C;245.8;mV;;;;;;;;;;;;;;;OK;4/25/2024;12:22:34 PM;Default;Slope;-57.99;98;mV/pH;14.1;mV;0.9998;3;4;pH;187.6;mV;22.2;7.01;pH;11;mV;22;10.04;pH;-159.2;mV;22.5;;;;;;;;;;;;;;;;;;;;;°C;;;;;1714093204;1714047754;2.32E+11;;Interval;EndOfRecord
RD;CD;4/26/2024;1:00:04 AM;Default;CDC401;SN 231662582599;Edited;Sample ID (28655);41.4;mS/cm;25;°C;41.4;mS/cm;;;NaCl/Non-Linear;Reference Temperature = 25 °C;;;;;;;;;;;OK;4/19/2024;3:08:41 PM;Default;K;0.366;;cm⁻¹;;;;1;30000;µS/cm;28.4;mS/cm;22.2;;;;;;;;;;;;;;;;;;;;;;;;;;;;;;;°C;;;;;1714093204;1713539321;2.32E+11;;Interval;EndOfRecord
RD;pH;4/26/2024;12:59:04 AM;Default;PHC301;SN 240462571090;Edited;Sample ID (28654);3.004;pH;24.9;°C;245.8;mV;;;;;;;;;;;;;;;OK;4/25/2024;12:22:34 PM;Default;Slope;-57.99;98;mV/pH;14.1;mV;0.9998;3;4;pH;187.6;mV;22.2;7.01;pH;11;mV;22;10.04;pH;-159.2;mV;22.5;;;;;;;;;;;;;;;;;;;;;°C;;;;;1714093144;1714047754;2.32E+11;;Interval;EndOfRecord
RD;CD;4/26/2024;12:59:04 AM;Default;CDC401;SN 231662582599;Edited;Sample ID (28654);41.3;mS/cm;25;°C;41.3;mS/cm;;;NaCl/Non-Linear;Reference Temperature = 25 °C;;;;;;;;;;;OK;4/19/2024;3:08:41 PM;Default;K;0.366;;cm⁻¹;;;;1;30000;µS/cm;28.4;mS/cm;22.2;;;;;;;;;;;;;;;;;;;;;;;;;;;;;;;°C;;;;;1714093144;1713539321;2.32E+11;;Interval;EndOfRecord
RD;pH;4/26/2024;12:58:04 AM;Default;PHC301;SN 240462571090;Edited;Sample ID (28653);3.004;pH;24.9;°C;245.8;mV;;;;;;;;;;;;;;;OK;4/25/2024;12:22:34 PM;Default;Slope;-57.99;98;mV/pH;14.1;mV;0.9998;3;4;pH;187.6;mV;22.2;7.01;pH;11;mV;22;10.04;pH;-159.2;mV;22.5;;;;;;;;;;;;;;;;;;;;;°C;;;;;1714093084;1714047754;2.32E+11;;Interval;EndOfRecord
RD;CD;4/26/2024;12:58:04 AM;Default;CDC401;SN 231662582599;Edited;Sample ID (28653);41.4;mS/cm;25;°C;41.4;mS/cm;;;NaCl/Non-Linear;Reference Temperature = 25 °C;;;;;;;;;;;OK;4/19/2024;3:08:41 PM;Default;K;0.366;;cm⁻¹;;;;1;30000;µS/cm;28.4;mS/cm;22.2;;;;;;;;;;;;;;;;;;;;;;;;;;;;;;;°C;;;;;1714093084;1713539321;2.32E+11;;Interval;EndOfRecord
RD;pH;4/26/2024;12:57:04 AM;Default;PHC301;SN 240462571090;Edited;Sample ID (28652);3.004;pH;24.9;°C;245.8;mV;;;;;;;;;;;;;;;OK;4/25/2024;12:22:34 PM;Default;Slope;-57.99;98;mV/pH;14.1;mV;0.9998;3;4;pH;187.6;mV;22.2;7.01;pH;11;mV;22;10.04;pH;-159.2;mV;22.5;;;;;;;;;;;;;;;;;;;;;°C;;;;;1714093024;1714047754;2.32E+11;;Interval;EndOfRecord
RD;CD;4/26/2024;12:57:04 AM;Default;CDC401;SN 231662582599;Edited;Sample ID (28652);41.4;mS/cm;25;°C;41.4;mS/cm;;;NaCl/Non-Linear;Reference Temperature = 25 °C;;;;;;;;;;;OK;4/19/2024;3:08:41 PM;Default;K;0.366;;cm⁻¹;;;;1;30000;µS/cm;28.4;mS/cm;22.2;;;;;;;;;;;;;;;;;;;;;;;;;;;;;;;°C;;;;;1714093024;1713539321;2.32E+11;;Interval;EndOfRecord
RD;pH;4/26/2024;12:56:03 AM;Default;PHC301;SN 240462571090;Edited;Sample ID (28651);3.004;pH;24.9;°C;245.8;mV;;;;;;;;;;;;;;;OK;4/25/2024;12:22:34 PM;Default;Slope;-57.99;98;mV/pH;14.1;mV;0.9998;3;4;pH;187.6;mV;22.2;7.01;pH;11;mV;22;10.04;pH;-159.2;mV;22.5;;;;;;;;;;;;;;;;;;;;;°C;;;;;1714092963;1714047754;2.32E+11;;Interval;EndOfRecord
RD;CD;4/26/2024;12:56:03 AM;Default;CDC401;SN 231662582599;Edited;Sample ID (28651);41.4;mS/cm;25;°C;41.4;mS/cm;;;NaCl/Non-Linear;Reference Temperature = 25 °C;;;;;;;;;;;OK;4/19/2024;3:08:41 PM;Default;K;0.366;;cm⁻¹;;;;1;30000;µS/cm;28.4;mS/cm;22.2;;;;;;;;;;;;;;;;;;;;;;;;;;;;;;;°C;;;;;1714092963;1713539321;2.32E+11;;Interval;EndOfRecord
RD;pH;4/26/2024;12:55:03 AM;Default;PHC301;SN 240462571090;Edited;Sample ID (28650);3.004;pH;24.9;°C;245.8;mV;;;;;;;;;;;;;;;OK;4/25/2024;12:22:34 PM;Default;Slope;-57.99;98;mV/pH;14.1;mV;0.9998;3;4;pH;187.6;mV;22.2;7.01;pH;11;mV;22;10.04;pH;-159.2;mV;22.5;;;;;;;;;;;;;;;;;;;;;°C;;;;;1714092903;1714047754;2.32E+11;;Interval;EndOfRecord
RD;CD;4/26/2024;12:55:03 AM;Default;CDC401;SN 231662582599;Edited;Sample ID (28650);41.4;mS/cm;25;°C;41.4;mS/cm;;;NaCl/Non-Linear;Reference Temperature = 25 °C;;;;;;;;;;;OK;4/19/2024;3:08:41 PM;Default;K;0.366;;cm⁻¹;;;;1;30000;µS/cm;28.4;mS/cm;22.2;;;;;;;;;;;;;;;;;;;;;;;;;;;;;;;°C;;;;;1714092903;1713539321;2.32E+11;;Interval;EndOfRecord
RD;pH;4/26/2024;12:54:03 AM;Default;PHC301;SN 240462571090;Edited;Sample ID (28649);3.002;pH;24.8;°C;245.8;mV;;;;;;;;;;;;;;;OK;4/25/2024;12:22:34 PM;Default;Slope;-57.99;98;mV/pH;14.1;mV;0.9998;3;4;pH;187.6;mV;22.2;7.01;pH;11;mV;22;10.04;pH;-159.2;mV;22.5;;;;;;;;;;;;;;;;;;;;;°C;;;;;1714092843;1714047754;2.32E+11;;Interval;EndOfRecord
RD;CD;4/26/2024;12:54:03 AM;Default;CDC401;SN 231662582599;Edited;Sample ID (28649);41.4;mS/cm;25;°C;41.4;mS/cm;;;NaCl/Non-Linear;Reference Temperature = 25 °C;;;;;;;;;;;OK;4/19/2024;3:08:41 PM;Default;K;0.366;;cm⁻¹;;;;1;30000;µS/cm;28.4;mS/cm;22.2;;;;;;;;;;;;;;;;;;;;;;;;;;;;;;;°C;;;;;1714092843;1713539321;2.32E+11;;Interval;EndOfRecord
RD;pH;4/26/2024;12:53:04 AM;Default;PHC301;SN 240462571090;Edited;Sample ID (28648);3.002;pH;24.8;°C;245.8;mV;;;;;;;;;;;;;;;OK;4/25/2024;12:22:34 PM;Default;Slope;-57.99;98;mV/pH;14.1;mV;0.9998;3;4;pH;187.6;mV;22.2;7.01;pH;11;mV;22;10.04;pH;-159.2;mV;22.5;;;;;;;;;;;;;;;;;;;;;°C;;;;;1714092784;1714047754;2.32E+11;;Interval;EndOfRecord
RD;CD;4/26/2024;12:53:04 AM;Default;CDC401;SN 231662582599;Edited;Sample ID (28648);41.3;mS/cm;25;°C;41.3;mS/cm;;;NaCl/Non-Linear;Reference Temperature = 25 °C;;;;;;;;;;;OK;4/19/2024;3:08:41 PM;Default;K;0.366;;cm⁻¹;;;;1;30000;µS/cm;28.4;mS/cm;22.2;;;;;;;;;;;;;;;;;;;;;;;;;;;;;;;°C;;;;;1714092784;1713539321;2.32E+11;;Interval;EndOfRecord
RD;pH;4/26/2024;12:52:03 AM;Default;PHC301;SN 240462571090;Edited;Sample ID (28647);3.003;pH;24.8;°C;245.7;mV;;;;;;;;;;;;;;;OK;4/25/2024;12:22:34 PM;Default;Slope;-57.99;98;mV/pH;14.1;mV;0.9998;3;4;pH;187.6;mV;22.2;7.01;pH;11;mV;22;10.04;pH;-159.2;mV;22.5;;;;;;;;;;;;;;;;;;;;;°C;;;;;1714092723;1714047754;2.32E+11;;Interval;EndOfRecord
RD;CD;4/26/2024;12:52:03 AM;Default;CDC401;SN 231662582599;Edited;Sample ID (28647);41.4;mS/cm;25;°C;41.3;mS/cm;;;NaCl/Non-Linear;Reference Temperature = 25 °C;;;;;;;;;;;OK;4/19/2024;3:08:41 PM;Default;K;0.366;;cm⁻¹;;;;1;30000;µS/cm;28.4;mS/cm;22.2;;;;;;;;;;;;;;;;;;;;;;;;;;;;;;;°C;;;;;1714092723;1713539321;2.32E+11;;Interval;EndOfRecord
RD;pH;4/26/2024;12:51:04 AM;Default;PHC301;SN 240462571090;Edited;Sample ID (28646);3.003;pH;24.8;°C;245.7;mV;;;;;;;;;;;;;;;OK;4/25/2024;12:22:34 PM;Default;Slope;-57.99;98;mV/pH;14.1;mV;0.9998;3;4;pH;187.6;mV;22.2;7.01;pH;11;mV;22;10.04;pH;-159.2;mV;22.5;;;;;;;;;;;;;;;;;;;;;°C;;;;;1714092664;1714047754;2.32E+11;;Interval;EndOfRecord
RD;CD;4/26/2024;12:51:04 AM;Default;CDC401;SN 231662582599;Edited;Sample ID (28646);41.4;mS/cm;25;°C;41.3;mS/cm;;;NaCl/Non-Linear;Reference Temperature = 25 °C;;;;;;;;;;;OK;4/19/2024;3:08:41 PM;Default;K;0.366;;cm⁻¹;;;;1;30000;µS/cm;28.4;mS/cm;22.2;;;;;;;;;;;;;;;;;;;;;;;;;;;;;;;°C;;;;;1714092664;1713539321;2.32E+11;;Interval;EndOfRecord
RD;pH;4/26/2024;12:50:03 AM;Default;PHC301;SN 240462571090;Edited;Sample ID (28645);3.003;pH;24.8;°C;245.7;mV;;;;;;;;;;;;;;;OK;4/25/2024;12:22:34 PM;Default;Slope;-57.99;98;mV/pH;14.1;mV;0.9998;3;4;pH;187.6;mV;22.2;7.01;pH;11;mV;22;10.04;pH;-159.2;mV;22.5;;;;;;;;;;;;;;;;;;;;;°C;;;;;1714092603;1714047754;2.32E+11;;Interval;EndOfRecord
RD;CD;4/26/2024;12:50:03 AM;Default;CDC401;SN 231662582599;Edited;Sample ID (28645);41.4;mS/cm;24.9;°C;41.3;mS/cm;;;NaCl/Non-Linear;Reference Temperature = 25 °C;;;;;;;;;;;OK;4/19/2024;3:08:41 PM;Default;K;0.366;;cm⁻¹;;;;1;30000;µS/cm;28.4;mS/cm;22.2;;;;;;;;;;;;;;;;;;;;;;;;;;;;;;;°C;;;;;1714092603;1713539321;2.32E+11;;Interval;EndOfRecord
RD;pH;4/26/2024;12:49:03 AM;Default;PHC301;SN 240462571090;Edited;Sample ID (28644);3.003;pH;24.8;°C;245.7;mV;;;;;;;;;;;;;;;OK;4/25/2024;12:22:34 PM;Default;Slope;-57.99;98;mV/pH;14.1;mV;0.9998;3;4;pH;187.6;mV;22.2;7.01;pH;11;mV;22;10.04;pH;-159.2;mV;22.5;;;;;;;;;;;;;;;;;;;;;°C;;;;;1714092543;1714047754;2.32E+11;;Interval;EndOfRecord
RD;CD;4/26/2024;12:49:03 AM;Default;CDC401;SN 231662582599;Edited;Sample ID (28644);41.4;mS/cm;24.9;°C;41.3;mS/cm;;;NaCl/Non-Linear;Reference Temperature = 25 °C;;;;;;;;;;;OK;4/19/2024;3:08:41 PM;Default;K;0.366;;cm⁻¹;;;;1;30000;µS/cm;28.4;mS/cm;22.2;;;;;;;;;;;;;;;;;;;;;;;;;;;;;;;°C;;;;;1714092543;1713539321;2.32E+11;;Interval;EndOfRecord
RD;pH;4/26/2024;12:48:04 AM;Default;PHC301;SN 240462571090;Edited;Sample ID (28643);3.003;pH;24.8;°C;245.7;mV;;;;;;;;;;;;;;;OK;4/25/2024;12:22:34 PM;Default;Slope;-57.99;98;mV/pH;14.1;mV;0.9998;3;4;pH;187.6;mV;22.2;7.01;pH;11;mV;22;10.04;pH;-159.2;mV;22.5;;;;;;;;;;;;;;;;;;;;;°C;;;;;1714092484;1714047754;2.32E+11;;Interval;EndOfRecord
RD;CD;4/26/2024;12:48:04 AM;Default;CDC401;SN 231662582599;Edited;Sample ID (28643);41.3;mS/cm;24.9;°C;41.2;mS/cm;;;NaCl/Non-Linear;Reference Temperature = 25 °C;;;;;;;;;;;OK;4/19/2024;3:08:41 PM;Default;K;0.366;;cm⁻¹;;;;1;30000;µS/cm;28.4;mS/cm;22.2;;;;;;;;;;;;;;;;;;;;;;;;;;;;;;;°C;;;;;1714092484;1713539321;2.32E+11;;Interval;EndOfRecord
RD;pH;4/26/2024;12:47:04 AM;Default;PHC301;SN 240462571090;Edited;Sample ID (28642);3.003;pH;24.8;°C;245.7;mV;;;;;;;;;;;;;;;OK;4/25/2024;12:22:34 PM;Default;Slope;-57.99;98;mV/pH;14.1;mV;0.9998;3;4;pH;187.6;mV;22.2;7.01;pH;11;mV;22;10.04;pH;-159.2;mV;22.5;;;;;;;;;;;;;;;;;;;;;°C;;;;;1714092424;1714047754;2.32E+11;;Interval;EndOfRecord
RD;CD;4/26/2024;12:47:04 AM;Default;CDC401;SN 231662582599;Edited;Sample ID (28642);41.4;mS/cm;24.9;°C;41.3;mS/cm;;;NaCl/Non-Linear;Reference Temperature = 25 °C;;;;;;;;;;;OK;4/19/2024;3:08:41 PM;Default;K;0.366;;cm⁻¹;;;;1;30000;µS/cm;28.4;mS/cm;22.2;;;;;;;;;;;;;;;;;;;;;;;;;;;;;;;°C;;;;;1714092424;1713539321;2.32E+11;;Interval;EndOfRecord
RD;pH;4/26/2024;12:46:04 AM;Default;PHC301;SN 240462571090;Edited;Sample ID (28641);3.003;pH;24.8;°C;245.7;mV;;;;;;;;;;;;;;;OK;4/25/2024;12:22:34 PM;Default;Slope;-57.99;98;mV/pH;14.1;mV;0.9998;3;4;pH;187.6;mV;22.2;7.01;pH;11;mV;22;10.04;pH;-159.2;mV;22.5;;;;;;;;;;;;;;;;;;;;;°C;;;;;1714092364;1714047754;2.32E+11;;Interval;EndOfRecord
RD;CD;4/26/2024;12:46:04 AM;Default;CDC401;SN 231662582599;Edited;Sample ID (28641);41.3;mS/cm;24.9;°C;41.2;mS/cm;;;NaCl/Non-Linear;Reference Temperature = 25 °C;;;;;;;;;;;OK;4/19/2024;3:08:41 PM;Default;K;0.366;;cm⁻¹;;;;1;30000;µS/cm;28.4;mS/cm;22.2;;;;;;;;;;;;;;;;;;;;;;;;;;;;;;;°C;;;;;1714092364;1713539321;2.32E+11;;Interval;EndOfRecord
RD;pH;4/26/2024;12:45:04 AM;Default;PHC301;SN 240462571090;Edited;Sample ID (28640);3.003;pH;24.8;°C;245.6;mV;;;;;;;;;;;;;;;OK;4/25/2024;12:22:34 PM;Default;Slope;-57.99;98;mV/pH;14.1;mV;0.9998;3;4;pH;187.6;mV;22.2;7.01;pH;11;mV;22;10.04;pH;-159.2;mV;22.5;;;;;;;;;;;;;;;;;;;;;°C;;;;;1714092304;1714047754;2.32E+11;;Interval;EndOfRecord
RD;CD;4/26/2024;12:45:04 AM;Default;CDC401;SN 231662582599;Edited;Sample ID (28640);41.3;mS/cm;24.9;°C;41.3;mS/cm;;;NaCl/Non-Linear;Reference Temperature = 25 °C;;;;;;;;;;;OK;4/19/2024;3:08:41 PM;Default;K;0.366;;cm⁻¹;;;;1;30000;µS/cm;28.4;mS/cm;22.2;;;;;;;;;;;;;;;;;;;;;;;;;;;;;;;°C;;;;;1714092304;1713539321;2.32E+11;;Interval;EndOfRecord
RD;pH;4/26/2024;12:44:03 AM;Default;PHC301;SN 240462571090;Edited;Sample ID (28639);3.003;pH;24.7;°C;245.6;mV;;;;;;;;;;;;;;;OK;4/25/2024;12:22:34 PM;Default;Slope;-57.99;98;mV/pH;14.1;mV;0.9998;3;4;pH;187.6;mV;22.2;7.01;pH;11;mV;22;10.04;pH;-159.2;mV;22.5;;;;;;;;;;;;;;;;;;;;;°C;;;;;1714092243;1714047754;2.32E+11;;Interval;EndOfRecord
RD;CD;4/26/2024;12:44:03 AM;Default;CDC401;SN 231662582599;Edited;Sample ID (28639);41.4;mS/cm;24.9;°C;41.3;mS/cm;;;NaCl/Non-Linear;Reference Temperature = 25 °C;;;;;;;;;;;OK;4/19/2024;3:08:41 PM;Default;K;0.366;;cm⁻¹;;;;1;30000;µS/cm;28.4;mS/cm;22.2;;;;;;;;;;;;;;;;;;;;;;;;;;;;;;;°C;;;;;1714092243;1713539321;2.32E+11;;Interval;EndOfRecord
RD;pH;4/26/2024;12:43:03 AM;Default;PHC301;SN 240462571090;Edited;Sample ID (28638);3.003;pH;24.7;°C;245.6;mV;;;;;;;;;;;;;;;OK;4/25/2024;12:22:34 PM;Default;Slope;-57.99;98;mV/pH;14.1;mV;0.9998;3;4;pH;187.6;mV;22.2;7.01;pH;11;mV;22;10.04;pH;-159.2;mV;22.5;;;;;;;;;;;;;;;;;;;;;°C;;;;;1714092183;1714047754;2.32E+11;;Interval;EndOfRecord
RD;CD;4/26/2024;12:43:03 AM;Default;CDC401;SN 231662582599;Edited;Sample ID (28638);41.4;mS/cm;24.9;°C;41.3;mS/cm;;;NaCl/Non-Linear;Reference Temperature = 25 °C;;;;;;;;;;;OK;4/19/2024;3:08:41 PM;Default;K;0.366;;cm⁻¹;;;;1;30000;µS/cm;28.4;mS/cm;22.2;;;;;;;;;;;;;;;;;;;;;;;;;;;;;;;°C;;;;;1714092183;1713539321;2.32E+11;;Interval;EndOfRecord
RD;pH;4/26/2024;12:42:03 AM;Default;PHC301;SN 240462571090;Edited;Sample ID (28637);3.005;pH;24.7;°C;245.6;mV;;;;;;;;;;;;;;;OK;4/25/2024;12:22:34 PM;Default;Slope;-57.99;98;mV/pH;14.1;mV;0.9998;3;4;pH;187.6;mV;22.2;7.01;pH;11;mV;22;10.04;pH;-159.2;mV;22.5;;;;;;;;;;;;;;;;;;;;;°C;;;;;1714092123;1714047754;2.32E+11;;Interval;EndOfRecord
RD;CD;4/26/2024;12:42:03 AM;Default;CDC401;SN 231662582599;Edited;Sample ID (28637);41.4;mS/cm;24.9;°C;41.3;mS/cm;;;NaCl/Non-Linear;Reference Temperature = 25 °C;;;;;;;;;;;OK;4/19/2024;3:08:41 PM;Default;K;0.366;;cm⁻¹;;;;1;30000;µS/cm;28.4;mS/cm;22.2;;;;;;;;;;;;;;;;;;;;;;;;;;;;;;;°C;;;;;1714092123;1713539321;2.32E+11;;Interval;EndOfRecord
RD;pH;4/26/2024;12:41:04 AM;Default;PHC301;SN 240462571090;Edited;Sample ID (28636);3.005;pH;24.7;°C;245.6;mV;;;;;;;;;;;;;;;OK;4/25/2024;12:22:34 PM;Default;Slope;-57.99;98;mV/pH;14.1;mV;0.9998;3;4;pH;187.6;mV;22.2;7.01;pH;11;mV;22;10.04;pH;-159.2;mV;22.5;;;;;;;;;;;;;;;;;;;;;°C;;;;;1714092064;1714047754;2.32E+11;;Interval;EndOfRecord
RD;CD;4/26/2024;12:41:04 AM;Default;CDC401;SN 231662582599;Edited;Sample ID (28636);41.3;mS/cm;24.8;°C;41.2;mS/cm;;;NaCl/Non-Linear;Reference Temperature = 25 °C;;;;;;;;;;;OK;4/19/2024;3:08:41 PM;Default;K;0.366;;cm⁻¹;;;;1;30000;µS/cm;28.4;mS/cm;22.2;;;;;;;;;;;;;;;;;;;;;;;;;;;;;;;°C;;;;;1714092064;1713539321;2.32E+11;;Interval;EndOfRecord
RD;pH;4/26/2024;12:40:04 AM;Default;PHC301;SN 240462571090;Edited;Sample ID (28635);3.005;pH;24.7;°C;245.6;mV;;;;;;;;;;;;;;;OK;4/25/2024;12:22:34 PM;Default;Slope;-57.99;98;mV/pH;14.1;mV;0.9998;3;4;pH;187.6;mV;22.2;7.01;pH;11;mV;22;10.04;pH;-159.2;mV;22.5;;;;;;;;;;;;;;;;;;;;;°C;;;;;1714092004;1714047754;2.32E+11;;Interval;EndOfRecord
RD;CD;4/26/2024;12:40:04 AM;Default;CDC401;SN 231662582599;Edited;Sample ID (28635);41.3;mS/cm;24.8;°C;41.2;mS/cm;;;NaCl/Non-Linear;Reference Temperature = 25 °C;;;;;;;;;;;OK;4/19/2024;3:08:41 PM;Default;K;0.366;;cm⁻¹;;;;1;30000;µS/cm;28.4;mS/cm;22.2;;;;;;;;;;;;;;;;;;;;;;;;;;;;;;;°C;;;;;1714092004;1713539321;2.32E+11;;Interval;EndOfRecord
RD;pH;4/26/2024;12:39:05 AM;Default;PHC301;SN 240462571090;Edited;Sample ID (28634);3.005;pH;24.7;°C;245.6;mV;;;;;;;;;;;;;;;OK;4/25/2024;12:22:34 PM;Default;Slope;-57.99;98;mV/pH;14.1;mV;0.9998;3;4;pH;187.6;mV;22.2;7.01;pH;11;mV;22;10.04;pH;-159.2;mV;22.5;;;;;;;;;;;;;;;;;;;;;°C;;;;;1714091945;1714047754;2.32E+11;;Interval;EndOfRecord
RD;CD;4/26/2024;12:39:05 AM;Default;CDC401;SN 231662582599;Edited;Sample ID (28634);41.3;mS/cm;24.8;°C;41.2;mS/cm;;;NaCl/Non-Linear;Reference Temperature = 25 °C;;;;;;;;;;;OK;4/19/2024;3:08:41 PM;Default;K;0.366;;cm⁻¹;;;;1;30000;µS/cm;28.4;mS/cm;22.2;;;;;;;;;;;;;;;;;;;;;;;;;;;;;;;°C;;;;;1714091945;1713539321;2.32E+11;;Interval;EndOfRecord
RD;pH;4/26/2024;12:38:04 AM;Default;PHC301;SN 240462571090;Edited;Sample ID (28633);3.005;pH;24.7;°C;245.6;mV;;;;;;;;;;;;;;;OK;4/25/2024;12:22:34 PM;Default;Slope;-57.99;98;mV/pH;14.1;mV;0.9998;3;4;pH;187.6;mV;22.2;7.01;pH;11;mV;22;10.04;pH;-159.2;mV;22.5;;;;;;;;;;;;;;;;;;;;;°C;;;;;1714091884;1714047754;2.32E+11;;Interval;EndOfRecord
RD;CD;4/26/2024;12:38:04 AM;Default;CDC401;SN 231662582599;Edited;Sample ID (28633);41.3;mS/cm;24.8;°C;41.2;mS/cm;;;NaCl/Non-Linear;Reference Temperature = 25 °C;;;;;;;;;;;OK;4/19/2024;3:08:41 PM;Default;K;0.366;;cm⁻¹;;;;1;30000;µS/cm;28.4;mS/cm;22.2;;;;;;;;;;;;;;;;;;;;;;;;;;;;;;;°C;;;;;1714091884;1713539321;2.32E+11;;Interval;EndOfRecord
RD;pH;4/26/2024;12:37:03 AM;Default;PHC301;SN 240462571090;Edited;Sample ID (28632);3.005;pH;24.7;°C;245.6;mV;;;;;;;;;;;;;;;OK;4/25/2024;12:22:34 PM;Default;Slope;-57.99;98;mV/pH;14.1;mV;0.9998;3;4;pH;187.6;mV;22.2;7.01;pH;11;mV;22;10.04;pH;-159.2;mV;22.5;;;;;;;;;;;;;;;;;;;;;°C;;;;;1714091823;1714047754;2.32E+11;;Interval;EndOfRecord
RD;CD;4/26/2024;12:37:03 AM;Default;CDC401;SN 231662582599;Edited;Sample ID (28632);41.4;mS/cm;24.8;°C;41.2;mS/cm;;;NaCl/Non-Linear;Reference Temperature = 25 °C;;;;;;;;;;;OK;4/19/2024;3:08:41 PM;Default;K;0.366;;cm⁻¹;;;;1;30000;µS/cm;28.4;mS/cm;22.2;;;;;;;;;;;;;;;;;;;;;;;;;;;;;;;°C;;;;;1714091823;1713539321;2.32E+11;;Interval;EndOfRecord
RD;pH;4/26/2024;12:36:04 AM;Default;PHC301;SN 240462571090;Edited;Sample ID (28631);3.005;pH;24.7;°C;245.6;mV;;;;;;;;;;;;;;;OK;4/25/2024;12:22:34 PM;Default;Slope;-57.99;98;mV/pH;14.1;mV;0.9998;3;4;pH;187.6;mV;22.2;7.01;pH;11;mV;22;10.04;pH;-159.2;mV;22.5;;;;;;;;;;;;;;;;;;;;;°C;;;;;1714091764;1714047754;2.32E+11;;Interval;EndOfRecord
RD;CD;4/26/2024;12:36:04 AM;Default;CDC401;SN 231662582599;Edited;Sample ID (28631);41.3;mS/cm;24.8;°C;41.1;mS/cm;;;NaCl/Non-Linear;Reference Temperature = 25 °C;;;;;;;;;;;OK;4/19/2024;3:08:41 PM;Default;K;0.366;;cm⁻¹;;;;1;30000;µS/cm;28.4;mS/cm;22.2;;;;;;;;;;;;;;;;;;;;;;;;;;;;;;;°C;;;;;1714091764;1713539321;2.32E+11;;Interval;EndOfRecord
RD;pH;4/26/2024;12:35:03 AM;Default;PHC301;SN 240462571090;Edited;Sample ID (28630);3.005;pH;24.6;°C;245.5;mV;;;;;;;;;;;;;;;OK;4/25/2024;12:22:34 PM;Default;Slope;-57.99;98;mV/pH;14.1;mV;0.9998;3;4;pH;187.6;mV;22.2;7.01;pH;11;mV;22;10.04;pH;-159.2;mV;22.5;;;;;;;;;;;;;;;;;;;;;°C;;;;;1714091703;1714047754;2.32E+11;;Interval;EndOfRecord
RD;CD;4/26/2024;12:35:03 AM;Default;CDC401;SN 231662582599;Edited;Sample ID (28630);41.4;mS/cm;24.8;°C;41.2;mS/cm;;;NaCl/Non-Linear;Reference Temperature = 25 °C;;;;;;;;;;;OK;4/19/2024;3:08:41 PM;Default;K;0.366;;cm⁻¹;;;;1;30000;µS/cm;28.4;mS/cm;22.2;;;;;;;;;;;;;;;;;;;;;;;;;;;;;;;°C;;;;;1714091703;1713539321;2.32E+11;;Interval;EndOfRecord
RD;pH;4/26/2024;12:34:03 AM;Default;PHC301;SN 240462571090;Edited;Sample ID (28629);3.005;pH;24.6;°C;245.5;mV;;;;;;;;;;;;;;;OK;4/25/2024;12:22:34 PM;Default;Slope;-57.99;98;mV/pH;14.1;mV;0.9998;3;4;pH;187.6;mV;22.2;7.01;pH;11;mV;22;10.04;pH;-159.2;mV;22.5;;;;;;;;;;;;;;;;;;;;;°C;;;;;1714091643;1714047754;2.32E+11;;Interval;EndOfRecord
RD;CD;4/26/2024;12:34:03 AM;Default;CDC401;SN 231662582599;Edited;Sample ID (28629);41.4;mS/cm;24.8;°C;41.2;mS/cm;;;NaCl/Non-Linear;Reference Temperature = 25 °C;;;;;;;;;;;OK;4/19/2024;3:08:41 PM;Default;K;0.366;;cm⁻¹;;;;1;30000;µS/cm;28.4;mS/cm;22.2;;;;;;;;;;;;;;;;;;;;;;;;;;;;;;;°C;;;;;1714091643;1713539321;2.32E+11;;Interval;EndOfRecord
RD;pH;4/26/2024;12:33:04 AM;Default;PHC301;SN 240462571090;Edited;Sample ID (28628);3.005;pH;24.6;°C;245.5;mV;;;;;;;;;;;;;;;OK;4/25/2024;12:22:34 PM;Default;Slope;-57.99;98;mV/pH;14.1;mV;0.9998;3;4;pH;187.6;mV;22.2;7.01;pH;11;mV;22;10.04;pH;-159.2;mV;22.5;;;;;;;;;;;;;;;;;;;;;°C;;;;;1714091584;1714047754;2.32E+11;;Interval;EndOfRecord
RD;CD;4/26/2024;12:33:04 AM;Default;CDC401;SN 231662582599;Edited;Sample ID (28628);41.3;mS/cm;24.8;°C;41.2;mS/cm;;;NaCl/Non-Linear;Reference Temperature = 25 °C;;;;;;;;;;;OK;4/19/2024;3:08:41 PM;Default;K;0.366;;cm⁻¹;;;;1;30000;µS/cm;28.4;mS/cm;22.2;;;;;;;;;;;;;;;;;;;;;;;;;;;;;;;°C;;;;;1714091584;1713539321;2.32E+11;;Interval;EndOfRecord
RD;pH;4/26/2024;12:32:04 AM;Default;PHC301;SN 240462571090;Edited;Sample ID (28627);3.005;pH;24.6;°C;245.5;mV;;;;;;;;;;;;;;;OK;4/25/2024;12:22:34 PM;Default;Slope;-57.99;98;mV/pH;14.1;mV;0.9998;3;4;pH;187.6;mV;22.2;7.01;pH;11;mV;22;10.04;pH;-159.2;mV;22.5;;;;;;;;;;;;;;;;;;;;;°C;;;;;1714091524;1714047754;2.32E+11;;Interval;EndOfRecord
RD;CD;4/26/2024;12:32:04 AM;Default;CDC401;SN 231662582599;Edited;Sample ID (28627);41.3;mS/cm;24.7;°C;41.1;mS/cm;;;NaCl/Non-Linear;Reference Temperature = 25 °C;;;;;;;;;;;OK;4/19/2024;3:08:41 PM;Default;K;0.366;;cm⁻¹;;;;1;30000;µS/cm;28.4;mS/cm;22.2;;;;;;;;;;;;;;;;;;;;;;;;;;;;;;;°C;;;;;1714091524;1713539321;2.32E+11;;Interval;EndOfRecord
RD;pH;4/26/2024;12:31:03 AM;Default;PHC301;SN 240462571090;Edited;Sample ID (28626);3.005;pH;24.6;°C;245.5;mV;;;;;;;;;;;;;;;OK;4/25/2024;12:22:34 PM;Default;Slope;-57.99;98;mV/pH;14.1;mV;0.9998;3;4;pH;187.6;mV;22.2;7.01;pH;11;mV;22;10.04;pH;-159.2;mV;22.5;;;;;;;;;;;;;;;;;;;;;°C;;;;;1714091463;1714047754;2.32E+11;;Interval;EndOfRecord
RD;CD;4/26/2024;12:31:03 AM;Default;CDC401;SN 231662582599;Edited;Sample ID (28626);41.4;mS/cm;24.7;°C;41.2;mS/cm;;;NaCl/Non-Linear;Reference Temperature = 25 °C;;;;;;;;;;;OK;4/19/2024;3:08:41 PM;Default;K;0.366;;cm⁻¹;;;;1;30000;µS/cm;28.4;mS/cm;22.2;;;;;;;;;;;;;;;;;;;;;;;;;;;;;;;°C;;;;;1714091463;1713539321;2.32E+11;;Interval;EndOfRecord
RD;pH;4/26/2024;12:30:03 AM;Default;PHC301;SN 240462571090;Edited;Sample ID (28625);3.005;pH;24.6;°C;245.5;mV;;;;;;;;;;;;;;;OK;4/25/2024;12:22:34 PM;Default;Slope;-57.99;98;mV/pH;14.1;mV;0.9998;3;4;pH;187.6;mV;22.2;7.01;pH;11;mV;22;10.04;pH;-159.2;mV;22.5;;;;;;;;;;;;;;;;;;;;;°C;;;;;1714091403;1714047754;2.32E+11;;Interval;EndOfRecord
RD;CD;4/26/2024;12:30:03 AM;Default;CDC401;SN 231662582599;Edited;Sample ID (28625);41.4;mS/cm;24.7;°C;41.1;mS/cm;;;NaCl/Non-Linear;Reference Temperature = 25 °C;;;;;;;;;;;OK;4/19/2024;3:08:41 PM;Default;K;0.366;;cm⁻¹;;;;1;30000;µS/cm;28.4;mS/cm;22.2;;;;;;;;;;;;;;;;;;;;;;;;;;;;;;;°C;;;;;1714091403;1713539321;2.32E+11;;Interval;EndOfRecord
RD;pH;4/26/2024;12:29:03 AM;Default;PHC301;SN 240462571090;Edited;Sample ID (28624);3.005;pH;24.6;°C;245.5;mV;;;;;;;;;;;;;;;OK;4/25/2024;12:22:34 PM;Default;Slope;-57.99;98;mV/pH;14.1;mV;0.9998;3;4;pH;187.6;mV;22.2;7.01;pH;11;mV;22;10.04;pH;-159.2;mV;22.5;;;;;;;;;;;;;;;;;;;;;°C;;;;;1714091343;1714047754;2.32E+11;;Interval;EndOfRecord
RD;CD;4/26/2024;12:29:03 AM;Default;CDC401;SN 231662582599;Edited;Sample ID (28624);41.4;mS/cm;24.7;°C;41.1;mS/cm;;;NaCl/Non-Linear;Reference Temperature = 25 °C;;;;;;;;;;;OK;4/19/2024;3:08:41 PM;Default;K;0.366;;cm⁻¹;;;;1;30000;µS/cm;28.4;mS/cm;22.2;;;;;;;;;;;;;;;;;;;;;;;;;;;;;;;°C;;;;;1714091343;1713539321;2.32E+11;;Interval;EndOfRecord
RD;pH;4/26/2024;12:28:04 AM;Default;PHC301;SN 240462571090;Edited;Sample ID (28623);3.007;pH;24.6;°C;245.3;mV;;;;;;;;;;;;;;;OK;4/25/2024;12:22:34 PM;Default;Slope;-57.99;98;mV/pH;14.1;mV;0.9998;3;4;pH;187.6;mV;22.2;7.01;pH;11;mV;22;10.04;pH;-159.2;mV;22.5;;;;;;;;;;;;;;;;;;;;;°C;;;;;1714091284;1714047754;2.32E+11;;Interval;EndOfRecord
RD;CD;4/26/2024;12:28:04 AM;Default;CDC401;SN 231662582599;Edited;Sample ID (28623);41.3;mS/cm;24.7;°C;41.1;mS/cm;;;NaCl/Non-Linear;Reference Temperature = 25 °C;;;;;;;;;;;OK;4/19/2024;3:08:41 PM;Default;K;0.366;;cm⁻¹;;;;1;30000;µS/cm;28.4;mS/cm;22.2;;;;;;;;;;;;;;;;;;;;;;;;;;;;;;;°C;;;;;1714091284;1713539321;2.32E+11;;Interval;EndOfRecord
RD;pH;4/26/2024;12:27:04 AM;Default;PHC301;SN 240462571090;Edited;Sample ID (28622);3.007;pH;24.6;°C;245.3;mV;;;;;;;;;;;;;;;OK;4/25/2024;12:22:34 PM;Default;Slope;-57.99;98;mV/pH;14.1;mV;0.9998;3;4;pH;187.6;mV;22.2;7.01;pH;11;mV;22;10.04;pH;-159.2;mV;22.5;;;;;;;;;;;;;;;;;;;;;°C;;;;;1714091224;1714047754;2.32E+11;;Interval;EndOfRecord
RD;CD;4/26/2024;12:27:04 AM;Default;CDC401;SN 231662582599;Edited;Sample ID (28622);41.3;mS/cm;24.7;°C;41.1;mS/cm;;;NaCl/Non-Linear;Reference Temperature = 25 °C;;;;;;;;;;;OK;4/19/2024;3:08:41 PM;Default;K;0.366;;cm⁻¹;;;;1;30000;µS/cm;28.4;mS/cm;22.2;;;;;;;;;;;;;;;;;;;;;;;;;;;;;;;°C;;;;;1714091224;1713539321;2.32E+11;;Interval;EndOfRecord
RD;pH;4/26/2024;12:26:04 AM;Default;PHC301;SN 240462571090;Edited;Sample ID (28621);3.007;pH;24.5;°C;245.3;mV;;;;;;;;;;;;;;;OK;4/25/2024;12:22:34 PM;Default;Slope;-57.99;98;mV/pH;14.1;mV;0.9998;3;4;pH;187.6;mV;22.2;7.01;pH;11;mV;22;10.04;pH;-159.2;mV;22.5;;;;;;;;;;;;;;;;;;;;;°C;;;;;1714091164;1714047754;2.32E+11;;Interval;EndOfRecord
RD;CD;4/26/2024;12:26:04 AM;Default;CDC401;SN 231662582599;Edited;Sample ID (28621);41.3;mS/cm;24.7;°C;41;mS/cm;;;NaCl/Non-Linear;Reference Temperature = 25 °C;;;;;;;;;;;OK;4/19/2024;3:08:41 PM;Default;K;0.366;;cm⁻¹;;;;1;30000;µS/cm;28.4;mS/cm;22.2;;;;;;;;;;;;;;;;;;;;;;;;;;;;;;;°C;;;;;1714091164;1713539321;2.32E+11;;Interval;EndOfRecord
RD;pH;4/26/2024;12:25:04 AM;Default;PHC301;SN 240462571090;Edited;Sample ID (28620);3.008;pH;24.5;°C;245.3;mV;;;;;;;;;;;;;;;OK;4/25/2024;12:22:34 PM;Default;Slope;-57.99;98;mV/pH;14.1;mV;0.9998;3;4;pH;187.6;mV;22.2;7.01;pH;11;mV;22;10.04;pH;-159.2;mV;22.5;;;;;;;;;;;;;;;;;;;;;°C;;;;;1714091104;1714047754;2.32E+11;;Interval;EndOfRecord
RD;CD;4/26/2024;12:25:04 AM;Default;CDC401;SN 231662582599;Edited;Sample ID (28620);41.3;mS/cm;24.7;°C;41;mS/cm;;;NaCl/Non-Linear;Reference Temperature = 25 °C;;;;;;;;;;;OK;4/19/2024;3:08:41 PM;Default;K;0.366;;cm⁻¹;;;;1;30000;µS/cm;28.4;mS/cm;22.2;;;;;;;;;;;;;;;;;;;;;;;;;;;;;;;°C;;;;;1714091104;1713539321;2.32E+11;;Interval;EndOfRecord
RD;pH;4/26/2024;12:24:03 AM;Default;PHC301;SN 240462571090;Edited;Sample ID (28619);3.008;pH;24.5;°C;245.3;mV;;;;;;;;;;;;;;;OK;4/25/2024;12:22:34 PM;Default;Slope;-57.99;98;mV/pH;14.1;mV;0.9998;3;4;pH;187.6;mV;22.2;7.01;pH;11;mV;22;10.04;pH;-159.2;mV;22.5;;;;;;;;;;;;;;;;;;;;;°C;;;;;1714091043;1714047754;2.32E+11;;Interval;EndOfRecord
RD;CD;4/26/2024;12:24:03 AM;Default;CDC401;SN 231662582599;Edited;Sample ID (28619);41.4;mS/cm;24.6;°C;41.1;mS/cm;;;NaCl/Non-Linear;Reference Temperature = 25 °C;;;;;;;;;;;OK;4/19/2024;3:08:41 PM;Default;K;0.366;;cm⁻¹;;;;1;30000;µS/cm;28.4;mS/cm;22.2;;;;;;;;;;;;;;;;;;;;;;;;;;;;;;;°C;;;;;1714091043;1713539321;2.32E+11;;Interval;EndOfRecord
RD;pH;4/26/2024;12:23:03 AM;Default;PHC301;SN 240462571090;Edited;Sample ID (28618);3.008;pH;24.5;°C;245.3;mV;;;;;;;;;;;;;;;OK;4/25/2024;12:22:34 PM;Default;Slope;-57.99;98;mV/pH;14.1;mV;0.9998;3;4;pH;187.6;mV;22.2;7.01;pH;11;mV;22;10.04;pH;-159.2;mV;22.5;;;;;;;;;;;;;;;;;;;;;°C;;;;;1714090983;1714047754;2.32E+11;;Interval;EndOfRecord
RD;CD;4/26/2024;12:23:03 AM;Default;CDC401;SN 231662582599;Edited;Sample ID (28618);41.3;mS/cm;24.6;°C;41;mS/cm;;;NaCl/Non-Linear;Reference Temperature = 25 °C;;;;;;;;;;;OK;4/19/2024;3:08:41 PM;Default;K;0.366;;cm⁻¹;;;;1;30000;µS/cm;28.4;mS/cm;22.2;;;;;;;;;;;;;;;;;;;;;;;;;;;;;;;°C;;;;;1714090983;1713539321;2.32E+11;;Interval;EndOfRecord
RD;pH;4/26/2024;12:22:04 AM;Default;PHC301;SN 240462571090;Edited;Sample ID (28617);3.008;pH;24.5;°C;245.2;mV;;;;;;;;;;;;;;;OK;4/25/2024;12:22:34 PM;Default;Slope;-57.99;98;mV/pH;14.1;mV;0.9998;3;4;pH;187.6;mV;22.2;7.01;pH;11;mV;22;10.04;pH;-159.2;mV;22.5;;;;;;;;;;;;;;;;;;;;;°C;;;;;1714090924;1714047754;2.32E+11;;Interval;EndOfRecord
RD;CD;4/26/2024;12:22:04 AM;Default;CDC401;SN 231662582599;Edited;Sample ID (28617);41.3;mS/cm;24.6;°C;41;mS/cm;;;NaCl/Non-Linear;Reference Temperature = 25 °C;;;;;;;;;;;OK;4/19/2024;3:08:41 PM;Default;K;0.366;;cm⁻¹;;;;1;30000;µS/cm;28.4;mS/cm;22.2;;;;;;;;;;;;;;;;;;;;;;;;;;;;;;;°C;;;;;1714090924;1713539321;2.32E+11;;Interval;EndOfRecord
RD;pH;4/26/2024;12:21:05 AM;Default;PHC301;SN 240462571090;Edited;Sample ID (28616);3.008;pH;24.5;°C;245.2;mV;;;;;;;;;;;;;;;OK;4/25/2024;12:22:34 PM;Default;Slope;-57.99;98;mV/pH;14.1;mV;0.9998;3;4;pH;187.6;mV;22.2;7.01;pH;11;mV;22;10.04;pH;-159.2;mV;22.5;;;;;;;;;;;;;;;;;;;;;°C;;;;;1714090865;1714047754;2.32E+11;;Interval;EndOfRecord
RD;CD;4/26/2024;12:21:05 AM;Default;CDC401;SN 231662582599;Edited;Sample ID (28616);41.3;mS/cm;24.6;°C;41;mS/cm;;;NaCl/Non-Linear;Reference Temperature = 25 °C;;;;;;;;;;;OK;4/19/2024;3:08:41 PM;Default;K;0.366;;cm⁻¹;;;;1;30000;µS/cm;28.4;mS/cm;22.2;;;;;;;;;;;;;;;;;;;;;;;;;;;;;;;°C;;;;;1714090865;1713539321;2.32E+11;;Interval;EndOfRecord
RD;pH;4/26/2024;12:20:03 AM;Default;PHC301;SN 240462571090;Edited;Sample ID (28615);3.008;pH;24.5;°C;245.2;mV;;;;;;;;;;;;;;;OK;4/25/2024;12:22:34 PM;Default;Slope;-57.99;98;mV/pH;14.1;mV;0.9998;3;4;pH;187.6;mV;22.2;7.01;pH;11;mV;22;10.04;pH;-159.2;mV;22.5;;;;;;;;;;;;;;;;;;;;;°C;;;;;1714090803;1714047754;2.32E+11;;Interval;EndOfRecord
RD;CD;4/26/2024;12:20:03 AM;Default;CDC401;SN 231662582599;Edited;Sample ID (28615);41.3;mS/cm;24.6;°C;41;mS/cm;;;NaCl/Non-Linear;Reference Temperature = 25 °C;;;;;;;;;;;OK;4/19/2024;3:08:41 PM;Default;K;0.366;;cm⁻¹;;;;1;30000;µS/cm;28.4;mS/cm;22.2;;;;;;;;;;;;;;;;;;;;;;;;;;;;;;;°C;;;;;1714090803;1713539321;2.32E+11;;Interval;EndOfRecord
RD;pH;4/26/2024;12:19:03 AM;Default;PHC301;SN 240462571090;Edited;Sample ID (28614);3.008;pH;24.5;°C;245.2;mV;;;;;;;;;;;;;;;OK;4/25/2024;12:22:34 PM;Default;Slope;-57.99;98;mV/pH;14.1;mV;0.9998;3;4;pH;187.6;mV;22.2;7.01;pH;11;mV;22;10.04;pH;-159.2;mV;22.5;;;;;;;;;;;;;;;;;;;;;°C;;;;;1714090743;1714047754;2.32E+11;;Interval;EndOfRecord
RD;CD;4/26/2024;12:19:03 AM;Default;CDC401;SN 231662582599;Edited;Sample ID (28614);41.3;mS/cm;24.6;°C;41;mS/cm;;;NaCl/Non-Linear;Reference Temperature = 25 °C;;;;;;;;;;;OK;4/19/2024;3:08:41 PM;Default;K;0.366;;cm⁻¹;;;;1;30000;µS/cm;28.4;mS/cm;22.2;;;;;;;;;;;;;;;;;;;;;;;;;;;;;;;°C;;;;;1714090743;1713539321;2.32E+11;;Interval;EndOfRecord
RD;pH;4/26/2024;12:18:04 AM;Default;PHC301;SN 240462571090;Edited;Sample ID (28613);3.009;pH;24.4;°C;245.2;mV;;;;;;;;;;;;;;;OK;4/25/2024;12:22:34 PM;Default;Slope;-57.99;98;mV/pH;14.1;mV;0.9998;3;4;pH;187.6;mV;22.2;7.01;pH;11;mV;22;10.04;pH;-159.2;mV;22.5;;;;;;;;;;;;;;;;;;;;;°C;;;;;1714090684;1714047754;2.32E+11;;Interval;EndOfRecord
RD;CD;4/26/2024;12:18:04 AM;Default;CDC401;SN 231662582599;Edited;Sample ID (28613);41.3;mS/cm;24.6;°C;40.9;mS/cm;;;NaCl/Non-Linear;Reference Temperature = 25 °C;;;;;;;;;;;OK;4/19/2024;3:08:41 PM;Default;K;0.366;;cm⁻¹;;;;1;30000;µS/cm;28.4;mS/cm;22.2;;;;;;;;;;;;;;;;;;;;;;;;;;;;;;;°C;;;;;1714090684;1713539321;2.32E+11;;Interval;EndOfRecord
RD;pH;4/26/2024;12:17:04 AM;Default;PHC301;SN 240462571090;Edited;Sample ID (28612);3.009;pH;24.4;°C;245.2;mV;;;;;;;;;;;;;;;OK;4/25/2024;12:22:34 PM;Default;Slope;-57.99;98;mV/pH;14.1;mV;0.9998;3;4;pH;187.6;mV;22.2;7.01;pH;11;mV;22;10.04;pH;-159.2;mV;22.5;;;;;;;;;;;;;;;;;;;;;°C;;;;;1714090624;1714047754;2.32E+11;;Interval;EndOfRecord
RD;CD;4/26/2024;12:17:04 AM;Default;CDC401;SN 231662582599;Edited;Sample ID (28612);41.3;mS/cm;24.5;°C;40.9;mS/cm;;;NaCl/Non-Linear;Reference Temperature = 25 °C;;;;;;;;;;;OK;4/19/2024;3:08:41 PM;Default;K;0.366;;cm⁻¹;;;;1;30000;µS/cm;28.4;mS/cm;22.2;;;;;;;;;;;;;;;;;;;;;;;;;;;;;;;°C;;;;;1714090624;1713539321;2.32E+11;;Interval;EndOfRecord
RD;pH;4/26/2024;12:16:04 AM;Default;PHC301;SN 240462571090;Edited;Sample ID (28611);3.009;pH;24.4;°C;245.2;mV;;;;;;;;;;;;;;;OK;4/25/2024;12:22:34 PM;Default;Slope;-57.99;98;mV/pH;14.1;mV;0.9998;3;4;pH;187.6;mV;22.2;7.01;pH;11;mV;22;10.04;pH;-159.2;mV;22.5;;;;;;;;;;;;;;;;;;;;;°C;;;;;1714090564;1714047754;2.32E+11;;Interval;EndOfRecord
RD;CD;4/26/2024;12:16:04 AM;Default;CDC401;SN 231662582599;Edited;Sample ID (28611);41.3;mS/cm;24.5;°C;40.9;mS/cm;;;NaCl/Non-Linear;Reference Temperature = 25 °C;;;;;;;;;;;OK;4/19/2024;3:08:41 PM;Default;K;0.366;;cm⁻¹;;;;1;30000;µS/cm;28.4;mS/cm;22.2;;;;;;;;;;;;;;;;;;;;;;;;;;;;;;;°C;;;;;1714090564;1713539321;2.32E+11;;Interval;EndOfRecord
RD;pH;4/26/2024;12:15:03 AM;Default;PHC301;SN 240462571090;Edited;Sample ID (28610);3.009;pH;24.4;°C;245.2;mV;;;;;;;;;;;;;;;OK;4/25/2024;12:22:34 PM;Default;Slope;-57.99;98;mV/pH;14.1;mV;0.9998;3;4;pH;187.6;mV;22.2;7.01;pH;11;mV;22;10.04;pH;-159.2;mV;22.5;;;;;;;;;;;;;;;;;;;;;°C;;;;;1714090503;1714047754;2.32E+11;;Interval;EndOfRecord
RD;CD;4/26/2024;12:15:03 AM;Default;CDC401;SN 231662582599;Edited;Sample ID (28610);41.3;mS/cm;24.5;°C;40.9;mS/cm;;;NaCl/Non-Linear;Reference Temperature = 25 °C;;;;;;;;;;;OK;4/19/2024;3:08:41 PM;Default;K;0.366;;cm⁻¹;;;;1;30000;µS/cm;28.4;mS/cm;22.2;;;;;;;;;;;;;;;;;;;;;;;;;;;;;;;°C;;;;;1714090503;1713539321;2.32E+11;;Interval;EndOfRecord
RD;pH;4/26/2024;12:14:04 AM;Default;PHC301;SN 240462571090;Edited;Sample ID (28609);3.009;pH;24.4;°C;245.2;mV;;;;;;;;;;;;;;;OK;4/25/2024;12:22:34 PM;Default;Slope;-57.99;98;mV/pH;14.1;mV;0.9998;3;4;pH;187.6;mV;22.2;7.01;pH;11;mV;22;10.04;pH;-159.2;mV;22.5;;;;;;;;;;;;;;;;;;;;;°C;;;;;1714090444;1714047754;2.32E+11;;Interval;EndOfRecord
RD;CD;4/26/2024;12:14:04 AM;Default;CDC401;SN 231662582599;Edited;Sample ID (28609);41.3;mS/cm;24.5;°C;40.9;mS/cm;;;NaCl/Non-Linear;Reference Temperature = 25 °C;;;;;;;;;;;OK;4/19/2024;3:08:41 PM;Default;K;0.366;;cm⁻¹;;;;1;30000;µS/cm;28.4;mS/cm;22.2;;;;;;;;;;;;;;;;;;;;;;;;;;;;;;;°C;;;;;1714090444;1713539321;2.32E+11;;Interval;EndOfRecord
RD;pH;4/26/2024;12:13:04 AM;Default;PHC301;SN 240462571090;Edited;Sample ID (28608);3.008;pH;24.4;°C;245.2;mV;;;;;;;;;;;;;;;OK;4/25/2024;12:22:34 PM;Default;Slope;-57.99;98;mV/pH;14.1;mV;0.9998;3;4;pH;187.6;mV;22.2;7.01;pH;11;mV;22;10.04;pH;-159.2;mV;22.5;;;;;;;;;;;;;;;;;;;;;°C;;;;;1714090384;1714047754;2.32E+11;;Interval;EndOfRecord
RD;CD;4/26/2024;12:13:04 AM;Default;CDC401;SN 231662582599;Edited;Sample ID (28608);41.3;mS/cm;24.5;°C;40.9;mS/cm;;;NaCl/Non-Linear;Reference Temperature = 25 °C;;;;;;;;;;;OK;4/19/2024;3:08:41 PM;Default;K;0.366;;cm⁻¹;;;;1;30000;µS/cm;28.4;mS/cm;22.2;;;;;;;;;;;;;;;;;;;;;;;;;;;;;;;°C;;;;;1714090384;1713539321;2.32E+11;;Interval;EndOfRecord
RD;pH;4/26/2024;12:12:04 AM;Default;PHC301;SN 240462571090;Edited;Sample ID (28607);3.008;pH;24.4;°C;245.2;mV;;;;;;;;;;;;;;;OK;4/25/2024;12:22:34 PM;Default;Slope;-57.99;98;mV/pH;14.1;mV;0.9998;3;4;pH;187.6;mV;22.2;7.01;pH;11;mV;22;10.04;pH;-159.2;mV;22.5;;;;;;;;;;;;;;;;;;;;;°C;;;;;1714090324;1714047754;2.32E+11;;Interval;EndOfRecord
RD;CD;4/26/2024;12:12:04 AM;Default;CDC401;SN 231662582599;Edited;Sample ID (28607);41.3;mS/cm;24.5;°C;40.8;mS/cm;;;NaCl/Non-Linear;Reference Temperature = 25 °C;;;;;;;;;;;OK;4/19/2024;3:08:41 PM;Default;K;0.366;;cm⁻¹;;;;1;30000;µS/cm;28.4;mS/cm;22.2;;;;;;;;;;;;;;;;;;;;;;;;;;;;;;;°C;;;;;1714090324;1713539321;2.32E+11;;Interval;EndOfRecord
RD;pH;4/26/2024;12:11:03 AM;Default;PHC301;SN 240462571090;Edited;Sample ID (28606);3.008;pH;24.2;°C;245;mV;;;;;;;;;;;;;;;OK;4/25/2024;12:22:34 PM;Default;Slope;-57.99;98;mV/pH;14.1;mV;0.9998;3;4;pH;187.6;mV;22.2;7.01;pH;11;mV;22;10.04;pH;-159.2;mV;22.5;;;;;;;;;;;;;;;;;;;;;°C;;;;;1714090263;1714047754;2.32E+11;;Interval;EndOfRecord
RD;CD;4/26/2024;12:11:03 AM;Default;CDC401;SN 231662582599;Edited;Sample ID (28606);41.3;mS/cm;24.4;°C;40.9;mS/cm;;;NaCl/Non-Linear;Reference Temperature = 25 °C;;;;;;;;;;;OK;4/19/2024;3:08:41 PM;Default;K;0.366;;cm⁻¹;;;;1;30000;µS/cm;28.4;mS/cm;22.2;;;;;;;;;;;;;;;;;;;;;;;;;;;;;;;°C;;;;;1714090263;1713539321;2.32E+11;;Interval;EndOfRecord
RD;pH;4/26/2024;12:10:03 AM;Default;PHC301;SN 240462571090;Edited;Sample ID (28605);3.008;pH;24.2;°C;245;mV;;;;;;;;;;;;;;;OK;4/25/2024;12:22:34 PM;Default;Slope;-57.99;98;mV/pH;14.1;mV;0.9998;3;4;pH;187.6;mV;22.2;7.01;pH;11;mV;22;10.04;pH;-159.2;mV;22.5;;;;;;;;;;;;;;;;;;;;;°C;;;;;1714090203;1714047754;2.32E+11;;Interval;EndOfRecord
RD;CD;4/26/2024;12:10:03 AM;Default;CDC401;SN 231662582599;Edited;Sample ID (28605);41.3;mS/cm;24.4;°C;40.9;mS/cm;;;NaCl/Non-Linear;Reference Temperature = 25 °C;;;;;;;;;;;OK;4/19/2024;3:08:41 PM;Default;K;0.366;;cm⁻¹;;;;1;30000;µS/cm;28.4;mS/cm;22.2;;;;;;;;;;;;;;;;;;;;;;;;;;;;;;;°C;;;;;1714090203;1713539321;2.32E+11;;Interval;EndOfRecord
RD;pH;4/26/2024;12:09:04 AM;Default;PHC301;SN 240462571090;Edited;Sample ID (28604);3.008;pH;24.2;°C;245;mV;;;;;;;;;;;;;;;OK;4/25/2024;12:22:34 PM;Default;Slope;-57.99;98;mV/pH;14.1;mV;0.9998;3;4;pH;187.6;mV;22.2;7.01;pH;11;mV;22;10.04;pH;-159.2;mV;22.5;;;;;;;;;;;;;;;;;;;;;°C;;;;;1714090144;1714047754;2.32E+11;;Interval;EndOfRecord
RD;CD;4/26/2024;12:09:04 AM;Default;CDC401;SN 231662582599;Edited;Sample ID (28604);41.3;mS/cm;24.4;°C;40.8;mS/cm;;;NaCl/Non-Linear;Reference Temperature = 25 °C;;;;;;;;;;;OK;4/19/2024;3:08:41 PM;Default;K;0.366;;cm⁻¹;;;;1;30000;µS/cm;28.4;mS/cm;22.2;;;;;;;;;;;;;;;;;;;;;;;;;;;;;;;°C;;;;;1714090144;1713539321;2.32E+11;;Interval;EndOfRecord
RD;pH;4/26/2024;12:08:03 AM;Default;PHC301;SN 240462571090;Edited;Sample ID (28603);3.008;pH;24.2;°C;245;mV;;;;;;;;;;;;;;;OK;4/25/2024;12:22:34 PM;Default;Slope;-57.99;98;mV/pH;14.1;mV;0.9998;3;4;pH;187.6;mV;22.2;7.01;pH;11;mV;22;10.04;pH;-159.2;mV;22.5;;;;;;;;;;;;;;;;;;;;;°C;;;;;1714090083;1714047754;2.32E+11;;Interval;EndOfRecord
RD;CD;4/26/2024;12:08:03 AM;Default;CDC401;SN 231662582599;Edited;Sample ID (28603);41.3;mS/cm;24.4;°C;40.8;mS/cm;;;NaCl/Non-Linear;Reference Temperature = 25 °C;;;;;;;;;;;OK;4/19/2024;3:08:41 PM;Default;K;0.366;;cm⁻¹;;;;1;30000;µS/cm;28.4;mS/cm;22.2;;;;;;;;;;;;;;;;;;;;;;;;;;;;;;;°C;;;;;1714090083;1713539321;2.32E+11;;Interval;EndOfRecord
RD;pH;4/26/2024;12:07:03 AM;Default;PHC301;SN 240462571090;Edited;Sample ID (28602);3.008;pH;24.2;°C;245;mV;;;;;;;;;;;;;;;OK;4/25/2024;12:22:34 PM;Default;Slope;-57.99;98;mV/pH;14.1;mV;0.9998;3;4;pH;187.6;mV;22.2;7.01;pH;11;mV;22;10.04;pH;-159.2;mV;22.5;;;;;;;;;;;;;;;;;;;;;°C;;;;;1714090023;1714047754;2.32E+11;;Interval;EndOfRecord
RD;CD;4/26/2024;12:07:03 AM;Default;CDC401;SN 231662582599;Edited;Sample ID (28602);41.3;mS/cm;24.4;°C;40.8;mS/cm;;;NaCl/Non-Linear;Reference Temperature = 25 °C;;;;;;;;;;;OK;4/19/2024;3:08:41 PM;Default;K;0.366;;cm⁻¹;;;;1;30000;µS/cm;28.4;mS/cm;22.2;;;;;;;;;;;;;;;;;;;;;;;;;;;;;;;°C;;;;;1714090023;1713539321;2.32E+11;;Interval;EndOfRecord
RD;pH;4/26/2024;12:06:03 AM;Default;PHC301;SN 240462571090;Edited;Sample ID (28601);3.008;pH;24.2;°C;245;mV;;;;;;;;;;;;;;;OK;4/25/2024;12:22:34 PM;Default;Slope;-57.99;98;mV/pH;14.1;mV;0.9998;3;4;pH;187.6;mV;22.2;7.01;pH;11;mV;22;10.04;pH;-159.2;mV;22.5;;;;;;;;;;;;;;;;;;;;;°C;;;;;1714089963;1714047754;2.32E+11;;Interval;EndOfRecord
RD;CD;4/26/2024;12:06:03 AM;Default;CDC401;SN 231662582599;Edited;Sample ID (28601);41.3;mS/cm;24.4;°C;40.8;mS/cm;;;NaCl/Non-Linear;Reference Temperature = 25 °C;;;;;;;;;;;OK;4/19/2024;3:08:41 PM;Default;K;0.366;;cm⁻¹;;;;1;30000;µS/cm;28.4;mS/cm;22.2;;;;;;;;;;;;;;;;;;;;;;;;;;;;;;;°C;;;;;1714089963;1713539321;2.32E+11;;Interval;EndOfRecord
RD;pH;4/26/2024;12:05:04 AM;Default;PHC301;SN 240462571090;Edited;Sample ID (28600);3.008;pH;24.2;°C;244.9;mV;;;;;;;;;;;;;;;OK;4/25/2024;12:22:34 PM;Default;Slope;-57.99;98;mV/pH;14.1;mV;0.9998;3;4;pH;187.6;mV;22.2;7.01;pH;11;mV;22;10.04;pH;-159.2;mV;22.5;;;;;;;;;;;;;;;;;;;;;°C;;;;;1714089904;1714047754;2.32E+11;;Interval;EndOfRecord
RD;CD;4/26/2024;12:05:04 AM;Default;CDC401;SN 231662582599;Edited;Sample ID (28600);41.3;mS/cm;24.3;°C;40.7;mS/cm;;;NaCl/Non-Linear;Reference Temperature = 25 °C;;;;;;;;;;;OK;4/19/2024;3:08:41 PM;Default;K;0.366;;cm⁻¹;;;;1;30000;µS/cm;28.4;mS/cm;22.2;;;;;;;;;;;;;;;;;;;;;;;;;;;;;;;°C;;;;;1714089904;1713539321;2.32E+11;;Interval;EndOfRecord
RD;pH;4/26/2024;12:04:05 AM;Default;PHC301;SN 240462571090;Edited;Sample ID (28599);3.008;pH;24.1;°C;244.9;mV;;;;;;;;;;;;;;;OK;4/25/2024;12:22:34 PM;Default;Slope;-57.99;98;mV/pH;14.1;mV;0.9998;3;4;pH;187.6;mV;22.2;7.01;pH;11;mV;22;10.04;pH;-159.2;mV;22.5;;;;;;;;;;;;;;;;;;;;;°C;;;;;1714089845;1714047754;2.32E+11;;Interval;EndOfRecord
RD;CD;4/26/2024;12:04:05 AM;Default;CDC401;SN 231662582599;Edited;Sample ID (28599);41.3;mS/cm;24.3;°C;40.7;mS/cm;;;NaCl/Non-Linear;Reference Temperature = 25 °C;;;;;;;;;;;OK;4/19/2024;3:08:41 PM;Default;K;0.366;;cm⁻¹;;;;1;30000;µS/cm;28.4;mS/cm;22.2;;;;;;;;;;;;;;;;;;;;;;;;;;;;;;;°C;;;;;1714089845;1713539321;2.32E+11;;Interval;EndOfRecord
RD;pH;4/26/2024;12:03:04 AM;Default;PHC301;SN 240462571090;Edited;Sample ID (28598);3.008;pH;24.1;°C;244.9;mV;;;;;;;;;;;;;;;OK;4/25/2024;12:22:34 PM;Default;Slope;-57.99;98;mV/pH;14.1;mV;0.9998;3;4;pH;187.6;mV;22.2;7.01;pH;11;mV;22;10.04;pH;-159.2;mV;22.5;;;;;;;;;;;;;;;;;;;;;°C;;;;;1714089784;1714047754;2.32E+11;;Interval;EndOfRecord
RD;CD;4/26/2024;12:03:04 AM;Default;CDC401;SN 231662582599;Edited;Sample ID (28598);41.3;mS/cm;24.3;°C;40.7;mS/cm;;;NaCl/Non-Linear;Reference Temperature = 25 °C;;;;;;;;;;;OK;4/19/2024;3:08:41 PM;Default;K;0.366;;cm⁻¹;;;;1;30000;µS/cm;28.4;mS/cm;22.2;;;;;;;;;;;;;;;;;;;;;;;;;;;;;;;°C;;;;;1714089784;1713539321;2.32E+11;;Interval;EndOfRecord
RD;pH;4/26/2024;12:02:04 AM;Default;PHC301;SN 240462571090;Edited;Sample ID (28597);3.01;pH;24.1;°C;244.9;mV;;;;;;;;;;;;;;;OK;4/25/2024;12:22:34 PM;Default;Slope;-57.99;98;mV/pH;14.1;mV;0.9998;3;4;pH;187.6;mV;22.2;7.01;pH;11;mV;22;10.04;pH;-159.2;mV;22.5;;;;;;;;;;;;;;;;;;;;;°C;;;;;1714089724;1714047754;2.32E+11;;Interval;EndOfRecord
RD;CD;4/26/2024;12:02:04 AM;Default;CDC401;SN 231662582599;Edited;Sample ID (28597);41.3;mS/cm;24.3;°C;40.7;mS/cm;;;NaCl/Non-Linear;Reference Temperature = 25 °C;;;;;;;;;;;OK;4/19/2024;3:08:41 PM;Default;K;0.366;;cm⁻¹;;;;1;30000;µS/cm;28.4;mS/cm;22.2;;;;;;;;;;;;;;;;;;;;;;;;;;;;;;;°C;;;;;1714089724;1713539321;2.32E+11;;Interval;EndOfRecord
RD;pH;4/26/2024;12:01:03 AM;Default;PHC301;SN 240462571090;Edited;Sample ID (28596);3.01;pH;24.1;°C;244.9;mV;;;;;;;;;;;;;;;OK;4/25/2024;12:22:34 PM;Default;Slope;-57.99;98;mV/pH;14.1;mV;0.9998;3;4;pH;187.6;mV;22.2;7.01;pH;11;mV;22;10.04;pH;-159.2;mV;22.5;;;;;;;;;;;;;;;;;;;;;°C;;;;;1714089663;1714047754;2.32E+11;;Interval;EndOfRecord
RD;CD;4/26/2024;12:01:03 AM;Default;CDC401;SN 231662582599;Edited;Sample ID (28596);41.3;mS/cm;24.3;°C;40.7;mS/cm;;;NaCl/Non-Linear;Reference Temperature = 25 °C;;;;;;;;;;;OK;4/19/2024;3:08:41 PM;Default;K;0.366;;cm⁻¹;;;;1;30000;µS/cm;28.4;mS/cm;22.2;;;;;;;;;;;;;;;;;;;;;;;;;;;;;;;°C;;;;;1714089663;1713539321;2.32E+11;;Interval;EndOfRecord
RD;pH;4/26/2024;12:00:03 AM;Default;PHC301;SN 240462571090;Edited;Sample ID (28595);3.01;pH;24.1;°C;244.9;mV;;;;;;;;;;;;;;;OK;4/25/2024;12:22:34 PM;Default;Slope;-57.99;98;mV/pH;14.1;mV;0.9998;3;4;pH;187.6;mV;22.2;7.01;pH;11;mV;22;10.04;pH;-159.2;mV;22.5;;;;;;;;;;;;;;;;;;;;;°C;;;;;1714089603;1714047754;2.32E+11;;Interval;EndOfRecord
RD;CD;4/26/2024;12:00:03 AM;Default;CDC401;SN 231662582599;Edited;Sample ID (28595);41.3;mS/cm;24.3;°C;40.7;mS/cm;;;NaCl/Non-Linear;Reference Temperature = 25 °C;;;;;;;;;;;OK;4/19/2024;3:08:41 PM;Default;K;0.366;;cm⁻¹;;;;1;30000;µS/cm;28.4;mS/cm;22.2;;;;;;;;;;;;;;;;;;;;;;;;;;;;;;;°C;;;;;1714089603;1713539321;2.32E+11;;Interval;EndOfRecord
RD;pH;4/25/2024;11:59:03 PM;Default;PHC301;SN 240462571090;Edited;Sample ID (28594);3.01;pH;24.1;°C;244.9;mV;;;;;;;;;;;;;;;OK;4/25/2024;12:22:34 PM;Default;Slope;-57.99;98;mV/pH;14.1;mV;0.9998;3;4;pH;187.6;mV;22.2;7.01;pH;11;mV;22;10.04;pH;-159.2;mV;22.5;;;;;;;;;;;;;;;;;;;;;°C;;;;;1714089543;1714047754;2.32E+11;;Interval;EndOfRecord
RD;CD;4/25/2024;11:59:03 PM;Default;CDC401;SN 231662582599;Edited;Sample ID (28594);41.3;mS/cm;24.2;°C;40.7;mS/cm;;;NaCl/Non-Linear;Reference Temperature = 25 °C;;;;;;;;;;;OK;4/19/2024;3:08:41 PM;Default;K;0.366;;cm⁻¹;;;;1;30000;µS/cm;28.4;mS/cm;22.2;;;;;;;;;;;;;;;;;;;;;;;;;;;;;;;°C;;;;;1714089543;1713539321;2.32E+11;;Interval;EndOfRecord
RD;pH;4/25/2024;11:58:04 PM;Default;PHC301;SN 240462571090;Edited;Sample ID (28593);3.007;pH;24;°C;244.9;mV;;;;;;;;;;;;;;;OK;4/25/2024;12:22:34 PM;Default;Slope;-57.99;98;mV/pH;14.1;mV;0.9998;3;4;pH;187.6;mV;22.2;7.01;pH;11;mV;22;10.04;pH;-159.2;mV;22.5;;;;;;;;;;;;;;;;;;;;;°C;;;;;1714089484;1714047754;2.32E+11;;Interval;EndOfRecord
RD;CD;4/25/2024;11:58:04 PM;Default;CDC401;SN 231662582599;Edited;Sample ID (28593);41.3;mS/cm;24.2;°C;40.7;mS/cm;;;NaCl/Non-Linear;Reference Temperature = 25 °C;;;;;;;;;;;OK;4/19/2024;3:08:41 PM;Default;K;0.366;;cm⁻¹;;;;1;30000;µS/cm;28.4;mS/cm;22.2;;;;;;;;;;;;;;;;;;;;;;;;;;;;;;;°C;;;;;1714089484;1713539321;2.32E+11;;Interval;EndOfRecord
RD;pH;4/25/2024;11:57:04 PM;Default;PHC301;SN 240462571090;Edited;Sample ID (28592);3.007;pH;24;°C;244.9;mV;;;;;;;;;;;;;;;OK;4/25/2024;12:22:34 PM;Default;Slope;-57.99;98;mV/pH;14.1;mV;0.9998;3;4;pH;187.6;mV;22.2;7.01;pH;11;mV;22;10.04;pH;-159.2;mV;22.5;;;;;;;;;;;;;;;;;;;;;°C;;;;;1714089424;1714047754;2.32E+11;;Interval;EndOfRecord
RD;CD;4/25/2024;11:57:04 PM;Default;CDC401;SN 231662582599;Edited;Sample ID (28592);41.3;mS/cm;24.2;°C;40.6;mS/cm;;;NaCl/Non-Linear;Reference Temperature = 25 °C;;;;;;;;;;;OK;4/19/2024;3:08:41 PM;Default;K;0.366;;cm⁻¹;;;;1;30000;µS/cm;28.4;mS/cm;22.2;;;;;;;;;;;;;;;;;;;;;;;;;;;;;;;°C;;;;;1714089424;1713539321;2.32E+11;;Interval;EndOfRecord
RD;pH;4/25/2024;11:56:04 PM;Default;PHC301;SN 240462571090;Edited;Sample ID (28591);3.007;pH;24;°C;244.9;mV;;;;;;;;;;;;;;;OK;4/25/2024;12:22:34 PM;Default;Slope;-57.99;98;mV/pH;14.1;mV;0.9998;3;4;pH;187.6;mV;22.2;7.01;pH;11;mV;22;10.04;pH;-159.2;mV;22.5;;;;;;;;;;;;;;;;;;;;;°C;;;;;1714089364;1714047754;2.32E+11;;Interval;EndOfRecord
RD;CD;4/25/2024;11:56:04 PM;Default;CDC401;SN 231662582599;Edited;Sample ID (28591);41.3;mS/cm;24.2;°C;40.6;mS/cm;;;NaCl/Non-Linear;Reference Temperature = 25 °C;;;;;;;;;;;OK;4/19/2024;3:08:41 PM;Default;K;0.366;;cm⁻¹;;;;1;30000;µS/cm;28.4;mS/cm;22.2;;;;;;;;;;;;;;;;;;;;;;;;;;;;;;;°C;;;;;1714089364;1713539321;2.32E+11;;Interval;EndOfRecord
RD;pH;4/25/2024;11:55:04 PM;Default;PHC301;SN 240462571090;Edited;Sample ID (28590);3.007;pH;24;°C;244.9;mV;;;;;;;;;;;;;;;OK;4/25/2024;12:22:34 PM;Default;Slope;-57.99;98;mV/pH;14.1;mV;0.9998;3;4;pH;187.6;mV;22.2;7.01;pH;11;mV;22;10.04;pH;-159.2;mV;22.5;;;;;;;;;;;;;;;;;;;;;°C;;;;;1714089304;1714047754;2.32E+11;;Interval;EndOfRecord
RD;CD;4/25/2024;11:55:04 PM;Default;CDC401;SN 231662582599;Edited;Sample ID (28590);41.3;mS/cm;24.2;°C;40.6;mS/cm;;;NaCl/Non-Linear;Reference Temperature = 25 °C;;;;;;;;;;;OK;4/19/2024;3:08:41 PM;Default;K;0.366;;cm⁻¹;;;;1;30000;µS/cm;28.4;mS/cm;22.2;;;;;;;;;;;;;;;;;;;;;;;;;;;;;;;°C;;;;;1714089304;1713539321;2.32E+11;;Interval;EndOfRecord
RD;pH;4/25/2024;11:54:03 PM;Default;PHC301;SN 240462571090;Edited;Sample ID (28589);3.008;pH;24;°C;244.8;mV;;;;;;;;;;;;;;;OK;4/25/2024;12:22:34 PM;Default;Slope;-57.99;98;mV/pH;14.1;mV;0.9998;3;4;pH;187.6;mV;22.2;7.01;pH;11;mV;22;10.04;pH;-159.2;mV;22.5;;;;;;;;;;;;;;;;;;;;;°C;;;;;1714089243;1714047754;2.32E+11;;Interval;EndOfRecord
RD;CD;4/25/2024;11:54:03 PM;Default;CDC401;SN 231662582599;Edited;Sample ID (28589);41.3;mS/cm;24.1;°C;40.6;mS/cm;;;NaCl/Non-Linear;Reference Temperature = 25 °C;;;;;;;;;;;OK;4/19/2024;3:08:41 PM;Default;K;0.366;;cm⁻¹;;;;1;30000;µS/cm;28.4;mS/cm;22.2;;;;;;;;;;;;;;;;;;;;;;;;;;;;;;;°C;;;;;1714089243;1713539321;2.32E+11;;Interval;EndOfRecord
RD;pH;4/25/2024;11:53:05 PM;Default;PHC301;SN 240462571090;Edited;Sample ID (28588);3.008;pH;24;°C;244.8;mV;;;;;;;;;;;;;;;OK;4/25/2024;12:22:34 PM;Default;Slope;-57.99;98;mV/pH;14.1;mV;0.9998;3;4;pH;187.6;mV;22.2;7.01;pH;11;mV;22;10.04;pH;-159.2;mV;22.5;;;;;;;;;;;;;;;;;;;;;°C;;;;;1714089185;1714047754;2.32E+11;;Interval;EndOfRecord
RD;CD;4/25/2024;11:53:05 PM;Default;CDC401;SN 231662582599;Edited;Sample ID (28588);41.3;mS/cm;24.1;°C;40.6;mS/cm;;;NaCl/Non-Linear;Reference Temperature = 25 °C;;;;;;;;;;;OK;4/19/2024;3:08:41 PM;Default;K;0.366;;cm⁻¹;;;;1;30000;µS/cm;28.4;mS/cm;22.2;;;;;;;;;;;;;;;;;;;;;;;;;;;;;;;°C;;;;;1714089185;1713539321;2.32E+11;;Interval;EndOfRecord
RD;pH;4/25/2024;11:52:04 PM;Default;PHC301;SN 240462571090;Edited;Sample ID (28587);3.008;pH;23.9;°C;244.8;mV;;;;;;;;;;;;;;;OK;4/25/2024;12:22:34 PM;Default;Slope;-57.99;98;mV/pH;14.1;mV;0.9998;3;4;pH;187.6;mV;22.2;7.01;pH;11;mV;22;10.04;pH;-159.2;mV;22.5;;;;;;;;;;;;;;;;;;;;;°C;;;;;1714089124;1714047754;2.32E+11;;Interval;EndOfRecord
RD;CD;4/25/2024;11:52:04 PM;Default;CDC401;SN 231662582599;Edited;Sample ID (28587);41.3;mS/cm;24.1;°C;40.6;mS/cm;;;NaCl/Non-Linear;Reference Temperature = 25 °C;;;;;;;;;;;OK;4/19/2024;3:08:41 PM;Default;K;0.366;;cm⁻¹;;;;1;30000;µS/cm;28.4;mS/cm;22.2;;;;;;;;;;;;;;;;;;;;;;;;;;;;;;;°C;;;;;1714089124;1713539321;2.32E+11;;Interval;EndOfRecord
RD;pH;4/25/2024;11:51:04 PM;Default;PHC301;SN 240462571090;Edited;Sample ID (28586);3.008;pH;23.9;°C;244.8;mV;;;;;;;;;;;;;;;OK;4/25/2024;12:22:34 PM;Default;Slope;-57.99;98;mV/pH;14.1;mV;0.9998;3;4;pH;187.6;mV;22.2;7.01;pH;11;mV;22;10.04;pH;-159.2;mV;22.5;;;;;;;;;;;;;;;;;;;;;°C;;;;;1714089064;1714047754;2.32E+11;;Interval;EndOfRecord
RD;CD;4/25/2024;11:51:04 PM;Default;CDC401;SN 231662582599;Edited;Sample ID (28586);41.3;mS/cm;24.1;°C;40.5;mS/cm;;;NaCl/Non-Linear;Reference Temperature = 25 °C;;;;;;;;;;;OK;4/19/2024;3:08:41 PM;Default;K;0.366;;cm⁻¹;;;;1;30000;µS/cm;28.4;mS/cm;22.2;;;;;;;;;;;;;;;;;;;;;;;;;;;;;;;°C;;;;;1714089064;1713539321;2.32E+11;;Interval;EndOfRecord
RD;pH;4/25/2024;11:50:03 PM;Default;PHC301;SN 240462571090;Edited;Sample ID (28585);3.008;pH;23.9;°C;244.8;mV;;;;;;;;;;;;;;;OK;4/25/2024;12:22:34 PM;Default;Slope;-57.99;98;mV/pH;14.1;mV;0.9998;3;4;pH;187.6;mV;22.2;7.01;pH;11;mV;22;10.04;pH;-159.2;mV;22.5;;;;;;;;;;;;;;;;;;;;;°C;;;;;1714089003;1714047754;2.32E+11;;Interval;EndOfRecord
RD;CD;4/25/2024;11:50:03 PM;Default;CDC401;SN 231662582599;Edited;Sample ID (28585);41.3;mS/cm;24.1;°C;40.6;mS/cm;;;NaCl/Non-Linear;Reference Temperature = 25 °C;;;;;;;;;;;OK;4/19/2024;3:08:41 PM;Default;K;0.366;;cm⁻¹;;;;1;30000;µS/cm;28.4;mS/cm;22.2;;;;;;;;;;;;;;;;;;;;;;;;;;;;;;;°C;;;;;1714089003;1713539321;2.32E+11;;Interval;EndOfRecord
RD;pH;4/25/2024;11:49:03 PM;Default;PHC301;SN 240462571090;Edited;Sample ID (28584);3.008;pH;23.9;°C;244.8;mV;;;;;;;;;;;;;;;OK;4/25/2024;12:22:34 PM;Default;Slope;-57.99;98;mV/pH;14.1;mV;0.9998;3;4;pH;187.6;mV;22.2;7.01;pH;11;mV;22;10.04;pH;-159.2;mV;22.5;;;;;;;;;;;;;;;;;;;;;°C;;;;;1714088943;1714047754;2.32E+11;;Interval;EndOfRecord
RD;CD;4/25/2024;11:49:03 PM;Default;CDC401;SN 231662582599;Edited;Sample ID (28584);41.3;mS/cm;24;°C;40.5;mS/cm;;;NaCl/Non-Linear;Reference Temperature = 25 °C;;;;;;;;;;;OK;4/19/2024;3:08:41 PM;Default;K;0.366;;cm⁻¹;;;;1;30000;µS/cm;28.4;mS/cm;22.2;;;;;;;;;;;;;;;;;;;;;;;;;;;;;;;°C;;;;;1714088943;1713539321;2.32E+11;;Interval;EndOfRecord
RD;pH;4/25/2024;11:48:04 PM;Default;PHC301;SN 240462571090;Edited;Sample ID (28583);3.009;pH;23.9;°C;244.7;mV;;;;;;;;;;;;;;;OK;4/25/2024;12:22:34 PM;Default;Slope;-57.99;98;mV/pH;14.1;mV;0.9998;3;4;pH;187.6;mV;22.2;7.01;pH;11;mV;22;10.04;pH;-159.2;mV;22.5;;;;;;;;;;;;;;;;;;;;;°C;;;;;1714088884;1714047754;2.32E+11;;Interval;EndOfRecord
RD;CD;4/25/2024;11:48:04 PM;Default;CDC401;SN 231662582599;Edited;Sample ID (28583);41.3;mS/cm;24;°C;40.5;mS/cm;;;NaCl/Non-Linear;Reference Temperature = 25 °C;;;;;;;;;;;OK;4/19/2024;3:08:41 PM;Default;K;0.366;;cm⁻¹;;;;1;30000;µS/cm;28.4;mS/cm;22.2;;;;;;;;;;;;;;;;;;;;;;;;;;;;;;;°C;;;;;1714088884;1713539321;2.32E+11;;Interval;EndOfRecord
RD;pH;4/25/2024;11:47:04 PM;Default;PHC301;SN 240462571090;Edited;Sample ID (28582);3.009;pH;23.9;°C;244.7;mV;;;;;;;;;;;;;;;OK;4/25/2024;12:22:34 PM;Default;Slope;-57.99;98;mV/pH;14.1;mV;0.9998;3;4;pH;187.6;mV;22.2;7.01;pH;11;mV;22;10.04;pH;-159.2;mV;22.5;;;;;;;;;;;;;;;;;;;;;°C;;;;;1714088824;1714047754;2.32E+11;;Interval;EndOfRecord
RD;CD;4/25/2024;11:47:04 PM;Default;CDC401;SN 231662582599;Edited;Sample ID (28582);41.3;mS/cm;24;°C;40.5;mS/cm;;;NaCl/Non-Linear;Reference Temperature = 25 °C;;;;;;;;;;;OK;4/19/2024;3:08:41 PM;Default;K;0.366;;cm⁻¹;;;;1;30000;µS/cm;28.4;mS/cm;22.2;;;;;;;;;;;;;;;;;;;;;;;;;;;;;;;°C;;;;;1714088824;1713539321;2.32E+11;;Interval;EndOfRecord
RD;pH;4/25/2024;11:46:04 PM;Default;PHC301;SN 240462571090;Edited;Sample ID (28581);3.009;pH;23.8;°C;244.7;mV;;;;;;;;;;;;;;;OK;4/25/2024;12:22:34 PM;Default;Slope;-57.99;98;mV/pH;14.1;mV;0.9998;3;4;pH;187.6;mV;22.2;7.01;pH;11;mV;22;10.04;pH;-159.2;mV;22.5;;;;;;;;;;;;;;;;;;;;;°C;;;;;1714088764;1714047754;2.32E+11;;Interval;EndOfRecord
RD;CD;4/25/2024;11:46:04 PM;Default;CDC401;SN 231662582599;Edited;Sample ID (28581);41.3;mS/cm;24;°C;40.5;mS/cm;;;NaCl/Non-Linear;Reference Temperature = 25 °C;;;;;;;;;;;OK;4/19/2024;3:08:41 PM;Default;K;0.366;;cm⁻¹;;;;1;30000;µS/cm;28.4;mS/cm;22.2;;;;;;;;;;;;;;;;;;;;;;;;;;;;;;;°C;;;;;1714088764;1713539321;2.32E+11;;Interval;EndOfRecord
RD;pH;4/25/2024;11:45:04 PM;Default;PHC301;SN 240462571090;Edited;Sample ID (28580);3.009;pH;23.8;°C;244.7;mV;;;;;;;;;;;;;;;OK;4/25/2024;12:22:34 PM;Default;Slope;-57.99;98;mV/pH;14.1;mV;0.9998;3;4;pH;187.6;mV;22.2;7.01;pH;11;mV;22;10.04;pH;-159.2;mV;22.5;;;;;;;;;;;;;;;;;;;;;°C;;;;;1714088704;1714047754;2.32E+11;;Interval;EndOfRecord
RD;CD;4/25/2024;11:45:04 PM;Default;CDC401;SN 231662582599;Edited;Sample ID (28580);41.3;mS/cm;24;°C;40.4;mS/cm;;;NaCl/Non-Linear;Reference Temperature = 25 °C;;;;;;;;;;;OK;4/19/2024;3:08:41 PM;Default;K;0.366;;cm⁻¹;;;;1;30000;µS/cm;28.4;mS/cm;22.2;;;;;;;;;;;;;;;;;;;;;;;;;;;;;;;°C;;;;;1714088704;1713539321;2.32E+11;;Interval;EndOfRecord
RD;pH;4/25/2024;11:44:03 PM;Default;PHC301;SN 240462571090;Edited;Sample ID (28579);3.009;pH;23.8;°C;244.7;mV;;;;;;;;;;;;;;;OK;4/25/2024;12:22:34 PM;Default;Slope;-57.99;98;mV/pH;14.1;mV;0.9998;3;4;pH;187.6;mV;22.2;7.01;pH;11;mV;22;10.04;pH;-159.2;mV;22.5;;;;;;;;;;;;;;;;;;;;;°C;;;;;1714088643;1714047754;2.32E+11;;Interval;EndOfRecord
RD;CD;4/25/2024;11:44:03 PM;Default;CDC401;SN 231662582599;Edited;Sample ID (28579);41.3;mS/cm;23.9;°C;40.5;mS/cm;;;NaCl/Non-Linear;Reference Temperature = 25 °C;;;;;;;;;;;OK;4/19/2024;3:08:41 PM;Default;K;0.366;;cm⁻¹;;;;1;30000;µS/cm;28.4;mS/cm;22.2;;;;;;;;;;;;;;;;;;;;;;;;;;;;;;;°C;;;;;1714088643;1713539321;2.32E+11;;Interval;EndOfRecord
RD;pH;4/25/2024;11:43:03 PM;Default;PHC301;SN 240462571090;Edited;Sample ID (28578);3.009;pH;23.8;°C;244.6;mV;;;;;;;;;;;;;;;OK;4/25/2024;12:22:34 PM;Default;Slope;-57.99;98;mV/pH;14.1;mV;0.9998;3;4;pH;187.6;mV;22.2;7.01;pH;11;mV;22;10.04;pH;-159.2;mV;22.5;;;;;;;;;;;;;;;;;;;;;°C;;;;;1714088583;1714047754;2.32E+11;;Interval;EndOfRecord
RD;CD;4/25/2024;11:43:03 PM;Default;CDC401;SN 231662582599;Edited;Sample ID (28578);41.3;mS/cm;23.9;°C;40.4;mS/cm;;;NaCl/Non-Linear;Reference Temperature = 25 °C;;;;;;;;;;;OK;4/19/2024;3:08:41 PM;Default;K;0.366;;cm⁻¹;;;;1;30000;µS/cm;28.4;mS/cm;22.2;;;;;;;;;;;;;;;;;;;;;;;;;;;;;;;°C;;;;;1714088583;1713539321;2.32E+11;;Interval;EndOfRecord
RD;pH;4/25/2024;11:42:03 PM;Default;PHC301;SN 240462571090;Edited;Sample ID (28577);3.009;pH;23.8;°C;244.6;mV;;;;;;;;;;;;;;;OK;4/25/2024;12:22:34 PM;Default;Slope;-57.99;98;mV/pH;14.1;mV;0.9998;3;4;pH;187.6;mV;22.2;7.01;pH;11;mV;22;10.04;pH;-159.2;mV;22.5;;;;;;;;;;;;;;;;;;;;;°C;;;;;1714088523;1714047754;2.32E+11;;Interval;EndOfRecord
RD;CD;4/25/2024;11:42:03 PM;Default;CDC401;SN 231662582599;Edited;Sample ID (28577);41.3;mS/cm;23.9;°C;40.4;mS/cm;;;NaCl/Non-Linear;Reference Temperature = 25 °C;;;;;;;;;;;OK;4/19/2024;3:08:41 PM;Default;K;0.366;;cm⁻¹;;;;1;30000;µS/cm;28.4;mS/cm;22.2;;;;;;;;;;;;;;;;;;;;;;;;;;;;;;;°C;;;;;1714088523;1713539321;2.32E+11;;Interval;EndOfRecord
RD;pH;4/25/2024;11:41:03 PM;Default;PHC301;SN 240462571090;Edited;Sample ID (28576);3.01;pH;23.8;°C;244.6;mV;;;;;;;;;;;;;;;OK;4/25/2024;12:22:34 PM;Default;Slope;-57.99;98;mV/pH;14.1;mV;0.9998;3;4;pH;187.6;mV;22.2;7.01;pH;11;mV;22;10.04;pH;-159.2;mV;22.5;;;;;;;;;;;;;;;;;;;;;°C;;;;;1714088463;1714047754;2.32E+11;;Interval;EndOfRecord
RD;CD;4/25/2024;11:41:03 PM;Default;CDC401;SN 231662582599;Edited;Sample ID (28576);41.3;mS/cm;23.9;°C;40.4;mS/cm;;;NaCl/Non-Linear;Reference Temperature = 25 °C;;;;;;;;;;;OK;4/19/2024;3:08:41 PM;Default;K;0.366;;cm⁻¹;;;;1;30000;µS/cm;28.4;mS/cm;22.2;;;;;;;;;;;;;;;;;;;;;;;;;;;;;;;°C;;;;;1714088463;1713539321;2.32E+11;;Interval;EndOfRecord
RD;pH;4/25/2024;11:40:04 PM;Default;PHC301;SN 240462571090;Edited;Sample ID (28575);3.01;pH;23.8;°C;244.6;mV;;;;;;;;;;;;;;;OK;4/25/2024;12:22:34 PM;Default;Slope;-57.99;98;mV/pH;14.1;mV;0.9998;3;4;pH;187.6;mV;22.2;7.01;pH;11;mV;22;10.04;pH;-159.2;mV;22.5;;;;;;;;;;;;;;;;;;;;;°C;;;;;1714088404;1714047754;2.32E+11;;Interval;EndOfRecord
RD;CD;4/25/2024;11:40:04 PM;Default;CDC401;SN 231662582599;Edited;Sample ID (28575);41.3;mS/cm;23.9;°C;40.4;mS/cm;;;NaCl/Non-Linear;Reference Temperature = 25 °C;;;;;;;;;;;OK;4/19/2024;3:08:41 PM;Default;K;0.366;;cm⁻¹;;;;1;30000;µS/cm;28.4;mS/cm;22.2;;;;;;;;;;;;;;;;;;;;;;;;;;;;;;;°C;;;;;1714088404;1713539321;2.32E+11;;Interval;EndOfRecord
RD;pH;4/25/2024;11:39:04 PM;Default;PHC301;SN 240462571090;Edited;Sample ID (28574);3.01;pH;23.8;°C;244.6;mV;;;;;;;;;;;;;;;OK;4/25/2024;12:22:34 PM;Default;Slope;-57.99;98;mV/pH;14.1;mV;0.9998;3;4;pH;187.6;mV;22.2;7.01;pH;11;mV;22;10.04;pH;-159.2;mV;22.5;;;;;;;;;;;;;;;;;;;;;°C;;;;;1714088344;1714047754;2.32E+11;;Interval;EndOfRecord
RD;CD;4/25/2024;11:39:04 PM;Default;CDC401;SN 231662582599;Edited;Sample ID (28574);41.3;mS/cm;23.9;°C;40.4;mS/cm;;;NaCl/Non-Linear;Reference Temperature = 25 °C;;;;;;;;;;;OK;4/19/2024;3:08:41 PM;Default;K;0.366;;cm⁻¹;;;;1;30000;µS/cm;28.4;mS/cm;22.2;;;;;;;;;;;;;;;;;;;;;;;;;;;;;;;°C;;;;;1714088344;1713539321;2.32E+11;;Interval;EndOfRecord
RD;pH;4/25/2024;11:38:04 PM;Default;PHC301;SN 240462571090;Edited;Sample ID (28573);3.01;pH;23.8;°C;244.6;mV;;;;;;;;;;;;;;;OK;4/25/2024;12:22:34 PM;Default;Slope;-57.99;98;mV/pH;14.1;mV;0.9998;3;4;pH;187.6;mV;22.2;7.01;pH;11;mV;22;10.04;pH;-159.2;mV;22.5;;;;;;;;;;;;;;;;;;;;;°C;;;;;1714088284;1714047754;2.32E+11;;Interval;EndOfRecord
RD;CD;4/25/2024;11:38:04 PM;Default;CDC401;SN 231662582599;Edited;Sample ID (28573);41.3;mS/cm;23.9;°C;40.4;mS/cm;;;NaCl/Non-Linear;Reference Temperature = 25 °C;;;;;;;;;;;OK;4/19/2024;3:08:41 PM;Default;K;0.366;;cm⁻¹;;;;1;30000;µS/cm;28.4;mS/cm;22.2;;;;;;;;;;;;;;;;;;;;;;;;;;;;;;;°C;;;;;1714088284;1713539321;2.32E+11;;Interval;EndOfRecord
RD;pH;4/25/2024;11:37:04 PM;Default;PHC301;SN 240462571090;Edited;Sample ID (28572);3.01;pH;23.8;°C;244.6;mV;;;;;;;;;;;;;;;OK;4/25/2024;12:22:34 PM;Default;Slope;-57.99;98;mV/pH;14.1;mV;0.9998;3;4;pH;187.6;mV;22.2;7.01;pH;11;mV;22;10.04;pH;-159.2;mV;22.5;;;;;;;;;;;;;;;;;;;;;°C;;;;;1714088224;1714047754;2.32E+11;;Interval;EndOfRecord
RD;CD;4/25/2024;11:37:04 PM;Default;CDC401;SN 231662582599;Edited;Sample ID (28572);41.3;mS/cm;23.9;°C;40.4;mS/cm;;;NaCl/Non-Linear;Reference Temperature = 25 °C;;;;;;;;;;;OK;4/19/2024;3:08:41 PM;Default;K;0.366;;cm⁻¹;;;;1;30000;µS/cm;28.4;mS/cm;22.2;;;;;;;;;;;;;;;;;;;;;;;;;;;;;;;°C;;;;;1714088224;1713539321;2.32E+11;;Interval;EndOfRecord
RD;pH;4/25/2024;11:36:04 PM;Default;PHC301;SN 240462571090;Edited;Sample ID (28571);3.01;pH;23.8;°C;244.6;mV;;;;;;;;;;;;;;;OK;4/25/2024;12:22:34 PM;Default;Slope;-57.99;98;mV/pH;14.1;mV;0.9998;3;4;pH;187.6;mV;22.2;7.01;pH;11;mV;22;10.04;pH;-159.2;mV;22.5;;;;;;;;;;;;;;;;;;;;;°C;;;;;1714088164;1714047754;2.32E+11;;Interval;EndOfRecord
RD;CD;4/25/2024;11:36:04 PM;Default;CDC401;SN 231662582599;Edited;Sample ID (28571);41.3;mS/cm;23.9;°C;40.4;mS/cm;;;NaCl/Non-Linear;Reference Temperature = 25 °C;;;;;;;;;;;OK;4/19/2024;3:08:41 PM;Default;K;0.366;;cm⁻¹;;;;1;30000;µS/cm;28.4;mS/cm;22.2;;;;;;;;;;;;;;;;;;;;;;;;;;;;;;;°C;;;;;1714088164;1713539321;2.32E+11;;Interval;EndOfRecord
RD;pH;4/25/2024;11:35:03 PM;Default;PHC301;SN 240462571090;Edited;Sample ID (28570);3.013;pH;23.8;°C;244.4;mV;;;;;;;;;;;;;;;OK;4/25/2024;12:22:34 PM;Default;Slope;-57.99;98;mV/pH;14.1;mV;0.9998;3;4;pH;187.6;mV;22.2;7.01;pH;11;mV;22;10.04;pH;-159.2;mV;22.5;;;;;;;;;;;;;;;;;;;;;°C;;;;;1714088103;1714047754;2.32E+11;;Interval;EndOfRecord
RD;CD;4/25/2024;11:35:03 PM;Default;CDC401;SN 231662582599;Edited;Sample ID (28570);41.3;mS/cm;23.9;°C;40.4;mS/cm;;;NaCl/Non-Linear;Reference Temperature = 25 °C;;;;;;;;;;;OK;4/19/2024;3:08:41 PM;Default;K;0.366;;cm⁻¹;;;;1;30000;µS/cm;28.4;mS/cm;22.2;;;;;;;;;;;;;;;;;;;;;;;;;;;;;;;°C;;;;;1714088103;1713539321;2.32E+11;;Interval;EndOfRecord
RD;pH;4/25/2024;11:34:04 PM;Default;PHC301;SN 240462571090;Edited;Sample ID (28569);3.01;pH;23.7;°C;244.6;mV;;;;;;;;;;;;;;;OK;4/25/2024;12:22:34 PM;Default;Slope;-57.99;98;mV/pH;14.1;mV;0.9998;3;4;pH;187.6;mV;22.2;7.01;pH;11;mV;22;10.04;pH;-159.2;mV;22.5;;;;;;;;;;;;;;;;;;;;;°C;;;;;1714088044;1714047754;2.32E+11;;Interval;EndOfRecord
RD;CD;4/25/2024;11:34:04 PM;Default;CDC401;SN 231662582599;Edited;Sample ID (28569);41.3;mS/cm;23.9;°C;40.4;mS/cm;;;NaCl/Non-Linear;Reference Temperature = 25 °C;;;;;;;;;;;OK;4/19/2024;3:08:41 PM;Default;K;0.366;;cm⁻¹;;;;1;30000;µS/cm;28.4;mS/cm;22.2;;;;;;;;;;;;;;;;;;;;;;;;;;;;;;;°C;;;;;1714088044;1713539321;2.32E+11;;Interval;EndOfRecord
RD;pH;4/25/2024;11:33:04 PM;Default;PHC301;SN 240462571090;Edited;Sample ID (28568);3.01;pH;23.7;°C;244.6;mV;;;;;;;;;;;;;;;OK;4/25/2024;12:22:34 PM;Default;Slope;-57.99;98;mV/pH;14.1;mV;0.9998;3;4;pH;187.6;mV;22.2;7.01;pH;11;mV;22;10.04;pH;-159.2;mV;22.5;;;;;;;;;;;;;;;;;;;;;°C;;;;;1714087984;1714047754;2.32E+11;;Interval;EndOfRecord
RD;CD;4/25/2024;11:33:04 PM;Default;CDC401;SN 231662582599;Edited;Sample ID (28568);41.3;mS/cm;23.9;°C;40.4;mS/cm;;;NaCl/Non-Linear;Reference Temperature = 25 °C;;;;;;;;;;;OK;4/19/2024;3:08:41 PM;Default;K;0.366;;cm⁻¹;;;;1;30000;µS/cm;28.4;mS/cm;22.2;;;;;;;;;;;;;;;;;;;;;;;;;;;;;;;°C;;;;;1714087984;1713539321;2.32E+11;;Interval;EndOfRecord
RD;pH;4/25/2024;11:32:04 PM;Default;PHC301;SN 240462571090;Edited;Sample ID (28567);3.01;pH;23.7;°C;244.6;mV;;;;;;;;;;;;;;;OK;4/25/2024;12:22:34 PM;Default;Slope;-57.99;98;mV/pH;14.1;mV;0.9998;3;4;pH;187.6;mV;22.2;7.01;pH;11;mV;22;10.04;pH;-159.2;mV;22.5;;;;;;;;;;;;;;;;;;;;;°C;;;;;1714087924;1714047754;2.32E+11;;Interval;EndOfRecord
RD;CD;4/25/2024;11:32:04 PM;Default;CDC401;SN 231662582599;Edited;Sample ID (28567);41.3;mS/cm;23.9;°C;40.4;mS/cm;;;NaCl/Non-Linear;Reference Temperature = 25 °C;;;;;;;;;;;OK;4/19/2024;3:08:41 PM;Default;K;0.366;;cm⁻¹;;;;1;30000;µS/cm;28.4;mS/cm;22.2;;;;;;;;;;;;;;;;;;;;;;;;;;;;;;;°C;;;;;1714087924;1713539321;2.32E+11;;Interval;EndOfRecord
RD;pH;4/25/2024;11:31:03 PM;Default;PHC301;SN 240462571090;Edited;Sample ID (28566);3.01;pH;23.7;°C;244.6;mV;;;;;;;;;;;;;;;OK;4/25/2024;12:22:34 PM;Default;Slope;-57.99;98;mV/pH;14.1;mV;0.9998;3;4;pH;187.6;mV;22.2;7.01;pH;11;mV;22;10.04;pH;-159.2;mV;22.5;;;;;;;;;;;;;;;;;;;;;°C;;;;;1714087863;1714047754;2.32E+11;;Interval;EndOfRecord
RD;CD;4/25/2024;11:31:03 PM;Default;CDC401;SN 231662582599;Edited;Sample ID (28566);41.3;mS/cm;23.9;°C;40.4;mS/cm;;;NaCl/Non-Linear;Reference Temperature = 25 °C;;;;;;;;;;;OK;4/19/2024;3:08:41 PM;Default;K;0.366;;cm⁻¹;;;;1;30000;µS/cm;28.4;mS/cm;22.2;;;;;;;;;;;;;;;;;;;;;;;;;;;;;;;°C;;;;;1714087863;1713539321;2.32E+11;;Interval;EndOfRecord
RD;pH;4/25/2024;11:30:04 PM;Default;PHC301;SN 240462571090;Edited;Sample ID (28565);3.01;pH;23.7;°C;244.6;mV;;;;;;;;;;;;;;;OK;4/25/2024;12:22:34 PM;Default;Slope;-57.99;98;mV/pH;14.1;mV;0.9998;3;4;pH;187.6;mV;22.2;7.01;pH;11;mV;22;10.04;pH;-159.2;mV;22.5;;;;;;;;;;;;;;;;;;;;;°C;;;;;1714087804;1714047754;2.32E+11;;Interval;EndOfRecord
RD;CD;4/25/2024;11:30:04 PM;Default;CDC401;SN 231662582599;Edited;Sample ID (28565);41.3;mS/cm;23.9;°C;40.4;mS/cm;;;NaCl/Non-Linear;Reference Temperature = 25 °C;;;;;;;;;;;OK;4/19/2024;3:08:41 PM;Default;K;0.366;;cm⁻¹;;;;1;30000;µS/cm;28.4;mS/cm;22.2;;;;;;;;;;;;;;;;;;;;;;;;;;;;;;;°C;;;;;1714087804;1713539321;2.32E+11;;Interval;EndOfRecord
RD;pH;4/25/2024;11:29:04 PM;Default;PHC301;SN 240462571090;Edited;Sample ID (28564);3.01;pH;23.7;°C;244.5;mV;;;;;;;;;;;;;;;OK;4/25/2024;12:22:34 PM;Default;Slope;-57.99;98;mV/pH;14.1;mV;0.9998;3;4;pH;187.6;mV;22.2;7.01;pH;11;mV;22;10.04;pH;-159.2;mV;22.5;;;;;;;;;;;;;;;;;;;;;°C;;;;;1714087744;1714047754;2.32E+11;;Interval;EndOfRecord
RD;CD;4/25/2024;11:29:04 PM;Default;CDC401;SN 231662582599;Edited;Sample ID (28564);41.3;mS/cm;23.9;°C;40.4;mS/cm;;;NaCl/Non-Linear;Reference Temperature = 25 °C;;;;;;;;;;;OK;4/19/2024;3:08:41 PM;Default;K;0.366;;cm⁻¹;;;;1;30000;µS/cm;28.4;mS/cm;22.2;;;;;;;;;;;;;;;;;;;;;;;;;;;;;;;°C;;;;;1714087744;1713539321;2.32E+11;;Interval;EndOfRecord
RD;pH;4/25/2024;11:28:04 PM;Default;PHC301;SN 240462571090;Edited;Sample ID (28563);3.011;pH;23.7;°C;244.5;mV;;;;;;;;;;;;;;;OK;4/25/2024;12:22:34 PM;Default;Slope;-57.99;98;mV/pH;14.1;mV;0.9998;3;4;pH;187.6;mV;22.2;7.01;pH;11;mV;22;10.04;pH;-159.2;mV;22.5;;;;;;;;;;;;;;;;;;;;;°C;;;;;1714087684;1714047754;2.32E+11;;Interval;EndOfRecord
RD;CD;4/25/2024;11:28:04 PM;Default;CDC401;SN 231662582599;Edited;Sample ID (28563);41.3;mS/cm;23.9;°C;40.3;mS/cm;;;NaCl/Non-Linear;Reference Temperature = 25 °C;;;;;;;;;;;OK;4/19/2024;3:08:41 PM;Default;K;0.366;;cm⁻¹;;;;1;30000;µS/cm;28.4;mS/cm;22.2;;;;;;;;;;;;;;;;;;;;;;;;;;;;;;;°C;;;;;1714087684;1713539321;2.32E+11;;Interval;EndOfRecord
RD;pH;4/25/2024;11:27:03 PM;Default;PHC301;SN 240462571090;Edited;Sample ID (28562);3.011;pH;23.7;°C;244.5;mV;;;;;;;;;;;;;;;OK;4/25/2024;12:22:34 PM;Default;Slope;-57.99;98;mV/pH;14.1;mV;0.9998;3;4;pH;187.6;mV;22.2;7.01;pH;11;mV;22;10.04;pH;-159.2;mV;22.5;;;;;;;;;;;;;;;;;;;;;°C;;;;;1714087623;1714047754;2.32E+11;;Interval;EndOfRecord
RD;CD;4/25/2024;11:27:03 PM;Default;CDC401;SN 231662582599;Edited;Sample ID (28562);41.3;mS/cm;23.9;°C;40.4;mS/cm;;;NaCl/Non-Linear;Reference Temperature = 25 °C;;;;;;;;;;;OK;4/19/2024;3:08:41 PM;Default;K;0.366;;cm⁻¹;;;;1;30000;µS/cm;28.4;mS/cm;22.2;;;;;;;;;;;;;;;;;;;;;;;;;;;;;;;°C;;;;;1714087623;1713539321;2.32E+11;;Interval;EndOfRecord
RD;pH;4/25/2024;11:26:04 PM;Default;PHC301;SN 240462571090;Edited;Sample ID (28561);3.011;pH;23.7;°C;244.5;mV;;;;;;;;;;;;;;;OK;4/25/2024;12:22:34 PM;Default;Slope;-57.99;98;mV/pH;14.1;mV;0.9998;3;4;pH;187.6;mV;22.2;7.01;pH;11;mV;22;10.04;pH;-159.2;mV;22.5;;;;;;;;;;;;;;;;;;;;;°C;;;;;1714087564;1714047754;2.32E+11;;Interval;EndOfRecord
RD;CD;4/25/2024;11:26:04 PM;Default;CDC401;SN 231662582599;Edited;Sample ID (28561);41.3;mS/cm;23.9;°C;40.3;mS/cm;;;NaCl/Non-Linear;Reference Temperature = 25 °C;;;;;;;;;;;OK;4/19/2024;3:08:41 PM;Default;K;0.366;;cm⁻¹;;;;1;30000;µS/cm;28.4;mS/cm;22.2;;;;;;;;;;;;;;;;;;;;;;;;;;;;;;;°C;;;;;1714087564;1713539321;2.32E+11;;Interval;EndOfRecord
RD;pH;4/25/2024;11:25:04 PM;Default;PHC301;SN 240462571090;Edited;Sample ID (28560);3.011;pH;23.7;°C;244.5;mV;;;;;;;;;;;;;;;OK;4/25/2024;12:22:34 PM;Default;Slope;-57.99;98;mV/pH;14.1;mV;0.9998;3;4;pH;187.6;mV;22.2;7.01;pH;11;mV;22;10.04;pH;-159.2;mV;22.5;;;;;;;;;;;;;;;;;;;;;°C;;;;;1714087504;1714047754;2.32E+11;;Interval;EndOfRecord
RD;CD;4/25/2024;11:25:04 PM;Default;CDC401;SN 231662582599;Edited;Sample ID (28560);41.3;mS/cm;23.9;°C;40.3;mS/cm;;;NaCl/Non-Linear;Reference Temperature = 25 °C;;;;;;;;;;;OK;4/19/2024;3:08:41 PM;Default;K;0.366;;cm⁻¹;;;;1;30000;µS/cm;28.4;mS/cm;22.2;;;;;;;;;;;;;;;;;;;;;;;;;;;;;;;°C;;;;;1714087504;1713539321;2.32E+11;;Interval;EndOfRecord
RD;pH;4/25/2024;11:24:03 PM;Default;PHC301;SN 240462571090;Edited;Sample ID (28559);3.011;pH;23.7;°C;244.5;mV;;;;;;;;;;;;;;;OK;4/25/2024;12:22:34 PM;Default;Slope;-57.99;98;mV/pH;14.1;mV;0.9998;3;4;pH;187.6;mV;22.2;7.01;pH;11;mV;22;10.04;pH;-159.2;mV;22.5;;;;;;;;;;;;;;;;;;;;;°C;;;;;1714087443;1714047754;2.32E+11;;Interval;EndOfRecord
RD;CD;4/25/2024;11:24:03 PM;Default;CDC401;SN 231662582599;Edited;Sample ID (28559);41.3;mS/cm;23.9;°C;40.4;mS/cm;;;NaCl/Non-Linear;Reference Temperature = 25 °C;;;;;;;;;;;OK;4/19/2024;3:08:41 PM;Default;K;0.366;;cm⁻¹;;;;1;30000;µS/cm;28.4;mS/cm;22.2;;;;;;;;;;;;;;;;;;;;;;;;;;;;;;;°C;;;;;1714087443;1713539321;2.32E+11;;Interval;EndOfRecord
RD;pH;4/25/2024;11:23:05 PM;Default;PHC301;SN 240462571090;Edited;Sample ID (28558);3.012;pH;23.7;°C;244.5;mV;;;;;;;;;;;;;;;OK;4/25/2024;12:22:34 PM;Default;Slope;-57.99;98;mV/pH;14.1;mV;0.9998;3;4;pH;187.6;mV;22.2;7.01;pH;11;mV;22;10.04;pH;-159.2;mV;22.5;;;;;;;;;;;;;;;;;;;;;°C;;;;;1714087385;1714047754;2.32E+11;;Interval;EndOfRecord
RD;CD;4/25/2024;11:23:05 PM;Default;CDC401;SN 231662582599;Edited;Sample ID (28558);41.2;mS/cm;23.9;°C;40.3;mS/cm;;;NaCl/Non-Linear;Reference Temperature = 25 °C;;;;;;;;;;;OK;4/19/2024;3:08:41 PM;Default;K;0.366;;cm⁻¹;;;;1;30000;µS/cm;28.4;mS/cm;22.2;;;;;;;;;;;;;;;;;;;;;;;;;;;;;;;°C;;;;;1714087385;1713539321;2.32E+11;;Interval;EndOfRecord
RD;pH;4/25/2024;11:22:04 PM;Default;PHC301;SN 240462571090;Edited;Sample ID (28557);3.012;pH;23.7;°C;244.5;mV;;;;;;;;;;;;;;;OK;4/25/2024;12:22:34 PM;Default;Slope;-57.99;98;mV/pH;14.1;mV;0.9998;3;4;pH;187.6;mV;22.2;7.01;pH;11;mV;22;10.04;pH;-159.2;mV;22.5;;;;;;;;;;;;;;;;;;;;;°C;;;;;1714087324;1714047754;2.32E+11;;Interval;EndOfRecord
RD;CD;4/25/2024;11:22:04 PM;Default;CDC401;SN 231662582599;Edited;Sample ID (28557);41.2;mS/cm;23.8;°C;40.3;mS/cm;;;NaCl/Non-Linear;Reference Temperature = 25 °C;;;;;;;;;;;OK;4/19/2024;3:08:41 PM;Default;K;0.366;;cm⁻¹;;;;1;30000;µS/cm;28.4;mS/cm;22.2;;;;;;;;;;;;;;;;;;;;;;;;;;;;;;;°C;;;;;1714087324;1713539321;2.32E+11;;Interval;EndOfRecord
RD;pH;4/25/2024;11:21:04 PM;Default;PHC301;SN 240462571090;Edited;Sample ID (28556);3.012;pH;23.7;°C;244.4;mV;;;;;;;;;;;;;;;OK;4/25/2024;12:22:34 PM;Default;Slope;-57.99;98;mV/pH;14.1;mV;0.9998;3;4;pH;187.6;mV;22.2;7.01;pH;11;mV;22;10.04;pH;-159.2;mV;22.5;;;;;;;;;;;;;;;;;;;;;°C;;;;;1714087264;1714047754;2.32E+11;;Interval;EndOfRecord
RD;CD;4/25/2024;11:21:04 PM;Default;CDC401;SN 231662582599;Edited;Sample ID (28556);41.3;mS/cm;23.8;°C;40.3;mS/cm;;;NaCl/Non-Linear;Reference Temperature = 25 °C;;;;;;;;;;;OK;4/19/2024;3:08:41 PM;Default;K;0.366;;cm⁻¹;;;;1;30000;µS/cm;28.4;mS/cm;22.2;;;;;;;;;;;;;;;;;;;;;;;;;;;;;;;°C;;;;;1714087264;1713539321;2.32E+11;;Interval;EndOfRecord
RD;pH;4/25/2024;11:20:03 PM;Default;PHC301;SN 240462571090;Edited;Sample ID (28555);3.012;pH;23.7;°C;244.4;mV;;;;;;;;;;;;;;;OK;4/25/2024;12:22:34 PM;Default;Slope;-57.99;98;mV/pH;14.1;mV;0.9998;3;4;pH;187.6;mV;22.2;7.01;pH;11;mV;22;10.04;pH;-159.2;mV;22.5;;;;;;;;;;;;;;;;;;;;;°C;;;;;1714087203;1714047754;2.32E+11;;Interval;EndOfRecord
RD;CD;4/25/2024;11:20:03 PM;Default;CDC401;SN 231662582599;Edited;Sample ID (28555);41.3;mS/cm;23.8;°C;40.3;mS/cm;;;NaCl/Non-Linear;Reference Temperature = 25 °C;;;;;;;;;;;OK;4/19/2024;3:08:41 PM;Default;K;0.366;;cm⁻¹;;;;1;30000;µS/cm;28.4;mS/cm;22.2;;;;;;;;;;;;;;;;;;;;;;;;;;;;;;;°C;;;;;1714087203;1713539321;2.32E+11;;Interval;EndOfRecord
RD;pH;4/25/2024;11:19:03 PM;Default;PHC301;SN 240462571090;Edited;Sample ID (28554);3.013;pH;23.7;°C;244.4;mV;;;;;;;;;;;;;;;OK;4/25/2024;12:22:34 PM;Default;Slope;-57.99;98;mV/pH;14.1;mV;0.9998;3;4;pH;187.6;mV;22.2;7.01;pH;11;mV;22;10.04;pH;-159.2;mV;22.5;;;;;;;;;;;;;;;;;;;;;°C;;;;;1714087143;1714047754;2.32E+11;;Interval;EndOfRecord
RD;CD;4/25/2024;11:19:03 PM;Default;CDC401;SN 231662582599;Edited;Sample ID (28554);41.3;mS/cm;23.8;°C;40.4;mS/cm;;;NaCl/Non-Linear;Reference Temperature = 25 °C;;;;;;;;;;;OK;4/19/2024;3:08:41 PM;Default;K;0.366;;cm⁻¹;;;;1;30000;µS/cm;28.4;mS/cm;22.2;;;;;;;;;;;;;;;;;;;;;;;;;;;;;;;°C;;;;;1714087143;1713539321;2.32E+11;;Interval;EndOfRecord
RD;pH;4/25/2024;11:18:04 PM;Default;PHC301;SN 240462571090;Edited;Sample ID (28553);3.013;pH;23.7;°C;244.2;mV;;;;;;;;;;;;;;;OK;4/25/2024;12:22:34 PM;Default;Slope;-57.99;98;mV/pH;14.1;mV;0.9998;3;4;pH;187.6;mV;22.2;7.01;pH;11;mV;22;10.04;pH;-159.2;mV;22.5;;;;;;;;;;;;;;;;;;;;;°C;;;;;1714087084;1714047754;2.32E+11;;Interval;EndOfRecord
RD;CD;4/25/2024;11:18:04 PM;Default;CDC401;SN 231662582599;Edited;Sample ID (28553);41.2;mS/cm;23.8;°C;40.3;mS/cm;;;NaCl/Non-Linear;Reference Temperature = 25 °C;;;;;;;;;;;OK;4/19/2024;3:08:41 PM;Default;K;0.366;;cm⁻¹;;;;1;30000;µS/cm;28.4;mS/cm;22.2;;;;;;;;;;;;;;;;;;;;;;;;;;;;;;;°C;;;;;1714087084;1713539321;2.32E+11;;Interval;EndOfRecord
RD;pH;4/25/2024;11:17:05 PM;Default;PHC301;SN 240462571090;Edited;Sample ID (28552);3.013;pH;23.7;°C;244.2;mV;;;;;;;;;;;;;;;OK;4/25/2024;12:22:34 PM;Default;Slope;-57.99;98;mV/pH;14.1;mV;0.9998;3;4;pH;187.6;mV;22.2;7.01;pH;11;mV;22;10.04;pH;-159.2;mV;22.5;;;;;;;;;;;;;;;;;;;;;°C;;;;;1714087025;1714047754;2.32E+11;;Interval;EndOfRecord
RD;CD;4/25/2024;11:17:05 PM;Default;CDC401;SN 231662582599;Edited;Sample ID (28552);41.3;mS/cm;23.8;°C;40.3;mS/cm;;;NaCl/Non-Linear;Reference Temperature = 25 °C;;;;;;;;;;;OK;4/19/2024;3:08:41 PM;Default;K;0.366;;cm⁻¹;;;;1;30000;µS/cm;28.4;mS/cm;22.2;;;;;;;;;;;;;;;;;;;;;;;;;;;;;;;°C;;;;;1714087025;1713539321;2.32E+11;;Interval;EndOfRecord
RD;pH;4/25/2024;11:16:03 PM;Default;PHC301;SN 240462571090;Edited;Sample ID (28551);3.013;pH;23.7;°C;244.2;mV;;;;;;;;;;;;;;;OK;4/25/2024;12:22:34 PM;Default;Slope;-57.99;98;mV/pH;14.1;mV;0.9998;3;4;pH;187.6;mV;22.2;7.01;pH;11;mV;22;10.04;pH;-159.2;mV;22.5;;;;;;;;;;;;;;;;;;;;;°C;;;;;1714086963;1714047754;2.32E+11;;Interval;EndOfRecord
RD;CD;4/25/2024;11:16:03 PM;Default;CDC401;SN 231662582599;Edited;Sample ID (28551);41.3;mS/cm;23.8;°C;40.3;mS/cm;;;NaCl/Non-Linear;Reference Temperature = 25 °C;;;;;;;;;;;OK;4/19/2024;3:08:41 PM;Default;K;0.366;;cm⁻¹;;;;1;30000;µS/cm;28.4;mS/cm;22.2;;;;;;;;;;;;;;;;;;;;;;;;;;;;;;;°C;;;;;1714086963;1713539321;2.32E+11;;Interval;EndOfRecord
RD;pH;4/25/2024;11:15:03 PM;Default;PHC301;SN 240462571090;Edited;Sample ID (28550);3.014;pH;23.7;°C;244.2;mV;;;;;;;;;;;;;;;OK;4/25/2024;12:22:34 PM;Default;Slope;-57.99;98;mV/pH;14.1;mV;0.9998;3;4;pH;187.6;mV;22.2;7.01;pH;11;mV;22;10.04;pH;-159.2;mV;22.5;;;;;;;;;;;;;;;;;;;;;°C;;;;;1714086903;1714047754;2.32E+11;;Interval;EndOfRecord
RD;CD;4/25/2024;11:15:03 PM;Default;CDC401;SN 231662582599;Edited;Sample ID (28550);41.3;mS/cm;23.8;°C;40.3;mS/cm;;;NaCl/Non-Linear;Reference Temperature = 25 °C;;;;;;;;;;;OK;4/19/2024;3:08:41 PM;Default;K;0.366;;cm⁻¹;;;;1;30000;µS/cm;28.4;mS/cm;22.2;;;;;;;;;;;;;;;;;;;;;;;;;;;;;;;°C;;;;;1714086903;1713539321;2.32E+11;;Interval;EndOfRecord
RD;pH;4/25/2024;11:14:04 PM;Default;PHC301;SN 240462571090;Edited;Sample ID (28549);3.014;pH;23.7;°C;244.2;mV;;;;;;;;;;;;;;;OK;4/25/2024;12:22:34 PM;Default;Slope;-57.99;98;mV/pH;14.1;mV;0.9998;3;4;pH;187.6;mV;22.2;7.01;pH;11;mV;22;10.04;pH;-159.2;mV;22.5;;;;;;;;;;;;;;;;;;;;;°C;;;;;1714086844;1714047754;2.32E+11;;Interval;EndOfRecord
RD;CD;4/25/2024;11:14:04 PM;Default;CDC401;SN 231662582599;Edited;Sample ID (28549);41.3;mS/cm;23.8;°C;40.3;mS/cm;;;NaCl/Non-Linear;Reference Temperature = 25 °C;;;;;;;;;;;OK;4/19/2024;3:08:41 PM;Default;K;0.366;;cm⁻¹;;;;1;30000;µS/cm;28.4;mS/cm;22.2;;;;;;;;;;;;;;;;;;;;;;;;;;;;;;;°C;;;;;1714086844;1713539321;2.32E+11;;Interval;EndOfRecord
RD;pH;4/25/2024;11:13:04 PM;Default;PHC301;SN 240462571090;Edited;Sample ID (28548);3.014;pH;23.7;°C;244.2;mV;;;;;;;;;;;;;;;OK;4/25/2024;12:22:34 PM;Default;Slope;-57.99;98;mV/pH;14.1;mV;0.9998;3;4;pH;187.6;mV;22.2;7.01;pH;11;mV;22;10.04;pH;-159.2;mV;22.5;;;;;;;;;;;;;;;;;;;;;°C;;;;;1714086784;1714047754;2.32E+11;;Interval;EndOfRecord
RD;CD;4/25/2024;11:13:04 PM;Default;CDC401;SN 231662582599;Edited;Sample ID (28548);41.3;mS/cm;23.8;°C;40.3;mS/cm;;;NaCl/Non-Linear;Reference Temperature = 25 °C;;;;;;;;;;;OK;4/19/2024;3:08:41 PM;Default;K;0.366;;cm⁻¹;;;;1;30000;µS/cm;28.4;mS/cm;22.2;;;;;;;;;;;;;;;;;;;;;;;;;;;;;;;°C;;;;;1714086784;1713539321;2.32E+11;;Interval;EndOfRecord
RD;pH;4/25/2024;11:12:05 PM;Default;PHC301;SN 240462571090;Edited;Sample ID (28547);3.014;pH;23.7;°C;244.2;mV;;;;;;;;;;;;;;;OK;4/25/2024;12:22:34 PM;Default;Slope;-57.99;98;mV/pH;14.1;mV;0.9998;3;4;pH;187.6;mV;22.2;7.01;pH;11;mV;22;10.04;pH;-159.2;mV;22.5;;;;;;;;;;;;;;;;;;;;;°C;;;;;1714086725;1714047754;2.32E+11;;Interval;EndOfRecord
RD;CD;4/25/2024;11:12:05 PM;Default;CDC401;SN 231662582599;Edited;Sample ID (28547);41.3;mS/cm;23.8;°C;40.3;mS/cm;;;NaCl/Non-Linear;Reference Temperature = 25 °C;;;;;;;;;;;OK;4/19/2024;3:08:41 PM;Default;K;0.366;;cm⁻¹;;;;1;30000;µS/cm;28.4;mS/cm;22.2;;;;;;;;;;;;;;;;;;;;;;;;;;;;;;;°C;;;;;1714086725;1713539321;2.32E+11;;Interval;EndOfRecord
RD;pH;4/25/2024;11:11:04 PM;Default;PHC301;SN 240462571090;Edited;Sample ID (28546);3.017;pH;23.7;°C;244.1;mV;;;;;;;;;;;;;;;OK;4/25/2024;12:22:34 PM;Default;Slope;-57.99;98;mV/pH;14.1;mV;0.9998;3;4;pH;187.6;mV;22.2;7.01;pH;11;mV;22;10.04;pH;-159.2;mV;22.5;;;;;;;;;;;;;;;;;;;;;°C;;;;;1714086664;1714047754;2.32E+11;;Interval;EndOfRecord
RD;CD;4/25/2024;11:11:04 PM;Default;CDC401;SN 231662582599;Edited;Sample ID (28546);41.3;mS/cm;23.8;°C;40.3;mS/cm;;;NaCl/Non-Linear;Reference Temperature = 25 °C;;;;;;;;;;;OK;4/19/2024;3:08:41 PM;Default;K;0.366;;cm⁻¹;;;;1;30000;µS/cm;28.4;mS/cm;22.2;;;;;;;;;;;;;;;;;;;;;;;;;;;;;;;°C;;;;;1714086664;1713539321;2.32E+11;;Interval;EndOfRecord
RD;pH;4/25/2024;11:10:03 PM;Default;PHC301;SN 240462571090;Edited;Sample ID (28545);3.013;pH;23.7;°C;244.3;mV;;;;;;;;;;;;;;;OK;4/25/2024;12:22:34 PM;Default;Slope;-57.99;98;mV/pH;14.1;mV;0.9998;3;4;pH;187.6;mV;22.2;7.01;pH;11;mV;22;10.04;pH;-159.2;mV;22.5;;;;;;;;;;;;;;;;;;;;;°C;;;;;1714086603;1714047754;2.32E+11;;Interval;EndOfRecord
RD;CD;4/25/2024;11:10:03 PM;Default;CDC401;SN 231662582599;Edited;Sample ID (28545);41.3;mS/cm;23.8;°C;40.3;mS/cm;;;NaCl/Non-Linear;Reference Temperature = 25 °C;;;;;;;;;;;OK;4/19/2024;3:08:41 PM;Default;K;0.366;;cm⁻¹;;;;1;30000;µS/cm;28.4;mS/cm;22.2;;;;;;;;;;;;;;;;;;;;;;;;;;;;;;;°C;;;;;1714086603;1713539321;2.32E+11;;Interval;EndOfRecord
RD;pH;4/25/2024;11:09:03 PM;Default;PHC301;SN 240462571090;Edited;Sample ID (28544);3.013;pH;23.6;°C;244.3;mV;;;;;;;;;;;;;;;OK;4/25/2024;12:22:34 PM;Default;Slope;-57.99;98;mV/pH;14.1;mV;0.9998;3;4;pH;187.6;mV;22.2;7.01;pH;11;mV;22;10.04;pH;-159.2;mV;22.5;;;;;;;;;;;;;;;;;;;;;°C;;;;;1714086543;1714047754;2.32E+11;;Interval;EndOfRecord
RD;CD;4/25/2024;11:09:03 PM;Default;CDC401;SN 231662582599;Edited;Sample ID (28544);41.3;mS/cm;23.8;°C;40.3;mS/cm;;;NaCl/Non-Linear;Reference Temperature = 25 °C;;;;;;;;;;;OK;4/19/2024;3:08:41 PM;Default;K;0.366;;cm⁻¹;;;;1;30000;µS/cm;28.4;mS/cm;22.2;;;;;;;;;;;;;;;;;;;;;;;;;;;;;;;°C;;;;;1714086543;1713539321;2.32E+11;;Interval;EndOfRecord
RD;pH;4/25/2024;11:08:03 PM;Default;PHC301;SN 240462571090;Edited;Sample ID (28543);3.013;pH;23.6;°C;244.2;mV;;;;;;;;;;;;;;;OK;4/25/2024;12:22:34 PM;Default;Slope;-57.99;98;mV/pH;14.1;mV;0.9998;3;4;pH;187.6;mV;22.2;7.01;pH;11;mV;22;10.04;pH;-159.2;mV;22.5;;;;;;;;;;;;;;;;;;;;;°C;;;;;1714086483;1714047754;2.32E+11;;Interval;EndOfRecord
RD;CD;4/25/2024;11:08:03 PM;Default;CDC401;SN 231662582599;Edited;Sample ID (28543);41.3;mS/cm;23.8;°C;40.3;mS/cm;;;NaCl/Non-Linear;Reference Temperature = 25 °C;;;;;;;;;;;OK;4/19/2024;3:08:41 PM;Default;K;0.366;;cm⁻¹;;;;1;30000;µS/cm;28.4;mS/cm;22.2;;;;;;;;;;;;;;;;;;;;;;;;;;;;;;;°C;;;;;1714086483;1713539321;2.32E+11;;Interval;EndOfRecord
RD;pH;4/25/2024;11:07:04 PM;Default;PHC301;SN 240462571090;Edited;Sample ID (28542);3.014;pH;23.6;°C;244.2;mV;;;;;;;;;;;;;;;OK;4/25/2024;12:22:34 PM;Default;Slope;-57.99;98;mV/pH;14.1;mV;0.9998;3;4;pH;187.6;mV;22.2;7.01;pH;11;mV;22;10.04;pH;-159.2;mV;22.5;;;;;;;;;;;;;;;;;;;;;°C;;;;;1714086424;1714047754;2.32E+11;;Interval;EndOfRecord
RD;CD;4/25/2024;11:07:04 PM;Default;CDC401;SN 231662582599;Edited;Sample ID (28542);41.3;mS/cm;23.8;°C;40.3;mS/cm;;;NaCl/Non-Linear;Reference Temperature = 25 °C;;;;;;;;;;;OK;4/19/2024;3:08:41 PM;Default;K;0.366;;cm⁻¹;;;;1;30000;µS/cm;28.4;mS/cm;22.2;;;;;;;;;;;;;;;;;;;;;;;;;;;;;;;°C;;;;;1714086424;1713539321;2.32E+11;;Interval;EndOfRecord
RD;pH;4/25/2024;11:06:04 PM;Default;PHC301;SN 240462571090;Edited;Sample ID (28541);3.014;pH;23.6;°C;244.2;mV;;;;;;;;;;;;;;;OK;4/25/2024;12:22:34 PM;Default;Slope;-57.99;98;mV/pH;14.1;mV;0.9998;3;4;pH;187.6;mV;22.2;7.01;pH;11;mV;22;10.04;pH;-159.2;mV;22.5;;;;;;;;;;;;;;;;;;;;;°C;;;;;1714086364;1714047754;2.32E+11;;Interval;EndOfRecord
RD;CD;4/25/2024;11:06:04 PM;Default;CDC401;SN 231662582599;Edited;Sample ID (28541);41.3;mS/cm;23.8;°C;40.3;mS/cm;;;NaCl/Non-Linear;Reference Temperature = 25 °C;;;;;;;;;;;OK;4/19/2024;3:08:41 PM;Default;K;0.366;;cm⁻¹;;;;1;30000;µS/cm;28.4;mS/cm;22.2;;;;;;;;;;;;;;;;;;;;;;;;;;;;;;;°C;;;;;1714086364;1713539321;2.32E+11;;Interval;EndOfRecord
RD;pH;4/25/2024;11:05:04 PM;Default;PHC301;SN 240462571090;Edited;Sample ID (28540);3.014;pH;23.6;°C;244.2;mV;;;;;;;;;;;;;;;OK;4/25/2024;12:22:34 PM;Default;Slope;-57.99;98;mV/pH;14.1;mV;0.9998;3;4;pH;187.6;mV;22.2;7.01;pH;11;mV;22;10.04;pH;-159.2;mV;22.5;;;;;;;;;;;;;;;;;;;;;°C;;;;;1714086304;1714047754;2.32E+11;;Interval;EndOfRecord
RD;CD;4/25/2024;11:05:04 PM;Default;CDC401;SN 231662582599;Edited;Sample ID (28540);41.2;mS/cm;23.8;°C;40.2;mS/cm;;;NaCl/Non-Linear;Reference Temperature = 25 °C;;;;;;;;;;;OK;4/19/2024;3:08:41 PM;Default;K;0.366;;cm⁻¹;;;;1;30000;µS/cm;28.4;mS/cm;22.2;;;;;;;;;;;;;;;;;;;;;;;;;;;;;;;°C;;;;;1714086304;1713539321;2.32E+11;;Interval;EndOfRecord
RD;pH;4/25/2024;11:04:04 PM;Default;PHC301;SN 240462571090;Edited;Sample ID (28539);3.014;pH;23.6;°C;244.2;mV;;;;;;;;;;;;;;;OK;4/25/2024;12:22:34 PM;Default;Slope;-57.99;98;mV/pH;14.1;mV;0.9998;3;4;pH;187.6;mV;22.2;7.01;pH;11;mV;22;10.04;pH;-159.2;mV;22.5;;;;;;;;;;;;;;;;;;;;;°C;;;;;1714086244;1714047754;2.32E+11;;Interval;EndOfRecord
RD;CD;4/25/2024;11:04:04 PM;Default;CDC401;SN 231662582599;Edited;Sample ID (28539);41.2;mS/cm;23.8;°C;40.2;mS/cm;;;NaCl/Non-Linear;Reference Temperature = 25 °C;;;;;;;;;;;OK;4/19/2024;3:08:41 PM;Default;K;0.366;;cm⁻¹;;;;1;30000;µS/cm;28.4;mS/cm;22.2;;;;;;;;;;;;;;;;;;;;;;;;;;;;;;;°C;;;;;1714086244;1713539321;2.32E+11;;Interval;EndOfRecord
RD;pH;4/25/2024;11:03:03 PM;Default;PHC301;SN 240462571090;Edited;Sample ID (28538);3.014;pH;23.6;°C;244.2;mV;;;;;;;;;;;;;;;OK;4/25/2024;12:22:34 PM;Default;Slope;-57.99;98;mV/pH;14.1;mV;0.9998;3;4;pH;187.6;mV;22.2;7.01;pH;11;mV;22;10.04;pH;-159.2;mV;22.5;;;;;;;;;;;;;;;;;;;;;°C;;;;;1714086183;1714047754;2.32E+11;;Interval;EndOfRecord
RD;CD;4/25/2024;11:03:03 PM;Default;CDC401;SN 231662582599;Edited;Sample ID (28538);41.3;mS/cm;23.8;°C;40.3;mS/cm;;;NaCl/Non-Linear;Reference Temperature = 25 °C;;;;;;;;;;;OK;4/19/2024;3:08:41 PM;Default;K;0.366;;cm⁻¹;;;;1;30000;µS/cm;28.4;mS/cm;22.2;;;;;;;;;;;;;;;;;;;;;;;;;;;;;;;°C;;;;;1714086183;1713539321;2.32E+11;;Interval;EndOfRecord
RD;pH;4/25/2024;11:02:03 PM;Default;PHC301;SN 240462571090;Edited;Sample ID (28537);3.014;pH;23.6;°C;244.2;mV;;;;;;;;;;;;;;;OK;4/25/2024;12:22:34 PM;Default;Slope;-57.99;98;mV/pH;14.1;mV;0.9998;3;4;pH;187.6;mV;22.2;7.01;pH;11;mV;22;10.04;pH;-159.2;mV;22.5;;;;;;;;;;;;;;;;;;;;;°C;;;;;1714086123;1714047754;2.32E+11;;Interval;EndOfRecord
RD;CD;4/25/2024;11:02:03 PM;Default;CDC401;SN 231662582599;Edited;Sample ID (28537);41.3;mS/cm;23.8;°C;40.3;mS/cm;;;NaCl/Non-Linear;Reference Temperature = 25 °C;;;;;;;;;;;OK;4/19/2024;3:08:41 PM;Default;K;0.366;;cm⁻¹;;;;1;30000;µS/cm;28.4;mS/cm;22.2;;;;;;;;;;;;;;;;;;;;;;;;;;;;;;;°C;;;;;1714086123;1713539321;2.32E+11;;Interval;EndOfRecord
RD;pH;4/25/2024;11:01:04 PM;Default;PHC301;SN 240462571090;Edited;Sample ID (28536);3.014;pH;23.6;°C;244.2;mV;;;;;;;;;;;;;;;OK;4/25/2024;12:22:34 PM;Default;Slope;-57.99;98;mV/pH;14.1;mV;0.9998;3;4;pH;187.6;mV;22.2;7.01;pH;11;mV;22;10.04;pH;-159.2;mV;22.5;;;;;;;;;;;;;;;;;;;;;°C;;;;;1714086064;1714047754;2.32E+11;;Interval;EndOfRecord
RD;CD;4/25/2024;11:01:04 PM;Default;CDC401;SN 231662582599;Edited;Sample ID (28536);41.2;mS/cm;23.8;°C;40.2;mS/cm;;;NaCl/Non-Linear;Reference Temperature = 25 °C;;;;;;;;;;;OK;4/19/2024;3:08:41 PM;Default;K;0.366;;cm⁻¹;;;;1;30000;µS/cm;28.4;mS/cm;22.2;;;;;;;;;;;;;;;;;;;;;;;;;;;;;;;°C;;;;;1714086064;1713539321;2.32E+11;;Interval;EndOfRecord
RD;pH;4/25/2024;11:00:04 PM;Default;PHC301;SN 240462571090;Edited;Sample ID (28535);3.014;pH;23.6;°C;244.1;mV;;;;;;;;;;;;;;;OK;4/25/2024;12:22:34 PM;Default;Slope;-57.99;98;mV/pH;14.1;mV;0.9998;3;4;pH;187.6;mV;22.2;7.01;pH;11;mV;22;10.04;pH;-159.2;mV;22.5;;;;;;;;;;;;;;;;;;;;;°C;;;;;1714086004;1714047754;2.32E+11;;Interval;EndOfRecord
RD;CD;4/25/2024;11:00:04 PM;Default;CDC401;SN 231662582599;Edited;Sample ID (28535);41.3;mS/cm;23.7;°C;40.3;mS/cm;;;NaCl/Non-Linear;Reference Temperature = 25 °C;;;;;;;;;;;OK;4/19/2024;3:08:41 PM;Default;K;0.366;;cm⁻¹;;;;1;30000;µS/cm;28.4;mS/cm;22.2;;;;;;;;;;;;;;;;;;;;;;;;;;;;;;;°C;;;;;1714086004;1713539321;2.32E+11;;Interval;EndOfRecord
RD;pH;4/25/2024;10:59:04 PM;Default;PHC301;SN 240462571090;Edited;Sample ID (28534);3.014;pH;23.6;°C;244.1;mV;;;;;;;;;;;;;;;OK;4/25/2024;12:22:34 PM;Default;Slope;-57.99;98;mV/pH;14.1;mV;0.9998;3;4;pH;187.6;mV;22.2;7.01;pH;11;mV;22;10.04;pH;-159.2;mV;22.5;;;;;;;;;;;;;;;;;;;;;°C;;;;;1714085944;1714047754;2.32E+11;;Interval;EndOfRecord
RD;CD;4/25/2024;10:59:04 PM;Default;CDC401;SN 231662582599;Edited;Sample ID (28534);41.3;mS/cm;23.7;°C;40.2;mS/cm;;;NaCl/Non-Linear;Reference Temperature = 25 °C;;;;;;;;;;;OK;4/19/2024;3:08:41 PM;Default;K;0.366;;cm⁻¹;;;;1;30000;µS/cm;28.4;mS/cm;22.2;;;;;;;;;;;;;;;;;;;;;;;;;;;;;;;°C;;;;;1714085944;1713539321;2.32E+11;;Interval;EndOfRecord
RD;pH;4/25/2024;10:58:04 PM;Default;PHC301;SN 240462571090;Edited;Sample ID (28533);3.014;pH;23.6;°C;244.1;mV;;;;;;;;;;;;;;;OK;4/25/2024;12:22:34 PM;Default;Slope;-57.99;98;mV/pH;14.1;mV;0.9998;3;4;pH;187.6;mV;22.2;7.01;pH;11;mV;22;10.04;pH;-159.2;mV;22.5;;;;;;;;;;;;;;;;;;;;;°C;;;;;1714085884;1714047754;2.32E+11;;Interval;EndOfRecord
RD;CD;4/25/2024;10:58:04 PM;Default;CDC401;SN 231662582599;Edited;Sample ID (28533);41.3;mS/cm;23.7;°C;40.2;mS/cm;;;NaCl/Non-Linear;Reference Temperature = 25 °C;;;;;;;;;;;OK;4/19/2024;3:08:41 PM;Default;K;0.366;;cm⁻¹;;;;1;30000;µS/cm;28.4;mS/cm;22.2;;;;;;;;;;;;;;;;;;;;;;;;;;;;;;;°C;;;;;1714085884;1713539321;2.32E+11;;Interval;EndOfRecord
RD;pH;4/25/2024;10:57:03 PM;Default;PHC301;SN 240462571090;Edited;Sample ID (28532);3.014;pH;23.6;°C;244.1;mV;;;;;;;;;;;;;;;OK;4/25/2024;12:22:34 PM;Default;Slope;-57.99;98;mV/pH;14.1;mV;0.9998;3;4;pH;187.6;mV;22.2;7.01;pH;11;mV;22;10.04;pH;-159.2;mV;22.5;;;;;;;;;;;;;;;;;;;;;°C;;;;;1714085823;1714047754;2.32E+11;;Interval;EndOfRecord
RD;CD;4/25/2024;10:57:03 PM;Default;CDC401;SN 231662582599;Edited;Sample ID (28532);41.3;mS/cm;23.7;°C;40.3;mS/cm;;;NaCl/Non-Linear;Reference Temperature = 25 °C;;;;;;;;;;;OK;4/19/2024;3:08:41 PM;Default;K;0.366;;cm⁻¹;;;;1;30000;µS/cm;28.4;mS/cm;22.2;;;;;;;;;;;;;;;;;;;;;;;;;;;;;;;°C;;;;;1714085823;1713539321;2.32E+11;;Interval;EndOfRecord
RD;pH;4/25/2024;10:56:04 PM;Default;PHC301;SN 240462571090;Edited;Sample ID (28531);3.014;pH;23.6;°C;244.1;mV;;;;;;;;;;;;;;;OK;4/25/2024;12:22:34 PM;Default;Slope;-57.99;98;mV/pH;14.1;mV;0.9998;3;4;pH;187.6;mV;22.2;7.01;pH;11;mV;22;10.04;pH;-159.2;mV;22.5;;;;;;;;;;;;;;;;;;;;;°C;;;;;1714085764;1714047754;2.32E+11;;Interval;EndOfRecord
RD;CD;4/25/2024;10:56:04 PM;Default;CDC401;SN 231662582599;Edited;Sample ID (28531);41.3;mS/cm;23.7;°C;40.3;mS/cm;;;NaCl/Non-Linear;Reference Temperature = 25 °C;;;;;;;;;;;OK;4/19/2024;3:08:41 PM;Default;K;0.366;;cm⁻¹;;;;1;30000;µS/cm;28.4;mS/cm;22.2;;;;;;;;;;;;;;;;;;;;;;;;;;;;;;;°C;;;;;1714085764;1713539321;2.32E+11;;Interval;EndOfRecord
RD;pH;4/25/2024;10:55:04 PM;Default;PHC301;SN 240462571090;Edited;Sample ID (28530);3.015;pH;23.6;°C;244.1;mV;;;;;;;;;;;;;;;OK;4/25/2024;12:22:34 PM;Default;Slope;-57.99;98;mV/pH;14.1;mV;0.9998;3;4;pH;187.6;mV;22.2;7.01;pH;11;mV;22;10.04;pH;-159.2;mV;22.5;;;;;;;;;;;;;;;;;;;;;°C;;;;;1714085704;1714047754;2.32E+11;;Interval;EndOfRecord
RD;CD;4/25/2024;10:55:04 PM;Default;CDC401;SN 231662582599;Edited;Sample ID (28530);41.3;mS/cm;23.7;°C;40.2;mS/cm;;;NaCl/Non-Linear;Reference Temperature = 25 °C;;;;;;;;;;;OK;4/19/2024;3:08:41 PM;Default;K;0.366;;cm⁻¹;;;;1;30000;µS/cm;28.4;mS/cm;22.2;;;;;;;;;;;;;;;;;;;;;;;;;;;;;;;°C;;;;;1714085704;1713539321;2.32E+11;;Interval;EndOfRecord
RD;pH;4/25/2024;10:54:04 PM;Default;PHC301;SN 240462571090;Edited;Sample ID (28529);3.015;pH;23.6;°C;244.1;mV;;;;;;;;;;;;;;;OK;4/25/2024;12:22:34 PM;Default;Slope;-57.99;98;mV/pH;14.1;mV;0.9998;3;4;pH;187.6;mV;22.2;7.01;pH;11;mV;22;10.04;pH;-159.2;mV;22.5;;;;;;;;;;;;;;;;;;;;;°C;;;;;1714085644;1714047754;2.32E+11;;Interval;EndOfRecord
RD;CD;4/25/2024;10:54:04 PM;Default;CDC401;SN 231662582599;Edited;Sample ID (28529);41.2;mS/cm;23.7;°C;40.2;mS/cm;;;NaCl/Non-Linear;Reference Temperature = 25 °C;;;;;;;;;;;OK;4/19/2024;3:08:41 PM;Default;K;0.366;;cm⁻¹;;;;1;30000;µS/cm;28.4;mS/cm;22.2;;;;;;;;;;;;;;;;;;;;;;;;;;;;;;;°C;;;;;1714085644;1713539321;2.32E+11;;Interval;EndOfRecord
RD;pH;4/25/2024;10:53:03 PM;Default;PHC301;SN 240462571090;Edited;Sample ID (28528);3.015;pH;23.6;°C;244.1;mV;;;;;;;;;;;;;;;OK;4/25/2024;12:22:34 PM;Default;Slope;-57.99;98;mV/pH;14.1;mV;0.9998;3;4;pH;187.6;mV;22.2;7.01;pH;11;mV;22;10.04;pH;-159.2;mV;22.5;;;;;;;;;;;;;;;;;;;;;°C;;;;;1714085583;1714047754;2.32E+11;;Interval;EndOfRecord
RD;CD;4/25/2024;10:53:03 PM;Default;CDC401;SN 231662582599;Edited;Sample ID (28528);41.3;mS/cm;23.7;°C;40.2;mS/cm;;;NaCl/Non-Linear;Reference Temperature = 25 °C;;;;;;;;;;;OK;4/19/2024;3:08:41 PM;Default;K;0.366;;cm⁻¹;;;;1;30000;µS/cm;28.4;mS/cm;22.2;;;;;;;;;;;;;;;;;;;;;;;;;;;;;;;°C;;;;;1714085583;1713539321;2.32E+11;;Interval;EndOfRecord
RD;pH;4/25/2024;10:52:04 PM;Default;PHC301;SN 240462571090;Edited;Sample ID (28527);3.015;pH;23.6;°C;244.1;mV;;;;;;;;;;;;;;;OK;4/25/2024;12:22:34 PM;Default;Slope;-57.99;98;mV/pH;14.1;mV;0.9998;3;4;pH;187.6;mV;22.2;7.01;pH;11;mV;22;10.04;pH;-159.2;mV;22.5;;;;;;;;;;;;;;;;;;;;;°C;;;;;1714085524;1714047754;2.32E+11;;Interval;EndOfRecord
RD;CD;4/25/2024;10:52:04 PM;Default;CDC401;SN 231662582599;Edited;Sample ID (28527);41.2;mS/cm;23.7;°C;40.2;mS/cm;;;NaCl/Non-Linear;Reference Temperature = 25 °C;;;;;;;;;;;OK;4/19/2024;3:08:41 PM;Default;K;0.366;;cm⁻¹;;;;1;30000;µS/cm;28.4;mS/cm;22.2;;;;;;;;;;;;;;;;;;;;;;;;;;;;;;;°C;;;;;1714085524;1713539321;2.32E+11;;Interval;EndOfRecord
RD;pH;4/25/2024;10:51:04 PM;Default;PHC301;SN 240462571090;Edited;Sample ID (28526);3.017;pH;23.6;°C;244;mV;;;;;;;;;;;;;;;OK;4/25/2024;12:22:34 PM;Default;Slope;-57.99;98;mV/pH;14.1;mV;0.9998;3;4;pH;187.6;mV;22.2;7.01;pH;11;mV;22;10.04;pH;-159.2;mV;22.5;;;;;;;;;;;;;;;;;;;;;°C;;;;;1714085464;1714047754;2.32E+11;;Interval;EndOfRecord
RD;CD;4/25/2024;10:51:04 PM;Default;CDC401;SN 231662582599;Edited;Sample ID (28526);41.2;mS/cm;23.7;°C;40.2;mS/cm;;;NaCl/Non-Linear;Reference Temperature = 25 °C;;;;;;;;;;;OK;4/19/2024;3:08:41 PM;Default;K;0.366;;cm⁻¹;;;;1;30000;µS/cm;28.4;mS/cm;22.2;;;;;;;;;;;;;;;;;;;;;;;;;;;;;;;°C;;;;;1714085464;1713539321;2.32E+11;;Interval;EndOfRecord
RD;pH;4/25/2024;10:50:03 PM;Default;PHC301;SN 240462571090;Edited;Sample ID (28525);3.017;pH;23.6;°C;244;mV;;;;;;;;;;;;;;;OK;4/25/2024;12:22:34 PM;Default;Slope;-57.99;98;mV/pH;14.1;mV;0.9998;3;4;pH;187.6;mV;22.2;7.01;pH;11;mV;22;10.04;pH;-159.2;mV;22.5;;;;;;;;;;;;;;;;;;;;;°C;;;;;1714085403;1714047754;2.32E+11;;Interval;EndOfRecord
RD;CD;4/25/2024;10:50:03 PM;Default;CDC401;SN 231662582599;Edited;Sample ID (28525);41.3;mS/cm;23.7;°C;40.2;mS/cm;;;NaCl/Non-Linear;Reference Temperature = 25 °C;;;;;;;;;;;OK;4/19/2024;3:08:41 PM;Default;K;0.366;;cm⁻¹;;;;1;30000;µS/cm;28.4;mS/cm;22.2;;;;;;;;;;;;;;;;;;;;;;;;;;;;;;;°C;;;;;1714085403;1713539321;2.32E+11;;Interval;EndOfRecord
RD;pH;4/25/2024;10:49:04 PM;Default;PHC301;SN 240462571090;Edited;Sample ID (28524);3.017;pH;23.6;°C;244;mV;;;;;;;;;;;;;;;OK;4/25/2024;12:22:34 PM;Default;Slope;-57.99;98;mV/pH;14.1;mV;0.9998;3;4;pH;187.6;mV;22.2;7.01;pH;11;mV;22;10.04;pH;-159.2;mV;22.5;;;;;;;;;;;;;;;;;;;;;°C;;;;;1714085344;1714047754;2.32E+11;;Interval;EndOfRecord
RD;CD;4/25/2024;10:49:04 PM;Default;CDC401;SN 231662582599;Edited;Sample ID (28524);41.2;mS/cm;23.7;°C;40.2;mS/cm;;;NaCl/Non-Linear;Reference Temperature = 25 °C;;;;;;;;;;;OK;4/19/2024;3:08:41 PM;Default;K;0.366;;cm⁻¹;;;;1;30000;µS/cm;28.4;mS/cm;22.2;;;;;;;;;;;;;;;;;;;;;;;;;;;;;;;°C;;;;;1714085344;1713539321;2.32E+11;;Interval;EndOfRecord
RD;pH;4/25/2024;10:48:04 PM;Default;PHC301;SN 240462571090;Edited;Sample ID (28523);3.018;pH;23.6;°C;244;mV;;;;;;;;;;;;;;;OK;4/25/2024;12:22:34 PM;Default;Slope;-57.99;98;mV/pH;14.1;mV;0.9998;3;4;pH;187.6;mV;22.2;7.01;pH;11;mV;22;10.04;pH;-159.2;mV;22.5;;;;;;;;;;;;;;;;;;;;;°C;;;;;1714085284;1714047754;2.32E+11;;Interval;EndOfRecord
RD;CD;4/25/2024;10:48:04 PM;Default;CDC401;SN 231662582599;Edited;Sample ID (28523);41.2;mS/cm;23.7;°C;40.2;mS/cm;;;NaCl/Non-Linear;Reference Temperature = 25 °C;;;;;;;;;;;OK;4/19/2024;3:08:41 PM;Default;K;0.366;;cm⁻¹;;;;1;30000;µS/cm;28.4;mS/cm;22.2;;;;;;;;;;;;;;;;;;;;;;;;;;;;;;;°C;;;;;1714085284;1713539321;2.32E+11;;Interval;EndOfRecord
RD;pH;4/25/2024;10:47:04 PM;Default;PHC301;SN 240462571090;Edited;Sample ID (28522);3.018;pH;23.5;°C;244;mV;;;;;;;;;;;;;;;OK;4/25/2024;12:22:34 PM;Default;Slope;-57.99;98;mV/pH;14.1;mV;0.9998;3;4;pH;187.6;mV;22.2;7.01;pH;11;mV;22;10.04;pH;-159.2;mV;22.5;;;;;;;;;;;;;;;;;;;;;°C;;;;;1714085224;1714047754;2.32E+11;;Interval;EndOfRecord
RD;CD;4/25/2024;10:47:04 PM;Default;CDC401;SN 231662582599;Edited;Sample ID (28522);41.2;mS/cm;23.7;°C;40.2;mS/cm;;;NaCl/Non-Linear;Reference Temperature = 25 °C;;;;;;;;;;;OK;4/19/2024;3:08:41 PM;Default;K;0.366;;cm⁻¹;;;;1;30000;µS/cm;28.4;mS/cm;22.2;;;;;;;;;;;;;;;;;;;;;;;;;;;;;;;°C;;;;;1714085224;1713539321;2.32E+11;;Interval;EndOfRecord
RD;pH;4/25/2024;10:46:03 PM;Default;PHC301;SN 240462571090;Edited;Sample ID (28521);3.018;pH;23.5;°C;243.9;mV;;;;;;;;;;;;;;;OK;4/25/2024;12:22:34 PM;Default;Slope;-57.99;98;mV/pH;14.1;mV;0.9998;3;4;pH;187.6;mV;22.2;7.01;pH;11;mV;22;10.04;pH;-159.2;mV;22.5;;;;;;;;;;;;;;;;;;;;;°C;;;;;1714085163;1714047754;2.32E+11;;Interval;EndOfRecord
RD;CD;4/25/2024;10:46:03 PM;Default;CDC401;SN 231662582599;Edited;Sample ID (28521);41.3;mS/cm;23.7;°C;40.2;mS/cm;;;NaCl/Non-Linear;Reference Temperature = 25 °C;;;;;;;;;;;OK;4/19/2024;3:08:41 PM;Default;K;0.366;;cm⁻¹;;;;1;30000;µS/cm;28.4;mS/cm;22.2;;;;;;;;;;;;;;;;;;;;;;;;;;;;;;;°C;;;;;1714085163;1713539321;2.32E+11;;Interval;EndOfRecord
RD;pH;4/25/2024;10:45:03 PM;Default;PHC301;SN 240462571090;Edited;Sample ID (28520);3.018;pH;23.5;°C;243.9;mV;;;;;;;;;;;;;;;OK;4/25/2024;12:22:34 PM;Default;Slope;-57.99;98;mV/pH;14.1;mV;0.9998;3;4;pH;187.6;mV;22.2;7.01;pH;11;mV;22;10.04;pH;-159.2;mV;22.5;;;;;;;;;;;;;;;;;;;;;°C;;;;;1714085103;1714047754;2.32E+11;;Interval;EndOfRecord
RD;CD;4/25/2024;10:45:03 PM;Default;CDC401;SN 231662582599;Edited;Sample ID (28520);41.3;mS/cm;23.7;°C;40.2;mS/cm;;;NaCl/Non-Linear;Reference Temperature = 25 °C;;;;;;;;;;;OK;4/19/2024;3:08:41 PM;Default;K;0.366;;cm⁻¹;;;;1;30000;µS/cm;28.4;mS/cm;22.2;;;;;;;;;;;;;;;;;;;;;;;;;;;;;;;°C;;;;;1714085103;1713539321;2.32E+11;;Interval;EndOfRecord
RD;pH;4/25/2024;10:44:03 PM;Default;PHC301;SN 240462571090;Edited;Sample ID (28519);3.019;pH;23.5;°C;243.9;mV;;;;;;;;;;;;;;;OK;4/25/2024;12:22:34 PM;Default;Slope;-57.99;98;mV/pH;14.1;mV;0.9998;3;4;pH;187.6;mV;22.2;7.01;pH;11;mV;22;10.04;pH;-159.2;mV;22.5;;;;;;;;;;;;;;;;;;;;;°C;;;;;1714085043;1714047754;2.32E+11;;Interval;EndOfRecord
RD;CD;4/25/2024;10:44:03 PM;Default;CDC401;SN 231662582599;Edited;Sample ID (28519);41.3;mS/cm;23.7;°C;40.2;mS/cm;;;NaCl/Non-Linear;Reference Temperature = 25 °C;;;;;;;;;;;OK;4/19/2024;3:08:41 PM;Default;K;0.366;;cm⁻¹;;;;1;30000;µS/cm;28.4;mS/cm;22.2;;;;;;;;;;;;;;;;;;;;;;;;;;;;;;;°C;;;;;1714085043;1713539321;2.32E+11;;Interval;EndOfRecord
RD;pH;4/25/2024;10:43:04 PM;Default;PHC301;SN 240462571090;Edited;Sample ID (28518);3.019;pH;23.5;°C;243.9;mV;;;;;;;;;;;;;;;OK;4/25/2024;12:22:34 PM;Default;Slope;-57.99;98;mV/pH;14.1;mV;0.9998;3;4;pH;187.6;mV;22.2;7.01;pH;11;mV;22;10.04;pH;-159.2;mV;22.5;;;;;;;;;;;;;;;;;;;;;°C;;;;;1714084984;1714047754;2.32E+11;;Interval;EndOfRecord
RD;CD;4/25/2024;10:43:04 PM;Default;CDC401;SN 231662582599;Edited;Sample ID (28518);41.2;mS/cm;23.7;°C;40.2;mS/cm;;;NaCl/Non-Linear;Reference Temperature = 25 °C;;;;;;;;;;;OK;4/19/2024;3:08:41 PM;Default;K;0.366;;cm⁻¹;;;;1;30000;µS/cm;28.4;mS/cm;22.2;;;;;;;;;;;;;;;;;;;;;;;;;;;;;;;°C;;;;;1714084984;1713539321;2.32E+11;;Interval;EndOfRecord
RD;pH;4/25/2024;10:42:04 PM;Default;PHC301;SN 240462571090;Edited;Sample ID (28517);3.019;pH;23.5;°C;243.9;mV;;;;;;;;;;;;;;;OK;4/25/2024;12:22:34 PM;Default;Slope;-57.99;98;mV/pH;14.1;mV;0.9998;3;4;pH;187.6;mV;22.2;7.01;pH;11;mV;22;10.04;pH;-159.2;mV;22.5;;;;;;;;;;;;;;;;;;;;;°C;;;;;1714084924;1714047754;2.32E+11;;Interval;EndOfRecord
RD;CD;4/25/2024;10:42:04 PM;Default;CDC401;SN 231662582599;Edited;Sample ID (28517);41.2;mS/cm;23.7;°C;40.2;mS/cm;;;NaCl/Non-Linear;Reference Temperature = 25 °C;;;;;;;;;;;OK;4/19/2024;3:08:41 PM;Default;K;0.366;;cm⁻¹;;;;1;30000;µS/cm;28.4;mS/cm;22.2;;;;;;;;;;;;;;;;;;;;;;;;;;;;;;;°C;;;;;1714084924;1713539321;2.32E+11;;Interval;EndOfRecord
RD;pH;4/25/2024;10:41:04 PM;Default;PHC301;SN 240462571090;Edited;Sample ID (28516);3.017;pH;23.5;°C;244;mV;;;;;;;;;;;;;;;OK;4/25/2024;12:22:34 PM;Default;Slope;-57.99;98;mV/pH;14.1;mV;0.9998;3;4;pH;187.6;mV;22.2;7.01;pH;11;mV;22;10.04;pH;-159.2;mV;22.5;;;;;;;;;;;;;;;;;;;;;°C;;;;;1714084864;1714047754;2.32E+11;;Interval;EndOfRecord
RD;CD;4/25/2024;10:41:04 PM;Default;CDC401;SN 231662582599;Edited;Sample ID (28516);41.3;mS/cm;23.7;°C;40.2;mS/cm;;;NaCl/Non-Linear;Reference Temperature = 25 °C;;;;;;;;;;;OK;4/19/2024;3:08:41 PM;Default;K;0.366;;cm⁻¹;;;;1;30000;µS/cm;28.4;mS/cm;22.2;;;;;;;;;;;;;;;;;;;;;;;;;;;;;;;°C;;;;;1714084864;1713539321;2.32E+11;;Interval;EndOfRecord
RD;pH;4/25/2024;10:40:03 PM;Default;PHC301;SN 240462571090;Edited;Sample ID (28515);3.017;pH;23.5;°C;243.9;mV;;;;;;;;;;;;;;;OK;4/25/2024;12:22:34 PM;Default;Slope;-57.99;98;mV/pH;14.1;mV;0.9998;3;4;pH;187.6;mV;22.2;7.01;pH;11;mV;22;10.04;pH;-159.2;mV;22.5;;;;;;;;;;;;;;;;;;;;;°C;;;;;1714084803;1714047754;2.32E+11;;Interval;EndOfRecord
RD;CD;4/25/2024;10:40:03 PM;Default;CDC401;SN 231662582599;Edited;Sample ID (28515);41.3;mS/cm;23.6;°C;40.2;mS/cm;;;NaCl/Non-Linear;Reference Temperature = 25 °C;;;;;;;;;;;OK;4/19/2024;3:08:41 PM;Default;K;0.366;;cm⁻¹;;;;1;30000;µS/cm;28.4;mS/cm;22.2;;;;;;;;;;;;;;;;;;;;;;;;;;;;;;;°C;;;;;1714084803;1713539321;2.32E+11;;Interval;EndOfRecord
RD;pH;4/25/2024;10:39:04 PM;Default;PHC301;SN 240462571090;Edited;Sample ID (28514);3.017;pH;23.5;°C;243.9;mV;;;;;;;;;;;;;;;OK;4/25/2024;12:22:34 PM;Default;Slope;-57.99;98;mV/pH;14.1;mV;0.9998;3;4;pH;187.6;mV;22.2;7.01;pH;11;mV;22;10.04;pH;-159.2;mV;22.5;;;;;;;;;;;;;;;;;;;;;°C;;;;;1714084744;1714047754;2.32E+11;;Interval;EndOfRecord
RD;CD;4/25/2024;10:39:04 PM;Default;CDC401;SN 231662582599;Edited;Sample ID (28514);41.3;mS/cm;23.6;°C;40.2;mS/cm;;;NaCl/Non-Linear;Reference Temperature = 25 °C;;;;;;;;;;;OK;4/19/2024;3:08:41 PM;Default;K;0.366;;cm⁻¹;;;;1;30000;µS/cm;28.4;mS/cm;22.2;;;;;;;;;;;;;;;;;;;;;;;;;;;;;;;°C;;;;;1714084744;1713539321;2.32E+11;;Interval;EndOfRecord
RD;pH;4/25/2024;10:38:04 PM;Default;PHC301;SN 240462571090;Edited;Sample ID (28513);3.017;pH;23.5;°C;243.9;mV;;;;;;;;;;;;;;;OK;4/25/2024;12:22:34 PM;Default;Slope;-57.99;98;mV/pH;14.1;mV;0.9998;3;4;pH;187.6;mV;22.2;7.01;pH;11;mV;22;10.04;pH;-159.2;mV;22.5;;;;;;;;;;;;;;;;;;;;;°C;;;;;1714084684;1714047754;2.32E+11;;Interval;EndOfRecord
RD;CD;4/25/2024;10:38:04 PM;Default;CDC401;SN 231662582599;Edited;Sample ID (28513);41.2;mS/cm;23.6;°C;40.1;mS/cm;;;NaCl/Non-Linear;Reference Temperature = 25 °C;;;;;;;;;;;OK;4/19/2024;3:08:41 PM;Default;K;0.366;;cm⁻¹;;;;1;30000;µS/cm;28.4;mS/cm;22.2;;;;;;;;;;;;;;;;;;;;;;;;;;;;;;;°C;;;;;1714084684;1713539321;2.32E+11;;Interval;EndOfRecord
RD;pH;4/25/2024;10:37:04 PM;Default;PHC301;SN 240462571090;Edited;Sample ID (28512);3.018;pH;23.5;°C;243.9;mV;;;;;;;;;;;;;;;OK;4/25/2024;12:22:34 PM;Default;Slope;-57.99;98;mV/pH;14.1;mV;0.9998;3;4;pH;187.6;mV;22.2;7.01;pH;11;mV;22;10.04;pH;-159.2;mV;22.5;;;;;;;;;;;;;;;;;;;;;°C;;;;;1714084624;1714047754;2.32E+11;;Interval;EndOfRecord
RD;CD;4/25/2024;10:37:04 PM;Default;CDC401;SN 231662582599;Edited;Sample ID (28512);41.2;mS/cm;23.6;°C;40.1;mS/cm;;;NaCl/Non-Linear;Reference Temperature = 25 °C;;;;;;;;;;;OK;4/19/2024;3:08:41 PM;Default;K;0.366;;cm⁻¹;;;;1;30000;µS/cm;28.4;mS/cm;22.2;;;;;;;;;;;;;;;;;;;;;;;;;;;;;;;°C;;;;;1714084624;1713539321;2.32E+11;;Interval;EndOfRecord
RD;pH;4/25/2024;10:36:03 PM;Default;PHC301;SN 240462571090;Edited;Sample ID (28511);3.017;pH;23.5;°C;243.9;mV;;;;;;;;;;;;;;;OK;4/25/2024;12:22:34 PM;Default;Slope;-57.99;98;mV/pH;14.1;mV;0.9998;3;4;pH;187.6;mV;22.2;7.01;pH;11;mV;22;10.04;pH;-159.2;mV;22.5;;;;;;;;;;;;;;;;;;;;;°C;;;;;1714084563;1714047754;2.32E+11;;Interval;EndOfRecord
RD;CD;4/25/2024;10:36:03 PM;Default;CDC401;SN 231662582599;Edited;Sample ID (28511);41.3;mS/cm;23.6;°C;40.2;mS/cm;;;NaCl/Non-Linear;Reference Temperature = 25 °C;;;;;;;;;;;OK;4/19/2024;3:08:41 PM;Default;K;0.366;;cm⁻¹;;;;1;30000;µS/cm;28.4;mS/cm;22.2;;;;;;;;;;;;;;;;;;;;;;;;;;;;;;;°C;;;;;1714084563;1713539321;2.32E+11;;Interval;EndOfRecord
RD;pH;4/25/2024;10:35:03 PM;Default;PHC301;SN 240462571090;Edited;Sample ID (28510);3.017;pH;23.5;°C;243.9;mV;;;;;;;;;;;;;;;OK;4/25/2024;12:22:34 PM;Default;Slope;-57.99;98;mV/pH;14.1;mV;0.9998;3;4;pH;187.6;mV;22.2;7.01;pH;11;mV;22;10.04;pH;-159.2;mV;22.5;;;;;;;;;;;;;;;;;;;;;°C;;;;;1714084503;1714047754;2.32E+11;;Interval;EndOfRecord
RD;CD;4/25/2024;10:35:03 PM;Default;CDC401;SN 231662582599;Edited;Sample ID (28510);41.3;mS/cm;23.6;°C;40.2;mS/cm;;;NaCl/Non-Linear;Reference Temperature = 25 °C;;;;;;;;;;;OK;4/19/2024;3:08:41 PM;Default;K;0.366;;cm⁻¹;;;;1;30000;µS/cm;28.4;mS/cm;22.2;;;;;;;;;;;;;;;;;;;;;;;;;;;;;;;°C;;;;;1714084503;1713539321;2.32E+11;;Interval;EndOfRecord
RD;pH;4/25/2024;10:34:04 PM;Default;PHC301;SN 240462571090;Edited;Sample ID (28509);3.018;pH;23.5;°C;243.9;mV;;;;;;;;;;;;;;;OK;4/25/2024;12:22:34 PM;Default;Slope;-57.99;98;mV/pH;14.1;mV;0.9998;3;4;pH;187.6;mV;22.2;7.01;pH;11;mV;22;10.04;pH;-159.2;mV;22.5;;;;;;;;;;;;;;;;;;;;;°C;;;;;1714084444;1714047754;2.32E+11;;Interval;EndOfRecord
RD;CD;4/25/2024;10:34:04 PM;Default;CDC401;SN 231662582599;Edited;Sample ID (28509);41.3;mS/cm;23.6;°C;40.1;mS/cm;;;NaCl/Non-Linear;Reference Temperature = 25 °C;;;;;;;;;;;OK;4/19/2024;3:08:41 PM;Default;K;0.366;;cm⁻¹;;;;1;30000;µS/cm;28.4;mS/cm;22.2;;;;;;;;;;;;;;;;;;;;;;;;;;;;;;;°C;;;;;1714084444;1713539321;2.32E+11;;Interval;EndOfRecord
RD;pH;4/25/2024;10:33:04 PM;Default;PHC301;SN 240462571090;Edited;Sample ID (28508);3.018;pH;23.5;°C;243.9;mV;;;;;;;;;;;;;;;OK;4/25/2024;12:22:34 PM;Default;Slope;-57.99;98;mV/pH;14.1;mV;0.9998;3;4;pH;187.6;mV;22.2;7.01;pH;11;mV;22;10.04;pH;-159.2;mV;22.5;;;;;;;;;;;;;;;;;;;;;°C;;;;;1714084384;1714047754;2.32E+11;;Interval;EndOfRecord
RD;CD;4/25/2024;10:33:04 PM;Default;CDC401;SN 231662582599;Edited;Sample ID (28508);41.2;mS/cm;23.6;°C;40.1;mS/cm;;;NaCl/Non-Linear;Reference Temperature = 25 °C;;;;;;;;;;;OK;4/19/2024;3:08:41 PM;Default;K;0.366;;cm⁻¹;;;;1;30000;µS/cm;28.4;mS/cm;22.2;;;;;;;;;;;;;;;;;;;;;;;;;;;;;;;°C;;;;;1714084384;1713539321;2.32E+11;;Interval;EndOfRecord
RD;pH;4/25/2024;10:32:03 PM;Default;PHC301;SN 240462571090;Edited;Sample ID (28507);3.018;pH;23.5;°C;243.9;mV;;;;;;;;;;;;;;;OK;4/25/2024;12:22:34 PM;Default;Slope;-57.99;98;mV/pH;14.1;mV;0.9998;3;4;pH;187.6;mV;22.2;7.01;pH;11;mV;22;10.04;pH;-159.2;mV;22.5;;;;;;;;;;;;;;;;;;;;;°C;;;;;1714084323;1714047754;2.32E+11;;Interval;EndOfRecord
RD;CD;4/25/2024;10:32:03 PM;Default;CDC401;SN 231662582599;Edited;Sample ID (28507);41.3;mS/cm;23.6;°C;40.1;mS/cm;;;NaCl/Non-Linear;Reference Temperature = 25 °C;;;;;;;;;;;OK;4/19/2024;3:08:41 PM;Default;K;0.366;;cm⁻¹;;;;1;30000;µS/cm;28.4;mS/cm;22.2;;;;;;;;;;;;;;;;;;;;;;;;;;;;;;;°C;;;;;1714084323;1713539321;2.32E+11;;Interval;EndOfRecord
RD;pH;4/25/2024;10:31:03 PM;Default;PHC301;SN 240462571090;Edited;Sample ID (28506);3.02;pH;23.4;°C;243.8;mV;;;;;;;;;;;;;;;OK;4/25/2024;12:22:34 PM;Default;Slope;-57.99;98;mV/pH;14.1;mV;0.9998;3;4;pH;187.6;mV;22.2;7.01;pH;11;mV;22;10.04;pH;-159.2;mV;22.5;;;;;;;;;;;;;;;;;;;;;°C;;;;;1714084263;1714047754;2.32E+11;;Interval;EndOfRecord
RD;CD;4/25/2024;10:31:03 PM;Default;CDC401;SN 231662582599;Edited;Sample ID (28506);41.3;mS/cm;23.6;°C;40.1;mS/cm;;;NaCl/Non-Linear;Reference Temperature = 25 °C;;;;;;;;;;;OK;4/19/2024;3:08:41 PM;Default;K;0.366;;cm⁻¹;;;;1;30000;µS/cm;28.4;mS/cm;22.2;;;;;;;;;;;;;;;;;;;;;;;;;;;;;;;°C;;;;;1714084263;1713539321;2.32E+11;;Interval;EndOfRecord
RD;pH;4/25/2024;10:30:03 PM;Default;PHC301;SN 240462571090;Edited;Sample ID (28505);3.02;pH;23.4;°C;243.8;mV;;;;;;;;;;;;;;;OK;4/25/2024;12:22:34 PM;Default;Slope;-57.99;98;mV/pH;14.1;mV;0.9998;3;4;pH;187.6;mV;22.2;7.01;pH;11;mV;22;10.04;pH;-159.2;mV;22.5;;;;;;;;;;;;;;;;;;;;;°C;;;;;1714084203;1714047754;2.32E+11;;Interval;EndOfRecord
RD;CD;4/25/2024;10:30:03 PM;Default;CDC401;SN 231662582599;Edited;Sample ID (28505);41.3;mS/cm;23.6;°C;40.1;mS/cm;;;NaCl/Non-Linear;Reference Temperature = 25 °C;;;;;;;;;;;OK;4/19/2024;3:08:41 PM;Default;K;0.366;;cm⁻¹;;;;1;30000;µS/cm;28.4;mS/cm;22.2;;;;;;;;;;;;;;;;;;;;;;;;;;;;;;;°C;;;;;1714084203;1713539321;2.32E+11;;Interval;EndOfRecord
RD;pH;4/25/2024;10:29:05 PM;Default;PHC301;SN 240462571090;Edited;Sample ID (28504);3.02;pH;23.4;°C;243.8;mV;;;;;;;;;;;;;;;OK;4/25/2024;12:22:34 PM;Default;Slope;-57.99;98;mV/pH;14.1;mV;0.9998;3;4;pH;187.6;mV;22.2;7.01;pH;11;mV;22;10.04;pH;-159.2;mV;22.5;;;;;;;;;;;;;;;;;;;;;°C;;;;;1714084145;1714047754;2.32E+11;;Interval;EndOfRecord
RD;CD;4/25/2024;10:29:05 PM;Default;CDC401;SN 231662582599;Edited;Sample ID (28504);41.2;mS/cm;23.6;°C;40.1;mS/cm;;;NaCl/Non-Linear;Reference Temperature = 25 °C;;;;;;;;;;;OK;4/19/2024;3:08:41 PM;Default;K;0.366;;cm⁻¹;;;;1;30000;µS/cm;28.4;mS/cm;22.2;;;;;;;;;;;;;;;;;;;;;;;;;;;;;;;°C;;;;;1714084145;1713539321;2.32E+11;;Interval;EndOfRecord
RD;pH;4/25/2024;10:28:03 PM;Default;PHC301;SN 240462571090;Edited;Sample ID (28503);3.02;pH;23.4;°C;243.8;mV;;;;;;;;;;;;;;;OK;4/25/2024;12:22:34 PM;Default;Slope;-57.99;98;mV/pH;14.1;mV;0.9998;3;4;pH;187.6;mV;22.2;7.01;pH;11;mV;22;10.04;pH;-159.2;mV;22.5;;;;;;;;;;;;;;;;;;;;;°C;;;;;1714084083;1714047754;2.32E+11;;Interval;EndOfRecord
RD;CD;4/25/2024;10:28:03 PM;Default;CDC401;SN 231662582599;Edited;Sample ID (28503);41.3;mS/cm;23.6;°C;40.1;mS/cm;;;NaCl/Non-Linear;Reference Temperature = 25 °C;;;;;;;;;;;OK;4/19/2024;3:08:41 PM;Default;K;0.366;;cm⁻¹;;;;1;30000;µS/cm;28.4;mS/cm;22.2;;;;;;;;;;;;;;;;;;;;;;;;;;;;;;;°C;;;;;1714084083;1713539321;2.32E+11;;Interval;EndOfRecord
RD;pH;4/25/2024;10:27:03 PM;Default;PHC301;SN 240462571090;Edited;Sample ID (28502);3.02;pH;23.4;°C;243.6;mV;;;;;;;;;;;;;;;OK;4/25/2024;12:22:34 PM;Default;Slope;-57.99;98;mV/pH;14.1;mV;0.9998;3;4;pH;187.6;mV;22.2;7.01;pH;11;mV;22;10.04;pH;-159.2;mV;22.5;;;;;;;;;;;;;;;;;;;;;°C;;;;;1714084023;1714047754;2.32E+11;;Interval;EndOfRecord
RD;CD;4/25/2024;10:27:03 PM;Default;CDC401;SN 231662582599;Edited;Sample ID (28502);41.3;mS/cm;23.6;°C;40.1;mS/cm;;;NaCl/Non-Linear;Reference Temperature = 25 °C;;;;;;;;;;;OK;4/19/2024;3:08:41 PM;Default;K;0.366;;cm⁻¹;;;;1;30000;µS/cm;28.4;mS/cm;22.2;;;;;;;;;;;;;;;;;;;;;;;;;;;;;;;°C;;;;;1714084023;1713539321;2.32E+11;;Interval;EndOfRecord
RD;pH;4/25/2024;10:26:03 PM;Default;PHC301;SN 240462571090;Edited;Sample ID (28501);3.02;pH;23.4;°C;243.6;mV;;;;;;;;;;;;;;;OK;4/25/2024;12:22:34 PM;Default;Slope;-57.99;98;mV/pH;14.1;mV;0.9998;3;4;pH;187.6;mV;22.2;7.01;pH;11;mV;22;10.04;pH;-159.2;mV;22.5;;;;;;;;;;;;;;;;;;;;;°C;;;;;1714083963;1714047754;2.32E+11;;Interval;EndOfRecord
RD;CD;4/25/2024;10:26:03 PM;Default;CDC401;SN 231662582599;Edited;Sample ID (28501);41.3;mS/cm;23.6;°C;40.1;mS/cm;;;NaCl/Non-Linear;Reference Temperature = 25 °C;;;;;;;;;;;OK;4/19/2024;3:08:41 PM;Default;K;0.366;;cm⁻¹;;;;1;30000;µS/cm;28.4;mS/cm;22.2;;;;;;;;;;;;;;;;;;;;;;;;;;;;;;;°C;;;;;1714083963;1713539321;2.32E+11;;Interval;EndOfRecord
RD;pH;4/25/2024;10:25:04 PM;Default;PHC301;SN 240462571090;Edited;Sample ID (28500);3.02;pH;23.4;°C;243.6;mV;;;;;;;;;;;;;;;OK;4/25/2024;12:22:34 PM;Default;Slope;-57.99;98;mV/pH;14.1;mV;0.9998;3;4;pH;187.6;mV;22.2;7.01;pH;11;mV;22;10.04;pH;-159.2;mV;22.5;;;;;;;;;;;;;;;;;;;;;°C;;;;;1714083904;1714047754;2.32E+11;;Interval;EndOfRecord
RD;CD;4/25/2024;10:25:04 PM;Default;CDC401;SN 231662582599;Edited;Sample ID (28500);41.2;mS/cm;23.5;°C;40;mS/cm;;;NaCl/Non-Linear;Reference Temperature = 25 °C;;;;;;;;;;;OK;4/19/2024;3:08:41 PM;Default;K;0.366;;cm⁻¹;;;;1;30000;µS/cm;28.4;mS/cm;22.2;;;;;;;;;;;;;;;;;;;;;;;;;;;;;;;°C;;;;;1714083904;1713539321;2.32E+11;;Interval;EndOfRecord
RD;pH;4/25/2024;10:24:04 PM;Default;PHC301;SN 240462571090;Edited;Sample ID (28499);3.02;pH;23.4;°C;243.6;mV;;;;;;;;;;;;;;;OK;4/25/2024;12:22:34 PM;Default;Slope;-57.99;98;mV/pH;14.1;mV;0.9998;3;4;pH;187.6;mV;22.2;7.01;pH;11;mV;22;10.04;pH;-159.2;mV;22.5;;;;;;;;;;;;;;;;;;;;;°C;;;;;1714083844;1714047754;2.32E+11;;Interval;EndOfRecord
RD;CD;4/25/2024;10:24:04 PM;Default;CDC401;SN 231662582599;Edited;Sample ID (28499);41.2;mS/cm;23.5;°C;40;mS/cm;;;NaCl/Non-Linear;Reference Temperature = 25 °C;;;;;;;;;;;OK;4/19/2024;3:08:41 PM;Default;K;0.366;;cm⁻¹;;;;1;30000;µS/cm;28.4;mS/cm;22.2;;;;;;;;;;;;;;;;;;;;;;;;;;;;;;;°C;;;;;1714083844;1713539321;2.32E+11;;Interval;EndOfRecord
RD;pH;4/25/2024;10:23:05 PM;Default;PHC301;SN 240462571090;Edited;Sample ID (28498);3.021;pH;23.4;°C;243.6;mV;;;;;;;;;;;;;;;OK;4/25/2024;12:22:34 PM;Default;Slope;-57.99;98;mV/pH;14.1;mV;0.9998;3;4;pH;187.6;mV;22.2;7.01;pH;11;mV;22;10.04;pH;-159.2;mV;22.5;;;;;;;;;;;;;;;;;;;;;°C;;;;;1714083785;1714047754;2.32E+11;;Interval;EndOfRecord
RD;CD;4/25/2024;10:23:05 PM;Default;CDC401;SN 231662582599;Edited;Sample ID (28498);41.2;mS/cm;23.5;°C;40;mS/cm;;;NaCl/Non-Linear;Reference Temperature = 25 °C;;;;;;;;;;;OK;4/19/2024;3:08:41 PM;Default;K;0.366;;cm⁻¹;;;;1;30000;µS/cm;28.4;mS/cm;22.2;;;;;;;;;;;;;;;;;;;;;;;;;;;;;;;°C;;;;;1714083785;1713539321;2.32E+11;;Interval;EndOfRecord
RD;pH;4/25/2024;10:22:04 PM;Default;PHC301;SN 240462571090;Edited;Sample ID (28497);3.024;pH;23.4;°C;243.5;mV;;;;;;;;;;;;;;;OK;4/25/2024;12:22:34 PM;Default;Slope;-57.99;98;mV/pH;14.1;mV;0.9998;3;4;pH;187.6;mV;22.2;7.01;pH;11;mV;22;10.04;pH;-159.2;mV;22.5;;;;;;;;;;;;;;;;;;;;;°C;;;;;1714083724;1714047754;2.32E+11;;Interval;EndOfRecord
RD;CD;4/25/2024;10:22:04 PM;Default;CDC401;SN 231662582599;Edited;Sample ID (28497);41.2;mS/cm;23.5;°C;40;mS/cm;;;NaCl/Non-Linear;Reference Temperature = 25 °C;;;;;;;;;;;OK;4/19/2024;3:08:41 PM;Default;K;0.366;;cm⁻¹;;;;1;30000;µS/cm;28.4;mS/cm;22.2;;;;;;;;;;;;;;;;;;;;;;;;;;;;;;;°C;;;;;1714083724;1713539321;2.32E+11;;Interval;EndOfRecord
RD;pH;4/25/2024;10:21:04 PM;Default;PHC301;SN 240462571090;Edited;Sample ID (28496);3.021;pH;23.4;°C;243.6;mV;;;;;;;;;;;;;;;OK;4/25/2024;12:22:34 PM;Default;Slope;-57.99;98;mV/pH;14.1;mV;0.9998;3;4;pH;187.6;mV;22.2;7.01;pH;11;mV;22;10.04;pH;-159.2;mV;22.5;;;;;;;;;;;;;;;;;;;;;°C;;;;;1714083664;1714047754;2.32E+11;;Interval;EndOfRecord
RD;CD;4/25/2024;10:21:04 PM;Default;CDC401;SN 231662582599;Edited;Sample ID (28496);41.2;mS/cm;23.5;°C;40;mS/cm;;;NaCl/Non-Linear;Reference Temperature = 25 °C;;;;;;;;;;;OK;4/19/2024;3:08:41 PM;Default;K;0.366;;cm⁻¹;;;;1;30000;µS/cm;28.4;mS/cm;22.2;;;;;;;;;;;;;;;;;;;;;;;;;;;;;;;°C;;;;;1714083664;1713539321;2.32E+11;;Interval;EndOfRecord
RD;pH;4/25/2024;10:20:04 PM;Default;PHC301;SN 240462571090;Edited;Sample ID (28495);3.021;pH;23.4;°C;243.6;mV;;;;;;;;;;;;;;;OK;4/25/2024;12:22:34 PM;Default;Slope;-57.99;98;mV/pH;14.1;mV;0.9998;3;4;pH;187.6;mV;22.2;7.01;pH;11;mV;22;10.04;pH;-159.2;mV;22.5;;;;;;;;;;;;;;;;;;;;;°C;;;;;1714083604;1714047754;2.32E+11;;Interval;EndOfRecord
RD;CD;4/25/2024;10:20:04 PM;Default;CDC401;SN 231662582599;Edited;Sample ID (28495);41.2;mS/cm;23.5;°C;40;mS/cm;;;NaCl/Non-Linear;Reference Temperature = 25 °C;;;;;;;;;;;OK;4/19/2024;3:08:41 PM;Default;K;0.366;;cm⁻¹;;;;1;30000;µS/cm;28.4;mS/cm;22.2;;;;;;;;;;;;;;;;;;;;;;;;;;;;;;;°C;;;;;1714083604;1713539321;2.32E+11;;Interval;EndOfRecord
RD;pH;4/25/2024;10:19:03 PM;Default;PHC301;SN 240462571090;Edited;Sample ID (28494);3.021;pH;23.4;°C;243.6;mV;;;;;;;;;;;;;;;OK;4/25/2024;12:22:34 PM;Default;Slope;-57.99;98;mV/pH;14.1;mV;0.9998;3;4;pH;187.6;mV;22.2;7.01;pH;11;mV;22;10.04;pH;-159.2;mV;22.5;;;;;;;;;;;;;;;;;;;;;°C;;;;;1714083543;1714047754;2.32E+11;;Interval;EndOfRecord
RD;CD;4/25/2024;10:19:03 PM;Default;CDC401;SN 231662582599;Edited;Sample ID (28494);41.3;mS/cm;23.5;°C;40;mS/cm;;;NaCl/Non-Linear;Reference Temperature = 25 °C;;;;;;;;;;;OK;4/19/2024;3:08:41 PM;Default;K;0.366;;cm⁻¹;;;;1;30000;µS/cm;28.4;mS/cm;22.2;;;;;;;;;;;;;;;;;;;;;;;;;;;;;;;°C;;;;;1714083543;1713539321;2.32E+11;;Interval;EndOfRecord
RD;pH;4/25/2024;10:18:04 PM;Default;PHC301;SN 240462571090;Edited;Sample ID (28493);3.021;pH;23.3;°C;243.6;mV;;;;;;;;;;;;;;;OK;4/25/2024;12:22:34 PM;Default;Slope;-57.99;98;mV/pH;14.1;mV;0.9998;3;4;pH;187.6;mV;22.2;7.01;pH;11;mV;22;10.04;pH;-159.2;mV;22.5;;;;;;;;;;;;;;;;;;;;;°C;;;;;1714083484;1714047754;2.32E+11;;Interval;EndOfRecord
RD;CD;4/25/2024;10:18:04 PM;Default;CDC401;SN 231662582599;Edited;Sample ID (28493);41.2;mS/cm;23.5;°C;40;mS/cm;;;NaCl/Non-Linear;Reference Temperature = 25 °C;;;;;;;;;;;OK;4/19/2024;3:08:41 PM;Default;K;0.366;;cm⁻¹;;;;1;30000;µS/cm;28.4;mS/cm;22.2;;;;;;;;;;;;;;;;;;;;;;;;;;;;;;;°C;;;;;1714083484;1713539321;2.32E+11;;Interval;EndOfRecord
RD;pH;4/25/2024;10:17:04 PM;Default;PHC301;SN 240462571090;Edited;Sample ID (28492);3.021;pH;23.3;°C;243.6;mV;;;;;;;;;;;;;;;OK;4/25/2024;12:22:34 PM;Default;Slope;-57.99;98;mV/pH;14.1;mV;0.9998;3;4;pH;187.6;mV;22.2;7.01;pH;11;mV;22;10.04;pH;-159.2;mV;22.5;;;;;;;;;;;;;;;;;;;;;°C;;;;;1714083424;1714047754;2.32E+11;;Interval;EndOfRecord
RD;CD;4/25/2024;10:17:04 PM;Default;CDC401;SN 231662582599;Edited;Sample ID (28492);41.2;mS/cm;23.5;°C;40;mS/cm;;;NaCl/Non-Linear;Reference Temperature = 25 °C;;;;;;;;;;;OK;4/19/2024;3:08:41 PM;Default;K;0.366;;cm⁻¹;;;;1;30000;µS/cm;28.4;mS/cm;22.2;;;;;;;;;;;;;;;;;;;;;;;;;;;;;;;°C;;;;;1714083424;1713539321;2.32E+11;;Interval;EndOfRecord
RD;pH;4/25/2024;10:16:03 PM;Default;PHC301;SN 240462571090;Edited;Sample ID (28491);3.021;pH;23.3;°C;243.6;mV;;;;;;;;;;;;;;;OK;4/25/2024;12:22:34 PM;Default;Slope;-57.99;98;mV/pH;14.1;mV;0.9998;3;4;pH;187.6;mV;22.2;7.01;pH;11;mV;22;10.04;pH;-159.2;mV;22.5;;;;;;;;;;;;;;;;;;;;;°C;;;;;1714083363;1714047754;2.32E+11;;Interval;EndOfRecord
RD;CD;4/25/2024;10:16:03 PM;Default;CDC401;SN 231662582599;Edited;Sample ID (28491);41.2;mS/cm;23.5;°C;40;mS/cm;;;NaCl/Non-Linear;Reference Temperature = 25 °C;;;;;;;;;;;OK;4/19/2024;3:08:41 PM;Default;K;0.366;;cm⁻¹;;;;1;30000;µS/cm;28.4;mS/cm;22.2;;;;;;;;;;;;;;;;;;;;;;;;;;;;;;;°C;;;;;1714083363;1713539321;2.32E+11;;Interval;EndOfRecord
RD;pH;4/25/2024;10:15:03 PM;Default;PHC301;SN 240462571090;Edited;Sample ID (28490);3.021;pH;23.3;°C;243.6;mV;;;;;;;;;;;;;;;OK;4/25/2024;12:22:34 PM;Default;Slope;-57.99;98;mV/pH;14.1;mV;0.9998;3;4;pH;187.6;mV;22.2;7.01;pH;11;mV;22;10.04;pH;-159.2;mV;22.5;;;;;;;;;;;;;;;;;;;;;°C;;;;;1714083303;1714047754;2.32E+11;;Interval;EndOfRecord
RD;CD;4/25/2024;10:15:03 PM;Default;CDC401;SN 231662582599;Edited;Sample ID (28490);41.2;mS/cm;23.5;°C;40;mS/cm;;;NaCl/Non-Linear;Reference Temperature = 25 °C;;;;;;;;;;;OK;4/19/2024;3:08:41 PM;Default;K;0.366;;cm⁻¹;;;;1;30000;µS/cm;28.4;mS/cm;22.2;;;;;;;;;;;;;;;;;;;;;;;;;;;;;;;°C;;;;;1714083303;1713539321;2.32E+11;;Interval;EndOfRecord
RD;pH;4/25/2024;10:14:04 PM;Default;PHC301;SN 240462571090;Edited;Sample ID (28489);3.021;pH;23.3;°C;243.6;mV;;;;;;;;;;;;;;;OK;4/25/2024;12:22:34 PM;Default;Slope;-57.99;98;mV/pH;14.1;mV;0.9998;3;4;pH;187.6;mV;22.2;7.01;pH;11;mV;22;10.04;pH;-159.2;mV;22.5;;;;;;;;;;;;;;;;;;;;;°C;;;;;1714083244;1714047754;2.32E+11;;Interval;EndOfRecord
RD;CD;4/25/2024;10:14:04 PM;Default;CDC401;SN 231662582599;Edited;Sample ID (28489);41.2;mS/cm;23.5;°C;39.9;mS/cm;;;NaCl/Non-Linear;Reference Temperature = 25 °C;;;;;;;;;;;OK;4/19/2024;3:08:41 PM;Default;K;0.366;;cm⁻¹;;;;1;30000;µS/cm;28.4;mS/cm;22.2;;;;;;;;;;;;;;;;;;;;;;;;;;;;;;;°C;;;;;1714083244;1713539321;2.32E+11;;Interval;EndOfRecord
RD;pH;4/25/2024;10:13:04 PM;Default;PHC301;SN 240462571090;Edited;Sample ID (28488);3.021;pH;23.3;°C;243.6;mV;;;;;;;;;;;;;;;OK;4/25/2024;12:22:34 PM;Default;Slope;-57.99;98;mV/pH;14.1;mV;0.9998;3;4;pH;187.6;mV;22.2;7.01;pH;11;mV;22;10.04;pH;-159.2;mV;22.5;;;;;;;;;;;;;;;;;;;;;°C;;;;;1714083184;1714047754;2.32E+11;;Interval;EndOfRecord
RD;CD;4/25/2024;10:13:04 PM;Default;CDC401;SN 231662582599;Edited;Sample ID (28488);41.2;mS/cm;23.4;°C;39.9;mS/cm;;;NaCl/Non-Linear;Reference Temperature = 25 °C;;;;;;;;;;;OK;4/19/2024;3:08:41 PM;Default;K;0.366;;cm⁻¹;;;;1;30000;µS/cm;28.4;mS/cm;22.2;;;;;;;;;;;;;;;;;;;;;;;;;;;;;;;°C;;;;;1714083184;1713539321;2.32E+11;;Interval;EndOfRecord
RD;pH;4/25/2024;10:12:03 PM;Default;PHC301;SN 240462571090;Edited;Sample ID (28487);3.021;pH;23.3;°C;243.6;mV;;;;;;;;;;;;;;;OK;4/25/2024;12:22:34 PM;Default;Slope;-57.99;98;mV/pH;14.1;mV;0.9998;3;4;pH;187.6;mV;22.2;7.01;pH;11;mV;22;10.04;pH;-159.2;mV;22.5;;;;;;;;;;;;;;;;;;;;;°C;;;;;1714083123;1714047754;2.32E+11;;Interval;EndOfRecord
RD;CD;4/25/2024;10:12:03 PM;Default;CDC401;SN 231662582599;Edited;Sample ID (28487);41.2;mS/cm;23.4;°C;40;mS/cm;;;NaCl/Non-Linear;Reference Temperature = 25 °C;;;;;;;;;;;OK;4/19/2024;3:08:41 PM;Default;K;0.366;;cm⁻¹;;;;1;30000;µS/cm;28.4;mS/cm;22.2;;;;;;;;;;;;;;;;;;;;;;;;;;;;;;;°C;;;;;1714083123;1713539321;2.32E+11;;Interval;EndOfRecord
RD;pH;4/25/2024;10:11:05 PM;Default;PHC301;SN 240462571090;Edited;Sample ID (28486);3.021;pH;23.3;°C;243.5;mV;;;;;;;;;;;;;;;OK;4/25/2024;12:22:34 PM;Default;Slope;-57.99;98;mV/pH;14.1;mV;0.9998;3;4;pH;187.6;mV;22.2;7.01;pH;11;mV;22;10.04;pH;-159.2;mV;22.5;;;;;;;;;;;;;;;;;;;;;°C;;;;;1714083065;1714047754;2.32E+11;;Interval;EndOfRecord
RD;CD;4/25/2024;10:11:05 PM;Default;CDC401;SN 231662582599;Edited;Sample ID (28486);41.2;mS/cm;23.4;°C;39.9;mS/cm;;;NaCl/Non-Linear;Reference Temperature = 25 °C;;;;;;;;;;;OK;4/19/2024;3:08:41 PM;Default;K;0.366;;cm⁻¹;;;;1;30000;µS/cm;28.4;mS/cm;22.2;;;;;;;;;;;;;;;;;;;;;;;;;;;;;;;°C;;;;;1714083065;1713539321;2.32E+11;;Interval;EndOfRecord
RD;pH;4/25/2024;10:10:04 PM;Default;PHC301;SN 240462571090;Edited;Sample ID (28485);3.021;pH;23.3;°C;243.5;mV;;;;;;;;;;;;;;;OK;4/25/2024;12:22:34 PM;Default;Slope;-57.99;98;mV/pH;14.1;mV;0.9998;3;4;pH;187.6;mV;22.2;7.01;pH;11;mV;22;10.04;pH;-159.2;mV;22.5;;;;;;;;;;;;;;;;;;;;;°C;;;;;1714083004;1714047754;2.32E+11;;Interval;EndOfRecord
RD;CD;4/25/2024;10:10:04 PM;Default;CDC401;SN 231662582599;Edited;Sample ID (28485);41.2;mS/cm;23.4;°C;39.9;mS/cm;;;NaCl/Non-Linear;Reference Temperature = 25 °C;;;;;;;;;;;OK;4/19/2024;3:08:41 PM;Default;K;0.366;;cm⁻¹;;;;1;30000;µS/cm;28.4;mS/cm;22.2;;;;;;;;;;;;;;;;;;;;;;;;;;;;;;;°C;;;;;1714083004;1713539321;2.32E+11;;Interval;EndOfRecord
RD;pH;4/25/2024;10:09:04 PM;Default;PHC301;SN 240462571090;Edited;Sample ID (28484);3.021;pH;23.3;°C;243.5;mV;;;;;;;;;;;;;;;OK;4/25/2024;12:22:34 PM;Default;Slope;-57.99;98;mV/pH;14.1;mV;0.9998;3;4;pH;187.6;mV;22.2;7.01;pH;11;mV;22;10.04;pH;-159.2;mV;22.5;;;;;;;;;;;;;;;;;;;;;°C;;;;;1714082944;1714047754;2.32E+11;;Interval;EndOfRecord
RD;CD;4/25/2024;10:09:04 PM;Default;CDC401;SN 231662582599;Edited;Sample ID (28484);41.2;mS/cm;23.4;°C;39.9;mS/cm;;;NaCl/Non-Linear;Reference Temperature = 25 °C;;;;;;;;;;;OK;4/19/2024;3:08:41 PM;Default;K;0.366;;cm⁻¹;;;;1;30000;µS/cm;28.4;mS/cm;22.2;;;;;;;;;;;;;;;;;;;;;;;;;;;;;;;°C;;;;;1714082944;1713539321;2.32E+11;;Interval;EndOfRecord
RD;pH;4/25/2024;10:08:03 PM;Default;PHC301;SN 240462571090;Edited;Sample ID (28483);3.021;pH;23.3;°C;243.5;mV;;;;;;;;;;;;;;;OK;4/25/2024;12:22:34 PM;Default;Slope;-57.99;98;mV/pH;14.1;mV;0.9998;3;4;pH;187.6;mV;22.2;7.01;pH;11;mV;22;10.04;pH;-159.2;mV;22.5;;;;;;;;;;;;;;;;;;;;;°C;;;;;1714082883;1714047754;2.32E+11;;Interval;EndOfRecord
RD;CD;4/25/2024;10:08:03 PM;Default;CDC401;SN 231662582599;Edited;Sample ID (28483);41.2;mS/cm;23.4;°C;39.9;mS/cm;;;NaCl/Non-Linear;Reference Temperature = 25 °C;;;;;;;;;;;OK;4/19/2024;3:08:41 PM;Default;K;0.366;;cm⁻¹;;;;1;30000;µS/cm;28.4;mS/cm;22.2;;;;;;;;;;;;;;;;;;;;;;;;;;;;;;;°C;;;;;1714082883;1713539321;2.32E+11;;Interval;EndOfRecord
RD;pH;4/25/2024;10:07:03 PM;Default;PHC301;SN 240462571090;Edited;Sample ID (28482);3.021;pH;23.3;°C;243.5;mV;;;;;;;;;;;;;;;OK;4/25/2024;12:22:34 PM;Default;Slope;-57.99;98;mV/pH;14.1;mV;0.9998;3;4;pH;187.6;mV;22.2;7.01;pH;11;mV;22;10.04;pH;-159.2;mV;22.5;;;;;;;;;;;;;;;;;;;;;°C;;;;;1714082823;1714047754;2.32E+11;;Interval;EndOfRecord
RD;CD;4/25/2024;10:07:03 PM;Default;CDC401;SN 231662582599;Edited;Sample ID (28482);41.2;mS/cm;23.4;°C;39.9;mS/cm;;;NaCl/Non-Linear;Reference Temperature = 25 °C;;;;;;;;;;;OK;4/19/2024;3:08:41 PM;Default;K;0.366;;cm⁻¹;;;;1;30000;µS/cm;28.4;mS/cm;22.2;;;;;;;;;;;;;;;;;;;;;;;;;;;;;;;°C;;;;;1714082823;1713539321;2.32E+11;;Interval;EndOfRecord
RD;pH;4/25/2024;10:06:04 PM;Default;PHC301;SN 240462571090;Edited;Sample ID (28481);3.022;pH;23.2;°C;243.5;mV;;;;;;;;;;;;;;;OK;4/25/2024;12:22:34 PM;Default;Slope;-57.99;98;mV/pH;14.1;mV;0.9998;3;4;pH;187.6;mV;22.2;7.01;pH;11;mV;22;10.04;pH;-159.2;mV;22.5;;;;;;;;;;;;;;;;;;;;;°C;;;;;1714082764;1714047754;2.32E+11;;Interval;EndOfRecord
RD;CD;4/25/2024;10:06:04 PM;Default;CDC401;SN 231662582599;Edited;Sample ID (28481);41.2;mS/cm;23.4;°C;39.9;mS/cm;;;NaCl/Non-Linear;Reference Temperature = 25 °C;;;;;;;;;;;OK;4/19/2024;3:08:41 PM;Default;K;0.366;;cm⁻¹;;;;1;30000;µS/cm;28.4;mS/cm;22.2;;;;;;;;;;;;;;;;;;;;;;;;;;;;;;;°C;;;;;1714082764;1713539321;2.32E+11;;Interval;EndOfRecord
RD;pH;4/25/2024;10:05:03 PM;Default;PHC301;SN 240462571090;Edited;Sample ID (28480);3.022;pH;23.2;°C;243.4;mV;;;;;;;;;;;;;;;OK;4/25/2024;12:22:34 PM;Default;Slope;-57.99;98;mV/pH;14.1;mV;0.9998;3;4;pH;187.6;mV;22.2;7.01;pH;11;mV;22;10.04;pH;-159.2;mV;22.5;;;;;;;;;;;;;;;;;;;;;°C;;;;;1714082703;1714047754;2.32E+11;;Interval;EndOfRecord
RD;CD;4/25/2024;10:05:03 PM;Default;CDC401;SN 231662582599;Edited;Sample ID (28480);41.2;mS/cm;23.4;°C;39.9;mS/cm;;;NaCl/Non-Linear;Reference Temperature = 25 °C;;;;;;;;;;;OK;4/19/2024;3:08:41 PM;Default;K;0.366;;cm⁻¹;;;;1;30000;µS/cm;28.4;mS/cm;22.2;;;;;;;;;;;;;;;;;;;;;;;;;;;;;;;°C;;;;;1714082703;1713539321;2.32E+11;;Interval;EndOfRecord
RD;pH;4/25/2024;10:04:03 PM;Default;PHC301;SN 240462571090;Edited;Sample ID (28479);3.022;pH;23.2;°C;243.4;mV;;;;;;;;;;;;;;;OK;4/25/2024;12:22:34 PM;Default;Slope;-57.99;98;mV/pH;14.1;mV;0.9998;3;4;pH;187.6;mV;22.2;7.01;pH;11;mV;22;10.04;pH;-159.2;mV;22.5;;;;;;;;;;;;;;;;;;;;;°C;;;;;1714082643;1714047754;2.32E+11;;Interval;EndOfRecord
RD;CD;4/25/2024;10:04:03 PM;Default;CDC401;SN 231662582599;Edited;Sample ID (28479);41.2;mS/cm;23.4;°C;39.9;mS/cm;;;NaCl/Non-Linear;Reference Temperature = 25 °C;;;;;;;;;;;OK;4/19/2024;3:08:41 PM;Default;K;0.366;;cm⁻¹;;;;1;30000;µS/cm;28.4;mS/cm;22.2;;;;;;;;;;;;;;;;;;;;;;;;;;;;;;;°C;;;;;1714082643;1713539321;2.32E+11;;Interval;EndOfRecord
RD;pH;4/25/2024;10:03:03 PM;Default;PHC301;SN 240462571090;Edited;Sample ID (28478);3.022;pH;23.2;°C;243.4;mV;;;;;;;;;;;;;;;OK;4/25/2024;12:22:34 PM;Default;Slope;-57.99;98;mV/pH;14.1;mV;0.9998;3;4;pH;187.6;mV;22.2;7.01;pH;11;mV;22;10.04;pH;-159.2;mV;22.5;;;;;;;;;;;;;;;;;;;;;°C;;;;;1714082583;1714047754;2.32E+11;;Interval;EndOfRecord
RD;CD;4/25/2024;10:03:03 PM;Default;CDC401;SN 231662582599;Edited;Sample ID (28478);41.2;mS/cm;23.4;°C;39.9;mS/cm;;;NaCl/Non-Linear;Reference Temperature = 25 °C;;;;;;;;;;;OK;4/19/2024;3:08:41 PM;Default;K;0.366;;cm⁻¹;;;;1;30000;µS/cm;28.4;mS/cm;22.2;;;;;;;;;;;;;;;;;;;;;;;;;;;;;;;°C;;;;;1714082583;1713539321;2.32E+11;;Interval;EndOfRecord
RD;pH;4/25/2024;10:02:04 PM;Default;PHC301;SN 240462571090;Edited;Sample ID (28477);3.022;pH;23.2;°C;243.4;mV;;;;;;;;;;;;;;;OK;4/25/2024;12:22:34 PM;Default;Slope;-57.99;98;mV/pH;14.1;mV;0.9998;3;4;pH;187.6;mV;22.2;7.01;pH;11;mV;22;10.04;pH;-159.2;mV;22.5;;;;;;;;;;;;;;;;;;;;;°C;;;;;1714082524;1714047754;2.32E+11;;Interval;EndOfRecord
RD;CD;4/25/2024;10:02:04 PM;Default;CDC401;SN 231662582599;Edited;Sample ID (28477);41.2;mS/cm;23.3;°C;39.8;mS/cm;;;NaCl/Non-Linear;Reference Temperature = 25 °C;;;;;;;;;;;OK;4/19/2024;3:08:41 PM;Default;K;0.366;;cm⁻¹;;;;1;30000;µS/cm;28.4;mS/cm;22.2;;;;;;;;;;;;;;;;;;;;;;;;;;;;;;;°C;;;;;1714082524;1713539321;2.32E+11;;Interval;EndOfRecord
RD;pH;4/25/2024;10:01:05 PM;Default;PHC301;SN 240462571090;Edited;Sample ID (28476);3.022;pH;23.2;°C;243.4;mV;;;;;;;;;;;;;;;OK;4/25/2024;12:22:34 PM;Default;Slope;-57.99;98;mV/pH;14.1;mV;0.9998;3;4;pH;187.6;mV;22.2;7.01;pH;11;mV;22;10.04;pH;-159.2;mV;22.5;;;;;;;;;;;;;;;;;;;;;°C;;;;;1714082465;1714047754;2.32E+11;;Interval;EndOfRecord
RD;CD;4/25/2024;10:01:05 PM;Default;CDC401;SN 231662582599;Edited;Sample ID (28476);41.2;mS/cm;23.3;°C;39.8;mS/cm;;;NaCl/Non-Linear;Reference Temperature = 25 °C;;;;;;;;;;;OK;4/19/2024;3:08:41 PM;Default;K;0.366;;cm⁻¹;;;;1;30000;µS/cm;28.4;mS/cm;22.2;;;;;;;;;;;;;;;;;;;;;;;;;;;;;;;°C;;;;;1714082465;1713539321;2.32E+11;;Interval;EndOfRecord
RD;pH;4/25/2024;10:00:04 PM;Default;PHC301;SN 240462571090;Edited;Sample ID (28475);3.022;pH;23.2;°C;243.4;mV;;;;;;;;;;;;;;;OK;4/25/2024;12:22:34 PM;Default;Slope;-57.99;98;mV/pH;14.1;mV;0.9998;3;4;pH;187.6;mV;22.2;7.01;pH;11;mV;22;10.04;pH;-159.2;mV;22.5;;;;;;;;;;;;;;;;;;;;;°C;;;;;1714082404;1714047754;2.32E+11;;Interval;EndOfRecord
RD;CD;4/25/2024;10:00:04 PM;Default;CDC401;SN 231662582599;Edited;Sample ID (28475);41.2;mS/cm;23.3;°C;39.8;mS/cm;;;NaCl/Non-Linear;Reference Temperature = 25 °C;;;;;;;;;;;OK;4/19/2024;3:08:41 PM;Default;K;0.366;;cm⁻¹;;;;1;30000;µS/cm;28.4;mS/cm;22.2;;;;;;;;;;;;;;;;;;;;;;;;;;;;;;;°C;;;;;1714082404;1713539321;2.32E+11;;Interval;EndOfRecord
RD;pH;4/25/2024;9:59:04 PM;Default;PHC301;SN 240462571090;Edited;Sample ID (28474);3.022;pH;23.2;°C;243.4;mV;;;;;;;;;;;;;;;OK;4/25/2024;12:22:34 PM;Default;Slope;-57.99;98;mV/pH;14.1;mV;0.9998;3;4;pH;187.6;mV;22.2;7.01;pH;11;mV;22;10.04;pH;-159.2;mV;22.5;;;;;;;;;;;;;;;;;;;;;°C;;;;;1714082344;1714047754;2.32E+11;;Interval;EndOfRecord
RD;CD;4/25/2024;9:59:04 PM;Default;CDC401;SN 231662582599;Edited;Sample ID (28474);41.2;mS/cm;23.3;°C;39.8;mS/cm;;;NaCl/Non-Linear;Reference Temperature = 25 °C;;;;;;;;;;;OK;4/19/2024;3:08:41 PM;Default;K;0.366;;cm⁻¹;;;;1;30000;µS/cm;28.4;mS/cm;22.2;;;;;;;;;;;;;;;;;;;;;;;;;;;;;;;°C;;;;;1714082344;1713539321;2.32E+11;;Interval;EndOfRecord
RD;pH;4/25/2024;9:58:03 PM;Default;PHC301;SN 240462571090;Edited;Sample ID (28473);3.022;pH;23.2;°C;243.4;mV;;;;;;;;;;;;;;;OK;4/25/2024;12:22:34 PM;Default;Slope;-57.99;98;mV/pH;14.1;mV;0.9998;3;4;pH;187.6;mV;22.2;7.01;pH;11;mV;22;10.04;pH;-159.2;mV;22.5;;;;;;;;;;;;;;;;;;;;;°C;;;;;1714082283;1714047754;2.32E+11;;Interval;EndOfRecord
RD;CD;4/25/2024;9:58:03 PM;Default;CDC401;SN 231662582599;Edited;Sample ID (28473);41.2;mS/cm;23.3;°C;39.8;mS/cm;;;NaCl/Non-Linear;Reference Temperature = 25 °C;;;;;;;;;;;OK;4/19/2024;3:08:41 PM;Default;K;0.366;;cm⁻¹;;;;1;30000;µS/cm;28.4;mS/cm;22.2;;;;;;;;;;;;;;;;;;;;;;;;;;;;;;;°C;;;;;1714082283;1713539321;2.32E+11;;Interval;EndOfRecord
RD;pH;4/25/2024;9:57:03 PM;Default;PHC301;SN 240462571090;Edited;Sample ID (28472);3.022;pH;23.2;°C;243.4;mV;;;;;;;;;;;;;;;OK;4/25/2024;12:22:34 PM;Default;Slope;-57.99;98;mV/pH;14.1;mV;0.9998;3;4;pH;187.6;mV;22.2;7.01;pH;11;mV;22;10.04;pH;-159.2;mV;22.5;;;;;;;;;;;;;;;;;;;;;°C;;;;;1714082223;1714047754;2.32E+11;;Interval;EndOfRecord
RD;CD;4/25/2024;9:57:03 PM;Default;CDC401;SN 231662582599;Edited;Sample ID (28472);41.2;mS/cm;23.3;°C;39.8;mS/cm;;;NaCl/Non-Linear;Reference Temperature = 25 °C;;;;;;;;;;;OK;4/19/2024;3:08:41 PM;Default;K;0.366;;cm⁻¹;;;;1;30000;µS/cm;28.4;mS/cm;22.2;;;;;;;;;;;;;;;;;;;;;;;;;;;;;;;°C;;;;;1714082223;1713539321;2.32E+11;;Interval;EndOfRecord
RD;pH;4/25/2024;9:56:03 PM;Default;PHC301;SN 240462571090;Edited;Sample ID (28471);3.022;pH;23.2;°C;243.4;mV;;;;;;;;;;;;;;;OK;4/25/2024;12:22:34 PM;Default;Slope;-57.99;98;mV/pH;14.1;mV;0.9998;3;4;pH;187.6;mV;22.2;7.01;pH;11;mV;22;10.04;pH;-159.2;mV;22.5;;;;;;;;;;;;;;;;;;;;;°C;;;;;1714082163;1714047754;2.32E+11;;Interval;EndOfRecord
RD;CD;4/25/2024;9:56:03 PM;Default;CDC401;SN 231662582599;Edited;Sample ID (28471);41.2;mS/cm;23.3;°C;39.8;mS/cm;;;NaCl/Non-Linear;Reference Temperature = 25 °C;;;;;;;;;;;OK;4/19/2024;3:08:41 PM;Default;K;0.366;;cm⁻¹;;;;1;30000;µS/cm;28.4;mS/cm;22.2;;;;;;;;;;;;;;;;;;;;;;;;;;;;;;;°C;;;;;1714082163;1713539321;2.32E+11;;Interval;EndOfRecord
RD;pH;4/25/2024;9:55:05 PM;Default;PHC301;SN 240462571090;Edited;Sample ID (28470);3.022;pH;23.1;°C;243.4;mV;;;;;;;;;;;;;;;OK;4/25/2024;12:22:34 PM;Default;Slope;-57.99;98;mV/pH;14.1;mV;0.9998;3;4;pH;187.6;mV;22.2;7.01;pH;11;mV;22;10.04;pH;-159.2;mV;22.5;;;;;;;;;;;;;;;;;;;;;°C;;;;;1714082105;1714047754;2.32E+11;;Interval;EndOfRecord
RD;CD;4/25/2024;9:55:05 PM;Default;CDC401;SN 231662582599;Edited;Sample ID (28470);41.1;mS/cm;23.3;°C;39.7;mS/cm;;;NaCl/Non-Linear;Reference Temperature = 25 °C;;;;;;;;;;;OK;4/19/2024;3:08:41 PM;Default;K;0.366;;cm⁻¹;;;;1;30000;µS/cm;28.4;mS/cm;22.2;;;;;;;;;;;;;;;;;;;;;;;;;;;;;;;°C;;;;;1714082105;1713539321;2.32E+11;;Interval;EndOfRecord
RD;pH;4/25/2024;9:54:03 PM;Default;PHC301;SN 240462571090;Edited;Sample ID (28469);3.022;pH;23.1;°C;243.4;mV;;;;;;;;;;;;;;;OK;4/25/2024;12:22:34 PM;Default;Slope;-57.99;98;mV/pH;14.1;mV;0.9998;3;4;pH;187.6;mV;22.2;7.01;pH;11;mV;22;10.04;pH;-159.2;mV;22.5;;;;;;;;;;;;;;;;;;;;;°C;;;;;1714082043;1714047754;2.32E+11;;Interval;EndOfRecord
RD;CD;4/25/2024;9:54:03 PM;Default;CDC401;SN 231662582599;Edited;Sample ID (28469);41.2;mS/cm;23.3;°C;39.8;mS/cm;;;NaCl/Non-Linear;Reference Temperature = 25 °C;;;;;;;;;;;OK;4/19/2024;3:08:41 PM;Default;K;0.366;;cm⁻¹;;;;1;30000;µS/cm;28.4;mS/cm;22.2;;;;;;;;;;;;;;;;;;;;;;;;;;;;;;;°C;;;;;1714082043;1713539321;2.32E+11;;Interval;EndOfRecord
RD;pH;4/25/2024;9:53:04 PM;Default;PHC301;SN 240462571090;Edited;Sample ID (28468);3.024;pH;23.1;°C;243.2;mV;;;;;;;;;;;;;;;OK;4/25/2024;12:22:34 PM;Default;Slope;-57.99;98;mV/pH;14.1;mV;0.9998;3;4;pH;187.6;mV;22.2;7.01;pH;11;mV;22;10.04;pH;-159.2;mV;22.5;;;;;;;;;;;;;;;;;;;;;°C;;;;;1714081984;1714047754;2.32E+11;;Interval;EndOfRecord
RD;CD;4/25/2024;9:53:04 PM;Default;CDC401;SN 231662582599;Edited;Sample ID (28468);41.2;mS/cm;23.3;°C;39.8;mS/cm;;;NaCl/Non-Linear;Reference Temperature = 25 °C;;;;;;;;;;;OK;4/19/2024;3:08:41 PM;Default;K;0.366;;cm⁻¹;;;;1;30000;µS/cm;28.4;mS/cm;22.2;;;;;;;;;;;;;;;;;;;;;;;;;;;;;;;°C;;;;;1714081984;1713539321;2.32E+11;;Interval;EndOfRecord
RD;pH;4/25/2024;9:52:04 PM;Default;PHC301;SN 240462571090;Edited;Sample ID (28467);3.024;pH;23.1;°C;243.2;mV;;;;;;;;;;;;;;;OK;4/25/2024;12:22:34 PM;Default;Slope;-57.99;98;mV/pH;14.1;mV;0.9998;3;4;pH;187.6;mV;22.2;7.01;pH;11;mV;22;10.04;pH;-159.2;mV;22.5;;;;;;;;;;;;;;;;;;;;;°C;;;;;1714081924;1714047754;2.32E+11;;Interval;EndOfRecord
RD;CD;4/25/2024;9:52:04 PM;Default;CDC401;SN 231662582599;Edited;Sample ID (28467);41.2;mS/cm;23.2;°C;39.7;mS/cm;;;NaCl/Non-Linear;Reference Temperature = 25 °C;;;;;;;;;;;OK;4/19/2024;3:08:41 PM;Default;K;0.366;;cm⁻¹;;;;1;30000;µS/cm;28.4;mS/cm;22.2;;;;;;;;;;;;;;;;;;;;;;;;;;;;;;;°C;;;;;1714081924;1713539321;2.32E+11;;Interval;EndOfRecord
RD;pH;4/25/2024;9:51:04 PM;Default;PHC301;SN 240462571090;Edited;Sample ID (28466);3.024;pH;23.1;°C;243.2;mV;;;;;;;;;;;;;;;OK;4/25/2024;12:22:34 PM;Default;Slope;-57.99;98;mV/pH;14.1;mV;0.9998;3;4;pH;187.6;mV;22.2;7.01;pH;11;mV;22;10.04;pH;-159.2;mV;22.5;;;;;;;;;;;;;;;;;;;;;°C;;;;;1714081864;1714047754;2.32E+11;;Interval;EndOfRecord
RD;CD;4/25/2024;9:51:04 PM;Default;CDC401;SN 231662582599;Edited;Sample ID (28466);41.2;mS/cm;23.2;°C;39.7;mS/cm;;;NaCl/Non-Linear;Reference Temperature = 25 °C;;;;;;;;;;;OK;4/19/2024;3:08:41 PM;Default;K;0.366;;cm⁻¹;;;;1;30000;µS/cm;28.4;mS/cm;22.2;;;;;;;;;;;;;;;;;;;;;;;;;;;;;;;°C;;;;;1714081864;1713539321;2.32E+11;;Interval;EndOfRecord
RD;pH;4/25/2024;9:50:04 PM;Default;PHC301;SN 240462571090;Edited;Sample ID (28465);3.024;pH;23.1;°C;243.2;mV;;;;;;;;;;;;;;;OK;4/25/2024;12:22:34 PM;Default;Slope;-57.99;98;mV/pH;14.1;mV;0.9998;3;4;pH;187.6;mV;22.2;7.01;pH;11;mV;22;10.04;pH;-159.2;mV;22.5;;;;;;;;;;;;;;;;;;;;;°C;;;;;1714081804;1714047754;2.32E+11;;Interval;EndOfRecord
RD;CD;4/25/2024;9:50:04 PM;Default;CDC401;SN 231662582599;Edited;Sample ID (28465);41.2;mS/cm;23.2;°C;39.7;mS/cm;;;NaCl/Non-Linear;Reference Temperature = 25 °C;;;;;;;;;;;OK;4/19/2024;3:08:41 PM;Default;K;0.366;;cm⁻¹;;;;1;30000;µS/cm;28.4;mS/cm;22.2;;;;;;;;;;;;;;;;;;;;;;;;;;;;;;;°C;;;;;1714081804;1713539321;2.32E+11;;Interval;EndOfRecord
RD;pH;4/25/2024;9:49:05 PM;Default;PHC301;SN 240462571090;Edited;Sample ID (28464);3.024;pH;23.1;°C;243.2;mV;;;;;;;;;;;;;;;OK;4/25/2024;12:22:34 PM;Default;Slope;-57.99;98;mV/pH;14.1;mV;0.9998;3;4;pH;187.6;mV;22.2;7.01;pH;11;mV;22;10.04;pH;-159.2;mV;22.5;;;;;;;;;;;;;;;;;;;;;°C;;;;;1714081745;1714047754;2.32E+11;;Interval;EndOfRecord
RD;CD;4/25/2024;9:49:05 PM;Default;CDC401;SN 231662582599;Edited;Sample ID (28464);41.1;mS/cm;23.2;°C;39.7;mS/cm;;;NaCl/Non-Linear;Reference Temperature = 25 °C;;;;;;;;;;;OK;4/19/2024;3:08:41 PM;Default;K;0.366;;cm⁻¹;;;;1;30000;µS/cm;28.4;mS/cm;22.2;;;;;;;;;;;;;;;;;;;;;;;;;;;;;;;°C;;;;;1714081745;1713539321;2.32E+11;;Interval;EndOfRecord
RD;pH;4/25/2024;9:48:04 PM;Default;PHC301;SN 240462571090;Edited;Sample ID (28463);3.024;pH;23.1;°C;243.2;mV;;;;;;;;;;;;;;;OK;4/25/2024;12:22:34 PM;Default;Slope;-57.99;98;mV/pH;14.1;mV;0.9998;3;4;pH;187.6;mV;22.2;7.01;pH;11;mV;22;10.04;pH;-159.2;mV;22.5;;;;;;;;;;;;;;;;;;;;;°C;;;;;1714081684;1714047754;2.32E+11;;Interval;EndOfRecord
RD;CD;4/25/2024;9:48:04 PM;Default;CDC401;SN 231662582599;Edited;Sample ID (28463);41.1;mS/cm;23.2;°C;39.7;mS/cm;;;NaCl/Non-Linear;Reference Temperature = 25 °C;;;;;;;;;;;OK;4/19/2024;3:08:41 PM;Default;K;0.366;;cm⁻¹;;;;1;30000;µS/cm;28.4;mS/cm;22.2;;;;;;;;;;;;;;;;;;;;;;;;;;;;;;;°C;;;;;1714081684;1713539321;2.32E+11;;Interval;EndOfRecord
RD;pH;4/25/2024;9:47:03 PM;Default;PHC301;SN 240462571090;Edited;Sample ID (28462);3.024;pH;23.1;°C;243.2;mV;;;;;;;;;;;;;;;OK;4/25/2024;12:22:34 PM;Default;Slope;-57.99;98;mV/pH;14.1;mV;0.9998;3;4;pH;187.6;mV;22.2;7.01;pH;11;mV;22;10.04;pH;-159.2;mV;22.5;;;;;;;;;;;;;;;;;;;;;°C;;;;;1714081623;1714047754;2.32E+11;;Interval;EndOfRecord
RD;CD;4/25/2024;9:47:03 PM;Default;CDC401;SN 231662582599;Edited;Sample ID (28462);41.2;mS/cm;23.2;°C;39.7;mS/cm;;;NaCl/Non-Linear;Reference Temperature = 25 °C;;;;;;;;;;;OK;4/19/2024;3:08:41 PM;Default;K;0.366;;cm⁻¹;;;;1;30000;µS/cm;28.4;mS/cm;22.2;;;;;;;;;;;;;;;;;;;;;;;;;;;;;;;°C;;;;;1714081623;1713539321;2.32E+11;;Interval;EndOfRecord
RD;pH;4/25/2024;9:46:03 PM;Default;PHC301;SN 240462571090;Edited;Sample ID (28461);3.024;pH;23.1;°C;243.1;mV;;;;;;;;;;;;;;;OK;4/25/2024;12:22:34 PM;Default;Slope;-57.99;98;mV/pH;14.1;mV;0.9998;3;4;pH;187.6;mV;22.2;7.01;pH;11;mV;22;10.04;pH;-159.2;mV;22.5;;;;;;;;;;;;;;;;;;;;;°C;;;;;1714081563;1714047754;2.32E+11;;Interval;EndOfRecord
RD;CD;4/25/2024;9:46:03 PM;Default;CDC401;SN 231662582599;Edited;Sample ID (28461);41.2;mS/cm;23.2;°C;39.7;mS/cm;;;NaCl/Non-Linear;Reference Temperature = 25 °C;;;;;;;;;;;OK;4/19/2024;3:08:41 PM;Default;K;0.366;;cm⁻¹;;;;1;30000;µS/cm;28.4;mS/cm;22.2;;;;;;;;;;;;;;;;;;;;;;;;;;;;;;;°C;;;;;1714081563;1713539321;2.32E+11;;Interval;EndOfRecord
RD;pH;4/25/2024;9:45:04 PM;Default;PHC301;SN 240462571090;Edited;Sample ID (28460);3.025;pH;23;°C;243.1;mV;;;;;;;;;;;;;;;OK;4/25/2024;12:22:34 PM;Default;Slope;-57.99;98;mV/pH;14.1;mV;0.9998;3;4;pH;187.6;mV;22.2;7.01;pH;11;mV;22;10.04;pH;-159.2;mV;22.5;;;;;;;;;;;;;;;;;;;;;°C;;;;;1714081504;1714047754;2.32E+11;;Interval;EndOfRecord
RD;CD;4/25/2024;9:45:04 PM;Default;CDC401;SN 231662582599;Edited;Sample ID (28460);41.1;mS/cm;23.2;°C;39.6;mS/cm;;;NaCl/Non-Linear;Reference Temperature = 25 °C;;;;;;;;;;;OK;4/19/2024;3:08:41 PM;Default;K;0.366;;cm⁻¹;;;;1;30000;µS/cm;28.4;mS/cm;22.2;;;;;;;;;;;;;;;;;;;;;;;;;;;;;;;°C;;;;;1714081504;1713539321;2.32E+11;;Interval;EndOfRecord
RD;pH;4/25/2024;9:44:04 PM;Default;PHC301;SN 240462571090;Edited;Sample ID (28459);3.025;pH;23;°C;243.1;mV;;;;;;;;;;;;;;;OK;4/25/2024;12:22:34 PM;Default;Slope;-57.99;98;mV/pH;14.1;mV;0.9998;3;4;pH;187.6;mV;22.2;7.01;pH;11;mV;22;10.04;pH;-159.2;mV;22.5;;;;;;;;;;;;;;;;;;;;;°C;;;;;1714081444;1714047754;2.32E+11;;Interval;EndOfRecord
RD;CD;4/25/2024;9:44:04 PM;Default;CDC401;SN 231662582599;Edited;Sample ID (28459);41.2;mS/cm;23.2;°C;39.7;mS/cm;;;NaCl/Non-Linear;Reference Temperature = 25 °C;;;;;;;;;;;OK;4/19/2024;3:08:41 PM;Default;K;0.366;;cm⁻¹;;;;1;30000;µS/cm;28.4;mS/cm;22.2;;;;;;;;;;;;;;;;;;;;;;;;;;;;;;;°C;;;;;1714081444;1713539321;2.32E+11;;Interval;EndOfRecord
RD;pH;4/25/2024;9:43:05 PM;Default;PHC301;SN 240462571090;Edited;Sample ID (28458);3.025;pH;23;°C;243.1;mV;;;;;;;;;;;;;;;OK;4/25/2024;12:22:34 PM;Default;Slope;-57.99;98;mV/pH;14.1;mV;0.9998;3;4;pH;187.6;mV;22.2;7.01;pH;11;mV;22;10.04;pH;-159.2;mV;22.5;;;;;;;;;;;;;;;;;;;;;°C;;;;;1714081385;1714047754;2.32E+11;;Interval;EndOfRecord
RD;CD;4/25/2024;9:43:05 PM;Default;CDC401;SN 231662582599;Edited;Sample ID (28458);41.2;mS/cm;23.1;°C;39.7;mS/cm;;;NaCl/Non-Linear;Reference Temperature = 25 °C;;;;;;;;;;;OK;4/19/2024;3:08:41 PM;Default;K;0.366;;cm⁻¹;;;;1;30000;µS/cm;28.4;mS/cm;22.2;;;;;;;;;;;;;;;;;;;;;;;;;;;;;;;°C;;;;;1714081385;1713539321;2.32E+11;;Interval;EndOfRecord
RD;pH;4/25/2024;9:42:04 PM;Default;PHC301;SN 240462571090;Edited;Sample ID (28457);3.023;pH;23;°C;243.2;mV;;;;;;;;;;;;;;;OK;4/25/2024;12:22:34 PM;Default;Slope;-57.99;98;mV/pH;14.1;mV;0.9998;3;4;pH;187.6;mV;22.2;7.01;pH;11;mV;22;10.04;pH;-159.2;mV;22.5;;;;;;;;;;;;;;;;;;;;;°C;;;;;1714081324;1714047754;2.32E+11;;Interval;EndOfRecord
RD;CD;4/25/2024;9:42:04 PM;Default;CDC401;SN 231662582599;Edited;Sample ID (28457);41.1;mS/cm;23.1;°C;39.6;mS/cm;;;NaCl/Non-Linear;Reference Temperature = 25 °C;;;;;;;;;;;OK;4/19/2024;3:08:41 PM;Default;K;0.366;;cm⁻¹;;;;1;30000;µS/cm;28.4;mS/cm;22.2;;;;;;;;;;;;;;;;;;;;;;;;;;;;;;;°C;;;;;1714081324;1713539321;2.32E+11;;Interval;EndOfRecord
RD;pH;4/25/2024;9:41:03 PM;Default;PHC301;SN 240462571090;Edited;Sample ID (28456);3.023;pH;23;°C;243.2;mV;;;;;;;;;;;;;;;OK;4/25/2024;12:22:34 PM;Default;Slope;-57.99;98;mV/pH;14.1;mV;0.9998;3;4;pH;187.6;mV;22.2;7.01;pH;11;mV;22;10.04;pH;-159.2;mV;22.5;;;;;;;;;;;;;;;;;;;;;°C;;;;;1714081263;1714047754;2.32E+11;;Interval;EndOfRecord
RD;CD;4/25/2024;9:41:03 PM;Default;CDC401;SN 231662582599;Edited;Sample ID (28456);41.2;mS/cm;23.1;°C;39.7;mS/cm;;;NaCl/Non-Linear;Reference Temperature = 25 °C;;;;;;;;;;;OK;4/19/2024;3:08:41 PM;Default;K;0.366;;cm⁻¹;;;;1;30000;µS/cm;28.4;mS/cm;22.2;;;;;;;;;;;;;;;;;;;;;;;;;;;;;;;°C;;;;;1714081263;1713539321;2.32E+11;;Interval;EndOfRecord
RD;pH;4/25/2024;9:40:03 PM;Default;PHC301;SN 240462571090;Edited;Sample ID (28455);3.023;pH;23;°C;243.2;mV;;;;;;;;;;;;;;;OK;4/25/2024;12:22:34 PM;Default;Slope;-57.99;98;mV/pH;14.1;mV;0.9998;3;4;pH;187.6;mV;22.2;7.01;pH;11;mV;22;10.04;pH;-159.2;mV;22.5;;;;;;;;;;;;;;;;;;;;;°C;;;;;1714081203;1714047754;2.32E+11;;Interval;EndOfRecord
RD;CD;4/25/2024;9:40:03 PM;Default;CDC401;SN 231662582599;Edited;Sample ID (28455);41.2;mS/cm;23.1;°C;39.7;mS/cm;;;NaCl/Non-Linear;Reference Temperature = 25 °C;;;;;;;;;;;OK;4/19/2024;3:08:41 PM;Default;K;0.366;;cm⁻¹;;;;1;30000;µS/cm;28.4;mS/cm;22.2;;;;;;;;;;;;;;;;;;;;;;;;;;;;;;;°C;;;;;1714081203;1713539321;2.32E+11;;Interval;EndOfRecord
RD;pH;4/25/2024;9:39:03 PM;Default;PHC301;SN 240462571090;Edited;Sample ID (28454);3.023;pH;23;°C;243.2;mV;;;;;;;;;;;;;;;OK;4/25/2024;12:22:34 PM;Default;Slope;-57.99;98;mV/pH;14.1;mV;0.9998;3;4;pH;187.6;mV;22.2;7.01;pH;11;mV;22;10.04;pH;-159.2;mV;22.5;;;;;;;;;;;;;;;;;;;;;°C;;;;;1714081143;1714047754;2.32E+11;;Interval;EndOfRecord
RD;CD;4/25/2024;9:39:03 PM;Default;CDC401;SN 231662582599;Edited;Sample ID (28454);41.2;mS/cm;23.1;°C;39.7;mS/cm;;;NaCl/Non-Linear;Reference Temperature = 25 °C;;;;;;;;;;;OK;4/19/2024;3:08:41 PM;Default;K;0.366;;cm⁻¹;;;;1;30000;µS/cm;28.4;mS/cm;22.2;;;;;;;;;;;;;;;;;;;;;;;;;;;;;;;°C;;;;;1714081143;1713539321;2.32E+11;;Interval;EndOfRecord
RD;pH;4/25/2024;9:38:04 PM;Default;PHC301;SN 240462571090;Edited;Sample ID (28453);3.023;pH;23;°C;243.2;mV;;;;;;;;;;;;;;;OK;4/25/2024;12:22:34 PM;Default;Slope;-57.99;98;mV/pH;14.1;mV;0.9998;3;4;pH;187.6;mV;22.2;7.01;pH;11;mV;22;10.04;pH;-159.2;mV;22.5;;;;;;;;;;;;;;;;;;;;;°C;;;;;1714081084;1714047754;2.32E+11;;Interval;EndOfRecord
RD;CD;4/25/2024;9:38:04 PM;Default;CDC401;SN 231662582599;Edited;Sample ID (28453);41.1;mS/cm;23.1;°C;39.6;mS/cm;;;NaCl/Non-Linear;Reference Temperature = 25 °C;;;;;;;;;;;OK;4/19/2024;3:08:41 PM;Default;K;0.366;;cm⁻¹;;;;1;30000;µS/cm;28.4;mS/cm;22.2;;;;;;;;;;;;;;;;;;;;;;;;;;;;;;;°C;;;;;1714081084;1713539321;2.32E+11;;Interval;EndOfRecord
RD;pH;4/25/2024;9:37:04 PM;Default;PHC301;SN 240462571090;Edited;Sample ID (28452);3.024;pH;23;°C;243.1;mV;;;;;;;;;;;;;;;OK;4/25/2024;12:22:34 PM;Default;Slope;-57.99;98;mV/pH;14.1;mV;0.9998;3;4;pH;187.6;mV;22.2;7.01;pH;11;mV;22;10.04;pH;-159.2;mV;22.5;;;;;;;;;;;;;;;;;;;;;°C;;;;;1714081024;1714047754;2.32E+11;;Interval;EndOfRecord
RD;CD;4/25/2024;9:37:04 PM;Default;CDC401;SN 231662582599;Edited;Sample ID (28452);41.1;mS/cm;23.1;°C;39.6;mS/cm;;;NaCl/Non-Linear;Reference Temperature = 25 °C;;;;;;;;;;;OK;4/19/2024;3:08:41 PM;Default;K;0.366;;cm⁻¹;;;;1;30000;µS/cm;28.4;mS/cm;22.2;;;;;;;;;;;;;;;;;;;;;;;;;;;;;;;°C;;;;;1714081024;1713539321;2.32E+11;;Interval;EndOfRecord
RD;pH;4/25/2024;9:36:04 PM;Default;PHC301;SN 240462571090;Edited;Sample ID (28451);3.024;pH;23;°C;243.1;mV;;;;;;;;;;;;;;;OK;4/25/2024;12:22:34 PM;Default;Slope;-57.99;98;mV/pH;14.1;mV;0.9998;3;4;pH;187.6;mV;22.2;7.01;pH;11;mV;22;10.04;pH;-159.2;mV;22.5;;;;;;;;;;;;;;;;;;;;;°C;;;;;1714080964;1714047754;2.32E+11;;Interval;EndOfRecord
RD;CD;4/25/2024;9:36:04 PM;Default;CDC401;SN 231662582599;Edited;Sample ID (28451);41.1;mS/cm;23.1;°C;39.6;mS/cm;;;NaCl/Non-Linear;Reference Temperature = 25 °C;;;;;;;;;;;OK;4/19/2024;3:08:41 PM;Default;K;0.366;;cm⁻¹;;;;1;30000;µS/cm;28.4;mS/cm;22.2;;;;;;;;;;;;;;;;;;;;;;;;;;;;;;;°C;;;;;1714080964;1713539321;2.32E+11;;Interval;EndOfRecord
RD;pH;4/25/2024;9:35:04 PM;Default;PHC301;SN 240462571090;Edited;Sample ID (28450);3.024;pH;23;°C;243.1;mV;;;;;;;;;;;;;;;OK;4/25/2024;12:22:34 PM;Default;Slope;-57.99;98;mV/pH;14.1;mV;0.9998;3;4;pH;187.6;mV;22.2;7.01;pH;11;mV;22;10.04;pH;-159.2;mV;22.5;;;;;;;;;;;;;;;;;;;;;°C;;;;;1714080904;1714047754;2.32E+11;;Interval;EndOfRecord
RD;CD;4/25/2024;9:35:04 PM;Default;CDC401;SN 231662582599;Edited;Sample ID (28450);41.1;mS/cm;23.1;°C;39.6;mS/cm;;;NaCl/Non-Linear;Reference Temperature = 25 °C;;;;;;;;;;;OK;4/19/2024;3:08:41 PM;Default;K;0.366;;cm⁻¹;;;;1;30000;µS/cm;28.4;mS/cm;22.2;;;;;;;;;;;;;;;;;;;;;;;;;;;;;;;°C;;;;;1714080904;1713539321;2.32E+11;;Interval;EndOfRecord
RD;pH;4/25/2024;9:34:03 PM;Default;PHC301;SN 240462571090;Edited;Sample ID (28449);3.025;pH;23;°C;243.1;mV;;;;;;;;;;;;;;;OK;4/25/2024;12:22:34 PM;Default;Slope;-57.99;98;mV/pH;14.1;mV;0.9998;3;4;pH;187.6;mV;22.2;7.01;pH;11;mV;22;10.04;pH;-159.2;mV;22.5;;;;;;;;;;;;;;;;;;;;;°C;;;;;1714080843;1714047754;2.32E+11;;Interval;EndOfRecord
RD;CD;4/25/2024;9:34:03 PM;Default;CDC401;SN 231662582599;Edited;Sample ID (28449);41.2;mS/cm;23.1;°C;39.7;mS/cm;;;NaCl/Non-Linear;Reference Temperature = 25 °C;;;;;;;;;;;OK;4/19/2024;3:08:41 PM;Default;K;0.366;;cm⁻¹;;;;1;30000;µS/cm;28.4;mS/cm;22.2;;;;;;;;;;;;;;;;;;;;;;;;;;;;;;;°C;;;;;1714080843;1713539321;2.32E+11;;Interval;EndOfRecord
RD;pH;4/25/2024;9:33:03 PM;Default;PHC301;SN 240462571090;Edited;Sample ID (28448);3.025;pH;23;°C;243.1;mV;;;;;;;;;;;;;;;OK;4/25/2024;12:22:34 PM;Default;Slope;-57.99;98;mV/pH;14.1;mV;0.9998;3;4;pH;187.6;mV;22.2;7.01;pH;11;mV;22;10.04;pH;-159.2;mV;22.5;;;;;;;;;;;;;;;;;;;;;°C;;;;;1714080783;1714047754;2.32E+11;;Interval;EndOfRecord
RD;CD;4/25/2024;9:33:03 PM;Default;CDC401;SN 231662582599;Edited;Sample ID (28448);41.2;mS/cm;23.1;°C;39.6;mS/cm;;;NaCl/Non-Linear;Reference Temperature = 25 °C;;;;;;;;;;;OK;4/19/2024;3:08:41 PM;Default;K;0.366;;cm⁻¹;;;;1;30000;µS/cm;28.4;mS/cm;22.2;;;;;;;;;;;;;;;;;;;;;;;;;;;;;;;°C;;;;;1714080783;1713539321;2.32E+11;;Interval;EndOfRecord
RD;pH;4/25/2024;9:32:04 PM;Default;PHC301;SN 240462571090;Edited;Sample ID (28447);3.025;pH;23;°C;243.1;mV;;;;;;;;;;;;;;;OK;4/25/2024;12:22:34 PM;Default;Slope;-57.99;98;mV/pH;14.1;mV;0.9998;3;4;pH;187.6;mV;22.2;7.01;pH;11;mV;22;10.04;pH;-159.2;mV;22.5;;;;;;;;;;;;;;;;;;;;;°C;;;;;1714080724;1714047754;2.32E+11;;Interval;EndOfRecord
RD;CD;4/25/2024;9:32:04 PM;Default;CDC401;SN 231662582599;Edited;Sample ID (28447);41.1;mS/cm;23.1;°C;39.6;mS/cm;;;NaCl/Non-Linear;Reference Temperature = 25 °C;;;;;;;;;;;OK;4/19/2024;3:08:41 PM;Default;K;0.366;;cm⁻¹;;;;1;30000;µS/cm;28.4;mS/cm;22.2;;;;;;;;;;;;;;;;;;;;;;;;;;;;;;;°C;;;;;1714080724;1713539321;2.32E+11;;Interval;EndOfRecord
RD;pH;4/25/2024;9:31:05 PM;Default;PHC301;SN 240462571090;Edited;Sample ID (28446);3.025;pH;23;°C;243;mV;;;;;;;;;;;;;;;OK;4/25/2024;12:22:34 PM;Default;Slope;-57.99;98;mV/pH;14.1;mV;0.9998;3;4;pH;187.6;mV;22.2;7.01;pH;11;mV;22;10.04;pH;-159.2;mV;22.5;;;;;;;;;;;;;;;;;;;;;°C;;;;;1714080665;1714047754;2.32E+11;;Interval;EndOfRecord
RD;CD;4/25/2024;9:31:05 PM;Default;CDC401;SN 231662582599;Edited;Sample ID (28446);41.1;mS/cm;23.1;°C;39.6;mS/cm;;;NaCl/Non-Linear;Reference Temperature = 25 °C;;;;;;;;;;;OK;4/19/2024;3:08:41 PM;Default;K;0.366;;cm⁻¹;;;;1;30000;µS/cm;28.4;mS/cm;22.2;;;;;;;;;;;;;;;;;;;;;;;;;;;;;;;°C;;;;;1714080665;1713539321;2.32E+11;;Interval;EndOfRecord
RD;pH;4/25/2024;9:30:04 PM;Default;PHC301;SN 240462571090;Edited;Sample ID (28445);3.025;pH;23;°C;243;mV;;;;;;;;;;;;;;;OK;4/25/2024;12:22:34 PM;Default;Slope;-57.99;98;mV/pH;14.1;mV;0.9998;3;4;pH;187.6;mV;22.2;7.01;pH;11;mV;22;10.04;pH;-159.2;mV;22.5;;;;;;;;;;;;;;;;;;;;;°C;;;;;1714080604;1714047754;2.32E+11;;Interval;EndOfRecord
RD;CD;4/25/2024;9:30:04 PM;Default;CDC401;SN 231662582599;Edited;Sample ID (28445);41.1;mS/cm;23.1;°C;39.6;mS/cm;;;NaCl/Non-Linear;Reference Temperature = 25 °C;;;;;;;;;;;OK;4/19/2024;3:08:41 PM;Default;K;0.366;;cm⁻¹;;;;1;30000;µS/cm;28.4;mS/cm;22.2;;;;;;;;;;;;;;;;;;;;;;;;;;;;;;;°C;;;;;1714080604;1713539321;2.32E+11;;Interval;EndOfRecord
RD;pH;4/25/2024;9:29:04 PM;Default;PHC301;SN 240462571090;Edited;Sample ID (28444);3.026;pH;23;°C;243;mV;;;;;;;;;;;;;;;OK;4/25/2024;12:22:34 PM;Default;Slope;-57.99;98;mV/pH;14.1;mV;0.9998;3;4;pH;187.6;mV;22.2;7.01;pH;11;mV;22;10.04;pH;-159.2;mV;22.5;;;;;;;;;;;;;;;;;;;;;°C;;;;;1714080544;1714047754;2.32E+11;;Interval;EndOfRecord
RD;CD;4/25/2024;9:29:04 PM;Default;CDC401;SN 231662582599;Edited;Sample ID (28444);41.1;mS/cm;23.1;°C;39.6;mS/cm;;;NaCl/Non-Linear;Reference Temperature = 25 °C;;;;;;;;;;;OK;4/19/2024;3:08:41 PM;Default;K;0.366;;cm⁻¹;;;;1;30000;µS/cm;28.4;mS/cm;22.2;;;;;;;;;;;;;;;;;;;;;;;;;;;;;;;°C;;;;;1714080544;1713539321;2.32E+11;;Interval;EndOfRecord
RD;pH;4/25/2024;9:28:03 PM;Default;PHC301;SN 240462571090;Edited;Sample ID (28443);3.026;pH;23;°C;243;mV;;;;;;;;;;;;;;;OK;4/25/2024;12:22:34 PM;Default;Slope;-57.99;98;mV/pH;14.1;mV;0.9998;3;4;pH;187.6;mV;22.2;7.01;pH;11;mV;22;10.04;pH;-159.2;mV;22.5;;;;;;;;;;;;;;;;;;;;;°C;;;;;1714080483;1714047754;2.32E+11;;Interval;EndOfRecord
RD;CD;4/25/2024;9:28:03 PM;Default;CDC401;SN 231662582599;Edited;Sample ID (28443);41.2;mS/cm;23.1;°C;39.6;mS/cm;;;NaCl/Non-Linear;Reference Temperature = 25 °C;;;;;;;;;;;OK;4/19/2024;3:08:41 PM;Default;K;0.366;;cm⁻¹;;;;1;30000;µS/cm;28.4;mS/cm;22.2;;;;;;;;;;;;;;;;;;;;;;;;;;;;;;;°C;;;;;1714080483;1713539321;2.32E+11;;Interval;EndOfRecord
RD;pH;4/25/2024;9:27:03 PM;Default;PHC301;SN 240462571090;Edited;Sample ID (28442);3.026;pH;23;°C;243;mV;;;;;;;;;;;;;;;OK;4/25/2024;12:22:34 PM;Default;Slope;-57.99;98;mV/pH;14.1;mV;0.9998;3;4;pH;187.6;mV;22.2;7.01;pH;11;mV;22;10.04;pH;-159.2;mV;22.5;;;;;;;;;;;;;;;;;;;;;°C;;;;;1714080423;1714047754;2.32E+11;;Interval;EndOfRecord
RD;CD;4/25/2024;9:27:03 PM;Default;CDC401;SN 231662582599;Edited;Sample ID (28442);41.2;mS/cm;23.1;°C;39.6;mS/cm;;;NaCl/Non-Linear;Reference Temperature = 25 °C;;;;;;;;;;;OK;4/19/2024;3:08:41 PM;Default;K;0.366;;cm⁻¹;;;;1;30000;µS/cm;28.4;mS/cm;22.2;;;;;;;;;;;;;;;;;;;;;;;;;;;;;;;°C;;;;;1714080423;1713539321;2.32E+11;;Interval;EndOfRecord
RD;pH;4/25/2024;9:26:05 PM;Default;PHC301;SN 240462571090;Edited;Sample ID (28441);3.026;pH;23;°C;243;mV;;;;;;;;;;;;;;;OK;4/25/2024;12:22:34 PM;Default;Slope;-57.99;98;mV/pH;14.1;mV;0.9998;3;4;pH;187.6;mV;22.2;7.01;pH;11;mV;22;10.04;pH;-159.2;mV;22.5;;;;;;;;;;;;;;;;;;;;;°C;;;;;1714080365;1714047754;2.32E+11;;Interval;EndOfRecord
RD;CD;4/25/2024;9:26:05 PM;Default;CDC401;SN 231662582599;Edited;Sample ID (28441);41.1;mS/cm;23.1;°C;39.6;mS/cm;;;NaCl/Non-Linear;Reference Temperature = 25 °C;;;;;;;;;;;OK;4/19/2024;3:08:41 PM;Default;K;0.366;;cm⁻¹;;;;1;30000;µS/cm;28.4;mS/cm;22.2;;;;;;;;;;;;;;;;;;;;;;;;;;;;;;;°C;;;;;1714080365;1713539321;2.32E+11;;Interval;EndOfRecord
RD;pH;4/25/2024;9:25:04 PM;Default;PHC301;SN 240462571090;Edited;Sample ID (28440);3.026;pH;23;°C;243;mV;;;;;;;;;;;;;;;OK;4/25/2024;12:22:34 PM;Default;Slope;-57.99;98;mV/pH;14.1;mV;0.9998;3;4;pH;187.6;mV;22.2;7.01;pH;11;mV;22;10.04;pH;-159.2;mV;22.5;;;;;;;;;;;;;;;;;;;;;°C;;;;;1714080304;1714047754;2.32E+11;;Interval;EndOfRecord
RD;CD;4/25/2024;9:25:04 PM;Default;CDC401;SN 231662582599;Edited;Sample ID (28440);41.1;mS/cm;23.1;°C;39.6;mS/cm;;;NaCl/Non-Linear;Reference Temperature = 25 °C;;;;;;;;;;;OK;4/19/2024;3:08:41 PM;Default;K;0.366;;cm⁻¹;;;;1;30000;µS/cm;28.4;mS/cm;22.2;;;;;;;;;;;;;;;;;;;;;;;;;;;;;;;°C;;;;;1714080304;1713539321;2.32E+11;;Interval;EndOfRecord
RD;pH;4/25/2024;9:24:03 PM;Default;PHC301;SN 240462571090;Edited;Sample ID (28439);3.027;pH;23;°C;243;mV;;;;;;;;;;;;;;;OK;4/25/2024;12:22:34 PM;Default;Slope;-57.99;98;mV/pH;14.1;mV;0.9998;3;4;pH;187.6;mV;22.2;7.01;pH;11;mV;22;10.04;pH;-159.2;mV;22.5;;;;;;;;;;;;;;;;;;;;;°C;;;;;1714080243;1714047754;2.32E+11;;Interval;EndOfRecord
RD;CD;4/25/2024;9:24:03 PM;Default;CDC401;SN 231662582599;Edited;Sample ID (28439);41.2;mS/cm;23.1;°C;39.6;mS/cm;;;NaCl/Non-Linear;Reference Temperature = 25 °C;;;;;;;;;;;OK;4/19/2024;3:08:41 PM;Default;K;0.366;;cm⁻¹;;;;1;30000;µS/cm;28.4;mS/cm;22.2;;;;;;;;;;;;;;;;;;;;;;;;;;;;;;;°C;;;;;1714080243;1713539321;2.32E+11;;Interval;EndOfRecord
RD;pH;4/25/2024;9:23:03 PM;Default;PHC301;SN 240462571090;Edited;Sample ID (28438);3.027;pH;22.9;°C;243;mV;;;;;;;;;;;;;;;OK;4/25/2024;12:22:34 PM;Default;Slope;-57.99;98;mV/pH;14.1;mV;0.9998;3;4;pH;187.6;mV;22.2;7.01;pH;11;mV;22;10.04;pH;-159.2;mV;22.5;;;;;;;;;;;;;;;;;;;;;°C;;;;;1714080183;1714047754;2.32E+11;;Interval;EndOfRecord
RD;CD;4/25/2024;9:23:03 PM;Default;CDC401;SN 231662582599;Edited;Sample ID (28438);41.2;mS/cm;23.1;°C;39.6;mS/cm;;;NaCl/Non-Linear;Reference Temperature = 25 °C;;;;;;;;;;;OK;4/19/2024;3:08:41 PM;Default;K;0.366;;cm⁻¹;;;;1;30000;µS/cm;28.4;mS/cm;22.2;;;;;;;;;;;;;;;;;;;;;;;;;;;;;;;°C;;;;;1714080183;1713539321;2.32E+11;;Interval;EndOfRecord
RD;pH;4/25/2024;9:22:03 PM;Default;PHC301;SN 240462571090;Edited;Sample ID (28437);3.027;pH;22.9;°C;243;mV;;;;;;;;;;;;;;;OK;4/25/2024;12:22:34 PM;Default;Slope;-57.99;98;mV/pH;14.1;mV;0.9998;3;4;pH;187.6;mV;22.2;7.01;pH;11;mV;22;10.04;pH;-159.2;mV;22.5;;;;;;;;;;;;;;;;;;;;;°C;;;;;1714080123;1714047754;2.32E+11;;Interval;EndOfRecord
RD;CD;4/25/2024;9:22:03 PM;Default;CDC401;SN 231662582599;Edited;Sample ID (28437);41.2;mS/cm;23.1;°C;39.6;mS/cm;;;NaCl/Non-Linear;Reference Temperature = 25 °C;;;;;;;;;;;OK;4/19/2024;3:08:41 PM;Default;K;0.366;;cm⁻¹;;;;1;30000;µS/cm;28.4;mS/cm;22.2;;;;;;;;;;;;;;;;;;;;;;;;;;;;;;;°C;;;;;1714080123;1713539321;2.32E+11;;Interval;EndOfRecord
RD;pH;4/25/2024;9:21:04 PM;Default;PHC301;SN 240462571090;Edited;Sample ID (28436);3.026;pH;22.9;°C;243;mV;;;;;;;;;;;;;;;OK;4/25/2024;12:22:34 PM;Default;Slope;-57.99;98;mV/pH;14.1;mV;0.9998;3;4;pH;187.6;mV;22.2;7.01;pH;11;mV;22;10.04;pH;-159.2;mV;22.5;;;;;;;;;;;;;;;;;;;;;°C;;;;;1714080064;1714047754;2.32E+11;;Interval;EndOfRecord
RD;CD;4/25/2024;9:21:04 PM;Default;CDC401;SN 231662582599;Edited;Sample ID (28436);41.2;mS/cm;23.1;°C;39.6;mS/cm;;;NaCl/Non-Linear;Reference Temperature = 25 °C;;;;;;;;;;;OK;4/19/2024;3:08:41 PM;Default;K;0.366;;cm⁻¹;;;;1;30000;µS/cm;28.4;mS/cm;22.2;;;;;;;;;;;;;;;;;;;;;;;;;;;;;;;°C;;;;;1714080064;1713539321;2.32E+11;;Interval;EndOfRecord
RD;pH;4/25/2024;9:20:04 PM;Default;PHC301;SN 240462571090;Edited;Sample ID (28435);3.027;pH;22.9;°C;242.9;mV;;;;;;;;;;;;;;;OK;4/25/2024;12:22:34 PM;Default;Slope;-57.99;98;mV/pH;14.1;mV;0.9998;3;4;pH;187.6;mV;22.2;7.01;pH;11;mV;22;10.04;pH;-159.2;mV;22.5;;;;;;;;;;;;;;;;;;;;;°C;;;;;1714080004;1714047754;2.32E+11;;Interval;EndOfRecord
RD;CD;4/25/2024;9:20:04 PM;Default;CDC401;SN 231662582599;Edited;Sample ID (28435);41.1;mS/cm;23.1;°C;39.5;mS/cm;;;NaCl/Non-Linear;Reference Temperature = 25 °C;;;;;;;;;;;OK;4/19/2024;3:08:41 PM;Default;K;0.366;;cm⁻¹;;;;1;30000;µS/cm;28.4;mS/cm;22.2;;;;;;;;;;;;;;;;;;;;;;;;;;;;;;;°C;;;;;1714080004;1713539321;2.32E+11;;Interval;EndOfRecord
RD;pH;4/25/2024;9:19:04 PM;Default;PHC301;SN 240462571090;Edited;Sample ID (28434);3.027;pH;22.9;°C;242.9;mV;;;;;;;;;;;;;;;OK;4/25/2024;12:22:34 PM;Default;Slope;-57.99;98;mV/pH;14.1;mV;0.9998;3;4;pH;187.6;mV;22.2;7.01;pH;11;mV;22;10.04;pH;-159.2;mV;22.5;;;;;;;;;;;;;;;;;;;;;°C;;;;;1714079944;1714047754;2.32E+11;;Interval;EndOfRecord
RD;CD;4/25/2024;9:19:04 PM;Default;CDC401;SN 231662582599;Edited;Sample ID (28434);41.1;mS/cm;23.1;°C;39.5;mS/cm;;;NaCl/Non-Linear;Reference Temperature = 25 °C;;;;;;;;;;;OK;4/19/2024;3:08:41 PM;Default;K;0.366;;cm⁻¹;;;;1;30000;µS/cm;28.4;mS/cm;22.2;;;;;;;;;;;;;;;;;;;;;;;;;;;;;;;°C;;;;;1714079944;1713539321;2.32E+11;;Interval;EndOfRecord
RD;pH;4/25/2024;9:18:04 PM;Default;PHC301;SN 240462571090;Edited;Sample ID (28433);3.027;pH;22.9;°C;242.9;mV;;;;;;;;;;;;;;;OK;4/25/2024;12:22:34 PM;Default;Slope;-57.99;98;mV/pH;14.1;mV;0.9998;3;4;pH;187.6;mV;22.2;7.01;pH;11;mV;22;10.04;pH;-159.2;mV;22.5;;;;;;;;;;;;;;;;;;;;;°C;;;;;1714079884;1714047754;2.32E+11;;Interval;EndOfRecord
RD;CD;4/25/2024;9:18:04 PM;Default;CDC401;SN 231662582599;Edited;Sample ID (28433);41.1;mS/cm;23;°C;39.5;mS/cm;;;NaCl/Non-Linear;Reference Temperature = 25 °C;;;;;;;;;;;OK;4/19/2024;3:08:41 PM;Default;K;0.366;;cm⁻¹;;;;1;30000;µS/cm;28.4;mS/cm;22.2;;;;;;;;;;;;;;;;;;;;;;;;;;;;;;;°C;;;;;1714079884;1713539321;2.32E+11;;Interval;EndOfRecord
RD;pH;4/25/2024;9:17:04 PM;Default;PHC301;SN 240462571090;Edited;Sample ID (28432);3.027;pH;22.9;°C;242.9;mV;;;;;;;;;;;;;;;OK;4/25/2024;12:22:34 PM;Default;Slope;-57.99;98;mV/pH;14.1;mV;0.9998;3;4;pH;187.6;mV;22.2;7.01;pH;11;mV;22;10.04;pH;-159.2;mV;22.5;;;;;;;;;;;;;;;;;;;;;°C;;;;;1714079824;1714047754;2.32E+11;;Interval;EndOfRecord
RD;CD;4/25/2024;9:17:04 PM;Default;CDC401;SN 231662582599;Edited;Sample ID (28432);41.1;mS/cm;23;°C;39.6;mS/cm;;;NaCl/Non-Linear;Reference Temperature = 25 °C;;;;;;;;;;;OK;4/19/2024;3:08:41 PM;Default;K;0.366;;cm⁻¹;;;;1;30000;µS/cm;28.4;mS/cm;22.2;;;;;;;;;;;;;;;;;;;;;;;;;;;;;;;°C;;;;;1714079824;1713539321;2.32E+11;;Interval;EndOfRecord
RD;pH;4/25/2024;9:16:04 PM;Default;PHC301;SN 240462571090;Edited;Sample ID (28431);3.027;pH;22.9;°C;242.9;mV;;;;;;;;;;;;;;;OK;4/25/2024;12:22:34 PM;Default;Slope;-57.99;98;mV/pH;14.1;mV;0.9998;3;4;pH;187.6;mV;22.2;7.01;pH;11;mV;22;10.04;pH;-159.2;mV;22.5;;;;;;;;;;;;;;;;;;;;;°C;;;;;1714079764;1714047754;2.32E+11;;Interval;EndOfRecord
RD;CD;4/25/2024;9:16:04 PM;Default;CDC401;SN 231662582599;Edited;Sample ID (28431);41.2;mS/cm;23;°C;39.6;mS/cm;;;NaCl/Non-Linear;Reference Temperature = 25 °C;;;;;;;;;;;OK;4/19/2024;3:08:41 PM;Default;K;0.366;;cm⁻¹;;;;1;30000;µS/cm;28.4;mS/cm;22.2;;;;;;;;;;;;;;;;;;;;;;;;;;;;;;;°C;;;;;1714079764;1713539321;2.32E+11;;Interval;EndOfRecord
RD;pH;4/25/2024;9:15:03 PM;Default;PHC301;SN 240462571090;Edited;Sample ID (28430);3.027;pH;22.9;°C;242.9;mV;;;;;;;;;;;;;;;OK;4/25/2024;12:22:34 PM;Default;Slope;-57.99;98;mV/pH;14.1;mV;0.9998;3;4;pH;187.6;mV;22.2;7.01;pH;11;mV;22;10.04;pH;-159.2;mV;22.5;;;;;;;;;;;;;;;;;;;;;°C;;;;;1714079703;1714047754;2.32E+11;;Interval;EndOfRecord
RD;CD;4/25/2024;9:15:03 PM;Default;CDC401;SN 231662582599;Edited;Sample ID (28430);41.2;mS/cm;23;°C;39.6;mS/cm;;;NaCl/Non-Linear;Reference Temperature = 25 °C;;;;;;;;;;;OK;4/19/2024;3:08:41 PM;Default;K;0.366;;cm⁻¹;;;;1;30000;µS/cm;28.4;mS/cm;22.2;;;;;;;;;;;;;;;;;;;;;;;;;;;;;;;°C;;;;;1714079703;1713539321;2.32E+11;;Interval;EndOfRecord
RD;pH;4/25/2024;9:14:03 PM;Default;PHC301;SN 240462571090;Edited;Sample ID (28429);3.027;pH;22.9;°C;242.9;mV;;;;;;;;;;;;;;;OK;4/25/2024;12:22:34 PM;Default;Slope;-57.99;98;mV/pH;14.1;mV;0.9998;3;4;pH;187.6;mV;22.2;7.01;pH;11;mV;22;10.04;pH;-159.2;mV;22.5;;;;;;;;;;;;;;;;;;;;;°C;;;;;1714079643;1714047754;2.32E+11;;Interval;EndOfRecord
RD;CD;4/25/2024;9:14:03 PM;Default;CDC401;SN 231662582599;Edited;Sample ID (28429);41.2;mS/cm;23;°C;39.6;mS/cm;;;NaCl/Non-Linear;Reference Temperature = 25 °C;;;;;;;;;;;OK;4/19/2024;3:08:41 PM;Default;K;0.366;;cm⁻¹;;;;1;30000;µS/cm;28.4;mS/cm;22.2;;;;;;;;;;;;;;;;;;;;;;;;;;;;;;;°C;;;;;1714079643;1713539321;2.32E+11;;Interval;EndOfRecord
RD;pH;4/25/2024;9:13:03 PM;Default;PHC301;SN 240462571090;Edited;Sample ID (28428);3.027;pH;22.9;°C;242.9;mV;;;;;;;;;;;;;;;OK;4/25/2024;12:22:34 PM;Default;Slope;-57.99;98;mV/pH;14.1;mV;0.9998;3;4;pH;187.6;mV;22.2;7.01;pH;11;mV;22;10.04;pH;-159.2;mV;22.5;;;;;;;;;;;;;;;;;;;;;°C;;;;;1714079583;1714047754;2.32E+11;;Interval;EndOfRecord
RD;CD;4/25/2024;9:13:03 PM;Default;CDC401;SN 231662582599;Edited;Sample ID (28428);41.2;mS/cm;23;°C;39.6;mS/cm;;;NaCl/Non-Linear;Reference Temperature = 25 °C;;;;;;;;;;;OK;4/19/2024;3:08:41 PM;Default;K;0.366;;cm⁻¹;;;;1;30000;µS/cm;28.4;mS/cm;22.2;;;;;;;;;;;;;;;;;;;;;;;;;;;;;;;°C;;;;;1714079583;1713539321;2.32E+11;;Interval;EndOfRecord
RD;pH;4/25/2024;9:12:03 PM;Default;PHC301;SN 240462571090;Edited;Sample ID (28427);3.027;pH;22.9;°C;242.9;mV;;;;;;;;;;;;;;;OK;4/25/2024;12:22:34 PM;Default;Slope;-57.99;98;mV/pH;14.1;mV;0.9998;3;4;pH;187.6;mV;22.2;7.01;pH;11;mV;22;10.04;pH;-159.2;mV;22.5;;;;;;;;;;;;;;;;;;;;;°C;;;;;1714079523;1714047754;2.32E+11;;Interval;EndOfRecord
RD;CD;4/25/2024;9:12:03 PM;Default;CDC401;SN 231662582599;Edited;Sample ID (28427);41.1;mS/cm;23;°C;39.5;mS/cm;;;NaCl/Non-Linear;Reference Temperature = 25 °C;;;;;;;;;;;OK;4/19/2024;3:08:41 PM;Default;K;0.366;;cm⁻¹;;;;1;30000;µS/cm;28.4;mS/cm;22.2;;;;;;;;;;;;;;;;;;;;;;;;;;;;;;;°C;;;;;1714079523;1713539321;2.32E+11;;Interval;EndOfRecord
RD;pH;4/25/2024;9:11:05 PM;Default;PHC301;SN 240462571090;Edited;Sample ID (28426);3.027;pH;22.9;°C;242.9;mV;;;;;;;;;;;;;;;OK;4/25/2024;12:22:34 PM;Default;Slope;-57.99;98;mV/pH;14.1;mV;0.9998;3;4;pH;187.6;mV;22.2;7.01;pH;11;mV;22;10.04;pH;-159.2;mV;22.5;;;;;;;;;;;;;;;;;;;;;°C;;;;;1714079465;1714047754;2.32E+11;;Interval;EndOfRecord
RD;CD;4/25/2024;9:11:05 PM;Default;CDC401;SN 231662582599;Edited;Sample ID (28426);41.1;mS/cm;23;°C;39.5;mS/cm;;;NaCl/Non-Linear;Reference Temperature = 25 °C;;;;;;;;;;;OK;4/19/2024;3:08:41 PM;Default;K;0.366;;cm⁻¹;;;;1;30000;µS/cm;28.4;mS/cm;22.2;;;;;;;;;;;;;;;;;;;;;;;;;;;;;;;°C;;;;;1714079465;1713539321;2.32E+11;;Interval;EndOfRecord
RD;pH;4/25/2024;9:10:04 PM;Default;PHC301;SN 240462571090;Edited;Sample ID (28425);3.027;pH;22.9;°C;242.9;mV;;;;;;;;;;;;;;;OK;4/25/2024;12:22:34 PM;Default;Slope;-57.99;98;mV/pH;14.1;mV;0.9998;3;4;pH;187.6;mV;22.2;7.01;pH;11;mV;22;10.04;pH;-159.2;mV;22.5;;;;;;;;;;;;;;;;;;;;;°C;;;;;1714079404;1714047754;2.32E+11;;Interval;EndOfRecord
RD;CD;4/25/2024;9:10:04 PM;Default;CDC401;SN 231662582599;Edited;Sample ID (28425);41.1;mS/cm;23;°C;39.5;mS/cm;;;NaCl/Non-Linear;Reference Temperature = 25 °C;;;;;;;;;;;OK;4/19/2024;3:08:41 PM;Default;K;0.366;;cm⁻¹;;;;1;30000;µS/cm;28.4;mS/cm;22.2;;;;;;;;;;;;;;;;;;;;;;;;;;;;;;;°C;;;;;1714079404;1713539321;2.32E+11;;Interval;EndOfRecord
RD;pH;4/25/2024;9:09:03 PM;Default;PHC301;SN 240462571090;Edited;Sample ID (28424);3.027;pH;22.9;°C;242.9;mV;;;;;;;;;;;;;;;OK;4/25/2024;12:22:34 PM;Default;Slope;-57.99;98;mV/pH;14.1;mV;0.9998;3;4;pH;187.6;mV;22.2;7.01;pH;11;mV;22;10.04;pH;-159.2;mV;22.5;;;;;;;;;;;;;;;;;;;;;°C;;;;;1714079343;1714047754;2.32E+11;;Interval;EndOfRecord
RD;CD;4/25/2024;9:09:03 PM;Default;CDC401;SN 231662582599;Edited;Sample ID (28424);41.2;mS/cm;23;°C;39.5;mS/cm;;;NaCl/Non-Linear;Reference Temperature = 25 °C;;;;;;;;;;;OK;4/19/2024;3:08:41 PM;Default;K;0.366;;cm⁻¹;;;;1;30000;µS/cm;28.4;mS/cm;22.2;;;;;;;;;;;;;;;;;;;;;;;;;;;;;;;°C;;;;;1714079343;1713539321;2.32E+11;;Interval;EndOfRecord
RD;pH;4/25/2024;9:08:04 PM;Default;PHC301;SN 240462571090;Edited;Sample ID (28423);3.027;pH;22.9;°C;242.9;mV;;;;;;;;;;;;;;;OK;4/25/2024;12:22:34 PM;Default;Slope;-57.99;98;mV/pH;14.1;mV;0.9998;3;4;pH;187.6;mV;22.2;7.01;pH;11;mV;22;10.04;pH;-159.2;mV;22.5;;;;;;;;;;;;;;;;;;;;;°C;;;;;1714079284;1714047754;2.32E+11;;Interval;EndOfRecord
RD;CD;4/25/2024;9:08:04 PM;Default;CDC401;SN 231662582599;Edited;Sample ID (28423);41.1;mS/cm;23;°C;39.5;mS/cm;;;NaCl/Non-Linear;Reference Temperature = 25 °C;;;;;;;;;;;OK;4/19/2024;3:08:41 PM;Default;K;0.366;;cm⁻¹;;;;1;30000;µS/cm;28.4;mS/cm;22.2;;;;;;;;;;;;;;;;;;;;;;;;;;;;;;;°C;;;;;1714079284;1713539321;2.32E+11;;Interval;EndOfRecord
RD;pH;4/25/2024;9:07:03 PM;Default;PHC301;SN 240462571090;Edited;Sample ID (28422);3.028;pH;22.9;°C;242.8;mV;;;;;;;;;;;;;;;OK;4/25/2024;12:22:34 PM;Default;Slope;-57.99;98;mV/pH;14.1;mV;0.9998;3;4;pH;187.6;mV;22.2;7.01;pH;11;mV;22;10.04;pH;-159.2;mV;22.5;;;;;;;;;;;;;;;;;;;;;°C;;;;;1714079223;1714047754;2.32E+11;;Interval;EndOfRecord
RD;CD;4/25/2024;9:07:03 PM;Default;CDC401;SN 231662582599;Edited;Sample ID (28422);41.2;mS/cm;23;°C;39.5;mS/cm;;;NaCl/Non-Linear;Reference Temperature = 25 °C;;;;;;;;;;;OK;4/19/2024;3:08:41 PM;Default;K;0.366;;cm⁻¹;;;;1;30000;µS/cm;28.4;mS/cm;22.2;;;;;;;;;;;;;;;;;;;;;;;;;;;;;;;°C;;;;;1714079223;1713539321;2.32E+11;;Interval;EndOfRecord
RD;pH;4/25/2024;9:06:04 PM;Default;PHC301;SN 240462571090;Edited;Sample ID (28421);3.028;pH;22.9;°C;242.8;mV;;;;;;;;;;;;;;;OK;4/25/2024;12:22:34 PM;Default;Slope;-57.99;98;mV/pH;14.1;mV;0.9998;3;4;pH;187.6;mV;22.2;7.01;pH;11;mV;22;10.04;pH;-159.2;mV;22.5;;;;;;;;;;;;;;;;;;;;;°C;;;;;1714079164;1714047754;2.32E+11;;Interval;EndOfRecord
RD;CD;4/25/2024;9:06:04 PM;Default;CDC401;SN 231662582599;Edited;Sample ID (28421);41.1;mS/cm;23;°C;39.5;mS/cm;;;NaCl/Non-Linear;Reference Temperature = 25 °C;;;;;;;;;;;OK;4/19/2024;3:08:41 PM;Default;K;0.366;;cm⁻¹;;;;1;30000;µS/cm;28.4;mS/cm;22.2;;;;;;;;;;;;;;;;;;;;;;;;;;;;;;;°C;;;;;1714079164;1713539321;2.32E+11;;Interval;EndOfRecord
RD;pH;4/25/2024;9:05:04 PM;Default;PHC301;SN 240462571090;Edited;Sample ID (28420);3.028;pH;22.9;°C;242.8;mV;;;;;;;;;;;;;;;OK;4/25/2024;12:22:34 PM;Default;Slope;-57.99;98;mV/pH;14.1;mV;0.9998;3;4;pH;187.6;mV;22.2;7.01;pH;11;mV;22;10.04;pH;-159.2;mV;22.5;;;;;;;;;;;;;;;;;;;;;°C;;;;;1714079104;1714047754;2.32E+11;;Interval;EndOfRecord
RD;CD;4/25/2024;9:05:04 PM;Default;CDC401;SN 231662582599;Edited;Sample ID (28420);41.2;mS/cm;23;°C;39.5;mS/cm;;;NaCl/Non-Linear;Reference Temperature = 25 °C;;;;;;;;;;;OK;4/19/2024;3:08:41 PM;Default;K;0.366;;cm⁻¹;;;;1;30000;µS/cm;28.4;mS/cm;22.2;;;;;;;;;;;;;;;;;;;;;;;;;;;;;;;°C;;;;;1714079104;1713539321;2.32E+11;;Interval;EndOfRecord
RD;pH;4/25/2024;9:04:03 PM;Default;PHC301;SN 240462571090;Edited;Sample ID (28419);3.028;pH;22.9;°C;242.8;mV;;;;;;;;;;;;;;;OK;4/25/2024;12:22:34 PM;Default;Slope;-57.99;98;mV/pH;14.1;mV;0.9998;3;4;pH;187.6;mV;22.2;7.01;pH;11;mV;22;10.04;pH;-159.2;mV;22.5;;;;;;;;;;;;;;;;;;;;;°C;;;;;1714079043;1714047754;2.32E+11;;Interval;EndOfRecord
RD;CD;4/25/2024;9:04:03 PM;Default;CDC401;SN 231662582599;Edited;Sample ID (28419);41.2;mS/cm;23;°C;39.5;mS/cm;;;NaCl/Non-Linear;Reference Temperature = 25 °C;;;;;;;;;;;OK;4/19/2024;3:08:41 PM;Default;K;0.366;;cm⁻¹;;;;1;30000;µS/cm;28.4;mS/cm;22.2;;;;;;;;;;;;;;;;;;;;;;;;;;;;;;;°C;;;;;1714079043;1713539321;2.32E+11;;Interval;EndOfRecord
RD;pH;4/25/2024;9:03:04 PM;Default;PHC301;SN 240462571090;Edited;Sample ID (28418);3.028;pH;22.8;°C;242.8;mV;;;;;;;;;;;;;;;OK;4/25/2024;12:22:34 PM;Default;Slope;-57.99;98;mV/pH;14.1;mV;0.9998;3;4;pH;187.6;mV;22.2;7.01;pH;11;mV;22;10.04;pH;-159.2;mV;22.5;;;;;;;;;;;;;;;;;;;;;°C;;;;;1714078984;1714047754;2.32E+11;;Interval;EndOfRecord
RD;CD;4/25/2024;9:03:04 PM;Default;CDC401;SN 231662582599;Edited;Sample ID (28418);41.1;mS/cm;23;°C;39.5;mS/cm;;;NaCl/Non-Linear;Reference Temperature = 25 °C;;;;;;;;;;;OK;4/19/2024;3:08:41 PM;Default;K;0.366;;cm⁻¹;;;;1;30000;µS/cm;28.4;mS/cm;22.2;;;;;;;;;;;;;;;;;;;;;;;;;;;;;;;°C;;;;;1714078984;1713539321;2.32E+11;;Interval;EndOfRecord
RD;pH;4/25/2024;9:02:04 PM;Default;PHC301;SN 240462571090;Edited;Sample ID (28417);3.029;pH;22.8;°C;242.8;mV;;;;;;;;;;;;;;;OK;4/25/2024;12:22:34 PM;Default;Slope;-57.99;98;mV/pH;14.1;mV;0.9998;3;4;pH;187.6;mV;22.2;7.01;pH;11;mV;22;10.04;pH;-159.2;mV;22.5;;;;;;;;;;;;;;;;;;;;;°C;;;;;1714078924;1714047754;2.32E+11;;Interval;EndOfRecord
RD;CD;4/25/2024;9:02:04 PM;Default;CDC401;SN 231662582599;Edited;Sample ID (28417);41.1;mS/cm;23;°C;39.5;mS/cm;;;NaCl/Non-Linear;Reference Temperature = 25 °C;;;;;;;;;;;OK;4/19/2024;3:08:41 PM;Default;K;0.366;;cm⁻¹;;;;1;30000;µS/cm;28.4;mS/cm;22.2;;;;;;;;;;;;;;;;;;;;;;;;;;;;;;;°C;;;;;1714078924;1713539321;2.32E+11;;Interval;EndOfRecord
RD;pH;4/25/2024;9:01:03 PM;Default;PHC301;SN 240462571090;Edited;Sample ID (28416);3.029;pH;22.8;°C;242.6;mV;;;;;;;;;;;;;;;OK;4/25/2024;12:22:34 PM;Default;Slope;-57.99;98;mV/pH;14.1;mV;0.9998;3;4;pH;187.6;mV;22.2;7.01;pH;11;mV;22;10.04;pH;-159.2;mV;22.5;;;;;;;;;;;;;;;;;;;;;°C;;;;;1714078863;1714047754;2.32E+11;;Interval;EndOfRecord
RD;CD;4/25/2024;9:01:03 PM;Default;CDC401;SN 231662582599;Edited;Sample ID (28416);41.2;mS/cm;23;°C;39.5;mS/cm;;;NaCl/Non-Linear;Reference Temperature = 25 °C;;;;;;;;;;;OK;4/19/2024;3:08:41 PM;Default;K;0.366;;cm⁻¹;;;;1;30000;µS/cm;28.4;mS/cm;22.2;;;;;;;;;;;;;;;;;;;;;;;;;;;;;;;°C;;;;;1714078863;1713539321;2.32E+11;;Interval;EndOfRecord
RD;pH;4/25/2024;9:00:03 PM;Default;PHC301;SN 240462571090;Edited;Sample ID (28415);3.029;pH;22.8;°C;242.6;mV;;;;;;;;;;;;;;;OK;4/25/2024;12:22:34 PM;Default;Slope;-57.99;98;mV/pH;14.1;mV;0.9998;3;4;pH;187.6;mV;22.2;7.01;pH;11;mV;22;10.04;pH;-159.2;mV;22.5;;;;;;;;;;;;;;;;;;;;;°C;;;;;1714078803;1714047754;2.32E+11;;Interval;EndOfRecord
RD;CD;4/25/2024;9:00:03 PM;Default;CDC401;SN 231662582599;Edited;Sample ID (28415);41.2;mS/cm;23;°C;39.5;mS/cm;;;NaCl/Non-Linear;Reference Temperature = 25 °C;;;;;;;;;;;OK;4/19/2024;3:08:41 PM;Default;K;0.366;;cm⁻¹;;;;1;30000;µS/cm;28.4;mS/cm;22.2;;;;;;;;;;;;;;;;;;;;;;;;;;;;;;;°C;;;;;1714078803;1713539321;2.32E+11;;Interval;EndOfRecord
RD;pH;4/25/2024;8:59:05 PM;Default;PHC301;SN 240462571090;Edited;Sample ID (28414);3.029;pH;22.8;°C;242.6;mV;;;;;;;;;;;;;;;OK;4/25/2024;12:22:34 PM;Default;Slope;-57.99;98;mV/pH;14.1;mV;0.9998;3;4;pH;187.6;mV;22.2;7.01;pH;11;mV;22;10.04;pH;-159.2;mV;22.5;;;;;;;;;;;;;;;;;;;;;°C;;;;;1714078745;1714047754;2.32E+11;;Interval;EndOfRecord
RD;CD;4/25/2024;8:59:05 PM;Default;CDC401;SN 231662582599;Edited;Sample ID (28414);41.1;mS/cm;22.9;°C;39.4;mS/cm;;;NaCl/Non-Linear;Reference Temperature = 25 °C;;;;;;;;;;;OK;4/19/2024;3:08:41 PM;Default;K;0.366;;cm⁻¹;;;;1;30000;µS/cm;28.4;mS/cm;22.2;;;;;;;;;;;;;;;;;;;;;;;;;;;;;;;°C;;;;;1714078745;1713539321;2.32E+11;;Interval;EndOfRecord
RD;pH;4/25/2024;8:58:04 PM;Default;PHC301;SN 240462571090;Edited;Sample ID (28413);3.03;pH;22.8;°C;242.6;mV;;;;;;;;;;;;;;;OK;4/25/2024;12:22:34 PM;Default;Slope;-57.99;98;mV/pH;14.1;mV;0.9998;3;4;pH;187.6;mV;22.2;7.01;pH;11;mV;22;10.04;pH;-159.2;mV;22.5;;;;;;;;;;;;;;;;;;;;;°C;;;;;1714078684;1714047754;2.32E+11;;Interval;EndOfRecord
RD;CD;4/25/2024;8:58:04 PM;Default;CDC401;SN 231662582599;Edited;Sample ID (28413);41.1;mS/cm;22.9;°C;39.4;mS/cm;;;NaCl/Non-Linear;Reference Temperature = 25 °C;;;;;;;;;;;OK;4/19/2024;3:08:41 PM;Default;K;0.366;;cm⁻¹;;;;1;30000;µS/cm;28.4;mS/cm;22.2;;;;;;;;;;;;;;;;;;;;;;;;;;;;;;;°C;;;;;1714078684;1713539321;2.32E+11;;Interval;EndOfRecord
RD;pH;4/25/2024;8:57:04 PM;Default;PHC301;SN 240462571090;Edited;Sample ID (28412);3.03;pH;22.8;°C;242.6;mV;;;;;;;;;;;;;;;OK;4/25/2024;12:22:34 PM;Default;Slope;-57.99;98;mV/pH;14.1;mV;0.9998;3;4;pH;187.6;mV;22.2;7.01;pH;11;mV;22;10.04;pH;-159.2;mV;22.5;;;;;;;;;;;;;;;;;;;;;°C;;;;;1714078624;1714047754;2.32E+11;;Interval;EndOfRecord
RD;CD;4/25/2024;8:57:04 PM;Default;CDC401;SN 231662582599;Edited;Sample ID (28412);41.1;mS/cm;22.9;°C;39.4;mS/cm;;;NaCl/Non-Linear;Reference Temperature = 25 °C;;;;;;;;;;;OK;4/19/2024;3:08:41 PM;Default;K;0.366;;cm⁻¹;;;;1;30000;µS/cm;28.4;mS/cm;22.2;;;;;;;;;;;;;;;;;;;;;;;;;;;;;;;°C;;;;;1714078624;1713539321;2.32E+11;;Interval;EndOfRecord
RD;pH;4/25/2024;8:56:03 PM;Default;PHC301;SN 240462571090;Edited;Sample ID (28411);3.03;pH;22.8;°C;242.6;mV;;;;;;;;;;;;;;;OK;4/25/2024;12:22:34 PM;Default;Slope;-57.99;98;mV/pH;14.1;mV;0.9998;3;4;pH;187.6;mV;22.2;7.01;pH;11;mV;22;10.04;pH;-159.2;mV;22.5;;;;;;;;;;;;;;;;;;;;;°C;;;;;1714078563;1714047754;2.32E+11;;Interval;EndOfRecord
RD;CD;4/25/2024;8:56:03 PM;Default;CDC401;SN 231662582599;Edited;Sample ID (28411);41.2;mS/cm;22.9;°C;39.5;mS/cm;;;NaCl/Non-Linear;Reference Temperature = 25 °C;;;;;;;;;;;OK;4/19/2024;3:08:41 PM;Default;K;0.366;;cm⁻¹;;;;1;30000;µS/cm;28.4;mS/cm;22.2;;;;;;;;;;;;;;;;;;;;;;;;;;;;;;;°C;;;;;1714078563;1713539321;2.32E+11;;Interval;EndOfRecord
RD;pH;4/25/2024;8:55:03 PM;Default;PHC301;SN 240462571090;Edited;Sample ID (28410);3.03;pH;22.8;°C;242.6;mV;;;;;;;;;;;;;;;OK;4/25/2024;12:22:34 PM;Default;Slope;-57.99;98;mV/pH;14.1;mV;0.9998;3;4;pH;187.6;mV;22.2;7.01;pH;11;mV;22;10.04;pH;-159.2;mV;22.5;;;;;;;;;;;;;;;;;;;;;°C;;;;;1714078503;1714047754;2.32E+11;;Interval;EndOfRecord
RD;CD;4/25/2024;8:55:03 PM;Default;CDC401;SN 231662582599;Edited;Sample ID (28410);41.2;mS/cm;22.9;°C;39.5;mS/cm;;;NaCl/Non-Linear;Reference Temperature = 25 °C;;;;;;;;;;;OK;4/19/2024;3:08:41 PM;Default;K;0.366;;cm⁻¹;;;;1;30000;µS/cm;28.4;mS/cm;22.2;;;;;;;;;;;;;;;;;;;;;;;;;;;;;;;°C;;;;;1714078503;1713539321;2.32E+11;;Interval;EndOfRecord
RD;pH;4/25/2024;8:54:04 PM;Default;PHC301;SN 240462571090;Edited;Sample ID (28409);3.03;pH;22.8;°C;242.6;mV;;;;;;;;;;;;;;;OK;4/25/2024;12:22:34 PM;Default;Slope;-57.99;98;mV/pH;14.1;mV;0.9998;3;4;pH;187.6;mV;22.2;7.01;pH;11;mV;22;10.04;pH;-159.2;mV;22.5;;;;;;;;;;;;;;;;;;;;;°C;;;;;1714078444;1714047754;2.32E+11;;Interval;EndOfRecord
RD;CD;4/25/2024;8:54:04 PM;Default;CDC401;SN 231662582599;Edited;Sample ID (28409);41.1;mS/cm;22.9;°C;39.4;mS/cm;;;NaCl/Non-Linear;Reference Temperature = 25 °C;;;;;;;;;;;OK;4/19/2024;3:08:41 PM;Default;K;0.366;;cm⁻¹;;;;1;30000;µS/cm;28.4;mS/cm;22.2;;;;;;;;;;;;;;;;;;;;;;;;;;;;;;;°C;;;;;1714078444;1713539321;2.32E+11;;Interval;EndOfRecord
RD;pH;4/25/2024;8:53:04 PM;Default;PHC301;SN 240462571090;Edited;Sample ID (28408);3.03;pH;22.8;°C;242.6;mV;;;;;;;;;;;;;;;OK;4/25/2024;12:22:34 PM;Default;Slope;-57.99;98;mV/pH;14.1;mV;0.9998;3;4;pH;187.6;mV;22.2;7.01;pH;11;mV;22;10.04;pH;-159.2;mV;22.5;;;;;;;;;;;;;;;;;;;;;°C;;;;;1714078384;1714047754;2.32E+11;;Interval;EndOfRecord
RD;CD;4/25/2024;8:53:04 PM;Default;CDC401;SN 231662582599;Edited;Sample ID (28408);41.1;mS/cm;22.9;°C;39.5;mS/cm;;;NaCl/Non-Linear;Reference Temperature = 25 °C;;;;;;;;;;;OK;4/19/2024;3:08:41 PM;Default;K;0.366;;cm⁻¹;;;;1;30000;µS/cm;28.4;mS/cm;22.2;;;;;;;;;;;;;;;;;;;;;;;;;;;;;;;°C;;;;;1714078384;1713539321;2.32E+11;;Interval;EndOfRecord
RD;pH;4/25/2024;8:52:04 PM;Default;PHC301;SN 240462571090;Edited;Sample ID (28407);3.03;pH;22.8;°C;242.6;mV;;;;;;;;;;;;;;;OK;4/25/2024;12:22:34 PM;Default;Slope;-57.99;98;mV/pH;14.1;mV;0.9998;3;4;pH;187.6;mV;22.2;7.01;pH;11;mV;22;10.04;pH;-159.2;mV;22.5;;;;;;;;;;;;;;;;;;;;;°C;;;;;1714078324;1714047754;2.32E+11;;Interval;EndOfRecord
RD;CD;4/25/2024;8:52:04 PM;Default;CDC401;SN 231662582599;Edited;Sample ID (28407);41.2;mS/cm;22.9;°C;39.5;mS/cm;;;NaCl/Non-Linear;Reference Temperature = 25 °C;;;;;;;;;;;OK;4/19/2024;3:08:41 PM;Default;K;0.366;;cm⁻¹;;;;1;30000;µS/cm;28.4;mS/cm;22.2;;;;;;;;;;;;;;;;;;;;;;;;;;;;;;;°C;;;;;1714078324;1713539321;2.32E+11;;Interval;EndOfRecord
RD;pH;4/25/2024;8:51:04 PM;Default;PHC301;SN 240462571090;Edited;Sample ID (28406);3.03;pH;22.8;°C;242.5;mV;;;;;;;;;;;;;;;OK;4/25/2024;12:22:34 PM;Default;Slope;-57.99;98;mV/pH;14.1;mV;0.9998;3;4;pH;187.6;mV;22.2;7.01;pH;11;mV;22;10.04;pH;-159.2;mV;22.5;;;;;;;;;;;;;;;;;;;;;°C;;;;;1714078264;1714047754;2.32E+11;;Interval;EndOfRecord
RD;CD;4/25/2024;8:51:04 PM;Default;CDC401;SN 231662582599;Edited;Sample ID (28406);41.1;mS/cm;22.9;°C;39.4;mS/cm;;;NaCl/Non-Linear;Reference Temperature = 25 °C;;;;;;;;;;;OK;4/19/2024;3:08:41 PM;Default;K;0.366;;cm⁻¹;;;;1;30000;µS/cm;28.4;mS/cm;22.2;;;;;;;;;;;;;;;;;;;;;;;;;;;;;;;°C;;;;;1714078264;1713539321;2.32E+11;;Interval;EndOfRecord
RD;pH;4/25/2024;8:50:03 PM;Default;PHC301;SN 240462571090;Edited;Sample ID (28405);3.03;pH;22.8;°C;242.5;mV;;;;;;;;;;;;;;;OK;4/25/2024;12:22:34 PM;Default;Slope;-57.99;98;mV/pH;14.1;mV;0.9998;3;4;pH;187.6;mV;22.2;7.01;pH;11;mV;22;10.04;pH;-159.2;mV;22.5;;;;;;;;;;;;;;;;;;;;;°C;;;;;1714078203;1714047754;2.32E+11;;Interval;EndOfRecord
RD;CD;4/25/2024;8:50:03 PM;Default;CDC401;SN 231662582599;Edited;Sample ID (28405);41.2;mS/cm;22.9;°C;39.5;mS/cm;;;NaCl/Non-Linear;Reference Temperature = 25 °C;;;;;;;;;;;OK;4/19/2024;3:08:41 PM;Default;K;0.366;;cm⁻¹;;;;1;30000;µS/cm;28.4;mS/cm;22.2;;;;;;;;;;;;;;;;;;;;;;;;;;;;;;;°C;;;;;1714078203;1713539321;2.32E+11;;Interval;EndOfRecord
RD;pH;4/25/2024;8:49:04 PM;Default;PHC301;SN 240462571090;Edited;Sample ID (28404);3.03;pH;22.8;°C;242.5;mV;;;;;;;;;;;;;;;OK;4/25/2024;12:22:34 PM;Default;Slope;-57.99;98;mV/pH;14.1;mV;0.9998;3;4;pH;187.6;mV;22.2;7.01;pH;11;mV;22;10.04;pH;-159.2;mV;22.5;;;;;;;;;;;;;;;;;;;;;°C;;;;;1714078144;1714047754;2.32E+11;;Interval;EndOfRecord
RD;CD;4/25/2024;8:49:04 PM;Default;CDC401;SN 231662582599;Edited;Sample ID (28404);41.1;mS/cm;22.9;°C;39.4;mS/cm;;;NaCl/Non-Linear;Reference Temperature = 25 °C;;;;;;;;;;;OK;4/19/2024;3:08:41 PM;Default;K;0.366;;cm⁻¹;;;;1;30000;µS/cm;28.4;mS/cm;22.2;;;;;;;;;;;;;;;;;;;;;;;;;;;;;;;°C;;;;;1714078144;1713539321;2.32E+11;;Interval;EndOfRecord
RD;pH;4/25/2024;8:48:04 PM;Default;PHC301;SN 240462571090;Edited;Sample ID (28403);3.031;pH;22.8;°C;242.5;mV;;;;;;;;;;;;;;;OK;4/25/2024;12:22:34 PM;Default;Slope;-57.99;98;mV/pH;14.1;mV;0.9998;3;4;pH;187.6;mV;22.2;7.01;pH;11;mV;22;10.04;pH;-159.2;mV;22.5;;;;;;;;;;;;;;;;;;;;;°C;;;;;1714078084;1714047754;2.32E+11;;Interval;EndOfRecord
RD;CD;4/25/2024;8:48:04 PM;Default;CDC401;SN 231662582599;Edited;Sample ID (28403);41.1;mS/cm;22.9;°C;39.4;mS/cm;;;NaCl/Non-Linear;Reference Temperature = 25 °C;;;;;;;;;;;OK;4/19/2024;3:08:41 PM;Default;K;0.366;;cm⁻¹;;;;1;30000;µS/cm;28.4;mS/cm;22.2;;;;;;;;;;;;;;;;;;;;;;;;;;;;;;;°C;;;;;1714078084;1713539321;2.32E+11;;Interval;EndOfRecord
RD;pH;4/25/2024;8:47:03 PM;Default;PHC301;SN 240462571090;Edited;Sample ID (28402);3.031;pH;22.8;°C;242.5;mV;;;;;;;;;;;;;;;OK;4/25/2024;12:22:34 PM;Default;Slope;-57.99;98;mV/pH;14.1;mV;0.9998;3;4;pH;187.6;mV;22.2;7.01;pH;11;mV;22;10.04;pH;-159.2;mV;22.5;;;;;;;;;;;;;;;;;;;;;°C;;;;;1714078023;1714047754;2.32E+11;;Interval;EndOfRecord
RD;CD;4/25/2024;8:47:03 PM;Default;CDC401;SN 231662582599;Edited;Sample ID (28402);41.2;mS/cm;22.9;°C;39.4;mS/cm;;;NaCl/Non-Linear;Reference Temperature = 25 °C;;;;;;;;;;;OK;4/19/2024;3:08:41 PM;Default;K;0.366;;cm⁻¹;;;;1;30000;µS/cm;28.4;mS/cm;22.2;;;;;;;;;;;;;;;;;;;;;;;;;;;;;;;°C;;;;;1714078023;1713539321;2.32E+11;;Interval;EndOfRecord
RD;pH;4/25/2024;8:46:05 PM;Default;PHC301;SN 240462571090;Edited;Sample ID (28401);3.033;pH;22.7;°C;242.4;mV;;;;;;;;;;;;;;;OK;4/25/2024;12:22:34 PM;Default;Slope;-57.99;98;mV/pH;14.1;mV;0.9998;3;4;pH;187.6;mV;22.2;7.01;pH;11;mV;22;10.04;pH;-159.2;mV;22.5;;;;;;;;;;;;;;;;;;;;;°C;;;;;1714077965;1714047754;2.32E+11;;Interval;EndOfRecord
RD;CD;4/25/2024;8:46:05 PM;Default;CDC401;SN 231662582599;Edited;Sample ID (28401);41.1;mS/cm;22.9;°C;39.4;mS/cm;;;NaCl/Non-Linear;Reference Temperature = 25 °C;;;;;;;;;;;OK;4/19/2024;3:08:41 PM;Default;K;0.366;;cm⁻¹;;;;1;30000;µS/cm;28.4;mS/cm;22.2;;;;;;;;;;;;;;;;;;;;;;;;;;;;;;;°C;;;;;1714077965;1713539321;2.32E+11;;Interval;EndOfRecord
RD;pH;4/25/2024;8:45:04 PM;Default;PHC301;SN 240462571090;Edited;Sample ID (28400);3.033;pH;22.7;°C;242.4;mV;;;;;;;;;;;;;;;OK;4/25/2024;12:22:34 PM;Default;Slope;-57.99;98;mV/pH;14.1;mV;0.9998;3;4;pH;187.6;mV;22.2;7.01;pH;11;mV;22;10.04;pH;-159.2;mV;22.5;;;;;;;;;;;;;;;;;;;;;°C;;;;;1714077904;1714047754;2.32E+11;;Interval;EndOfRecord
RD;CD;4/25/2024;8:45:04 PM;Default;CDC401;SN 231662582599;Edited;Sample ID (28400);41.1;mS/cm;22.9;°C;39.4;mS/cm;;;NaCl/Non-Linear;Reference Temperature = 25 °C;;;;;;;;;;;OK;4/19/2024;3:08:41 PM;Default;K;0.366;;cm⁻¹;;;;1;30000;µS/cm;28.4;mS/cm;22.2;;;;;;;;;;;;;;;;;;;;;;;;;;;;;;;°C;;;;;1714077904;1713539321;2.32E+11;;Interval;EndOfRecord
RD;pH;4/25/2024;8:44:04 PM;Default;PHC301;SN 240462571090;Edited;Sample ID (28399);3.033;pH;22.7;°C;242.4;mV;;;;;;;;;;;;;;;OK;4/25/2024;12:22:34 PM;Default;Slope;-57.99;98;mV/pH;14.1;mV;0.9998;3;4;pH;187.6;mV;22.2;7.01;pH;11;mV;22;10.04;pH;-159.2;mV;22.5;;;;;;;;;;;;;;;;;;;;;°C;;;;;1714077844;1714047754;2.32E+11;;Interval;EndOfRecord
RD;CD;4/25/2024;8:44:04 PM;Default;CDC401;SN 231662582599;Edited;Sample ID (28399);41.1;mS/cm;22.9;°C;39.4;mS/cm;;;NaCl/Non-Linear;Reference Temperature = 25 °C;;;;;;;;;;;OK;4/19/2024;3:08:41 PM;Default;K;0.366;;cm⁻¹;;;;1;30000;µS/cm;28.4;mS/cm;22.2;;;;;;;;;;;;;;;;;;;;;;;;;;;;;;;°C;;;;;1714077844;1713539321;2.32E+11;;Interval;EndOfRecord
RD;pH;4/25/2024;8:43:03 PM;Default;PHC301;SN 240462571090;Edited;Sample ID (28398);3.033;pH;22.7;°C;242.4;mV;;;;;;;;;;;;;;;OK;4/25/2024;12:22:34 PM;Default;Slope;-57.99;98;mV/pH;14.1;mV;0.9998;3;4;pH;187.6;mV;22.2;7.01;pH;11;mV;22;10.04;pH;-159.2;mV;22.5;;;;;;;;;;;;;;;;;;;;;°C;;;;;1714077783;1714047754;2.32E+11;;Interval;EndOfRecord
RD;CD;4/25/2024;8:43:03 PM;Default;CDC401;SN 231662582599;Edited;Sample ID (28398);41.2;mS/cm;22.8;°C;39.4;mS/cm;;;NaCl/Non-Linear;Reference Temperature = 25 °C;;;;;;;;;;;OK;4/19/2024;3:08:41 PM;Default;K;0.366;;cm⁻¹;;;;1;30000;µS/cm;28.4;mS/cm;22.2;;;;;;;;;;;;;;;;;;;;;;;;;;;;;;;°C;;;;;1714077783;1713539321;2.32E+11;;Interval;EndOfRecord
RD;pH;4/25/2024;8:42:03 PM;Default;PHC301;SN 240462571090;Edited;Sample ID (28397);3.033;pH;22.7;°C;242.4;mV;;;;;;;;;;;;;;;OK;4/25/2024;12:22:34 PM;Default;Slope;-57.99;98;mV/pH;14.1;mV;0.9998;3;4;pH;187.6;mV;22.2;7.01;pH;11;mV;22;10.04;pH;-159.2;mV;22.5;;;;;;;;;;;;;;;;;;;;;°C;;;;;1714077723;1714047754;2.32E+11;;Interval;EndOfRecord
RD;CD;4/25/2024;8:42:03 PM;Default;CDC401;SN 231662582599;Edited;Sample ID (28397);41.2;mS/cm;22.8;°C;39.4;mS/cm;;;NaCl/Non-Linear;Reference Temperature = 25 °C;;;;;;;;;;;OK;4/19/2024;3:08:41 PM;Default;K;0.366;;cm⁻¹;;;;1;30000;µS/cm;28.4;mS/cm;22.2;;;;;;;;;;;;;;;;;;;;;;;;;;;;;;;°C;;;;;1714077723;1713539321;2.32E+11;;Interval;EndOfRecord
RD;pH;4/25/2024;8:41:05 PM;Default;PHC301;SN 240462571090;Edited;Sample ID (28396);3.033;pH;22.7;°C;242.4;mV;;;;;;;;;;;;;;;OK;4/25/2024;12:22:34 PM;Default;Slope;-57.99;98;mV/pH;14.1;mV;0.9998;3;4;pH;187.6;mV;22.2;7.01;pH;11;mV;22;10.04;pH;-159.2;mV;22.5;;;;;;;;;;;;;;;;;;;;;°C;;;;;1714077665;1714047754;2.32E+11;;Interval;EndOfRecord
RD;CD;4/25/2024;8:41:05 PM;Default;CDC401;SN 231662582599;Edited;Sample ID (28396);41.1;mS/cm;22.8;°C;39.4;mS/cm;;;NaCl/Non-Linear;Reference Temperature = 25 °C;;;;;;;;;;;OK;4/19/2024;3:08:41 PM;Default;K;0.366;;cm⁻¹;;;;1;30000;µS/cm;28.4;mS/cm;22.2;;;;;;;;;;;;;;;;;;;;;;;;;;;;;;;°C;;;;;1714077665;1713539321;2.32E+11;;Interval;EndOfRecord
RD;pH;4/25/2024;8:40:04 PM;Default;PHC301;SN 240462571090;Edited;Sample ID (28395);3.033;pH;22.7;°C;242.4;mV;;;;;;;;;;;;;;;OK;4/25/2024;12:22:34 PM;Default;Slope;-57.99;98;mV/pH;14.1;mV;0.9998;3;4;pH;187.6;mV;22.2;7.01;pH;11;mV;22;10.04;pH;-159.2;mV;22.5;;;;;;;;;;;;;;;;;;;;;°C;;;;;1714077604;1714047754;2.32E+11;;Interval;EndOfRecord
RD;CD;4/25/2024;8:40:04 PM;Default;CDC401;SN 231662582599;Edited;Sample ID (28395);41.1;mS/cm;22.8;°C;39.4;mS/cm;;;NaCl/Non-Linear;Reference Temperature = 25 °C;;;;;;;;;;;OK;4/19/2024;3:08:41 PM;Default;K;0.366;;cm⁻¹;;;;1;30000;µS/cm;28.4;mS/cm;22.2;;;;;;;;;;;;;;;;;;;;;;;;;;;;;;;°C;;;;;1714077604;1713539321;2.32E+11;;Interval;EndOfRecord
RD;pH;4/25/2024;8:39:03 PM;Default;PHC301;SN 240462571090;Edited;Sample ID (28394);3.033;pH;22.7;°C;242.4;mV;;;;;;;;;;;;;;;OK;4/25/2024;12:22:34 PM;Default;Slope;-57.99;98;mV/pH;14.1;mV;0.9998;3;4;pH;187.6;mV;22.2;7.01;pH;11;mV;22;10.04;pH;-159.2;mV;22.5;;;;;;;;;;;;;;;;;;;;;°C;;;;;1714077543;1714047754;2.32E+11;;Interval;EndOfRecord
RD;CD;4/25/2024;8:39:03 PM;Default;CDC401;SN 231662582599;Edited;Sample ID (28394);41.2;mS/cm;22.8;°C;39.4;mS/cm;;;NaCl/Non-Linear;Reference Temperature = 25 °C;;;;;;;;;;;OK;4/19/2024;3:08:41 PM;Default;K;0.366;;cm⁻¹;;;;1;30000;µS/cm;28.4;mS/cm;22.2;;;;;;;;;;;;;;;;;;;;;;;;;;;;;;;°C;;;;;1714077543;1713539321;2.32E+11;;Interval;EndOfRecord
RD;pH;4/25/2024;8:38:04 PM;Default;PHC301;SN 240462571090;Edited;Sample ID (28393);3.031;pH;22.7;°C;242.4;mV;;;;;;;;;;;;;;;OK;4/25/2024;12:22:34 PM;Default;Slope;-57.99;98;mV/pH;14.1;mV;0.9998;3;4;pH;187.6;mV;22.2;7.01;pH;11;mV;22;10.04;pH;-159.2;mV;22.5;;;;;;;;;;;;;;;;;;;;;°C;;;;;1714077484;1714047754;2.32E+11;;Interval;EndOfRecord
RD;CD;4/25/2024;8:38:04 PM;Default;CDC401;SN 231662582599;Edited;Sample ID (28393);41.1;mS/cm;22.8;°C;39.3;mS/cm;;;NaCl/Non-Linear;Reference Temperature = 25 °C;;;;;;;;;;;OK;4/19/2024;3:08:41 PM;Default;K;0.366;;cm⁻¹;;;;1;30000;µS/cm;28.4;mS/cm;22.2;;;;;;;;;;;;;;;;;;;;;;;;;;;;;;;°C;;;;;1714077484;1713539321;2.32E+11;;Interval;EndOfRecord
RD;pH;4/25/2024;8:37:03 PM;Default;PHC301;SN 240462571090;Edited;Sample ID (28392);3.032;pH;22.7;°C;242.4;mV;;;;;;;;;;;;;;;OK;4/25/2024;12:22:34 PM;Default;Slope;-57.99;98;mV/pH;14.1;mV;0.9998;3;4;pH;187.6;mV;22.2;7.01;pH;11;mV;22;10.04;pH;-159.2;mV;22.5;;;;;;;;;;;;;;;;;;;;;°C;;;;;1714077423;1714047754;2.32E+11;;Interval;EndOfRecord
RD;CD;4/25/2024;8:37:03 PM;Default;CDC401;SN 231662582599;Edited;Sample ID (28392);41.2;mS/cm;22.8;°C;39.4;mS/cm;;;NaCl/Non-Linear;Reference Temperature = 25 °C;;;;;;;;;;;OK;4/19/2024;3:08:41 PM;Default;K;0.366;;cm⁻¹;;;;1;30000;µS/cm;28.4;mS/cm;22.2;;;;;;;;;;;;;;;;;;;;;;;;;;;;;;;°C;;;;;1714077423;1713539321;2.32E+11;;Interval;EndOfRecord
RD;pH;4/25/2024;8:36:04 PM;Default;PHC301;SN 240462571090;Edited;Sample ID (28391);3.032;pH;22.7;°C;242.4;mV;;;;;;;;;;;;;;;OK;4/25/2024;12:22:34 PM;Default;Slope;-57.99;98;mV/pH;14.1;mV;0.9998;3;4;pH;187.6;mV;22.2;7.01;pH;11;mV;22;10.04;pH;-159.2;mV;22.5;;;;;;;;;;;;;;;;;;;;;°C;;;;;1714077364;1714047754;2.32E+11;;Interval;EndOfRecord
RD;CD;4/25/2024;8:36:04 PM;Default;CDC401;SN 231662582599;Edited;Sample ID (28391);41.1;mS/cm;22.8;°C;39.3;mS/cm;;;NaCl/Non-Linear;Reference Temperature = 25 °C;;;;;;;;;;;OK;4/19/2024;3:08:41 PM;Default;K;0.366;;cm⁻¹;;;;1;30000;µS/cm;28.4;mS/cm;22.2;;;;;;;;;;;;;;;;;;;;;;;;;;;;;;;°C;;;;;1714077364;1713539321;2.32E+11;;Interval;EndOfRecord
RD;pH;4/25/2024;8:35:05 PM;Default;PHC301;SN 240462571090;Edited;Sample ID (28390);3.032;pH;22.7;°C;242.3;mV;;;;;;;;;;;;;;;OK;4/25/2024;12:22:34 PM;Default;Slope;-57.99;98;mV/pH;14.1;mV;0.9998;3;4;pH;187.6;mV;22.2;7.01;pH;11;mV;22;10.04;pH;-159.2;mV;22.5;;;;;;;;;;;;;;;;;;;;;°C;;;;;1714077305;1714047754;2.32E+11;;Interval;EndOfRecord
RD;CD;4/25/2024;8:35:05 PM;Default;CDC401;SN 231662582599;Edited;Sample ID (28390);41.1;mS/cm;22.8;°C;39.4;mS/cm;;;NaCl/Non-Linear;Reference Temperature = 25 °C;;;;;;;;;;;OK;4/19/2024;3:08:41 PM;Default;K;0.366;;cm⁻¹;;;;1;30000;µS/cm;28.4;mS/cm;22.2;;;;;;;;;;;;;;;;;;;;;;;;;;;;;;;°C;;;;;1714077305;1713539321;2.32E+11;;Interval;EndOfRecord
RD;pH;4/25/2024;8:34:04 PM;Default;PHC301;SN 240462571090;Edited;Sample ID (28389);3.034;pH;22.7;°C;242.3;mV;;;;;;;;;;;;;;;OK;4/25/2024;12:22:34 PM;Default;Slope;-57.99;98;mV/pH;14.1;mV;0.9998;3;4;pH;187.6;mV;22.2;7.01;pH;11;mV;22;10.04;pH;-159.2;mV;22.5;;;;;;;;;;;;;;;;;;;;;°C;;;;;1714077244;1714047754;2.32E+11;;Interval;EndOfRecord
RD;CD;4/25/2024;8:34:04 PM;Default;CDC401;SN 231662582599;Edited;Sample ID (28389);41.2;mS/cm;22.8;°C;39.4;mS/cm;;;NaCl/Non-Linear;Reference Temperature = 25 °C;;;;;;;;;;;OK;4/19/2024;3:08:41 PM;Default;K;0.366;;cm⁻¹;;;;1;30000;µS/cm;28.4;mS/cm;22.2;;;;;;;;;;;;;;;;;;;;;;;;;;;;;;;°C;;;;;1714077244;1713539321;2.32E+11;;Interval;EndOfRecord
RD;pH;4/25/2024;8:33:03 PM;Default;PHC301;SN 240462571090;Edited;Sample ID (28388);3.034;pH;22.7;°C;242.3;mV;;;;;;;;;;;;;;;OK;4/25/2024;12:22:34 PM;Default;Slope;-57.99;98;mV/pH;14.1;mV;0.9998;3;4;pH;187.6;mV;22.2;7.01;pH;11;mV;22;10.04;pH;-159.2;mV;22.5;;;;;;;;;;;;;;;;;;;;;°C;;;;;1714077183;1714047754;2.32E+11;;Interval;EndOfRecord
RD;CD;4/25/2024;8:33:03 PM;Default;CDC401;SN 231662582599;Edited;Sample ID (28388);41.2;mS/cm;22.8;°C;39.4;mS/cm;;;NaCl/Non-Linear;Reference Temperature = 25 °C;;;;;;;;;;;OK;4/19/2024;3:08:41 PM;Default;K;0.366;;cm⁻¹;;;;1;30000;µS/cm;28.4;mS/cm;22.2;;;;;;;;;;;;;;;;;;;;;;;;;;;;;;;°C;;;;;1714077183;1713539321;2.32E+11;;Interval;EndOfRecord
RD;pH;4/25/2024;8:32:03 PM;Default;PHC301;SN 240462571090;Edited;Sample ID (28387);3.034;pH;22.6;°C;242.3;mV;;;;;;;;;;;;;;;OK;4/25/2024;12:22:34 PM;Default;Slope;-57.99;98;mV/pH;14.1;mV;0.9998;3;4;pH;187.6;mV;22.2;7.01;pH;11;mV;22;10.04;pH;-159.2;mV;22.5;;;;;;;;;;;;;;;;;;;;;°C;;;;;1714077123;1714047754;2.32E+11;;Interval;EndOfRecord
RD;CD;4/25/2024;8:32:03 PM;Default;CDC401;SN 231662582599;Edited;Sample ID (28387);41.2;mS/cm;22.8;°C;39.4;mS/cm;;;NaCl/Non-Linear;Reference Temperature = 25 °C;;;;;;;;;;;OK;4/19/2024;3:08:41 PM;Default;K;0.366;;cm⁻¹;;;;1;30000;µS/cm;28.4;mS/cm;22.2;;;;;;;;;;;;;;;;;;;;;;;;;;;;;;;°C;;;;;1714077123;1713539321;2.32E+11;;Interval;EndOfRecord
RD;pH;4/25/2024;8:31:03 PM;Default;PHC301;SN 240462571090;Edited;Sample ID (28386);3.034;pH;22.6;°C;242.3;mV;;;;;;;;;;;;;;;OK;4/25/2024;12:22:34 PM;Default;Slope;-57.99;98;mV/pH;14.1;mV;0.9998;3;4;pH;187.6;mV;22.2;7.01;pH;11;mV;22;10.04;pH;-159.2;mV;22.5;;;;;;;;;;;;;;;;;;;;;°C;;;;;1714077063;1714047754;2.32E+11;;Interval;EndOfRecord
RD;CD;4/25/2024;8:31:03 PM;Default;CDC401;SN 231662582599;Edited;Sample ID (28386);41.2;mS/cm;22.8;°C;39.4;mS/cm;;;NaCl/Non-Linear;Reference Temperature = 25 °C;;;;;;;;;;;OK;4/19/2024;3:08:41 PM;Default;K;0.366;;cm⁻¹;;;;1;30000;µS/cm;28.4;mS/cm;22.2;;;;;;;;;;;;;;;;;;;;;;;;;;;;;;;°C;;;;;1714077063;1713539321;2.32E+11;;Interval;EndOfRecord
RD;pH;4/25/2024;8:30:03 PM;Default;PHC301;SN 240462571090;Edited;Sample ID (28385);3.034;pH;22.6;°C;242.3;mV;;;;;;;;;;;;;;;OK;4/25/2024;12:22:34 PM;Default;Slope;-57.99;98;mV/pH;14.1;mV;0.9998;3;4;pH;187.6;mV;22.2;7.01;pH;11;mV;22;10.04;pH;-159.2;mV;22.5;;;;;;;;;;;;;;;;;;;;;°C;;;;;1714077003;1714047754;2.32E+11;;Interval;EndOfRecord
RD;CD;4/25/2024;8:30:03 PM;Default;CDC401;SN 231662582599;Edited;Sample ID (28385);41.2;mS/cm;22.7;°C;39.4;mS/cm;;;NaCl/Non-Linear;Reference Temperature = 25 °C;;;;;;;;;;;OK;4/19/2024;3:08:41 PM;Default;K;0.366;;cm⁻¹;;;;1;30000;µS/cm;28.4;mS/cm;22.2;;;;;;;;;;;;;;;;;;;;;;;;;;;;;;;°C;;;;;1714077003;1713539321;2.32E+11;;Interval;EndOfRecord
RD;pH;4/25/2024;8:29:03 PM;Default;PHC301;SN 240462571090;Edited;Sample ID (28384);3.034;pH;22.6;°C;242.3;mV;;;;;;;;;;;;;;;OK;4/25/2024;12:22:34 PM;Default;Slope;-57.99;98;mV/pH;14.1;mV;0.9998;3;4;pH;187.6;mV;22.2;7.01;pH;11;mV;22;10.04;pH;-159.2;mV;22.5;;;;;;;;;;;;;;;;;;;;;°C;;;;;1714076943;1714047754;2.32E+11;;Interval;EndOfRecord
RD;CD;4/25/2024;8:29:03 PM;Default;CDC401;SN 231662582599;Edited;Sample ID (28384);41.2;mS/cm;22.7;°C;39.3;mS/cm;;;NaCl/Non-Linear;Reference Temperature = 25 °C;;;;;;;;;;;OK;4/19/2024;3:08:41 PM;Default;K;0.366;;cm⁻¹;;;;1;30000;µS/cm;28.4;mS/cm;22.2;;;;;;;;;;;;;;;;;;;;;;;;;;;;;;;°C;;;;;1714076943;1713539321;2.32E+11;;Interval;EndOfRecord
RD;pH;4/25/2024;8:28:03 PM;Default;PHC301;SN 240462571090;Edited;Sample ID (28383);3.034;pH;22.6;°C;242.3;mV;;;;;;;;;;;;;;;OK;4/25/2024;12:22:34 PM;Default;Slope;-57.99;98;mV/pH;14.1;mV;0.9998;3;4;pH;187.6;mV;22.2;7.01;pH;11;mV;22;10.04;pH;-159.2;mV;22.5;;;;;;;;;;;;;;;;;;;;;°C;;;;;1714076883;1714047754;2.32E+11;;Interval;EndOfRecord
RD;CD;4/25/2024;8:28:03 PM;Default;CDC401;SN 231662582599;Edited;Sample ID (28383);41.2;mS/cm;22.7;°C;39.3;mS/cm;;;NaCl/Non-Linear;Reference Temperature = 25 °C;;;;;;;;;;;OK;4/19/2024;3:08:41 PM;Default;K;0.366;;cm⁻¹;;;;1;30000;µS/cm;28.4;mS/cm;22.2;;;;;;;;;;;;;;;;;;;;;;;;;;;;;;;°C;;;;;1714076883;1713539321;2.32E+11;;Interval;EndOfRecord
RD;pH;4/25/2024;8:27:03 PM;Default;PHC301;SN 240462571090;Edited;Sample ID (28382);3.034;pH;22.6;°C;242.2;mV;;;;;;;;;;;;;;;OK;4/25/2024;12:22:34 PM;Default;Slope;-57.99;98;mV/pH;14.1;mV;0.9998;3;4;pH;187.6;mV;22.2;7.01;pH;11;mV;22;10.04;pH;-159.2;mV;22.5;;;;;;;;;;;;;;;;;;;;;°C;;;;;1714076823;1714047754;2.32E+11;;Interval;EndOfRecord
RD;CD;4/25/2024;8:27:03 PM;Default;CDC401;SN 231662582599;Edited;Sample ID (28382);41.2;mS/cm;22.7;°C;39.3;mS/cm;;;NaCl/Non-Linear;Reference Temperature = 25 °C;;;;;;;;;;;OK;4/19/2024;3:08:41 PM;Default;K;0.366;;cm⁻¹;;;;1;30000;µS/cm;28.4;mS/cm;22.2;;;;;;;;;;;;;;;;;;;;;;;;;;;;;;;°C;;;;;1714076823;1713539321;2.32E+11;;Interval;EndOfRecord
RD;pH;4/25/2024;8:26:03 PM;Default;PHC301;SN 240462571090;Edited;Sample ID (28381);3.035;pH;22.6;°C;242.2;mV;;;;;;;;;;;;;;;OK;4/25/2024;12:22:34 PM;Default;Slope;-57.99;98;mV/pH;14.1;mV;0.9998;3;4;pH;187.6;mV;22.2;7.01;pH;11;mV;22;10.04;pH;-159.2;mV;22.5;;;;;;;;;;;;;;;;;;;;;°C;;;;;1714076763;1714047754;2.32E+11;;Interval;EndOfRecord
RD;CD;4/25/2024;8:26:03 PM;Default;CDC401;SN 231662582599;Edited;Sample ID (28381);41.2;mS/cm;22.7;°C;39.3;mS/cm;;;NaCl/Non-Linear;Reference Temperature = 25 °C;;;;;;;;;;;OK;4/19/2024;3:08:41 PM;Default;K;0.366;;cm⁻¹;;;;1;30000;µS/cm;28.4;mS/cm;22.2;;;;;;;;;;;;;;;;;;;;;;;;;;;;;;;°C;;;;;1714076763;1713539321;2.32E+11;;Interval;EndOfRecord
RD;pH;4/25/2024;8:25:03 PM;Default;PHC301;SN 240462571090;Edited;Sample ID (28380);3.035;pH;22.6;°C;242.2;mV;;;;;;;;;;;;;;;OK;4/25/2024;12:22:34 PM;Default;Slope;-57.99;98;mV/pH;14.1;mV;0.9998;3;4;pH;187.6;mV;22.2;7.01;pH;11;mV;22;10.04;pH;-159.2;mV;22.5;;;;;;;;;;;;;;;;;;;;;°C;;;;;1714076703;1714047754;2.32E+11;;Interval;EndOfRecord
RD;CD;4/25/2024;8:25:03 PM;Default;CDC401;SN 231662582599;Edited;Sample ID (28380);41.2;mS/cm;22.7;°C;39.3;mS/cm;;;NaCl/Non-Linear;Reference Temperature = 25 °C;;;;;;;;;;;OK;4/19/2024;3:08:41 PM;Default;K;0.366;;cm⁻¹;;;;1;30000;µS/cm;28.4;mS/cm;22.2;;;;;;;;;;;;;;;;;;;;;;;;;;;;;;;°C;;;;;1714076703;1713539321;2.32E+11;;Interval;EndOfRecord
RD;pH;4/25/2024;8:24:04 PM;Default;PHC301;SN 240462571090;Edited;Sample ID (28379);3.035;pH;22.6;°C;242.2;mV;;;;;;;;;;;;;;;OK;4/25/2024;12:22:34 PM;Default;Slope;-57.99;98;mV/pH;14.1;mV;0.9998;3;4;pH;187.6;mV;22.2;7.01;pH;11;mV;22;10.04;pH;-159.2;mV;22.5;;;;;;;;;;;;;;;;;;;;;°C;;;;;1714076644;1714047754;2.32E+11;;Interval;EndOfRecord
RD;CD;4/25/2024;8:24:04 PM;Default;CDC401;SN 231662582599;Edited;Sample ID (28379);41.1;mS/cm;22.7;°C;39.3;mS/cm;;;NaCl/Non-Linear;Reference Temperature = 25 °C;;;;;;;;;;;OK;4/19/2024;3:08:41 PM;Default;K;0.366;;cm⁻¹;;;;1;30000;µS/cm;28.4;mS/cm;22.2;;;;;;;;;;;;;;;;;;;;;;;;;;;;;;;°C;;;;;1714076644;1713539321;2.32E+11;;Interval;EndOfRecord
RD;pH;4/25/2024;8:23:04 PM;Default;PHC301;SN 240462571090;Edited;Sample ID (28378);3.035;pH;22.6;°C;242.2;mV;;;;;;;;;;;;;;;OK;4/25/2024;12:22:34 PM;Default;Slope;-57.99;98;mV/pH;14.1;mV;0.9998;3;4;pH;187.6;mV;22.2;7.01;pH;11;mV;22;10.04;pH;-159.2;mV;22.5;;;;;;;;;;;;;;;;;;;;;°C;;;;;1714076584;1714047754;2.32E+11;;Interval;EndOfRecord
RD;CD;4/25/2024;8:23:04 PM;Default;CDC401;SN 231662582599;Edited;Sample ID (28378);41.2;mS/cm;22.7;°C;39.3;mS/cm;;;NaCl/Non-Linear;Reference Temperature = 25 °C;;;;;;;;;;;OK;4/19/2024;3:08:41 PM;Default;K;0.366;;cm⁻¹;;;;1;30000;µS/cm;28.4;mS/cm;22.2;;;;;;;;;;;;;;;;;;;;;;;;;;;;;;;°C;;;;;1714076584;1713539321;2.32E+11;;Interval;EndOfRecord
RD;pH;4/25/2024;8:22:04 PM;Default;PHC301;SN 240462571090;Edited;Sample ID (28377);3.035;pH;22.6;°C;242.2;mV;;;;;;;;;;;;;;;OK;4/25/2024;12:22:34 PM;Default;Slope;-57.99;98;mV/pH;14.1;mV;0.9998;3;4;pH;187.6;mV;22.2;7.01;pH;11;mV;22;10.04;pH;-159.2;mV;22.5;;;;;;;;;;;;;;;;;;;;;°C;;;;;1714076524;1714047754;2.32E+11;;Interval;EndOfRecord
RD;CD;4/25/2024;8:22:04 PM;Default;CDC401;SN 231662582599;Edited;Sample ID (28377);41.2;mS/cm;22.7;°C;39.3;mS/cm;;;NaCl/Non-Linear;Reference Temperature = 25 °C;;;;;;;;;;;OK;4/19/2024;3:08:41 PM;Default;K;0.366;;cm⁻¹;;;;1;30000;µS/cm;28.4;mS/cm;22.2;;;;;;;;;;;;;;;;;;;;;;;;;;;;;;;°C;;;;;1714076524;1713539321;2.32E+11;;Interval;EndOfRecord
RD;pH;4/25/2024;8:21:04 PM;Default;PHC301;SN 240462571090;Edited;Sample ID (28376);3.033;pH;22.6;°C;242.2;mV;;;;;;;;;;;;;;;OK;4/25/2024;12:22:34 PM;Default;Slope;-57.99;98;mV/pH;14.1;mV;0.9998;3;4;pH;187.6;mV;22.2;7.01;pH;11;mV;22;10.04;pH;-159.2;mV;22.5;;;;;;;;;;;;;;;;;;;;;°C;;;;;1714076464;1714047754;2.32E+11;;Interval;EndOfRecord
RD;CD;4/25/2024;8:21:04 PM;Default;CDC401;SN 231662582599;Edited;Sample ID (28376);41.1;mS/cm;22.7;°C;39.3;mS/cm;;;NaCl/Non-Linear;Reference Temperature = 25 °C;;;;;;;;;;;OK;4/19/2024;3:08:41 PM;Default;K;0.366;;cm⁻¹;;;;1;30000;µS/cm;28.4;mS/cm;22.2;;;;;;;;;;;;;;;;;;;;;;;;;;;;;;;°C;;;;;1714076464;1713539321;2.32E+11;;Interval;EndOfRecord
RD;pH;4/25/2024;8:20:03 PM;Default;PHC301;SN 240462571090;Edited;Sample ID (28375);3.033;pH;22.5;°C;242.2;mV;;;;;;;;;;;;;;;OK;4/25/2024;12:22:34 PM;Default;Slope;-57.99;98;mV/pH;14.1;mV;0.9998;3;4;pH;187.6;mV;22.2;7.01;pH;11;mV;22;10.04;pH;-159.2;mV;22.5;;;;;;;;;;;;;;;;;;;;;°C;;;;;1714076403;1714047754;2.32E+11;;Interval;EndOfRecord
RD;CD;4/25/2024;8:20:03 PM;Default;CDC401;SN 231662582599;Edited;Sample ID (28375);41.2;mS/cm;22.7;°C;39.3;mS/cm;;;NaCl/Non-Linear;Reference Temperature = 25 °C;;;;;;;;;;;OK;4/19/2024;3:08:41 PM;Default;K;0.366;;cm⁻¹;;;;1;30000;µS/cm;28.4;mS/cm;22.2;;;;;;;;;;;;;;;;;;;;;;;;;;;;;;;°C;;;;;1714076403;1713539321;2.32E+11;;Interval;EndOfRecord
RD;pH;4/25/2024;8:19:04 PM;Default;PHC301;SN 240462571090;Edited;Sample ID (28374);3.033;pH;22.5;°C;242.2;mV;;;;;;;;;;;;;;;OK;4/25/2024;12:22:34 PM;Default;Slope;-57.99;98;mV/pH;14.1;mV;0.9998;3;4;pH;187.6;mV;22.2;7.01;pH;11;mV;22;10.04;pH;-159.2;mV;22.5;;;;;;;;;;;;;;;;;;;;;°C;;;;;1714076344;1714047754;2.32E+11;;Interval;EndOfRecord
RD;CD;4/25/2024;8:19:04 PM;Default;CDC401;SN 231662582599;Edited;Sample ID (28374);41.1;mS/cm;22.6;°C;39.2;mS/cm;;;NaCl/Non-Linear;Reference Temperature = 25 °C;;;;;;;;;;;OK;4/19/2024;3:08:41 PM;Default;K;0.366;;cm⁻¹;;;;1;30000;µS/cm;28.4;mS/cm;22.2;;;;;;;;;;;;;;;;;;;;;;;;;;;;;;;°C;;;;;1714076344;1713539321;2.32E+11;;Interval;EndOfRecord
RD;pH;4/25/2024;8:18:04 PM;Default;PHC301;SN 240462571090;Edited;Sample ID (28373);3.033;pH;22.5;°C;242.2;mV;;;;;;;;;;;;;;;OK;4/25/2024;12:22:34 PM;Default;Slope;-57.99;98;mV/pH;14.1;mV;0.9998;3;4;pH;187.6;mV;22.2;7.01;pH;11;mV;22;10.04;pH;-159.2;mV;22.5;;;;;;;;;;;;;;;;;;;;;°C;;;;;1714076284;1714047754;2.32E+11;;Interval;EndOfRecord
RD;CD;4/25/2024;8:18:04 PM;Default;CDC401;SN 231662582599;Edited;Sample ID (28373);41.1;mS/cm;22.6;°C;39.2;mS/cm;;;NaCl/Non-Linear;Reference Temperature = 25 °C;;;;;;;;;;;OK;4/19/2024;3:08:41 PM;Default;K;0.366;;cm⁻¹;;;;1;30000;µS/cm;28.4;mS/cm;22.2;;;;;;;;;;;;;;;;;;;;;;;;;;;;;;;°C;;;;;1714076284;1713539321;2.32E+11;;Interval;EndOfRecord
RD;pH;4/25/2024;8:17:03 PM;Default;PHC301;SN 240462571090;Edited;Sample ID (28372);3.033;pH;22.5;°C;242.2;mV;;;;;;;;;;;;;;;OK;4/25/2024;12:22:34 PM;Default;Slope;-57.99;98;mV/pH;14.1;mV;0.9998;3;4;pH;187.6;mV;22.2;7.01;pH;11;mV;22;10.04;pH;-159.2;mV;22.5;;;;;;;;;;;;;;;;;;;;;°C;;;;;1714076223;1714047754;2.32E+11;;Interval;EndOfRecord
RD;CD;4/25/2024;8:17:03 PM;Default;CDC401;SN 231662582599;Edited;Sample ID (28372);41.2;mS/cm;22.6;°C;39.3;mS/cm;;;NaCl/Non-Linear;Reference Temperature = 25 °C;;;;;;;;;;;OK;4/19/2024;3:08:41 PM;Default;K;0.366;;cm⁻¹;;;;1;30000;µS/cm;28.4;mS/cm;22.2;;;;;;;;;;;;;;;;;;;;;;;;;;;;;;;°C;;;;;1714076223;1713539321;2.32E+11;;Interval;EndOfRecord
RD;pH;4/25/2024;8:16:05 PM;Default;PHC301;SN 240462571090;Edited;Sample ID (28371);3.033;pH;22.5;°C;242.2;mV;;;;;;;;;;;;;;;OK;4/25/2024;12:22:34 PM;Default;Slope;-57.99;98;mV/pH;14.1;mV;0.9998;3;4;pH;187.6;mV;22.2;7.01;pH;11;mV;22;10.04;pH;-159.2;mV;22.5;;;;;;;;;;;;;;;;;;;;;°C;;;;;1714076165;1714047754;2.32E+11;;Interval;EndOfRecord
RD;CD;4/25/2024;8:16:05 PM;Default;CDC401;SN 231662582599;Edited;Sample ID (28371);41.1;mS/cm;22.6;°C;39.2;mS/cm;;;NaCl/Non-Linear;Reference Temperature = 25 °C;;;;;;;;;;;OK;4/19/2024;3:08:41 PM;Default;K;0.366;;cm⁻¹;;;;1;30000;µS/cm;28.4;mS/cm;22.2;;;;;;;;;;;;;;;;;;;;;;;;;;;;;;;°C;;;;;1714076165;1713539321;2.32E+11;;Interval;EndOfRecord
RD;pH;4/25/2024;8:15:04 PM;Default;PHC301;SN 240462571090;Edited;Sample ID (28370);3.033;pH;22.5;°C;242.2;mV;;;;;;;;;;;;;;;OK;4/25/2024;12:22:34 PM;Default;Slope;-57.99;98;mV/pH;14.1;mV;0.9998;3;4;pH;187.6;mV;22.2;7.01;pH;11;mV;22;10.04;pH;-159.2;mV;22.5;;;;;;;;;;;;;;;;;;;;;°C;;;;;1714076104;1714047754;2.32E+11;;Interval;EndOfRecord
RD;CD;4/25/2024;8:15:04 PM;Default;CDC401;SN 231662582599;Edited;Sample ID (28370);41.1;mS/cm;22.6;°C;39.2;mS/cm;;;NaCl/Non-Linear;Reference Temperature = 25 °C;;;;;;;;;;;OK;4/19/2024;3:08:41 PM;Default;K;0.366;;cm⁻¹;;;;1;30000;µS/cm;28.4;mS/cm;22.2;;;;;;;;;;;;;;;;;;;;;;;;;;;;;;;°C;;;;;1714076104;1713539321;2.32E+11;;Interval;EndOfRecord
RD;pH;4/25/2024;8:14:04 PM;Default;PHC301;SN 240462571090;Edited;Sample ID (28369);3.033;pH;22.5;°C;242.2;mV;;;;;;;;;;;;;;;OK;4/25/2024;12:22:34 PM;Default;Slope;-57.99;98;mV/pH;14.1;mV;0.9998;3;4;pH;187.6;mV;22.2;7.01;pH;11;mV;22;10.04;pH;-159.2;mV;22.5;;;;;;;;;;;;;;;;;;;;;°C;;;;;1714076044;1714047754;2.32E+11;;Interval;EndOfRecord
RD;CD;4/25/2024;8:14:04 PM;Default;CDC401;SN 231662582599;Edited;Sample ID (28369);41.2;mS/cm;22.6;°C;39.2;mS/cm;;;NaCl/Non-Linear;Reference Temperature = 25 °C;;;;;;;;;;;OK;4/19/2024;3:08:41 PM;Default;K;0.366;;cm⁻¹;;;;1;30000;µS/cm;28.4;mS/cm;22.2;;;;;;;;;;;;;;;;;;;;;;;;;;;;;;;°C;;;;;1714076044;1713539321;2.32E+11;;Interval;EndOfRecord
RD;pH;4/25/2024;8:13:03 PM;Default;PHC301;SN 240462571090;Edited;Sample ID (28368);3.033;pH;22.5;°C;242.2;mV;;;;;;;;;;;;;;;OK;4/25/2024;12:22:34 PM;Default;Slope;-57.99;98;mV/pH;14.1;mV;0.9998;3;4;pH;187.6;mV;22.2;7.01;pH;11;mV;22;10.04;pH;-159.2;mV;22.5;;;;;;;;;;;;;;;;;;;;;°C;;;;;1714075983;1714047754;2.32E+11;;Interval;EndOfRecord
RD;CD;4/25/2024;8:13:03 PM;Default;CDC401;SN 231662582599;Edited;Sample ID (28368);41.2;mS/cm;22.6;°C;39.2;mS/cm;;;NaCl/Non-Linear;Reference Temperature = 25 °C;;;;;;;;;;;OK;4/19/2024;3:08:41 PM;Default;K;0.366;;cm⁻¹;;;;1;30000;µS/cm;28.4;mS/cm;22.2;;;;;;;;;;;;;;;;;;;;;;;;;;;;;;;°C;;;;;1714075983;1713539321;2.32E+11;;Interval;EndOfRecord
RD;pH;4/25/2024;8:12:03 PM;Default;PHC301;SN 240462571090;Edited;Sample ID (28367);3.033;pH;22.5;°C;242.2;mV;;;;;;;;;;;;;;;OK;4/25/2024;12:22:34 PM;Default;Slope;-57.99;98;mV/pH;14.1;mV;0.9998;3;4;pH;187.6;mV;22.2;7.01;pH;11;mV;22;10.04;pH;-159.2;mV;22.5;;;;;;;;;;;;;;;;;;;;;°C;;;;;1714075923;1714047754;2.32E+11;;Interval;EndOfRecord
RD;CD;4/25/2024;8:12:03 PM;Default;CDC401;SN 231662582599;Edited;Sample ID (28367);41.2;mS/cm;22.6;°C;39.2;mS/cm;;;NaCl/Non-Linear;Reference Temperature = 25 °C;;;;;;;;;;;OK;4/19/2024;3:08:41 PM;Default;K;0.366;;cm⁻¹;;;;1;30000;µS/cm;28.4;mS/cm;22.2;;;;;;;;;;;;;;;;;;;;;;;;;;;;;;;°C;;;;;1714075923;1713539321;2.32E+11;;Interval;EndOfRecord
RD;pH;4/25/2024;8:11:04 PM;Default;PHC301;SN 240462571090;Edited;Sample ID (28366);3.033;pH;22.5;°C;242.2;mV;;;;;;;;;;;;;;;OK;4/25/2024;12:22:34 PM;Default;Slope;-57.99;98;mV/pH;14.1;mV;0.9998;3;4;pH;187.6;mV;22.2;7.01;pH;11;mV;22;10.04;pH;-159.2;mV;22.5;;;;;;;;;;;;;;;;;;;;;°C;;;;;1714075864;1714047754;2.32E+11;;Interval;EndOfRecord
RD;CD;4/25/2024;8:11:04 PM;Default;CDC401;SN 231662582599;Edited;Sample ID (28366);41.1;mS/cm;22.6;°C;39.2;mS/cm;;;NaCl/Non-Linear;Reference Temperature = 25 °C;;;;;;;;;;;OK;4/19/2024;3:08:41 PM;Default;K;0.366;;cm⁻¹;;;;1;30000;µS/cm;28.4;mS/cm;22.2;;;;;;;;;;;;;;;;;;;;;;;;;;;;;;;°C;;;;;1714075864;1713539321;2.32E+11;;Interval;EndOfRecord
RD;pH;4/25/2024;8:10:05 PM;Default;PHC301;SN 240462571090;Edited;Sample ID (28365);3.033;pH;22.3;°C;242.2;mV;;;;;;;;;;;;;;;OK;4/25/2024;12:22:34 PM;Default;Slope;-57.99;98;mV/pH;14.1;mV;0.9998;3;4;pH;187.6;mV;22.2;7.01;pH;11;mV;22;10.04;pH;-159.2;mV;22.5;;;;;;;;;;;;;;;;;;;;;°C;;;;;1714075805;1714047754;2.32E+11;;Interval;EndOfRecord
RD;CD;4/25/2024;8:10:05 PM;Default;CDC401;SN 231662582599;Edited;Sample ID (28365);41.1;mS/cm;22.5;°C;39.2;mS/cm;;;NaCl/Non-Linear;Reference Temperature = 25 °C;;;;;;;;;;;OK;4/19/2024;3:08:41 PM;Default;K;0.366;;cm⁻¹;;;;1;30000;µS/cm;28.4;mS/cm;22.2;;;;;;;;;;;;;;;;;;;;;;;;;;;;;;;°C;;;;;1714075805;1713539321;2.32E+11;;Interval;EndOfRecord
RD;pH;4/25/2024;8:09:03 PM;Default;PHC301;SN 240462571090;Edited;Sample ID (28364);3.033;pH;22.3;°C;242.2;mV;;;;;;;;;;;;;;;OK;4/25/2024;12:22:34 PM;Default;Slope;-57.99;98;mV/pH;14.1;mV;0.9998;3;4;pH;187.6;mV;22.2;7.01;pH;11;mV;22;10.04;pH;-159.2;mV;22.5;;;;;;;;;;;;;;;;;;;;;°C;;;;;1714075743;1714047754;2.32E+11;;Interval;EndOfRecord
RD;CD;4/25/2024;8:09:03 PM;Default;CDC401;SN 231662582599;Edited;Sample ID (28364);41.2;mS/cm;22.5;°C;39.2;mS/cm;;;NaCl/Non-Linear;Reference Temperature = 25 °C;;;;;;;;;;;OK;4/19/2024;3:08:41 PM;Default;K;0.366;;cm⁻¹;;;;1;30000;µS/cm;28.4;mS/cm;22.2;;;;;;;;;;;;;;;;;;;;;;;;;;;;;;;°C;;;;;1714075743;1713539321;2.32E+11;;Interval;EndOfRecord
RD;pH;4/25/2024;8:08:03 PM;Default;PHC301;SN 240462571090;Edited;Sample ID (28363);3.033;pH;22.3;°C;242.2;mV;;;;;;;;;;;;;;;OK;4/25/2024;12:22:34 PM;Default;Slope;-57.99;98;mV/pH;14.1;mV;0.9998;3;4;pH;187.6;mV;22.2;7.01;pH;11;mV;22;10.04;pH;-159.2;mV;22.5;;;;;;;;;;;;;;;;;;;;;°C;;;;;1714075683;1714047754;2.32E+11;;Interval;EndOfRecord
RD;CD;4/25/2024;8:08:03 PM;Default;CDC401;SN 231662582599;Edited;Sample ID (28363);41.1;mS/cm;22.5;°C;39.1;mS/cm;;;NaCl/Non-Linear;Reference Temperature = 25 °C;;;;;;;;;;;OK;4/19/2024;3:08:41 PM;Default;K;0.366;;cm⁻¹;;;;1;30000;µS/cm;28.4;mS/cm;22.2;;;;;;;;;;;;;;;;;;;;;;;;;;;;;;;°C;;;;;1714075683;1713539321;2.32E+11;;Interval;EndOfRecord
RD;pH;4/25/2024;8:07:04 PM;Default;PHC301;SN 240462571090;Edited;Sample ID (28362);3.033;pH;22.3;°C;242.2;mV;;;;;;;;;;;;;;;OK;4/25/2024;12:22:34 PM;Default;Slope;-57.99;98;mV/pH;14.1;mV;0.9998;3;4;pH;187.6;mV;22.2;7.01;pH;11;mV;22;10.04;pH;-159.2;mV;22.5;;;;;;;;;;;;;;;;;;;;;°C;;;;;1714075624;1714047754;2.32E+11;;Interval;EndOfRecord
RD;CD;4/25/2024;8:07:04 PM;Default;CDC401;SN 231662582599;Edited;Sample ID (28362);41.1;mS/cm;22.5;°C;39.1;mS/cm;;;NaCl/Non-Linear;Reference Temperature = 25 °C;;;;;;;;;;;OK;4/19/2024;3:08:41 PM;Default;K;0.366;;cm⁻¹;;;;1;30000;µS/cm;28.4;mS/cm;22.2;;;;;;;;;;;;;;;;;;;;;;;;;;;;;;;°C;;;;;1714075624;1713539321;2.32E+11;;Interval;EndOfRecord
RD;pH;4/25/2024;8:06:04 PM;Default;PHC301;SN 240462571090;Edited;Sample ID (28361);3.034;pH;22.3;°C;242.1;mV;;;;;;;;;;;;;;;OK;4/25/2024;12:22:34 PM;Default;Slope;-57.99;98;mV/pH;14.1;mV;0.9998;3;4;pH;187.6;mV;22.2;7.01;pH;11;mV;22;10.04;pH;-159.2;mV;22.5;;;;;;;;;;;;;;;;;;;;;°C;;;;;1714075564;1714047754;2.32E+11;;Interval;EndOfRecord
RD;CD;4/25/2024;8:06:04 PM;Default;CDC401;SN 231662582599;Edited;Sample ID (28361);41.1;mS/cm;22.5;°C;39.1;mS/cm;;;NaCl/Non-Linear;Reference Temperature = 25 °C;;;;;;;;;;;OK;4/19/2024;3:08:41 PM;Default;K;0.366;;cm⁻¹;;;;1;30000;µS/cm;28.4;mS/cm;22.2;;;;;;;;;;;;;;;;;;;;;;;;;;;;;;;°C;;;;;1714075564;1713539321;2.32E+11;;Interval;EndOfRecord
RD;pH;4/25/2024;8:05:04 PM;Default;PHC301;SN 240462571090;Edited;Sample ID (28360);3.034;pH;22.3;°C;242.1;mV;;;;;;;;;;;;;;;OK;4/25/2024;12:22:34 PM;Default;Slope;-57.99;98;mV/pH;14.1;mV;0.9998;3;4;pH;187.6;mV;22.2;7.01;pH;11;mV;22;10.04;pH;-159.2;mV;22.5;;;;;;;;;;;;;;;;;;;;;°C;;;;;1714075504;1714047754;2.32E+11;;Interval;EndOfRecord
RD;CD;4/25/2024;8:05:04 PM;Default;CDC401;SN 231662582599;Edited;Sample ID (28360);41.2;mS/cm;22.5;°C;39.2;mS/cm;;;NaCl/Non-Linear;Reference Temperature = 25 °C;;;;;;;;;;;OK;4/19/2024;3:08:41 PM;Default;K;0.366;;cm⁻¹;;;;1;30000;µS/cm;28.4;mS/cm;22.2;;;;;;;;;;;;;;;;;;;;;;;;;;;;;;;°C;;;;;1714075504;1713539321;2.32E+11;;Interval;EndOfRecord
RD;pH;4/25/2024;8:04:03 PM;Default;PHC301;SN 240462571090;Edited;Sample ID (28359);3.034;pH;22.3;°C;242.1;mV;;;;;;;;;;;;;;;OK;4/25/2024;12:22:34 PM;Default;Slope;-57.99;98;mV/pH;14.1;mV;0.9998;3;4;pH;187.6;mV;22.2;7.01;pH;11;mV;22;10.04;pH;-159.2;mV;22.5;;;;;;;;;;;;;;;;;;;;;°C;;;;;1714075443;1714047754;2.32E+11;;Interval;EndOfRecord
RD;CD;4/25/2024;8:04:03 PM;Default;CDC401;SN 231662582599;Edited;Sample ID (28359);41.2;mS/cm;22.5;°C;39.1;mS/cm;;;NaCl/Non-Linear;Reference Temperature = 25 °C;;;;;;;;;;;OK;4/19/2024;3:08:41 PM;Default;K;0.366;;cm⁻¹;;;;1;30000;µS/cm;28.4;mS/cm;22.2;;;;;;;;;;;;;;;;;;;;;;;;;;;;;;;°C;;;;;1714075443;1713539321;2.32E+11;;Interval;EndOfRecord
RD;pH;4/25/2024;8:03:04 PM;Default;PHC301;SN 240462571090;Edited;Sample ID (28358);3.034;pH;22.3;°C;242.1;mV;;;;;;;;;;;;;;;OK;4/25/2024;12:22:34 PM;Default;Slope;-57.99;98;mV/pH;14.1;mV;0.9998;3;4;pH;187.6;mV;22.2;7.01;pH;11;mV;22;10.04;pH;-159.2;mV;22.5;;;;;;;;;;;;;;;;;;;;;°C;;;;;1714075384;1714047754;2.32E+11;;Interval;EndOfRecord
RD;CD;4/25/2024;8:03:04 PM;Default;CDC401;SN 231662582599;Edited;Sample ID (28358);41.1;mS/cm;22.5;°C;39.1;mS/cm;;;NaCl/Non-Linear;Reference Temperature = 25 °C;;;;;;;;;;;OK;4/19/2024;3:08:41 PM;Default;K;0.366;;cm⁻¹;;;;1;30000;µS/cm;28.4;mS/cm;22.2;;;;;;;;;;;;;;;;;;;;;;;;;;;;;;;°C;;;;;1714075384;1713539321;2.32E+11;;Interval;EndOfRecord
RD;pH;4/25/2024;8:02:04 PM;Default;PHC301;SN 240462571090;Edited;Sample ID (28357);3.034;pH;22.3;°C;242.1;mV;;;;;;;;;;;;;;;OK;4/25/2024;12:22:34 PM;Default;Slope;-57.99;98;mV/pH;14.1;mV;0.9998;3;4;pH;187.6;mV;22.2;7.01;pH;11;mV;22;10.04;pH;-159.2;mV;22.5;;;;;;;;;;;;;;;;;;;;;°C;;;;;1714075324;1714047754;2.32E+11;;Interval;EndOfRecord
RD;CD;4/25/2024;8:02:04 PM;Default;CDC401;SN 231662582599;Edited;Sample ID (28357);41.2;mS/cm;22.5;°C;39.1;mS/cm;;;NaCl/Non-Linear;Reference Temperature = 25 °C;;;;;;;;;;;OK;4/19/2024;3:08:41 PM;Default;K;0.366;;cm⁻¹;;;;1;30000;µS/cm;28.4;mS/cm;22.2;;;;;;;;;;;;;;;;;;;;;;;;;;;;;;;°C;;;;;1714075324;1713539321;2.32E+11;;Interval;EndOfRecord
RD;pH;4/25/2024;8:01:04 PM;Default;PHC301;SN 240462571090;Edited;Sample ID (28356);3.034;pH;22.2;°C;242.1;mV;;;;;;;;;;;;;;;OK;4/25/2024;12:22:34 PM;Default;Slope;-57.99;98;mV/pH;14.1;mV;0.9998;3;4;pH;187.6;mV;22.2;7.01;pH;11;mV;22;10.04;pH;-159.2;mV;22.5;;;;;;;;;;;;;;;;;;;;;°C;;;;;1714075264;1714047754;2.32E+11;;Interval;EndOfRecord
RD;CD;4/25/2024;8:01:04 PM;Default;CDC401;SN 231662582599;Edited;Sample ID (28356);41.1;mS/cm;22.4;°C;39.1;mS/cm;;;NaCl/Non-Linear;Reference Temperature = 25 °C;;;;;;;;;;;OK;4/19/2024;3:08:41 PM;Default;K;0.366;;cm⁻¹;;;;1;30000;µS/cm;28.4;mS/cm;22.2;;;;;;;;;;;;;;;;;;;;;;;;;;;;;;;°C;;;;;1714075264;1713539321;2.32E+11;;Interval;EndOfRecord
RD;pH;4/25/2024;8:00:03 PM;Default;PHC301;SN 240462571090;Edited;Sample ID (28355);3.034;pH;22.2;°C;242.1;mV;;;;;;;;;;;;;;;OK;4/25/2024;12:22:34 PM;Default;Slope;-57.99;98;mV/pH;14.1;mV;0.9998;3;4;pH;187.6;mV;22.2;7.01;pH;11;mV;22;10.04;pH;-159.2;mV;22.5;;;;;;;;;;;;;;;;;;;;;°C;;;;;1714075203;1714047754;2.32E+11;;Interval;EndOfRecord
RD;CD;4/25/2024;8:00:03 PM;Default;CDC401;SN 231662582599;Edited;Sample ID (28355);41.2;mS/cm;22.4;°C;39.1;mS/cm;;;NaCl/Non-Linear;Reference Temperature = 25 °C;;;;;;;;;;;OK;4/19/2024;3:08:41 PM;Default;K;0.366;;cm⁻¹;;;;1;30000;µS/cm;28.4;mS/cm;22.2;;;;;;;;;;;;;;;;;;;;;;;;;;;;;;;°C;;;;;1714075203;1713539321;2.32E+11;;Interval;EndOfRecord
RD;pH;4/25/2024;7:59:03 PM;Default;PHC301;SN 240462571090;Edited;Sample ID (28354);3.032;pH;22.2;°C;242.1;mV;;;;;;;;;;;;;;;OK;4/25/2024;12:22:34 PM;Default;Slope;-57.99;98;mV/pH;14.1;mV;0.9998;3;4;pH;187.6;mV;22.2;7.01;pH;11;mV;22;10.04;pH;-159.2;mV;22.5;;;;;;;;;;;;;;;;;;;;;°C;;;;;1714075143;1714047754;2.32E+11;;Interval;EndOfRecord
RD;CD;4/25/2024;7:59:03 PM;Default;CDC401;SN 231662582599;Edited;Sample ID (28354);41.2;mS/cm;22.4;°C;39.1;mS/cm;;;NaCl/Non-Linear;Reference Temperature = 25 °C;;;;;;;;;;;OK;4/19/2024;3:08:41 PM;Default;K;0.366;;cm⁻¹;;;;1;30000;µS/cm;28.4;mS/cm;22.2;;;;;;;;;;;;;;;;;;;;;;;;;;;;;;;°C;;;;;1714075143;1713539321;2.32E+11;;Interval;EndOfRecord
RD;pH;4/25/2024;7:58:03 PM;Default;PHC301;SN 240462571090;Edited;Sample ID (28353);3.032;pH;22.2;°C;242.1;mV;;;;;;;;;;;;;;;OK;4/25/2024;12:22:34 PM;Default;Slope;-57.99;98;mV/pH;14.1;mV;0.9998;3;4;pH;187.6;mV;22.2;7.01;pH;11;mV;22;10.04;pH;-159.2;mV;22.5;;;;;;;;;;;;;;;;;;;;;°C;;;;;1714075083;1714047754;2.32E+11;;Interval;EndOfRecord
RD;CD;4/25/2024;7:58:03 PM;Default;CDC401;SN 231662582599;Edited;Sample ID (28353);41.2;mS/cm;22.4;°C;39.1;mS/cm;;;NaCl/Non-Linear;Reference Temperature = 25 °C;;;;;;;;;;;OK;4/19/2024;3:08:41 PM;Default;K;0.366;;cm⁻¹;;;;1;30000;µS/cm;28.4;mS/cm;22.2;;;;;;;;;;;;;;;;;;;;;;;;;;;;;;;°C;;;;;1714075083;1713539321;2.32E+11;;Interval;EndOfRecord
RD;pH;4/25/2024;7:57:03 PM;Default;PHC301;SN 240462571090;Edited;Sample ID (28352);3.032;pH;22.2;°C;242.1;mV;;;;;;;;;;;;;;;OK;4/25/2024;12:22:34 PM;Default;Slope;-57.99;98;mV/pH;14.1;mV;0.9998;3;4;pH;187.6;mV;22.2;7.01;pH;11;mV;22;10.04;pH;-159.2;mV;22.5;;;;;;;;;;;;;;;;;;;;;°C;;;;;1714075023;1714047754;2.32E+11;;Interval;EndOfRecord
RD;CD;4/25/2024;7:57:03 PM;Default;CDC401;SN 231662582599;Edited;Sample ID (28352);41.2;mS/cm;22.4;°C;39.1;mS/cm;;;NaCl/Non-Linear;Reference Temperature = 25 °C;;;;;;;;;;;OK;4/19/2024;3:08:41 PM;Default;K;0.366;;cm⁻¹;;;;1;30000;µS/cm;28.4;mS/cm;22.2;;;;;;;;;;;;;;;;;;;;;;;;;;;;;;;°C;;;;;1714075023;1713539321;2.32E+11;;Interval;EndOfRecord
RD;pH;4/25/2024;7:56:03 PM;Default;PHC301;SN 240462571090;Edited;Sample ID (28351);3.032;pH;22.2;°C;242.1;mV;;;;;;;;;;;;;;;OK;4/25/2024;12:22:34 PM;Default;Slope;-57.99;98;mV/pH;14.1;mV;0.9998;3;4;pH;187.6;mV;22.2;7.01;pH;11;mV;22;10.04;pH;-159.2;mV;22.5;;;;;;;;;;;;;;;;;;;;;°C;;;;;1714074963;1714047754;2.32E+11;;Interval;EndOfRecord
RD;CD;4/25/2024;7:56:03 PM;Default;CDC401;SN 231662582599;Edited;Sample ID (28351);41.2;mS/cm;22.4;°C;39.1;mS/cm;;;NaCl/Non-Linear;Reference Temperature = 25 °C;;;;;;;;;;;OK;4/19/2024;3:08:41 PM;Default;K;0.366;;cm⁻¹;;;;1;30000;µS/cm;28.4;mS/cm;22.2;;;;;;;;;;;;;;;;;;;;;;;;;;;;;;;°C;;;;;1714074963;1713539321;2.32E+11;;Interval;EndOfRecord
RD;pH;4/25/2024;7:55:03 PM;Default;PHC301;SN 240462571090;Edited;Sample ID (28350);3.032;pH;22.2;°C;242.1;mV;;;;;;;;;;;;;;;OK;4/25/2024;12:22:34 PM;Default;Slope;-57.99;98;mV/pH;14.1;mV;0.9998;3;4;pH;187.6;mV;22.2;7.01;pH;11;mV;22;10.04;pH;-159.2;mV;22.5;;;;;;;;;;;;;;;;;;;;;°C;;;;;1714074903;1714047754;2.32E+11;;Interval;EndOfRecord
RD;CD;4/25/2024;7:55:03 PM;Default;CDC401;SN 231662582599;Edited;Sample ID (28350);41.2;mS/cm;22.4;°C;39;mS/cm;;;NaCl/Non-Linear;Reference Temperature = 25 °C;;;;;;;;;;;OK;4/19/2024;3:08:41 PM;Default;K;0.366;;cm⁻¹;;;;1;30000;µS/cm;28.4;mS/cm;22.2;;;;;;;;;;;;;;;;;;;;;;;;;;;;;;;°C;;;;;1714074903;1713539321;2.32E+11;;Interval;EndOfRecord
RD;pH;4/25/2024;7:54:04 PM;Default;PHC301;SN 240462571090;Edited;Sample ID (28349);3.032;pH;22.2;°C;242;mV;;;;;;;;;;;;;;;OK;4/25/2024;12:22:34 PM;Default;Slope;-57.99;98;mV/pH;14.1;mV;0.9998;3;4;pH;187.6;mV;22.2;7.01;pH;11;mV;22;10.04;pH;-159.2;mV;22.5;;;;;;;;;;;;;;;;;;;;;°C;;;;;1714074844;1714047754;2.32E+11;;Interval;EndOfRecord
RD;CD;4/25/2024;7:54:04 PM;Default;CDC401;SN 231662582599;Edited;Sample ID (28349);41.1;mS/cm;22.4;°C;39;mS/cm;;;NaCl/Non-Linear;Reference Temperature = 25 °C;;;;;;;;;;;OK;4/19/2024;3:08:41 PM;Default;K;0.366;;cm⁻¹;;;;1;30000;µS/cm;28.4;mS/cm;22.2;;;;;;;;;;;;;;;;;;;;;;;;;;;;;;;°C;;;;;1714074844;1713539321;2.32E+11;;Interval;EndOfRecord
RD;pH;4/25/2024;7:53:05 PM;Default;PHC301;SN 240462571090;Edited;Sample ID (28348);3.032;pH;22.1;°C;242;mV;;;;;;;;;;;;;;;OK;4/25/2024;12:22:34 PM;Default;Slope;-57.99;98;mV/pH;14.1;mV;0.9998;3;4;pH;187.6;mV;22.2;7.01;pH;11;mV;22;10.04;pH;-159.2;mV;22.5;;;;;;;;;;;;;;;;;;;;;°C;;;;;1714074785;1714047754;2.32E+11;;Interval;EndOfRecord
RD;CD;4/25/2024;7:53:05 PM;Default;CDC401;SN 231662582599;Edited;Sample ID (28348);41.1;mS/cm;22.3;°C;39;mS/cm;;;NaCl/Non-Linear;Reference Temperature = 25 °C;;;;;;;;;;;OK;4/19/2024;3:08:41 PM;Default;K;0.366;;cm⁻¹;;;;1;30000;µS/cm;28.4;mS/cm;22.2;;;;;;;;;;;;;;;;;;;;;;;;;;;;;;;°C;;;;;1714074785;1713539321;2.32E+11;;Interval;EndOfRecord
RD;pH;4/25/2024;7:52:04 PM;Default;PHC301;SN 240462571090;Edited;Sample ID (28347);3.032;pH;22.1;°C;242;mV;;;;;;;;;;;;;;;OK;4/25/2024;12:22:34 PM;Default;Slope;-57.99;98;mV/pH;14.1;mV;0.9998;3;4;pH;187.6;mV;22.2;7.01;pH;11;mV;22;10.04;pH;-159.2;mV;22.5;;;;;;;;;;;;;;;;;;;;;°C;;;;;1714074724;1714047754;2.32E+11;;Interval;EndOfRecord
RD;CD;4/25/2024;7:52:04 PM;Default;CDC401;SN 231662582599;Edited;Sample ID (28347);41.1;mS/cm;22.3;°C;39;mS/cm;;;NaCl/Non-Linear;Reference Temperature = 25 °C;;;;;;;;;;;OK;4/19/2024;3:08:41 PM;Default;K;0.366;;cm⁻¹;;;;1;30000;µS/cm;28.4;mS/cm;22.2;;;;;;;;;;;;;;;;;;;;;;;;;;;;;;;°C;;;;;1714074724;1713539321;2.32E+11;;Interval;EndOfRecord
RD;pH;4/25/2024;7:51:04 PM;Default;PHC301;SN 240462571090;Edited;Sample ID (28346);3.032;pH;22.1;°C;242;mV;;;;;;;;;;;;;;;OK;4/25/2024;12:22:34 PM;Default;Slope;-57.99;98;mV/pH;14.1;mV;0.9998;3;4;pH;187.6;mV;22.2;7.01;pH;11;mV;22;10.04;pH;-159.2;mV;22.5;;;;;;;;;;;;;;;;;;;;;°C;;;;;1714074664;1714047754;2.32E+11;;Interval;EndOfRecord
RD;CD;4/25/2024;7:51:04 PM;Default;CDC401;SN 231662582599;Edited;Sample ID (28346);41.1;mS/cm;22.3;°C;39;mS/cm;;;NaCl/Non-Linear;Reference Temperature = 25 °C;;;;;;;;;;;OK;4/19/2024;3:08:41 PM;Default;K;0.366;;cm⁻¹;;;;1;30000;µS/cm;28.4;mS/cm;22.2;;;;;;;;;;;;;;;;;;;;;;;;;;;;;;;°C;;;;;1714074664;1713539321;2.32E+11;;Interval;EndOfRecord
RD;pH;4/25/2024;7:50:03 PM;Default;PHC301;SN 240462571090;Edited;Sample ID (28345);3.032;pH;22.1;°C;242;mV;;;;;;;;;;;;;;;OK;4/25/2024;12:22:34 PM;Default;Slope;-57.99;98;mV/pH;14.1;mV;0.9998;3;4;pH;187.6;mV;22.2;7.01;pH;11;mV;22;10.04;pH;-159.2;mV;22.5;;;;;;;;;;;;;;;;;;;;;°C;;;;;1714074603;1714047754;2.32E+11;;Interval;EndOfRecord
RD;CD;4/25/2024;7:50:03 PM;Default;CDC401;SN 231662582599;Edited;Sample ID (28345);41.2;mS/cm;22.3;°C;39;mS/cm;;;NaCl/Non-Linear;Reference Temperature = 25 °C;;;;;;;;;;;OK;4/19/2024;3:08:41 PM;Default;K;0.366;;cm⁻¹;;;;1;30000;µS/cm;28.4;mS/cm;22.2;;;;;;;;;;;;;;;;;;;;;;;;;;;;;;;°C;;;;;1714074603;1713539321;2.32E+11;;Interval;EndOfRecord
RD;pH;4/25/2024;7:49:03 PM;Default;PHC301;SN 240462571090;Edited;Sample ID (28344);3.032;pH;22.1;°C;242;mV;;;;;;;;;;;;;;;OK;4/25/2024;12:22:34 PM;Default;Slope;-57.99;98;mV/pH;14.1;mV;0.9998;3;4;pH;187.6;mV;22.2;7.01;pH;11;mV;22;10.04;pH;-159.2;mV;22.5;;;;;;;;;;;;;;;;;;;;;°C;;;;;1714074543;1714047754;2.32E+11;;Interval;EndOfRecord
RD;CD;4/25/2024;7:49:03 PM;Default;CDC401;SN 231662582599;Edited;Sample ID (28344);41.2;mS/cm;22.3;°C;39;mS/cm;;;NaCl/Non-Linear;Reference Temperature = 25 °C;;;;;;;;;;;OK;4/19/2024;3:08:41 PM;Default;K;0.366;;cm⁻¹;;;;1;30000;µS/cm;28.4;mS/cm;22.2;;;;;;;;;;;;;;;;;;;;;;;;;;;;;;;°C;;;;;1714074543;1713539321;2.32E+11;;Interval;EndOfRecord
RD;pH;4/25/2024;7:48:03 PM;Default;PHC301;SN 240462571090;Edited;Sample ID (28343);3.032;pH;22.1;°C;242;mV;;;;;;;;;;;;;;;OK;4/25/2024;12:22:34 PM;Default;Slope;-57.99;98;mV/pH;14.1;mV;0.9998;3;4;pH;187.6;mV;22.2;7.01;pH;11;mV;22;10.04;pH;-159.2;mV;22.5;;;;;;;;;;;;;;;;;;;;;°C;;;;;1714074483;1714047754;2.32E+11;;Interval;EndOfRecord
RD;CD;4/25/2024;7:48:03 PM;Default;CDC401;SN 231662582599;Edited;Sample ID (28343);41.2;mS/cm;22.3;°C;39;mS/cm;;;NaCl/Non-Linear;Reference Temperature = 25 °C;;;;;;;;;;;OK;4/19/2024;3:08:41 PM;Default;K;0.366;;cm⁻¹;;;;1;30000;µS/cm;28.4;mS/cm;22.2;;;;;;;;;;;;;;;;;;;;;;;;;;;;;;;°C;;;;;1714074483;1713539321;2.32E+11;;Interval;EndOfRecord
RD;pH;4/25/2024;7:47:04 PM;Default;PHC301;SN 240462571090;Edited;Sample ID (28342);3.032;pH;22.1;°C;242;mV;;;;;;;;;;;;;;;OK;4/25/2024;12:22:34 PM;Default;Slope;-57.99;98;mV/pH;14.1;mV;0.9998;3;4;pH;187.6;mV;22.2;7.01;pH;11;mV;22;10.04;pH;-159.2;mV;22.5;;;;;;;;;;;;;;;;;;;;;°C;;;;;1714074424;1714047754;2.32E+11;;Interval;EndOfRecord
RD;CD;4/25/2024;7:47:04 PM;Default;CDC401;SN 231662582599;Edited;Sample ID (28342);41.2;mS/cm;22.3;°C;39;mS/cm;;;NaCl/Non-Linear;Reference Temperature = 25 °C;;;;;;;;;;;OK;4/19/2024;3:08:41 PM;Default;K;0.366;;cm⁻¹;;;;1;30000;µS/cm;28.4;mS/cm;22.2;;;;;;;;;;;;;;;;;;;;;;;;;;;;;;;°C;;;;;1714074424;1713539321;2.32E+11;;Interval;EndOfRecord
RD;pH;4/25/2024;7:46:04 PM;Default;PHC301;SN 240462571090;Edited;Sample ID (28341);3.032;pH;22.1;°C;242;mV;;;;;;;;;;;;;;;OK;4/25/2024;12:22:34 PM;Default;Slope;-57.99;98;mV/pH;14.1;mV;0.9998;3;4;pH;187.6;mV;22.2;7.01;pH;11;mV;22;10.04;pH;-159.2;mV;22.5;;;;;;;;;;;;;;;;;;;;;°C;;;;;1714074364;1714047754;2.32E+11;;Interval;EndOfRecord
RD;CD;4/25/2024;7:46:04 PM;Default;CDC401;SN 231662582599;Edited;Sample ID (28341);41.1;mS/cm;22.2;°C;38.9;mS/cm;;;NaCl/Non-Linear;Reference Temperature = 25 °C;;;;;;;;;;;OK;4/19/2024;3:08:41 PM;Default;K;0.366;;cm⁻¹;;;;1;30000;µS/cm;28.4;mS/cm;22.2;;;;;;;;;;;;;;;;;;;;;;;;;;;;;;;°C;;;;;1714074364;1713539321;2.32E+11;;Interval;EndOfRecord
RD;pH;4/25/2024;7:45:04 PM;Default;PHC301;SN 240462571090;Edited;Sample ID (28340);3.032;pH;22;°C;242;mV;;;;;;;;;;;;;;;OK;4/25/2024;12:22:34 PM;Default;Slope;-57.99;98;mV/pH;14.1;mV;0.9998;3;4;pH;187.6;mV;22.2;7.01;pH;11;mV;22;10.04;pH;-159.2;mV;22.5;;;;;;;;;;;;;;;;;;;;;°C;;;;;1714074304;1714047754;2.32E+11;;Interval;EndOfRecord
RD;CD;4/25/2024;7:45:04 PM;Default;CDC401;SN 231662582599;Edited;Sample ID (28340);41.1;mS/cm;22.2;°C;38.9;mS/cm;;;NaCl/Non-Linear;Reference Temperature = 25 °C;;;;;;;;;;;OK;4/19/2024;3:08:41 PM;Default;K;0.366;;cm⁻¹;;;;1;30000;µS/cm;28.4;mS/cm;22.2;;;;;;;;;;;;;;;;;;;;;;;;;;;;;;;°C;;;;;1714074304;1713539321;2.32E+11;;Interval;EndOfRecord
RD;pH;4/25/2024;7:44:04 PM;Default;PHC301;SN 240462571090;Edited;Sample ID (28339);3.034;pH;22;°C;241.9;mV;;;;;;;;;;;;;;;OK;4/25/2024;12:22:34 PM;Default;Slope;-57.99;98;mV/pH;14.1;mV;0.9998;3;4;pH;187.6;mV;22.2;7.01;pH;11;mV;22;10.04;pH;-159.2;mV;22.5;;;;;;;;;;;;;;;;;;;;;°C;;;;;1714074244;1714047754;2.32E+11;;Interval;EndOfRecord
RD;CD;4/25/2024;7:44:04 PM;Default;CDC401;SN 231662582599;Edited;Sample ID (28339);41.2;mS/cm;22.2;°C;38.9;mS/cm;;;NaCl/Non-Linear;Reference Temperature = 25 °C;;;;;;;;;;;OK;4/19/2024;3:08:41 PM;Default;K;0.366;;cm⁻¹;;;;1;30000;µS/cm;28.4;mS/cm;22.2;;;;;;;;;;;;;;;;;;;;;;;;;;;;;;;°C;;;;;1714074244;1713539321;2.32E+11;;Interval;EndOfRecord
RD;pH;4/25/2024;7:43:04 PM;Default;PHC301;SN 240462571090;Edited;Sample ID (28338);3.034;pH;22;°C;241.9;mV;;;;;;;;;;;;;;;OK;4/25/2024;12:22:34 PM;Default;Slope;-57.99;98;mV/pH;14.1;mV;0.9998;3;4;pH;187.6;mV;22.2;7.01;pH;11;mV;22;10.04;pH;-159.2;mV;22.5;;;;;;;;;;;;;;;;;;;;;°C;;;;;1714074184;1714047754;2.32E+11;;Interval;EndOfRecord
RD;CD;4/25/2024;7:43:04 PM;Default;CDC401;SN 231662582599;Edited;Sample ID (28338);41.2;mS/cm;22.2;°C;38.9;mS/cm;;;NaCl/Non-Linear;Reference Temperature = 25 °C;;;;;;;;;;;OK;4/19/2024;3:08:41 PM;Default;K;0.366;;cm⁻¹;;;;1;30000;µS/cm;28.4;mS/cm;22.2;;;;;;;;;;;;;;;;;;;;;;;;;;;;;;;°C;;;;;1714074184;1713539321;2.32E+11;;Interval;EndOfRecord
RD;pH;4/25/2024;7:42:04 PM;Default;PHC301;SN 240462571090;Edited;Sample ID (28337);3.034;pH;22;°C;241.9;mV;;;;;;;;;;;;;;;OK;4/25/2024;12:22:34 PM;Default;Slope;-57.99;98;mV/pH;14.1;mV;0.9998;3;4;pH;187.6;mV;22.2;7.01;pH;11;mV;22;10.04;pH;-159.2;mV;22.5;;;;;;;;;;;;;;;;;;;;;°C;;;;;1714074124;1714047754;2.32E+11;;Interval;EndOfRecord
RD;CD;4/25/2024;7:42:04 PM;Default;CDC401;SN 231662582599;Edited;Sample ID (28337);41.2;mS/cm;22.2;°C;38.9;mS/cm;;;NaCl/Non-Linear;Reference Temperature = 25 °C;;;;;;;;;;;OK;4/19/2024;3:08:41 PM;Default;K;0.366;;cm⁻¹;;;;1;30000;µS/cm;28.4;mS/cm;22.2;;;;;;;;;;;;;;;;;;;;;;;;;;;;;;;°C;;;;;1714074124;1713539321;2.32E+11;;Interval;EndOfRecord
RD;pH;4/25/2024;7:41:04 PM;Default;PHC301;SN 240462571090;Edited;Sample ID (28336);3.034;pH;22;°C;241.9;mV;;;;;;;;;;;;;;;OK;4/25/2024;12:22:34 PM;Default;Slope;-57.99;98;mV/pH;14.1;mV;0.9998;3;4;pH;187.6;mV;22.2;7.01;pH;11;mV;22;10.04;pH;-159.2;mV;22.5;;;;;;;;;;;;;;;;;;;;;°C;;;;;1714074064;1714047754;2.32E+11;;Interval;EndOfRecord
RD;CD;4/25/2024;7:41:04 PM;Default;CDC401;SN 231662582599;Edited;Sample ID (28336);41.2;mS/cm;22.2;°C;38.9;mS/cm;;;NaCl/Non-Linear;Reference Temperature = 25 °C;;;;;;;;;;;OK;4/19/2024;3:08:41 PM;Default;K;0.366;;cm⁻¹;;;;1;30000;µS/cm;28.4;mS/cm;22.2;;;;;;;;;;;;;;;;;;;;;;;;;;;;;;;°C;;;;;1714074064;1713539321;2.32E+11;;Interval;EndOfRecord
RD;pH;4/25/2024;7:40:04 PM;Default;PHC301;SN 240462571090;Edited;Sample ID (28335);3.032;pH;22;°C;242;mV;;;;;;;;;;;;;;;OK;4/25/2024;12:22:34 PM;Default;Slope;-57.99;98;mV/pH;14.1;mV;0.9998;3;4;pH;187.6;mV;22.2;7.01;pH;11;mV;22;10.04;pH;-159.2;mV;22.5;;;;;;;;;;;;;;;;;;;;;°C;;;;;1714074004;1714047754;2.32E+11;;Interval;EndOfRecord
RD;CD;4/25/2024;7:40:04 PM;Default;CDC401;SN 231662582599;Edited;Sample ID (28335);41.2;mS/cm;22.2;°C;38.9;mS/cm;;;NaCl/Non-Linear;Reference Temperature = 25 °C;;;;;;;;;;;OK;4/19/2024;3:08:41 PM;Default;K;0.366;;cm⁻¹;;;;1;30000;µS/cm;28.4;mS/cm;22.2;;;;;;;;;;;;;;;;;;;;;;;;;;;;;;;°C;;;;;1714074004;1713539321;2.32E+11;;Interval;EndOfRecord
RD;pH;4/25/2024;7:39:03 PM;Default;PHC301;SN 240462571090;Edited;Sample ID (28334);3.032;pH;22;°C;241.9;mV;;;;;;;;;;;;;;;OK;4/25/2024;12:22:34 PM;Default;Slope;-57.99;98;mV/pH;14.1;mV;0.9998;3;4;pH;187.6;mV;22.2;7.01;pH;11;mV;22;10.04;pH;-159.2;mV;22.5;;;;;;;;;;;;;;;;;;;;;°C;;;;;1714073943;1714047754;2.32E+11;;Interval;EndOfRecord
RD;CD;4/25/2024;7:39:03 PM;Default;CDC401;SN 231662582599;Edited;Sample ID (28334);41.2;mS/cm;22.2;°C;38.9;mS/cm;;;NaCl/Non-Linear;Reference Temperature = 25 °C;;;;;;;;;;;OK;4/19/2024;3:08:41 PM;Default;K;0.366;;cm⁻¹;;;;1;30000;µS/cm;28.4;mS/cm;22.2;;;;;;;;;;;;;;;;;;;;;;;;;;;;;;;°C;;;;;1714073943;1713539321;2.32E+11;;Interval;EndOfRecord
RD;pH;4/25/2024;7:38:04 PM;Default;PHC301;SN 240462571090;Edited;Sample ID (28333);3.032;pH;22;°C;241.9;mV;;;;;;;;;;;;;;;OK;4/25/2024;12:22:34 PM;Default;Slope;-57.99;98;mV/pH;14.1;mV;0.9998;3;4;pH;187.6;mV;22.2;7.01;pH;11;mV;22;10.04;pH;-159.2;mV;22.5;;;;;;;;;;;;;;;;;;;;;°C;;;;;1714073884;1714047754;2.32E+11;;Interval;EndOfRecord
RD;CD;4/25/2024;7:38:04 PM;Default;CDC401;SN 231662582599;Edited;Sample ID (28333);41.1;mS/cm;22.1;°C;38.8;mS/cm;;;NaCl/Non-Linear;Reference Temperature = 25 °C;;;;;;;;;;;OK;4/19/2024;3:08:41 PM;Default;K;0.366;;cm⁻¹;;;;1;30000;µS/cm;28.4;mS/cm;22.2;;;;;;;;;;;;;;;;;;;;;;;;;;;;;;;°C;;;;;1714073884;1713539321;2.32E+11;;Interval;EndOfRecord
RD;pH;4/25/2024;7:37:03 PM;Default;PHC301;SN 240462571090;Edited;Sample ID (28332);3.032;pH;22;°C;241.9;mV;;;;;;;;;;;;;;;OK;4/25/2024;12:22:34 PM;Default;Slope;-57.99;98;mV/pH;14.1;mV;0.9998;3;4;pH;187.6;mV;22.2;7.01;pH;11;mV;22;10.04;pH;-159.2;mV;22.5;;;;;;;;;;;;;;;;;;;;;°C;;;;;1714073823;1714047754;2.32E+11;;Interval;EndOfRecord
RD;CD;4/25/2024;7:37:03 PM;Default;CDC401;SN 231662582599;Edited;Sample ID (28332);41.2;mS/cm;22.1;°C;38.9;mS/cm;;;NaCl/Non-Linear;Reference Temperature = 25 °C;;;;;;;;;;;OK;4/19/2024;3:08:41 PM;Default;K;0.366;;cm⁻¹;;;;1;30000;µS/cm;28.4;mS/cm;22.2;;;;;;;;;;;;;;;;;;;;;;;;;;;;;;;°C;;;;;1714073823;1713539321;2.32E+11;;Interval;EndOfRecord
RD;pH;4/25/2024;7:36:04 PM;Default;PHC301;SN 240462571090;Edited;Sample ID (28331);3.032;pH;22;°C;241.9;mV;;;;;;;;;;;;;;;OK;4/25/2024;12:22:34 PM;Default;Slope;-57.99;98;mV/pH;14.1;mV;0.9998;3;4;pH;187.6;mV;22.2;7.01;pH;11;mV;22;10.04;pH;-159.2;mV;22.5;;;;;;;;;;;;;;;;;;;;;°C;;;;;1714073764;1714047754;2.32E+11;;Interval;EndOfRecord
RD;CD;4/25/2024;7:36:04 PM;Default;CDC401;SN 231662582599;Edited;Sample ID (28331);41.2;mS/cm;22.1;°C;38.8;mS/cm;;;NaCl/Non-Linear;Reference Temperature = 25 °C;;;;;;;;;;;OK;4/19/2024;3:08:41 PM;Default;K;0.366;;cm⁻¹;;;;1;30000;µS/cm;28.4;mS/cm;22.2;;;;;;;;;;;;;;;;;;;;;;;;;;;;;;;°C;;;;;1714073764;1713539321;2.32E+11;;Interval;EndOfRecord
RD;pH;4/25/2024;7:35:03 PM;Default;PHC301;SN 240462571090;Edited;Sample ID (28330);3.034;pH;22;°C;241.9;mV;;;;;;;;;;;;;;;OK;4/25/2024;12:22:34 PM;Default;Slope;-57.99;98;mV/pH;14.1;mV;0.9998;3;4;pH;187.6;mV;22.2;7.01;pH;11;mV;22;10.04;pH;-159.2;mV;22.5;;;;;;;;;;;;;;;;;;;;;°C;;;;;1714073703;1714047754;2.32E+11;;Interval;EndOfRecord
RD;CD;4/25/2024;7:35:03 PM;Default;CDC401;SN 231662582599;Edited;Sample ID (28330);41.2;mS/cm;22.1;°C;38.8;mS/cm;;;NaCl/Non-Linear;Reference Temperature = 25 °C;;;;;;;;;;;OK;4/19/2024;3:08:41 PM;Default;K;0.366;;cm⁻¹;;;;1;30000;µS/cm;28.4;mS/cm;22.2;;;;;;;;;;;;;;;;;;;;;;;;;;;;;;;°C;;;;;1714073703;1713539321;2.32E+11;;Interval;EndOfRecord
RD;pH;4/25/2024;7:34:04 PM;Default;PHC301;SN 240462571090;Edited;Sample ID (28329);3.034;pH;21.9;°C;241.7;mV;;;;;;;;;;;;;;;OK;4/25/2024;12:22:34 PM;Default;Slope;-57.99;98;mV/pH;14.1;mV;0.9998;3;4;pH;187.6;mV;22.2;7.01;pH;11;mV;22;10.04;pH;-159.2;mV;22.5;;;;;;;;;;;;;;;;;;;;;°C;;;;;1714073644;1714047754;2.32E+11;;Interval;EndOfRecord
RD;CD;4/25/2024;7:34:04 PM;Default;CDC401;SN 231662582599;Edited;Sample ID (28329);41.1;mS/cm;22.1;°C;38.8;mS/cm;;;NaCl/Non-Linear;Reference Temperature = 25 °C;;;;;;;;;;;OK;4/19/2024;3:08:41 PM;Default;K;0.366;;cm⁻¹;;;;1;30000;µS/cm;28.4;mS/cm;22.2;;;;;;;;;;;;;;;;;;;;;;;;;;;;;;;°C;;;;;1714073644;1713539321;2.32E+11;;Interval;EndOfRecord
RD;pH;4/25/2024;7:33:03 PM;Default;PHC301;SN 240462571090;Edited;Sample ID (28328);3.034;pH;21.9;°C;241.7;mV;;;;;;;;;;;;;;;OK;4/25/2024;12:22:34 PM;Default;Slope;-57.99;98;mV/pH;14.1;mV;0.9998;3;4;pH;187.6;mV;22.2;7.01;pH;11;mV;22;10.04;pH;-159.2;mV;22.5;;;;;;;;;;;;;;;;;;;;;°C;;;;;1714073583;1714047754;2.32E+11;;Interval;EndOfRecord
RD;CD;4/25/2024;7:33:03 PM;Default;CDC401;SN 231662582599;Edited;Sample ID (28328);41.2;mS/cm;22.1;°C;38.8;mS/cm;;;NaCl/Non-Linear;Reference Temperature = 25 °C;;;;;;;;;;;OK;4/19/2024;3:08:41 PM;Default;K;0.366;;cm⁻¹;;;;1;30000;µS/cm;28.4;mS/cm;22.2;;;;;;;;;;;;;;;;;;;;;;;;;;;;;;;°C;;;;;1714073583;1713539321;2.32E+11;;Interval;EndOfRecord
RD;pH;4/25/2024;7:32:03 PM;Default;PHC301;SN 240462571090;Edited;Sample ID (28327);3.034;pH;21.9;°C;241.7;mV;;;;;;;;;;;;;;;OK;4/25/2024;12:22:34 PM;Default;Slope;-57.99;98;mV/pH;14.1;mV;0.9998;3;4;pH;187.6;mV;22.2;7.01;pH;11;mV;22;10.04;pH;-159.2;mV;22.5;;;;;;;;;;;;;;;;;;;;;°C;;;;;1714073523;1714047754;2.32E+11;;Interval;EndOfRecord
RD;CD;4/25/2024;7:32:03 PM;Default;CDC401;SN 231662582599;Edited;Sample ID (28327);41.2;mS/cm;22.1;°C;38.8;mS/cm;;;NaCl/Non-Linear;Reference Temperature = 25 °C;;;;;;;;;;;OK;4/19/2024;3:08:41 PM;Default;K;0.366;;cm⁻¹;;;;1;30000;µS/cm;28.4;mS/cm;22.2;;;;;;;;;;;;;;;;;;;;;;;;;;;;;;;°C;;;;;1714073523;1713539321;2.32E+11;;Interval;EndOfRecord
RD;pH;4/25/2024;7:31:03 PM;Default;PHC301;SN 240462571090;Edited;Sample ID (28326);3.034;pH;21.9;°C;241.7;mV;;;;;;;;;;;;;;;OK;4/25/2024;12:22:34 PM;Default;Slope;-57.99;98;mV/pH;14.1;mV;0.9998;3;4;pH;187.6;mV;22.2;7.01;pH;11;mV;22;10.04;pH;-159.2;mV;22.5;;;;;;;;;;;;;;;;;;;;;°C;;;;;1714073463;1714047754;2.32E+11;;Interval;EndOfRecord
RD;CD;4/25/2024;7:31:03 PM;Default;CDC401;SN 231662582599;Edited;Sample ID (28326);41.2;mS/cm;22.1;°C;38.8;mS/cm;;;NaCl/Non-Linear;Reference Temperature = 25 °C;;;;;;;;;;;OK;4/19/2024;3:08:41 PM;Default;K;0.366;;cm⁻¹;;;;1;30000;µS/cm;28.4;mS/cm;22.2;;;;;;;;;;;;;;;;;;;;;;;;;;;;;;;°C;;;;;1714073463;1713539321;2.32E+11;;Interval;EndOfRecord
RD;pH;4/25/2024;7:30:05 PM;Default;PHC301;SN 240462571090;Edited;Sample ID (28325);3.034;pH;21.9;°C;241.7;mV;;;;;;;;;;;;;;;OK;4/25/2024;12:22:34 PM;Default;Slope;-57.99;98;mV/pH;14.1;mV;0.9998;3;4;pH;187.6;mV;22.2;7.01;pH;11;mV;22;10.04;pH;-159.2;mV;22.5;;;;;;;;;;;;;;;;;;;;;°C;;;;;1714073405;1714047754;2.32E+11;;Interval;EndOfRecord
RD;CD;4/25/2024;7:30:05 PM;Default;CDC401;SN 231662582599;Edited;Sample ID (28325);41.1;mS/cm;22.1;°C;38.8;mS/cm;;;NaCl/Non-Linear;Reference Temperature = 25 °C;;;;;;;;;;;OK;4/19/2024;3:08:41 PM;Default;K;0.366;;cm⁻¹;;;;1;30000;µS/cm;28.4;mS/cm;22.2;;;;;;;;;;;;;;;;;;;;;;;;;;;;;;;°C;;;;;1714073405;1713539321;2.32E+11;;Interval;EndOfRecord
RD;pH;4/25/2024;7:29:03 PM;Default;PHC301;SN 240462571090;Edited;Sample ID (28324);3.034;pH;21.9;°C;241.7;mV;;;;;;;;;;;;;;;OK;4/25/2024;12:22:34 PM;Default;Slope;-57.99;98;mV/pH;14.1;mV;0.9998;3;4;pH;187.6;mV;22.2;7.01;pH;11;mV;22;10.04;pH;-159.2;mV;22.5;;;;;;;;;;;;;;;;;;;;;°C;;;;;1714073343;1714047754;2.32E+11;;Interval;EndOfRecord
RD;CD;4/25/2024;7:29:03 PM;Default;CDC401;SN 231662582599;Edited;Sample ID (28324);41.2;mS/cm;22;°C;38.8;mS/cm;;;NaCl/Non-Linear;Reference Temperature = 25 °C;;;;;;;;;;;OK;4/19/2024;3:08:41 PM;Default;K;0.366;;cm⁻¹;;;;1;30000;µS/cm;28.4;mS/cm;22.2;;;;;;;;;;;;;;;;;;;;;;;;;;;;;;;°C;;;;;1714073343;1713539321;2.32E+11;;Interval;EndOfRecord
RD;pH;4/25/2024;7:28:04 PM;Default;PHC301;SN 240462571090;Edited;Sample ID (28323);3.034;pH;21.9;°C;241.7;mV;;;;;;;;;;;;;;;OK;4/25/2024;12:22:34 PM;Default;Slope;-57.99;98;mV/pH;14.1;mV;0.9998;3;4;pH;187.6;mV;22.2;7.01;pH;11;mV;22;10.04;pH;-159.2;mV;22.5;;;;;;;;;;;;;;;;;;;;;°C;;;;;1714073284;1714047754;2.32E+11;;Interval;EndOfRecord
RD;CD;4/25/2024;7:28:04 PM;Default;CDC401;SN 231662582599;Edited;Sample ID (28323);41.1;mS/cm;22;°C;38.7;mS/cm;;;NaCl/Non-Linear;Reference Temperature = 25 °C;;;;;;;;;;;OK;4/19/2024;3:08:41 PM;Default;K;0.366;;cm⁻¹;;;;1;30000;µS/cm;28.4;mS/cm;22.2;;;;;;;;;;;;;;;;;;;;;;;;;;;;;;;°C;;;;;1714073284;1713539321;2.32E+11;;Interval;EndOfRecord
RD;pH;4/25/2024;7:27:04 PM;Default;PHC301;SN 240462571090;Edited;Sample ID (28322);3.034;pH;21.9;°C;241.7;mV;;;;;;;;;;;;;;;OK;4/25/2024;12:22:34 PM;Default;Slope;-57.99;98;mV/pH;14.1;mV;0.9998;3;4;pH;187.6;mV;22.2;7.01;pH;11;mV;22;10.04;pH;-159.2;mV;22.5;;;;;;;;;;;;;;;;;;;;;°C;;;;;1714073224;1714047754;2.32E+11;;Interval;EndOfRecord
RD;CD;4/25/2024;7:27:04 PM;Default;CDC401;SN 231662582599;Edited;Sample ID (28322);41.1;mS/cm;22;°C;38.8;mS/cm;;;NaCl/Non-Linear;Reference Temperature = 25 °C;;;;;;;;;;;OK;4/19/2024;3:08:41 PM;Default;K;0.366;;cm⁻¹;;;;1;30000;µS/cm;28.4;mS/cm;22.2;;;;;;;;;;;;;;;;;;;;;;;;;;;;;;;°C;;;;;1714073224;1713539321;2.32E+11;;Interval;EndOfRecord
RD;pH;4/25/2024;7:26:04 PM;Default;PHC301;SN 240462571090;Edited;Sample ID (28321);3.034;pH;21.9;°C;241.7;mV;;;;;;;;;;;;;;;OK;4/25/2024;12:22:34 PM;Default;Slope;-57.99;98;mV/pH;14.1;mV;0.9998;3;4;pH;187.6;mV;22.2;7.01;pH;11;mV;22;10.04;pH;-159.2;mV;22.5;;;;;;;;;;;;;;;;;;;;;°C;;;;;1714073164;1714047754;2.32E+11;;Interval;EndOfRecord
RD;CD;4/25/2024;7:26:04 PM;Default;CDC401;SN 231662582599;Edited;Sample ID (28321);41.2;mS/cm;22;°C;38.8;mS/cm;;;NaCl/Non-Linear;Reference Temperature = 25 °C;;;;;;;;;;;OK;4/19/2024;3:08:41 PM;Default;K;0.366;;cm⁻¹;;;;1;30000;µS/cm;28.4;mS/cm;22.2;;;;;;;;;;;;;;;;;;;;;;;;;;;;;;;°C;;;;;1714073164;1713539321;2.32E+11;;Interval;EndOfRecord
RD;pH;4/25/2024;7:25:04 PM;Default;PHC301;SN 240462571090;Edited;Sample ID (28320);3.035;pH;21.9;°C;241.6;mV;;;;;;;;;;;;;;;OK;4/25/2024;12:22:34 PM;Default;Slope;-57.99;98;mV/pH;14.1;mV;0.9998;3;4;pH;187.6;mV;22.2;7.01;pH;11;mV;22;10.04;pH;-159.2;mV;22.5;;;;;;;;;;;;;;;;;;;;;°C;;;;;1714073104;1714047754;2.32E+11;;Interval;EndOfRecord
RD;CD;4/25/2024;7:25:04 PM;Default;CDC401;SN 231662582599;Edited;Sample ID (28320);41.1;mS/cm;22;°C;38.7;mS/cm;;;NaCl/Non-Linear;Reference Temperature = 25 °C;;;;;;;;;;;OK;4/19/2024;3:08:41 PM;Default;K;0.366;;cm⁻¹;;;;1;30000;µS/cm;28.4;mS/cm;22.2;;;;;;;;;;;;;;;;;;;;;;;;;;;;;;;°C;;;;;1714073104;1713539321;2.32E+11;;Interval;EndOfRecord
RD;pH;4/25/2024;7:24:04 PM;Default;PHC301;SN 240462571090;Edited;Sample ID (28319);3.035;pH;21.8;°C;241.6;mV;;;;;;;;;;;;;;;OK;4/25/2024;12:22:34 PM;Default;Slope;-57.99;98;mV/pH;14.1;mV;0.9998;3;4;pH;187.6;mV;22.2;7.01;pH;11;mV;22;10.04;pH;-159.2;mV;22.5;;;;;;;;;;;;;;;;;;;;;°C;;;;;1714073044;1714047754;2.32E+11;;Interval;EndOfRecord
RD;CD;4/25/2024;7:24:04 PM;Default;CDC401;SN 231662582599;Edited;Sample ID (28319);41.2;mS/cm;22;°C;38.7;mS/cm;;;NaCl/Non-Linear;Reference Temperature = 25 °C;;;;;;;;;;;OK;4/19/2024;3:08:41 PM;Default;K;0.366;;cm⁻¹;;;;1;30000;µS/cm;28.4;mS/cm;22.2;;;;;;;;;;;;;;;;;;;;;;;;;;;;;;;°C;;;;;1714073044;1713539321;2.32E+11;;Interval;EndOfRecord
RD;pH;4/25/2024;7:23:04 PM;Default;PHC301;SN 240462571090;Edited;Sample ID (28318);3.035;pH;21.8;°C;241.6;mV;;;;;;;;;;;;;;;OK;4/25/2024;12:22:34 PM;Default;Slope;-57.99;98;mV/pH;14.1;mV;0.9998;3;4;pH;187.6;mV;22.2;7.01;pH;11;mV;22;10.04;pH;-159.2;mV;22.5;;;;;;;;;;;;;;;;;;;;;°C;;;;;1714072984;1714047754;2.32E+11;;Interval;EndOfRecord
RD;CD;4/25/2024;7:23:04 PM;Default;CDC401;SN 231662582599;Edited;Sample ID (28318);41.1;mS/cm;22;°C;38.7;mS/cm;;;NaCl/Non-Linear;Reference Temperature = 25 °C;;;;;;;;;;;OK;4/19/2024;3:08:41 PM;Default;K;0.366;;cm⁻¹;;;;1;30000;µS/cm;28.4;mS/cm;22.2;;;;;;;;;;;;;;;;;;;;;;;;;;;;;;;°C;;;;;1714072984;1713539321;2.32E+11;;Interval;EndOfRecord
RD;pH;4/25/2024;7:22:03 PM;Default;PHC301;SN 240462571090;Edited;Sample ID (28317);3.035;pH;21.8;°C;241.6;mV;;;;;;;;;;;;;;;OK;4/25/2024;12:22:34 PM;Default;Slope;-57.99;98;mV/pH;14.1;mV;0.9998;3;4;pH;187.6;mV;22.2;7.01;pH;11;mV;22;10.04;pH;-159.2;mV;22.5;;;;;;;;;;;;;;;;;;;;;°C;;;;;1714072923;1714047754;2.32E+11;;Interval;EndOfRecord
RD;CD;4/25/2024;7:22:03 PM;Default;CDC401;SN 231662582599;Edited;Sample ID (28317);41.2;mS/cm;22;°C;38.7;mS/cm;;;NaCl/Non-Linear;Reference Temperature = 25 °C;;;;;;;;;;;OK;4/19/2024;3:08:41 PM;Default;K;0.366;;cm⁻¹;;;;1;30000;µS/cm;28.4;mS/cm;22.2;;;;;;;;;;;;;;;;;;;;;;;;;;;;;;;°C;;;;;1714072923;1713539321;2.32E+11;;Interval;EndOfRecord
RD;pH;4/25/2024;7:21:03 PM;Default;PHC301;SN 240462571090;Edited;Sample ID (28316);3.035;pH;21.8;°C;241.6;mV;;;;;;;;;;;;;;;OK;4/25/2024;12:22:34 PM;Default;Slope;-57.99;98;mV/pH;14.1;mV;0.9998;3;4;pH;187.6;mV;22.2;7.01;pH;11;mV;22;10.04;pH;-159.2;mV;22.5;;;;;;;;;;;;;;;;;;;;;°C;;;;;1714072863;1714047754;2.32E+11;;Interval;EndOfRecord
RD;CD;4/25/2024;7:21:03 PM;Default;CDC401;SN 231662582599;Edited;Sample ID (28316);41.2;mS/cm;22;°C;38.7;mS/cm;;;NaCl/Non-Linear;Reference Temperature = 25 °C;;;;;;;;;;;OK;4/19/2024;3:08:41 PM;Default;K;0.366;;cm⁻¹;;;;1;30000;µS/cm;28.4;mS/cm;22.2;;;;;;;;;;;;;;;;;;;;;;;;;;;;;;;°C;;;;;1714072863;1713539321;2.32E+11;;Interval;EndOfRecord
RD;pH;4/25/2024;7:20:05 PM;Default;PHC301;SN 240462571090;Edited;Sample ID (28315);3.035;pH;21.8;°C;241.6;mV;;;;;;;;;;;;;;;OK;4/25/2024;12:22:34 PM;Default;Slope;-57.99;98;mV/pH;14.1;mV;0.9998;3;4;pH;187.6;mV;22.2;7.01;pH;11;mV;22;10.04;pH;-159.2;mV;22.5;;;;;;;;;;;;;;;;;;;;;°C;;;;;1714072805;1714047754;2.32E+11;;Interval;EndOfRecord
RD;CD;4/25/2024;7:20:05 PM;Default;CDC401;SN 231662582599;Edited;Sample ID (28315);41.1;mS/cm;21.9;°C;38.7;mS/cm;;;NaCl/Non-Linear;Reference Temperature = 25 °C;;;;;;;;;;;OK;4/19/2024;3:08:41 PM;Default;K;0.366;;cm⁻¹;;;;1;30000;µS/cm;28.4;mS/cm;22.2;;;;;;;;;;;;;;;;;;;;;;;;;;;;;;;°C;;;;;1714072805;1713539321;2.32E+11;;Interval;EndOfRecord
RD;pH;4/25/2024;7:19:04 PM;Default;PHC301;SN 240462571090;Edited;Sample ID (28314);3.035;pH;21.8;°C;241.6;mV;;;;;;;;;;;;;;;OK;4/25/2024;12:22:34 PM;Default;Slope;-57.99;98;mV/pH;14.1;mV;0.9998;3;4;pH;187.6;mV;22.2;7.01;pH;11;mV;22;10.04;pH;-159.2;mV;22.5;;;;;;;;;;;;;;;;;;;;;°C;;;;;1714072744;1714047754;2.32E+11;;Interval;EndOfRecord
RD;CD;4/25/2024;7:19:04 PM;Default;CDC401;SN 231662582599;Edited;Sample ID (28314);41.2;mS/cm;21.9;°C;38.7;mS/cm;;;NaCl/Non-Linear;Reference Temperature = 25 °C;;;;;;;;;;;OK;4/19/2024;3:08:41 PM;Default;K;0.366;;cm⁻¹;;;;1;30000;µS/cm;28.4;mS/cm;22.2;;;;;;;;;;;;;;;;;;;;;;;;;;;;;;;°C;;;;;1714072744;1713539321;2.32E+11;;Interval;EndOfRecord
RD;pH;4/25/2024;7:18:03 PM;Default;PHC301;SN 240462571090;Edited;Sample ID (28313);3.032;pH;21.8;°C;241.7;mV;;;;;;;;;;;;;;;OK;4/25/2024;12:22:34 PM;Default;Slope;-57.99;98;mV/pH;14.1;mV;0.9998;3;4;pH;187.6;mV;22.2;7.01;pH;11;mV;22;10.04;pH;-159.2;mV;22.5;;;;;;;;;;;;;;;;;;;;;°C;;;;;1714072683;1714047754;2.32E+11;;Interval;EndOfRecord
RD;CD;4/25/2024;7:18:03 PM;Default;CDC401;SN 231662582599;Edited;Sample ID (28313);41.2;mS/cm;21.9;°C;38.7;mS/cm;;;NaCl/Non-Linear;Reference Temperature = 25 °C;;;;;;;;;;;OK;4/19/2024;3:08:41 PM;Default;K;0.366;;cm⁻¹;;;;1;30000;µS/cm;28.4;mS/cm;22.2;;;;;;;;;;;;;;;;;;;;;;;;;;;;;;;°C;;;;;1714072683;1713539321;2.32E+11;;Interval;EndOfRecord
RD;pH;4/25/2024;7:17:03 PM;Default;PHC301;SN 240462571090;Edited;Sample ID (28312);3.032;pH;21.8;°C;241.7;mV;;;;;;;;;;;;;;;OK;4/25/2024;12:22:34 PM;Default;Slope;-57.99;98;mV/pH;14.1;mV;0.9998;3;4;pH;187.6;mV;22.2;7.01;pH;11;mV;22;10.04;pH;-159.2;mV;22.5;;;;;;;;;;;;;;;;;;;;;°C;;;;;1714072623;1714047754;2.32E+11;;Interval;EndOfRecord
RD;CD;4/25/2024;7:17:03 PM;Default;CDC401;SN 231662582599;Edited;Sample ID (28312);41.2;mS/cm;21.9;°C;38.7;mS/cm;;;NaCl/Non-Linear;Reference Temperature = 25 °C;;;;;;;;;;;OK;4/19/2024;3:08:41 PM;Default;K;0.366;;cm⁻¹;;;;1;30000;µS/cm;28.4;mS/cm;22.2;;;;;;;;;;;;;;;;;;;;;;;;;;;;;;;°C;;;;;1714072623;1713539321;2.32E+11;;Interval;EndOfRecord
RD;pH;4/25/2024;7:16:04 PM;Default;PHC301;SN 240462571090;Edited;Sample ID (28311);3.032;pH;21.8;°C;241.7;mV;;;;;;;;;;;;;;;OK;4/25/2024;12:22:34 PM;Default;Slope;-57.99;98;mV/pH;14.1;mV;0.9998;3;4;pH;187.6;mV;22.2;7.01;pH;11;mV;22;10.04;pH;-159.2;mV;22.5;;;;;;;;;;;;;;;;;;;;;°C;;;;;1714072564;1714047754;2.32E+11;;Interval;EndOfRecord
RD;CD;4/25/2024;7:16:04 PM;Default;CDC401;SN 231662582599;Edited;Sample ID (28311);41.1;mS/cm;21.9;°C;38.6;mS/cm;;;NaCl/Non-Linear;Reference Temperature = 25 °C;;;;;;;;;;;OK;4/19/2024;3:08:41 PM;Default;K;0.366;;cm⁻¹;;;;1;30000;µS/cm;28.4;mS/cm;22.2;;;;;;;;;;;;;;;;;;;;;;;;;;;;;;;°C;;;;;1714072564;1713539321;2.32E+11;;Interval;EndOfRecord
RD;pH;4/25/2024;7:15:05 PM;Default;PHC301;SN 240462571090;Edited;Sample ID (28310);3.032;pH;21.7;°C;241.7;mV;;;;;;;;;;;;;;;OK;4/25/2024;12:22:34 PM;Default;Slope;-57.99;98;mV/pH;14.1;mV;0.9998;3;4;pH;187.6;mV;22.2;7.01;pH;11;mV;22;10.04;pH;-159.2;mV;22.5;;;;;;;;;;;;;;;;;;;;;°C;;;;;1714072505;1714047754;2.32E+11;;Interval;EndOfRecord
RD;CD;4/25/2024;7:15:05 PM;Default;CDC401;SN 231662582599;Edited;Sample ID (28310);41.1;mS/cm;21.9;°C;38.6;mS/cm;;;NaCl/Non-Linear;Reference Temperature = 25 °C;;;;;;;;;;;OK;4/19/2024;3:08:41 PM;Default;K;0.366;;cm⁻¹;;;;1;30000;µS/cm;28.4;mS/cm;22.2;;;;;;;;;;;;;;;;;;;;;;;;;;;;;;;°C;;;;;1714072505;1713539321;2.32E+11;;Interval;EndOfRecord
RD;pH;4/25/2024;7:14:03 PM;Default;PHC301;SN 240462571090;Edited;Sample ID (28309);3.032;pH;21.7;°C;241.7;mV;;;;;;;;;;;;;;;OK;4/25/2024;12:22:34 PM;Default;Slope;-57.99;98;mV/pH;14.1;mV;0.9998;3;4;pH;187.6;mV;22.2;7.01;pH;11;mV;22;10.04;pH;-159.2;mV;22.5;;;;;;;;;;;;;;;;;;;;;°C;;;;;1714072443;1714047754;2.32E+11;;Interval;EndOfRecord
RD;CD;4/25/2024;7:14:03 PM;Default;CDC401;SN 231662582599;Edited;Sample ID (28309);41.2;mS/cm;21.9;°C;38.7;mS/cm;;;NaCl/Non-Linear;Reference Temperature = 25 °C;;;;;;;;;;;OK;4/19/2024;3:08:41 PM;Default;K;0.366;;cm⁻¹;;;;1;30000;µS/cm;28.4;mS/cm;22.2;;;;;;;;;;;;;;;;;;;;;;;;;;;;;;;°C;;;;;1714072443;1713539321;2.32E+11;;Interval;EndOfRecord
RD;pH;4/25/2024;7:13:03 PM;Default;PHC301;SN 240462571090;Edited;Sample ID (28308);3.032;pH;21.7;°C;241.7;mV;;;;;;;;;;;;;;;OK;4/25/2024;12:22:34 PM;Default;Slope;-57.99;98;mV/pH;14.1;mV;0.9998;3;4;pH;187.6;mV;22.2;7.01;pH;11;mV;22;10.04;pH;-159.2;mV;22.5;;;;;;;;;;;;;;;;;;;;;°C;;;;;1714072383;1714047754;2.32E+11;;Interval;EndOfRecord
RD;CD;4/25/2024;7:13:03 PM;Default;CDC401;SN 231662582599;Edited;Sample ID (28308);41.2;mS/cm;21.9;°C;38.7;mS/cm;;;NaCl/Non-Linear;Reference Temperature = 25 °C;;;;;;;;;;;OK;4/19/2024;3:08:41 PM;Default;K;0.366;;cm⁻¹;;;;1;30000;µS/cm;28.4;mS/cm;22.2;;;;;;;;;;;;;;;;;;;;;;;;;;;;;;;°C;;;;;1714072383;1713539321;2.32E+11;;Interval;EndOfRecord
RD;pH;4/25/2024;7:12:04 PM;Default;PHC301;SN 240462571090;Edited;Sample ID (28307);3.032;pH;21.7;°C;241.7;mV;;;;;;;;;;;;;;;OK;4/25/2024;12:22:34 PM;Default;Slope;-57.99;98;mV/pH;14.1;mV;0.9998;3;4;pH;187.6;mV;22.2;7.01;pH;11;mV;22;10.04;pH;-159.2;mV;22.5;;;;;;;;;;;;;;;;;;;;;°C;;;;;1714072324;1714047754;2.32E+11;;Interval;EndOfRecord
RD;CD;4/25/2024;7:12:04 PM;Default;CDC401;SN 231662582599;Edited;Sample ID (28307);41.1;mS/cm;21.8;°C;38.6;mS/cm;;;NaCl/Non-Linear;Reference Temperature = 25 °C;;;;;;;;;;;OK;4/19/2024;3:08:41 PM;Default;K;0.366;;cm⁻¹;;;;1;30000;µS/cm;28.4;mS/cm;22.2;;;;;;;;;;;;;;;;;;;;;;;;;;;;;;;°C;;;;;1714072324;1713539321;2.32E+11;;Interval;EndOfRecord
RD;pH;4/25/2024;7:11:04 PM;Default;PHC301;SN 240462571090;Edited;Sample ID (28306);3.031;pH;21.7;°C;241.7;mV;;;;;;;;;;;;;;;OK;4/25/2024;12:22:34 PM;Default;Slope;-57.99;98;mV/pH;14.1;mV;0.9998;3;4;pH;187.6;mV;22.2;7.01;pH;11;mV;22;10.04;pH;-159.2;mV;22.5;;;;;;;;;;;;;;;;;;;;;°C;;;;;1714072264;1714047754;2.32E+11;;Interval;EndOfRecord
RD;CD;4/25/2024;7:11:04 PM;Default;CDC401;SN 231662582599;Edited;Sample ID (28306);41.1;mS/cm;21.8;°C;38.6;mS/cm;;;NaCl/Non-Linear;Reference Temperature = 25 °C;;;;;;;;;;;OK;4/19/2024;3:08:41 PM;Default;K;0.366;;cm⁻¹;;;;1;30000;µS/cm;28.4;mS/cm;22.2;;;;;;;;;;;;;;;;;;;;;;;;;;;;;;;°C;;;;;1714072264;1713539321;2.32E+11;;Interval;EndOfRecord
RD;pH;4/25/2024;7:10:04 PM;Default;PHC301;SN 240462571090;Edited;Sample ID (28305);3.031;pH;21.7;°C;241.7;mV;;;;;;;;;;;;;;;OK;4/25/2024;12:22:34 PM;Default;Slope;-57.99;98;mV/pH;14.1;mV;0.9998;3;4;pH;187.6;mV;22.2;7.01;pH;11;mV;22;10.04;pH;-159.2;mV;22.5;;;;;;;;;;;;;;;;;;;;;°C;;;;;1714072204;1714047754;2.32E+11;;Interval;EndOfRecord
RD;CD;4/25/2024;7:10:04 PM;Default;CDC401;SN 231662582599;Edited;Sample ID (28305);41.1;mS/cm;21.8;°C;38.6;mS/cm;;;NaCl/Non-Linear;Reference Temperature = 25 °C;;;;;;;;;;;OK;4/19/2024;3:08:41 PM;Default;K;0.366;;cm⁻¹;;;;1;30000;µS/cm;28.4;mS/cm;22.2;;;;;;;;;;;;;;;;;;;;;;;;;;;;;;;°C;;;;;1714072204;1713539321;2.32E+11;;Interval;EndOfRecord
RD;pH;4/25/2024;7:09:05 PM;Default;PHC301;SN 240462571090;Edited;Sample ID (28304);3.031;pH;21.7;°C;241.7;mV;;;;;;;;;;;;;;;OK;4/25/2024;12:22:34 PM;Default;Slope;-57.99;98;mV/pH;14.1;mV;0.9998;3;4;pH;187.6;mV;22.2;7.01;pH;11;mV;22;10.04;pH;-159.2;mV;22.5;;;;;;;;;;;;;;;;;;;;;°C;;;;;1714072145;1714047754;2.32E+11;;Interval;EndOfRecord
RD;CD;4/25/2024;7:09:05 PM;Default;CDC401;SN 231662582599;Edited;Sample ID (28304);41.1;mS/cm;21.8;°C;38.6;mS/cm;;;NaCl/Non-Linear;Reference Temperature = 25 °C;;;;;;;;;;;OK;4/19/2024;3:08:41 PM;Default;K;0.366;;cm⁻¹;;;;1;30000;µS/cm;28.4;mS/cm;22.2;;;;;;;;;;;;;;;;;;;;;;;;;;;;;;;°C;;;;;1714072145;1713539321;2.32E+11;;Interval;EndOfRecord
RD;pH;4/25/2024;7:08:03 PM;Default;PHC301;SN 240462571090;Edited;Sample ID (28303);3.031;pH;21.6;°C;241.6;mV;;;;;;;;;;;;;;;OK;4/25/2024;12:22:34 PM;Default;Slope;-57.99;98;mV/pH;14.1;mV;0.9998;3;4;pH;187.6;mV;22.2;7.01;pH;11;mV;22;10.04;pH;-159.2;mV;22.5;;;;;;;;;;;;;;;;;;;;;°C;;;;;1714072083;1714047754;2.32E+11;;Interval;EndOfRecord
RD;CD;4/25/2024;7:08:03 PM;Default;CDC401;SN 231662582599;Edited;Sample ID (28303);41.2;mS/cm;21.8;°C;38.6;mS/cm;;;NaCl/Non-Linear;Reference Temperature = 25 °C;;;;;;;;;;;OK;4/19/2024;3:08:41 PM;Default;K;0.366;;cm⁻¹;;;;1;30000;µS/cm;28.4;mS/cm;22.2;;;;;;;;;;;;;;;;;;;;;;;;;;;;;;;°C;;;;;1714072083;1713539321;2.32E+11;;Interval;EndOfRecord
RD;pH;4/25/2024;7:07:05 PM;Default;PHC301;SN 240462571090;Edited;Sample ID (28302);3.031;pH;21.6;°C;241.6;mV;;;;;;;;;;;;;;;OK;4/25/2024;12:22:34 PM;Default;Slope;-57.99;98;mV/pH;14.1;mV;0.9998;3;4;pH;187.6;mV;22.2;7.01;pH;11;mV;22;10.04;pH;-159.2;mV;22.5;;;;;;;;;;;;;;;;;;;;;°C;;;;;1714072025;1714047754;2.32E+11;;Interval;EndOfRecord
RD;CD;4/25/2024;7:07:05 PM;Default;CDC401;SN 231662582599;Edited;Sample ID (28302);41.2;mS/cm;21.8;°C;38.6;mS/cm;;;NaCl/Non-Linear;Reference Temperature = 25 °C;;;;;;;;;;;OK;4/19/2024;3:08:41 PM;Default;K;0.366;;cm⁻¹;;;;1;30000;µS/cm;28.4;mS/cm;22.2;;;;;;;;;;;;;;;;;;;;;;;;;;;;;;;°C;;;;;1714072025;1713539321;2.32E+11;;Interval;EndOfRecord
RD;pH;4/25/2024;7:06:04 PM;Default;PHC301;SN 240462571090;Edited;Sample ID (28301);3.031;pH;21.6;°C;241.6;mV;;;;;;;;;;;;;;;OK;4/25/2024;12:22:34 PM;Default;Slope;-57.99;98;mV/pH;14.1;mV;0.9998;3;4;pH;187.6;mV;22.2;7.01;pH;11;mV;22;10.04;pH;-159.2;mV;22.5;;;;;;;;;;;;;;;;;;;;;°C;;;;;1714071964;1714047754;2.32E+11;;Interval;EndOfRecord
RD;CD;4/25/2024;7:06:04 PM;Default;CDC401;SN 231662582599;Edited;Sample ID (28301);41.1;mS/cm;21.8;°C;38.5;mS/cm;;;NaCl/Non-Linear;Reference Temperature = 25 °C;;;;;;;;;;;OK;4/19/2024;3:08:41 PM;Default;K;0.366;;cm⁻¹;;;;1;30000;µS/cm;28.4;mS/cm;22.2;;;;;;;;;;;;;;;;;;;;;;;;;;;;;;;°C;;;;;1714071964;1713539321;2.32E+11;;Interval;EndOfRecord
RD;pH;4/25/2024;7:05:03 PM;Default;PHC301;SN 240462571090;Edited;Sample ID (28300);3.031;pH;21.6;°C;241.6;mV;;;;;;;;;;;;;;;OK;4/25/2024;12:22:34 PM;Default;Slope;-57.99;98;mV/pH;14.1;mV;0.9998;3;4;pH;187.6;mV;22.2;7.01;pH;11;mV;22;10.04;pH;-159.2;mV;22.5;;;;;;;;;;;;;;;;;;;;;°C;;;;;1714071903;1714047754;2.32E+11;;Interval;EndOfRecord
RD;CD;4/25/2024;7:05:03 PM;Default;CDC401;SN 231662582599;Edited;Sample ID (28300);41.2;mS/cm;21.7;°C;38.6;mS/cm;;;NaCl/Non-Linear;Reference Temperature = 25 °C;;;;;;;;;;;OK;4/19/2024;3:08:41 PM;Default;K;0.366;;cm⁻¹;;;;1;30000;µS/cm;28.4;mS/cm;22.2;;;;;;;;;;;;;;;;;;;;;;;;;;;;;;;°C;;;;;1714071903;1713539321;2.32E+11;;Interval;EndOfRecord
RD;pH;4/25/2024;7:04:06 PM;Default;PHC301;SN 240462571090;Edited;Sample ID (28299);3.032;pH;21.6;°C;241.6;mV;;;;;;;;;;;;;;;OK;4/25/2024;12:22:34 PM;Default;Slope;-57.99;98;mV/pH;14.1;mV;0.9998;3;4;pH;187.6;mV;22.2;7.01;pH;11;mV;22;10.04;pH;-159.2;mV;22.5;;;;;;;;;;;;;;;;;;;;;°C;;;;;1714071846;1714047754;2.32E+11;;Interval;EndOfRecord
RD;CD;4/25/2024;7:04:06 PM;Default;CDC401;SN 231662582599;Edited;Sample ID (28299);41.1;mS/cm;21.7;°C;38.5;mS/cm;;;NaCl/Non-Linear;Reference Temperature = 25 °C;;;;;;;;;;;OK;4/19/2024;3:08:41 PM;Default;K;0.366;;cm⁻¹;;;;1;30000;µS/cm;28.4;mS/cm;22.2;;;;;;;;;;;;;;;;;;;;;;;;;;;;;;;°C;;;;;1714071846;1713539321;2.32E+11;;Interval;EndOfRecord
RD;pH;4/25/2024;7:03:04 PM;Default;PHC301;SN 240462571090;Edited;Sample ID (28298);3.032;pH;21.6;°C;241.6;mV;;;;;;;;;;;;;;;OK;4/25/2024;12:22:34 PM;Default;Slope;-57.99;98;mV/pH;14.1;mV;0.9998;3;4;pH;187.6;mV;22.2;7.01;pH;11;mV;22;10.04;pH;-159.2;mV;22.5;;;;;;;;;;;;;;;;;;;;;°C;;;;;1714071784;1714047754;2.32E+11;;Interval;EndOfRecord
RD;CD;4/25/2024;7:03:04 PM;Default;CDC401;SN 231662582599;Edited;Sample ID (28298);41.1;mS/cm;21.7;°C;38.5;mS/cm;;;NaCl/Non-Linear;Reference Temperature = 25 °C;;;;;;;;;;;OK;4/19/2024;3:08:41 PM;Default;K;0.366;;cm⁻¹;;;;1;30000;µS/cm;28.4;mS/cm;22.2;;;;;;;;;;;;;;;;;;;;;;;;;;;;;;;°C;;;;;1714071784;1713539321;2.32E+11;;Interval;EndOfRecord
RD;pH;4/25/2024;7:02:03 PM;Default;PHC301;SN 240462571090;Edited;Sample ID (28297);3.032;pH;21.6;°C;241.6;mV;;;;;;;;;;;;;;;OK;4/25/2024;12:22:34 PM;Default;Slope;-57.99;98;mV/pH;14.1;mV;0.9998;3;4;pH;187.6;mV;22.2;7.01;pH;11;mV;22;10.04;pH;-159.2;mV;22.5;;;;;;;;;;;;;;;;;;;;;°C;;;;;1714071723;1714047754;2.32E+11;;Interval;EndOfRecord
RD;CD;4/25/2024;7:02:03 PM;Default;CDC401;SN 231662582599;Edited;Sample ID (28297);41.2;mS/cm;21.7;°C;38.5;mS/cm;;;NaCl/Non-Linear;Reference Temperature = 25 °C;;;;;;;;;;;OK;4/19/2024;3:08:41 PM;Default;K;0.366;;cm⁻¹;;;;1;30000;µS/cm;28.4;mS/cm;22.2;;;;;;;;;;;;;;;;;;;;;;;;;;;;;;;°C;;;;;1714071723;1713539321;2.32E+11;;Interval;EndOfRecord
RD;pH;4/25/2024;7:01:03 PM;Default;PHC301;SN 240462571090;Edited;Sample ID (28296);3.031;pH;21.5;°C;241.6;mV;;;;;;;;;;;;;;;OK;4/25/2024;12:22:34 PM;Default;Slope;-57.99;98;mV/pH;14.1;mV;0.9998;3;4;pH;187.6;mV;22.2;7.01;pH;11;mV;22;10.04;pH;-159.2;mV;22.5;;;;;;;;;;;;;;;;;;;;;°C;;;;;1714071663;1714047754;2.32E+11;;Interval;EndOfRecord
RD;CD;4/25/2024;7:01:03 PM;Default;CDC401;SN 231662582599;Edited;Sample ID (28296);41.2;mS/cm;21.7;°C;38.5;mS/cm;;;NaCl/Non-Linear;Reference Temperature = 25 °C;;;;;;;;;;;OK;4/19/2024;3:08:41 PM;Default;K;0.366;;cm⁻¹;;;;1;30000;µS/cm;28.4;mS/cm;22.2;;;;;;;;;;;;;;;;;;;;;;;;;;;;;;;°C;;;;;1714071663;1713539321;2.32E+11;;Interval;EndOfRecord
RD;pH;4/25/2024;7:00:04 PM;Default;PHC301;SN 240462571090;Edited;Sample ID (28295);3.031;pH;21.5;°C;241.6;mV;;;;;;;;;;;;;;;OK;4/25/2024;12:22:34 PM;Default;Slope;-57.99;98;mV/pH;14.1;mV;0.9998;3;4;pH;187.6;mV;22.2;7.01;pH;11;mV;22;10.04;pH;-159.2;mV;22.5;;;;;;;;;;;;;;;;;;;;;°C;;;;;1714071604;1714047754;2.32E+11;;Interval;EndOfRecord
RD;CD;4/25/2024;7:00:04 PM;Default;CDC401;SN 231662582599;Edited;Sample ID (28295);41.1;mS/cm;21.7;°C;38.4;mS/cm;;;NaCl/Non-Linear;Reference Temperature = 25 °C;;;;;;;;;;;OK;4/19/2024;3:08:41 PM;Default;K;0.366;;cm⁻¹;;;;1;30000;µS/cm;28.4;mS/cm;22.2;;;;;;;;;;;;;;;;;;;;;;;;;;;;;;;°C;;;;;1714071604;1713539321;2.32E+11;;Interval;EndOfRecord
RD;pH;4/25/2024;6:59:03 PM;Default;PHC301;SN 240462571090;Edited;Sample ID (28294);3.031;pH;21.5;°C;241.6;mV;;;;;;;;;;;;;;;OK;4/25/2024;12:22:34 PM;Default;Slope;-57.99;98;mV/pH;14.1;mV;0.9998;3;4;pH;187.6;mV;22.2;7.01;pH;11;mV;22;10.04;pH;-159.2;mV;22.5;;;;;;;;;;;;;;;;;;;;;°C;;;;;1714071543;1714047754;2.32E+11;;Interval;EndOfRecord
RD;CD;4/25/2024;6:59:03 PM;Default;CDC401;SN 231662582599;Edited;Sample ID (28294);41.2;mS/cm;21.6;°C;38.5;mS/cm;;;NaCl/Non-Linear;Reference Temperature = 25 °C;;;;;;;;;;;OK;4/19/2024;3:08:41 PM;Default;K;0.366;;cm⁻¹;;;;1;30000;µS/cm;28.4;mS/cm;22.2;;;;;;;;;;;;;;;;;;;;;;;;;;;;;;;°C;;;;;1714071543;1713539321;2.32E+11;;Interval;EndOfRecord
RD;pH;4/25/2024;6:58:04 PM;Default;PHC301;SN 240462571090;Edited;Sample ID (28293);3.031;pH;21.5;°C;241.6;mV;;;;;;;;;;;;;;;OK;4/25/2024;12:22:34 PM;Default;Slope;-57.99;98;mV/pH;14.1;mV;0.9998;3;4;pH;187.6;mV;22.2;7.01;pH;11;mV;22;10.04;pH;-159.2;mV;22.5;;;;;;;;;;;;;;;;;;;;;°C;;;;;1714071484;1714047754;2.32E+11;;Interval;EndOfRecord
RD;CD;4/25/2024;6:58:04 PM;Default;CDC401;SN 231662582599;Edited;Sample ID (28293);41.1;mS/cm;21.6;°C;38.4;mS/cm;;;NaCl/Non-Linear;Reference Temperature = 25 °C;;;;;;;;;;;OK;4/19/2024;3:08:41 PM;Default;K;0.366;;cm⁻¹;;;;1;30000;µS/cm;28.4;mS/cm;22.2;;;;;;;;;;;;;;;;;;;;;;;;;;;;;;;°C;;;;;1714071484;1713539321;2.32E+11;;Interval;EndOfRecord
RD;pH;4/25/2024;6:57:04 PM;Default;PHC301;SN 240462571090;Edited;Sample ID (28292);3.028;pH;21.5;°C;241.8;mV;;;;;;;;;;;;;;;OK;4/25/2024;12:22:34 PM;Default;Slope;-57.99;98;mV/pH;14.1;mV;0.9998;3;4;pH;187.6;mV;22.2;7.01;pH;11;mV;22;10.04;pH;-159.2;mV;22.5;;;;;;;;;;;;;;;;;;;;;°C;;;;;1714071424;1714047754;2.32E+11;;Interval;EndOfRecord
RD;CD;4/25/2024;6:57:04 PM;Default;CDC401;SN 231662582599;Edited;Sample ID (28292);41.1;mS/cm;21.6;°C;38.4;mS/cm;;;NaCl/Non-Linear;Reference Temperature = 25 °C;;;;;;;;;;;OK;4/19/2024;3:08:41 PM;Default;K;0.366;;cm⁻¹;;;;1;30000;µS/cm;28.4;mS/cm;22.2;;;;;;;;;;;;;;;;;;;;;;;;;;;;;;;°C;;;;;1714071424;1713539321;2.32E+11;;Interval;EndOfRecord
RD;pH;4/25/2024;6:56:04 PM;Default;PHC301;SN 240462571090;Edited;Sample ID (28291);3.028;pH;21.5;°C;241.8;mV;;;;;;;;;;;;;;;OK;4/25/2024;12:22:34 PM;Default;Slope;-57.99;98;mV/pH;14.1;mV;0.9998;3;4;pH;187.6;mV;22.2;7.01;pH;11;mV;22;10.04;pH;-159.2;mV;22.5;;;;;;;;;;;;;;;;;;;;;°C;;;;;1714071364;1714047754;2.32E+11;;Interval;EndOfRecord
RD;CD;4/25/2024;6:56:04 PM;Default;CDC401;SN 231662582599;Edited;Sample ID (28291);41.2;mS/cm;21.6;°C;38.4;mS/cm;;;NaCl/Non-Linear;Reference Temperature = 25 °C;;;;;;;;;;;OK;4/19/2024;3:08:41 PM;Default;K;0.366;;cm⁻¹;;;;1;30000;µS/cm;28.4;mS/cm;22.2;;;;;;;;;;;;;;;;;;;;;;;;;;;;;;;°C;;;;;1714071364;1713539321;2.32E+11;;Interval;EndOfRecord
RD;pH;4/25/2024;6:55:03 PM;Default;PHC301;SN 240462571090;Edited;Sample ID (28290);3.028;pH;21.4;°C;241.8;mV;;;;;;;;;;;;;;;OK;4/25/2024;12:22:34 PM;Default;Slope;-57.99;98;mV/pH;14.1;mV;0.9998;3;4;pH;187.6;mV;22.2;7.01;pH;11;mV;22;10.04;pH;-159.2;mV;22.5;;;;;;;;;;;;;;;;;;;;;°C;;;;;1714071303;1714047754;2.32E+11;;Interval;EndOfRecord
RD;CD;4/25/2024;6:55:03 PM;Default;CDC401;SN 231662582599;Edited;Sample ID (28290);41.2;mS/cm;21.6;°C;38.4;mS/cm;;;NaCl/Non-Linear;Reference Temperature = 25 °C;;;;;;;;;;;OK;4/19/2024;3:08:41 PM;Default;K;0.366;;cm⁻¹;;;;1;30000;µS/cm;28.4;mS/cm;22.2;;;;;;;;;;;;;;;;;;;;;;;;;;;;;;;°C;;;;;1714071303;1713539321;2.32E+11;;Interval;EndOfRecord
RD;pH;4/25/2024;6:54:03 PM;Default;PHC301;SN 240462571090;Edited;Sample ID (28289);3.027;pH;21.4;°C;241.8;mV;;;;;;;;;;;;;;;OK;4/25/2024;12:22:34 PM;Default;Slope;-57.99;98;mV/pH;14.1;mV;0.9998;3;4;pH;187.6;mV;22.2;7.01;pH;11;mV;22;10.04;pH;-159.2;mV;22.5;;;;;;;;;;;;;;;;;;;;;°C;;;;;1714071243;1714047754;2.32E+11;;Interval;EndOfRecord
RD;CD;4/25/2024;6:54:03 PM;Default;CDC401;SN 231662582599;Edited;Sample ID (28289);41.2;mS/cm;21.6;°C;38.4;mS/cm;;;NaCl/Non-Linear;Reference Temperature = 25 °C;;;;;;;;;;;OK;4/19/2024;3:08:41 PM;Default;K;0.366;;cm⁻¹;;;;1;30000;µS/cm;28.4;mS/cm;22.2;;;;;;;;;;;;;;;;;;;;;;;;;;;;;;;°C;;;;;1714071243;1713539321;2.32E+11;;Interval;EndOfRecord
RD;pH;4/25/2024;6:53:05 PM;Default;PHC301;SN 240462571090;Edited;Sample ID (28288);3.027;pH;21.4;°C;241.8;mV;;;;;;;;;;;;;;;OK;4/25/2024;12:22:34 PM;Default;Slope;-57.99;98;mV/pH;14.1;mV;0.9998;3;4;pH;187.6;mV;22.2;7.01;pH;11;mV;22;10.04;pH;-159.2;mV;22.5;;;;;;;;;;;;;;;;;;;;;°C;;;;;1714071185;1714047754;2.32E+11;;Interval;EndOfRecord
RD;CD;4/25/2024;6:53:05 PM;Default;CDC401;SN 231662582599;Edited;Sample ID (28288);41.2;mS/cm;21.6;°C;38.4;mS/cm;;;NaCl/Non-Linear;Reference Temperature = 25 °C;;;;;;;;;;;OK;4/19/2024;3:08:41 PM;Default;K;0.366;;cm⁻¹;;;;1;30000;µS/cm;28.4;mS/cm;22.2;;;;;;;;;;;;;;;;;;;;;;;;;;;;;;;°C;;;;;1714071185;1713539321;2.32E+11;;Interval;EndOfRecord
RD;pH;4/25/2024;6:52:04 PM;Default;PHC301;SN 240462571090;Edited;Sample ID (28287);3.026;pH;21.4;°C;241.9;mV;;;;;;;;;;;;;;;OK;4/25/2024;12:22:34 PM;Default;Slope;-57.99;98;mV/pH;14.1;mV;0.9998;3;4;pH;187.6;mV;22.2;7.01;pH;11;mV;22;10.04;pH;-159.2;mV;22.5;;;;;;;;;;;;;;;;;;;;;°C;;;;;1714071124;1714047754;2.32E+11;;Interval;EndOfRecord
RD;CD;4/25/2024;6:52:04 PM;Default;CDC401;SN 231662582599;Edited;Sample ID (28287);41.2;mS/cm;21.5;°C;38.4;mS/cm;;;NaCl/Non-Linear;Reference Temperature = 25 °C;;;;;;;;;;;OK;4/19/2024;3:08:41 PM;Default;K;0.366;;cm⁻¹;;;;1;30000;µS/cm;28.4;mS/cm;22.2;;;;;;;;;;;;;;;;;;;;;;;;;;;;;;;°C;;;;;1714071124;1713539321;2.32E+11;;Interval;EndOfRecord
RD;pH;4/25/2024;6:51:03 PM;Default;PHC301;SN 240462571090;Edited;Sample ID (28286);3.026;pH;21.4;°C;241.9;mV;;;;;;;;;;;;;;;OK;4/25/2024;12:22:34 PM;Default;Slope;-57.99;98;mV/pH;14.1;mV;0.9998;3;4;pH;187.6;mV;22.2;7.01;pH;11;mV;22;10.04;pH;-159.2;mV;22.5;;;;;;;;;;;;;;;;;;;;;°C;;;;;1714071063;1714047754;2.32E+11;;Interval;EndOfRecord
RD;CD;4/25/2024;6:51:03 PM;Default;CDC401;SN 231662582599;Edited;Sample ID (28286);41.2;mS/cm;21.5;°C;38.4;mS/cm;;;NaCl/Non-Linear;Reference Temperature = 25 °C;;;;;;;;;;;OK;4/19/2024;3:08:41 PM;Default;K;0.366;;cm⁻¹;;;;1;30000;µS/cm;28.4;mS/cm;22.2;;;;;;;;;;;;;;;;;;;;;;;;;;;;;;;°C;;;;;1714071063;1713539321;2.32E+11;;Interval;EndOfRecord
RD;pH;4/25/2024;6:50:05 PM;Default;PHC301;SN 240462571090;Edited;Sample ID (28285);3.024;pH;21.4;°C;241.9;mV;;;;;;;;;;;;;;;OK;4/25/2024;12:22:34 PM;Default;Slope;-57.99;98;mV/pH;14.1;mV;0.9998;3;4;pH;187.6;mV;22.2;7.01;pH;11;mV;22;10.04;pH;-159.2;mV;22.5;;;;;;;;;;;;;;;;;;;;;°C;;;;;1714071005;1714047754;2.32E+11;;Interval;EndOfRecord
RD;CD;4/25/2024;6:50:05 PM;Default;CDC401;SN 231662582599;Edited;Sample ID (28285);41.2;mS/cm;21.5;°C;38.3;mS/cm;;;NaCl/Non-Linear;Reference Temperature = 25 °C;;;;;;;;;;;OK;4/19/2024;3:08:41 PM;Default;K;0.366;;cm⁻¹;;;;1;30000;µS/cm;28.4;mS/cm;22.2;;;;;;;;;;;;;;;;;;;;;;;;;;;;;;;°C;;;;;1714071005;1713539321;2.32E+11;;Interval;EndOfRecord
RD;pH;4/25/2024;6:49:05 PM;Default;PHC301;SN 240462571090;Edited;Sample ID (28284);3.024;pH;21.3;°C;241.9;mV;;;;;;;;;;;;;;;OK;4/25/2024;12:22:34 PM;Default;Slope;-57.99;98;mV/pH;14.1;mV;0.9998;3;4;pH;187.6;mV;22.2;7.01;pH;11;mV;22;10.04;pH;-159.2;mV;22.5;;;;;;;;;;;;;;;;;;;;;°C;;;;;1714070945;1714047754;2.32E+11;;Interval;EndOfRecord
RD;CD;4/25/2024;6:49:05 PM;Default;CDC401;SN 231662582599;Edited;Sample ID (28284);41.1;mS/cm;21.5;°C;38.3;mS/cm;;;NaCl/Non-Linear;Reference Temperature = 25 °C;;;;;;;;;;;OK;4/19/2024;3:08:41 PM;Default;K;0.366;;cm⁻¹;;;;1;30000;µS/cm;28.4;mS/cm;22.2;;;;;;;;;;;;;;;;;;;;;;;;;;;;;;;°C;;;;;1714070945;1713539321;2.32E+11;;Interval;EndOfRecord
RD;pH;4/25/2024;6:48:04 PM;Default;PHC301;SN 240462571090;Edited;Sample ID (28283);3.021;pH;21.3;°C;242;mV;;;;;;;;;;;;;;;OK;4/25/2024;12:22:34 PM;Default;Slope;-57.99;98;mV/pH;14.1;mV;0.9998;3;4;pH;187.6;mV;22.2;7.01;pH;11;mV;22;10.04;pH;-159.2;mV;22.5;;;;;;;;;;;;;;;;;;;;;°C;;;;;1714070884;1714047754;2.32E+11;;Interval;EndOfRecord
RD;CD;4/25/2024;6:48:04 PM;Default;CDC401;SN 231662582599;Edited;Sample ID (28283);41.2;mS/cm;21.5;°C;38.3;mS/cm;;;NaCl/Non-Linear;Reference Temperature = 25 °C;;;;;;;;;;;OK;4/19/2024;3:08:41 PM;Default;K;0.366;;cm⁻¹;;;;1;30000;µS/cm;28.4;mS/cm;22.2;;;;;;;;;;;;;;;;;;;;;;;;;;;;;;;°C;;;;;1714070884;1713539321;2.32E+11;;Interval;EndOfRecord
RD;pH;4/25/2024;6:47:04 PM;Default;PHC301;SN 240462571090;Edited;Sample ID (28282);3.021;pH;21.3;°C;242;mV;;;;;;;;;;;;;;;OK;4/25/2024;12:22:34 PM;Default;Slope;-57.99;98;mV/pH;14.1;mV;0.9998;3;4;pH;187.6;mV;22.2;7.01;pH;11;mV;22;10.04;pH;-159.2;mV;22.5;;;;;;;;;;;;;;;;;;;;;°C;;;;;1714070824;1714047754;2.32E+11;;Interval;EndOfRecord
RD;CD;4/25/2024;6:47:04 PM;Default;CDC401;SN 231662582599;Edited;Sample ID (28282);41.2;mS/cm;21.4;°C;38.3;mS/cm;;;NaCl/Non-Linear;Reference Temperature = 25 °C;;;;;;;;;;;OK;4/19/2024;3:08:41 PM;Default;K;0.366;;cm⁻¹;;;;1;30000;µS/cm;28.4;mS/cm;22.2;;;;;;;;;;;;;;;;;;;;;;;;;;;;;;;°C;;;;;1714070824;1713539321;2.32E+11;;Interval;EndOfRecord
RD;pH;4/25/2024;6:46:03 PM;Default;PHC301;SN 240462571090;Edited;Sample ID (28281);3.02;pH;21.3;°C;242.1;mV;;;;;;;;;;;;;;;OK;4/25/2024;12:22:34 PM;Default;Slope;-57.99;98;mV/pH;14.1;mV;0.9998;3;4;pH;187.6;mV;22.2;7.01;pH;11;mV;22;10.04;pH;-159.2;mV;22.5;;;;;;;;;;;;;;;;;;;;;°C;;;;;1714070763;1714047754;2.32E+11;;Interval;EndOfRecord
RD;CD;4/25/2024;6:46:03 PM;Default;CDC401;SN 231662582599;Edited;Sample ID (28281);41.2;mS/cm;21.4;°C;38.3;mS/cm;;;NaCl/Non-Linear;Reference Temperature = 25 °C;;;;;;;;;;;OK;4/19/2024;3:08:41 PM;Default;K;0.366;;cm⁻¹;;;;1;30000;µS/cm;28.4;mS/cm;22.2;;;;;;;;;;;;;;;;;;;;;;;;;;;;;;;°C;;;;;1714070763;1713539321;2.32E+11;;Interval;EndOfRecord
RD;pH;4/25/2024;6:45:03 PM;Default;PHC301;SN 240462571090;Edited;Sample ID (28280);3.02;pH;21.3;°C;242.1;mV;;;;;;;;;;;;;;;OK;4/25/2024;12:22:34 PM;Default;Slope;-57.99;98;mV/pH;14.1;mV;0.9998;3;4;pH;187.6;mV;22.2;7.01;pH;11;mV;22;10.04;pH;-159.2;mV;22.5;;;;;;;;;;;;;;;;;;;;;°C;;;;;1714070703;1714047754;2.32E+11;;Interval;EndOfRecord
RD;CD;4/25/2024;6:45:03 PM;Default;CDC401;SN 231662582599;Edited;Sample ID (28280);41.2;mS/cm;21.4;°C;38.3;mS/cm;;;NaCl/Non-Linear;Reference Temperature = 25 °C;;;;;;;;;;;OK;4/19/2024;3:08:41 PM;Default;K;0.366;;cm⁻¹;;;;1;30000;µS/cm;28.4;mS/cm;22.2;;;;;;;;;;;;;;;;;;;;;;;;;;;;;;;°C;;;;;1714070703;1713539321;2.32E+11;;Interval;EndOfRecord
RD;pH;4/25/2024;6:44:04 PM;Default;PHC301;SN 240462571090;Edited;Sample ID (28279);3.019;pH;21.3;°C;242.1;mV;;;;;;;;;;;;;;;OK;4/25/2024;12:22:34 PM;Default;Slope;-57.99;98;mV/pH;14.1;mV;0.9998;3;4;pH;187.6;mV;22.2;7.01;pH;11;mV;22;10.04;pH;-159.2;mV;22.5;;;;;;;;;;;;;;;;;;;;;°C;;;;;1714070644;1714047754;2.32E+11;;Interval;EndOfRecord
RD;CD;4/25/2024;6:44:04 PM;Default;CDC401;SN 231662582599;Edited;Sample ID (28279);41.2;mS/cm;21.4;°C;38.3;mS/cm;;;NaCl/Non-Linear;Reference Temperature = 25 °C;;;;;;;;;;;OK;4/19/2024;3:08:41 PM;Default;K;0.366;;cm⁻¹;;;;1;30000;µS/cm;28.4;mS/cm;22.2;;;;;;;;;;;;;;;;;;;;;;;;;;;;;;;°C;;;;;1714070644;1713539321;2.32E+11;;Interval;EndOfRecord
RD;pH;4/25/2024;6:43:04 PM;Default;PHC301;SN 240462571090;Edited;Sample ID (28278);3.019;pH;21.2;°C;242.1;mV;;;;;;;;;;;;;;;OK;4/25/2024;12:22:34 PM;Default;Slope;-57.99;98;mV/pH;14.1;mV;0.9998;3;4;pH;187.6;mV;22.2;7.01;pH;11;mV;22;10.04;pH;-159.2;mV;22.5;;;;;;;;;;;;;;;;;;;;;°C;;;;;1714070584;1714047754;2.32E+11;;Interval;EndOfRecord
RD;CD;4/25/2024;6:43:04 PM;Default;CDC401;SN 231662582599;Edited;Sample ID (28278);41.2;mS/cm;21.4;°C;38.3;mS/cm;;;NaCl/Non-Linear;Reference Temperature = 25 °C;;;;;;;;;;;OK;4/19/2024;3:08:41 PM;Default;K;0.366;;cm⁻¹;;;;1;30000;µS/cm;28.4;mS/cm;22.2;;;;;;;;;;;;;;;;;;;;;;;;;;;;;;;°C;;;;;1714070584;1713539321;2.32E+11;;Interval;EndOfRecord
RD;pH;4/25/2024;6:42:05 PM;Default;PHC301;SN 240462571090;Edited;Sample ID (28277);3.017;pH;21.2;°C;242.1;mV;;;;;;;;;;;;;;;OK;4/25/2024;12:22:34 PM;Default;Slope;-57.99;98;mV/pH;14.1;mV;0.9998;3;4;pH;187.6;mV;22.2;7.01;pH;11;mV;22;10.04;pH;-159.2;mV;22.5;;;;;;;;;;;;;;;;;;;;;°C;;;;;1714070525;1714047754;2.32E+11;;Interval;EndOfRecord
RD;CD;4/25/2024;6:42:05 PM;Default;CDC401;SN 231662582599;Edited;Sample ID (28277);41.1;mS/cm;21.4;°C;38.2;mS/cm;;;NaCl/Non-Linear;Reference Temperature = 25 °C;;;;;;;;;;;OK;4/19/2024;3:08:41 PM;Default;K;0.366;;cm⁻¹;;;;1;30000;µS/cm;28.4;mS/cm;22.2;;;;;;;;;;;;;;;;;;;;;;;;;;;;;;;°C;;;;;1714070525;1713539321;2.32E+11;;Interval;EndOfRecord
RD;pH;4/25/2024;6:41:06 PM;Default;PHC301;SN 240462571090;Edited;Sample ID (28276);3.017;pH;21.2;°C;242.1;mV;;;;;;;;;;;;;;;OK;4/25/2024;12:22:34 PM;Default;Slope;-57.99;98;mV/pH;14.1;mV;0.9998;3;4;pH;187.6;mV;22.2;7.01;pH;11;mV;22;10.04;pH;-159.2;mV;22.5;;;;;;;;;;;;;;;;;;;;;°C;;;;;1714070466;1714047754;2.32E+11;;Interval;EndOfRecord
RD;CD;4/25/2024;6:41:06 PM;Default;CDC401;SN 231662582599;Edited;Sample ID (28276);41.1;mS/cm;21.3;°C;38.2;mS/cm;;;NaCl/Non-Linear;Reference Temperature = 25 °C;;;;;;;;;;;OK;4/19/2024;3:08:41 PM;Default;K;0.366;;cm⁻¹;;;;1;30000;µS/cm;28.4;mS/cm;22.2;;;;;;;;;;;;;;;;;;;;;;;;;;;;;;;°C;;;;;1714070466;1713539321;2.32E+11;;Interval;EndOfRecord
RD;pH;4/25/2024;6:40:04 PM;Default;PHC301;SN 240462571090;Edited;Sample ID (28275);3.017;pH;21.2;°C;242.1;mV;;;;;;;;;;;;;;;OK;4/25/2024;12:22:34 PM;Default;Slope;-57.99;98;mV/pH;14.1;mV;0.9998;3;4;pH;187.6;mV;22.2;7.01;pH;11;mV;22;10.04;pH;-159.2;mV;22.5;;;;;;;;;;;;;;;;;;;;;°C;;;;;1714070404;1714047754;2.32E+11;;Interval;EndOfRecord
RD;CD;4/25/2024;6:40:04 PM;Default;CDC401;SN 231662582599;Edited;Sample ID (28275);41.2;mS/cm;21.3;°C;38.2;mS/cm;;;NaCl/Non-Linear;Reference Temperature = 25 °C;;;;;;;;;;;OK;4/19/2024;3:08:41 PM;Default;K;0.366;;cm⁻¹;;;;1;30000;µS/cm;28.4;mS/cm;22.2;;;;;;;;;;;;;;;;;;;;;;;;;;;;;;;°C;;;;;1714070404;1713539321;2.32E+11;;Interval;EndOfRecord
RD;pH;4/25/2024;6:39:05 PM;Default;PHC301;SN 240462571090;Edited;Sample ID (28274);3.016;pH;21.2;°C;242.1;mV;;;;;;;;;;;;;;;OK;4/25/2024;12:22:34 PM;Default;Slope;-57.99;98;mV/pH;14.1;mV;0.9998;3;4;pH;187.6;mV;22.2;7.01;pH;11;mV;22;10.04;pH;-159.2;mV;22.5;;;;;;;;;;;;;;;;;;;;;°C;;;;;1714070345;1714047754;2.32E+11;;Interval;EndOfRecord
RD;CD;4/25/2024;6:39:05 PM;Default;CDC401;SN 231662582599;Edited;Sample ID (28274);41.2;mS/cm;21.3;°C;38.2;mS/cm;;;NaCl/Non-Linear;Reference Temperature = 25 °C;;;;;;;;;;;OK;4/19/2024;3:08:41 PM;Default;K;0.366;;cm⁻¹;;;;1;30000;µS/cm;28.4;mS/cm;22.2;;;;;;;;;;;;;;;;;;;;;;;;;;;;;;;°C;;;;;1714070345;1713539321;2.32E+11;;Interval;EndOfRecord
RD;pH;4/25/2024;6:38:03 PM;Default;PHC301;SN 240462571090;Edited;Sample ID (28273);3.016;pH;21.2;°C;242.1;mV;;;;;;;;;;;;;;;OK;4/25/2024;12:22:34 PM;Default;Slope;-57.99;98;mV/pH;14.1;mV;0.9998;3;4;pH;187.6;mV;22.2;7.01;pH;11;mV;22;10.04;pH;-159.2;mV;22.5;;;;;;;;;;;;;;;;;;;;;°C;;;;;1714070283;1714047754;2.32E+11;;Interval;EndOfRecord
RD;CD;4/25/2024;6:38:03 PM;Default;CDC401;SN 231662582599;Edited;Sample ID (28273);41.2;mS/cm;21.3;°C;38.2;mS/cm;;;NaCl/Non-Linear;Reference Temperature = 25 °C;;;;;;;;;;;OK;4/19/2024;3:08:41 PM;Default;K;0.366;;cm⁻¹;;;;1;30000;µS/cm;28.4;mS/cm;22.2;;;;;;;;;;;;;;;;;;;;;;;;;;;;;;;°C;;;;;1714070283;1713539321;2.32E+11;;Interval;EndOfRecord
RD;pH;4/25/2024;6:37:03 PM;Default;PHC301;SN 240462571090;Edited;Sample ID (28272);3.015;pH;21.1;°C;242.1;mV;;;;;;;;;;;;;;;OK;4/25/2024;12:22:34 PM;Default;Slope;-57.99;98;mV/pH;14.1;mV;0.9998;3;4;pH;187.6;mV;22.2;7.01;pH;11;mV;22;10.04;pH;-159.2;mV;22.5;;;;;;;;;;;;;;;;;;;;;°C;;;;;1714070223;1714047754;2.32E+11;;Interval;EndOfRecord
RD;CD;4/25/2024;6:37:03 PM;Default;CDC401;SN 231662582599;Edited;Sample ID (28272);41.2;mS/cm;21.3;°C;38.2;mS/cm;;;NaCl/Non-Linear;Reference Temperature = 25 °C;;;;;;;;;;;OK;4/19/2024;3:08:41 PM;Default;K;0.366;;cm⁻¹;;;;1;30000;µS/cm;28.4;mS/cm;22.2;;;;;;;;;;;;;;;;;;;;;;;;;;;;;;;°C;;;;;1714070223;1713539321;2.32E+11;;Interval;EndOfRecord
RD;pH;4/25/2024;6:36:03 PM;Default;PHC301;SN 240462571090;Edited;Sample ID (28271);3.015;pH;21.1;°C;242.1;mV;;;;;;;;;;;;;;;OK;4/25/2024;12:22:34 PM;Default;Slope;-57.99;98;mV/pH;14.1;mV;0.9998;3;4;pH;187.6;mV;22.2;7.01;pH;11;mV;22;10.04;pH;-159.2;mV;22.5;;;;;;;;;;;;;;;;;;;;;°C;;;;;1714070163;1714047754;2.32E+11;;Interval;EndOfRecord
RD;CD;4/25/2024;6:36:03 PM;Default;CDC401;SN 231662582599;Edited;Sample ID (28271);41.2;mS/cm;21.2;°C;38.2;mS/cm;;;NaCl/Non-Linear;Reference Temperature = 25 °C;;;;;;;;;;;OK;4/19/2024;3:08:41 PM;Default;K;0.366;;cm⁻¹;;;;1;30000;µS/cm;28.4;mS/cm;22.2;;;;;;;;;;;;;;;;;;;;;;;;;;;;;;;°C;;;;;1714070163;1713539321;2.32E+11;;Interval;EndOfRecord
RD;pH;4/25/2024;6:35:04 PM;Default;PHC301;SN 240462571090;Edited;Sample ID (28270);3.015;pH;21.1;°C;242.1;mV;;;;;;;;;;;;;;;OK;4/25/2024;12:22:34 PM;Default;Slope;-57.99;98;mV/pH;14.1;mV;0.9998;3;4;pH;187.6;mV;22.2;7.01;pH;11;mV;22;10.04;pH;-159.2;mV;22.5;;;;;;;;;;;;;;;;;;;;;°C;;;;;1714070104;1714047754;2.32E+11;;Interval;EndOfRecord
RD;CD;4/25/2024;6:35:04 PM;Default;CDC401;SN 231662582599;Edited;Sample ID (28270);41.2;mS/cm;21.2;°C;38.2;mS/cm;;;NaCl/Non-Linear;Reference Temperature = 25 °C;;;;;;;;;;;OK;4/19/2024;3:08:41 PM;Default;K;0.366;;cm⁻¹;;;;1;30000;µS/cm;28.4;mS/cm;22.2;;;;;;;;;;;;;;;;;;;;;;;;;;;;;;;°C;;;;;1714070104;1713539321;2.32E+11;;Interval;EndOfRecord
RD;pH;4/25/2024;6:34:05 PM;Default;PHC301;SN 240462571090;Edited;Sample ID (28269);3.014;pH;21.1;°C;242.1;mV;;;;;;;;;;;;;;;OK;4/25/2024;12:22:34 PM;Default;Slope;-57.99;98;mV/pH;14.1;mV;0.9998;3;4;pH;187.6;mV;22.2;7.01;pH;11;mV;22;10.04;pH;-159.2;mV;22.5;;;;;;;;;;;;;;;;;;;;;°C;;;;;1714070045;1714047754;2.32E+11;;Interval;EndOfRecord
RD;CD;4/25/2024;6:34:05 PM;Default;CDC401;SN 231662582599;Edited;Sample ID (28269);41.2;mS/cm;21.2;°C;38.1;mS/cm;;;NaCl/Non-Linear;Reference Temperature = 25 °C;;;;;;;;;;;OK;4/19/2024;3:08:41 PM;Default;K;0.366;;cm⁻¹;;;;1;30000;µS/cm;28.4;mS/cm;22.2;;;;;;;;;;;;;;;;;;;;;;;;;;;;;;;°C;;;;;1714070045;1713539321;2.32E+11;;Interval;EndOfRecord
RD;pH;4/25/2024;6:33:05 PM;Default;PHC301;SN 240462571090;Edited;Sample ID (28268);3.014;pH;21.1;°C;242.1;mV;;;;;;;;;;;;;;;OK;4/25/2024;12:22:34 PM;Default;Slope;-57.99;98;mV/pH;14.1;mV;0.9998;3;4;pH;187.6;mV;22.2;7.01;pH;11;mV;22;10.04;pH;-159.2;mV;22.5;;;;;;;;;;;;;;;;;;;;;°C;;;;;1714069985;1714047754;2.32E+11;;Interval;EndOfRecord
RD;CD;4/25/2024;6:33:05 PM;Default;CDC401;SN 231662582599;Edited;Sample ID (28268);41.1;mS/cm;21.2;°C;38.1;mS/cm;;;NaCl/Non-Linear;Reference Temperature = 25 °C;;;;;;;;;;;OK;4/19/2024;3:08:41 PM;Default;K;0.366;;cm⁻¹;;;;1;30000;µS/cm;28.4;mS/cm;22.2;;;;;;;;;;;;;;;;;;;;;;;;;;;;;;;°C;;;;;1714069985;1713539321;2.32E+11;;Interval;EndOfRecord
RD;pH;4/25/2024;6:32:05 PM;Default;PHC301;SN 240462571090;Edited;Sample ID (28267);3.014;pH;21.1;°C;242.1;mV;;;;;;;;;;;;;;;OK;4/25/2024;12:22:34 PM;Default;Slope;-57.99;98;mV/pH;14.1;mV;0.9998;3;4;pH;187.6;mV;22.2;7.01;pH;11;mV;22;10.04;pH;-159.2;mV;22.5;;;;;;;;;;;;;;;;;;;;;°C;;;;;1714069925;1714047754;2.32E+11;;Interval;EndOfRecord
RD;CD;4/25/2024;6:32:05 PM;Default;CDC401;SN 231662582599;Edited;Sample ID (28267);41.2;mS/cm;21.2;°C;38.1;mS/cm;;;NaCl/Non-Linear;Reference Temperature = 25 °C;;;;;;;;;;;OK;4/19/2024;3:08:41 PM;Default;K;0.366;;cm⁻¹;;;;1;30000;µS/cm;28.4;mS/cm;22.2;;;;;;;;;;;;;;;;;;;;;;;;;;;;;;;°C;;;;;1714069925;1713539321;2.32E+11;;Interval;EndOfRecord
RD;pH;4/25/2024;6:31:03 PM;Default;PHC301;SN 240462571090;Edited;Sample ID (28266);3.014;pH;21;°C;242.1;mV;;;;;;;;;;;;;;;OK;4/25/2024;12:22:34 PM;Default;Slope;-57.99;98;mV/pH;14.1;mV;0.9998;3;4;pH;187.6;mV;22.2;7.01;pH;11;mV;22;10.04;pH;-159.2;mV;22.5;;;;;;;;;;;;;;;;;;;;;°C;;;;;1714069863;1714047754;2.32E+11;;Interval;EndOfRecord
RD;CD;4/25/2024;6:31:03 PM;Default;CDC401;SN 231662582599;Edited;Sample ID (28266);41.2;mS/cm;21.1;°C;38.1;mS/cm;;;NaCl/Non-Linear;Reference Temperature = 25 °C;;;;;;;;;;;OK;4/19/2024;3:08:41 PM;Default;K;0.366;;cm⁻¹;;;;1;30000;µS/cm;28.4;mS/cm;22.2;;;;;;;;;;;;;;;;;;;;;;;;;;;;;;;°C;;;;;1714069863;1713539321;2.32E+11;;Interval;EndOfRecord
RD;pH;4/25/2024;6:30:04 PM;Default;PHC301;SN 240462571090;Edited;Sample ID (28265);3.014;pH;21;°C;242.1;mV;;;;;;;;;;;;;;;OK;4/25/2024;12:22:34 PM;Default;Slope;-57.99;98;mV/pH;14.1;mV;0.9998;3;4;pH;187.6;mV;22.2;7.01;pH;11;mV;22;10.04;pH;-159.2;mV;22.5;;;;;;;;;;;;;;;;;;;;;°C;;;;;1714069804;1714047754;2.32E+11;;Interval;EndOfRecord
RD;CD;4/25/2024;6:30:04 PM;Default;CDC401;SN 231662582599;Edited;Sample ID (28265);41.2;mS/cm;21.1;°C;38.1;mS/cm;;;NaCl/Non-Linear;Reference Temperature = 25 °C;;;;;;;;;;;OK;4/19/2024;3:08:41 PM;Default;K;0.366;;cm⁻¹;;;;1;30000;µS/cm;28.4;mS/cm;22.2;;;;;;;;;;;;;;;;;;;;;;;;;;;;;;;°C;;;;;1714069804;1713539321;2.32E+11;;Interval;EndOfRecord
RD;pH;4/25/2024;6:29:05 PM;Default;PHC301;SN 240462571090;Edited;Sample ID (28264);3.014;pH;21;°C;242.1;mV;;;;;;;;;;;;;;;OK;4/25/2024;12:22:34 PM;Default;Slope;-57.99;98;mV/pH;14.1;mV;0.9998;3;4;pH;187.6;mV;22.2;7.01;pH;11;mV;22;10.04;pH;-159.2;mV;22.5;;;;;;;;;;;;;;;;;;;;;°C;;;;;1714069745;1714047754;2.32E+11;;Interval;EndOfRecord
RD;CD;4/25/2024;6:29:05 PM;Default;CDC401;SN 231662582599;Edited;Sample ID (28264);41.2;mS/cm;21.1;°C;38.1;mS/cm;;;NaCl/Non-Linear;Reference Temperature = 25 °C;;;;;;;;;;;OK;4/19/2024;3:08:41 PM;Default;K;0.366;;cm⁻¹;;;;1;30000;µS/cm;28.4;mS/cm;22.2;;;;;;;;;;;;;;;;;;;;;;;;;;;;;;;°C;;;;;1714069745;1713539321;2.32E+11;;Interval;EndOfRecord
RD;pH;4/25/2024;6:28:05 PM;Default;PHC301;SN 240462571090;Edited;Sample ID (28263);3.014;pH;21;°C;242.1;mV;;;;;;;;;;;;;;;OK;4/25/2024;12:22:34 PM;Default;Slope;-57.99;98;mV/pH;14.1;mV;0.9998;3;4;pH;187.6;mV;22.2;7.01;pH;11;mV;22;10.04;pH;-159.2;mV;22.5;;;;;;;;;;;;;;;;;;;;;°C;;;;;1714069685;1714047754;2.32E+11;;Interval;EndOfRecord
RD;CD;4/25/2024;6:28:05 PM;Default;CDC401;SN 231662582599;Edited;Sample ID (28263);41.2;mS/cm;21.1;°C;38;mS/cm;;;NaCl/Non-Linear;Reference Temperature = 25 °C;;;;;;;;;;;OK;4/19/2024;3:08:41 PM;Default;K;0.366;;cm⁻¹;;;;1;30000;µS/cm;28.4;mS/cm;22.2;;;;;;;;;;;;;;;;;;;;;;;;;;;;;;;°C;;;;;1714069685;1713539321;2.32E+11;;Interval;EndOfRecord
RD;pH;4/25/2024;6:27:03 PM;Default;PHC301;SN 240462571090;Edited;Sample ID (28262);3.014;pH;21;°C;242.1;mV;;;;;;;;;;;;;;;OK;4/25/2024;12:22:34 PM;Default;Slope;-57.99;98;mV/pH;14.1;mV;0.9998;3;4;pH;187.6;mV;22.2;7.01;pH;11;mV;22;10.04;pH;-159.2;mV;22.5;;;;;;;;;;;;;;;;;;;;;°C;;;;;1714069623;1714047754;2.32E+11;;Interval;EndOfRecord
RD;CD;4/25/2024;6:27:03 PM;Default;CDC401;SN 231662582599;Edited;Sample ID (28262);41.2;mS/cm;21.1;°C;38;mS/cm;;;NaCl/Non-Linear;Reference Temperature = 25 °C;;;;;;;;;;;OK;4/19/2024;3:08:41 PM;Default;K;0.366;;cm⁻¹;;;;1;30000;µS/cm;28.4;mS/cm;22.2;;;;;;;;;;;;;;;;;;;;;;;;;;;;;;;°C;;;;;1714069623;1713539321;2.32E+11;;Interval;EndOfRecord
RD;pH;4/25/2024;6:26:03 PM;Default;PHC301;SN 240462571090;Edited;Sample ID (28261);3.014;pH;21;°C;242.1;mV;;;;;;;;;;;;;;;OK;4/25/2024;12:22:34 PM;Default;Slope;-57.99;98;mV/pH;14.1;mV;0.9998;3;4;pH;187.6;mV;22.2;7.01;pH;11;mV;22;10.04;pH;-159.2;mV;22.5;;;;;;;;;;;;;;;;;;;;;°C;;;;;1714069563;1714047754;2.32E+11;;Interval;EndOfRecord
RD;CD;4/25/2024;6:26:03 PM;Default;CDC401;SN 231662582599;Edited;Sample ID (28261);41.1;mS/cm;21.1;°C;38;mS/cm;;;NaCl/Non-Linear;Reference Temperature = 25 °C;;;;;;;;;;;OK;4/19/2024;3:08:41 PM;Default;K;0.366;;cm⁻¹;;;;1;30000;µS/cm;28.4;mS/cm;22.2;;;;;;;;;;;;;;;;;;;;;;;;;;;;;;;°C;;;;;1714069563;1713539321;2.32E+11;;Interval;EndOfRecord
RD;pH;4/25/2024;6:25:05 PM;Default;PHC301;SN 240462571090;Edited;Sample ID (28260);3.014;pH;20.8;°C;242.1;mV;;;;;;;;;;;;;;;OK;4/25/2024;12:22:34 PM;Default;Slope;-57.99;98;mV/pH;14.1;mV;0.9998;3;4;pH;187.6;mV;22.2;7.01;pH;11;mV;22;10.04;pH;-159.2;mV;22.5;;;;;;;;;;;;;;;;;;;;;°C;;;;;1714069505;1714047754;2.32E+11;;Interval;EndOfRecord
RD;CD;4/25/2024;6:25:05 PM;Default;CDC401;SN 231662582599;Edited;Sample ID (28260);41.1;mS/cm;21;°C;38;mS/cm;;;NaCl/Non-Linear;Reference Temperature = 25 °C;;;;;;;;;;;OK;4/19/2024;3:08:41 PM;Default;K;0.366;;cm⁻¹;;;;1;30000;µS/cm;28.4;mS/cm;22.2;;;;;;;;;;;;;;;;;;;;;;;;;;;;;;;°C;;;;;1714069505;1713539321;2.32E+11;;Interval;EndOfRecord
RD;pH;4/25/2024;6:24:06 PM;Default;PHC301;SN 240462571090;Edited;Sample ID (28259);3.014;pH;20.8;°C;242.1;mV;;;;;;;;;;;;;;;OK;4/25/2024;12:22:34 PM;Default;Slope;-57.99;98;mV/pH;14.1;mV;0.9998;3;4;pH;187.6;mV;22.2;7.01;pH;11;mV;22;10.04;pH;-159.2;mV;22.5;;;;;;;;;;;;;;;;;;;;;°C;;;;;1714069446;1714047754;2.32E+11;;Interval;EndOfRecord
RD;CD;4/25/2024;6:24:06 PM;Default;CDC401;SN 231662582599;Edited;Sample ID (28259);41.1;mS/cm;21;°C;38;mS/cm;;;NaCl/Non-Linear;Reference Temperature = 25 °C;;;;;;;;;;;OK;4/19/2024;3:08:41 PM;Default;K;0.366;;cm⁻¹;;;;1;30000;µS/cm;28.4;mS/cm;22.2;;;;;;;;;;;;;;;;;;;;;;;;;;;;;;;°C;;;;;1714069446;1713539321;2.32E+11;;Interval;EndOfRecord
RD;pH;4/25/2024;6:23:03 PM;Default;PHC301;SN 240462571090;Edited;Sample ID (28258);3.014;pH;20.8;°C;242.1;mV;;;;;;;;;;;;;;;OK;4/25/2024;12:22:34 PM;Default;Slope;-57.99;98;mV/pH;14.1;mV;0.9998;3;4;pH;187.6;mV;22.2;7.01;pH;11;mV;22;10.04;pH;-159.2;mV;22.5;;;;;;;;;;;;;;;;;;;;;°C;;;;;1714069383;1714047754;2.32E+11;;Interval;EndOfRecord
RD;CD;4/25/2024;6:23:03 PM;Default;CDC401;SN 231662582599;Edited;Sample ID (28258);41.2;mS/cm;21;°C;38;mS/cm;;;NaCl/Non-Linear;Reference Temperature = 25 °C;;;;;;;;;;;OK;4/19/2024;3:08:41 PM;Default;K;0.366;;cm⁻¹;;;;1;30000;µS/cm;28.4;mS/cm;22.2;;;;;;;;;;;;;;;;;;;;;;;;;;;;;;;°C;;;;;1714069383;1713539321;2.32E+11;;Interval;EndOfRecord
RD;pH;4/25/2024;6:22:03 PM;Default;PHC301;SN 240462571090;Edited;Sample ID (28257);3.014;pH;20.8;°C;242.1;mV;;;;;;;;;;;;;;;OK;4/25/2024;12:22:34 PM;Default;Slope;-57.99;98;mV/pH;14.1;mV;0.9998;3;4;pH;187.6;mV;22.2;7.01;pH;11;mV;22;10.04;pH;-159.2;mV;22.5;;;;;;;;;;;;;;;;;;;;;°C;;;;;1714069323;1714047754;2.32E+11;;Interval;EndOfRecord
RD;CD;4/25/2024;6:22:03 PM;Default;CDC401;SN 231662582599;Edited;Sample ID (28257);41.2;mS/cm;21;°C;38;mS/cm;;;NaCl/Non-Linear;Reference Temperature = 25 °C;;;;;;;;;;;OK;4/19/2024;3:08:41 PM;Default;K;0.366;;cm⁻¹;;;;1;30000;µS/cm;28.4;mS/cm;22.2;;;;;;;;;;;;;;;;;;;;;;;;;;;;;;;°C;;;;;1714069323;1713539321;2.32E+11;;Interval;EndOfRecord
RD;pH;4/25/2024;6:21:05 PM;Default;PHC301;SN 240462571090;Edited;Sample ID (28256);3.014;pH;20.8;°C;242.1;mV;;;;;;;;;;;;;;;OK;4/25/2024;12:22:34 PM;Default;Slope;-57.99;98;mV/pH;14.1;mV;0.9998;3;4;pH;187.6;mV;22.2;7.01;pH;11;mV;22;10.04;pH;-159.2;mV;22.5;;;;;;;;;;;;;;;;;;;;;°C;;;;;1714069265;1714047754;2.32E+11;;Interval;EndOfRecord
RD;CD;4/25/2024;6:21:05 PM;Default;CDC401;SN 231662582599;Edited;Sample ID (28256);41.2;mS/cm;21;°C;37.9;mS/cm;;;NaCl/Non-Linear;Reference Temperature = 25 °C;;;;;;;;;;;OK;4/19/2024;3:08:41 PM;Default;K;0.366;;cm⁻¹;;;;1;30000;µS/cm;28.4;mS/cm;22.2;;;;;;;;;;;;;;;;;;;;;;;;;;;;;;;°C;;;;;1714069265;1713539321;2.32E+11;;Interval;EndOfRecord
RD;pH;4/25/2024;6:20:04 PM;Default;PHC301;SN 240462571090;Edited;Sample ID (28255);3.014;pH;20.8;°C;242.1;mV;;;;;;;;;;;;;;;OK;4/25/2024;12:22:34 PM;Default;Slope;-57.99;98;mV/pH;14.1;mV;0.9998;3;4;pH;187.6;mV;22.2;7.01;pH;11;mV;22;10.04;pH;-159.2;mV;22.5;;;;;;;;;;;;;;;;;;;;;°C;;;;;1714069204;1714047754;2.32E+11;;Interval;EndOfRecord
RD;CD;4/25/2024;6:20:04 PM;Default;CDC401;SN 231662582599;Edited;Sample ID (28255);41.2;mS/cm;21;°C;37.9;mS/cm;;;NaCl/Non-Linear;Reference Temperature = 25 °C;;;;;;;;;;;OK;4/19/2024;3:08:41 PM;Default;K;0.366;;cm⁻¹;;;;1;30000;µS/cm;28.4;mS/cm;22.2;;;;;;;;;;;;;;;;;;;;;;;;;;;;;;;°C;;;;;1714069204;1713539321;2.32E+11;;Interval;EndOfRecord
RD;pH;4/25/2024;6:19:05 PM;Default;PHC301;SN 240462571090;Edited;Sample ID (28254);3.013;pH;20.7;°C;242.1;mV;;;;;;;;;;;;;;;OK;4/25/2024;12:22:34 PM;Default;Slope;-57.99;98;mV/pH;14.1;mV;0.9998;3;4;pH;187.6;mV;22.2;7.01;pH;11;mV;22;10.04;pH;-159.2;mV;22.5;;;;;;;;;;;;;;;;;;;;;°C;;;;;1714069145;1714047754;2.32E+11;;Interval;EndOfRecord
RD;CD;4/25/2024;6:19:05 PM;Default;CDC401;SN 231662582599;Edited;Sample ID (28254);41.2;mS/cm;20.9;°C;37.9;mS/cm;;;NaCl/Non-Linear;Reference Temperature = 25 °C;;;;;;;;;;;OK;4/19/2024;3:08:41 PM;Default;K;0.366;;cm⁻¹;;;;1;30000;µS/cm;28.4;mS/cm;22.2;;;;;;;;;;;;;;;;;;;;;;;;;;;;;;;°C;;;;;1714069145;1713539321;2.32E+11;;Interval;EndOfRecord
RD;pH;4/25/2024;6:18:05 PM;Default;PHC301;SN 240462571090;Edited;Sample ID (28253);3.013;pH;20.7;°C;242.1;mV;;;;;;;;;;;;;;;OK;4/25/2024;12:22:34 PM;Default;Slope;-57.99;98;mV/pH;14.1;mV;0.9998;3;4;pH;187.6;mV;22.2;7.01;pH;11;mV;22;10.04;pH;-159.2;mV;22.5;;;;;;;;;;;;;;;;;;;;;°C;;;;;1714069085;1714047754;2.32E+11;;Interval;EndOfRecord
RD;CD;4/25/2024;6:18:05 PM;Default;CDC401;SN 231662582599;Edited;Sample ID (28253);41.2;mS/cm;20.9;°C;37.9;mS/cm;;;NaCl/Non-Linear;Reference Temperature = 25 °C;;;;;;;;;;;OK;4/19/2024;3:08:41 PM;Default;K;0.366;;cm⁻¹;;;;1;30000;µS/cm;28.4;mS/cm;22.2;;;;;;;;;;;;;;;;;;;;;;;;;;;;;;;°C;;;;;1714069085;1713539321;2.32E+11;;Interval;EndOfRecord
RD;pH;4/25/2024;6:17:03 PM;Default;PHC301;SN 240462571090;Edited;Sample ID (28252);3.013;pH;20.7;°C;242.1;mV;;;;;;;;;;;;;;;OK;4/25/2024;12:22:34 PM;Default;Slope;-57.99;98;mV/pH;14.1;mV;0.9998;3;4;pH;187.6;mV;22.2;7.01;pH;11;mV;22;10.04;pH;-159.2;mV;22.5;;;;;;;;;;;;;;;;;;;;;°C;;;;;1714069023;1714047754;2.32E+11;;Interval;EndOfRecord
RD;CD;4/25/2024;6:17:03 PM;Default;CDC401;SN 231662582599;Edited;Sample ID (28252);41.2;mS/cm;20.9;°C;37.9;mS/cm;;;NaCl/Non-Linear;Reference Temperature = 25 °C;;;;;;;;;;;OK;4/19/2024;3:08:41 PM;Default;K;0.366;;cm⁻¹;;;;1;30000;µS/cm;28.4;mS/cm;22.2;;;;;;;;;;;;;;;;;;;;;;;;;;;;;;;°C;;;;;1714069023;1713539321;2.32E+11;;Interval;EndOfRecord
RD;pH;4/25/2024;6:16:03 PM;Default;PHC301;SN 240462571090;Edited;Sample ID (28251);3.013;pH;20.7;°C;242.1;mV;;;;;;;;;;;;;;;OK;4/25/2024;12:22:34 PM;Default;Slope;-57.99;98;mV/pH;14.1;mV;0.9998;3;4;pH;187.6;mV;22.2;7.01;pH;11;mV;22;10.04;pH;-159.2;mV;22.5;;;;;;;;;;;;;;;;;;;;;°C;;;;;1714068963;1714047754;2.32E+11;;Interval;EndOfRecord
RD;CD;4/25/2024;6:16:03 PM;Default;CDC401;SN 231662582599;Edited;Sample ID (28251);41.2;mS/cm;20.9;°C;37.9;mS/cm;;;NaCl/Non-Linear;Reference Temperature = 25 °C;;;;;;;;;;;OK;4/19/2024;3:08:41 PM;Default;K;0.366;;cm⁻¹;;;;1;30000;µS/cm;28.4;mS/cm;22.2;;;;;;;;;;;;;;;;;;;;;;;;;;;;;;;°C;;;;;1714068963;1713539321;2.32E+11;;Interval;EndOfRecord
RD;pH;4/25/2024;6:15:03 PM;Default;PHC301;SN 240462571090;Edited;Sample ID (28250);3.013;pH;20.7;°C;242.1;mV;;;;;;;;;;;;;;;OK;4/25/2024;12:22:34 PM;Default;Slope;-57.99;98;mV/pH;14.1;mV;0.9998;3;4;pH;187.6;mV;22.2;7.01;pH;11;mV;22;10.04;pH;-159.2;mV;22.5;;;;;;;;;;;;;;;;;;;;;°C;;;;;1714068903;1714047754;2.32E+11;;Interval;EndOfRecord
RD;CD;4/25/2024;6:15:03 PM;Default;CDC401;SN 231662582599;Edited;Sample ID (28250);41.2;mS/cm;20.9;°C;37.9;mS/cm;;;NaCl/Non-Linear;Reference Temperature = 25 °C;;;;;;;;;;;OK;4/19/2024;3:08:41 PM;Default;K;0.366;;cm⁻¹;;;;1;30000;µS/cm;28.4;mS/cm;22.2;;;;;;;;;;;;;;;;;;;;;;;;;;;;;;;°C;;;;;1714068903;1713539321;2.32E+11;;Interval;EndOfRecord
RD;pH;4/25/2024;6:14:04 PM;Default;PHC301;SN 240462571090;Edited;Sample ID (28249);3.011;pH;20.7;°C;242.1;mV;;;;;;;;;;;;;;;OK;4/25/2024;12:22:34 PM;Default;Slope;-57.99;98;mV/pH;14.1;mV;0.9998;3;4;pH;187.6;mV;22.2;7.01;pH;11;mV;22;10.04;pH;-159.2;mV;22.5;;;;;;;;;;;;;;;;;;;;;°C;;;;;1714068844;1714047754;2.32E+11;;Interval;EndOfRecord
RD;CD;4/25/2024;6:14:04 PM;Default;CDC401;SN 231662582599;Edited;Sample ID (28249);41.2;mS/cm;20.9;°C;37.9;mS/cm;;;NaCl/Non-Linear;Reference Temperature = 25 °C;;;;;;;;;;;OK;4/19/2024;3:08:41 PM;Default;K;0.366;;cm⁻¹;;;;1;30000;µS/cm;28.4;mS/cm;22.2;;;;;;;;;;;;;;;;;;;;;;;;;;;;;;;°C;;;;;1714068844;1713539321;2.32E+11;;Interval;EndOfRecord
RD;pH;4/25/2024;6:13:03 PM;Default;PHC301;SN 240462571090;Edited;Sample ID (28248);3.011;pH;20.7;°C;242.1;mV;;;;;;;;;;;;;;;OK;4/25/2024;12:22:34 PM;Default;Slope;-57.99;98;mV/pH;14.1;mV;0.9998;3;4;pH;187.6;mV;22.2;7.01;pH;11;mV;22;10.04;pH;-159.2;mV;22.5;;;;;;;;;;;;;;;;;;;;;°C;;;;;1714068783;1714047754;2.32E+11;;Interval;EndOfRecord
RD;CD;4/25/2024;6:13:03 PM;Default;CDC401;SN 231662582599;Edited;Sample ID (28248);41.2;mS/cm;20.8;°C;37.9;mS/cm;;;NaCl/Non-Linear;Reference Temperature = 25 °C;;;;;;;;;;;OK;4/19/2024;3:08:41 PM;Default;K;0.366;;cm⁻¹;;;;1;30000;µS/cm;28.4;mS/cm;22.2;;;;;;;;;;;;;;;;;;;;;;;;;;;;;;;°C;;;;;1714068783;1713539321;2.32E+11;;Interval;EndOfRecord
RD;pH;4/25/2024;6:12:05 PM;Default;PHC301;SN 240462571090;Edited;Sample ID (28247);3.011;pH;20.6;°C;242.1;mV;;;;;;;;;;;;;;;OK;4/25/2024;12:22:34 PM;Default;Slope;-57.99;98;mV/pH;14.1;mV;0.9998;3;4;pH;187.6;mV;22.2;7.01;pH;11;mV;22;10.04;pH;-159.2;mV;22.5;;;;;;;;;;;;;;;;;;;;;°C;;;;;1714068725;1714047754;2.32E+11;;Interval;EndOfRecord
RD;CD;4/25/2024;6:12:05 PM;Default;CDC401;SN 231662582599;Edited;Sample ID (28247);41.2;mS/cm;20.8;°C;37.8;mS/cm;;;NaCl/Non-Linear;Reference Temperature = 25 °C;;;;;;;;;;;OK;4/19/2024;3:08:41 PM;Default;K;0.366;;cm⁻¹;;;;1;30000;µS/cm;28.4;mS/cm;22.2;;;;;;;;;;;;;;;;;;;;;;;;;;;;;;;°C;;;;;1714068725;1713539321;2.32E+11;;Interval;EndOfRecord
RD;pH;4/25/2024;6:11:05 PM;Default;PHC301;SN 240462571090;Edited;Sample ID (28246);3.011;pH;20.6;°C;242.1;mV;;;;;;;;;;;;;;;OK;4/25/2024;12:22:34 PM;Default;Slope;-57.99;98;mV/pH;14.1;mV;0.9998;3;4;pH;187.6;mV;22.2;7.01;pH;11;mV;22;10.04;pH;-159.2;mV;22.5;;;;;;;;;;;;;;;;;;;;;°C;;;;;1714068665;1714047754;2.32E+11;;Interval;EndOfRecord
RD;CD;4/25/2024;6:11:05 PM;Default;CDC401;SN 231662582599;Edited;Sample ID (28246);41.2;mS/cm;20.8;°C;37.9;mS/cm;;;NaCl/Non-Linear;Reference Temperature = 25 °C;;;;;;;;;;;OK;4/19/2024;3:08:41 PM;Default;K;0.366;;cm⁻¹;;;;1;30000;µS/cm;28.4;mS/cm;22.2;;;;;;;;;;;;;;;;;;;;;;;;;;;;;;;°C;;;;;1714068665;1713539321;2.32E+11;;Interval;EndOfRecord
RD;pH;4/25/2024;6:10:03 PM;Default;PHC301;SN 240462571090;Edited;Sample ID (28245);3.01;pH;20.6;°C;242.1;mV;;;;;;;;;;;;;;;OK;4/25/2024;12:22:34 PM;Default;Slope;-57.99;98;mV/pH;14.1;mV;0.9998;3;4;pH;187.6;mV;22.2;7.01;pH;11;mV;22;10.04;pH;-159.2;mV;22.5;;;;;;;;;;;;;;;;;;;;;°C;;;;;1714068603;1714047754;2.32E+11;;Interval;EndOfRecord
RD;CD;4/25/2024;6:10:03 PM;Default;CDC401;SN 231662582599;Edited;Sample ID (28245);41.2;mS/cm;20.8;°C;37.9;mS/cm;;;NaCl/Non-Linear;Reference Temperature = 25 °C;;;;;;;;;;;OK;4/19/2024;3:08:41 PM;Default;K;0.366;;cm⁻¹;;;;1;30000;µS/cm;28.4;mS/cm;22.2;;;;;;;;;;;;;;;;;;;;;;;;;;;;;;;°C;;;;;1714068603;1713539321;2.32E+11;;Interval;EndOfRecord
RD;pH;4/25/2024;6:09:03 PM;Default;PHC301;SN 240462571090;Edited;Sample ID (28244);3.01;pH;20.6;°C;242.1;mV;;;;;;;;;;;;;;;OK;4/25/2024;12:22:34 PM;Default;Slope;-57.99;98;mV/pH;14.1;mV;0.9998;3;4;pH;187.6;mV;22.2;7.01;pH;11;mV;22;10.04;pH;-159.2;mV;22.5;;;;;;;;;;;;;;;;;;;;;°C;;;;;1714068543;1714047754;2.32E+11;;Interval;EndOfRecord
RD;CD;4/25/2024;6:09:03 PM;Default;CDC401;SN 231662582599;Edited;Sample ID (28244);41.2;mS/cm;20.8;°C;37.8;mS/cm;;;NaCl/Non-Linear;Reference Temperature = 25 °C;;;;;;;;;;;OK;4/19/2024;3:08:41 PM;Default;K;0.366;;cm⁻¹;;;;1;30000;µS/cm;28.4;mS/cm;22.2;;;;;;;;;;;;;;;;;;;;;;;;;;;;;;;°C;;;;;1714068543;1713539321;2.32E+11;;Interval;EndOfRecord
RD;pH;4/25/2024;6:08:06 PM;Default;PHC301;SN 240462571090;Edited;Sample ID (28243);3.01;pH;20.6;°C;242.1;mV;;;;;;;;;;;;;;;OK;4/25/2024;12:22:34 PM;Default;Slope;-57.99;98;mV/pH;14.1;mV;0.9998;3;4;pH;187.6;mV;22.2;7.01;pH;11;mV;22;10.04;pH;-159.2;mV;22.5;;;;;;;;;;;;;;;;;;;;;°C;;;;;1714068486;1714047754;2.32E+11;;Interval;EndOfRecord
RD;CD;4/25/2024;6:08:06 PM;Default;CDC401;SN 231662582599;Edited;Sample ID (28243);41.2;mS/cm;20.8;°C;37.8;mS/cm;;;NaCl/Non-Linear;Reference Temperature = 25 °C;;;;;;;;;;;OK;4/19/2024;3:08:41 PM;Default;K;0.366;;cm⁻¹;;;;1;30000;µS/cm;28.4;mS/cm;22.2;;;;;;;;;;;;;;;;;;;;;;;;;;;;;;;°C;;;;;1714068486;1713539321;2.32E+11;;Interval;EndOfRecord
RD;pH;4/25/2024;6:07:05 PM;Default;PHC301;SN 240462571090;Edited;Sample ID (28242);3.01;pH;20.6;°C;242.1;mV;;;;;;;;;;;;;;;OK;4/25/2024;12:22:34 PM;Default;Slope;-57.99;98;mV/pH;14.1;mV;0.9998;3;4;pH;187.6;mV;22.2;7.01;pH;11;mV;22;10.04;pH;-159.2;mV;22.5;;;;;;;;;;;;;;;;;;;;;°C;;;;;1714068425;1714047754;2.32E+11;;Interval;EndOfRecord
RD;CD;4/25/2024;6:07:05 PM;Default;CDC401;SN 231662582599;Edited;Sample ID (28242);41.2;mS/cm;20.8;°C;37.8;mS/cm;;;NaCl/Non-Linear;Reference Temperature = 25 °C;;;;;;;;;;;OK;4/19/2024;3:08:41 PM;Default;K;0.366;;cm⁻¹;;;;1;30000;µS/cm;28.4;mS/cm;22.2;;;;;;;;;;;;;;;;;;;;;;;;;;;;;;;°C;;;;;1714068425;1713539321;2.32E+11;;Interval;EndOfRecord
RD;pH;4/25/2024;6:06:04 PM;Default;PHC301;SN 240462571090;Edited;Sample ID (28241);3.01;pH;20.6;°C;242.1;mV;;;;;;;;;;;;;;;OK;4/25/2024;12:22:34 PM;Default;Slope;-57.99;98;mV/pH;14.1;mV;0.9998;3;4;pH;187.6;mV;22.2;7.01;pH;11;mV;22;10.04;pH;-159.2;mV;22.5;;;;;;;;;;;;;;;;;;;;;°C;;;;;1714068364;1714047754;2.32E+11;;Interval;EndOfRecord
RD;CD;4/25/2024;6:06:04 PM;Default;CDC401;SN 231662582599;Edited;Sample ID (28241);41.2;mS/cm;20.7;°C;37.8;mS/cm;;;NaCl/Non-Linear;Reference Temperature = 25 °C;;;;;;;;;;;OK;4/19/2024;3:08:41 PM;Default;K;0.366;;cm⁻¹;;;;1;30000;µS/cm;28.4;mS/cm;22.2;;;;;;;;;;;;;;;;;;;;;;;;;;;;;;;°C;;;;;1714068364;1713539321;2.32E+11;;Interval;EndOfRecord
RD;pH;4/25/2024;6:05:05 PM;Default;PHC301;SN 240462571090;Edited;Sample ID (28240);3.01;pH;20.6;°C;242.1;mV;;;;;;;;;;;;;;;OK;4/25/2024;12:22:34 PM;Default;Slope;-57.99;98;mV/pH;14.1;mV;0.9998;3;4;pH;187.6;mV;22.2;7.01;pH;11;mV;22;10.04;pH;-159.2;mV;22.5;;;;;;;;;;;;;;;;;;;;;°C;;;;;1714068305;1714047754;2.32E+11;;Interval;EndOfRecord
RD;CD;4/25/2024;6:05:05 PM;Default;CDC401;SN 231662582599;Edited;Sample ID (28240);41.2;mS/cm;20.7;°C;37.8;mS/cm;;;NaCl/Non-Linear;Reference Temperature = 25 °C;;;;;;;;;;;OK;4/19/2024;3:08:41 PM;Default;K;0.366;;cm⁻¹;;;;1;30000;µS/cm;28.4;mS/cm;22.2;;;;;;;;;;;;;;;;;;;;;;;;;;;;;;;°C;;;;;1714068305;1713539321;2.32E+11;;Interval;EndOfRecord
RD;pH;4/25/2024;6:04:03 PM;Default;PHC301;SN 240462571090;Edited;Sample ID (28239);3.01;pH;20.6;°C;242.1;mV;;;;;;;;;;;;;;;OK;4/25/2024;12:22:34 PM;Default;Slope;-57.99;98;mV/pH;14.1;mV;0.9998;3;4;pH;187.6;mV;22.2;7.01;pH;11;mV;22;10.04;pH;-159.2;mV;22.5;;;;;;;;;;;;;;;;;;;;;°C;;;;;1714068243;1714047754;2.32E+11;;Interval;EndOfRecord
RD;CD;4/25/2024;6:04:03 PM;Default;CDC401;SN 231662582599;Edited;Sample ID (28239);41.2;mS/cm;20.7;°C;37.8;mS/cm;;;NaCl/Non-Linear;Reference Temperature = 25 °C;;;;;;;;;;;OK;4/19/2024;3:08:41 PM;Default;K;0.366;;cm⁻¹;;;;1;30000;µS/cm;28.4;mS/cm;22.2;;;;;;;;;;;;;;;;;;;;;;;;;;;;;;;°C;;;;;1714068243;1713539321;2.32E+11;;Interval;EndOfRecord
RD;pH;4/25/2024;6:03:05 PM;Default;PHC301;SN 240462571090;Edited;Sample ID (28238);3.01;pH;20.6;°C;242.1;mV;;;;;;;;;;;;;;;OK;4/25/2024;12:22:34 PM;Default;Slope;-57.99;98;mV/pH;14.1;mV;0.9998;3;4;pH;187.6;mV;22.2;7.01;pH;11;mV;22;10.04;pH;-159.2;mV;22.5;;;;;;;;;;;;;;;;;;;;;°C;;;;;1714068185;1714047754;2.32E+11;;Interval;EndOfRecord
RD;CD;4/25/2024;6:03:05 PM;Default;CDC401;SN 231662582599;Edited;Sample ID (28238);41.2;mS/cm;20.7;°C;37.7;mS/cm;;;NaCl/Non-Linear;Reference Temperature = 25 °C;;;;;;;;;;;OK;4/19/2024;3:08:41 PM;Default;K;0.366;;cm⁻¹;;;;1;30000;µS/cm;28.4;mS/cm;22.2;;;;;;;;;;;;;;;;;;;;;;;;;;;;;;;°C;;;;;1714068185;1713539321;2.32E+11;;Interval;EndOfRecord
RD;pH;4/25/2024;6:02:04 PM;Default;PHC301;SN 240462571090;Edited;Sample ID (28237);3.01;pH;20.6;°C;242.1;mV;;;;;;;;;;;;;;;OK;4/25/2024;12:22:34 PM;Default;Slope;-57.99;98;mV/pH;14.1;mV;0.9998;3;4;pH;187.6;mV;22.2;7.01;pH;11;mV;22;10.04;pH;-159.2;mV;22.5;;;;;;;;;;;;;;;;;;;;;°C;;;;;1714068124;1714047754;2.32E+11;;Interval;EndOfRecord
RD;CD;4/25/2024;6:02:04 PM;Default;CDC401;SN 231662582599;Edited;Sample ID (28237);41.2;mS/cm;20.7;°C;37.8;mS/cm;;;NaCl/Non-Linear;Reference Temperature = 25 °C;;;;;;;;;;;OK;4/19/2024;3:08:41 PM;Default;K;0.366;;cm⁻¹;;;;1;30000;µS/cm;28.4;mS/cm;22.2;;;;;;;;;;;;;;;;;;;;;;;;;;;;;;;°C;;;;;1714068124;1713539321;2.32E+11;;Interval;EndOfRecord
RD;pH;4/25/2024;6:01:04 PM;Default;PHC301;SN 240462571090;Edited;Sample ID (28236);3.01;pH;20.6;°C;242.1;mV;;;;;;;;;;;;;;;OK;4/25/2024;12:22:34 PM;Default;Slope;-57.99;98;mV/pH;14.1;mV;0.9998;3;4;pH;187.6;mV;22.2;7.01;pH;11;mV;22;10.04;pH;-159.2;mV;22.5;;;;;;;;;;;;;;;;;;;;;°C;;;;;1714068064;1714047754;2.32E+11;;Interval;EndOfRecord
RD;CD;4/25/2024;6:01:04 PM;Default;CDC401;SN 231662582599;Edited;Sample ID (28236);41.2;mS/cm;20.7;°C;37.8;mS/cm;;;NaCl/Non-Linear;Reference Temperature = 25 °C;;;;;;;;;;;OK;4/19/2024;3:08:41 PM;Default;K;0.366;;cm⁻¹;;;;1;30000;µS/cm;28.4;mS/cm;22.2;;;;;;;;;;;;;;;;;;;;;;;;;;;;;;;°C;;;;;1714068064;1713539321;2.32E+11;;Interval;EndOfRecord
RD;pH;4/25/2024;6:00:03 PM;Default;PHC301;SN 240462571090;Edited;Sample ID (28235);3.01;pH;20.6;°C;242.1;mV;;;;;;;;;;;;;;;OK;4/25/2024;12:22:34 PM;Default;Slope;-57.99;98;mV/pH;14.1;mV;0.9998;3;4;pH;187.6;mV;22.2;7.01;pH;11;mV;22;10.04;pH;-159.2;mV;22.5;;;;;;;;;;;;;;;;;;;;;°C;;;;;1714068003;1714047754;2.32E+11;;Interval;EndOfRecord
RD;CD;4/25/2024;6:00:03 PM;Default;CDC401;SN 231662582599;Edited;Sample ID (28235);41.2;mS/cm;20.7;°C;37.8;mS/cm;;;NaCl/Non-Linear;Reference Temperature = 25 °C;;;;;;;;;;;OK;4/19/2024;3:08:41 PM;Default;K;0.366;;cm⁻¹;;;;1;30000;µS/cm;28.4;mS/cm;22.2;;;;;;;;;;;;;;;;;;;;;;;;;;;;;;;°C;;;;;1714068003;1713539321;2.32E+11;;Interval;EndOfRecord
RD;pH;4/25/2024;5:59:03 PM;Default;PHC301;SN 240462571090;Edited;Sample ID (28234);3.01;pH;20.6;°C;242.1;mV;;;;;;;;;;;;;;;OK;4/25/2024;12:22:34 PM;Default;Slope;-57.99;98;mV/pH;14.1;mV;0.9998;3;4;pH;187.6;mV;22.2;7.01;pH;11;mV;22;10.04;pH;-159.2;mV;22.5;;;;;;;;;;;;;;;;;;;;;°C;;;;;1714067943;1714047754;2.32E+11;;Interval;EndOfRecord
RD;CD;4/25/2024;5:59:03 PM;Default;CDC401;SN 231662582599;Edited;Sample ID (28234);41.2;mS/cm;20.7;°C;37.8;mS/cm;;;NaCl/Non-Linear;Reference Temperature = 25 °C;;;;;;;;;;;OK;4/19/2024;3:08:41 PM;Default;K;0.366;;cm⁻¹;;;;1;30000;µS/cm;28.4;mS/cm;22.2;;;;;;;;;;;;;;;;;;;;;;;;;;;;;;;°C;;;;;1714067943;1713539321;2.32E+11;;Interval;EndOfRecord
RD;pH;4/25/2024;5:58:03 PM;Default;PHC301;SN 240462571090;Edited;Sample ID (28233);3.01;pH;20.6;°C;242;mV;;;;;;;;;;;;;;;OK;4/25/2024;12:22:34 PM;Default;Slope;-57.99;98;mV/pH;14.1;mV;0.9998;3;4;pH;187.6;mV;22.2;7.01;pH;11;mV;22;10.04;pH;-159.2;mV;22.5;;;;;;;;;;;;;;;;;;;;;°C;;;;;1714067883;1714047754;2.32E+11;;Interval;EndOfRecord
RD;CD;4/25/2024;5:58:03 PM;Default;CDC401;SN 231662582599;Edited;Sample ID (28233);41.2;mS/cm;20.7;°C;37.8;mS/cm;;;NaCl/Non-Linear;Reference Temperature = 25 °C;;;;;;;;;;;OK;4/19/2024;3:08:41 PM;Default;K;0.366;;cm⁻¹;;;;1;30000;µS/cm;28.4;mS/cm;22.2;;;;;;;;;;;;;;;;;;;;;;;;;;;;;;;°C;;;;;1714067883;1713539321;2.32E+11;;Interval;EndOfRecord
RD;pH;4/25/2024;5:57:04 PM;Default;PHC301;SN 240462571090;Edited;Sample ID (28232);3.01;pH;20.6;°C;242;mV;;;;;;;;;;;;;;;OK;4/25/2024;12:22:34 PM;Default;Slope;-57.99;98;mV/pH;14.1;mV;0.9998;3;4;pH;187.6;mV;22.2;7.01;pH;11;mV;22;10.04;pH;-159.2;mV;22.5;;;;;;;;;;;;;;;;;;;;;°C;;;;;1714067824;1714047754;2.32E+11;;Interval;EndOfRecord
RD;CD;4/25/2024;5:57:04 PM;Default;CDC401;SN 231662582599;Edited;Sample ID (28232);41.2;mS/cm;20.7;°C;37.8;mS/cm;;;NaCl/Non-Linear;Reference Temperature = 25 °C;;;;;;;;;;;OK;4/19/2024;3:08:41 PM;Default;K;0.366;;cm⁻¹;;;;1;30000;µS/cm;28.4;mS/cm;22.2;;;;;;;;;;;;;;;;;;;;;;;;;;;;;;;°C;;;;;1714067824;1713539321;2.32E+11;;Interval;EndOfRecord
RD;pH;4/25/2024;5:56:05 PM;Default;PHC301;SN 240462571090;Edited;Sample ID (28231);3.01;pH;20.6;°C;242;mV;;;;;;;;;;;;;;;OK;4/25/2024;12:22:34 PM;Default;Slope;-57.99;98;mV/pH;14.1;mV;0.9998;3;4;pH;187.6;mV;22.2;7.01;pH;11;mV;22;10.04;pH;-159.2;mV;22.5;;;;;;;;;;;;;;;;;;;;;°C;;;;;1714067765;1714047754;2.32E+11;;Interval;EndOfRecord
RD;CD;4/25/2024;5:56:05 PM;Default;CDC401;SN 231662582599;Edited;Sample ID (28231);41.2;mS/cm;20.7;°C;37.7;mS/cm;;;NaCl/Non-Linear;Reference Temperature = 25 °C;;;;;;;;;;;OK;4/19/2024;3:08:41 PM;Default;K;0.366;;cm⁻¹;;;;1;30000;µS/cm;28.4;mS/cm;22.2;;;;;;;;;;;;;;;;;;;;;;;;;;;;;;;°C;;;;;1714067765;1713539321;2.32E+11;;Interval;EndOfRecord
RD;pH;4/25/2024;5:55:04 PM;Default;PHC301;SN 240462571090;Edited;Sample ID (28230);3.011;pH;20.6;°C;242;mV;;;;;;;;;;;;;;;OK;4/25/2024;12:22:34 PM;Default;Slope;-57.99;98;mV/pH;14.1;mV;0.9998;3;4;pH;187.6;mV;22.2;7.01;pH;11;mV;22;10.04;pH;-159.2;mV;22.5;;;;;;;;;;;;;;;;;;;;;°C;;;;;1714067704;1714047754;2.32E+11;;Interval;EndOfRecord
RD;CD;4/25/2024;5:55:04 PM;Default;CDC401;SN 231662582599;Edited;Sample ID (28230);41.2;mS/cm;20.7;°C;37.7;mS/cm;;;NaCl/Non-Linear;Reference Temperature = 25 °C;;;;;;;;;;;OK;4/19/2024;3:08:41 PM;Default;K;0.366;;cm⁻¹;;;;1;30000;µS/cm;28.4;mS/cm;22.2;;;;;;;;;;;;;;;;;;;;;;;;;;;;;;;°C;;;;;1714067704;1713539321;2.32E+11;;Interval;EndOfRecord
RD;pH;4/25/2024;5:54:05 PM;Default;PHC301;SN 240462571090;Edited;Sample ID (28229);3.011;pH;20.6;°C;242;mV;;;;;;;;;;;;;;;OK;4/25/2024;12:22:34 PM;Default;Slope;-57.99;98;mV/pH;14.1;mV;0.9998;3;4;pH;187.6;mV;22.2;7.01;pH;11;mV;22;10.04;pH;-159.2;mV;22.5;;;;;;;;;;;;;;;;;;;;;°C;;;;;1714067645;1714047754;2.32E+11;;Interval;EndOfRecord
RD;CD;4/25/2024;5:54:05 PM;Default;CDC401;SN 231662582599;Edited;Sample ID (28229);41.2;mS/cm;20.7;°C;37.7;mS/cm;;;NaCl/Non-Linear;Reference Temperature = 25 °C;;;;;;;;;;;OK;4/19/2024;3:08:41 PM;Default;K;0.366;;cm⁻¹;;;;1;30000;µS/cm;28.4;mS/cm;22.2;;;;;;;;;;;;;;;;;;;;;;;;;;;;;;;°C;;;;;1714067645;1713539321;2.32E+11;;Interval;EndOfRecord
RD;pH;4/25/2024;5:53:03 PM;Default;PHC301;SN 240462571090;Edited;Sample ID (28228);3.011;pH;20.6;°C;242;mV;;;;;;;;;;;;;;;OK;4/25/2024;12:22:34 PM;Default;Slope;-57.99;98;mV/pH;14.1;mV;0.9998;3;4;pH;187.6;mV;22.2;7.01;pH;11;mV;22;10.04;pH;-159.2;mV;22.5;;;;;;;;;;;;;;;;;;;;;°C;;;;;1714067583;1714047754;2.32E+11;;Interval;EndOfRecord
RD;CD;4/25/2024;5:53:03 PM;Default;CDC401;SN 231662582599;Edited;Sample ID (28228);41.2;mS/cm;20.7;°C;37.7;mS/cm;;;NaCl/Non-Linear;Reference Temperature = 25 °C;;;;;;;;;;;OK;4/19/2024;3:08:41 PM;Default;K;0.366;;cm⁻¹;;;;1;30000;µS/cm;28.4;mS/cm;22.2;;;;;;;;;;;;;;;;;;;;;;;;;;;;;;;°C;;;;;1714067583;1713539321;2.32E+11;;Interval;EndOfRecord
RD;pH;4/25/2024;5:52:03 PM;Default;PHC301;SN 240462571090;Edited;Sample ID (28227);3.011;pH;20.6;°C;242;mV;;;;;;;;;;;;;;;OK;4/25/2024;12:22:34 PM;Default;Slope;-57.99;98;mV/pH;14.1;mV;0.9998;3;4;pH;187.6;mV;22.2;7.01;pH;11;mV;22;10.04;pH;-159.2;mV;22.5;;;;;;;;;;;;;;;;;;;;;°C;;;;;1714067523;1714047754;2.32E+11;;Interval;EndOfRecord
RD;CD;4/25/2024;5:52:03 PM;Default;CDC401;SN 231662582599;Edited;Sample ID (28227);41.2;mS/cm;20.7;°C;37.7;mS/cm;;;NaCl/Non-Linear;Reference Temperature = 25 °C;;;;;;;;;;;OK;4/19/2024;3:08:41 PM;Default;K;0.366;;cm⁻¹;;;;1;30000;µS/cm;28.4;mS/cm;22.2;;;;;;;;;;;;;;;;;;;;;;;;;;;;;;;°C;;;;;1714067523;1713539321;2.32E+11;;Interval;EndOfRecord
RD;pH;4/25/2024;5:51:06 PM;Default;PHC301;SN 240462571090;Edited;Sample ID (28226);3.011;pH;20.6;°C;242;mV;;;;;;;;;;;;;;;OK;4/25/2024;12:22:34 PM;Default;Slope;-57.99;98;mV/pH;14.1;mV;0.9998;3;4;pH;187.6;mV;22.2;7.01;pH;11;mV;22;10.04;pH;-159.2;mV;22.5;;;;;;;;;;;;;;;;;;;;;°C;;;;;1714067466;1714047754;2.32E+11;;Interval;EndOfRecord
RD;CD;4/25/2024;5:51:06 PM;Default;CDC401;SN 231662582599;Edited;Sample ID (28226);41.2;mS/cm;20.7;°C;37.7;mS/cm;;;NaCl/Non-Linear;Reference Temperature = 25 °C;;;;;;;;;;;OK;4/19/2024;3:08:41 PM;Default;K;0.366;;cm⁻¹;;;;1;30000;µS/cm;28.4;mS/cm;22.2;;;;;;;;;;;;;;;;;;;;;;;;;;;;;;;°C;;;;;1714067466;1713539321;2.32E+11;;Interval;EndOfRecord
RD;pH;4/25/2024;5:50:05 PM;Default;PHC301;SN 240462571090;Edited;Sample ID (28225);3.011;pH;20.6;°C;242;mV;;;;;;;;;;;;;;;OK;4/25/2024;12:22:34 PM;Default;Slope;-57.99;98;mV/pH;14.1;mV;0.9998;3;4;pH;187.6;mV;22.2;7.01;pH;11;mV;22;10.04;pH;-159.2;mV;22.5;;;;;;;;;;;;;;;;;;;;;°C;;;;;1714067405;1714047754;2.32E+11;;Interval;EndOfRecord
RD;CD;4/25/2024;5:50:05 PM;Default;CDC401;SN 231662582599;Edited;Sample ID (28225);41.2;mS/cm;20.7;°C;37.7;mS/cm;;;NaCl/Non-Linear;Reference Temperature = 25 °C;;;;;;;;;;;OK;4/19/2024;3:08:41 PM;Default;K;0.366;;cm⁻¹;;;;1;30000;µS/cm;28.4;mS/cm;22.2;;;;;;;;;;;;;;;;;;;;;;;;;;;;;;;°C;;;;;1714067405;1713539321;2.32E+11;;Interval;EndOfRecord
RD;pH;4/25/2024;5:49:04 PM;Default;PHC301;SN 240462571090;Edited;Sample ID (28224);3.011;pH;20.6;°C;241.9;mV;;;;;;;;;;;;;;;OK;4/25/2024;12:22:34 PM;Default;Slope;-57.99;98;mV/pH;14.1;mV;0.9998;3;4;pH;187.6;mV;22.2;7.01;pH;11;mV;22;10.04;pH;-159.2;mV;22.5;;;;;;;;;;;;;;;;;;;;;°C;;;;;1714067344;1714047754;2.32E+11;;Interval;EndOfRecord
RD;CD;4/25/2024;5:49:04 PM;Default;CDC401;SN 231662582599;Edited;Sample ID (28224);41.2;mS/cm;20.7;°C;37.7;mS/cm;;;NaCl/Non-Linear;Reference Temperature = 25 °C;;;;;;;;;;;OK;4/19/2024;3:08:41 PM;Default;K;0.366;;cm⁻¹;;;;1;30000;µS/cm;28.4;mS/cm;22.2;;;;;;;;;;;;;;;;;;;;;;;;;;;;;;;°C;;;;;1714067344;1713539321;2.32E+11;;Interval;EndOfRecord
RD;pH;4/25/2024;5:48:04 PM;Default;PHC301;SN 240462571090;Edited;Sample ID (28223);3.011;pH;20.6;°C;241.9;mV;;;;;;;;;;;;;;;OK;4/25/2024;12:22:34 PM;Default;Slope;-57.99;98;mV/pH;14.1;mV;0.9998;3;4;pH;187.6;mV;22.2;7.01;pH;11;mV;22;10.04;pH;-159.2;mV;22.5;;;;;;;;;;;;;;;;;;;;;°C;;;;;1714067284;1714047754;2.32E+11;;Interval;EndOfRecord
RD;CD;4/25/2024;5:48:04 PM;Default;CDC401;SN 231662582599;Edited;Sample ID (28223);41.2;mS/cm;20.7;°C;37.7;mS/cm;;;NaCl/Non-Linear;Reference Temperature = 25 °C;;;;;;;;;;;OK;4/19/2024;3:08:41 PM;Default;K;0.366;;cm⁻¹;;;;1;30000;µS/cm;28.4;mS/cm;22.2;;;;;;;;;;;;;;;;;;;;;;;;;;;;;;;°C;;;;;1714067284;1713539321;2.32E+11;;Interval;EndOfRecord
RD;pH;4/25/2024;5:47:03 PM;Default;PHC301;SN 240462571090;Edited;Sample ID (28222);3.011;pH;20.6;°C;241.9;mV;;;;;;;;;;;;;;;OK;4/25/2024;12:22:34 PM;Default;Slope;-57.99;98;mV/pH;14.1;mV;0.9998;3;4;pH;187.6;mV;22.2;7.01;pH;11;mV;22;10.04;pH;-159.2;mV;22.5;;;;;;;;;;;;;;;;;;;;;°C;;;;;1714067223;1714047754;2.32E+11;;Interval;EndOfRecord
RD;CD;4/25/2024;5:47:03 PM;Default;CDC401;SN 231662582599;Edited;Sample ID (28222);41.2;mS/cm;20.6;°C;37.7;mS/cm;;;NaCl/Non-Linear;Reference Temperature = 25 °C;;;;;;;;;;;OK;4/19/2024;3:08:41 PM;Default;K;0.366;;cm⁻¹;;;;1;30000;µS/cm;28.4;mS/cm;22.2;;;;;;;;;;;;;;;;;;;;;;;;;;;;;;;°C;;;;;1714067223;1713539321;2.32E+11;;Interval;EndOfRecord
RD;pH;4/25/2024;5:46:03 PM;Default;PHC301;SN 240462571090;Edited;Sample ID (28221);3.011;pH;20.6;°C;241.9;mV;;;;;;;;;;;;;;;OK;4/25/2024;12:22:34 PM;Default;Slope;-57.99;98;mV/pH;14.1;mV;0.9998;3;4;pH;187.6;mV;22.2;7.01;pH;11;mV;22;10.04;pH;-159.2;mV;22.5;;;;;;;;;;;;;;;;;;;;;°C;;;;;1714067163;1714047754;2.32E+11;;Interval;EndOfRecord
RD;CD;4/25/2024;5:46:03 PM;Default;CDC401;SN 231662582599;Edited;Sample ID (28221);41.2;mS/cm;20.6;°C;37.7;mS/cm;;;NaCl/Non-Linear;Reference Temperature = 25 °C;;;;;;;;;;;OK;4/19/2024;3:08:41 PM;Default;K;0.366;;cm⁻¹;;;;1;30000;µS/cm;28.4;mS/cm;22.2;;;;;;;;;;;;;;;;;;;;;;;;;;;;;;;°C;;;;;1714067163;1713539321;2.32E+11;;Interval;EndOfRecord
RD;pH;4/25/2024;5:45:05 PM;Default;PHC301;SN 240462571090;Edited;Sample ID (28220);3.011;pH;20.6;°C;241.9;mV;;;;;;;;;;;;;;;OK;4/25/2024;12:22:34 PM;Default;Slope;-57.99;98;mV/pH;14.1;mV;0.9998;3;4;pH;187.6;mV;22.2;7.01;pH;11;mV;22;10.04;pH;-159.2;mV;22.5;;;;;;;;;;;;;;;;;;;;;°C;;;;;1714067105;1714047754;2.32E+11;;Interval;EndOfRecord
RD;CD;4/25/2024;5:45:05 PM;Default;CDC401;SN 231662582599;Edited;Sample ID (28220);41.2;mS/cm;20.6;°C;37.7;mS/cm;;;NaCl/Non-Linear;Reference Temperature = 25 °C;;;;;;;;;;;OK;4/19/2024;3:08:41 PM;Default;K;0.366;;cm⁻¹;;;;1;30000;µS/cm;28.4;mS/cm;22.2;;;;;;;;;;;;;;;;;;;;;;;;;;;;;;;°C;;;;;1714067105;1713539321;2.32E+11;;Interval;EndOfRecord
RD;pH;4/25/2024;5:44:05 PM;Default;PHC301;SN 240462571090;Edited;Sample ID (28219);3.012;pH;20.6;°C;241.9;mV;;;;;;;;;;;;;;;OK;4/25/2024;12:22:34 PM;Default;Slope;-57.99;98;mV/pH;14.1;mV;0.9998;3;4;pH;187.6;mV;22.2;7.01;pH;11;mV;22;10.04;pH;-159.2;mV;22.5;;;;;;;;;;;;;;;;;;;;;°C;;;;;1714067045;1714047754;2.32E+11;;Interval;EndOfRecord
RD;CD;4/25/2024;5:44:05 PM;Default;CDC401;SN 231662582599;Edited;Sample ID (28219);41.2;mS/cm;20.6;°C;37.7;mS/cm;;;NaCl/Non-Linear;Reference Temperature = 25 °C;;;;;;;;;;;OK;4/19/2024;3:08:41 PM;Default;K;0.366;;cm⁻¹;;;;1;30000;µS/cm;28.4;mS/cm;22.2;;;;;;;;;;;;;;;;;;;;;;;;;;;;;;;°C;;;;;1714067045;1713539321;2.32E+11;;Interval;EndOfRecord
RD;pH;4/25/2024;5:43:03 PM;Default;PHC301;SN 240462571090;Edited;Sample ID (28218);3.012;pH;20.6;°C;241.9;mV;;;;;;;;;;;;;;;OK;4/25/2024;12:22:34 PM;Default;Slope;-57.99;98;mV/pH;14.1;mV;0.9998;3;4;pH;187.6;mV;22.2;7.01;pH;11;mV;22;10.04;pH;-159.2;mV;22.5;;;;;;;;;;;;;;;;;;;;;°C;;;;;1714066983;1714047754;2.32E+11;;Interval;EndOfRecord
RD;CD;4/25/2024;5:43:03 PM;Default;CDC401;SN 231662582599;Edited;Sample ID (28218);41.2;mS/cm;20.6;°C;37.7;mS/cm;;;NaCl/Non-Linear;Reference Temperature = 25 °C;;;;;;;;;;;OK;4/19/2024;3:08:41 PM;Default;K;0.366;;cm⁻¹;;;;1;30000;µS/cm;28.4;mS/cm;22.2;;;;;;;;;;;;;;;;;;;;;;;;;;;;;;;°C;;;;;1714066983;1713539321;2.32E+11;;Interval;EndOfRecord
RD;pH;4/25/2024;5:42:03 PM;Default;PHC301;SN 240462571090;Edited;Sample ID (28217);3.012;pH;20.6;°C;241.9;mV;;;;;;;;;;;;;;;OK;4/25/2024;12:22:34 PM;Default;Slope;-57.99;98;mV/pH;14.1;mV;0.9998;3;4;pH;187.6;mV;22.2;7.01;pH;11;mV;22;10.04;pH;-159.2;mV;22.5;;;;;;;;;;;;;;;;;;;;;°C;;;;;1714066923;1714047754;2.32E+11;;Interval;EndOfRecord
RD;CD;4/25/2024;5:42:03 PM;Default;CDC401;SN 231662582599;Edited;Sample ID (28217);41.2;mS/cm;20.6;°C;37.7;mS/cm;;;NaCl/Non-Linear;Reference Temperature = 25 °C;;;;;;;;;;;OK;4/19/2024;3:08:41 PM;Default;K;0.366;;cm⁻¹;;;;1;30000;µS/cm;28.4;mS/cm;22.2;;;;;;;;;;;;;;;;;;;;;;;;;;;;;;;°C;;;;;1714066923;1713539321;2.32E+11;;Interval;EndOfRecord
RD;pH;4/25/2024;5:41:03 PM;Default;PHC301;SN 240462571090;Edited;Sample ID (28216);3.012;pH;20.6;°C;241.9;mV;;;;;;;;;;;;;;;OK;4/25/2024;12:22:34 PM;Default;Slope;-57.99;98;mV/pH;14.1;mV;0.9998;3;4;pH;187.6;mV;22.2;7.01;pH;11;mV;22;10.04;pH;-159.2;mV;22.5;;;;;;;;;;;;;;;;;;;;;°C;;;;;1714066863;1714047754;2.32E+11;;Interval;EndOfRecord
RD;CD;4/25/2024;5:41:03 PM;Default;CDC401;SN 231662582599;Edited;Sample ID (28216);41.2;mS/cm;20.6;°C;37.7;mS/cm;;;NaCl/Non-Linear;Reference Temperature = 25 °C;;;;;;;;;;;OK;4/19/2024;3:08:41 PM;Default;K;0.366;;cm⁻¹;;;;1;30000;µS/cm;28.4;mS/cm;22.2;;;;;;;;;;;;;;;;;;;;;;;;;;;;;;;°C;;;;;1714066863;1713539321;2.32E+11;;Interval;EndOfRecord
RD;pH;4/25/2024;5:40:03 PM;Default;PHC301;SN 240462571090;Edited;Sample ID (28215);3.012;pH;20.6;°C;241.9;mV;;;;;;;;;;;;;;;OK;4/25/2024;12:22:34 PM;Default;Slope;-57.99;98;mV/pH;14.1;mV;0.9998;3;4;pH;187.6;mV;22.2;7.01;pH;11;mV;22;10.04;pH;-159.2;mV;22.5;;;;;;;;;;;;;;;;;;;;;°C;;;;;1714066803;1714047754;2.32E+11;;Interval;EndOfRecord
RD;CD;4/25/2024;5:40:03 PM;Default;CDC401;SN 231662582599;Edited;Sample ID (28215);41.2;mS/cm;20.6;°C;37.7;mS/cm;;;NaCl/Non-Linear;Reference Temperature = 25 °C;;;;;;;;;;;OK;4/19/2024;3:08:41 PM;Default;K;0.366;;cm⁻¹;;;;1;30000;µS/cm;28.4;mS/cm;22.2;;;;;;;;;;;;;;;;;;;;;;;;;;;;;;;°C;;;;;1714066803;1713539321;2.32E+11;;Interval;EndOfRecord
RD;pH;4/25/2024;5:39:06 PM;Default;PHC301;SN 240462571090;Edited;Sample ID (28214);3.012;pH;20.6;°C;241.9;mV;;;;;;;;;;;;;;;OK;4/25/2024;12:22:34 PM;Default;Slope;-57.99;98;mV/pH;14.1;mV;0.9998;3;4;pH;187.6;mV;22.2;7.01;pH;11;mV;22;10.04;pH;-159.2;mV;22.5;;;;;;;;;;;;;;;;;;;;;°C;;;;;1714066746;1714047754;2.32E+11;;Interval;EndOfRecord
RD;CD;4/25/2024;5:39:06 PM;Default;CDC401;SN 231662582599;Edited;Sample ID (28214);41.2;mS/cm;20.6;°C;37.7;mS/cm;;;NaCl/Non-Linear;Reference Temperature = 25 °C;;;;;;;;;;;OK;4/19/2024;3:08:41 PM;Default;K;0.366;;cm⁻¹;;;;1;30000;µS/cm;28.4;mS/cm;22.2;;;;;;;;;;;;;;;;;;;;;;;;;;;;;;;°C;;;;;1714066746;1713539321;2.32E+11;;Interval;EndOfRecord
RD;pH;4/25/2024;5:38:04 PM;Default;PHC301;SN 240462571090;Edited;Sample ID (28213);3.012;pH;20.6;°C;241.9;mV;;;;;;;;;;;;;;;OK;4/25/2024;12:22:34 PM;Default;Slope;-57.99;98;mV/pH;14.1;mV;0.9998;3;4;pH;187.6;mV;22.2;7.01;pH;11;mV;22;10.04;pH;-159.2;mV;22.5;;;;;;;;;;;;;;;;;;;;;°C;;;;;1714066684;1714047754;2.32E+11;;Interval;EndOfRecord
RD;CD;4/25/2024;5:38:04 PM;Default;CDC401;SN 231662582599;Edited;Sample ID (28213);41.2;mS/cm;20.6;°C;37.7;mS/cm;;;NaCl/Non-Linear;Reference Temperature = 25 °C;;;;;;;;;;;OK;4/19/2024;3:08:41 PM;Default;K;0.366;;cm⁻¹;;;;1;30000;µS/cm;28.4;mS/cm;22.2;;;;;;;;;;;;;;;;;;;;;;;;;;;;;;;°C;;;;;1714066684;1713539321;2.32E+11;;Interval;EndOfRecord
RD;pH;4/25/2024;5:37:05 PM;Default;PHC301;SN 240462571090;Edited;Sample ID (28212);3.012;pH;20.6;°C;241.9;mV;;;;;;;;;;;;;;;OK;4/25/2024;12:22:34 PM;Default;Slope;-57.99;98;mV/pH;14.1;mV;0.9998;3;4;pH;187.6;mV;22.2;7.01;pH;11;mV;22;10.04;pH;-159.2;mV;22.5;;;;;;;;;;;;;;;;;;;;;°C;;;;;1714066625;1714047754;2.32E+11;;Interval;EndOfRecord
RD;CD;4/25/2024;5:37:05 PM;Default;CDC401;SN 231662582599;Edited;Sample ID (28212);41.2;mS/cm;20.6;°C;37.7;mS/cm;;;NaCl/Non-Linear;Reference Temperature = 25 °C;;;;;;;;;;;OK;4/19/2024;3:08:41 PM;Default;K;0.366;;cm⁻¹;;;;1;30000;µS/cm;28.4;mS/cm;22.2;;;;;;;;;;;;;;;;;;;;;;;;;;;;;;;°C;;;;;1714066625;1713539321;2.32E+11;;Interval;EndOfRecord
RD;pH;4/25/2024;5:36:04 PM;Default;PHC301;SN 240462571090;Edited;Sample ID (28211);3.012;pH;20.6;°C;241.9;mV;;;;;;;;;;;;;;;OK;4/25/2024;12:22:34 PM;Default;Slope;-57.99;98;mV/pH;14.1;mV;0.9998;3;4;pH;187.6;mV;22.2;7.01;pH;11;mV;22;10.04;pH;-159.2;mV;22.5;;;;;;;;;;;;;;;;;;;;;°C;;;;;1714066564;1714047754;2.32E+11;;Interval;EndOfRecord
RD;CD;4/25/2024;5:36:04 PM;Default;CDC401;SN 231662582599;Edited;Sample ID (28211);41.2;mS/cm;20.6;°C;37.7;mS/cm;;;NaCl/Non-Linear;Reference Temperature = 25 °C;;;;;;;;;;;OK;4/19/2024;3:08:41 PM;Default;K;0.366;;cm⁻¹;;;;1;30000;µS/cm;28.4;mS/cm;22.2;;;;;;;;;;;;;;;;;;;;;;;;;;;;;;;°C;;;;;1714066564;1713539321;2.32E+11;;Interval;EndOfRecord
RD;pH;4/25/2024;5:35:04 PM;Default;PHC301;SN 240462571090;Edited;Sample ID (28210);3.012;pH;20.6;°C;241.9;mV;;;;;;;;;;;;;;;OK;4/25/2024;12:22:34 PM;Default;Slope;-57.99;98;mV/pH;14.1;mV;0.9998;3;4;pH;187.6;mV;22.2;7.01;pH;11;mV;22;10.04;pH;-159.2;mV;22.5;;;;;;;;;;;;;;;;;;;;;°C;;;;;1714066504;1714047754;2.32E+11;;Interval;EndOfRecord
RD;CD;4/25/2024;5:35:04 PM;Default;CDC401;SN 231662582599;Edited;Sample ID (28210);41.2;mS/cm;20.6;°C;37.7;mS/cm;;;NaCl/Non-Linear;Reference Temperature = 25 °C;;;;;;;;;;;OK;4/19/2024;3:08:41 PM;Default;K;0.366;;cm⁻¹;;;;1;30000;µS/cm;28.4;mS/cm;22.2;;;;;;;;;;;;;;;;;;;;;;;;;;;;;;;°C;;;;;1714066504;1713539321;2.32E+11;;Interval;EndOfRecord
RD;pH;4/25/2024;5:34:03 PM;Default;PHC301;SN 240462571090;Edited;Sample ID (28209);3.012;pH;20.6;°C;241.9;mV;;;;;;;;;;;;;;;OK;4/25/2024;12:22:34 PM;Default;Slope;-57.99;98;mV/pH;14.1;mV;0.9998;3;4;pH;187.6;mV;22.2;7.01;pH;11;mV;22;10.04;pH;-159.2;mV;22.5;;;;;;;;;;;;;;;;;;;;;°C;;;;;1714066443;1714047754;2.32E+11;;Interval;EndOfRecord
RD;CD;4/25/2024;5:34:03 PM;Default;CDC401;SN 231662582599;Edited;Sample ID (28209);41.2;mS/cm;20.6;°C;37.7;mS/cm;;;NaCl/Non-Linear;Reference Temperature = 25 °C;;;;;;;;;;;OK;4/19/2024;3:08:41 PM;Default;K;0.366;;cm⁻¹;;;;1;30000;µS/cm;28.4;mS/cm;22.2;;;;;;;;;;;;;;;;;;;;;;;;;;;;;;;°C;;;;;1714066443;1713539321;2.32E+11;;Interval;EndOfRecord
RD;pH;4/25/2024;5:33:03 PM;Default;PHC301;SN 240462571090;Edited;Sample ID (28208);3.012;pH;20.6;°C;241.9;mV;;;;;;;;;;;;;;;OK;4/25/2024;12:22:34 PM;Default;Slope;-57.99;98;mV/pH;14.1;mV;0.9998;3;4;pH;187.6;mV;22.2;7.01;pH;11;mV;22;10.04;pH;-159.2;mV;22.5;;;;;;;;;;;;;;;;;;;;;°C;;;;;1714066383;1714047754;2.32E+11;;Interval;EndOfRecord
RD;CD;4/25/2024;5:33:03 PM;Default;CDC401;SN 231662582599;Edited;Sample ID (28208);41.2;mS/cm;20.6;°C;37.7;mS/cm;;;NaCl/Non-Linear;Reference Temperature = 25 °C;;;;;;;;;;;OK;4/19/2024;3:08:41 PM;Default;K;0.366;;cm⁻¹;;;;1;30000;µS/cm;28.4;mS/cm;22.2;;;;;;;;;;;;;;;;;;;;;;;;;;;;;;;°C;;;;;1714066383;1713539321;2.32E+11;;Interval;EndOfRecord
RD;pH;4/25/2024;5:32:04 PM;Default;PHC301;SN 240462571090;Edited;Sample ID (28207);3.012;pH;20.6;°C;241.9;mV;;;;;;;;;;;;;;;OK;4/25/2024;12:22:34 PM;Default;Slope;-57.99;98;mV/pH;14.1;mV;0.9998;3;4;pH;187.6;mV;22.2;7.01;pH;11;mV;22;10.04;pH;-159.2;mV;22.5;;;;;;;;;;;;;;;;;;;;;°C;;;;;1714066324;1714047754;2.32E+11;;Interval;EndOfRecord
RD;CD;4/25/2024;5:32:04 PM;Default;CDC401;SN 231662582599;Edited;Sample ID (28207);41.2;mS/cm;20.7;°C;37.7;mS/cm;;;NaCl/Non-Linear;Reference Temperature = 25 °C;;;;;;;;;;;OK;4/19/2024;3:08:41 PM;Default;K;0.366;;cm⁻¹;;;;1;30000;µS/cm;28.4;mS/cm;22.2;;;;;;;;;;;;;;;;;;;;;;;;;;;;;;;°C;;;;;1714066324;1713539321;2.32E+11;;Interval;EndOfRecord
RD;pH;4/25/2024;5:31:04 PM;Default;PHC301;SN 240462571090;Edited;Sample ID (28206);3.012;pH;20.6;°C;241.9;mV;;;;;;;;;;;;;;;OK;4/25/2024;12:22:34 PM;Default;Slope;-57.99;98;mV/pH;14.1;mV;0.9998;3;4;pH;187.6;mV;22.2;7.01;pH;11;mV;22;10.04;pH;-159.2;mV;22.5;;;;;;;;;;;;;;;;;;;;;°C;;;;;1714066264;1714047754;2.32E+11;;Interval;EndOfRecord
RD;CD;4/25/2024;5:31:04 PM;Default;CDC401;SN 231662582599;Edited;Sample ID (28206);41.2;mS/cm;20.7;°C;37.7;mS/cm;;;NaCl/Non-Linear;Reference Temperature = 25 °C;;;;;;;;;;;OK;4/19/2024;3:08:41 PM;Default;K;0.366;;cm⁻¹;;;;1;30000;µS/cm;28.4;mS/cm;22.2;;;;;;;;;;;;;;;;;;;;;;;;;;;;;;;°C;;;;;1714066264;1713539321;2.32E+11;;Interval;EndOfRecord
RD;pH;4/25/2024;5:30:03 PM;Default;PHC301;SN 240462571090;Edited;Sample ID (28205);3.012;pH;20.6;°C;241.9;mV;;;;;;;;;;;;;;;OK;4/25/2024;12:22:34 PM;Default;Slope;-57.99;98;mV/pH;14.1;mV;0.9998;3;4;pH;187.6;mV;22.2;7.01;pH;11;mV;22;10.04;pH;-159.2;mV;22.5;;;;;;;;;;;;;;;;;;;;;°C;;;;;1714066203;1714047754;2.32E+11;;Interval;EndOfRecord
RD;CD;4/25/2024;5:30:03 PM;Default;CDC401;SN 231662582599;Edited;Sample ID (28205);41.2;mS/cm;20.7;°C;37.7;mS/cm;;;NaCl/Non-Linear;Reference Temperature = 25 °C;;;;;;;;;;;OK;4/19/2024;3:08:41 PM;Default;K;0.366;;cm⁻¹;;;;1;30000;µS/cm;28.4;mS/cm;22.2;;;;;;;;;;;;;;;;;;;;;;;;;;;;;;;°C;;;;;1714066203;1713539321;2.32E+11;;Interval;EndOfRecord
RD;pH;4/25/2024;5:29:05 PM;Default;PHC301;SN 240462571090;Edited;Sample ID (28204);3.012;pH;20.6;°C;241.9;mV;;;;;;;;;;;;;;;OK;4/25/2024;12:22:34 PM;Default;Slope;-57.99;98;mV/pH;14.1;mV;0.9998;3;4;pH;187.6;mV;22.2;7.01;pH;11;mV;22;10.04;pH;-159.2;mV;22.5;;;;;;;;;;;;;;;;;;;;;°C;;;;;1714066145;1714047754;2.32E+11;;Interval;EndOfRecord
RD;CD;4/25/2024;5:29:05 PM;Default;CDC401;SN 231662582599;Edited;Sample ID (28204);41.2;mS/cm;20.7;°C;37.7;mS/cm;;;NaCl/Non-Linear;Reference Temperature = 25 °C;;;;;;;;;;;OK;4/19/2024;3:08:41 PM;Default;K;0.366;;cm⁻¹;;;;1;30000;µS/cm;28.4;mS/cm;22.2;;;;;;;;;;;;;;;;;;;;;;;;;;;;;;;°C;;;;;1714066145;1713539321;2.32E+11;;Interval;EndOfRecord
RD;pH;4/25/2024;5:28:05 PM;Default;PHC301;SN 240462571090;Edited;Sample ID (28203);3.012;pH;20.6;°C;241.9;mV;;;;;;;;;;;;;;;OK;4/25/2024;12:22:34 PM;Default;Slope;-57.99;98;mV/pH;14.1;mV;0.9998;3;4;pH;187.6;mV;22.2;7.01;pH;11;mV;22;10.04;pH;-159.2;mV;22.5;;;;;;;;;;;;;;;;;;;;;°C;;;;;1714066085;1714047754;2.32E+11;;Interval;EndOfRecord
RD;CD;4/25/2024;5:28:05 PM;Default;CDC401;SN 231662582599;Edited;Sample ID (28203);41.2;mS/cm;20.7;°C;37.7;mS/cm;;;NaCl/Non-Linear;Reference Temperature = 25 °C;;;;;;;;;;;OK;4/19/2024;3:08:41 PM;Default;K;0.366;;cm⁻¹;;;;1;30000;µS/cm;28.4;mS/cm;22.2;;;;;;;;;;;;;;;;;;;;;;;;;;;;;;;°C;;;;;1714066085;1713539321;2.32E+11;;Interval;EndOfRecord
RD;pH;4/25/2024;5:27:06 PM;Default;PHC301;SN 240462571090;Edited;Sample ID (28202);3.014;pH;20.6;°C;241.9;mV;;;;;;;;;;;;;;;OK;4/25/2024;12:22:34 PM;Default;Slope;-57.99;98;mV/pH;14.1;mV;0.9998;3;4;pH;187.6;mV;22.2;7.01;pH;11;mV;22;10.04;pH;-159.2;mV;22.5;;;;;;;;;;;;;;;;;;;;;°C;;;;;1714066026;1714047754;2.32E+11;;Interval;EndOfRecord
RD;CD;4/25/2024;5:27:06 PM;Default;CDC401;SN 231662582599;Edited;Sample ID (28202);41.2;mS/cm;20.7;°C;37.7;mS/cm;;;NaCl/Non-Linear;Reference Temperature = 25 °C;;;;;;;;;;;OK;4/19/2024;3:08:41 PM;Default;K;0.366;;cm⁻¹;;;;1;30000;µS/cm;28.4;mS/cm;22.2;;;;;;;;;;;;;;;;;;;;;;;;;;;;;;;°C;;;;;1714066026;1713539321;2.32E+11;;Interval;EndOfRecord
RD;pH;4/25/2024;5:26:03 PM;Default;PHC301;SN 240462571090;Edited;Sample ID (28201);3.014;pH;20.6;°C;241.9;mV;;;;;;;;;;;;;;;OK;4/25/2024;12:22:34 PM;Default;Slope;-57.99;98;mV/pH;14.1;mV;0.9998;3;4;pH;187.6;mV;22.2;7.01;pH;11;mV;22;10.04;pH;-159.2;mV;22.5;;;;;;;;;;;;;;;;;;;;;°C;;;;;1714065963;1714047754;2.32E+11;;Interval;EndOfRecord
RD;CD;4/25/2024;5:26:03 PM;Default;CDC401;SN 231662582599;Edited;Sample ID (28201);41.2;mS/cm;20.7;°C;37.8;mS/cm;;;NaCl/Non-Linear;Reference Temperature = 25 °C;;;;;;;;;;;OK;4/19/2024;3:08:41 PM;Default;K;0.366;;cm⁻¹;;;;1;30000;µS/cm;28.4;mS/cm;22.2;;;;;;;;;;;;;;;;;;;;;;;;;;;;;;;°C;;;;;1714065963;1713539321;2.32E+11;;Interval;EndOfRecord
RD;pH;4/25/2024;5:25:04 PM;Default;PHC301;SN 240462571090;Edited;Sample ID (28200);3.014;pH;20.6;°C;241.9;mV;;;;;;;;;;;;;;;OK;4/25/2024;12:22:34 PM;Default;Slope;-57.99;98;mV/pH;14.1;mV;0.9998;3;4;pH;187.6;mV;22.2;7.01;pH;11;mV;22;10.04;pH;-159.2;mV;22.5;;;;;;;;;;;;;;;;;;;;;°C;;;;;1714065904;1714047754;2.32E+11;;Interval;EndOfRecord
RD;CD;4/25/2024;5:25:04 PM;Default;CDC401;SN 231662582599;Edited;Sample ID (28200);41.2;mS/cm;20.7;°C;37.7;mS/cm;;;NaCl/Non-Linear;Reference Temperature = 25 °C;;;;;;;;;;;OK;4/19/2024;3:08:41 PM;Default;K;0.366;;cm⁻¹;;;;1;30000;µS/cm;28.4;mS/cm;22.2;;;;;;;;;;;;;;;;;;;;;;;;;;;;;;;°C;;;;;1714065904;1713539321;2.32E+11;;Interval;EndOfRecord
RD;pH;4/25/2024;5:24:04 PM;Default;PHC301;SN 240462571090;Edited;Sample ID (28199);3.014;pH;20.6;°C;241.9;mV;;;;;;;;;;;;;;;OK;4/25/2024;12:22:34 PM;Default;Slope;-57.99;98;mV/pH;14.1;mV;0.9998;3;4;pH;187.6;mV;22.2;7.01;pH;11;mV;22;10.04;pH;-159.2;mV;22.5;;;;;;;;;;;;;;;;;;;;;°C;;;;;1714065844;1714047754;2.32E+11;;Interval;EndOfRecord
RD;CD;4/25/2024;5:24:04 PM;Default;CDC401;SN 231662582599;Edited;Sample ID (28199);41.2;mS/cm;20.7;°C;37.7;mS/cm;;;NaCl/Non-Linear;Reference Temperature = 25 °C;;;;;;;;;;;OK;4/19/2024;3:08:41 PM;Default;K;0.366;;cm⁻¹;;;;1;30000;µS/cm;28.4;mS/cm;22.2;;;;;;;;;;;;;;;;;;;;;;;;;;;;;;;°C;;;;;1714065844;1713539321;2.32E+11;;Interval;EndOfRecord
RD;pH;4/25/2024;5:23:03 PM;Default;PHC301;SN 240462571090;Edited;Sample ID (28198);3.014;pH;20.6;°C;241.9;mV;;;;;;;;;;;;;;;OK;4/25/2024;12:22:34 PM;Default;Slope;-57.99;98;mV/pH;14.1;mV;0.9998;3;4;pH;187.6;mV;22.2;7.01;pH;11;mV;22;10.04;pH;-159.2;mV;22.5;;;;;;;;;;;;;;;;;;;;;°C;;;;;1714065783;1714047754;2.32E+11;;Interval;EndOfRecord
RD;CD;4/25/2024;5:23:03 PM;Default;CDC401;SN 231662582599;Edited;Sample ID (28198);41.2;mS/cm;20.7;°C;37.8;mS/cm;;;NaCl/Non-Linear;Reference Temperature = 25 °C;;;;;;;;;;;OK;4/19/2024;3:08:41 PM;Default;K;0.366;;cm⁻¹;;;;1;30000;µS/cm;28.4;mS/cm;22.2;;;;;;;;;;;;;;;;;;;;;;;;;;;;;;;°C;;;;;1714065783;1713539321;2.32E+11;;Interval;EndOfRecord
RD;pH;4/25/2024;5:22:03 PM;Default;PHC301;SN 240462571090;Edited;Sample ID (28197);3.014;pH;20.6;°C;241.8;mV;;;;;;;;;;;;;;;OK;4/25/2024;12:22:34 PM;Default;Slope;-57.99;98;mV/pH;14.1;mV;0.9998;3;4;pH;187.6;mV;22.2;7.01;pH;11;mV;22;10.04;pH;-159.2;mV;22.5;;;;;;;;;;;;;;;;;;;;;°C;;;;;1714065723;1714047754;2.32E+11;;Interval;EndOfRecord
RD;CD;4/25/2024;5:22:03 PM;Default;CDC401;SN 231662582599;Edited;Sample ID (28197);41.2;mS/cm;20.7;°C;37.8;mS/cm;;;NaCl/Non-Linear;Reference Temperature = 25 °C;;;;;;;;;;;OK;4/19/2024;3:08:41 PM;Default;K;0.366;;cm⁻¹;;;;1;30000;µS/cm;28.4;mS/cm;22.2;;;;;;;;;;;;;;;;;;;;;;;;;;;;;;;°C;;;;;1714065723;1713539321;2.32E+11;;Interval;EndOfRecord
RD;pH;4/25/2024;5:21:05 PM;Default;PHC301;SN 240462571090;Edited;Sample ID (28196);3.015;pH;20.6;°C;241.8;mV;;;;;;;;;;;;;;;OK;4/25/2024;12:22:34 PM;Default;Slope;-57.99;98;mV/pH;14.1;mV;0.9998;3;4;pH;187.6;mV;22.2;7.01;pH;11;mV;22;10.04;pH;-159.2;mV;22.5;;;;;;;;;;;;;;;;;;;;;°C;;;;;1714065665;1714047754;2.32E+11;;Interval;EndOfRecord
RD;CD;4/25/2024;5:21:05 PM;Default;CDC401;SN 231662582599;Edited;Sample ID (28196);41.2;mS/cm;20.7;°C;37.7;mS/cm;;;NaCl/Non-Linear;Reference Temperature = 25 °C;;;;;;;;;;;OK;4/19/2024;3:08:41 PM;Default;K;0.366;;cm⁻¹;;;;1;30000;µS/cm;28.4;mS/cm;22.2;;;;;;;;;;;;;;;;;;;;;;;;;;;;;;;°C;;;;;1714065665;1713539321;2.32E+11;;Interval;EndOfRecord
RD;pH;4/25/2024;5:20:04 PM;Default;PHC301;SN 240462571090;Edited;Sample ID (28195);3.015;pH;20.6;°C;241.8;mV;;;;;;;;;;;;;;;OK;4/25/2024;12:22:34 PM;Default;Slope;-57.99;98;mV/pH;14.1;mV;0.9998;3;4;pH;187.6;mV;22.2;7.01;pH;11;mV;22;10.04;pH;-159.2;mV;22.5;;;;;;;;;;;;;;;;;;;;;°C;;;;;1714065604;1714047754;2.32E+11;;Interval;EndOfRecord
RD;CD;4/25/2024;5:20:04 PM;Default;CDC401;SN 231662582599;Edited;Sample ID (28195);41.2;mS/cm;20.7;°C;37.8;mS/cm;;;NaCl/Non-Linear;Reference Temperature = 25 °C;;;;;;;;;;;OK;4/19/2024;3:08:41 PM;Default;K;0.366;;cm⁻¹;;;;1;30000;µS/cm;28.4;mS/cm;22.2;;;;;;;;;;;;;;;;;;;;;;;;;;;;;;;°C;;;;;1714065604;1713539321;2.32E+11;;Interval;EndOfRecord
RD;pH;4/25/2024;5:19:04 PM;Default;PHC301;SN 240462571090;Edited;Sample ID (28194);3.015;pH;20.6;°C;241.8;mV;;;;;;;;;;;;;;;OK;4/25/2024;12:22:34 PM;Default;Slope;-57.99;98;mV/pH;14.1;mV;0.9998;3;4;pH;187.6;mV;22.2;7.01;pH;11;mV;22;10.04;pH;-159.2;mV;22.5;;;;;;;;;;;;;;;;;;;;;°C;;;;;1714065544;1714047754;2.32E+11;;Interval;EndOfRecord
RD;CD;4/25/2024;5:19:04 PM;Default;CDC401;SN 231662582599;Edited;Sample ID (28194);41.2;mS/cm;20.7;°C;37.8;mS/cm;;;NaCl/Non-Linear;Reference Temperature = 25 °C;;;;;;;;;;;OK;4/19/2024;3:08:41 PM;Default;K;0.366;;cm⁻¹;;;;1;30000;µS/cm;28.4;mS/cm;22.2;;;;;;;;;;;;;;;;;;;;;;;;;;;;;;;°C;;;;;1714065544;1713539321;2.32E+11;;Interval;EndOfRecord
RD;pH;4/25/2024;5:18:05 PM;Default;PHC301;SN 240462571090;Edited;Sample ID (28193);3.015;pH;20.6;°C;241.8;mV;;;;;;;;;;;;;;;OK;4/25/2024;12:22:34 PM;Default;Slope;-57.99;98;mV/pH;14.1;mV;0.9998;3;4;pH;187.6;mV;22.2;7.01;pH;11;mV;22;10.04;pH;-159.2;mV;22.5;;;;;;;;;;;;;;;;;;;;;°C;;;;;1714065485;1714047754;2.32E+11;;Interval;EndOfRecord
RD;CD;4/25/2024;5:18:05 PM;Default;CDC401;SN 231662582599;Edited;Sample ID (28193);41.2;mS/cm;20.7;°C;37.8;mS/cm;;;NaCl/Non-Linear;Reference Temperature = 25 °C;;;;;;;;;;;OK;4/19/2024;3:08:41 PM;Default;K;0.366;;cm⁻¹;;;;1;30000;µS/cm;28.4;mS/cm;22.2;;;;;;;;;;;;;;;;;;;;;;;;;;;;;;;°C;;;;;1714065485;1713539321;2.32E+11;;Interval;EndOfRecord
RD;pH;4/25/2024;5:17:03 PM;Default;PHC301;SN 240462571090;Edited;Sample ID (28192);3.015;pH;20.6;°C;241.8;mV;;;;;;;;;;;;;;;OK;4/25/2024;12:22:34 PM;Default;Slope;-57.99;98;mV/pH;14.1;mV;0.9998;3;4;pH;187.6;mV;22.2;7.01;pH;11;mV;22;10.04;pH;-159.2;mV;22.5;;;;;;;;;;;;;;;;;;;;;°C;;;;;1714065423;1714047754;2.32E+11;;Interval;EndOfRecord
RD;CD;4/25/2024;5:17:03 PM;Default;CDC401;SN 231662582599;Edited;Sample ID (28192);41.2;mS/cm;20.7;°C;37.8;mS/cm;;;NaCl/Non-Linear;Reference Temperature = 25 °C;;;;;;;;;;;OK;4/19/2024;3:08:41 PM;Default;K;0.366;;cm⁻¹;;;;1;30000;µS/cm;28.4;mS/cm;22.2;;;;;;;;;;;;;;;;;;;;;;;;;;;;;;;°C;;;;;1714065423;1713539321;2.32E+11;;Interval;EndOfRecord
RD;pH;4/25/2024;5:16:03 PM;Default;PHC301;SN 240462571090;Edited;Sample ID (28191);3.016;pH;20.6;°C;241.8;mV;;;;;;;;;;;;;;;OK;4/25/2024;12:22:34 PM;Default;Slope;-57.99;98;mV/pH;14.1;mV;0.9998;3;4;pH;187.6;mV;22.2;7.01;pH;11;mV;22;10.04;pH;-159.2;mV;22.5;;;;;;;;;;;;;;;;;;;;;°C;;;;;1714065363;1714047754;2.32E+11;;Interval;EndOfRecord
RD;CD;4/25/2024;5:16:03 PM;Default;CDC401;SN 231662582599;Edited;Sample ID (28191);41.2;mS/cm;20.7;°C;37.8;mS/cm;;;NaCl/Non-Linear;Reference Temperature = 25 °C;;;;;;;;;;;OK;4/19/2024;3:08:41 PM;Default;K;0.366;;cm⁻¹;;;;1;30000;µS/cm;28.4;mS/cm;22.2;;;;;;;;;;;;;;;;;;;;;;;;;;;;;;;°C;;;;;1714065363;1713539321;2.32E+11;;Interval;EndOfRecord
RD;pH;4/25/2024;5:15:05 PM;Default;PHC301;SN 240462571090;Edited;Sample ID (28190);3.016;pH;20.6;°C;241.8;mV;;;;;;;;;;;;;;;OK;4/25/2024;12:22:34 PM;Default;Slope;-57.99;98;mV/pH;14.1;mV;0.9998;3;4;pH;187.6;mV;22.2;7.01;pH;11;mV;22;10.04;pH;-159.2;mV;22.5;;;;;;;;;;;;;;;;;;;;;°C;;;;;1714065305;1714047754;2.32E+11;;Interval;EndOfRecord
RD;CD;4/25/2024;5:15:05 PM;Default;CDC401;SN 231662582599;Edited;Sample ID (28190);41.2;mS/cm;20.7;°C;37.8;mS/cm;;;NaCl/Non-Linear;Reference Temperature = 25 °C;;;;;;;;;;;OK;4/19/2024;3:08:41 PM;Default;K;0.366;;cm⁻¹;;;;1;30000;µS/cm;28.4;mS/cm;22.2;;;;;;;;;;;;;;;;;;;;;;;;;;;;;;;°C;;;;;1714065305;1713539321;2.32E+11;;Interval;EndOfRecord
RD;pH;4/25/2024;5:14:05 PM;Default;PHC301;SN 240462571090;Edited;Sample ID (28189);3.016;pH;20.6;°C;241.8;mV;;;;;;;;;;;;;;;OK;4/25/2024;12:22:34 PM;Default;Slope;-57.99;98;mV/pH;14.1;mV;0.9998;3;4;pH;187.6;mV;22.2;7.01;pH;11;mV;22;10.04;pH;-159.2;mV;22.5;;;;;;;;;;;;;;;;;;;;;°C;;;;;1714065245;1714047754;2.32E+11;;Interval;EndOfRecord
RD;CD;4/25/2024;5:14:05 PM;Default;CDC401;SN 231662582599;Edited;Sample ID (28189);41.2;mS/cm;20.7;°C;37.8;mS/cm;;;NaCl/Non-Linear;Reference Temperature = 25 °C;;;;;;;;;;;OK;4/19/2024;3:08:41 PM;Default;K;0.366;;cm⁻¹;;;;1;30000;µS/cm;28.4;mS/cm;22.2;;;;;;;;;;;;;;;;;;;;;;;;;;;;;;;°C;;;;;1714065245;1713539321;2.32E+11;;Interval;EndOfRecord
RD;pH;4/25/2024;5:13:03 PM;Default;PHC301;SN 240462571090;Edited;Sample ID (28188);3.016;pH;20.7;°C;241.8;mV;;;;;;;;;;;;;;;OK;4/25/2024;12:22:34 PM;Default;Slope;-57.99;98;mV/pH;14.1;mV;0.9998;3;4;pH;187.6;mV;22.2;7.01;pH;11;mV;22;10.04;pH;-159.2;mV;22.5;;;;;;;;;;;;;;;;;;;;;°C;;;;;1714065183;1714047754;2.32E+11;;Interval;EndOfRecord
RD;CD;4/25/2024;5:13:03 PM;Default;CDC401;SN 231662582599;Edited;Sample ID (28188);41.2;mS/cm;20.7;°C;37.8;mS/cm;;;NaCl/Non-Linear;Reference Temperature = 25 °C;;;;;;;;;;;OK;4/19/2024;3:08:41 PM;Default;K;0.366;;cm⁻¹;;;;1;30000;µS/cm;28.4;mS/cm;22.2;;;;;;;;;;;;;;;;;;;;;;;;;;;;;;;°C;;;;;1714065183;1713539321;2.32E+11;;Interval;EndOfRecord
RD;pH;4/25/2024;5:12:03 PM;Default;PHC301;SN 240462571090;Edited;Sample ID (28187);3.017;pH;20.7;°C;241.8;mV;;;;;;;;;;;;;;;OK;4/25/2024;12:22:34 PM;Default;Slope;-57.99;98;mV/pH;14.1;mV;0.9998;3;4;pH;187.6;mV;22.2;7.01;pH;11;mV;22;10.04;pH;-159.2;mV;22.5;;;;;;;;;;;;;;;;;;;;;°C;;;;;1714065123;1714047754;2.32E+11;;Interval;EndOfRecord
RD;CD;4/25/2024;5:12:03 PM;Default;CDC401;SN 231662582599;Edited;Sample ID (28187);41.2;mS/cm;20.7;°C;37.8;mS/cm;;;NaCl/Non-Linear;Reference Temperature = 25 °C;;;;;;;;;;;OK;4/19/2024;3:08:41 PM;Default;K;0.366;;cm⁻¹;;;;1;30000;µS/cm;28.4;mS/cm;22.2;;;;;;;;;;;;;;;;;;;;;;;;;;;;;;;°C;;;;;1714065123;1713539321;2.32E+11;;Interval;EndOfRecord
RD;pH;4/25/2024;5:11:03 PM;Default;PHC301;SN 240462571090;Edited;Sample ID (28186);3.017;pH;20.7;°C;241.8;mV;;;;;;;;;;;;;;;OK;4/25/2024;12:22:34 PM;Default;Slope;-57.99;98;mV/pH;14.1;mV;0.9998;3;4;pH;187.6;mV;22.2;7.01;pH;11;mV;22;10.04;pH;-159.2;mV;22.5;;;;;;;;;;;;;;;;;;;;;°C;;;;;1714065063;1714047754;2.32E+11;;Interval;EndOfRecord
RD;CD;4/25/2024;5:11:03 PM;Default;CDC401;SN 231662582599;Edited;Sample ID (28186);41.2;mS/cm;20.7;°C;37.8;mS/cm;;;NaCl/Non-Linear;Reference Temperature = 25 °C;;;;;;;;;;;OK;4/19/2024;3:08:41 PM;Default;K;0.366;;cm⁻¹;;;;1;30000;µS/cm;28.4;mS/cm;22.2;;;;;;;;;;;;;;;;;;;;;;;;;;;;;;;°C;;;;;1714065063;1713539321;2.32E+11;;Interval;EndOfRecord
RD;pH;4/25/2024;5:10:04 PM;Default;PHC301;SN 240462571090;Edited;Sample ID (28185);3.017;pH;20.7;°C;241.7;mV;;;;;;;;;;;;;;;OK;4/25/2024;12:22:34 PM;Default;Slope;-57.99;98;mV/pH;14.1;mV;0.9998;3;4;pH;187.6;mV;22.2;7.01;pH;11;mV;22;10.04;pH;-159.2;mV;22.5;;;;;;;;;;;;;;;;;;;;;°C;;;;;1714065004;1714047754;2.32E+11;;Interval;EndOfRecord
RD;CD;4/25/2024;5:10:04 PM;Default;CDC401;SN 231662582599;Edited;Sample ID (28185);41.2;mS/cm;20.7;°C;37.8;mS/cm;;;NaCl/Non-Linear;Reference Temperature = 25 °C;;;;;;;;;;;OK;4/19/2024;3:08:41 PM;Default;K;0.366;;cm⁻¹;;;;1;30000;µS/cm;28.4;mS/cm;22.2;;;;;;;;;;;;;;;;;;;;;;;;;;;;;;;°C;;;;;1714065004;1713539321;2.32E+11;;Interval;EndOfRecord
RD;pH;4/25/2024;5:09:03 PM;Default;PHC301;SN 240462571090;Edited;Sample ID (28184);3.017;pH;20.7;°C;241.7;mV;;;;;;;;;;;;;;;OK;4/25/2024;12:22:34 PM;Default;Slope;-57.99;98;mV/pH;14.1;mV;0.9998;3;4;pH;187.6;mV;22.2;7.01;pH;11;mV;22;10.04;pH;-159.2;mV;22.5;;;;;;;;;;;;;;;;;;;;;°C;;;;;1714064943;1714047754;2.32E+11;;Interval;EndOfRecord
RD;CD;4/25/2024;5:09:03 PM;Default;CDC401;SN 231662582599;Edited;Sample ID (28184);41.2;mS/cm;20.7;°C;37.8;mS/cm;;;NaCl/Non-Linear;Reference Temperature = 25 °C;;;;;;;;;;;OK;4/19/2024;3:08:41 PM;Default;K;0.366;;cm⁻¹;;;;1;30000;µS/cm;28.4;mS/cm;22.2;;;;;;;;;;;;;;;;;;;;;;;;;;;;;;;°C;;;;;1714064943;1713539321;2.32E+11;;Interval;EndOfRecord
RD;pH;4/25/2024;5:08:05 PM;Default;PHC301;SN 240462571090;Edited;Sample ID (28183);3.018;pH;20.7;°C;241.7;mV;;;;;;;;;;;;;;;OK;4/25/2024;12:22:34 PM;Default;Slope;-57.99;98;mV/pH;14.1;mV;0.9998;3;4;pH;187.6;mV;22.2;7.01;pH;11;mV;22;10.04;pH;-159.2;mV;22.5;;;;;;;;;;;;;;;;;;;;;°C;;;;;1714064885;1714047754;2.32E+11;;Interval;EndOfRecord
RD;CD;4/25/2024;5:08:05 PM;Default;CDC401;SN 231662582599;Edited;Sample ID (28183);41.2;mS/cm;20.7;°C;37.8;mS/cm;;;NaCl/Non-Linear;Reference Temperature = 25 °C;;;;;;;;;;;OK;4/19/2024;3:08:41 PM;Default;K;0.366;;cm⁻¹;;;;1;30000;µS/cm;28.4;mS/cm;22.2;;;;;;;;;;;;;;;;;;;;;;;;;;;;;;;°C;;;;;1714064885;1713539321;2.32E+11;;Interval;EndOfRecord
RD;pH;4/25/2024;5:07:05 PM;Default;PHC301;SN 240462571090;Edited;Sample ID (28182);3.018;pH;20.7;°C;241.7;mV;;;;;;;;;;;;;;;OK;4/25/2024;12:22:34 PM;Default;Slope;-57.99;98;mV/pH;14.1;mV;0.9998;3;4;pH;187.6;mV;22.2;7.01;pH;11;mV;22;10.04;pH;-159.2;mV;22.5;;;;;;;;;;;;;;;;;;;;;°C;;;;;1714064825;1714047754;2.32E+11;;Interval;EndOfRecord
RD;CD;4/25/2024;5:07:05 PM;Default;CDC401;SN 231662582599;Edited;Sample ID (28182);41.2;mS/cm;20.8;°C;37.8;mS/cm;;;NaCl/Non-Linear;Reference Temperature = 25 °C;;;;;;;;;;;OK;4/19/2024;3:08:41 PM;Default;K;0.366;;cm⁻¹;;;;1;30000;µS/cm;28.4;mS/cm;22.2;;;;;;;;;;;;;;;;;;;;;;;;;;;;;;;°C;;;;;1714064825;1713539321;2.32E+11;;Interval;EndOfRecord
RD;pH;4/25/2024;5:06:03 PM;Default;PHC301;SN 240462571090;Edited;Sample ID (28181);3.018;pH;20.7;°C;241.7;mV;;;;;;;;;;;;;;;OK;4/25/2024;12:22:34 PM;Default;Slope;-57.99;98;mV/pH;14.1;mV;0.9998;3;4;pH;187.6;mV;22.2;7.01;pH;11;mV;22;10.04;pH;-159.2;mV;22.5;;;;;;;;;;;;;;;;;;;;;°C;;;;;1714064763;1714047754;2.32E+11;;Interval;EndOfRecord
RD;CD;4/25/2024;5:06:03 PM;Default;CDC401;SN 231662582599;Edited;Sample ID (28181);41.2;mS/cm;20.8;°C;37.8;mS/cm;;;NaCl/Non-Linear;Reference Temperature = 25 °C;;;;;;;;;;;OK;4/19/2024;3:08:41 PM;Default;K;0.366;;cm⁻¹;;;;1;30000;µS/cm;28.4;mS/cm;22.2;;;;;;;;;;;;;;;;;;;;;;;;;;;;;;;°C;;;;;1714064763;1713539321;2.32E+11;;Interval;EndOfRecord
RD;pH;4/25/2024;5:05:03 PM;Default;PHC301;SN 240462571090;Edited;Sample ID (28180);3.018;pH;20.7;°C;241.7;mV;;;;;;;;;;;;;;;OK;4/25/2024;12:22:34 PM;Default;Slope;-57.99;98;mV/pH;14.1;mV;0.9998;3;4;pH;187.6;mV;22.2;7.01;pH;11;mV;22;10.04;pH;-159.2;mV;22.5;;;;;;;;;;;;;;;;;;;;;°C;;;;;1714064703;1714047754;2.32E+11;;Interval;EndOfRecord
RD;CD;4/25/2024;5:05:03 PM;Default;CDC401;SN 231662582599;Edited;Sample ID (28180);41.2;mS/cm;20.8;°C;37.8;mS/cm;;;NaCl/Non-Linear;Reference Temperature = 25 °C;;;;;;;;;;;OK;4/19/2024;3:08:41 PM;Default;K;0.366;;cm⁻¹;;;;1;30000;µS/cm;28.4;mS/cm;22.2;;;;;;;;;;;;;;;;;;;;;;;;;;;;;;;°C;;;;;1714064703;1713539321;2.32E+11;;Interval;EndOfRecord
RD;pH;4/25/2024;5:04:04 PM;Default;PHC301;SN 240462571090;Edited;Sample ID (28179);3.02;pH;20.7;°C;241.5;mV;;;;;;;;;;;;;;;OK;4/25/2024;12:22:34 PM;Default;Slope;-57.99;98;mV/pH;14.1;mV;0.9998;3;4;pH;187.6;mV;22.2;7.01;pH;11;mV;22;10.04;pH;-159.2;mV;22.5;;;;;;;;;;;;;;;;;;;;;°C;;;;;1714064644;1714047754;2.32E+11;;Interval;EndOfRecord
RD;CD;4/25/2024;5:04:04 PM;Default;CDC401;SN 231662582599;Edited;Sample ID (28179);41.3;mS/cm;20.8;°C;37.8;mS/cm;;;NaCl/Non-Linear;Reference Temperature = 25 °C;;;;;;;;;;;OK;4/19/2024;3:08:41 PM;Default;K;0.366;;cm⁻¹;;;;1;30000;µS/cm;28.4;mS/cm;22.2;;;;;;;;;;;;;;;;;;;;;;;;;;;;;;;°C;;;;;1714064644;1713539321;2.32E+11;;Interval;EndOfRecord
RD;pH;4/25/2024;5:03:03 PM;Default;PHC301;SN 240462571090;Edited;Sample ID (28178);3.02;pH;20.7;°C;241.5;mV;;;;;;;;;;;;;;;OK;4/25/2024;12:22:34 PM;Default;Slope;-57.99;98;mV/pH;14.1;mV;0.9998;3;4;pH;187.6;mV;22.2;7.01;pH;11;mV;22;10.04;pH;-159.2;mV;22.5;;;;;;;;;;;;;;;;;;;;;°C;;;;;1714064583;1714047754;2.32E+11;;Interval;EndOfRecord
RD;CD;4/25/2024;5:03:03 PM;Default;CDC401;SN 231662582599;Edited;Sample ID (28178);41.3;mS/cm;20.8;°C;37.8;mS/cm;;;NaCl/Non-Linear;Reference Temperature = 25 °C;;;;;;;;;;;OK;4/19/2024;3:08:41 PM;Default;K;0.366;;cm⁻¹;;;;1;30000;µS/cm;28.4;mS/cm;22.2;;;;;;;;;;;;;;;;;;;;;;;;;;;;;;;°C;;;;;1714064583;1713539321;2.32E+11;;Interval;EndOfRecord
RD;pH;4/25/2024;5:02:03 PM;Default;PHC301;SN 240462571090;Edited;Sample ID (28177);3.02;pH;20.7;°C;241.5;mV;;;;;;;;;;;;;;;OK;4/25/2024;12:22:34 PM;Default;Slope;-57.99;98;mV/pH;14.1;mV;0.9998;3;4;pH;187.6;mV;22.2;7.01;pH;11;mV;22;10.04;pH;-159.2;mV;22.5;;;;;;;;;;;;;;;;;;;;;°C;;;;;1714064523;1714047754;2.32E+11;;Interval;EndOfRecord
RD;CD;4/25/2024;5:02:03 PM;Default;CDC401;SN 231662582599;Edited;Sample ID (28177);41.2;mS/cm;20.8;°C;37.8;mS/cm;;;NaCl/Non-Linear;Reference Temperature = 25 °C;;;;;;;;;;;OK;4/19/2024;3:08:41 PM;Default;K;0.366;;cm⁻¹;;;;1;30000;µS/cm;28.4;mS/cm;22.2;;;;;;;;;;;;;;;;;;;;;;;;;;;;;;;°C;;;;;1714064523;1713539321;2.32E+11;;Interval;EndOfRecord
RD;pH;4/25/2024;5:01:04 PM;Default;PHC301;SN 240462571090;Edited;Sample ID (28176);3.02;pH;20.7;°C;241.5;mV;;;;;;;;;;;;;;;OK;4/25/2024;12:22:34 PM;Default;Slope;-57.99;98;mV/pH;14.1;mV;0.9998;3;4;pH;187.6;mV;22.2;7.01;pH;11;mV;22;10.04;pH;-159.2;mV;22.5;;;;;;;;;;;;;;;;;;;;;°C;;;;;1714064464;1714047754;2.32E+11;;Interval;EndOfRecord
RD;CD;4/25/2024;5:01:04 PM;Default;CDC401;SN 231662582599;Edited;Sample ID (28176);41.2;mS/cm;20.8;°C;37.8;mS/cm;;;NaCl/Non-Linear;Reference Temperature = 25 °C;;;;;;;;;;;OK;4/19/2024;3:08:41 PM;Default;K;0.366;;cm⁻¹;;;;1;30000;µS/cm;28.4;mS/cm;22.2;;;;;;;;;;;;;;;;;;;;;;;;;;;;;;;°C;;;;;1714064464;1713539321;2.32E+11;;Interval;EndOfRecord
RD;pH;4/25/2024;5:00:03 PM;Default;PHC301;SN 240462571090;Edited;Sample ID (28175);3.02;pH;20.7;°C;241.5;mV;;;;;;;;;;;;;;;OK;4/25/2024;12:22:34 PM;Default;Slope;-57.99;98;mV/pH;14.1;mV;0.9998;3;4;pH;187.6;mV;22.2;7.01;pH;11;mV;22;10.04;pH;-159.2;mV;22.5;;;;;;;;;;;;;;;;;;;;;°C;;;;;1714064403;1714047754;2.32E+11;;Interval;EndOfRecord
RD;CD;4/25/2024;5:00:03 PM;Default;CDC401;SN 231662582599;Edited;Sample ID (28175);41.2;mS/cm;20.8;°C;37.8;mS/cm;;;NaCl/Non-Linear;Reference Temperature = 25 °C;;;;;;;;;;;OK;4/19/2024;3:08:41 PM;Default;K;0.366;;cm⁻¹;;;;1;30000;µS/cm;28.4;mS/cm;22.2;;;;;;;;;;;;;;;;;;;;;;;;;;;;;;;°C;;;;;1714064403;1713539321;2.32E+11;;Interval;EndOfRecord
RD;pH;4/25/2024;4:59:05 PM;Default;PHC301;SN 240462571090;Edited;Sample ID (28174);3.021;pH;20.7;°C;241.5;mV;;;;;;;;;;;;;;;OK;4/25/2024;12:22:34 PM;Default;Slope;-57.99;98;mV/pH;14.1;mV;0.9998;3;4;pH;187.6;mV;22.2;7.01;pH;11;mV;22;10.04;pH;-159.2;mV;22.5;;;;;;;;;;;;;;;;;;;;;°C;;;;;1714064345;1714047754;2.32E+11;;Interval;EndOfRecord
RD;CD;4/25/2024;4:59:05 PM;Default;CDC401;SN 231662582599;Edited;Sample ID (28174);41.2;mS/cm;20.8;°C;37.8;mS/cm;;;NaCl/Non-Linear;Reference Temperature = 25 °C;;;;;;;;;;;OK;4/19/2024;3:08:41 PM;Default;K;0.366;;cm⁻¹;;;;1;30000;µS/cm;28.4;mS/cm;22.2;;;;;;;;;;;;;;;;;;;;;;;;;;;;;;;°C;;;;;1714064345;1713539321;2.32E+11;;Interval;EndOfRecord
RD;pH;4/25/2024;4:58:05 PM;Default;PHC301;SN 240462571090;Edited;Sample ID (28173);3.021;pH;20.7;°C;241.5;mV;;;;;;;;;;;;;;;OK;4/25/2024;12:22:34 PM;Default;Slope;-57.99;98;mV/pH;14.1;mV;0.9998;3;4;pH;187.6;mV;22.2;7.01;pH;11;mV;22;10.04;pH;-159.2;mV;22.5;;;;;;;;;;;;;;;;;;;;;°C;;;;;1714064285;1714047754;2.32E+11;;Interval;EndOfRecord
RD;CD;4/25/2024;4:58:05 PM;Default;CDC401;SN 231662582599;Edited;Sample ID (28173);41.2;mS/cm;20.8;°C;37.8;mS/cm;;;NaCl/Non-Linear;Reference Temperature = 25 °C;;;;;;;;;;;OK;4/19/2024;3:08:41 PM;Default;K;0.366;;cm⁻¹;;;;1;30000;µS/cm;28.4;mS/cm;22.2;;;;;;;;;;;;;;;;;;;;;;;;;;;;;;;°C;;;;;1714064285;1713539321;2.32E+11;;Interval;EndOfRecord
RD;pH;4/25/2024;4:57:05 PM;Default;PHC301;SN 240462571090;Edited;Sample ID (28172);3.021;pH;20.7;°C;241.5;mV;;;;;;;;;;;;;;;OK;4/25/2024;12:22:34 PM;Default;Slope;-57.99;98;mV/pH;14.1;mV;0.9998;3;4;pH;187.6;mV;22.2;7.01;pH;11;mV;22;10.04;pH;-159.2;mV;22.5;;;;;;;;;;;;;;;;;;;;;°C;;;;;1714064225;1714047754;2.32E+11;;Interval;EndOfRecord
RD;CD;4/25/2024;4:57:05 PM;Default;CDC401;SN 231662582599;Edited;Sample ID (28172);41.2;mS/cm;20.8;°C;37.8;mS/cm;;;NaCl/Non-Linear;Reference Temperature = 25 °C;;;;;;;;;;;OK;4/19/2024;3:08:41 PM;Default;K;0.366;;cm⁻¹;;;;1;30000;µS/cm;28.4;mS/cm;22.2;;;;;;;;;;;;;;;;;;;;;;;;;;;;;;;°C;;;;;1714064225;1713539321;2.32E+11;;Interval;EndOfRecord
RD;pH;4/25/2024;4:56:03 PM;Default;PHC301;SN 240462571090;Edited;Sample ID (28171);3.021;pH;20.7;°C;241.5;mV;;;;;;;;;;;;;;;OK;4/25/2024;12:22:34 PM;Default;Slope;-57.99;98;mV/pH;14.1;mV;0.9998;3;4;pH;187.6;mV;22.2;7.01;pH;11;mV;22;10.04;pH;-159.2;mV;22.5;;;;;;;;;;;;;;;;;;;;;°C;;;;;1714064163;1714047754;2.32E+11;;Interval;EndOfRecord
RD;CD;4/25/2024;4:56:03 PM;Default;CDC401;SN 231662582599;Edited;Sample ID (28171);41.3;mS/cm;20.8;°C;37.9;mS/cm;;;NaCl/Non-Linear;Reference Temperature = 25 °C;;;;;;;;;;;OK;4/19/2024;3:08:41 PM;Default;K;0.366;;cm⁻¹;;;;1;30000;µS/cm;28.4;mS/cm;22.2;;;;;;;;;;;;;;;;;;;;;;;;;;;;;;;°C;;;;;1714064163;1713539321;2.32E+11;;Interval;EndOfRecord
RD;pH;4/25/2024;4:55:03 PM;Default;PHC301;SN 240462571090;Edited;Sample ID (28170);3.021;pH;20.7;°C;241.5;mV;;;;;;;;;;;;;;;OK;4/25/2024;12:22:34 PM;Default;Slope;-57.99;98;mV/pH;14.1;mV;0.9998;3;4;pH;187.6;mV;22.2;7.01;pH;11;mV;22;10.04;pH;-159.2;mV;22.5;;;;;;;;;;;;;;;;;;;;;°C;;;;;1714064103;1714047754;2.32E+11;;Interval;EndOfRecord
RD;CD;4/25/2024;4:55:03 PM;Default;CDC401;SN 231662582599;Edited;Sample ID (28170);41.3;mS/cm;20.8;°C;37.9;mS/cm;;;NaCl/Non-Linear;Reference Temperature = 25 °C;;;;;;;;;;;OK;4/19/2024;3:08:41 PM;Default;K;0.366;;cm⁻¹;;;;1;30000;µS/cm;28.4;mS/cm;22.2;;;;;;;;;;;;;;;;;;;;;;;;;;;;;;;°C;;;;;1714064103;1713539321;2.32E+11;;Interval;EndOfRecord
RD;pH;4/25/2024;4:54:03 PM;Default;PHC301;SN 240462571090;Edited;Sample ID (28169);3.021;pH;20.7;°C;241.5;mV;;;;;;;;;;;;;;;OK;4/25/2024;12:22:34 PM;Default;Slope;-57.99;98;mV/pH;14.1;mV;0.9998;3;4;pH;187.6;mV;22.2;7.01;pH;11;mV;22;10.04;pH;-159.2;mV;22.5;;;;;;;;;;;;;;;;;;;;;°C;;;;;1714064043;1714047754;2.32E+11;;Interval;EndOfRecord
RD;CD;4/25/2024;4:54:03 PM;Default;CDC401;SN 231662582599;Edited;Sample ID (28169);41.3;mS/cm;20.8;°C;37.9;mS/cm;;;NaCl/Non-Linear;Reference Temperature = 25 °C;;;;;;;;;;;OK;4/19/2024;3:08:41 PM;Default;K;0.366;;cm⁻¹;;;;1;30000;µS/cm;28.4;mS/cm;22.2;;;;;;;;;;;;;;;;;;;;;;;;;;;;;;;°C;;;;;1714064043;1713539321;2.32E+11;;Interval;EndOfRecord
RD;pH;4/25/2024;4:53:04 PM;Default;PHC301;SN 240462571090;Edited;Sample ID (28168);3.021;pH;20.7;°C;241.5;mV;;;;;;;;;;;;;;;OK;4/25/2024;12:22:34 PM;Default;Slope;-57.99;98;mV/pH;14.1;mV;0.9998;3;4;pH;187.6;mV;22.2;7.01;pH;11;mV;22;10.04;pH;-159.2;mV;22.5;;;;;;;;;;;;;;;;;;;;;°C;;;;;1714063984;1714047754;2.32E+11;;Interval;EndOfRecord
RD;CD;4/25/2024;4:53:04 PM;Default;CDC401;SN 231662582599;Edited;Sample ID (28168);41.3;mS/cm;20.8;°C;37.9;mS/cm;;;NaCl/Non-Linear;Reference Temperature = 25 °C;;;;;;;;;;;OK;4/19/2024;3:08:41 PM;Default;K;0.366;;cm⁻¹;;;;1;30000;µS/cm;28.4;mS/cm;22.2;;;;;;;;;;;;;;;;;;;;;;;;;;;;;;;°C;;;;;1714063984;1713539321;2.32E+11;;Interval;EndOfRecord
RD;pH;4/25/2024;4:52:06 PM;Default;PHC301;SN 240462571090;Edited;Sample ID (28167);3.021;pH;20.7;°C;241.5;mV;;;;;;;;;;;;;;;OK;4/25/2024;12:22:34 PM;Default;Slope;-57.99;98;mV/pH;14.1;mV;0.9998;3;4;pH;187.6;mV;22.2;7.01;pH;11;mV;22;10.04;pH;-159.2;mV;22.5;;;;;;;;;;;;;;;;;;;;;°C;;;;;1714063926;1714047754;2.32E+11;;Interval;EndOfRecord
RD;CD;4/25/2024;4:52:06 PM;Default;CDC401;SN 231662582599;Edited;Sample ID (28167);41.2;mS/cm;20.8;°C;37.8;mS/cm;;;NaCl/Non-Linear;Reference Temperature = 25 °C;;;;;;;;;;;OK;4/19/2024;3:08:41 PM;Default;K;0.366;;cm⁻¹;;;;1;30000;µS/cm;28.4;mS/cm;22.2;;;;;;;;;;;;;;;;;;;;;;;;;;;;;;;°C;;;;;1714063926;1713539321;2.32E+11;;Interval;EndOfRecord
RD;pH;4/25/2024;4:51:05 PM;Default;PHC301;SN 240462571090;Edited;Sample ID (28166);3.021;pH;20.7;°C;241.5;mV;;;;;;;;;;;;;;;OK;4/25/2024;12:22:34 PM;Default;Slope;-57.99;98;mV/pH;14.1;mV;0.9998;3;4;pH;187.6;mV;22.2;7.01;pH;11;mV;22;10.04;pH;-159.2;mV;22.5;;;;;;;;;;;;;;;;;;;;;°C;;;;;1714063865;1714047754;2.32E+11;;Interval;EndOfRecord
RD;CD;4/25/2024;4:51:05 PM;Default;CDC401;SN 231662582599;Edited;Sample ID (28166);41.2;mS/cm;20.8;°C;37.8;mS/cm;;;NaCl/Non-Linear;Reference Temperature = 25 °C;;;;;;;;;;;OK;4/19/2024;3:08:41 PM;Default;K;0.366;;cm⁻¹;;;;1;30000;µS/cm;28.4;mS/cm;22.2;;;;;;;;;;;;;;;;;;;;;;;;;;;;;;;°C;;;;;1714063865;1713539321;2.32E+11;;Interval;EndOfRecord
RD;pH;4/25/2024;4:50:05 PM;Default;PHC301;SN 240462571090;Edited;Sample ID (28165);3.021;pH;20.7;°C;241.5;mV;;;;;;;;;;;;;;;OK;4/25/2024;12:22:34 PM;Default;Slope;-57.99;98;mV/pH;14.1;mV;0.9998;3;4;pH;187.6;mV;22.2;7.01;pH;11;mV;22;10.04;pH;-159.2;mV;22.5;;;;;;;;;;;;;;;;;;;;;°C;;;;;1714063805;1714047754;2.32E+11;;Interval;EndOfRecord
RD;CD;4/25/2024;4:50:05 PM;Default;CDC401;SN 231662582599;Edited;Sample ID (28165);41.3;mS/cm;20.8;°C;37.9;mS/cm;;;NaCl/Non-Linear;Reference Temperature = 25 °C;;;;;;;;;;;OK;4/19/2024;3:08:41 PM;Default;K;0.366;;cm⁻¹;;;;1;30000;µS/cm;28.4;mS/cm;22.2;;;;;;;;;;;;;;;;;;;;;;;;;;;;;;;°C;;;;;1714063805;1713539321;2.32E+11;;Interval;EndOfRecord
RD;pH;4/25/2024;4:49:03 PM;Default;PHC301;SN 240462571090;Edited;Sample ID (28164);3.021;pH;20.7;°C;241.5;mV;;;;;;;;;;;;;;;OK;4/25/2024;12:22:34 PM;Default;Slope;-57.99;98;mV/pH;14.1;mV;0.9998;3;4;pH;187.6;mV;22.2;7.01;pH;11;mV;22;10.04;pH;-159.2;mV;22.5;;;;;;;;;;;;;;;;;;;;;°C;;;;;1714063743;1714047754;2.32E+11;;Interval;EndOfRecord
RD;CD;4/25/2024;4:49:03 PM;Default;CDC401;SN 231662582599;Edited;Sample ID (28164);41.3;mS/cm;20.8;°C;37.9;mS/cm;;;NaCl/Non-Linear;Reference Temperature = 25 °C;;;;;;;;;;;OK;4/19/2024;3:08:41 PM;Default;K;0.366;;cm⁻¹;;;;1;30000;µS/cm;28.4;mS/cm;22.2;;;;;;;;;;;;;;;;;;;;;;;;;;;;;;;°C;;;;;1714063743;1713539321;2.32E+11;;Interval;EndOfRecord
RD;pH;4/25/2024;4:48:03 PM;Default;PHC301;SN 240462571090;Edited;Sample ID (28163);3.021;pH;20.7;°C;241.5;mV;;;;;;;;;;;;;;;OK;4/25/2024;12:22:34 PM;Default;Slope;-57.99;98;mV/pH;14.1;mV;0.9998;3;4;pH;187.6;mV;22.2;7.01;pH;11;mV;22;10.04;pH;-159.2;mV;22.5;;;;;;;;;;;;;;;;;;;;;°C;;;;;1714063683;1714047754;2.32E+11;;Interval;EndOfRecord
RD;CD;4/25/2024;4:48:03 PM;Default;CDC401;SN 231662582599;Edited;Sample ID (28163);41.3;mS/cm;20.8;°C;37.9;mS/cm;;;NaCl/Non-Linear;Reference Temperature = 25 °C;;;;;;;;;;;OK;4/19/2024;3:08:41 PM;Default;K;0.366;;cm⁻¹;;;;1;30000;µS/cm;28.4;mS/cm;22.2;;;;;;;;;;;;;;;;;;;;;;;;;;;;;;;°C;;;;;1714063683;1713539321;2.32E+11;;Interval;EndOfRecord
RD;pH;4/25/2024;4:47:06 PM;Default;PHC301;SN 240462571090;Edited;Sample ID (28162);3.021;pH;20.7;°C;241.5;mV;;;;;;;;;;;;;;;OK;4/25/2024;12:22:34 PM;Default;Slope;-57.99;98;mV/pH;14.1;mV;0.9998;3;4;pH;187.6;mV;22.2;7.01;pH;11;mV;22;10.04;pH;-159.2;mV;22.5;;;;;;;;;;;;;;;;;;;;;°C;;;;;1714063626;1714047754;2.32E+11;;Interval;EndOfRecord
RD;CD;4/25/2024;4:47:06 PM;Default;CDC401;SN 231662582599;Edited;Sample ID (28162);41.2;mS/cm;20.8;°C;37.8;mS/cm;;;NaCl/Non-Linear;Reference Temperature = 25 °C;;;;;;;;;;;OK;4/19/2024;3:08:41 PM;Default;K;0.366;;cm⁻¹;;;;1;30000;µS/cm;28.4;mS/cm;22.2;;;;;;;;;;;;;;;;;;;;;;;;;;;;;;;°C;;;;;1714063626;1713539321;2.32E+11;;Interval;EndOfRecord
RD;pH;4/25/2024;4:46:05 PM;Default;PHC301;SN 240462571090;Edited;Sample ID (28161);3.021;pH;20.7;°C;241.5;mV;;;;;;;;;;;;;;;OK;4/25/2024;12:22:34 PM;Default;Slope;-57.99;98;mV/pH;14.1;mV;0.9998;3;4;pH;187.6;mV;22.2;7.01;pH;11;mV;22;10.04;pH;-159.2;mV;22.5;;;;;;;;;;;;;;;;;;;;;°C;;;;;1714063565;1714047754;2.32E+11;;Interval;EndOfRecord
RD;CD;4/25/2024;4:46:05 PM;Default;CDC401;SN 231662582599;Edited;Sample ID (28161);41.2;mS/cm;20.8;°C;37.8;mS/cm;;;NaCl/Non-Linear;Reference Temperature = 25 °C;;;;;;;;;;;OK;4/19/2024;3:08:41 PM;Default;K;0.366;;cm⁻¹;;;;1;30000;µS/cm;28.4;mS/cm;22.2;;;;;;;;;;;;;;;;;;;;;;;;;;;;;;;°C;;;;;1714063565;1713539321;2.32E+11;;Interval;EndOfRecord
RD;pH;4/25/2024;4:45:04 PM;Default;PHC301;SN 240462571090;Edited;Sample ID (28160);3.021;pH;20.7;°C;241.4;mV;;;;;;;;;;;;;;;OK;4/25/2024;12:22:34 PM;Default;Slope;-57.99;98;mV/pH;14.1;mV;0.9998;3;4;pH;187.6;mV;22.2;7.01;pH;11;mV;22;10.04;pH;-159.2;mV;22.5;;;;;;;;;;;;;;;;;;;;;°C;;;;;1714063504;1714047754;2.32E+11;;Interval;EndOfRecord
RD;CD;4/25/2024;4:45:04 PM;Default;CDC401;SN 231662582599;Edited;Sample ID (28160);41.2;mS/cm;20.8;°C;37.8;mS/cm;;;NaCl/Non-Linear;Reference Temperature = 25 °C;;;;;;;;;;;OK;4/19/2024;3:08:41 PM;Default;K;0.366;;cm⁻¹;;;;1;30000;µS/cm;28.4;mS/cm;22.2;;;;;;;;;;;;;;;;;;;;;;;;;;;;;;;°C;;;;;1714063504;1713539321;2.32E+11;;Interval;EndOfRecord
RD;pH;4/25/2024;4:44:04 PM;Default;PHC301;SN 240462571090;Edited;Sample ID (28159);3.021;pH;20.7;°C;241.4;mV;;;;;;;;;;;;;;;OK;4/25/2024;12:22:34 PM;Default;Slope;-57.99;98;mV/pH;14.1;mV;0.9998;3;4;pH;187.6;mV;22.2;7.01;pH;11;mV;22;10.04;pH;-159.2;mV;22.5;;;;;;;;;;;;;;;;;;;;;°C;;;;;1714063444;1714047754;2.32E+11;;Interval;EndOfRecord
RD;CD;4/25/2024;4:44:04 PM;Default;CDC401;SN 231662582599;Edited;Sample ID (28159);41.3;mS/cm;20.7;°C;37.9;mS/cm;;;NaCl/Non-Linear;Reference Temperature = 25 °C;;;;;;;;;;;OK;4/19/2024;3:08:41 PM;Default;K;0.366;;cm⁻¹;;;;1;30000;µS/cm;28.4;mS/cm;22.2;;;;;;;;;;;;;;;;;;;;;;;;;;;;;;;°C;;;;;1714063444;1713539321;2.32E+11;;Interval;EndOfRecord
RD;pH;4/25/2024;4:43:03 PM;Default;PHC301;SN 240462571090;Edited;Sample ID (28158);3.021;pH;20.7;°C;241.4;mV;;;;;;;;;;;;;;;OK;4/25/2024;12:22:34 PM;Default;Slope;-57.99;98;mV/pH;14.1;mV;0.9998;3;4;pH;187.6;mV;22.2;7.01;pH;11;mV;22;10.04;pH;-159.2;mV;22.5;;;;;;;;;;;;;;;;;;;;;°C;;;;;1714063383;1714047754;2.32E+11;;Interval;EndOfRecord
RD;CD;4/25/2024;4:43:03 PM;Default;CDC401;SN 231662582599;Edited;Sample ID (28158);41.3;mS/cm;20.7;°C;37.9;mS/cm;;;NaCl/Non-Linear;Reference Temperature = 25 °C;;;;;;;;;;;OK;4/19/2024;3:08:41 PM;Default;K;0.366;;cm⁻¹;;;;1;30000;µS/cm;28.4;mS/cm;22.2;;;;;;;;;;;;;;;;;;;;;;;;;;;;;;;°C;;;;;1714063383;1713539321;2.32E+11;;Interval;EndOfRecord
RD;pH;4/25/2024;4:42:03 PM;Default;PHC301;SN 240462571090;Edited;Sample ID (28157);3.021;pH;20.7;°C;241.4;mV;;;;;;;;;;;;;;;OK;4/25/2024;12:22:34 PM;Default;Slope;-57.99;98;mV/pH;14.1;mV;0.9998;3;4;pH;187.6;mV;22.2;7.01;pH;11;mV;22;10.04;pH;-159.2;mV;22.5;;;;;;;;;;;;;;;;;;;;;°C;;;;;1714063323;1714047754;2.32E+11;;Interval;EndOfRecord
RD;CD;4/25/2024;4:42:03 PM;Default;CDC401;SN 231662582599;Edited;Sample ID (28157);41.3;mS/cm;20.7;°C;37.9;mS/cm;;;NaCl/Non-Linear;Reference Temperature = 25 °C;;;;;;;;;;;OK;4/19/2024;3:08:41 PM;Default;K;0.366;;cm⁻¹;;;;1;30000;µS/cm;28.4;mS/cm;22.2;;;;;;;;;;;;;;;;;;;;;;;;;;;;;;;°C;;;;;1714063323;1713539321;2.32E+11;;Interval;EndOfRecord
RD;pH;4/25/2024;4:41:03 PM;Default;PHC301;SN 240462571090;Edited;Sample ID (28156);3.021;pH;20.7;°C;241.4;mV;;;;;;;;;;;;;;;OK;4/25/2024;12:22:34 PM;Default;Slope;-57.99;98;mV/pH;14.1;mV;0.9998;3;4;pH;187.6;mV;22.2;7.01;pH;11;mV;22;10.04;pH;-159.2;mV;22.5;;;;;;;;;;;;;;;;;;;;;°C;;;;;1714063263;1714047754;2.32E+11;;Interval;EndOfRecord
RD;CD;4/25/2024;4:41:03 PM;Default;CDC401;SN 231662582599;Edited;Sample ID (28156);41.3;mS/cm;20.7;°C;37.9;mS/cm;;;NaCl/Non-Linear;Reference Temperature = 25 °C;;;;;;;;;;;OK;4/19/2024;3:08:41 PM;Default;K;0.366;;cm⁻¹;;;;1;30000;µS/cm;28.4;mS/cm;22.2;;;;;;;;;;;;;;;;;;;;;;;;;;;;;;;°C;;;;;1714063263;1713539321;2.32E+11;;Interval;EndOfRecord
RD;pH;4/25/2024;4:40:03 PM;Default;PHC301;SN 240462571090;Edited;Sample ID (28155);3.022;pH;20.7;°C;241.4;mV;;;;;;;;;;;;;;;OK;4/25/2024;12:22:34 PM;Default;Slope;-57.99;98;mV/pH;14.1;mV;0.9998;3;4;pH;187.6;mV;22.2;7.01;pH;11;mV;22;10.04;pH;-159.2;mV;22.5;;;;;;;;;;;;;;;;;;;;;°C;;;;;1714063203;1714047754;2.32E+11;;Interval;EndOfRecord
RD;CD;4/25/2024;4:40:03 PM;Default;CDC401;SN 231662582599;Edited;Sample ID (28155);41.3;mS/cm;20.7;°C;37.9;mS/cm;;;NaCl/Non-Linear;Reference Temperature = 25 °C;;;;;;;;;;;OK;4/19/2024;3:08:41 PM;Default;K;0.366;;cm⁻¹;;;;1;30000;µS/cm;28.4;mS/cm;22.2;;;;;;;;;;;;;;;;;;;;;;;;;;;;;;;°C;;;;;1714063203;1713539321;2.32E+11;;Interval;EndOfRecord
RD;pH;4/25/2024;4:39:05 PM;Default;PHC301;SN 240462571090;Edited;Sample ID (28154);3.022;pH;20.7;°C;241.4;mV;;;;;;;;;;;;;;;OK;4/25/2024;12:22:34 PM;Default;Slope;-57.99;98;mV/pH;14.1;mV;0.9998;3;4;pH;187.6;mV;22.2;7.01;pH;11;mV;22;10.04;pH;-159.2;mV;22.5;;;;;;;;;;;;;;;;;;;;;°C;;;;;1714063145;1714047754;2.32E+11;;Interval;EndOfRecord
RD;CD;4/25/2024;4:39:05 PM;Default;CDC401;SN 231662582599;Edited;Sample ID (28154);41.3;mS/cm;20.7;°C;37.8;mS/cm;;;NaCl/Non-Linear;Reference Temperature = 25 °C;;;;;;;;;;;OK;4/19/2024;3:08:41 PM;Default;K;0.366;;cm⁻¹;;;;1;30000;µS/cm;28.4;mS/cm;22.2;;;;;;;;;;;;;;;;;;;;;;;;;;;;;;;°C;;;;;1714063145;1713539321;2.32E+11;;Interval;EndOfRecord
RD;pH;4/25/2024;4:38:04 PM;Default;PHC301;SN 240462571090;Edited;Sample ID (28153);3.022;pH;20.7;°C;241.4;mV;;;;;;;;;;;;;;;OK;4/25/2024;12:22:34 PM;Default;Slope;-57.99;98;mV/pH;14.1;mV;0.9998;3;4;pH;187.6;mV;22.2;7.01;pH;11;mV;22;10.04;pH;-159.2;mV;22.5;;;;;;;;;;;;;;;;;;;;;°C;;;;;1714063084;1714047754;2.32E+11;;Interval;EndOfRecord
RD;CD;4/25/2024;4:38:04 PM;Default;CDC401;SN 231662582599;Edited;Sample ID (28153);41.3;mS/cm;20.7;°C;37.8;mS/cm;;;NaCl/Non-Linear;Reference Temperature = 25 °C;;;;;;;;;;;OK;4/19/2024;3:08:41 PM;Default;K;0.366;;cm⁻¹;;;;1;30000;µS/cm;28.4;mS/cm;22.2;;;;;;;;;;;;;;;;;;;;;;;;;;;;;;;°C;;;;;1714063084;1713539321;2.32E+11;;Interval;EndOfRecord
RD;pH;4/25/2024;4:37:05 PM;Default;PHC301;SN 240462571090;Edited;Sample ID (28152);3.022;pH;20.7;°C;241.4;mV;;;;;;;;;;;;;;;OK;4/25/2024;12:22:34 PM;Default;Slope;-57.99;98;mV/pH;14.1;mV;0.9998;3;4;pH;187.6;mV;22.2;7.01;pH;11;mV;22;10.04;pH;-159.2;mV;22.5;;;;;;;;;;;;;;;;;;;;;°C;;;;;1714063025;1714047754;2.32E+11;;Interval;EndOfRecord
RD;CD;4/25/2024;4:37:05 PM;Default;CDC401;SN 231662582599;Edited;Sample ID (28152);41.3;mS/cm;20.7;°C;37.8;mS/cm;;;NaCl/Non-Linear;Reference Temperature = 25 °C;;;;;;;;;;;OK;4/19/2024;3:08:41 PM;Default;K;0.366;;cm⁻¹;;;;1;30000;µS/cm;28.4;mS/cm;22.2;;;;;;;;;;;;;;;;;;;;;;;;;;;;;;;°C;;;;;1714063025;1713539321;2.32E+11;;Interval;EndOfRecord
RD;pH;4/25/2024;4:36:05 PM;Default;PHC301;SN 240462571090;Edited;Sample ID (28151);3.022;pH;20.7;°C;241.4;mV;;;;;;;;;;;;;;;OK;4/25/2024;12:22:34 PM;Default;Slope;-57.99;98;mV/pH;14.1;mV;0.9998;3;4;pH;187.6;mV;22.2;7.01;pH;11;mV;22;10.04;pH;-159.2;mV;22.5;;;;;;;;;;;;;;;;;;;;;°C;;;;;1714062965;1714047754;2.32E+11;;Interval;EndOfRecord
RD;CD;4/25/2024;4:36:05 PM;Default;CDC401;SN 231662582599;Edited;Sample ID (28151);41.3;mS/cm;20.7;°C;37.8;mS/cm;;;NaCl/Non-Linear;Reference Temperature = 25 °C;;;;;;;;;;;OK;4/19/2024;3:08:41 PM;Default;K;0.366;;cm⁻¹;;;;1;30000;µS/cm;28.4;mS/cm;22.2;;;;;;;;;;;;;;;;;;;;;;;;;;;;;;;°C;;;;;1714062965;1713539321;2.32E+11;;Interval;EndOfRecord
RD;pH;4/25/2024;4:35:03 PM;Default;PHC301;SN 240462571090;Edited;Sample ID (28150);3.022;pH;20.7;°C;241.4;mV;;;;;;;;;;;;;;;OK;4/25/2024;12:22:34 PM;Default;Slope;-57.99;98;mV/pH;14.1;mV;0.9998;3;4;pH;187.6;mV;22.2;7.01;pH;11;mV;22;10.04;pH;-159.2;mV;22.5;;;;;;;;;;;;;;;;;;;;;°C;;;;;1714062903;1714047754;2.32E+11;;Interval;EndOfRecord
RD;CD;4/25/2024;4:35:03 PM;Default;CDC401;SN 231662582599;Edited;Sample ID (28150);41.3;mS/cm;20.7;°C;37.9;mS/cm;;;NaCl/Non-Linear;Reference Temperature = 25 °C;;;;;;;;;;;OK;4/19/2024;3:08:41 PM;Default;K;0.366;;cm⁻¹;;;;1;30000;µS/cm;28.4;mS/cm;22.2;;;;;;;;;;;;;;;;;;;;;;;;;;;;;;;°C;;;;;1714062903;1713539321;2.32E+11;;Interval;EndOfRecord
RD;pH;4/25/2024;4:34:05 PM;Default;PHC301;SN 240462571090;Edited;Sample ID (28149);3.022;pH;20.7;°C;241.4;mV;;;;;;;;;;;;;;;OK;4/25/2024;12:22:34 PM;Default;Slope;-57.99;98;mV/pH;14.1;mV;0.9998;3;4;pH;187.6;mV;22.2;7.01;pH;11;mV;22;10.04;pH;-159.2;mV;22.5;;;;;;;;;;;;;;;;;;;;;°C;;;;;1714062845;1714047754;2.32E+11;;Interval;EndOfRecord
RD;CD;4/25/2024;4:34:05 PM;Default;CDC401;SN 231662582599;Edited;Sample ID (28149);41.2;mS/cm;20.7;°C;37.8;mS/cm;;;NaCl/Non-Linear;Reference Temperature = 25 °C;;;;;;;;;;;OK;4/19/2024;3:08:41 PM;Default;K;0.366;;cm⁻¹;;;;1;30000;µS/cm;28.4;mS/cm;22.2;;;;;;;;;;;;;;;;;;;;;;;;;;;;;;;°C;;;;;1714062845;1713539321;2.32E+11;;Interval;EndOfRecord
RD;pH;4/25/2024;4:33:05 PM;Default;PHC301;SN 240462571090;Edited;Sample ID (28148);3.023;pH;20.7;°C;241.4;mV;;;;;;;;;;;;;;;OK;4/25/2024;12:22:34 PM;Default;Slope;-57.99;98;mV/pH;14.1;mV;0.9998;3;4;pH;187.6;mV;22.2;7.01;pH;11;mV;22;10.04;pH;-159.2;mV;22.5;;;;;;;;;;;;;;;;;;;;;°C;;;;;1714062785;1714047754;2.32E+11;;Interval;EndOfRecord
RD;CD;4/25/2024;4:33:05 PM;Default;CDC401;SN 231662582599;Edited;Sample ID (28148);41.2;mS/cm;20.7;°C;37.8;mS/cm;;;NaCl/Non-Linear;Reference Temperature = 25 °C;;;;;;;;;;;OK;4/19/2024;3:08:41 PM;Default;K;0.366;;cm⁻¹;;;;1;30000;µS/cm;28.4;mS/cm;22.2;;;;;;;;;;;;;;;;;;;;;;;;;;;;;;;°C;;;;;1714062785;1713539321;2.32E+11;;Interval;EndOfRecord
RD;pH;4/25/2024;4:32:04 PM;Default;PHC301;SN 240462571090;Edited;Sample ID (28147);3.023;pH;20.7;°C;241.4;mV;;;;;;;;;;;;;;;OK;4/25/2024;12:22:34 PM;Default;Slope;-57.99;98;mV/pH;14.1;mV;0.9998;3;4;pH;187.6;mV;22.2;7.01;pH;11;mV;22;10.04;pH;-159.2;mV;22.5;;;;;;;;;;;;;;;;;;;;;°C;;;;;1714062724;1714047754;2.32E+11;;Interval;EndOfRecord
RD;CD;4/25/2024;4:32:04 PM;Default;CDC401;SN 231662582599;Edited;Sample ID (28147);41.3;mS/cm;20.8;°C;37.8;mS/cm;;;NaCl/Non-Linear;Reference Temperature = 25 °C;;;;;;;;;;;OK;4/19/2024;3:08:41 PM;Default;K;0.366;;cm⁻¹;;;;1;30000;µS/cm;28.4;mS/cm;22.2;;;;;;;;;;;;;;;;;;;;;;;;;;;;;;;°C;;;;;1714062724;1713539321;2.32E+11;;Interval;EndOfRecord
RD;pH;4/25/2024;4:31:05 PM;Default;PHC301;SN 240462571090;Edited;Sample ID (28146);3.023;pH;20.7;°C;241.4;mV;;;;;;;;;;;;;;;OK;4/25/2024;12:22:34 PM;Default;Slope;-57.99;98;mV/pH;14.1;mV;0.9998;3;4;pH;187.6;mV;22.2;7.01;pH;11;mV;22;10.04;pH;-159.2;mV;22.5;;;;;;;;;;;;;;;;;;;;;°C;;;;;1714062665;1714047754;2.32E+11;;Interval;EndOfRecord
RD;CD;4/25/2024;4:31:05 PM;Default;CDC401;SN 231662582599;Edited;Sample ID (28146);41.3;mS/cm;20.8;°C;37.8;mS/cm;;;NaCl/Non-Linear;Reference Temperature = 25 °C;;;;;;;;;;;OK;4/19/2024;3:08:41 PM;Default;K;0.366;;cm⁻¹;;;;1;30000;µS/cm;28.4;mS/cm;22.2;;;;;;;;;;;;;;;;;;;;;;;;;;;;;;;°C;;;;;1714062665;1713539321;2.32E+11;;Interval;EndOfRecord
RD;pH;4/25/2024;4:30:05 PM;Default;PHC301;SN 240462571090;Edited;Sample ID (28145);3.023;pH;20.7;°C;241.4;mV;;;;;;;;;;;;;;;OK;4/25/2024;12:22:34 PM;Default;Slope;-57.99;98;mV/pH;14.1;mV;0.9998;3;4;pH;187.6;mV;22.2;7.01;pH;11;mV;22;10.04;pH;-159.2;mV;22.5;;;;;;;;;;;;;;;;;;;;;°C;;;;;1714062605;1714047754;2.32E+11;;Interval;EndOfRecord
RD;CD;4/25/2024;4:30:05 PM;Default;CDC401;SN 231662582599;Edited;Sample ID (28145);41.3;mS/cm;20.8;°C;37.8;mS/cm;;;NaCl/Non-Linear;Reference Temperature = 25 °C;;;;;;;;;;;OK;4/19/2024;3:08:41 PM;Default;K;0.366;;cm⁻¹;;;;1;30000;µS/cm;28.4;mS/cm;22.2;;;;;;;;;;;;;;;;;;;;;;;;;;;;;;;°C;;;;;1714062605;1713539321;2.32E+11;;Interval;EndOfRecord
RD;pH;4/25/2024;4:29:05 PM;Default;PHC301;SN 240462571090;Edited;Sample ID (28144);3.023;pH;20.7;°C;241.4;mV;;;;;;;;;;;;;;;OK;4/25/2024;12:22:34 PM;Default;Slope;-57.99;98;mV/pH;14.1;mV;0.9998;3;4;pH;187.6;mV;22.2;7.01;pH;11;mV;22;10.04;pH;-159.2;mV;22.5;;;;;;;;;;;;;;;;;;;;;°C;;;;;1714062545;1714047754;2.32E+11;;Interval;EndOfRecord
RD;CD;4/25/2024;4:29:05 PM;Default;CDC401;SN 231662582599;Edited;Sample ID (28144);41.3;mS/cm;20.8;°C;37.9;mS/cm;;;NaCl/Non-Linear;Reference Temperature = 25 °C;;;;;;;;;;;OK;4/19/2024;3:08:41 PM;Default;K;0.366;;cm⁻¹;;;;1;30000;µS/cm;28.4;mS/cm;22.2;;;;;;;;;;;;;;;;;;;;;;;;;;;;;;;°C;;;;;1714062545;1713539321;2.32E+11;;Interval;EndOfRecord
RD;pH;4/25/2024;4:28:04 PM;Default;PHC301;SN 240462571090;Edited;Sample ID (28143);3.023;pH;20.7;°C;241.4;mV;;;;;;;;;;;;;;;OK;4/25/2024;12:22:34 PM;Default;Slope;-57.99;98;mV/pH;14.1;mV;0.9998;3;4;pH;187.6;mV;22.2;7.01;pH;11;mV;22;10.04;pH;-159.2;mV;22.5;;;;;;;;;;;;;;;;;;;;;°C;;;;;1714062484;1714047754;2.32E+11;;Interval;EndOfRecord
RD;CD;4/25/2024;4:28:04 PM;Default;CDC401;SN 231662582599;Edited;Sample ID (28143);41.3;mS/cm;20.8;°C;37.9;mS/cm;;;NaCl/Non-Linear;Reference Temperature = 25 °C;;;;;;;;;;;OK;4/19/2024;3:08:41 PM;Default;K;0.366;;cm⁻¹;;;;1;30000;µS/cm;28.4;mS/cm;22.2;;;;;;;;;;;;;;;;;;;;;;;;;;;;;;;°C;;;;;1714062484;1713539321;2.32E+11;;Interval;EndOfRecord
RD;pH;4/25/2024;4:27:04 PM;Default;PHC301;SN 240462571090;Edited;Sample ID (28142);3.023;pH;20.7;°C;241.4;mV;;;;;;;;;;;;;;;OK;4/25/2024;12:22:34 PM;Default;Slope;-57.99;98;mV/pH;14.1;mV;0.9998;3;4;pH;187.6;mV;22.2;7.01;pH;11;mV;22;10.04;pH;-159.2;mV;22.5;;;;;;;;;;;;;;;;;;;;;°C;;;;;1714062424;1714047754;2.32E+11;;Interval;EndOfRecord
RD;CD;4/25/2024;4:27:04 PM;Default;CDC401;SN 231662582599;Edited;Sample ID (28142);41.3;mS/cm;20.8;°C;37.9;mS/cm;;;NaCl/Non-Linear;Reference Temperature = 25 °C;;;;;;;;;;;OK;4/19/2024;3:08:41 PM;Default;K;0.366;;cm⁻¹;;;;1;30000;µS/cm;28.4;mS/cm;22.2;;;;;;;;;;;;;;;;;;;;;;;;;;;;;;;°C;;;;;1714062424;1713539321;2.32E+11;;Interval;EndOfRecord
RD;pH;4/25/2024;4:26:05 PM;Default;PHC301;SN 240462571090;Edited;Sample ID (28141);3.023;pH;20.7;°C;241.3;mV;;;;;;;;;;;;;;;OK;4/25/2024;12:22:34 PM;Default;Slope;-57.99;98;mV/pH;14.1;mV;0.9998;3;4;pH;187.6;mV;22.2;7.01;pH;11;mV;22;10.04;pH;-159.2;mV;22.5;;;;;;;;;;;;;;;;;;;;;°C;;;;;1714062365;1714047754;2.32E+11;;Interval;EndOfRecord
RD;CD;4/25/2024;4:26:05 PM;Default;CDC401;SN 231662582599;Edited;Sample ID (28141);41.3;mS/cm;20.8;°C;37.8;mS/cm;;;NaCl/Non-Linear;Reference Temperature = 25 °C;;;;;;;;;;;OK;4/19/2024;3:08:41 PM;Default;K;0.366;;cm⁻¹;;;;1;30000;µS/cm;28.4;mS/cm;22.2;;;;;;;;;;;;;;;;;;;;;;;;;;;;;;;°C;;;;;1714062365;1713539321;2.32E+11;;Interval;EndOfRecord
RD;pH;4/25/2024;4:25:05 PM;Default;PHC301;SN 240462571090;Edited;Sample ID (28140);3.023;pH;20.7;°C;241.3;mV;;;;;;;;;;;;;;;OK;4/25/2024;12:22:34 PM;Default;Slope;-57.99;98;mV/pH;14.1;mV;0.9998;3;4;pH;187.6;mV;22.2;7.01;pH;11;mV;22;10.04;pH;-159.2;mV;22.5;;;;;;;;;;;;;;;;;;;;;°C;;;;;1714062305;1714047754;2.32E+11;;Interval;EndOfRecord
RD;CD;4/25/2024;4:25:05 PM;Default;CDC401;SN 231662582599;Edited;Sample ID (28140);41.3;mS/cm;20.8;°C;37.9;mS/cm;;;NaCl/Non-Linear;Reference Temperature = 25 °C;;;;;;;;;;;OK;4/19/2024;3:08:41 PM;Default;K;0.366;;cm⁻¹;;;;1;30000;µS/cm;28.4;mS/cm;22.2;;;;;;;;;;;;;;;;;;;;;;;;;;;;;;;°C;;;;;1714062305;1713539321;2.32E+11;;Interval;EndOfRecord
RD;pH;4/25/2024;4:24:04 PM;Default;PHC301;SN 240462571090;Edited;Sample ID (28139);3.023;pH;20.7;°C;241.3;mV;;;;;;;;;;;;;;;OK;4/25/2024;12:22:34 PM;Default;Slope;-57.99;98;mV/pH;14.1;mV;0.9998;3;4;pH;187.6;mV;22.2;7.01;pH;11;mV;22;10.04;pH;-159.2;mV;22.5;;;;;;;;;;;;;;;;;;;;;°C;;;;;1714062244;1714047754;2.32E+11;;Interval;EndOfRecord
RD;CD;4/25/2024;4:24:04 PM;Default;CDC401;SN 231662582599;Edited;Sample ID (28139);41.3;mS/cm;20.8;°C;37.9;mS/cm;;;NaCl/Non-Linear;Reference Temperature = 25 °C;;;;;;;;;;;OK;4/19/2024;3:08:41 PM;Default;K;0.366;;cm⁻¹;;;;1;30000;µS/cm;28.4;mS/cm;22.2;;;;;;;;;;;;;;;;;;;;;;;;;;;;;;;°C;;;;;1714062244;1713539321;2.32E+11;;Interval;EndOfRecord
RD;pH;4/25/2024;4:23:05 PM;Default;PHC301;SN 240462571090;Edited;Sample ID (28138);3.024;pH;20.7;°C;241.3;mV;;;;;;;;;;;;;;;OK;4/25/2024;12:22:34 PM;Default;Slope;-57.99;98;mV/pH;14.1;mV;0.9998;3;4;pH;187.6;mV;22.2;7.01;pH;11;mV;22;10.04;pH;-159.2;mV;22.5;;;;;;;;;;;;;;;;;;;;;°C;;;;;1714062185;1714047754;2.32E+11;;Interval;EndOfRecord
RD;CD;4/25/2024;4:23:05 PM;Default;CDC401;SN 231662582599;Edited;Sample ID (28138);41.3;mS/cm;20.8;°C;37.9;mS/cm;;;NaCl/Non-Linear;Reference Temperature = 25 °C;;;;;;;;;;;OK;4/19/2024;3:08:41 PM;Default;K;0.366;;cm⁻¹;;;;1;30000;µS/cm;28.4;mS/cm;22.2;;;;;;;;;;;;;;;;;;;;;;;;;;;;;;;°C;;;;;1714062185;1713539321;2.32E+11;;Interval;EndOfRecord
RD;pH;4/25/2024;4:22:03 PM;Default;PHC301;SN 240462571090;Edited;Sample ID (28137);3.024;pH;20.7;°C;241.3;mV;;;;;;;;;;;;;;;OK;4/25/2024;12:22:34 PM;Default;Slope;-57.99;98;mV/pH;14.1;mV;0.9998;3;4;pH;187.6;mV;22.2;7.01;pH;11;mV;22;10.04;pH;-159.2;mV;22.5;;;;;;;;;;;;;;;;;;;;;°C;;;;;1714062123;1714047754;2.32E+11;;Interval;EndOfRecord
RD;CD;4/25/2024;4:22:03 PM;Default;CDC401;SN 231662582599;Edited;Sample ID (28137);41.3;mS/cm;20.8;°C;37.9;mS/cm;;;NaCl/Non-Linear;Reference Temperature = 25 °C;;;;;;;;;;;OK;4/19/2024;3:08:41 PM;Default;K;0.366;;cm⁻¹;;;;1;30000;µS/cm;28.4;mS/cm;22.2;;;;;;;;;;;;;;;;;;;;;;;;;;;;;;;°C;;;;;1714062123;1713539321;2.32E+11;;Interval;EndOfRecord
RD;pH;4/25/2024;4:21:05 PM;Default;PHC301;SN 240462571090;Edited;Sample ID (28136);3.024;pH;20.7;°C;241.3;mV;;;;;;;;;;;;;;;OK;4/25/2024;12:22:34 PM;Default;Slope;-57.99;98;mV/pH;14.1;mV;0.9998;3;4;pH;187.6;mV;22.2;7.01;pH;11;mV;22;10.04;pH;-159.2;mV;22.5;;;;;;;;;;;;;;;;;;;;;°C;;;;;1714062065;1714047754;2.32E+11;;Interval;EndOfRecord
RD;CD;4/25/2024;4:21:05 PM;Default;CDC401;SN 231662582599;Edited;Sample ID (28136);41.3;mS/cm;20.8;°C;37.9;mS/cm;;;NaCl/Non-Linear;Reference Temperature = 25 °C;;;;;;;;;;;OK;4/19/2024;3:08:41 PM;Default;K;0.366;;cm⁻¹;;;;1;30000;µS/cm;28.4;mS/cm;22.2;;;;;;;;;;;;;;;;;;;;;;;;;;;;;;;°C;;;;;1714062065;1713539321;2.32E+11;;Interval;EndOfRecord
RD;pH;4/25/2024;4:20:04 PM;Default;PHC301;SN 240462571090;Edited;Sample ID (28135);3.024;pH;20.7;°C;241.3;mV;;;;;;;;;;;;;;;OK;4/25/2024;12:22:34 PM;Default;Slope;-57.99;98;mV/pH;14.1;mV;0.9998;3;4;pH;187.6;mV;22.2;7.01;pH;11;mV;22;10.04;pH;-159.2;mV;22.5;;;;;;;;;;;;;;;;;;;;;°C;;;;;1714062004;1714047754;2.32E+11;;Interval;EndOfRecord
RD;CD;4/25/2024;4:20:04 PM;Default;CDC401;SN 231662582599;Edited;Sample ID (28135);41.3;mS/cm;20.8;°C;37.9;mS/cm;;;NaCl/Non-Linear;Reference Temperature = 25 °C;;;;;;;;;;;OK;4/19/2024;3:08:41 PM;Default;K;0.366;;cm⁻¹;;;;1;30000;µS/cm;28.4;mS/cm;22.2;;;;;;;;;;;;;;;;;;;;;;;;;;;;;;;°C;;;;;1714062004;1713539321;2.32E+11;;Interval;EndOfRecord
RD;pH;4/25/2024;4:19:05 PM;Default;PHC301;SN 240462571090;Edited;Sample ID (28134);3.024;pH;20.7;°C;241.3;mV;;;;;;;;;;;;;;;OK;4/25/2024;12:22:34 PM;Default;Slope;-57.99;98;mV/pH;14.1;mV;0.9998;3;4;pH;187.6;mV;22.2;7.01;pH;11;mV;22;10.04;pH;-159.2;mV;22.5;;;;;;;;;;;;;;;;;;;;;°C;;;;;1714061945;1714047754;2.32E+11;;Interval;EndOfRecord
RD;CD;4/25/2024;4:19:05 PM;Default;CDC401;SN 231662582599;Edited;Sample ID (28134);41.3;mS/cm;20.8;°C;37.9;mS/cm;;;NaCl/Non-Linear;Reference Temperature = 25 °C;;;;;;;;;;;OK;4/19/2024;3:08:41 PM;Default;K;0.366;;cm⁻¹;;;;1;30000;µS/cm;28.4;mS/cm;22.2;;;;;;;;;;;;;;;;;;;;;;;;;;;;;;;°C;;;;;1714061945;1713539321;2.32E+11;;Interval;EndOfRecord
RD;pH;4/25/2024;4:18:03 PM;Default;PHC301;SN 240462571090;Edited;Sample ID (28133);3.025;pH;20.7;°C;241.3;mV;;;;;;;;;;;;;;;OK;4/25/2024;12:22:34 PM;Default;Slope;-57.99;98;mV/pH;14.1;mV;0.9998;3;4;pH;187.6;mV;22.2;7.01;pH;11;mV;22;10.04;pH;-159.2;mV;22.5;;;;;;;;;;;;;;;;;;;;;°C;;;;;1714061883;1714047754;2.32E+11;;Interval;EndOfRecord
RD;CD;4/25/2024;4:18:03 PM;Default;CDC401;SN 231662582599;Edited;Sample ID (28133);41.3;mS/cm;20.8;°C;37.9;mS/cm;;;NaCl/Non-Linear;Reference Temperature = 25 °C;;;;;;;;;;;OK;4/19/2024;3:08:41 PM;Default;K;0.366;;cm⁻¹;;;;1;30000;µS/cm;28.4;mS/cm;22.2;;;;;;;;;;;;;;;;;;;;;;;;;;;;;;;°C;;;;;1714061883;1713539321;2.32E+11;;Interval;EndOfRecord
RD;pH;4/25/2024;4:17:03 PM;Default;PHC301;SN 240462571090;Edited;Sample ID (28132);3.025;pH;20.7;°C;241.3;mV;;;;;;;;;;;;;;;OK;4/25/2024;12:22:34 PM;Default;Slope;-57.99;98;mV/pH;14.1;mV;0.9998;3;4;pH;187.6;mV;22.2;7.01;pH;11;mV;22;10.04;pH;-159.2;mV;22.5;;;;;;;;;;;;;;;;;;;;;°C;;;;;1714061823;1714047754;2.32E+11;;Interval;EndOfRecord
RD;CD;4/25/2024;4:17:03 PM;Default;CDC401;SN 231662582599;Edited;Sample ID (28132);41.3;mS/cm;20.8;°C;37.9;mS/cm;;;NaCl/Non-Linear;Reference Temperature = 25 °C;;;;;;;;;;;OK;4/19/2024;3:08:41 PM;Default;K;0.366;;cm⁻¹;;;;1;30000;µS/cm;28.4;mS/cm;22.2;;;;;;;;;;;;;;;;;;;;;;;;;;;;;;;°C;;;;;1714061823;1713539321;2.32E+11;;Interval;EndOfRecord
RD;pH;4/25/2024;4:16:05 PM;Default;PHC301;SN 240462571090;Edited;Sample ID (28131);3.025;pH;20.7;°C;241.3;mV;;;;;;;;;;;;;;;OK;4/25/2024;12:22:34 PM;Default;Slope;-57.99;98;mV/pH;14.1;mV;0.9998;3;4;pH;187.6;mV;22.2;7.01;pH;11;mV;22;10.04;pH;-159.2;mV;22.5;;;;;;;;;;;;;;;;;;;;;°C;;;;;1714061765;1714047754;2.32E+11;;Interval;EndOfRecord
RD;CD;4/25/2024;4:16:05 PM;Default;CDC401;SN 231662582599;Edited;Sample ID (28131);41.3;mS/cm;20.8;°C;37.9;mS/cm;;;NaCl/Non-Linear;Reference Temperature = 25 °C;;;;;;;;;;;OK;4/19/2024;3:08:41 PM;Default;K;0.366;;cm⁻¹;;;;1;30000;µS/cm;28.4;mS/cm;22.2;;;;;;;;;;;;;;;;;;;;;;;;;;;;;;;°C;;;;;1714061765;1713539321;2.32E+11;;Interval;EndOfRecord
RD;pH;4/25/2024;4:15:03 PM;Default;PHC301;SN 240462571090;Edited;Sample ID (28130);3.025;pH;20.7;°C;241.3;mV;;;;;;;;;;;;;;;OK;4/25/2024;12:22:34 PM;Default;Slope;-57.99;98;mV/pH;14.1;mV;0.9998;3;4;pH;187.6;mV;22.2;7.01;pH;11;mV;22;10.04;pH;-159.2;mV;22.5;;;;;;;;;;;;;;;;;;;;;°C;;;;;1714061703;1714047754;2.32E+11;;Interval;EndOfRecord
RD;CD;4/25/2024;4:15:03 PM;Default;CDC401;SN 231662582599;Edited;Sample ID (28130);41.3;mS/cm;20.8;°C;37.9;mS/cm;;;NaCl/Non-Linear;Reference Temperature = 25 °C;;;;;;;;;;;OK;4/19/2024;3:08:41 PM;Default;K;0.366;;cm⁻¹;;;;1;30000;µS/cm;28.4;mS/cm;22.2;;;;;;;;;;;;;;;;;;;;;;;;;;;;;;;°C;;;;;1714061703;1713539321;2.32E+11;;Interval;EndOfRecord
RD;pH;4/25/2024;4:14:03 PM;Default;PHC301;SN 240462571090;Edited;Sample ID (28129);3.025;pH;20.7;°C;241.2;mV;;;;;;;;;;;;;;;OK;4/25/2024;12:22:34 PM;Default;Slope;-57.99;98;mV/pH;14.1;mV;0.9998;3;4;pH;187.6;mV;22.2;7.01;pH;11;mV;22;10.04;pH;-159.2;mV;22.5;;;;;;;;;;;;;;;;;;;;;°C;;;;;1714061643;1714047754;2.32E+11;;Interval;EndOfRecord
RD;CD;4/25/2024;4:14:03 PM;Default;CDC401;SN 231662582599;Edited;Sample ID (28129);41.3;mS/cm;20.8;°C;37.9;mS/cm;;;NaCl/Non-Linear;Reference Temperature = 25 °C;;;;;;;;;;;OK;4/19/2024;3:08:41 PM;Default;K;0.366;;cm⁻¹;;;;1;30000;µS/cm;28.4;mS/cm;22.2;;;;;;;;;;;;;;;;;;;;;;;;;;;;;;;°C;;;;;1714061643;1713539321;2.32E+11;;Interval;EndOfRecord
RD;pH;4/25/2024;4:13:04 PM;Default;PHC301;SN 240462571090;Edited;Sample ID (28128);3.027;pH;20.7;°C;241.2;mV;;;;;;;;;;;;;;;OK;4/25/2024;12:22:34 PM;Default;Slope;-57.99;98;mV/pH;14.1;mV;0.9998;3;4;pH;187.6;mV;22.2;7.01;pH;11;mV;22;10.04;pH;-159.2;mV;22.5;;;;;;;;;;;;;;;;;;;;;°C;;;;;1714061584;1714047754;2.32E+11;;Interval;EndOfRecord
RD;CD;4/25/2024;4:13:04 PM;Default;CDC401;SN 231662582599;Edited;Sample ID (28128);41.3;mS/cm;20.8;°C;37.9;mS/cm;;;NaCl/Non-Linear;Reference Temperature = 25 °C;;;;;;;;;;;OK;4/19/2024;3:08:41 PM;Default;K;0.366;;cm⁻¹;;;;1;30000;µS/cm;28.4;mS/cm;22.2;;;;;;;;;;;;;;;;;;;;;;;;;;;;;;;°C;;;;;1714061584;1713539321;2.32E+11;;Interval;EndOfRecord
RD;pH;4/25/2024;4:12:05 PM;Default;PHC301;SN 240462571090;Edited;Sample ID (28127);3.027;pH;20.7;°C;241.2;mV;;;;;;;;;;;;;;;OK;4/25/2024;12:22:34 PM;Default;Slope;-57.99;98;mV/pH;14.1;mV;0.9998;3;4;pH;187.6;mV;22.2;7.01;pH;11;mV;22;10.04;pH;-159.2;mV;22.5;;;;;;;;;;;;;;;;;;;;;°C;;;;;1714061525;1714047754;2.32E+11;;Interval;EndOfRecord
RD;CD;4/25/2024;4:12:05 PM;Default;CDC401;SN 231662582599;Edited;Sample ID (28127);41.3;mS/cm;20.8;°C;37.9;mS/cm;;;NaCl/Non-Linear;Reference Temperature = 25 °C;;;;;;;;;;;OK;4/19/2024;3:08:41 PM;Default;K;0.366;;cm⁻¹;;;;1;30000;µS/cm;28.4;mS/cm;22.2;;;;;;;;;;;;;;;;;;;;;;;;;;;;;;;°C;;;;;1714061525;1713539321;2.32E+11;;Interval;EndOfRecord
RD;pH;4/25/2024;4:11:04 PM;Default;PHC301;SN 240462571090;Edited;Sample ID (28126);3.027;pH;20.7;°C;241.2;mV;;;;;;;;;;;;;;;OK;4/25/2024;12:22:34 PM;Default;Slope;-57.99;98;mV/pH;14.1;mV;0.9998;3;4;pH;187.6;mV;22.2;7.01;pH;11;mV;22;10.04;pH;-159.2;mV;22.5;;;;;;;;;;;;;;;;;;;;;°C;;;;;1714061464;1714047754;2.32E+11;;Interval;EndOfRecord
RD;CD;4/25/2024;4:11:04 PM;Default;CDC401;SN 231662582599;Edited;Sample ID (28126);41.3;mS/cm;20.8;°C;37.9;mS/cm;;;NaCl/Non-Linear;Reference Temperature = 25 °C;;;;;;;;;;;OK;4/19/2024;3:08:41 PM;Default;K;0.366;;cm⁻¹;;;;1;30000;µS/cm;28.4;mS/cm;22.2;;;;;;;;;;;;;;;;;;;;;;;;;;;;;;;°C;;;;;1714061464;1713539321;2.32E+11;;Interval;EndOfRecord
RD;pH;4/25/2024;4:10:04 PM;Default;PHC301;SN 240462571090;Edited;Sample ID (28125);3.027;pH;20.7;°C;241.2;mV;;;;;;;;;;;;;;;OK;4/25/2024;12:22:34 PM;Default;Slope;-57.99;98;mV/pH;14.1;mV;0.9998;3;4;pH;187.6;mV;22.2;7.01;pH;11;mV;22;10.04;pH;-159.2;mV;22.5;;;;;;;;;;;;;;;;;;;;;°C;;;;;1714061404;1714047754;2.32E+11;;Interval;EndOfRecord
RD;CD;4/25/2024;4:10:04 PM;Default;CDC401;SN 231662582599;Edited;Sample ID (28125);41.3;mS/cm;20.8;°C;37.9;mS/cm;;;NaCl/Non-Linear;Reference Temperature = 25 °C;;;;;;;;;;;OK;4/19/2024;3:08:41 PM;Default;K;0.366;;cm⁻¹;;;;1;30000;µS/cm;28.4;mS/cm;22.2;;;;;;;;;;;;;;;;;;;;;;;;;;;;;;;°C;;;;;1714061404;1713539321;2.32E+11;;Interval;EndOfRecord
RD;pH;4/25/2024;4:09:03 PM;Default;PHC301;SN 240462571090;Edited;Sample ID (28124);3.027;pH;20.7;°C;241.2;mV;;;;;;;;;;;;;;;OK;4/25/2024;12:22:34 PM;Default;Slope;-57.99;98;mV/pH;14.1;mV;0.9998;3;4;pH;187.6;mV;22.2;7.01;pH;11;mV;22;10.04;pH;-159.2;mV;22.5;;;;;;;;;;;;;;;;;;;;;°C;;;;;1714061343;1714047754;2.32E+11;;Interval;EndOfRecord
RD;CD;4/25/2024;4:09:03 PM;Default;CDC401;SN 231662582599;Edited;Sample ID (28124);41.3;mS/cm;20.8;°C;37.9;mS/cm;;;NaCl/Non-Linear;Reference Temperature = 25 °C;;;;;;;;;;;OK;4/19/2024;3:08:41 PM;Default;K;0.366;;cm⁻¹;;;;1;30000;µS/cm;28.4;mS/cm;22.2;;;;;;;;;;;;;;;;;;;;;;;;;;;;;;;°C;;;;;1714061343;1713539321;2.32E+11;;Interval;EndOfRecord
RD;pH;4/25/2024;4:08:03 PM;Default;PHC301;SN 240462571090;Edited;Sample ID (28123);3.027;pH;20.7;°C;241.2;mV;;;;;;;;;;;;;;;OK;4/25/2024;12:22:34 PM;Default;Slope;-57.99;98;mV/pH;14.1;mV;0.9998;3;4;pH;187.6;mV;22.2;7.01;pH;11;mV;22;10.04;pH;-159.2;mV;22.5;;;;;;;;;;;;;;;;;;;;;°C;;;;;1714061283;1714047754;2.32E+11;;Interval;EndOfRecord
RD;CD;4/25/2024;4:08:03 PM;Default;CDC401;SN 231662582599;Edited;Sample ID (28123);41.3;mS/cm;20.8;°C;37.9;mS/cm;;;NaCl/Non-Linear;Reference Temperature = 25 °C;;;;;;;;;;;OK;4/19/2024;3:08:41 PM;Default;K;0.366;;cm⁻¹;;;;1;30000;µS/cm;28.4;mS/cm;22.2;;;;;;;;;;;;;;;;;;;;;;;;;;;;;;;°C;;;;;1714061283;1713539321;2.32E+11;;Interval;EndOfRecord
RD;pH;4/25/2024;4:07:04 PM;Default;PHC301;SN 240462571090;Edited;Sample ID (28122);3.027;pH;20.7;°C;241.2;mV;;;;;;;;;;;;;;;OK;4/25/2024;12:22:34 PM;Default;Slope;-57.99;98;mV/pH;14.1;mV;0.9998;3;4;pH;187.6;mV;22.2;7.01;pH;11;mV;22;10.04;pH;-159.2;mV;22.5;;;;;;;;;;;;;;;;;;;;;°C;;;;;1714061224;1714047754;2.32E+11;;Interval;EndOfRecord
RD;CD;4/25/2024;4:07:04 PM;Default;CDC401;SN 231662582599;Edited;Sample ID (28122);41.3;mS/cm;20.8;°C;37.9;mS/cm;;;NaCl/Non-Linear;Reference Temperature = 25 °C;;;;;;;;;;;OK;4/19/2024;3:08:41 PM;Default;K;0.366;;cm⁻¹;;;;1;30000;µS/cm;28.4;mS/cm;22.2;;;;;;;;;;;;;;;;;;;;;;;;;;;;;;;°C;;;;;1714061224;1713539321;2.32E+11;;Interval;EndOfRecord
RD;pH;4/25/2024;4:06:05 PM;Default;PHC301;SN 240462571090;Edited;Sample ID (28121);3.028;pH;20.8;°C;241.2;mV;;;;;;;;;;;;;;;OK;4/25/2024;12:22:34 PM;Default;Slope;-57.99;98;mV/pH;14.1;mV;0.9998;3;4;pH;187.6;mV;22.2;7.01;pH;11;mV;22;10.04;pH;-159.2;mV;22.5;;;;;;;;;;;;;;;;;;;;;°C;;;;;1714061165;1714047754;2.32E+11;;Interval;EndOfRecord
RD;CD;4/25/2024;4:06:05 PM;Default;CDC401;SN 231662582599;Edited;Sample ID (28121);41.3;mS/cm;20.8;°C;37.9;mS/cm;;;NaCl/Non-Linear;Reference Temperature = 25 °C;;;;;;;;;;;OK;4/19/2024;3:08:41 PM;Default;K;0.366;;cm⁻¹;;;;1;30000;µS/cm;28.4;mS/cm;22.2;;;;;;;;;;;;;;;;;;;;;;;;;;;;;;;°C;;;;;1714061165;1713539321;2.32E+11;;Interval;EndOfRecord
RD;pH;4/25/2024;4:05:03 PM;Default;PHC301;SN 240462571090;Edited;Sample ID (28120);3.028;pH;20.8;°C;241.2;mV;;;;;;;;;;;;;;;OK;4/25/2024;12:22:34 PM;Default;Slope;-57.99;98;mV/pH;14.1;mV;0.9998;3;4;pH;187.6;mV;22.2;7.01;pH;11;mV;22;10.04;pH;-159.2;mV;22.5;;;;;;;;;;;;;;;;;;;;;°C;;;;;1714061103;1714047754;2.32E+11;;Interval;EndOfRecord
RD;CD;4/25/2024;4:05:03 PM;Default;CDC401;SN 231662582599;Edited;Sample ID (28120);41.3;mS/cm;20.8;°C;37.9;mS/cm;;;NaCl/Non-Linear;Reference Temperature = 25 °C;;;;;;;;;;;OK;4/19/2024;3:08:41 PM;Default;K;0.366;;cm⁻¹;;;;1;30000;µS/cm;28.4;mS/cm;22.2;;;;;;;;;;;;;;;;;;;;;;;;;;;;;;;°C;;;;;1714061103;1713539321;2.32E+11;;Interval;EndOfRecord
RD;pH;4/25/2024;4:04:05 PM;Default;PHC301;SN 240462571090;Edited;Sample ID (28119);3.028;pH;20.8;°C;241.2;mV;;;;;;;;;;;;;;;OK;4/25/2024;12:22:34 PM;Default;Slope;-57.99;98;mV/pH;14.1;mV;0.9998;3;4;pH;187.6;mV;22.2;7.01;pH;11;mV;22;10.04;pH;-159.2;mV;22.5;;;;;;;;;;;;;;;;;;;;;°C;;;;;1714061045;1714047754;2.32E+11;;Interval;EndOfRecord
RD;CD;4/25/2024;4:04:05 PM;Default;CDC401;SN 231662582599;Edited;Sample ID (28119);41.3;mS/cm;20.8;°C;37.9;mS/cm;;;NaCl/Non-Linear;Reference Temperature = 25 °C;;;;;;;;;;;OK;4/19/2024;3:08:41 PM;Default;K;0.366;;cm⁻¹;;;;1;30000;µS/cm;28.4;mS/cm;22.2;;;;;;;;;;;;;;;;;;;;;;;;;;;;;;;°C;;;;;1714061045;1713539321;2.32E+11;;Interval;EndOfRecord
RD;pH;4/25/2024;4:03:05 PM;Default;PHC301;SN 240462571090;Edited;Sample ID (28118);3.028;pH;20.8;°C;241.2;mV;;;;;;;;;;;;;;;OK;4/25/2024;12:22:34 PM;Default;Slope;-57.99;98;mV/pH;14.1;mV;0.9998;3;4;pH;187.6;mV;22.2;7.01;pH;11;mV;22;10.04;pH;-159.2;mV;22.5;;;;;;;;;;;;;;;;;;;;;°C;;;;;1714060985;1714047754;2.32E+11;;Interval;EndOfRecord
RD;CD;4/25/2024;4:03:05 PM;Default;CDC401;SN 231662582599;Edited;Sample ID (28118);41.3;mS/cm;20.8;°C;37.9;mS/cm;;;NaCl/Non-Linear;Reference Temperature = 25 °C;;;;;;;;;;;OK;4/19/2024;3:08:41 PM;Default;K;0.366;;cm⁻¹;;;;1;30000;µS/cm;28.4;mS/cm;22.2;;;;;;;;;;;;;;;;;;;;;;;;;;;;;;;°C;;;;;1714060985;1713539321;2.32E+11;;Interval;EndOfRecord
RD;pH;4/25/2024;4:02:04 PM;Default;PHC301;SN 240462571090;Edited;Sample ID (28117);3.028;pH;20.8;°C;241.2;mV;;;;;;;;;;;;;;;OK;4/25/2024;12:22:34 PM;Default;Slope;-57.99;98;mV/pH;14.1;mV;0.9998;3;4;pH;187.6;mV;22.2;7.01;pH;11;mV;22;10.04;pH;-159.2;mV;22.5;;;;;;;;;;;;;;;;;;;;;°C;;;;;1714060924;1714047754;2.32E+11;;Interval;EndOfRecord
RD;CD;4/25/2024;4:02:04 PM;Default;CDC401;SN 231662582599;Edited;Sample ID (28117);41.3;mS/cm;20.8;°C;37.9;mS/cm;;;NaCl/Non-Linear;Reference Temperature = 25 °C;;;;;;;;;;;OK;4/19/2024;3:08:41 PM;Default;K;0.366;;cm⁻¹;;;;1;30000;µS/cm;28.4;mS/cm;22.2;;;;;;;;;;;;;;;;;;;;;;;;;;;;;;;°C;;;;;1714060924;1713539321;2.32E+11;;Interval;EndOfRecord
RD;pH;4/25/2024;4:01:03 PM;Default;PHC301;SN 240462571090;Edited;Sample ID (28116);3.029;pH;20.8;°C;241.1;mV;;;;;;;;;;;;;;;OK;4/25/2024;12:22:34 PM;Default;Slope;-57.99;98;mV/pH;14.1;mV;0.9998;3;4;pH;187.6;mV;22.2;7.01;pH;11;mV;22;10.04;pH;-159.2;mV;22.5;;;;;;;;;;;;;;;;;;;;;°C;;;;;1714060863;1714047754;2.32E+11;;Interval;EndOfRecord
RD;CD;4/25/2024;4:01:03 PM;Default;CDC401;SN 231662582599;Edited;Sample ID (28116);41.3;mS/cm;20.8;°C;38;mS/cm;;;NaCl/Non-Linear;Reference Temperature = 25 °C;;;;;;;;;;;OK;4/19/2024;3:08:41 PM;Default;K;0.366;;cm⁻¹;;;;1;30000;µS/cm;28.4;mS/cm;22.2;;;;;;;;;;;;;;;;;;;;;;;;;;;;;;;°C;;;;;1714060863;1713539321;2.32E+11;;Interval;EndOfRecord
RD;pH;4/25/2024;4:00:03 PM;Default;PHC301;SN 240462571090;Edited;Sample ID (28115);3.029;pH;20.8;°C;241.1;mV;;;;;;;;;;;;;;;OK;4/25/2024;12:22:34 PM;Default;Slope;-57.99;98;mV/pH;14.1;mV;0.9998;3;4;pH;187.6;mV;22.2;7.01;pH;11;mV;22;10.04;pH;-159.2;mV;22.5;;;;;;;;;;;;;;;;;;;;;°C;;;;;1714060803;1714047754;2.32E+11;;Interval;EndOfRecord
RD;CD;4/25/2024;4:00:03 PM;Default;CDC401;SN 231662582599;Edited;Sample ID (28115);41.3;mS/cm;20.9;°C;38;mS/cm;;;NaCl/Non-Linear;Reference Temperature = 25 °C;;;;;;;;;;;OK;4/19/2024;3:08:41 PM;Default;K;0.366;;cm⁻¹;;;;1;30000;µS/cm;28.4;mS/cm;22.2;;;;;;;;;;;;;;;;;;;;;;;;;;;;;;;°C;;;;;1714060803;1713539321;2.32E+11;;Interval;EndOfRecord
RD;pH;4/25/2024;3:59:03 PM;Default;PHC301;SN 240462571090;Edited;Sample ID (28114);3.03;pH;20.8;°C;241.1;mV;;;;;;;;;;;;;;;OK;4/25/2024;12:22:34 PM;Default;Slope;-57.99;98;mV/pH;14.1;mV;0.9998;3;4;pH;187.6;mV;22.2;7.01;pH;11;mV;22;10.04;pH;-159.2;mV;22.5;;;;;;;;;;;;;;;;;;;;;°C;;;;;1714060743;1714047754;2.32E+11;;Interval;EndOfRecord
RD;CD;4/25/2024;3:59:03 PM;Default;CDC401;SN 231662582599;Edited;Sample ID (28114);41.3;mS/cm;20.9;°C;38;mS/cm;;;NaCl/Non-Linear;Reference Temperature = 25 °C;;;;;;;;;;;OK;4/19/2024;3:08:41 PM;Default;K;0.366;;cm⁻¹;;;;1;30000;µS/cm;28.4;mS/cm;22.2;;;;;;;;;;;;;;;;;;;;;;;;;;;;;;;°C;;;;;1714060743;1713539321;2.32E+11;;Interval;EndOfRecord
RD;pH;4/25/2024;3:58:03 PM;Default;PHC301;SN 240462571090;Edited;Sample ID (28113);3.03;pH;20.8;°C;241.1;mV;;;;;;;;;;;;;;;OK;4/25/2024;12:22:34 PM;Default;Slope;-57.99;98;mV/pH;14.1;mV;0.9998;3;4;pH;187.6;mV;22.2;7.01;pH;11;mV;22;10.04;pH;-159.2;mV;22.5;;;;;;;;;;;;;;;;;;;;;°C;;;;;1714060683;1714047754;2.32E+11;;Interval;EndOfRecord
RD;CD;4/25/2024;3:58:03 PM;Default;CDC401;SN 231662582599;Edited;Sample ID (28113);41.3;mS/cm;20.9;°C;38;mS/cm;;;NaCl/Non-Linear;Reference Temperature = 25 °C;;;;;;;;;;;OK;4/19/2024;3:08:41 PM;Default;K;0.366;;cm⁻¹;;;;1;30000;µS/cm;28.4;mS/cm;22.2;;;;;;;;;;;;;;;;;;;;;;;;;;;;;;;°C;;;;;1714060683;1713539321;2.32E+11;;Interval;EndOfRecord
RD;pH;4/25/2024;3:57:05 PM;Default;PHC301;SN 240462571090;Edited;Sample ID (28112);3.03;pH;20.8;°C;241.1;mV;;;;;;;;;;;;;;;OK;4/25/2024;12:22:34 PM;Default;Slope;-57.99;98;mV/pH;14.1;mV;0.9998;3;4;pH;187.6;mV;22.2;7.01;pH;11;mV;22;10.04;pH;-159.2;mV;22.5;;;;;;;;;;;;;;;;;;;;;°C;;;;;1714060625;1714047754;2.32E+11;;Interval;EndOfRecord
RD;CD;4/25/2024;3:57:05 PM;Default;CDC401;SN 231662582599;Edited;Sample ID (28112);41.3;mS/cm;20.9;°C;38;mS/cm;;;NaCl/Non-Linear;Reference Temperature = 25 °C;;;;;;;;;;;OK;4/19/2024;3:08:41 PM;Default;K;0.366;;cm⁻¹;;;;1;30000;µS/cm;28.4;mS/cm;22.2;;;;;;;;;;;;;;;;;;;;;;;;;;;;;;;°C;;;;;1714060625;1713539321;2.32E+11;;Interval;EndOfRecord
RD;pH;4/25/2024;3:56:05 PM;Default;PHC301;SN 240462571090;Edited;Sample ID (28111);3.031;pH;20.8;°C;241;mV;;;;;;;;;;;;;;;OK;4/25/2024;12:22:34 PM;Default;Slope;-57.99;98;mV/pH;14.1;mV;0.9998;3;4;pH;187.6;mV;22.2;7.01;pH;11;mV;22;10.04;pH;-159.2;mV;22.5;;;;;;;;;;;;;;;;;;;;;°C;;;;;1714060565;1714047754;2.32E+11;;Interval;EndOfRecord
RD;CD;4/25/2024;3:56:05 PM;Default;CDC401;SN 231662582599;Edited;Sample ID (28111);41.3;mS/cm;20.9;°C;38;mS/cm;;;NaCl/Non-Linear;Reference Temperature = 25 °C;;;;;;;;;;;OK;4/19/2024;3:08:41 PM;Default;K;0.366;;cm⁻¹;;;;1;30000;µS/cm;28.4;mS/cm;22.2;;;;;;;;;;;;;;;;;;;;;;;;;;;;;;;°C;;;;;1714060565;1713539321;2.32E+11;;Interval;EndOfRecord
RD;pH;4/25/2024;3:55:05 PM;Default;PHC301;SN 240462571090;Edited;Sample ID (28110);3.031;pH;20.8;°C;241;mV;;;;;;;;;;;;;;;OK;4/25/2024;12:22:34 PM;Default;Slope;-57.99;98;mV/pH;14.1;mV;0.9998;3;4;pH;187.6;mV;22.2;7.01;pH;11;mV;22;10.04;pH;-159.2;mV;22.5;;;;;;;;;;;;;;;;;;;;;°C;;;;;1714060505;1714047754;2.32E+11;;Interval;EndOfRecord
RD;CD;4/25/2024;3:55:05 PM;Default;CDC401;SN 231662582599;Edited;Sample ID (28110);41.3;mS/cm;20.9;°C;38;mS/cm;;;NaCl/Non-Linear;Reference Temperature = 25 °C;;;;;;;;;;;OK;4/19/2024;3:08:41 PM;Default;K;0.366;;cm⁻¹;;;;1;30000;µS/cm;28.4;mS/cm;22.2;;;;;;;;;;;;;;;;;;;;;;;;;;;;;;;°C;;;;;1714060505;1713539321;2.32E+11;;Interval;EndOfRecord
RD;pH;4/25/2024;3:54:03 PM;Default;PHC301;SN 240462571090;Edited;Sample ID (28109);3.032;pH;20.8;°C;241;mV;;;;;;;;;;;;;;;OK;4/25/2024;12:22:34 PM;Default;Slope;-57.99;98;mV/pH;14.1;mV;0.9998;3;4;pH;187.6;mV;22.2;7.01;pH;11;mV;22;10.04;pH;-159.2;mV;22.5;;;;;;;;;;;;;;;;;;;;;°C;;;;;1714060443;1714047754;2.32E+11;;Interval;EndOfRecord
RD;CD;4/25/2024;3:54:03 PM;Default;CDC401;SN 231662582599;Edited;Sample ID (28109);41.3;mS/cm;20.9;°C;38;mS/cm;;;NaCl/Non-Linear;Reference Temperature = 25 °C;;;;;;;;;;;OK;4/19/2024;3:08:41 PM;Default;K;0.366;;cm⁻¹;;;;1;30000;µS/cm;28.4;mS/cm;22.2;;;;;;;;;;;;;;;;;;;;;;;;;;;;;;;°C;;;;;1714060443;1713539321;2.32E+11;;Interval;EndOfRecord
RD;pH;4/25/2024;3:53:03 PM;Default;PHC301;SN 240462571090;Edited;Sample ID (28108);3.032;pH;20.8;°C;241;mV;;;;;;;;;;;;;;;OK;4/25/2024;12:22:34 PM;Default;Slope;-57.99;98;mV/pH;14.1;mV;0.9998;3;4;pH;187.6;mV;22.2;7.01;pH;11;mV;22;10.04;pH;-159.2;mV;22.5;;;;;;;;;;;;;;;;;;;;;°C;;;;;1714060383;1714047754;2.32E+11;;Interval;EndOfRecord
RD;CD;4/25/2024;3:53:03 PM;Default;CDC401;SN 231662582599;Edited;Sample ID (28108);41.3;mS/cm;20.9;°C;38;mS/cm;;;NaCl/Non-Linear;Reference Temperature = 25 °C;;;;;;;;;;;OK;4/19/2024;3:08:41 PM;Default;K;0.366;;cm⁻¹;;;;1;30000;µS/cm;28.4;mS/cm;22.2;;;;;;;;;;;;;;;;;;;;;;;;;;;;;;;°C;;;;;1714060383;1713539321;2.32E+11;;Interval;EndOfRecord
RD;pH;4/25/2024;3:52:05 PM;Default;PHC301;SN 240462571090;Edited;Sample ID (28107);3.032;pH;20.8;°C;241;mV;;;;;;;;;;;;;;;OK;4/25/2024;12:22:34 PM;Default;Slope;-57.99;98;mV/pH;14.1;mV;0.9998;3;4;pH;187.6;mV;22.2;7.01;pH;11;mV;22;10.04;pH;-159.2;mV;22.5;;;;;;;;;;;;;;;;;;;;;°C;;;;;1714060325;1714047754;2.32E+11;;Interval;EndOfRecord
RD;CD;4/25/2024;3:52:05 PM;Default;CDC401;SN 231662582599;Edited;Sample ID (28107);41.3;mS/cm;20.9;°C;38;mS/cm;;;NaCl/Non-Linear;Reference Temperature = 25 °C;;;;;;;;;;;OK;4/19/2024;3:08:41 PM;Default;K;0.366;;cm⁻¹;;;;1;30000;µS/cm;28.4;mS/cm;22.2;;;;;;;;;;;;;;;;;;;;;;;;;;;;;;;°C;;;;;1714060325;1713539321;2.32E+11;;Interval;EndOfRecord
RD;pH;4/25/2024;3:51:06 PM;Default;PHC301;SN 240462571090;Edited;Sample ID (28106);3.033;pH;20.8;°C;240.9;mV;;;;;;;;;;;;;;;OK;4/25/2024;12:22:34 PM;Default;Slope;-57.99;98;mV/pH;14.1;mV;0.9998;3;4;pH;187.6;mV;22.2;7.01;pH;11;mV;22;10.04;pH;-159.2;mV;22.5;;;;;;;;;;;;;;;;;;;;;°C;;;;;1714060266;1714047754;2.32E+11;;Interval;EndOfRecord
RD;CD;4/25/2024;3:51:06 PM;Default;CDC401;SN 231662582599;Edited;Sample ID (28106);41.3;mS/cm;20.9;°C;38;mS/cm;;;NaCl/Non-Linear;Reference Temperature = 25 °C;;;;;;;;;;;OK;4/19/2024;3:08:41 PM;Default;K;0.366;;cm⁻¹;;;;1;30000;µS/cm;28.4;mS/cm;22.2;;;;;;;;;;;;;;;;;;;;;;;;;;;;;;;°C;;;;;1714060266;1713539321;2.32E+11;;Interval;EndOfRecord
RD;pH;4/25/2024;3:50:04 PM;Default;PHC301;SN 240462571090;Edited;Sample ID (28105);3.033;pH;20.8;°C;240.9;mV;;;;;;;;;;;;;;;OK;4/25/2024;12:22:34 PM;Default;Slope;-57.99;98;mV/pH;14.1;mV;0.9998;3;4;pH;187.6;mV;22.2;7.01;pH;11;mV;22;10.04;pH;-159.2;mV;22.5;;;;;;;;;;;;;;;;;;;;;°C;;;;;1714060204;1714047754;2.32E+11;;Interval;EndOfRecord
RD;CD;4/25/2024;3:50:04 PM;Default;CDC401;SN 231662582599;Edited;Sample ID (28105);41.3;mS/cm;20.9;°C;38;mS/cm;;;NaCl/Non-Linear;Reference Temperature = 25 °C;;;;;;;;;;;OK;4/19/2024;3:08:41 PM;Default;K;0.366;;cm⁻¹;;;;1;30000;µS/cm;28.4;mS/cm;22.2;;;;;;;;;;;;;;;;;;;;;;;;;;;;;;;°C;;;;;1714060204;1713539321;2.32E+11;;Interval;EndOfRecord
RD;pH;4/25/2024;3:49:05 PM;Default;PHC301;SN 240462571090;Edited;Sample ID (28104);3.033;pH;20.8;°C;240.9;mV;;;;;;;;;;;;;;;OK;4/25/2024;12:22:34 PM;Default;Slope;-57.99;98;mV/pH;14.1;mV;0.9998;3;4;pH;187.6;mV;22.2;7.01;pH;11;mV;22;10.04;pH;-159.2;mV;22.5;;;;;;;;;;;;;;;;;;;;;°C;;;;;1714060145;1714047754;2.32E+11;;Interval;EndOfRecord
RD;CD;4/25/2024;3:49:05 PM;Default;CDC401;SN 231662582599;Edited;Sample ID (28104);41.3;mS/cm;20.9;°C;38;mS/cm;;;NaCl/Non-Linear;Reference Temperature = 25 °C;;;;;;;;;;;OK;4/19/2024;3:08:41 PM;Default;K;0.366;;cm⁻¹;;;;1;30000;µS/cm;28.4;mS/cm;22.2;;;;;;;;;;;;;;;;;;;;;;;;;;;;;;;°C;;;;;1714060145;1713539321;2.32E+11;;Interval;EndOfRecord
RD;pH;4/25/2024;3:48:03 PM;Default;PHC301;SN 240462571090;Edited;Sample ID (28103);3.035;pH;20.8;°C;240.9;mV;;;;;;;;;;;;;;;OK;4/25/2024;12:22:34 PM;Default;Slope;-57.99;98;mV/pH;14.1;mV;0.9998;3;4;pH;187.6;mV;22.2;7.01;pH;11;mV;22;10.04;pH;-159.2;mV;22.5;;;;;;;;;;;;;;;;;;;;;°C;;;;;1714060083;1714047754;2.32E+11;;Interval;EndOfRecord
RD;CD;4/25/2024;3:48:03 PM;Default;CDC401;SN 231662582599;Edited;Sample ID (28103);41.3;mS/cm;20.9;°C;38;mS/cm;;;NaCl/Non-Linear;Reference Temperature = 25 °C;;;;;;;;;;;OK;4/19/2024;3:08:41 PM;Default;K;0.366;;cm⁻¹;;;;1;30000;µS/cm;28.4;mS/cm;22.2;;;;;;;;;;;;;;;;;;;;;;;;;;;;;;;°C;;;;;1714060083;1713539321;2.32E+11;;Interval;EndOfRecord
RD;pH;4/25/2024;3:47:03 PM;Default;PHC301;SN 240462571090;Edited;Sample ID (28102);3.035;pH;20.8;°C;240.9;mV;;;;;;;;;;;;;;;OK;4/25/2024;12:22:34 PM;Default;Slope;-57.99;98;mV/pH;14.1;mV;0.9998;3;4;pH;187.6;mV;22.2;7.01;pH;11;mV;22;10.04;pH;-159.2;mV;22.5;;;;;;;;;;;;;;;;;;;;;°C;;;;;1714060023;1714047754;2.32E+11;;Interval;EndOfRecord
RD;CD;4/25/2024;3:47:03 PM;Default;CDC401;SN 231662582599;Edited;Sample ID (28102);41.3;mS/cm;20.9;°C;38;mS/cm;;;NaCl/Non-Linear;Reference Temperature = 25 °C;;;;;;;;;;;OK;4/19/2024;3:08:41 PM;Default;K;0.366;;cm⁻¹;;;;1;30000;µS/cm;28.4;mS/cm;22.2;;;;;;;;;;;;;;;;;;;;;;;;;;;;;;;°C;;;;;1714060023;1713539321;2.32E+11;;Interval;EndOfRecord
RD;pH;4/25/2024;3:46:03 PM;Default;PHC301;SN 240462571090;Edited;Sample ID (28101);3.035;pH;20.8;°C;240.7;mV;;;;;;;;;;;;;;;OK;4/25/2024;12:22:34 PM;Default;Slope;-57.99;98;mV/pH;14.1;mV;0.9998;3;4;pH;187.6;mV;22.2;7.01;pH;11;mV;22;10.04;pH;-159.2;mV;22.5;;;;;;;;;;;;;;;;;;;;;°C;;;;;1714059963;1714047754;2.32E+11;;Interval;EndOfRecord
RD;CD;4/25/2024;3:46:03 PM;Default;CDC401;SN 231662582599;Edited;Sample ID (28101);41.3;mS/cm;20.9;°C;38;mS/cm;;;NaCl/Non-Linear;Reference Temperature = 25 °C;;;;;;;;;;;OK;4/19/2024;3:08:41 PM;Default;K;0.366;;cm⁻¹;;;;1;30000;µS/cm;28.4;mS/cm;22.2;;;;;;;;;;;;;;;;;;;;;;;;;;;;;;;°C;;;;;1714059963;1713539321;2.32E+11;;Interval;EndOfRecord
RD;pH;4/25/2024;3:45:04 PM;Default;PHC301;SN 240462571090;Edited;Sample ID (28100);3.035;pH;20.8;°C;240.7;mV;;;;;;;;;;;;;;;OK;4/25/2024;12:22:34 PM;Default;Slope;-57.99;98;mV/pH;14.1;mV;0.9998;3;4;pH;187.6;mV;22.2;7.01;pH;11;mV;22;10.04;pH;-159.2;mV;22.5;;;;;;;;;;;;;;;;;;;;;°C;;;;;1714059904;1714047754;2.32E+11;;Interval;EndOfRecord
RD;CD;4/25/2024;3:45:04 PM;Default;CDC401;SN 231662582599;Edited;Sample ID (28100);41.3;mS/cm;20.9;°C;38;mS/cm;;;NaCl/Non-Linear;Reference Temperature = 25 °C;;;;;;;;;;;OK;4/19/2024;3:08:41 PM;Default;K;0.366;;cm⁻¹;;;;1;30000;µS/cm;28.4;mS/cm;22.2;;;;;;;;;;;;;;;;;;;;;;;;;;;;;;;°C;;;;;1714059904;1713539321;2.32E+11;;Interval;EndOfRecord
RD;pH;4/25/2024;3:44:03 PM;Default;PHC301;SN 240462571090;Edited;Sample ID (28099);3.036;pH;20.8;°C;240.7;mV;;;;;;;;;;;;;;;OK;4/25/2024;12:22:34 PM;Default;Slope;-57.99;98;mV/pH;14.1;mV;0.9998;3;4;pH;187.6;mV;22.2;7.01;pH;11;mV;22;10.04;pH;-159.2;mV;22.5;;;;;;;;;;;;;;;;;;;;;°C;;;;;1714059843;1714047754;2.32E+11;;Interval;EndOfRecord
RD;CD;4/25/2024;3:44:03 PM;Default;CDC401;SN 231662582599;Edited;Sample ID (28099);41.3;mS/cm;20.9;°C;38;mS/cm;;;NaCl/Non-Linear;Reference Temperature = 25 °C;;;;;;;;;;;OK;4/19/2024;3:08:41 PM;Default;K;0.366;;cm⁻¹;;;;1;30000;µS/cm;28.4;mS/cm;22.2;;;;;;;;;;;;;;;;;;;;;;;;;;;;;;;°C;;;;;1714059843;1713539321;2.32E+11;;Interval;EndOfRecord
RD;pH;4/25/2024;3:43:04 PM;Default;PHC301;SN 240462571090;Edited;Sample ID (28098);3.036;pH;20.8;°C;240.7;mV;;;;;;;;;;;;;;;OK;4/25/2024;12:22:34 PM;Default;Slope;-57.99;98;mV/pH;14.1;mV;0.9998;3;4;pH;187.6;mV;22.2;7.01;pH;11;mV;22;10.04;pH;-159.2;mV;22.5;;;;;;;;;;;;;;;;;;;;;°C;;;;;1714059784;1714047754;2.32E+11;;Interval;EndOfRecord
RD;CD;4/25/2024;3:43:04 PM;Default;CDC401;SN 231662582599;Edited;Sample ID (28098);41.3;mS/cm;20.9;°C;38;mS/cm;;;NaCl/Non-Linear;Reference Temperature = 25 °C;;;;;;;;;;;OK;4/19/2024;3:08:41 PM;Default;K;0.366;;cm⁻¹;;;;1;30000;µS/cm;28.4;mS/cm;22.2;;;;;;;;;;;;;;;;;;;;;;;;;;;;;;;°C;;;;;1714059784;1713539321;2.32E+11;;Interval;EndOfRecord
RD;pH;4/25/2024;3:42:05 PM;Default;PHC301;SN 240462571090;Edited;Sample ID (28097);3.036;pH;20.8;°C;240.7;mV;;;;;;;;;;;;;;;OK;4/25/2024;12:22:34 PM;Default;Slope;-57.99;98;mV/pH;14.1;mV;0.9998;3;4;pH;187.6;mV;22.2;7.01;pH;11;mV;22;10.04;pH;-159.2;mV;22.5;;;;;;;;;;;;;;;;;;;;;°C;;;;;1714059725;1714047754;2.32E+11;;Interval;EndOfRecord
RD;CD;4/25/2024;3:42:05 PM;Default;CDC401;SN 231662582599;Edited;Sample ID (28097);41.3;mS/cm;20.9;°C;38;mS/cm;;;NaCl/Non-Linear;Reference Temperature = 25 °C;;;;;;;;;;;OK;4/19/2024;3:08:41 PM;Default;K;0.366;;cm⁻¹;;;;1;30000;µS/cm;28.4;mS/cm;22.2;;;;;;;;;;;;;;;;;;;;;;;;;;;;;;;°C;;;;;1714059725;1713539321;2.32E+11;;Interval;EndOfRecord
RD;pH;4/25/2024;3:41:03 PM;Default;PHC301;SN 240462571090;Edited;Sample ID (28096);3.036;pH;20.8;°C;240.7;mV;;;;;;;;;;;;;;;OK;4/25/2024;12:22:34 PM;Default;Slope;-57.99;98;mV/pH;14.1;mV;0.9998;3;4;pH;187.6;mV;22.2;7.01;pH;11;mV;22;10.04;pH;-159.2;mV;22.5;;;;;;;;;;;;;;;;;;;;;°C;;;;;1714059663;1714047754;2.32E+11;;Interval;EndOfRecord
RD;CD;4/25/2024;3:41:03 PM;Default;CDC401;SN 231662582599;Edited;Sample ID (28096);41.3;mS/cm;20.9;°C;38;mS/cm;;;NaCl/Non-Linear;Reference Temperature = 25 °C;;;;;;;;;;;OK;4/19/2024;3:08:41 PM;Default;K;0.366;;cm⁻¹;;;;1;30000;µS/cm;28.4;mS/cm;22.2;;;;;;;;;;;;;;;;;;;;;;;;;;;;;;;°C;;;;;1714059663;1713539321;2.32E+11;;Interval;EndOfRecord
RD;pH;4/25/2024;3:40:03 PM;Default;PHC301;SN 240462571090;Edited;Sample ID (28095);3.036;pH;20.8;°C;240.7;mV;;;;;;;;;;;;;;;OK;4/25/2024;12:22:34 PM;Default;Slope;-57.99;98;mV/pH;14.1;mV;0.9998;3;4;pH;187.6;mV;22.2;7.01;pH;11;mV;22;10.04;pH;-159.2;mV;22.5;;;;;;;;;;;;;;;;;;;;;°C;;;;;1714059603;1714047754;2.32E+11;;Interval;EndOfRecord
RD;CD;4/25/2024;3:40:03 PM;Default;CDC401;SN 231662582599;Edited;Sample ID (28095);41.3;mS/cm;20.9;°C;38;mS/cm;;;NaCl/Non-Linear;Reference Temperature = 25 °C;;;;;;;;;;;OK;4/19/2024;3:08:41 PM;Default;K;0.366;;cm⁻¹;;;;1;30000;µS/cm;28.4;mS/cm;22.2;;;;;;;;;;;;;;;;;;;;;;;;;;;;;;;°C;;;;;1714059603;1713539321;2.32E+11;;Interval;EndOfRecord
RD;pH;4/25/2024;3:39:04 PM;Default;PHC301;SN 240462571090;Edited;Sample ID (28094);3.036;pH;20.8;°C;240.7;mV;;;;;;;;;;;;;;;OK;4/25/2024;12:22:34 PM;Default;Slope;-57.99;98;mV/pH;14.1;mV;0.9998;3;4;pH;187.6;mV;22.2;7.01;pH;11;mV;22;10.04;pH;-159.2;mV;22.5;;;;;;;;;;;;;;;;;;;;;°C;;;;;1714059544;1714047754;2.32E+11;;Interval;EndOfRecord
RD;CD;4/25/2024;3:39:04 PM;Default;CDC401;SN 231662582599;Edited;Sample ID (28094);41.3;mS/cm;20.9;°C;38;mS/cm;;;NaCl/Non-Linear;Reference Temperature = 25 °C;;;;;;;;;;;OK;4/19/2024;3:08:41 PM;Default;K;0.366;;cm⁻¹;;;;1;30000;µS/cm;28.4;mS/cm;22.2;;;;;;;;;;;;;;;;;;;;;;;;;;;;;;;°C;;;;;1714059544;1713539321;2.32E+11;;Interval;EndOfRecord
RD;pH;4/25/2024;3:38:03 PM;Default;PHC301;SN 240462571090;Edited;Sample ID (28093);3.036;pH;20.8;°C;240.7;mV;;;;;;;;;;;;;;;OK;4/25/2024;12:22:34 PM;Default;Slope;-57.99;98;mV/pH;14.1;mV;0.9998;3;4;pH;187.6;mV;22.2;7.01;pH;11;mV;22;10.04;pH;-159.2;mV;22.5;;;;;;;;;;;;;;;;;;;;;°C;;;;;1714059483;1714047754;2.32E+11;;Interval;EndOfRecord
RD;CD;4/25/2024;3:38:03 PM;Default;CDC401;SN 231662582599;Edited;Sample ID (28093);41.3;mS/cm;20.9;°C;38;mS/cm;;;NaCl/Non-Linear;Reference Temperature = 25 °C;;;;;;;;;;;OK;4/19/2024;3:08:41 PM;Default;K;0.366;;cm⁻¹;;;;1;30000;µS/cm;28.4;mS/cm;22.2;;;;;;;;;;;;;;;;;;;;;;;;;;;;;;;°C;;;;;1714059483;1713539321;2.32E+11;;Interval;EndOfRecord
RD;pH;4/25/2024;3:37:03 PM;Default;PHC301;SN 240462571090;Edited;Sample ID (28092);3.036;pH;20.8;°C;240.7;mV;;;;;;;;;;;;;;;OK;4/25/2024;12:22:34 PM;Default;Slope;-57.99;98;mV/pH;14.1;mV;0.9998;3;4;pH;187.6;mV;22.2;7.01;pH;11;mV;22;10.04;pH;-159.2;mV;22.5;;;;;;;;;;;;;;;;;;;;;°C;;;;;1714059423;1714047754;2.32E+11;;Interval;EndOfRecord
RD;CD;4/25/2024;3:37:03 PM;Default;CDC401;SN 231662582599;Edited;Sample ID (28092);41.3;mS/cm;20.9;°C;38;mS/cm;;;NaCl/Non-Linear;Reference Temperature = 25 °C;;;;;;;;;;;OK;4/19/2024;3:08:41 PM;Default;K;0.366;;cm⁻¹;;;;1;30000;µS/cm;28.4;mS/cm;22.2;;;;;;;;;;;;;;;;;;;;;;;;;;;;;;;°C;;;;;1714059423;1713539321;2.32E+11;;Interval;EndOfRecord
RD;pH;4/25/2024;3:36:04 PM;Default;PHC301;SN 240462571090;Edited;Sample ID (28091);3.036;pH;20.8;°C;240.7;mV;;;;;;;;;;;;;;;OK;4/25/2024;12:22:34 PM;Default;Slope;-57.99;98;mV/pH;14.1;mV;0.9998;3;4;pH;187.6;mV;22.2;7.01;pH;11;mV;22;10.04;pH;-159.2;mV;22.5;;;;;;;;;;;;;;;;;;;;;°C;;;;;1714059364;1714047754;2.32E+11;;Interval;EndOfRecord
RD;CD;4/25/2024;3:36:04 PM;Default;CDC401;SN 231662582599;Edited;Sample ID (28091);41.3;mS/cm;20.9;°C;38;mS/cm;;;NaCl/Non-Linear;Reference Temperature = 25 °C;;;;;;;;;;;OK;4/19/2024;3:08:41 PM;Default;K;0.366;;cm⁻¹;;;;1;30000;µS/cm;28.4;mS/cm;22.2;;;;;;;;;;;;;;;;;;;;;;;;;;;;;;;°C;;;;;1714059364;1713539321;2.32E+11;;Interval;EndOfRecord
RD;pH;4/25/2024;3:35:03 PM;Default;PHC301;SN 240462571090;Edited;Sample ID (28090);3.036;pH;20.8;°C;240.7;mV;;;;;;;;;;;;;;;OK;4/25/2024;12:22:34 PM;Default;Slope;-57.99;98;mV/pH;14.1;mV;0.9998;3;4;pH;187.6;mV;22.2;7.01;pH;11;mV;22;10.04;pH;-159.2;mV;22.5;;;;;;;;;;;;;;;;;;;;;°C;;;;;1714059303;1714047754;2.32E+11;;Interval;EndOfRecord
RD;CD;4/25/2024;3:35:03 PM;Default;CDC401;SN 231662582599;Edited;Sample ID (28090);41.3;mS/cm;20.9;°C;38;mS/cm;;;NaCl/Non-Linear;Reference Temperature = 25 °C;;;;;;;;;;;OK;4/19/2024;3:08:41 PM;Default;K;0.366;;cm⁻¹;;;;1;30000;µS/cm;28.4;mS/cm;22.2;;;;;;;;;;;;;;;;;;;;;;;;;;;;;;;°C;;;;;1714059303;1713539321;2.32E+11;;Interval;EndOfRecord
RD;pH;4/25/2024;3:34:05 PM;Default;PHC301;SN 240462571090;Edited;Sample ID (28089);3.036;pH;20.8;°C;240.7;mV;;;;;;;;;;;;;;;OK;4/25/2024;12:22:34 PM;Default;Slope;-57.99;98;mV/pH;14.1;mV;0.9998;3;4;pH;187.6;mV;22.2;7.01;pH;11;mV;22;10.04;pH;-159.2;mV;22.5;;;;;;;;;;;;;;;;;;;;;°C;;;;;1714059245;1714047754;2.32E+11;;Interval;EndOfRecord
RD;CD;4/25/2024;3:34:05 PM;Default;CDC401;SN 231662582599;Edited;Sample ID (28089);41.3;mS/cm;20.9;°C;38;mS/cm;;;NaCl/Non-Linear;Reference Temperature = 25 °C;;;;;;;;;;;OK;4/19/2024;3:08:41 PM;Default;K;0.366;;cm⁻¹;;;;1;30000;µS/cm;28.4;mS/cm;22.2;;;;;;;;;;;;;;;;;;;;;;;;;;;;;;;°C;;;;;1714059245;1713539321;2.32E+11;;Interval;EndOfRecord
RD;pH;4/25/2024;3:33:05 PM;Default;PHC301;SN 240462571090;Edited;Sample ID (28088);3.036;pH;20.8;°C;240.7;mV;;;;;;;;;;;;;;;OK;4/25/2024;12:22:34 PM;Default;Slope;-57.99;98;mV/pH;14.1;mV;0.9998;3;4;pH;187.6;mV;22.2;7.01;pH;11;mV;22;10.04;pH;-159.2;mV;22.5;;;;;;;;;;;;;;;;;;;;;°C;;;;;1714059185;1714047754;2.32E+11;;Interval;EndOfRecord
RD;CD;4/25/2024;3:33:05 PM;Default;CDC401;SN 231662582599;Edited;Sample ID (28088);41.3;mS/cm;20.9;°C;38;mS/cm;;;NaCl/Non-Linear;Reference Temperature = 25 °C;;;;;;;;;;;OK;4/19/2024;3:08:41 PM;Default;K;0.366;;cm⁻¹;;;;1;30000;µS/cm;28.4;mS/cm;22.2;;;;;;;;;;;;;;;;;;;;;;;;;;;;;;;°C;;;;;1714059185;1713539321;2.32E+11;;Interval;EndOfRecord
RD;pH;4/25/2024;3:32:04 PM;Default;PHC301;SN 240462571090;Edited;Sample ID (28087);3.036;pH;20.8;°C;240.7;mV;;;;;;;;;;;;;;;OK;4/25/2024;12:22:34 PM;Default;Slope;-57.99;98;mV/pH;14.1;mV;0.9998;3;4;pH;187.6;mV;22.2;7.01;pH;11;mV;22;10.04;pH;-159.2;mV;22.5;;;;;;;;;;;;;;;;;;;;;°C;;;;;1714059124;1714047754;2.32E+11;;Interval;EndOfRecord
RD;CD;4/25/2024;3:32:04 PM;Default;CDC401;SN 231662582599;Edited;Sample ID (28087);41.3;mS/cm;20.9;°C;38;mS/cm;;;NaCl/Non-Linear;Reference Temperature = 25 °C;;;;;;;;;;;OK;4/19/2024;3:08:41 PM;Default;K;0.366;;cm⁻¹;;;;1;30000;µS/cm;28.4;mS/cm;22.2;;;;;;;;;;;;;;;;;;;;;;;;;;;;;;;°C;;;;;1714059124;1713539321;2.32E+11;;Interval;EndOfRecord
RD;pH;4/25/2024;3:31:03 PM;Default;PHC301;SN 240462571090;Edited;Sample ID (28086);3.036;pH;20.8;°C;240.7;mV;;;;;;;;;;;;;;;OK;4/25/2024;12:22:34 PM;Default;Slope;-57.99;98;mV/pH;14.1;mV;0.9998;3;4;pH;187.6;mV;22.2;7.01;pH;11;mV;22;10.04;pH;-159.2;mV;22.5;;;;;;;;;;;;;;;;;;;;;°C;;;;;1714059063;1714047754;2.32E+11;;Interval;EndOfRecord
RD;CD;4/25/2024;3:31:03 PM;Default;CDC401;SN 231662582599;Edited;Sample ID (28086);41.3;mS/cm;20.9;°C;38;mS/cm;;;NaCl/Non-Linear;Reference Temperature = 25 °C;;;;;;;;;;;OK;4/19/2024;3:08:41 PM;Default;K;0.366;;cm⁻¹;;;;1;30000;µS/cm;28.4;mS/cm;22.2;;;;;;;;;;;;;;;;;;;;;;;;;;;;;;;°C;;;;;1714059063;1713539321;2.32E+11;;Interval;EndOfRecord
RD;pH;4/25/2024;3:30:05 PM;Default;PHC301;SN 240462571090;Edited;Sample ID (28085);3.036;pH;20.8;°C;240.7;mV;;;;;;;;;;;;;;;OK;4/25/2024;12:22:34 PM;Default;Slope;-57.99;98;mV/pH;14.1;mV;0.9998;3;4;pH;187.6;mV;22.2;7.01;pH;11;mV;22;10.04;pH;-159.2;mV;22.5;;;;;;;;;;;;;;;;;;;;;°C;;;;;1714059005;1714047754;2.32E+11;;Interval;EndOfRecord
RD;CD;4/25/2024;3:30:05 PM;Default;CDC401;SN 231662582599;Edited;Sample ID (28085);41.3;mS/cm;20.9;°C;38;mS/cm;;;NaCl/Non-Linear;Reference Temperature = 25 °C;;;;;;;;;;;OK;4/19/2024;3:08:41 PM;Default;K;0.366;;cm⁻¹;;;;1;30000;µS/cm;28.4;mS/cm;22.2;;;;;;;;;;;;;;;;;;;;;;;;;;;;;;;°C;;;;;1714059005;1713539321;2.32E+11;;Interval;EndOfRecord
RD;pH;4/25/2024;3:29:04 PM;Default;PHC301;SN 240462571090;Edited;Sample ID (28084);3.036;pH;20.8;°C;240.7;mV;;;;;;;;;;;;;;;OK;4/25/2024;12:22:34 PM;Default;Slope;-57.99;98;mV/pH;14.1;mV;0.9998;3;4;pH;187.6;mV;22.2;7.01;pH;11;mV;22;10.04;pH;-159.2;mV;22.5;;;;;;;;;;;;;;;;;;;;;°C;;;;;1714058944;1714047754;2.32E+11;;Interval;EndOfRecord
RD;CD;4/25/2024;3:29:04 PM;Default;CDC401;SN 231662582599;Edited;Sample ID (28084);41.3;mS/cm;20.9;°C;38;mS/cm;;;NaCl/Non-Linear;Reference Temperature = 25 °C;;;;;;;;;;;OK;4/19/2024;3:08:41 PM;Default;K;0.366;;cm⁻¹;;;;1;30000;µS/cm;28.4;mS/cm;22.2;;;;;;;;;;;;;;;;;;;;;;;;;;;;;;;°C;;;;;1714058944;1713539321;2.32E+11;;Interval;EndOfRecord
RD;pH;4/25/2024;3:28:05 PM;Default;PHC301;SN 240462571090;Edited;Sample ID (28083);3.036;pH;20.8;°C;240.7;mV;;;;;;;;;;;;;;;OK;4/25/2024;12:22:34 PM;Default;Slope;-57.99;98;mV/pH;14.1;mV;0.9998;3;4;pH;187.6;mV;22.2;7.01;pH;11;mV;22;10.04;pH;-159.2;mV;22.5;;;;;;;;;;;;;;;;;;;;;°C;;;;;1714058885;1714047754;2.32E+11;;Interval;EndOfRecord
RD;CD;4/25/2024;3:28:05 PM;Default;CDC401;SN 231662582599;Edited;Sample ID (28083);41.3;mS/cm;20.9;°C;38;mS/cm;;;NaCl/Non-Linear;Reference Temperature = 25 °C;;;;;;;;;;;OK;4/19/2024;3:08:41 PM;Default;K;0.366;;cm⁻¹;;;;1;30000;µS/cm;28.4;mS/cm;22.2;;;;;;;;;;;;;;;;;;;;;;;;;;;;;;;°C;;;;;1714058885;1713539321;2.32E+11;;Interval;EndOfRecord
RD;pH;4/25/2024;3:27:06 PM;Default;PHC301;SN 240462571090;Edited;Sample ID (28082);3.036;pH;20.8;°C;240.7;mV;;;;;;;;;;;;;;;OK;4/25/2024;12:22:34 PM;Default;Slope;-57.99;98;mV/pH;14.1;mV;0.9998;3;4;pH;187.6;mV;22.2;7.01;pH;11;mV;22;10.04;pH;-159.2;mV;22.5;;;;;;;;;;;;;;;;;;;;;°C;;;;;1714058826;1714047754;2.32E+11;;Interval;EndOfRecord
RD;CD;4/25/2024;3:27:06 PM;Default;CDC401;SN 231662582599;Edited;Sample ID (28082);41.3;mS/cm;20.9;°C;38;mS/cm;;;NaCl/Non-Linear;Reference Temperature = 25 °C;;;;;;;;;;;OK;4/19/2024;3:08:41 PM;Default;K;0.366;;cm⁻¹;;;;1;30000;µS/cm;28.4;mS/cm;22.2;;;;;;;;;;;;;;;;;;;;;;;;;;;;;;;°C;;;;;1714058826;1713539321;2.32E+11;;Interval;EndOfRecord
RD;pH;4/25/2024;3:26:04 PM;Default;PHC301;SN 240462571090;Edited;Sample ID (28081);3.036;pH;20.8;°C;240.7;mV;;;;;;;;;;;;;;;OK;4/25/2024;12:22:34 PM;Default;Slope;-57.99;98;mV/pH;14.1;mV;0.9998;3;4;pH;187.6;mV;22.2;7.01;pH;11;mV;22;10.04;pH;-159.2;mV;22.5;;;;;;;;;;;;;;;;;;;;;°C;;;;;1714058764;1714047754;2.32E+11;;Interval;EndOfRecord
RD;CD;4/25/2024;3:26:04 PM;Default;CDC401;SN 231662582599;Edited;Sample ID (28081);41.3;mS/cm;20.9;°C;38;mS/cm;;;NaCl/Non-Linear;Reference Temperature = 25 °C;;;;;;;;;;;OK;4/19/2024;3:08:41 PM;Default;K;0.366;;cm⁻¹;;;;1;30000;µS/cm;28.4;mS/cm;22.2;;;;;;;;;;;;;;;;;;;;;;;;;;;;;;;°C;;;;;1714058764;1713539321;2.32E+11;;Interval;EndOfRecord
RD;pH;4/25/2024;3:25:05 PM;Default;PHC301;SN 240462571090;Edited;Sample ID (28080);3.036;pH;20.8;°C;240.7;mV;;;;;;;;;;;;;;;OK;4/25/2024;12:22:34 PM;Default;Slope;-57.99;98;mV/pH;14.1;mV;0.9998;3;4;pH;187.6;mV;22.2;7.01;pH;11;mV;22;10.04;pH;-159.2;mV;22.5;;;;;;;;;;;;;;;;;;;;;°C;;;;;1714058705;1714047754;2.32E+11;;Interval;EndOfRecord
RD;CD;4/25/2024;3:25:05 PM;Default;CDC401;SN 231662582599;Edited;Sample ID (28080);41.3;mS/cm;20.9;°C;38;mS/cm;;;NaCl/Non-Linear;Reference Temperature = 25 °C;;;;;;;;;;;OK;4/19/2024;3:08:41 PM;Default;K;0.366;;cm⁻¹;;;;1;30000;µS/cm;28.4;mS/cm;22.2;;;;;;;;;;;;;;;;;;;;;;;;;;;;;;;°C;;;;;1714058705;1713539321;2.32E+11;;Interval;EndOfRecord
RD;pH;4/25/2024;3:24:03 PM;Default;PHC301;SN 240462571090;Edited;Sample ID (28079);3.036;pH;20.8;°C;240.7;mV;;;;;;;;;;;;;;;OK;4/25/2024;12:22:34 PM;Default;Slope;-57.99;98;mV/pH;14.1;mV;0.9998;3;4;pH;187.6;mV;22.2;7.01;pH;11;mV;22;10.04;pH;-159.2;mV;22.5;;;;;;;;;;;;;;;;;;;;;°C;;;;;1714058643;1714047754;2.32E+11;;Interval;EndOfRecord
RD;CD;4/25/2024;3:24:03 PM;Default;CDC401;SN 231662582599;Edited;Sample ID (28079);41.3;mS/cm;20.9;°C;38;mS/cm;;;NaCl/Non-Linear;Reference Temperature = 25 °C;;;;;;;;;;;OK;4/19/2024;3:08:41 PM;Default;K;0.366;;cm⁻¹;;;;1;30000;µS/cm;28.4;mS/cm;22.2;;;;;;;;;;;;;;;;;;;;;;;;;;;;;;;°C;;;;;1714058643;1713539321;2.32E+11;;Interval;EndOfRecord
RD;pH;4/25/2024;3:23:04 PM;Default;PHC301;SN 240462571090;Edited;Sample ID (28078);3.036;pH;20.8;°C;240.7;mV;;;;;;;;;;;;;;;OK;4/25/2024;12:22:34 PM;Default;Slope;-57.99;98;mV/pH;14.1;mV;0.9998;3;4;pH;187.6;mV;22.2;7.01;pH;11;mV;22;10.04;pH;-159.2;mV;22.5;;;;;;;;;;;;;;;;;;;;;°C;;;;;1714058584;1714047754;2.32E+11;;Interval;EndOfRecord
RD;CD;4/25/2024;3:23:04 PM;Default;CDC401;SN 231662582599;Edited;Sample ID (28078);41.3;mS/cm;20.9;°C;38;mS/cm;;;NaCl/Non-Linear;Reference Temperature = 25 °C;;;;;;;;;;;OK;4/19/2024;3:08:41 PM;Default;K;0.366;;cm⁻¹;;;;1;30000;µS/cm;28.4;mS/cm;22.2;;;;;;;;;;;;;;;;;;;;;;;;;;;;;;;°C;;;;;1714058584;1713539321;2.32E+11;;Interval;EndOfRecord
RD;pH;4/25/2024;3:22:04 PM;Default;PHC301;SN 240462571090;Edited;Sample ID (28077);3.036;pH;20.8;°C;240.7;mV;;;;;;;;;;;;;;;OK;4/25/2024;12:22:34 PM;Default;Slope;-57.99;98;mV/pH;14.1;mV;0.9998;3;4;pH;187.6;mV;22.2;7.01;pH;11;mV;22;10.04;pH;-159.2;mV;22.5;;;;;;;;;;;;;;;;;;;;;°C;;;;;1714058524;1714047754;2.32E+11;;Interval;EndOfRecord
RD;CD;4/25/2024;3:22:04 PM;Default;CDC401;SN 231662582599;Edited;Sample ID (28077);41.3;mS/cm;20.9;°C;38;mS/cm;;;NaCl/Non-Linear;Reference Temperature = 25 °C;;;;;;;;;;;OK;4/19/2024;3:08:41 PM;Default;K;0.366;;cm⁻¹;;;;1;30000;µS/cm;28.4;mS/cm;22.2;;;;;;;;;;;;;;;;;;;;;;;;;;;;;;;°C;;;;;1714058524;1713539321;2.32E+11;;Interval;EndOfRecord
RD;pH;4/25/2024;3:21:05 PM;Default;PHC301;SN 240462571090;Edited;Sample ID (28076);3.036;pH;20.8;°C;240.7;mV;;;;;;;;;;;;;;;OK;4/25/2024;12:22:34 PM;Default;Slope;-57.99;98;mV/pH;14.1;mV;0.9998;3;4;pH;187.6;mV;22.2;7.01;pH;11;mV;22;10.04;pH;-159.2;mV;22.5;;;;;;;;;;;;;;;;;;;;;°C;;;;;1714058465;1714047754;2.32E+11;;Interval;EndOfRecord
RD;CD;4/25/2024;3:21:05 PM;Default;CDC401;SN 231662582599;Edited;Sample ID (28076);41.3;mS/cm;20.9;°C;38;mS/cm;;;NaCl/Non-Linear;Reference Temperature = 25 °C;;;;;;;;;;;OK;4/19/2024;3:08:41 PM;Default;K;0.366;;cm⁻¹;;;;1;30000;µS/cm;28.4;mS/cm;22.2;;;;;;;;;;;;;;;;;;;;;;;;;;;;;;;°C;;;;;1714058465;1713539321;2.32E+11;;Interval;EndOfRecord
RD;pH;4/25/2024;3:20:03 PM;Default;PHC301;SN 240462571090;Edited;Sample ID (28075);3.036;pH;20.8;°C;240.7;mV;;;;;;;;;;;;;;;OK;4/25/2024;12:22:34 PM;Default;Slope;-57.99;98;mV/pH;14.1;mV;0.9998;3;4;pH;187.6;mV;22.2;7.01;pH;11;mV;22;10.04;pH;-159.2;mV;22.5;;;;;;;;;;;;;;;;;;;;;°C;;;;;1714058403;1714047754;2.32E+11;;Interval;EndOfRecord
RD;CD;4/25/2024;3:20:03 PM;Default;CDC401;SN 231662582599;Edited;Sample ID (28075);41.3;mS/cm;20.9;°C;38;mS/cm;;;NaCl/Non-Linear;Reference Temperature = 25 °C;;;;;;;;;;;OK;4/19/2024;3:08:41 PM;Default;K;0.366;;cm⁻¹;;;;1;30000;µS/cm;28.4;mS/cm;22.2;;;;;;;;;;;;;;;;;;;;;;;;;;;;;;;°C;;;;;1714058403;1713539321;2.32E+11;;Interval;EndOfRecord
RD;pH;4/25/2024;3:19:03 PM;Default;PHC301;SN 240462571090;Edited;Sample ID (28074);3.036;pH;20.8;°C;240.7;mV;;;;;;;;;;;;;;;OK;4/25/2024;12:22:34 PM;Default;Slope;-57.99;98;mV/pH;14.1;mV;0.9998;3;4;pH;187.6;mV;22.2;7.01;pH;11;mV;22;10.04;pH;-159.2;mV;22.5;;;;;;;;;;;;;;;;;;;;;°C;;;;;1714058343;1714047754;2.32E+11;;Interval;EndOfRecord
RD;CD;4/25/2024;3:19:03 PM;Default;CDC401;SN 231662582599;Edited;Sample ID (28074);41.3;mS/cm;20.9;°C;38;mS/cm;;;NaCl/Non-Linear;Reference Temperature = 25 °C;;;;;;;;;;;OK;4/19/2024;3:08:41 PM;Default;K;0.366;;cm⁻¹;;;;1;30000;µS/cm;28.4;mS/cm;22.2;;;;;;;;;;;;;;;;;;;;;;;;;;;;;;;°C;;;;;1714058343;1713539321;2.32E+11;;Interval;EndOfRecord
RD;pH;4/25/2024;3:18:04 PM;Default;PHC301;SN 240462571090;Edited;Sample ID (28073);3.036;pH;20.8;°C;240.7;mV;;;;;;;;;;;;;;;OK;4/25/2024;12:22:34 PM;Default;Slope;-57.99;98;mV/pH;14.1;mV;0.9998;3;4;pH;187.6;mV;22.2;7.01;pH;11;mV;22;10.04;pH;-159.2;mV;22.5;;;;;;;;;;;;;;;;;;;;;°C;;;;;1714058284;1714047754;2.32E+11;;Interval;EndOfRecord
RD;CD;4/25/2024;3:18:04 PM;Default;CDC401;SN 231662582599;Edited;Sample ID (28073);41.3;mS/cm;20.9;°C;38;mS/cm;;;NaCl/Non-Linear;Reference Temperature = 25 °C;;;;;;;;;;;OK;4/19/2024;3:08:41 PM;Default;K;0.366;;cm⁻¹;;;;1;30000;µS/cm;28.4;mS/cm;22.2;;;;;;;;;;;;;;;;;;;;;;;;;;;;;;;°C;;;;;1714058284;1713539321;2.32E+11;;Interval;EndOfRecord
RD;pH;4/25/2024;3:17:03 PM;Default;PHC301;SN 240462571090;Edited;Sample ID (28072);3.036;pH;20.8;°C;240.7;mV;;;;;;;;;;;;;;;OK;4/25/2024;12:22:34 PM;Default;Slope;-57.99;98;mV/pH;14.1;mV;0.9998;3;4;pH;187.6;mV;22.2;7.01;pH;11;mV;22;10.04;pH;-159.2;mV;22.5;;;;;;;;;;;;;;;;;;;;;°C;;;;;1714058223;1714047754;2.32E+11;;Interval;EndOfRecord
RD;CD;4/25/2024;3:17:03 PM;Default;CDC401;SN 231662582599;Edited;Sample ID (28072);41.3;mS/cm;20.9;°C;38;mS/cm;;;NaCl/Non-Linear;Reference Temperature = 25 °C;;;;;;;;;;;OK;4/19/2024;3:08:41 PM;Default;K;0.366;;cm⁻¹;;;;1;30000;µS/cm;28.4;mS/cm;22.2;;;;;;;;;;;;;;;;;;;;;;;;;;;;;;;°C;;;;;1714058223;1713539321;2.32E+11;;Interval;EndOfRecord
RD;pH;4/25/2024;3:16:03 PM;Default;PHC301;SN 240462571090;Edited;Sample ID (28071);3.037;pH;20.8;°C;240.7;mV;;;;;;;;;;;;;;;OK;4/25/2024;12:22:34 PM;Default;Slope;-57.99;98;mV/pH;14.1;mV;0.9998;3;4;pH;187.6;mV;22.2;7.01;pH;11;mV;22;10.04;pH;-159.2;mV;22.5;;;;;;;;;;;;;;;;;;;;;°C;;;;;1714058163;1714047754;2.32E+11;;Interval;EndOfRecord
RD;CD;4/25/2024;3:16:03 PM;Default;CDC401;SN 231662582599;Edited;Sample ID (28071);41.3;mS/cm;20.9;°C;38;mS/cm;;;NaCl/Non-Linear;Reference Temperature = 25 °C;;;;;;;;;;;OK;4/19/2024;3:08:41 PM;Default;K;0.366;;cm⁻¹;;;;1;30000;µS/cm;28.4;mS/cm;22.2;;;;;;;;;;;;;;;;;;;;;;;;;;;;;;;°C;;;;;1714058163;1713539321;2.32E+11;;Interval;EndOfRecord
RD;pH;4/25/2024;3:15:04 PM;Default;PHC301;SN 240462571090;Edited;Sample ID (28070);3.037;pH;20.8;°C;240.7;mV;;;;;;;;;;;;;;;OK;4/25/2024;12:22:34 PM;Default;Slope;-57.99;98;mV/pH;14.1;mV;0.9998;3;4;pH;187.6;mV;22.2;7.01;pH;11;mV;22;10.04;pH;-159.2;mV;22.5;;;;;;;;;;;;;;;;;;;;;°C;;;;;1714058104;1714047754;2.32E+11;;Interval;EndOfRecord
RD;CD;4/25/2024;3:15:04 PM;Default;CDC401;SN 231662582599;Edited;Sample ID (28070);41.3;mS/cm;20.9;°C;38;mS/cm;;;NaCl/Non-Linear;Reference Temperature = 25 °C;;;;;;;;;;;OK;4/19/2024;3:08:41 PM;Default;K;0.366;;cm⁻¹;;;;1;30000;µS/cm;28.4;mS/cm;22.2;;;;;;;;;;;;;;;;;;;;;;;;;;;;;;;°C;;;;;1714058104;1713539321;2.32E+11;;Interval;EndOfRecord
RD;pH;4/25/2024;3:14:03 PM;Default;PHC301;SN 240462571090;Edited;Sample ID (28069);3.037;pH;20.8;°C;240.7;mV;;;;;;;;;;;;;;;OK;4/25/2024;12:22:34 PM;Default;Slope;-57.99;98;mV/pH;14.1;mV;0.9998;3;4;pH;187.6;mV;22.2;7.01;pH;11;mV;22;10.04;pH;-159.2;mV;22.5;;;;;;;;;;;;;;;;;;;;;°C;;;;;1714058043;1714047754;2.32E+11;;Interval;EndOfRecord
RD;CD;4/25/2024;3:14:03 PM;Default;CDC401;SN 231662582599;Edited;Sample ID (28069);41.3;mS/cm;20.9;°C;38;mS/cm;;;NaCl/Non-Linear;Reference Temperature = 25 °C;;;;;;;;;;;OK;4/19/2024;3:08:41 PM;Default;K;0.366;;cm⁻¹;;;;1;30000;µS/cm;28.4;mS/cm;22.2;;;;;;;;;;;;;;;;;;;;;;;;;;;;;;;°C;;;;;1714058043;1713539321;2.32E+11;;Interval;EndOfRecord
RD;pH;4/25/2024;3:13:04 PM;Default;PHC301;SN 240462571090;Edited;Sample ID (28068);3.037;pH;20.8;°C;240.7;mV;;;;;;;;;;;;;;;OK;4/25/2024;12:22:34 PM;Default;Slope;-57.99;98;mV/pH;14.1;mV;0.9998;3;4;pH;187.6;mV;22.2;7.01;pH;11;mV;22;10.04;pH;-159.2;mV;22.5;;;;;;;;;;;;;;;;;;;;;°C;;;;;1714057984;1714047754;2.32E+11;;Interval;EndOfRecord
RD;CD;4/25/2024;3:13:04 PM;Default;CDC401;SN 231662582599;Edited;Sample ID (28068);41.3;mS/cm;20.9;°C;38;mS/cm;;;NaCl/Non-Linear;Reference Temperature = 25 °C;;;;;;;;;;;OK;4/19/2024;3:08:41 PM;Default;K;0.366;;cm⁻¹;;;;1;30000;µS/cm;28.4;mS/cm;22.2;;;;;;;;;;;;;;;;;;;;;;;;;;;;;;;°C;;;;;1714057984;1713539321;2.32E+11;;Interval;EndOfRecord
RD;pH;4/25/2024;3:12:04 PM;Default;PHC301;SN 240462571090;Edited;Sample ID (28067);3.037;pH;20.8;°C;240.7;mV;;;;;;;;;;;;;;;OK;4/25/2024;12:22:34 PM;Default;Slope;-57.99;98;mV/pH;14.1;mV;0.9998;3;4;pH;187.6;mV;22.2;7.01;pH;11;mV;22;10.04;pH;-159.2;mV;22.5;;;;;;;;;;;;;;;;;;;;;°C;;;;;1714057924;1714047754;2.32E+11;;Interval;EndOfRecord
RD;CD;4/25/2024;3:12:04 PM;Default;CDC401;SN 231662582599;Edited;Sample ID (28067);41.3;mS/cm;20.9;°C;38;mS/cm;;;NaCl/Non-Linear;Reference Temperature = 25 °C;;;;;;;;;;;OK;4/19/2024;3:08:41 PM;Default;K;0.366;;cm⁻¹;;;;1;30000;µS/cm;28.4;mS/cm;22.2;;;;;;;;;;;;;;;;;;;;;;;;;;;;;;;°C;;;;;1714057924;1713539321;2.32E+11;;Interval;EndOfRecord
RD;pH;4/25/2024;3:11:04 PM;Default;PHC301;SN 240462571090;Edited;Sample ID (28066);3.037;pH;20.8;°C;240.7;mV;;;;;;;;;;;;;;;OK;4/25/2024;12:22:34 PM;Default;Slope;-57.99;98;mV/pH;14.1;mV;0.9998;3;4;pH;187.6;mV;22.2;7.01;pH;11;mV;22;10.04;pH;-159.2;mV;22.5;;;;;;;;;;;;;;;;;;;;;°C;;;;;1714057864;1714047754;2.32E+11;;Interval;EndOfRecord
RD;CD;4/25/2024;3:11:04 PM;Default;CDC401;SN 231662582599;Edited;Sample ID (28066);41.3;mS/cm;20.9;°C;38;mS/cm;;;NaCl/Non-Linear;Reference Temperature = 25 °C;;;;;;;;;;;OK;4/19/2024;3:08:41 PM;Default;K;0.366;;cm⁻¹;;;;1;30000;µS/cm;28.4;mS/cm;22.2;;;;;;;;;;;;;;;;;;;;;;;;;;;;;;;°C;;;;;1714057864;1713539321;2.32E+11;;Interval;EndOfRecord
RD;pH;4/25/2024;3:10:03 PM;Default;PHC301;SN 240462571090;Edited;Sample ID (28065);3.037;pH;20.8;°C;240.7;mV;;;;;;;;;;;;;;;OK;4/25/2024;12:22:34 PM;Default;Slope;-57.99;98;mV/pH;14.1;mV;0.9998;3;4;pH;187.6;mV;22.2;7.01;pH;11;mV;22;10.04;pH;-159.2;mV;22.5;;;;;;;;;;;;;;;;;;;;;°C;;;;;1714057803;1714047754;2.32E+11;;Interval;EndOfRecord
RD;CD;4/25/2024;3:10:03 PM;Default;CDC401;SN 231662582599;Edited;Sample ID (28065);41.3;mS/cm;20.9;°C;38;mS/cm;;;NaCl/Non-Linear;Reference Temperature = 25 °C;;;;;;;;;;;OK;4/19/2024;3:08:41 PM;Default;K;0.366;;cm⁻¹;;;;1;30000;µS/cm;28.4;mS/cm;22.2;;;;;;;;;;;;;;;;;;;;;;;;;;;;;;;°C;;;;;1714057803;1713539321;2.32E+11;;Interval;EndOfRecord
RD;pH;4/25/2024;3:09:03 PM;Default;PHC301;SN 240462571090;Edited;Sample ID (28064);3.037;pH;20.8;°C;240.7;mV;;;;;;;;;;;;;;;OK;4/25/2024;12:22:34 PM;Default;Slope;-57.99;98;mV/pH;14.1;mV;0.9998;3;4;pH;187.6;mV;22.2;7.01;pH;11;mV;22;10.04;pH;-159.2;mV;22.5;;;;;;;;;;;;;;;;;;;;;°C;;;;;1714057743;1714047754;2.32E+11;;Interval;EndOfRecord
RD;CD;4/25/2024;3:09:03 PM;Default;CDC401;SN 231662582599;Edited;Sample ID (28064);41.3;mS/cm;20.9;°C;38;mS/cm;;;NaCl/Non-Linear;Reference Temperature = 25 °C;;;;;;;;;;;OK;4/19/2024;3:08:41 PM;Default;K;0.366;;cm⁻¹;;;;1;30000;µS/cm;28.4;mS/cm;22.2;;;;;;;;;;;;;;;;;;;;;;;;;;;;;;;°C;;;;;1714057743;1713539321;2.32E+11;;Interval;EndOfRecord
RD;pH;4/25/2024;3:08:03 PM;Default;PHC301;SN 240462571090;Edited;Sample ID (28063);3.037;pH;20.8;°C;240.7;mV;;;;;;;;;;;;;;;OK;4/25/2024;12:22:34 PM;Default;Slope;-57.99;98;mV/pH;14.1;mV;0.9998;3;4;pH;187.6;mV;22.2;7.01;pH;11;mV;22;10.04;pH;-159.2;mV;22.5;;;;;;;;;;;;;;;;;;;;;°C;;;;;1714057683;1714047754;2.32E+11;;Interval;EndOfRecord
RD;CD;4/25/2024;3:08:03 PM;Default;CDC401;SN 231662582599;Edited;Sample ID (28063);41.3;mS/cm;20.9;°C;38;mS/cm;;;NaCl/Non-Linear;Reference Temperature = 25 °C;;;;;;;;;;;OK;4/19/2024;3:08:41 PM;Default;K;0.366;;cm⁻¹;;;;1;30000;µS/cm;28.4;mS/cm;22.2;;;;;;;;;;;;;;;;;;;;;;;;;;;;;;;°C;;;;;1714057683;1713539321;2.32E+11;;Interval;EndOfRecord
RD;pH;4/25/2024;3:07:04 PM;Default;PHC301;SN 240462571090;Edited;Sample ID (28062);3.037;pH;20.8;°C;240.7;mV;;;;;;;;;;;;;;;OK;4/25/2024;12:22:34 PM;Default;Slope;-57.99;98;mV/pH;14.1;mV;0.9998;3;4;pH;187.6;mV;22.2;7.01;pH;11;mV;22;10.04;pH;-159.2;mV;22.5;;;;;;;;;;;;;;;;;;;;;°C;;;;;1714057624;1714047754;2.32E+11;;Interval;EndOfRecord
RD;CD;4/25/2024;3:07:04 PM;Default;CDC401;SN 231662582599;Edited;Sample ID (28062);41.3;mS/cm;20.9;°C;38.1;mS/cm;;;NaCl/Non-Linear;Reference Temperature = 25 °C;;;;;;;;;;;OK;4/19/2024;3:08:41 PM;Default;K;0.366;;cm⁻¹;;;;1;30000;µS/cm;28.4;mS/cm;22.2;;;;;;;;;;;;;;;;;;;;;;;;;;;;;;;°C;;;;;1714057624;1713539321;2.32E+11;;Interval;EndOfRecord
RD;pH;4/25/2024;3:06:05 PM;Default;PHC301;SN 240462571090;Edited;Sample ID (28061);3.037;pH;20.9;°C;240.7;mV;;;;;;;;;;;;;;;OK;4/25/2024;12:22:34 PM;Default;Slope;-57.99;98;mV/pH;14.1;mV;0.9998;3;4;pH;187.6;mV;22.2;7.01;pH;11;mV;22;10.04;pH;-159.2;mV;22.5;;;;;;;;;;;;;;;;;;;;;°C;;;;;1714057565;1714047754;2.32E+11;;Interval;EndOfRecord
RD;CD;4/25/2024;3:06:05 PM;Default;CDC401;SN 231662582599;Edited;Sample ID (28061);41.3;mS/cm;20.9;°C;38;mS/cm;;;NaCl/Non-Linear;Reference Temperature = 25 °C;;;;;;;;;;;OK;4/19/2024;3:08:41 PM;Default;K;0.366;;cm⁻¹;;;;1;30000;µS/cm;28.4;mS/cm;22.2;;;;;;;;;;;;;;;;;;;;;;;;;;;;;;;°C;;;;;1714057565;1713539321;2.32E+11;;Interval;EndOfRecord
RD;pH;4/25/2024;3:05:05 PM;Default;PHC301;SN 240462571090;Edited;Sample ID (28060);3.037;pH;20.9;°C;240.7;mV;;;;;;;;;;;;;;;OK;4/25/2024;12:22:34 PM;Default;Slope;-57.99;98;mV/pH;14.1;mV;0.9998;3;4;pH;187.6;mV;22.2;7.01;pH;11;mV;22;10.04;pH;-159.2;mV;22.5;;;;;;;;;;;;;;;;;;;;;°C;;;;;1714057505;1714047754;2.32E+11;;Interval;EndOfRecord
RD;CD;4/25/2024;3:05:05 PM;Default;CDC401;SN 231662582599;Edited;Sample ID (28060);41.3;mS/cm;20.9;°C;38;mS/cm;;;NaCl/Non-Linear;Reference Temperature = 25 °C;;;;;;;;;;;OK;4/19/2024;3:08:41 PM;Default;K;0.366;;cm⁻¹;;;;1;30000;µS/cm;28.4;mS/cm;22.2;;;;;;;;;;;;;;;;;;;;;;;;;;;;;;;°C;;;;;1714057505;1713539321;2.32E+11;;Interval;EndOfRecord
RD;pH;4/25/2024;3:04:04 PM;Default;PHC301;SN 240462571090;Edited;Sample ID (28059);3.037;pH;20.9;°C;240.7;mV;;;;;;;;;;;;;;;OK;4/25/2024;12:22:34 PM;Default;Slope;-57.99;98;mV/pH;14.1;mV;0.9998;3;4;pH;187.6;mV;22.2;7.01;pH;11;mV;22;10.04;pH;-159.2;mV;22.5;;;;;;;;;;;;;;;;;;;;;°C;;;;;1714057444;1714047754;2.32E+11;;Interval;EndOfRecord
RD;CD;4/25/2024;3:04:04 PM;Default;CDC401;SN 231662582599;Edited;Sample ID (28059);41.3;mS/cm;20.9;°C;38;mS/cm;;;NaCl/Non-Linear;Reference Temperature = 25 °C;;;;;;;;;;;OK;4/19/2024;3:08:41 PM;Default;K;0.366;;cm⁻¹;;;;1;30000;µS/cm;28.4;mS/cm;22.2;;;;;;;;;;;;;;;;;;;;;;;;;;;;;;;°C;;;;;1714057444;1713539321;2.32E+11;;Interval;EndOfRecord
RD;pH;4/25/2024;3:03:03 PM;Default;PHC301;SN 240462571090;Edited;Sample ID (28058);3.037;pH;20.9;°C;240.7;mV;;;;;;;;;;;;;;;OK;4/25/2024;12:22:34 PM;Default;Slope;-57.99;98;mV/pH;14.1;mV;0.9998;3;4;pH;187.6;mV;22.2;7.01;pH;11;mV;22;10.04;pH;-159.2;mV;22.5;;;;;;;;;;;;;;;;;;;;;°C;;;;;1714057383;1714047754;2.32E+11;;Interval;EndOfRecord
RD;CD;4/25/2024;3:03:03 PM;Default;CDC401;SN 231662582599;Edited;Sample ID (28058);41.3;mS/cm;20.9;°C;38.1;mS/cm;;;NaCl/Non-Linear;Reference Temperature = 25 °C;;;;;;;;;;;OK;4/19/2024;3:08:41 PM;Default;K;0.366;;cm⁻¹;;;;1;30000;µS/cm;28.4;mS/cm;22.2;;;;;;;;;;;;;;;;;;;;;;;;;;;;;;;°C;;;;;1714057383;1713539321;2.32E+11;;Interval;EndOfRecord
RD;pH;4/25/2024;3:02:04 PM;Default;PHC301;SN 240462571090;Edited;Sample ID (28057);3.037;pH;20.9;°C;240.6;mV;;;;;;;;;;;;;;;OK;4/25/2024;12:22:34 PM;Default;Slope;-57.99;98;mV/pH;14.1;mV;0.9998;3;4;pH;187.6;mV;22.2;7.01;pH;11;mV;22;10.04;pH;-159.2;mV;22.5;;;;;;;;;;;;;;;;;;;;;°C;;;;;1714057324;1714047754;2.32E+11;;Interval;EndOfRecord
RD;CD;4/25/2024;3:02:04 PM;Default;CDC401;SN 231662582599;Edited;Sample ID (28057);41.3;mS/cm;20.9;°C;38;mS/cm;;;NaCl/Non-Linear;Reference Temperature = 25 °C;;;;;;;;;;;OK;4/19/2024;3:08:41 PM;Default;K;0.366;;cm⁻¹;;;;1;30000;µS/cm;28.4;mS/cm;22.2;;;;;;;;;;;;;;;;;;;;;;;;;;;;;;;°C;;;;;1714057324;1713539321;2.32E+11;;Interval;EndOfRecord
RD;pH;4/25/2024;3:01:05 PM;Default;PHC301;SN 240462571090;Edited;Sample ID (28056);3.038;pH;20.9;°C;240.6;mV;;;;;;;;;;;;;;;OK;4/25/2024;12:22:34 PM;Default;Slope;-57.99;98;mV/pH;14.1;mV;0.9998;3;4;pH;187.6;mV;22.2;7.01;pH;11;mV;22;10.04;pH;-159.2;mV;22.5;;;;;;;;;;;;;;;;;;;;;°C;;;;;1714057265;1714047754;2.32E+11;;Interval;EndOfRecord
RD;CD;4/25/2024;3:01:05 PM;Default;CDC401;SN 231662582599;Edited;Sample ID (28056);41.3;mS/cm;20.9;°C;38;mS/cm;;;NaCl/Non-Linear;Reference Temperature = 25 °C;;;;;;;;;;;OK;4/19/2024;3:08:41 PM;Default;K;0.366;;cm⁻¹;;;;1;30000;µS/cm;28.4;mS/cm;22.2;;;;;;;;;;;;;;;;;;;;;;;;;;;;;;;°C;;;;;1714057265;1713539321;2.32E+11;;Interval;EndOfRecord
RD;pH;4/25/2024;3:00:04 PM;Default;PHC301;SN 240462571090;Edited;Sample ID (28055);3.038;pH;20.9;°C;240.6;mV;;;;;;;;;;;;;;;OK;4/25/2024;12:22:34 PM;Default;Slope;-57.99;98;mV/pH;14.1;mV;0.9998;3;4;pH;187.6;mV;22.2;7.01;pH;11;mV;22;10.04;pH;-159.2;mV;22.5;;;;;;;;;;;;;;;;;;;;;°C;;;;;1714057204;1714047754;2.32E+11;;Interval;EndOfRecord
RD;CD;4/25/2024;3:00:04 PM;Default;CDC401;SN 231662582599;Edited;Sample ID (28055);41.3;mS/cm;21;°C;38.1;mS/cm;;;NaCl/Non-Linear;Reference Temperature = 25 °C;;;;;;;;;;;OK;4/19/2024;3:08:41 PM;Default;K;0.366;;cm⁻¹;;;;1;30000;µS/cm;28.4;mS/cm;22.2;;;;;;;;;;;;;;;;;;;;;;;;;;;;;;;°C;;;;;1714057204;1713539321;2.32E+11;;Interval;EndOfRecord
RD;pH;4/25/2024;2:59:04 PM;Default;PHC301;SN 240462571090;Edited;Sample ID (28054);3.038;pH;20.9;°C;240.6;mV;;;;;;;;;;;;;;;OK;4/25/2024;12:22:34 PM;Default;Slope;-57.99;98;mV/pH;14.1;mV;0.9998;3;4;pH;187.6;mV;22.2;7.01;pH;11;mV;22;10.04;pH;-159.2;mV;22.5;;;;;;;;;;;;;;;;;;;;;°C;;;;;1714057144;1714047754;2.32E+11;;Interval;EndOfRecord
RD;CD;4/25/2024;2:59:04 PM;Default;CDC401;SN 231662582599;Edited;Sample ID (28054);41.3;mS/cm;21;°C;38.1;mS/cm;;;NaCl/Non-Linear;Reference Temperature = 25 °C;;;;;;;;;;;OK;4/19/2024;3:08:41 PM;Default;K;0.366;;cm⁻¹;;;;1;30000;µS/cm;28.4;mS/cm;22.2;;;;;;;;;;;;;;;;;;;;;;;;;;;;;;;°C;;;;;1714057144;1713539321;2.32E+11;;Interval;EndOfRecord
RD;pH;4/25/2024;2:58:04 PM;Default;PHC301;SN 240462571090;Edited;Sample ID (28053);3.038;pH;20.9;°C;240.6;mV;;;;;;;;;;;;;;;OK;4/25/2024;12:22:34 PM;Default;Slope;-57.99;98;mV/pH;14.1;mV;0.9998;3;4;pH;187.6;mV;22.2;7.01;pH;11;mV;22;10.04;pH;-159.2;mV;22.5;;;;;;;;;;;;;;;;;;;;;°C;;;;;1714057084;1714047754;2.32E+11;;Interval;EndOfRecord
RD;CD;4/25/2024;2:58:04 PM;Default;CDC401;SN 231662582599;Edited;Sample ID (28053);41.3;mS/cm;21;°C;38.1;mS/cm;;;NaCl/Non-Linear;Reference Temperature = 25 °C;;;;;;;;;;;OK;4/19/2024;3:08:41 PM;Default;K;0.366;;cm⁻¹;;;;1;30000;µS/cm;28.4;mS/cm;22.2;;;;;;;;;;;;;;;;;;;;;;;;;;;;;;;°C;;;;;1714057084;1713539321;2.32E+11;;Interval;EndOfRecord
RD;pH;4/25/2024;2:57:03 PM;Default;PHC301;SN 240462571090;Edited;Sample ID (28052);3.038;pH;20.9;°C;240.6;mV;;;;;;;;;;;;;;;OK;4/25/2024;12:22:34 PM;Default;Slope;-57.99;98;mV/pH;14.1;mV;0.9998;3;4;pH;187.6;mV;22.2;7.01;pH;11;mV;22;10.04;pH;-159.2;mV;22.5;;;;;;;;;;;;;;;;;;;;;°C;;;;;1714057023;1714047754;2.32E+11;;Interval;EndOfRecord
RD;CD;4/25/2024;2:57:03 PM;Default;CDC401;SN 231662582599;Edited;Sample ID (28052);41.3;mS/cm;21;°C;38.1;mS/cm;;;NaCl/Non-Linear;Reference Temperature = 25 °C;;;;;;;;;;;OK;4/19/2024;3:08:41 PM;Default;K;0.366;;cm⁻¹;;;;1;30000;µS/cm;28.4;mS/cm;22.2;;;;;;;;;;;;;;;;;;;;;;;;;;;;;;;°C;;;;;1714057023;1713539321;2.32E+11;;Interval;EndOfRecord
RD;pH;4/25/2024;2:56:03 PM;Default;PHC301;SN 240462571090;Edited;Sample ID (28051);3.038;pH;20.9;°C;240.6;mV;;;;;;;;;;;;;;;OK;4/25/2024;12:22:34 PM;Default;Slope;-57.99;98;mV/pH;14.1;mV;0.9998;3;4;pH;187.6;mV;22.2;7.01;pH;11;mV;22;10.04;pH;-159.2;mV;22.5;;;;;;;;;;;;;;;;;;;;;°C;;;;;1714056963;1714047754;2.32E+11;;Interval;EndOfRecord
RD;CD;4/25/2024;2:56:03 PM;Default;CDC401;SN 231662582599;Edited;Sample ID (28051);41.3;mS/cm;21;°C;38.1;mS/cm;;;NaCl/Non-Linear;Reference Temperature = 25 °C;;;;;;;;;;;OK;4/19/2024;3:08:41 PM;Default;K;0.366;;cm⁻¹;;;;1;30000;µS/cm;28.4;mS/cm;22.2;;;;;;;;;;;;;;;;;;;;;;;;;;;;;;;°C;;;;;1714056963;1713539321;2.32E+11;;Interval;EndOfRecord
RD;pH;4/25/2024;2:55:05 PM;Default;PHC301;SN 240462571090;Edited;Sample ID (28050);3.038;pH;20.9;°C;240.6;mV;;;;;;;;;;;;;;;OK;4/25/2024;12:22:34 PM;Default;Slope;-57.99;98;mV/pH;14.1;mV;0.9998;3;4;pH;187.6;mV;22.2;7.01;pH;11;mV;22;10.04;pH;-159.2;mV;22.5;;;;;;;;;;;;;;;;;;;;;°C;;;;;1714056905;1714047754;2.32E+11;;Interval;EndOfRecord
RD;CD;4/25/2024;2:55:05 PM;Default;CDC401;SN 231662582599;Edited;Sample ID (28050);41.3;mS/cm;21;°C;38.1;mS/cm;;;NaCl/Non-Linear;Reference Temperature = 25 °C;;;;;;;;;;;OK;4/19/2024;3:08:41 PM;Default;K;0.366;;cm⁻¹;;;;1;30000;µS/cm;28.4;mS/cm;22.2;;;;;;;;;;;;;;;;;;;;;;;;;;;;;;;°C;;;;;1714056905;1713539321;2.32E+11;;Interval;EndOfRecord
RD;pH;4/25/2024;2:54:04 PM;Default;PHC301;SN 240462571090;Edited;Sample ID (28049);3.038;pH;20.9;°C;240.6;mV;;;;;;;;;;;;;;;OK;4/25/2024;12:22:34 PM;Default;Slope;-57.99;98;mV/pH;14.1;mV;0.9998;3;4;pH;187.6;mV;22.2;7.01;pH;11;mV;22;10.04;pH;-159.2;mV;22.5;;;;;;;;;;;;;;;;;;;;;°C;;;;;1714056844;1714047754;2.32E+11;;Interval;EndOfRecord
RD;CD;4/25/2024;2:54:04 PM;Default;CDC401;SN 231662582599;Edited;Sample ID (28049);41.3;mS/cm;21;°C;38.1;mS/cm;;;NaCl/Non-Linear;Reference Temperature = 25 °C;;;;;;;;;;;OK;4/19/2024;3:08:41 PM;Default;K;0.366;;cm⁻¹;;;;1;30000;µS/cm;28.4;mS/cm;22.2;;;;;;;;;;;;;;;;;;;;;;;;;;;;;;;°C;;;;;1714056844;1713539321;2.32E+11;;Interval;EndOfRecord
RD;pH;4/25/2024;2:53:03 PM;Default;PHC301;SN 240462571090;Edited;Sample ID (28048);3.039;pH;20.9;°C;240.6;mV;;;;;;;;;;;;;;;OK;4/25/2024;12:22:34 PM;Default;Slope;-57.99;98;mV/pH;14.1;mV;0.9998;3;4;pH;187.6;mV;22.2;7.01;pH;11;mV;22;10.04;pH;-159.2;mV;22.5;;;;;;;;;;;;;;;;;;;;;°C;;;;;1714056783;1714047754;2.32E+11;;Interval;EndOfRecord
RD;CD;4/25/2024;2:53:03 PM;Default;CDC401;SN 231662582599;Edited;Sample ID (28048);41.3;mS/cm;21;°C;38.1;mS/cm;;;NaCl/Non-Linear;Reference Temperature = 25 °C;;;;;;;;;;;OK;4/19/2024;3:08:41 PM;Default;K;0.366;;cm⁻¹;;;;1;30000;µS/cm;28.4;mS/cm;22.2;;;;;;;;;;;;;;;;;;;;;;;;;;;;;;;°C;;;;;1714056783;1713539321;2.32E+11;;Interval;EndOfRecord
RD;pH;4/25/2024;2:52:03 PM;Default;PHC301;SN 240462571090;Edited;Sample ID (28047);3.039;pH;20.9;°C;240.6;mV;;;;;;;;;;;;;;;OK;4/25/2024;12:22:34 PM;Default;Slope;-57.99;98;mV/pH;14.1;mV;0.9998;3;4;pH;187.6;mV;22.2;7.01;pH;11;mV;22;10.04;pH;-159.2;mV;22.5;;;;;;;;;;;;;;;;;;;;;°C;;;;;1714056723;1714047754;2.32E+11;;Interval;EndOfRecord
RD;CD;4/25/2024;2:52:03 PM;Default;CDC401;SN 231662582599;Edited;Sample ID (28047);41.3;mS/cm;21;°C;38.1;mS/cm;;;NaCl/Non-Linear;Reference Temperature = 25 °C;;;;;;;;;;;OK;4/19/2024;3:08:41 PM;Default;K;0.366;;cm⁻¹;;;;1;30000;µS/cm;28.4;mS/cm;22.2;;;;;;;;;;;;;;;;;;;;;;;;;;;;;;;°C;;;;;1714056723;1713539321;2.32E+11;;Interval;EndOfRecord
RD;pH;4/25/2024;2:51:03 PM;Default;PHC301;SN 240462571090;Edited;Sample ID (28046);3.039;pH;21;°C;240.6;mV;;;;;;;;;;;;;;;OK;4/25/2024;12:22:34 PM;Default;Slope;-57.99;98;mV/pH;14.1;mV;0.9998;3;4;pH;187.6;mV;22.2;7.01;pH;11;mV;22;10.04;pH;-159.2;mV;22.5;;;;;;;;;;;;;;;;;;;;;°C;;;;;1714056663;1714047754;2.32E+11;;Interval;EndOfRecord
RD;CD;4/25/2024;2:51:03 PM;Default;CDC401;SN 231662582599;Edited;Sample ID (28046);41.3;mS/cm;21;°C;38.1;mS/cm;;;NaCl/Non-Linear;Reference Temperature = 25 °C;;;;;;;;;;;OK;4/19/2024;3:08:41 PM;Default;K;0.366;;cm⁻¹;;;;1;30000;µS/cm;28.4;mS/cm;22.2;;;;;;;;;;;;;;;;;;;;;;;;;;;;;;;°C;;;;;1714056663;1713539321;2.32E+11;;Interval;EndOfRecord
RD;pH;4/25/2024;2:50:04 PM;Default;PHC301;SN 240462571090;Edited;Sample ID (28045);3.039;pH;21;°C;240.6;mV;;;;;;;;;;;;;;;OK;4/25/2024;12:22:34 PM;Default;Slope;-57.99;98;mV/pH;14.1;mV;0.9998;3;4;pH;187.6;mV;22.2;7.01;pH;11;mV;22;10.04;pH;-159.2;mV;22.5;;;;;;;;;;;;;;;;;;;;;°C;;;;;1714056604;1714047754;2.32E+11;;Interval;EndOfRecord
RD;CD;4/25/2024;2:50:04 PM;Default;CDC401;SN 231662582599;Edited;Sample ID (28045);41.3;mS/cm;21;°C;38.1;mS/cm;;;NaCl/Non-Linear;Reference Temperature = 25 °C;;;;;;;;;;;OK;4/19/2024;3:08:41 PM;Default;K;0.366;;cm⁻¹;;;;1;30000;µS/cm;28.4;mS/cm;22.2;;;;;;;;;;;;;;;;;;;;;;;;;;;;;;;°C;;;;;1714056604;1713539321;2.32E+11;;Interval;EndOfRecord
RD;pH;4/25/2024;2:49:04 PM;Default;PHC301;SN 240462571090;Edited;Sample ID (28044);3.039;pH;21;°C;240.6;mV;;;;;;;;;;;;;;;OK;4/25/2024;12:22:34 PM;Default;Slope;-57.99;98;mV/pH;14.1;mV;0.9998;3;4;pH;187.6;mV;22.2;7.01;pH;11;mV;22;10.04;pH;-159.2;mV;22.5;;;;;;;;;;;;;;;;;;;;;°C;;;;;1714056544;1714047754;2.32E+11;;Interval;EndOfRecord
RD;CD;4/25/2024;2:49:04 PM;Default;CDC401;SN 231662582599;Edited;Sample ID (28044);41.3;mS/cm;21;°C;38.1;mS/cm;;;NaCl/Non-Linear;Reference Temperature = 25 °C;;;;;;;;;;;OK;4/19/2024;3:08:41 PM;Default;K;0.366;;cm⁻¹;;;;1;30000;µS/cm;28.4;mS/cm;22.2;;;;;;;;;;;;;;;;;;;;;;;;;;;;;;;°C;;;;;1714056544;1713539321;2.32E+11;;Interval;EndOfRecord
RD;pH;4/25/2024;2:48:04 PM;Default;PHC301;SN 240462571090;Edited;Sample ID (28043);3.039;pH;21;°C;240.6;mV;;;;;;;;;;;;;;;OK;4/25/2024;12:22:34 PM;Default;Slope;-57.99;98;mV/pH;14.1;mV;0.9998;3;4;pH;187.6;mV;22.2;7.01;pH;11;mV;22;10.04;pH;-159.2;mV;22.5;;;;;;;;;;;;;;;;;;;;;°C;;;;;1714056484;1714047754;2.32E+11;;Interval;EndOfRecord
RD;CD;4/25/2024;2:48:04 PM;Default;CDC401;SN 231662582599;Edited;Sample ID (28043);41.3;mS/cm;21.1;°C;38.1;mS/cm;;;NaCl/Non-Linear;Reference Temperature = 25 °C;;;;;;;;;;;OK;4/19/2024;3:08:41 PM;Default;K;0.366;;cm⁻¹;;;;1;30000;µS/cm;28.4;mS/cm;22.2;;;;;;;;;;;;;;;;;;;;;;;;;;;;;;;°C;;;;;1714056484;1713539321;2.32E+11;;Interval;EndOfRecord
RD;pH;4/25/2024;2:47:04 PM;Default;PHC301;SN 240462571090;Edited;Sample ID (28042);3.039;pH;21;°C;240.6;mV;;;;;;;;;;;;;;;OK;4/25/2024;12:22:34 PM;Default;Slope;-57.99;98;mV/pH;14.1;mV;0.9998;3;4;pH;187.6;mV;22.2;7.01;pH;11;mV;22;10.04;pH;-159.2;mV;22.5;;;;;;;;;;;;;;;;;;;;;°C;;;;;1714056424;1714047754;2.32E+11;;Interval;EndOfRecord
RD;CD;4/25/2024;2:47:04 PM;Default;CDC401;SN 231662582599;Edited;Sample ID (28042);41.3;mS/cm;21.1;°C;38.2;mS/cm;;;NaCl/Non-Linear;Reference Temperature = 25 °C;;;;;;;;;;;OK;4/19/2024;3:08:41 PM;Default;K;0.366;;cm⁻¹;;;;1;30000;µS/cm;28.4;mS/cm;22.2;;;;;;;;;;;;;;;;;;;;;;;;;;;;;;;°C;;;;;1714056424;1713539321;2.32E+11;;Interval;EndOfRecord
RD;pH;4/25/2024;2:46:04 PM;Default;PHC301;SN 240462571090;Edited;Sample ID (28041);3.039;pH;21;°C;240.6;mV;;;;;;;;;;;;;;;OK;4/25/2024;12:22:34 PM;Default;Slope;-57.99;98;mV/pH;14.1;mV;0.9998;3;4;pH;187.6;mV;22.2;7.01;pH;11;mV;22;10.04;pH;-159.2;mV;22.5;;;;;;;;;;;;;;;;;;;;;°C;;;;;1714056364;1714047754;2.32E+11;;Interval;EndOfRecord
RD;CD;4/25/2024;2:46:04 PM;Default;CDC401;SN 231662582599;Edited;Sample ID (28041);41.3;mS/cm;21.1;°C;38.2;mS/cm;;;NaCl/Non-Linear;Reference Temperature = 25 °C;;;;;;;;;;;OK;4/19/2024;3:08:41 PM;Default;K;0.366;;cm⁻¹;;;;1;30000;µS/cm;28.4;mS/cm;22.2;;;;;;;;;;;;;;;;;;;;;;;;;;;;;;;°C;;;;;1714056364;1713539321;2.32E+11;;Interval;EndOfRecord
RD;pH;4/25/2024;2:45:04 PM;Default;PHC301;SN 240462571090;Edited;Sample ID (28040);3.041;pH;21;°C;240.6;mV;;;;;;;;;;;;;;;OK;4/25/2024;12:22:34 PM;Default;Slope;-57.99;98;mV/pH;14.1;mV;0.9998;3;4;pH;187.6;mV;22.2;7.01;pH;11;mV;22;10.04;pH;-159.2;mV;22.5;;;;;;;;;;;;;;;;;;;;;°C;;;;;1714056304;1714047754;2.32E+11;;Interval;EndOfRecord
RD;CD;4/25/2024;2:45:04 PM;Default;CDC401;SN 231662582599;Edited;Sample ID (28040);41.3;mS/cm;21.1;°C;38.2;mS/cm;;;NaCl/Non-Linear;Reference Temperature = 25 °C;;;;;;;;;;;OK;4/19/2024;3:08:41 PM;Default;K;0.366;;cm⁻¹;;;;1;30000;µS/cm;28.4;mS/cm;22.2;;;;;;;;;;;;;;;;;;;;;;;;;;;;;;;°C;;;;;1714056304;1713539321;2.32E+11;;Interval;EndOfRecord
RD;pH;4/25/2024;2:44:03 PM;Default;PHC301;SN 240462571090;Edited;Sample ID (28039);3.041;pH;21;°C;240.6;mV;;;;;;;;;;;;;;;OK;4/25/2024;12:22:34 PM;Default;Slope;-57.99;98;mV/pH;14.1;mV;0.9998;3;4;pH;187.6;mV;22.2;7.01;pH;11;mV;22;10.04;pH;-159.2;mV;22.5;;;;;;;;;;;;;;;;;;;;;°C;;;;;1714056243;1714047754;2.32E+11;;Interval;EndOfRecord
RD;CD;4/25/2024;2:44:03 PM;Default;CDC401;SN 231662582599;Edited;Sample ID (28039);41.3;mS/cm;21.1;°C;38.2;mS/cm;;;NaCl/Non-Linear;Reference Temperature = 25 °C;;;;;;;;;;;OK;4/19/2024;3:08:41 PM;Default;K;0.366;;cm⁻¹;;;;1;30000;µS/cm;28.4;mS/cm;22.2;;;;;;;;;;;;;;;;;;;;;;;;;;;;;;;°C;;;;;1714056243;1713539321;2.32E+11;;Interval;EndOfRecord
RD;pH;4/25/2024;2:43:03 PM;Default;PHC301;SN 240462571090;Edited;Sample ID (28038);3.041;pH;21;°C;240.6;mV;;;;;;;;;;;;;;;OK;4/25/2024;12:22:34 PM;Default;Slope;-57.99;98;mV/pH;14.1;mV;0.9998;3;4;pH;187.6;mV;22.2;7.01;pH;11;mV;22;10.04;pH;-159.2;mV;22.5;;;;;;;;;;;;;;;;;;;;;°C;;;;;1714056183;1714047754;2.32E+11;;Interval;EndOfRecord
RD;CD;4/25/2024;2:43:03 PM;Default;CDC401;SN 231662582599;Edited;Sample ID (28038);41.3;mS/cm;21.1;°C;38.2;mS/cm;;;NaCl/Non-Linear;Reference Temperature = 25 °C;;;;;;;;;;;OK;4/19/2024;3:08:41 PM;Default;K;0.366;;cm⁻¹;;;;1;30000;µS/cm;28.4;mS/cm;22.2;;;;;;;;;;;;;;;;;;;;;;;;;;;;;;;°C;;;;;1714056183;1713539321;2.32E+11;;Interval;EndOfRecord
RD;pH;4/25/2024;2:42:03 PM;Default;PHC301;SN 240462571090;Edited;Sample ID (28037);3.041;pH;21;°C;240.6;mV;;;;;;;;;;;;;;;OK;4/25/2024;12:22:34 PM;Default;Slope;-57.99;98;mV/pH;14.1;mV;0.9998;3;4;pH;187.6;mV;22.2;7.01;pH;11;mV;22;10.04;pH;-159.2;mV;22.5;;;;;;;;;;;;;;;;;;;;;°C;;;;;1714056123;1714047754;2.32E+11;;Interval;EndOfRecord
RD;CD;4/25/2024;2:42:03 PM;Default;CDC401;SN 231662582599;Edited;Sample ID (28037);41.3;mS/cm;21.1;°C;38.2;mS/cm;;;NaCl/Non-Linear;Reference Temperature = 25 °C;;;;;;;;;;;OK;4/19/2024;3:08:41 PM;Default;K;0.366;;cm⁻¹;;;;1;30000;µS/cm;28.4;mS/cm;22.2;;;;;;;;;;;;;;;;;;;;;;;;;;;;;;;°C;;;;;1714056123;1713539321;2.32E+11;;Interval;EndOfRecord
RD;pH;4/25/2024;2:41:03 PM;Default;PHC301;SN 240462571090;Edited;Sample ID (28036);3.041;pH;21.2;°C;240.6;mV;;;;;;;;;;;;;;;OK;4/25/2024;12:22:34 PM;Default;Slope;-57.99;98;mV/pH;14.1;mV;0.9998;3;4;pH;187.6;mV;22.2;7.01;pH;11;mV;22;10.04;pH;-159.2;mV;22.5;;;;;;;;;;;;;;;;;;;;;°C;;;;;1714056063;1714047754;2.32E+11;;Interval;EndOfRecord
RD;CD;4/25/2024;2:41:03 PM;Default;CDC401;SN 231662582599;Edited;Sample ID (28036);41.3;mS/cm;21.1;°C;38.2;mS/cm;;;NaCl/Non-Linear;Reference Temperature = 25 °C;;;;;;;;;;;OK;4/19/2024;3:08:41 PM;Default;K;0.366;;cm⁻¹;;;;1;30000;µS/cm;28.4;mS/cm;22.2;;;;;;;;;;;;;;;;;;;;;;;;;;;;;;;°C;;;;;1714056063;1713539321;2.32E+11;;Interval;EndOfRecord
RD;pH;4/25/2024;2:40:04 PM;Default;PHC301;SN 240462571090;Edited;Sample ID (28035);3.041;pH;21.2;°C;240.6;mV;;;;;;;;;;;;;;;OK;4/25/2024;12:22:34 PM;Default;Slope;-57.99;98;mV/pH;14.1;mV;0.9998;3;4;pH;187.6;mV;22.2;7.01;pH;11;mV;22;10.04;pH;-159.2;mV;22.5;;;;;;;;;;;;;;;;;;;;;°C;;;;;1714056004;1714047754;2.32E+11;;Interval;EndOfRecord
RD;CD;4/25/2024;2:40:04 PM;Default;CDC401;SN 231662582599;Edited;Sample ID (28035);41.3;mS/cm;21.1;°C;38.2;mS/cm;;;NaCl/Non-Linear;Reference Temperature = 25 °C;;;;;;;;;;;OK;4/19/2024;3:08:41 PM;Default;K;0.366;;cm⁻¹;;;;1;30000;µS/cm;28.4;mS/cm;22.2;;;;;;;;;;;;;;;;;;;;;;;;;;;;;;;°C;;;;;1714056004;1713539321;2.32E+11;;Interval;EndOfRecord
RD;pH;4/25/2024;2:39:05 PM;Default;PHC301;SN 240462571090;Edited;Sample ID (28034);3.042;pH;21.2;°C;240.6;mV;;;;;;;;;;;;;;;OK;4/25/2024;12:22:34 PM;Default;Slope;-57.99;98;mV/pH;14.1;mV;0.9998;3;4;pH;187.6;mV;22.2;7.01;pH;11;mV;22;10.04;pH;-159.2;mV;22.5;;;;;;;;;;;;;;;;;;;;;°C;;;;;1714055945;1714047754;2.32E+11;;Interval;EndOfRecord
RD;CD;4/25/2024;2:39:05 PM;Default;CDC401;SN 231662582599;Edited;Sample ID (28034);41.3;mS/cm;21.2;°C;38.2;mS/cm;;;NaCl/Non-Linear;Reference Temperature = 25 °C;;;;;;;;;;;OK;4/19/2024;3:08:41 PM;Default;K;0.366;;cm⁻¹;;;;1;30000;µS/cm;28.4;mS/cm;22.2;;;;;;;;;;;;;;;;;;;;;;;;;;;;;;;°C;;;;;1714055945;1713539321;2.32E+11;;Interval;EndOfRecord
RD;pH;4/25/2024;2:38:04 PM;Default;PHC301;SN 240462571090;Edited;Sample ID (28033);3.042;pH;21.2;°C;240.6;mV;;;;;;;;;;;;;;;OK;4/25/2024;12:22:34 PM;Default;Slope;-57.99;98;mV/pH;14.1;mV;0.9998;3;4;pH;187.6;mV;22.2;7.01;pH;11;mV;22;10.04;pH;-159.2;mV;22.5;;;;;;;;;;;;;;;;;;;;;°C;;;;;1714055884;1714047754;2.32E+11;;Interval;EndOfRecord
RD;CD;4/25/2024;2:38:04 PM;Default;CDC401;SN 231662582599;Edited;Sample ID (28033);41.3;mS/cm;21.2;°C;38.2;mS/cm;;;NaCl/Non-Linear;Reference Temperature = 25 °C;;;;;;;;;;;OK;4/19/2024;3:08:41 PM;Default;K;0.366;;cm⁻¹;;;;1;30000;µS/cm;28.4;mS/cm;22.2;;;;;;;;;;;;;;;;;;;;;;;;;;;;;;;°C;;;;;1714055884;1713539321;2.32E+11;;Interval;EndOfRecord
RD;pH;4/25/2024;2:37:04 PM;Default;PHC301;SN 240462571090;Edited;Sample ID (28032);3.042;pH;21.2;°C;240.6;mV;;;;;;;;;;;;;;;OK;4/25/2024;12:22:34 PM;Default;Slope;-57.99;98;mV/pH;14.1;mV;0.9998;3;4;pH;187.6;mV;22.2;7.01;pH;11;mV;22;10.04;pH;-159.2;mV;22.5;;;;;;;;;;;;;;;;;;;;;°C;;;;;1714055824;1714047754;2.32E+11;;Interval;EndOfRecord
RD;CD;4/25/2024;2:37:04 PM;Default;CDC401;SN 231662582599;Edited;Sample ID (28032);41.3;mS/cm;21.2;°C;38.3;mS/cm;;;NaCl/Non-Linear;Reference Temperature = 25 °C;;;;;;;;;;;OK;4/19/2024;3:08:41 PM;Default;K;0.366;;cm⁻¹;;;;1;30000;µS/cm;28.4;mS/cm;22.2;;;;;;;;;;;;;;;;;;;;;;;;;;;;;;;°C;;;;;1714055824;1713539321;2.32E+11;;Interval;EndOfRecord
RD;pH;4/25/2024;2:36:03 PM;Default;PHC301;SN 240462571090;Edited;Sample ID (28031);3.043;pH;21.2;°C;240.6;mV;;;;;;;;;;;;;;;OK;4/25/2024;12:22:34 PM;Default;Slope;-57.99;98;mV/pH;14.1;mV;0.9998;3;4;pH;187.6;mV;22.2;7.01;pH;11;mV;22;10.04;pH;-159.2;mV;22.5;;;;;;;;;;;;;;;;;;;;;°C;;;;;1714055763;1714047754;2.32E+11;;Interval;EndOfRecord
RD;CD;4/25/2024;2:36:03 PM;Default;CDC401;SN 231662582599;Edited;Sample ID (28031);41.3;mS/cm;21.2;°C;38.3;mS/cm;;;NaCl/Non-Linear;Reference Temperature = 25 °C;;;;;;;;;;;OK;4/19/2024;3:08:41 PM;Default;K;0.366;;cm⁻¹;;;;1;30000;µS/cm;28.4;mS/cm;22.2;;;;;;;;;;;;;;;;;;;;;;;;;;;;;;;°C;;;;;1714055763;1713539321;2.32E+11;;Interval;EndOfRecord
RD;pH;4/25/2024;2:35:03 PM;Default;PHC301;SN 240462571090;Edited;Sample ID (28030);3.043;pH;21.2;°C;240.6;mV;;;;;;;;;;;;;;;OK;4/25/2024;12:22:34 PM;Default;Slope;-57.99;98;mV/pH;14.1;mV;0.9998;3;4;pH;187.6;mV;22.2;7.01;pH;11;mV;22;10.04;pH;-159.2;mV;22.5;;;;;;;;;;;;;;;;;;;;;°C;;;;;1714055703;1714047754;2.32E+11;;Interval;EndOfRecord
RD;CD;4/25/2024;2:35:03 PM;Default;CDC401;SN 231662582599;Edited;Sample ID (28030);41.3;mS/cm;21.2;°C;38.3;mS/cm;;;NaCl/Non-Linear;Reference Temperature = 25 °C;;;;;;;;;;;OK;4/19/2024;3:08:41 PM;Default;K;0.366;;cm⁻¹;;;;1;30000;µS/cm;28.4;mS/cm;22.2;;;;;;;;;;;;;;;;;;;;;;;;;;;;;;;°C;;;;;1714055703;1713539321;2.32E+11;;Interval;EndOfRecord
RD;pH;4/25/2024;2:34:03 PM;Default;PHC301;SN 240462571090;Edited;Sample ID (28029);3.043;pH;21.2;°C;240.6;mV;;;;;;;;;;;;;;;OK;4/25/2024;12:22:34 PM;Default;Slope;-57.99;98;mV/pH;14.1;mV;0.9998;3;4;pH;187.6;mV;22.2;7.01;pH;11;mV;22;10.04;pH;-159.2;mV;22.5;;;;;;;;;;;;;;;;;;;;;°C;;;;;1714055643;1714047754;2.32E+11;;Interval;EndOfRecord
RD;CD;4/25/2024;2:34:03 PM;Default;CDC401;SN 231662582599;Edited;Sample ID (28029);41.3;mS/cm;21.2;°C;38.3;mS/cm;;;NaCl/Non-Linear;Reference Temperature = 25 °C;;;;;;;;;;;OK;4/19/2024;3:08:41 PM;Default;K;0.366;;cm⁻¹;;;;1;30000;µS/cm;28.4;mS/cm;22.2;;;;;;;;;;;;;;;;;;;;;;;;;;;;;;;°C;;;;;1714055643;1713539321;2.32E+11;;Interval;EndOfRecord
RD;pH;4/25/2024;2:33:04 PM;Default;PHC301;SN 240462571090;Edited;Sample ID (28028);3.043;pH;21.2;°C;240.6;mV;;;;;;;;;;;;;;;OK;4/25/2024;12:22:34 PM;Default;Slope;-57.99;98;mV/pH;14.1;mV;0.9998;3;4;pH;187.6;mV;22.2;7.01;pH;11;mV;22;10.04;pH;-159.2;mV;22.5;;;;;;;;;;;;;;;;;;;;;°C;;;;;1714055584;1714047754;2.32E+11;;Interval;EndOfRecord
RD;CD;4/25/2024;2:33:04 PM;Default;CDC401;SN 231662582599;Edited;Sample ID (28028);41.3;mS/cm;21.2;°C;38.3;mS/cm;;;NaCl/Non-Linear;Reference Temperature = 25 °C;;;;;;;;;;;OK;4/19/2024;3:08:41 PM;Default;K;0.366;;cm⁻¹;;;;1;30000;µS/cm;28.4;mS/cm;22.2;;;;;;;;;;;;;;;;;;;;;;;;;;;;;;;°C;;;;;1714055584;1713539321;2.32E+11;;Interval;EndOfRecord
RD;pH;4/25/2024;2:32:04 PM;Default;PHC301;SN 240462571090;Edited;Sample ID (28027);3.043;pH;21.3;°C;240.6;mV;;;;;;;;;;;;;;;OK;4/25/2024;12:22:34 PM;Default;Slope;-57.99;98;mV/pH;14.1;mV;0.9998;3;4;pH;187.6;mV;22.2;7.01;pH;11;mV;22;10.04;pH;-159.2;mV;22.5;;;;;;;;;;;;;;;;;;;;;°C;;;;;1714055524;1714047754;2.32E+11;;Interval;EndOfRecord
RD;CD;4/25/2024;2:32:04 PM;Default;CDC401;SN 231662582599;Edited;Sample ID (28027);41.3;mS/cm;21.3;°C;38.3;mS/cm;;;NaCl/Non-Linear;Reference Temperature = 25 °C;;;;;;;;;;;OK;4/19/2024;3:08:41 PM;Default;K;0.366;;cm⁻¹;;;;1;30000;µS/cm;28.4;mS/cm;22.2;;;;;;;;;;;;;;;;;;;;;;;;;;;;;;;°C;;;;;1714055524;1713539321;2.32E+11;;Interval;EndOfRecord
RD;pH;4/25/2024;2:31:04 PM;Default;PHC301;SN 240462571090;Edited;Sample ID (28026);3.045;pH;21.3;°C;240.5;mV;;;;;;;;;;;;;;;OK;4/25/2024;12:22:34 PM;Default;Slope;-57.99;98;mV/pH;14.1;mV;0.9998;3;4;pH;187.6;mV;22.2;7.01;pH;11;mV;22;10.04;pH;-159.2;mV;22.5;;;;;;;;;;;;;;;;;;;;;°C;;;;;1714055464;1714047754;2.32E+11;;Interval;EndOfRecord
RD;CD;4/25/2024;2:31:04 PM;Default;CDC401;SN 231662582599;Edited;Sample ID (28026);41.3;mS/cm;21.3;°C;38.3;mS/cm;;;NaCl/Non-Linear;Reference Temperature = 25 °C;;;;;;;;;;;OK;4/19/2024;3:08:41 PM;Default;K;0.366;;cm⁻¹;;;;1;30000;µS/cm;28.4;mS/cm;22.2;;;;;;;;;;;;;;;;;;;;;;;;;;;;;;;°C;;;;;1714055464;1713539321;2.32E+11;;Interval;EndOfRecord
RD;pH;4/25/2024;2:30:04 PM;Default;PHC301;SN 240462571090;Edited;Sample ID (28025);3.045;pH;21.3;°C;240.5;mV;;;;;;;;;;;;;;;OK;4/25/2024;12:22:34 PM;Default;Slope;-57.99;98;mV/pH;14.1;mV;0.9998;3;4;pH;187.6;mV;22.2;7.01;pH;11;mV;22;10.04;pH;-159.2;mV;22.5;;;;;;;;;;;;;;;;;;;;;°C;;;;;1714055404;1714047754;2.32E+11;;Interval;EndOfRecord
RD;CD;4/25/2024;2:30:04 PM;Default;CDC401;SN 231662582599;Edited;Sample ID (28025);41.3;mS/cm;21.3;°C;38.3;mS/cm;;;NaCl/Non-Linear;Reference Temperature = 25 °C;;;;;;;;;;;OK;4/19/2024;3:08:41 PM;Default;K;0.366;;cm⁻¹;;;;1;30000;µS/cm;28.4;mS/cm;22.2;;;;;;;;;;;;;;;;;;;;;;;;;;;;;;;°C;;;;;1714055404;1713539321;2.32E+11;;Interval;EndOfRecord
RD;pH;4/25/2024;2:29:04 PM;Default;PHC301;SN 240462571090;Edited;Sample ID (28024);3.045;pH;21.3;°C;240.5;mV;;;;;;;;;;;;;;;OK;4/25/2024;12:22:34 PM;Default;Slope;-57.99;98;mV/pH;14.1;mV;0.9998;3;4;pH;187.6;mV;22.2;7.01;pH;11;mV;22;10.04;pH;-159.2;mV;22.5;;;;;;;;;;;;;;;;;;;;;°C;;;;;1714055344;1714047754;2.32E+11;;Interval;EndOfRecord
RD;CD;4/25/2024;2:29:04 PM;Default;CDC401;SN 231662582599;Edited;Sample ID (28024);41.3;mS/cm;21.3;°C;38.3;mS/cm;;;NaCl/Non-Linear;Reference Temperature = 25 °C;;;;;;;;;;;OK;4/19/2024;3:08:41 PM;Default;K;0.366;;cm⁻¹;;;;1;30000;µS/cm;28.4;mS/cm;22.2;;;;;;;;;;;;;;;;;;;;;;;;;;;;;;;°C;;;;;1714055344;1713539321;2.32E+11;;Interval;EndOfRecord
RD;pH;4/25/2024;2:28:03 PM;Default;PHC301;SN 240462571090;Edited;Sample ID (28023);3.045;pH;21.3;°C;240.5;mV;;;;;;;;;;;;;;;OK;4/25/2024;12:22:34 PM;Default;Slope;-57.99;98;mV/pH;14.1;mV;0.9998;3;4;pH;187.6;mV;22.2;7.01;pH;11;mV;22;10.04;pH;-159.2;mV;22.5;;;;;;;;;;;;;;;;;;;;;°C;;;;;1714055283;1714047754;2.32E+11;;Interval;EndOfRecord
RD;CD;4/25/2024;2:28:03 PM;Default;CDC401;SN 231662582599;Edited;Sample ID (28023);41.3;mS/cm;21.3;°C;38.4;mS/cm;;;NaCl/Non-Linear;Reference Temperature = 25 °C;;;;;;;;;;;OK;4/19/2024;3:08:41 PM;Default;K;0.366;;cm⁻¹;;;;1;30000;µS/cm;28.4;mS/cm;22.2;;;;;;;;;;;;;;;;;;;;;;;;;;;;;;;°C;;;;;1714055283;1713539321;2.32E+11;;Interval;EndOfRecord
RD;pH;4/25/2024;2:27:03 PM;Default;PHC301;SN 240462571090;Edited;Sample ID (28022);3.046;pH;21.3;°C;240.5;mV;;;;;;;;;;;;;;;OK;4/25/2024;12:22:34 PM;Default;Slope;-57.99;98;mV/pH;14.1;mV;0.9998;3;4;pH;187.6;mV;22.2;7.01;pH;11;mV;22;10.04;pH;-159.2;mV;22.5;;;;;;;;;;;;;;;;;;;;;°C;;;;;1714055223;1714047754;2.32E+11;;Interval;EndOfRecord
RD;CD;4/25/2024;2:27:03 PM;Default;CDC401;SN 231662582599;Edited;Sample ID (28022);41.3;mS/cm;21.3;°C;38.4;mS/cm;;;NaCl/Non-Linear;Reference Temperature = 25 °C;;;;;;;;;;;OK;4/19/2024;3:08:41 PM;Default;K;0.366;;cm⁻¹;;;;1;30000;µS/cm;28.4;mS/cm;22.2;;;;;;;;;;;;;;;;;;;;;;;;;;;;;;;°C;;;;;1714055223;1713539321;2.32E+11;;Interval;EndOfRecord
RD;pH;4/25/2024;2:26:03 PM;Default;PHC301;SN 240462571090;Edited;Sample ID (28021);3.046;pH;21.3;°C;240.5;mV;;;;;;;;;;;;;;;OK;4/25/2024;12:22:34 PM;Default;Slope;-57.99;98;mV/pH;14.1;mV;0.9998;3;4;pH;187.6;mV;22.2;7.01;pH;11;mV;22;10.04;pH;-159.2;mV;22.5;;;;;;;;;;;;;;;;;;;;;°C;;;;;1714055163;1714047754;2.32E+11;;Interval;EndOfRecord
RD;CD;4/25/2024;2:26:03 PM;Default;CDC401;SN 231662582599;Edited;Sample ID (28021);41.4;mS/cm;21.3;°C;38.4;mS/cm;;;NaCl/Non-Linear;Reference Temperature = 25 °C;;;;;;;;;;;OK;4/19/2024;3:08:41 PM;Default;K;0.366;;cm⁻¹;;;;1;30000;µS/cm;28.4;mS/cm;22.2;;;;;;;;;;;;;;;;;;;;;;;;;;;;;;;°C;;;;;1714055163;1713539321;2.32E+11;;Interval;EndOfRecord
RD;pH;4/25/2024;2:25:04 PM;Default;PHC301;SN 240462571090;Edited;Sample ID (28020);3.046;pH;21.3;°C;240.5;mV;;;;;;;;;;;;;;;OK;4/25/2024;12:22:34 PM;Default;Slope;-57.99;98;mV/pH;14.1;mV;0.9998;3;4;pH;187.6;mV;22.2;7.01;pH;11;mV;22;10.04;pH;-159.2;mV;22.5;;;;;;;;;;;;;;;;;;;;;°C;;;;;1714055104;1714047754;2.32E+11;;Interval;EndOfRecord
RD;CD;4/25/2024;2:25:04 PM;Default;CDC401;SN 231662582599;Edited;Sample ID (28020);41.3;mS/cm;21.3;°C;38.4;mS/cm;;;NaCl/Non-Linear;Reference Temperature = 25 °C;;;;;;;;;;;OK;4/19/2024;3:08:41 PM;Default;K;0.366;;cm⁻¹;;;;1;30000;µS/cm;28.4;mS/cm;22.2;;;;;;;;;;;;;;;;;;;;;;;;;;;;;;;°C;;;;;1714055104;1713539321;2.32E+11;;Interval;EndOfRecord
RD;pH;4/25/2024;2:24:04 PM;Default;PHC301;SN 240462571090;Edited;Sample ID (28019);3.046;pH;21.3;°C;240.5;mV;;;;;;;;;;;;;;;OK;4/25/2024;12:22:34 PM;Default;Slope;-57.99;98;mV/pH;14.1;mV;0.9998;3;4;pH;187.6;mV;22.2;7.01;pH;11;mV;22;10.04;pH;-159.2;mV;22.5;;;;;;;;;;;;;;;;;;;;;°C;;;;;1714055044;1714047754;2.32E+11;;Interval;EndOfRecord
RD;CD;4/25/2024;2:24:04 PM;Default;CDC401;SN 231662582599;Edited;Sample ID (28019);41.3;mS/cm;21.3;°C;38.4;mS/cm;;;NaCl/Non-Linear;Reference Temperature = 25 °C;;;;;;;;;;;OK;4/19/2024;3:08:41 PM;Default;K;0.366;;cm⁻¹;;;;1;30000;µS/cm;28.4;mS/cm;22.2;;;;;;;;;;;;;;;;;;;;;;;;;;;;;;;°C;;;;;1714055044;1713539321;2.32E+11;;Interval;EndOfRecord
RD;pH;4/25/2024;2:23:05 PM;Default;PHC301;SN 240462571090;Edited;Sample ID (28018);3.047;pH;21.3;°C;240.5;mV;;;;;;;;;;;;;;;OK;4/25/2024;12:22:34 PM;Default;Slope;-57.99;98;mV/pH;14.1;mV;0.9998;3;4;pH;187.6;mV;22.2;7.01;pH;11;mV;22;10.04;pH;-159.2;mV;22.5;;;;;;;;;;;;;;;;;;;;;°C;;;;;1714054985;1714047754;2.32E+11;;Interval;EndOfRecord
RD;CD;4/25/2024;2:23:05 PM;Default;CDC401;SN 231662582599;Edited;Sample ID (28018);41.3;mS/cm;21.3;°C;38.4;mS/cm;;;NaCl/Non-Linear;Reference Temperature = 25 °C;;;;;;;;;;;OK;4/19/2024;3:08:41 PM;Default;K;0.366;;cm⁻¹;;;;1;30000;µS/cm;28.4;mS/cm;22.2;;;;;;;;;;;;;;;;;;;;;;;;;;;;;;;°C;;;;;1714054985;1713539321;2.32E+11;;Interval;EndOfRecord
RD;pH;4/25/2024;2:22:04 PM;Default;PHC301;SN 240462571090;Edited;Sample ID (28017);3.047;pH;21.3;°C;240.5;mV;;;;;;;;;;;;;;;OK;4/25/2024;12:22:34 PM;Default;Slope;-57.99;98;mV/pH;14.1;mV;0.9998;3;4;pH;187.6;mV;22.2;7.01;pH;11;mV;22;10.04;pH;-159.2;mV;22.5;;;;;;;;;;;;;;;;;;;;;°C;;;;;1714054924;1714047754;2.32E+11;;Interval;EndOfRecord
RD;CD;4/25/2024;2:22:04 PM;Default;CDC401;SN 231662582599;Edited;Sample ID (28017);41.3;mS/cm;21.3;°C;38.4;mS/cm;;;NaCl/Non-Linear;Reference Temperature = 25 °C;;;;;;;;;;;OK;4/19/2024;3:08:41 PM;Default;K;0.366;;cm⁻¹;;;;1;30000;µS/cm;28.4;mS/cm;22.2;;;;;;;;;;;;;;;;;;;;;;;;;;;;;;;°C;;;;;1714054924;1713539321;2.32E+11;;Interval;EndOfRecord
RD;pH;4/25/2024;2:21:03 PM;Default;PHC301;SN 240462571090;Edited;Sample ID (28016);3.047;pH;21.4;°C;240.5;mV;;;;;;;;;;;;;;;OK;4/25/2024;12:22:34 PM;Default;Slope;-57.99;98;mV/pH;14.1;mV;0.9998;3;4;pH;187.6;mV;22.2;7.01;pH;11;mV;22;10.04;pH;-159.2;mV;22.5;;;;;;;;;;;;;;;;;;;;;°C;;;;;1714054863;1714047754;2.32E+11;;Interval;EndOfRecord
RD;CD;4/25/2024;2:21:03 PM;Default;CDC401;SN 231662582599;Edited;Sample ID (28016);41.4;mS/cm;21.4;°C;38.4;mS/cm;;;NaCl/Non-Linear;Reference Temperature = 25 °C;;;;;;;;;;;OK;4/19/2024;3:08:41 PM;Default;K;0.366;;cm⁻¹;;;;1;30000;µS/cm;28.4;mS/cm;22.2;;;;;;;;;;;;;;;;;;;;;;;;;;;;;;;°C;;;;;1714054863;1713539321;2.32E+11;;Interval;EndOfRecord
RD;pH;4/25/2024;2:20:03 PM;Default;PHC301;SN 240462571090;Edited;Sample ID (28015);3.047;pH;21.4;°C;240.5;mV;;;;;;;;;;;;;;;OK;4/25/2024;12:22:34 PM;Default;Slope;-57.99;98;mV/pH;14.1;mV;0.9998;3;4;pH;187.6;mV;22.2;7.01;pH;11;mV;22;10.04;pH;-159.2;mV;22.5;;;;;;;;;;;;;;;;;;;;;°C;;;;;1714054803;1714047754;2.32E+11;;Interval;EndOfRecord
RD;CD;4/25/2024;2:20:03 PM;Default;CDC401;SN 231662582599;Edited;Sample ID (28015);41.4;mS/cm;21.4;°C;38.4;mS/cm;;;NaCl/Non-Linear;Reference Temperature = 25 °C;;;;;;;;;;;OK;4/19/2024;3:08:41 PM;Default;K;0.366;;cm⁻¹;;;;1;30000;µS/cm;28.4;mS/cm;22.2;;;;;;;;;;;;;;;;;;;;;;;;;;;;;;;°C;;;;;1714054803;1713539321;2.32E+11;;Interval;EndOfRecord
RD;pH;4/25/2024;2:19:04 PM;Default;PHC301;SN 240462571090;Edited;Sample ID (28014);3.047;pH;21.4;°C;240.5;mV;;;;;;;;;;;;;;;OK;4/25/2024;12:22:34 PM;Default;Slope;-57.99;98;mV/pH;14.1;mV;0.9998;3;4;pH;187.6;mV;22.2;7.01;pH;11;mV;22;10.04;pH;-159.2;mV;22.5;;;;;;;;;;;;;;;;;;;;;°C;;;;;1714054744;1714047754;2.32E+11;;Interval;EndOfRecord
RD;CD;4/25/2024;2:19:04 PM;Default;CDC401;SN 231662582599;Edited;Sample ID (28014);41.3;mS/cm;21.4;°C;38.4;mS/cm;;;NaCl/Non-Linear;Reference Temperature = 25 °C;;;;;;;;;;;OK;4/19/2024;3:08:41 PM;Default;K;0.366;;cm⁻¹;;;;1;30000;µS/cm;28.4;mS/cm;22.2;;;;;;;;;;;;;;;;;;;;;;;;;;;;;;;°C;;;;;1714054744;1713539321;2.32E+11;;Interval;EndOfRecord
RD;pH;4/25/2024;2:18:04 PM;Default;PHC301;SN 240462571090;Edited;Sample ID (28013);3.048;pH;21.4;°C;240.5;mV;;;;;;;;;;;;;;;OK;4/25/2024;12:22:34 PM;Default;Slope;-57.99;98;mV/pH;14.1;mV;0.9998;3;4;pH;187.6;mV;22.2;7.01;pH;11;mV;22;10.04;pH;-159.2;mV;22.5;;;;;;;;;;;;;;;;;;;;;°C;;;;;1714054684;1714047754;2.32E+11;;Interval;EndOfRecord
RD;CD;4/25/2024;2:18:04 PM;Default;CDC401;SN 231662582599;Edited;Sample ID (28013);41.3;mS/cm;21.4;°C;38.4;mS/cm;;;NaCl/Non-Linear;Reference Temperature = 25 °C;;;;;;;;;;;OK;4/19/2024;3:08:41 PM;Default;K;0.366;;cm⁻¹;;;;1;30000;µS/cm;28.4;mS/cm;22.2;;;;;;;;;;;;;;;;;;;;;;;;;;;;;;;°C;;;;;1714054684;1713539321;2.32E+11;;Interval;EndOfRecord
RD;pH;4/25/2024;2:17:05 PM;Default;PHC301;SN 240462571090;Edited;Sample ID (28012);3.047;pH;21.4;°C;240.5;mV;;;;;;;;;;;;;;;OK;4/25/2024;12:22:34 PM;Default;Slope;-57.99;98;mV/pH;14.1;mV;0.9998;3;4;pH;187.6;mV;22.2;7.01;pH;11;mV;22;10.04;pH;-159.2;mV;22.5;;;;;;;;;;;;;;;;;;;;;°C;;;;;1714054625;1714047754;2.32E+11;;Interval;EndOfRecord
RD;CD;4/25/2024;2:17:05 PM;Default;CDC401;SN 231662582599;Edited;Sample ID (28012);41.3;mS/cm;21.4;°C;38.4;mS/cm;;;NaCl/Non-Linear;Reference Temperature = 25 °C;;;;;;;;;;;OK;4/19/2024;3:08:41 PM;Default;K;0.366;;cm⁻¹;;;;1;30000;µS/cm;28.4;mS/cm;22.2;;;;;;;;;;;;;;;;;;;;;;;;;;;;;;;°C;;;;;1714054625;1713539321;2.32E+11;;Interval;EndOfRecord
RD;pH;4/25/2024;2:16:04 PM;Default;PHC301;SN 240462571090;Edited;Sample ID (28011);3.047;pH;21.4;°C;240.5;mV;;;;;;;;;;;;;;;OK;4/25/2024;12:22:34 PM;Default;Slope;-57.99;98;mV/pH;14.1;mV;0.9998;3;4;pH;187.6;mV;22.2;7.01;pH;11;mV;22;10.04;pH;-159.2;mV;22.5;;;;;;;;;;;;;;;;;;;;;°C;;;;;1714054564;1714047754;2.32E+11;;Interval;EndOfRecord
RD;CD;4/25/2024;2:16:04 PM;Default;CDC401;SN 231662582599;Edited;Sample ID (28011);41.3;mS/cm;21.4;°C;38.4;mS/cm;;;NaCl/Non-Linear;Reference Temperature = 25 °C;;;;;;;;;;;OK;4/19/2024;3:08:41 PM;Default;K;0.366;;cm⁻¹;;;;1;30000;µS/cm;28.4;mS/cm;22.2;;;;;;;;;;;;;;;;;;;;;;;;;;;;;;;°C;;;;;1714054564;1713539321;2.32E+11;;Interval;EndOfRecord
RD;pH;4/25/2024;2:15:03 PM;Default;PHC301;SN 240462571090;Edited;Sample ID (28010);3.047;pH;21.4;°C;240.5;mV;;;;;;;;;;;;;;;OK;4/25/2024;12:22:34 PM;Default;Slope;-57.99;98;mV/pH;14.1;mV;0.9998;3;4;pH;187.6;mV;22.2;7.01;pH;11;mV;22;10.04;pH;-159.2;mV;22.5;;;;;;;;;;;;;;;;;;;;;°C;;;;;1714054503;1714047754;2.32E+11;;Interval;EndOfRecord
RD;CD;4/25/2024;2:15:03 PM;Default;CDC401;SN 231662582599;Edited;Sample ID (28010);41.4;mS/cm;21.4;°C;38.5;mS/cm;;;NaCl/Non-Linear;Reference Temperature = 25 °C;;;;;;;;;;;OK;4/19/2024;3:08:41 PM;Default;K;0.366;;cm⁻¹;;;;1;30000;µS/cm;28.4;mS/cm;22.2;;;;;;;;;;;;;;;;;;;;;;;;;;;;;;;°C;;;;;1714054503;1713539321;2.32E+11;;Interval;EndOfRecord
RD;pH;4/25/2024;2:14:03 PM;Default;PHC301;SN 240462571090;Edited;Sample ID (28009);3.047;pH;21.4;°C;240.5;mV;;;;;;;;;;;;;;;OK;4/25/2024;12:22:34 PM;Default;Slope;-57.99;98;mV/pH;14.1;mV;0.9998;3;4;pH;187.6;mV;22.2;7.01;pH;11;mV;22;10.04;pH;-159.2;mV;22.5;;;;;;;;;;;;;;;;;;;;;°C;;;;;1714054443;1714047754;2.32E+11;;Interval;EndOfRecord
RD;CD;4/25/2024;2:14:03 PM;Default;CDC401;SN 231662582599;Edited;Sample ID (28009);41.4;mS/cm;21.4;°C;38.5;mS/cm;;;NaCl/Non-Linear;Reference Temperature = 25 °C;;;;;;;;;;;OK;4/19/2024;3:08:41 PM;Default;K;0.366;;cm⁻¹;;;;1;30000;µS/cm;28.4;mS/cm;22.2;;;;;;;;;;;;;;;;;;;;;;;;;;;;;;;°C;;;;;1714054443;1713539321;2.32E+11;;Interval;EndOfRecord
RD;pH;4/25/2024;2:13:03 PM;Default;PHC301;SN 240462571090;Edited;Sample ID (28008);3.047;pH;21.4;°C;240.5;mV;;;;;;;;;;;;;;;OK;4/25/2024;12:22:34 PM;Default;Slope;-57.99;98;mV/pH;14.1;mV;0.9998;3;4;pH;187.6;mV;22.2;7.01;pH;11;mV;22;10.04;pH;-159.2;mV;22.5;;;;;;;;;;;;;;;;;;;;;°C;;;;;1714054383;1714047754;2.32E+11;;Interval;EndOfRecord
RD;CD;4/25/2024;2:13:03 PM;Default;CDC401;SN 231662582599;Edited;Sample ID (28008);41.4;mS/cm;21.4;°C;38.5;mS/cm;;;NaCl/Non-Linear;Reference Temperature = 25 °C;;;;;;;;;;;OK;4/19/2024;3:08:41 PM;Default;K;0.366;;cm⁻¹;;;;1;30000;µS/cm;28.4;mS/cm;22.2;;;;;;;;;;;;;;;;;;;;;;;;;;;;;;;°C;;;;;1714054383;1713539321;2.32E+11;;Interval;EndOfRecord
RD;pH;4/25/2024;2:12:03 PM;Default;PHC301;SN 240462571090;Edited;Sample ID (28007);3.047;pH;21.4;°C;240.5;mV;;;;;;;;;;;;;;;OK;4/25/2024;12:22:34 PM;Default;Slope;-57.99;98;mV/pH;14.1;mV;0.9998;3;4;pH;187.6;mV;22.2;7.01;pH;11;mV;22;10.04;pH;-159.2;mV;22.5;;;;;;;;;;;;;;;;;;;;;°C;;;;;1714054323;1714047754;2.32E+11;;Interval;EndOfRecord
RD;CD;4/25/2024;2:12:03 PM;Default;CDC401;SN 231662582599;Edited;Sample ID (28007);41.4;mS/cm;21.4;°C;38.5;mS/cm;;;NaCl/Non-Linear;Reference Temperature = 25 °C;;;;;;;;;;;OK;4/19/2024;3:08:41 PM;Default;K;0.366;;cm⁻¹;;;;1;30000;µS/cm;28.4;mS/cm;22.2;;;;;;;;;;;;;;;;;;;;;;;;;;;;;;;°C;;;;;1714054323;1713539321;2.32E+11;;Interval;EndOfRecord
RD;pH;4/25/2024;2:11:03 PM;Default;PHC301;SN 240462571090;Edited;Sample ID (28006);3.047;pH;21.4;°C;240.5;mV;;;;;;;;;;;;;;;OK;4/25/2024;12:22:34 PM;Default;Slope;-57.99;98;mV/pH;14.1;mV;0.9998;3;4;pH;187.6;mV;22.2;7.01;pH;11;mV;22;10.04;pH;-159.2;mV;22.5;;;;;;;;;;;;;;;;;;;;;°C;;;;;1714054263;1714047754;2.32E+11;;Interval;EndOfRecord
RD;CD;4/25/2024;2:11:03 PM;Default;CDC401;SN 231662582599;Edited;Sample ID (28006);41.4;mS/cm;21.4;°C;38.5;mS/cm;;;NaCl/Non-Linear;Reference Temperature = 25 °C;;;;;;;;;;;OK;4/19/2024;3:08:41 PM;Default;K;0.366;;cm⁻¹;;;;1;30000;µS/cm;28.4;mS/cm;22.2;;;;;;;;;;;;;;;;;;;;;;;;;;;;;;;°C;;;;;1714054263;1713539321;2.32E+11;;Interval;EndOfRecord
RD;pH;4/25/2024;2:10:04 PM;Default;PHC301;SN 240462571090;Edited;Sample ID (28005);3.047;pH;21.4;°C;240.5;mV;;;;;;;;;;;;;;;OK;4/25/2024;12:22:34 PM;Default;Slope;-57.99;98;mV/pH;14.1;mV;0.9998;3;4;pH;187.6;mV;22.2;7.01;pH;11;mV;22;10.04;pH;-159.2;mV;22.5;;;;;;;;;;;;;;;;;;;;;°C;;;;;1714054204;1714047754;2.32E+11;;Interval;EndOfRecord
RD;CD;4/25/2024;2:10:04 PM;Default;CDC401;SN 231662582599;Edited;Sample ID (28005);41.4;mS/cm;21.4;°C;38.5;mS/cm;;;NaCl/Non-Linear;Reference Temperature = 25 °C;;;;;;;;;;;OK;4/19/2024;3:08:41 PM;Default;K;0.366;;cm⁻¹;;;;1;30000;µS/cm;28.4;mS/cm;22.2;;;;;;;;;;;;;;;;;;;;;;;;;;;;;;;°C;;;;;1714054204;1713539321;2.32E+11;;Interval;EndOfRecord
RD;pH;4/25/2024;2:09:03 PM;Default;PHC301;SN 240462571090;Edited;Sample ID (28004);3.047;pH;21.4;°C;240.5;mV;;;;;;;;;;;;;;;OK;4/25/2024;12:22:34 PM;Default;Slope;-57.99;98;mV/pH;14.1;mV;0.9998;3;4;pH;187.6;mV;22.2;7.01;pH;11;mV;22;10.04;pH;-159.2;mV;22.5;;;;;;;;;;;;;;;;;;;;;°C;;;;;1714054143;1714047754;2.32E+11;;Interval;EndOfRecord
RD;CD;4/25/2024;2:09:03 PM;Default;CDC401;SN 231662582599;Edited;Sample ID (28004);41.4;mS/cm;21.4;°C;38.5;mS/cm;;;NaCl/Non-Linear;Reference Temperature = 25 °C;;;;;;;;;;;OK;4/19/2024;3:08:41 PM;Default;K;0.366;;cm⁻¹;;;;1;30000;µS/cm;28.4;mS/cm;22.2;;;;;;;;;;;;;;;;;;;;;;;;;;;;;;;°C;;;;;1714054143;1713539321;2.32E+11;;Interval;EndOfRecord
RD;pH;4/25/2024;2:08:03 PM;Default;PHC301;SN 240462571090;Edited;Sample ID (28003);3.047;pH;21.4;°C;240.6;mV;;;;;;;;;;;;;;;OK;4/25/2024;12:22:34 PM;Default;Slope;-57.99;98;mV/pH;14.1;mV;0.9998;3;4;pH;187.6;mV;22.2;7.01;pH;11;mV;22;10.04;pH;-159.2;mV;22.5;;;;;;;;;;;;;;;;;;;;;°C;;;;;1714054083;1714047754;2.32E+11;;Interval;EndOfRecord
RD;CD;4/25/2024;2:08:03 PM;Default;CDC401;SN 231662582599;Edited;Sample ID (28003);41.4;mS/cm;21.4;°C;38.5;mS/cm;;;NaCl/Non-Linear;Reference Temperature = 25 °C;;;;;;;;;;;OK;4/19/2024;3:08:41 PM;Default;K;0.366;;cm⁻¹;;;;1;30000;µS/cm;28.4;mS/cm;22.2;;;;;;;;;;;;;;;;;;;;;;;;;;;;;;;°C;;;;;1714054083;1713539321;2.32E+11;;Interval;EndOfRecord
RD;pH;4/25/2024;2:07:03 PM;Default;PHC301;SN 240462571090;Edited;Sample ID (28002);3.047;pH;21.4;°C;240.6;mV;;;;;;;;;;;;;;;OK;4/25/2024;12:22:34 PM;Default;Slope;-57.99;98;mV/pH;14.1;mV;0.9998;3;4;pH;187.6;mV;22.2;7.01;pH;11;mV;22;10.04;pH;-159.2;mV;22.5;;;;;;;;;;;;;;;;;;;;;°C;;;;;1714054023;1714047754;2.32E+11;;Interval;EndOfRecord
RD;CD;4/25/2024;2:07:03 PM;Default;CDC401;SN 231662582599;Edited;Sample ID (28002);41.4;mS/cm;21.5;°C;38.5;mS/cm;;;NaCl/Non-Linear;Reference Temperature = 25 °C;;;;;;;;;;;OK;4/19/2024;3:08:41 PM;Default;K;0.366;;cm⁻¹;;;;1;30000;µS/cm;28.4;mS/cm;22.2;;;;;;;;;;;;;;;;;;;;;;;;;;;;;;;°C;;;;;1714054023;1713539321;2.32E+11;;Interval;EndOfRecord
RD;pH;4/25/2024;2:06:04 PM;Default;PHC301;SN 240462571090;Edited;Sample ID (28001);3.047;pH;21.5;°C;240.6;mV;;;;;;;;;;;;;;;OK;4/25/2024;12:22:34 PM;Default;Slope;-57.99;98;mV/pH;14.1;mV;0.9998;3;4;pH;187.6;mV;22.2;7.01;pH;11;mV;22;10.04;pH;-159.2;mV;22.5;;;;;;;;;;;;;;;;;;;;;°C;;;;;1714053964;1714047754;2.32E+11;;Interval;EndOfRecord
RD;CD;4/25/2024;2:06:04 PM;Default;CDC401;SN 231662582599;Edited;Sample ID (28001);41.3;mS/cm;21.5;°C;38.5;mS/cm;;;NaCl/Non-Linear;Reference Temperature = 25 °C;;;;;;;;;;;OK;4/19/2024;3:08:41 PM;Default;K;0.366;;cm⁻¹;;;;1;30000;µS/cm;28.4;mS/cm;22.2;;;;;;;;;;;;;;;;;;;;;;;;;;;;;;;°C;;;;;1714053964;1713539321;2.32E+11;;Interval;EndOfRecord
RD;pH;4/25/2024;2:05:04 PM;Default;PHC301;SN 240462571090;Edited;Sample ID (28000);3.046;pH;21.5;°C;240.6;mV;;;;;;;;;;;;;;;OK;4/25/2024;12:22:34 PM;Default;Slope;-57.99;98;mV/pH;14.1;mV;0.9998;3;4;pH;187.6;mV;22.2;7.01;pH;11;mV;22;10.04;pH;-159.2;mV;22.5;;;;;;;;;;;;;;;;;;;;;°C;;;;;1714053904;1714047754;2.32E+11;;Interval;EndOfRecord
RD;CD;4/25/2024;2:05:04 PM;Default;CDC401;SN 231662582599;Edited;Sample ID (28000);41.4;mS/cm;21.5;°C;38.5;mS/cm;;;NaCl/Non-Linear;Reference Temperature = 25 °C;;;;;;;;;;;OK;4/19/2024;3:08:41 PM;Default;K;0.366;;cm⁻¹;;;;1;30000;µS/cm;28.4;mS/cm;22.2;;;;;;;;;;;;;;;;;;;;;;;;;;;;;;;°C;;;;;1714053904;1713539321;2.32E+11;;Interval;EndOfRecord
RD;pH;4/25/2024;2:04:04 PM;Default;PHC301;SN 240462571090;Edited;Sample ID (27999);3.046;pH;21.5;°C;240.6;mV;;;;;;;;;;;;;;;OK;4/25/2024;12:22:34 PM;Default;Slope;-57.99;98;mV/pH;14.1;mV;0.9998;3;4;pH;187.6;mV;22.2;7.01;pH;11;mV;22;10.04;pH;-159.2;mV;22.5;;;;;;;;;;;;;;;;;;;;;°C;;;;;1714053844;1714047754;2.32E+11;;Interval;EndOfRecord
RD;CD;4/25/2024;2:04:04 PM;Default;CDC401;SN 231662582599;Edited;Sample ID (27999);41.4;mS/cm;21.5;°C;38.5;mS/cm;;;NaCl/Non-Linear;Reference Temperature = 25 °C;;;;;;;;;;;OK;4/19/2024;3:08:41 PM;Default;K;0.366;;cm⁻¹;;;;1;30000;µS/cm;28.4;mS/cm;22.2;;;;;;;;;;;;;;;;;;;;;;;;;;;;;;;°C;;;;;1714053844;1713539321;2.32E+11;;Interval;EndOfRecord
RD;pH;4/25/2024;2:03:03 PM;Default;PHC301;SN 240462571090;Edited;Sample ID (27998);3.046;pH;21.5;°C;240.6;mV;;;;;;;;;;;;;;;OK;4/25/2024;12:22:34 PM;Default;Slope;-57.99;98;mV/pH;14.1;mV;0.9998;3;4;pH;187.6;mV;22.2;7.01;pH;11;mV;22;10.04;pH;-159.2;mV;22.5;;;;;;;;;;;;;;;;;;;;;°C;;;;;1714053783;1714047754;2.32E+11;;Interval;EndOfRecord
RD;CD;4/25/2024;2:03:03 PM;Default;CDC401;SN 231662582599;Edited;Sample ID (27998);41.4;mS/cm;21.5;°C;38.5;mS/cm;;;NaCl/Non-Linear;Reference Temperature = 25 °C;;;;;;;;;;;OK;4/19/2024;3:08:41 PM;Default;K;0.366;;cm⁻¹;;;;1;30000;µS/cm;28.4;mS/cm;22.2;;;;;;;;;;;;;;;;;;;;;;;;;;;;;;;°C;;;;;1714053783;1713539321;2.32E+11;;Interval;EndOfRecord
RD;pH;4/25/2024;2:02:04 PM;Default;PHC301;SN 240462571090;Edited;Sample ID (27997);3.046;pH;21.5;°C;240.7;mV;;;;;;;;;;;;;;;OK;4/25/2024;12:22:34 PM;Default;Slope;-57.99;98;mV/pH;14.1;mV;0.9998;3;4;pH;187.6;mV;22.2;7.01;pH;11;mV;22;10.04;pH;-159.2;mV;22.5;;;;;;;;;;;;;;;;;;;;;°C;;;;;1714053724;1714047754;2.32E+11;;Interval;EndOfRecord
RD;CD;4/25/2024;2:02:04 PM;Default;CDC401;SN 231662582599;Edited;Sample ID (27997);41.4;mS/cm;21.5;°C;38.5;mS/cm;;;NaCl/Non-Linear;Reference Temperature = 25 °C;;;;;;;;;;;OK;4/19/2024;3:08:41 PM;Default;K;0.366;;cm⁻¹;;;;1;30000;µS/cm;28.4;mS/cm;22.2;;;;;;;;;;;;;;;;;;;;;;;;;;;;;;;°C;;;;;1714053724;1713539321;2.32E+11;;Interval;EndOfRecord
RD;pH;4/25/2024;2:01:04 PM;Default;PHC301;SN 240462571090;Edited;Sample ID (27996);3.045;pH;21.5;°C;240.7;mV;;;;;;;;;;;;;;;OK;4/25/2024;12:22:34 PM;Default;Slope;-57.99;98;mV/pH;14.1;mV;0.9998;3;4;pH;187.6;mV;22.2;7.01;pH;11;mV;22;10.04;pH;-159.2;mV;22.5;;;;;;;;;;;;;;;;;;;;;°C;;;;;1714053664;1714047754;2.32E+11;;Interval;EndOfRecord
RD;CD;4/25/2024;2:01:04 PM;Default;CDC401;SN 231662582599;Edited;Sample ID (27996);41.4;mS/cm;21.5;°C;38.6;mS/cm;;;NaCl/Non-Linear;Reference Temperature = 25 °C;;;;;;;;;;;OK;4/19/2024;3:08:41 PM;Default;K;0.366;;cm⁻¹;;;;1;30000;µS/cm;28.4;mS/cm;22.2;;;;;;;;;;;;;;;;;;;;;;;;;;;;;;;°C;;;;;1714053664;1713539321;2.32E+11;;Interval;EndOfRecord
RD;pH;4/25/2024;2:00:04 PM;Default;PHC301;SN 240462571090;Edited;Sample ID (27995);3.045;pH;21.5;°C;240.7;mV;;;;;;;;;;;;;;;OK;4/25/2024;12:22:34 PM;Default;Slope;-57.99;98;mV/pH;14.1;mV;0.9998;3;4;pH;187.6;mV;22.2;7.01;pH;11;mV;22;10.04;pH;-159.2;mV;22.5;;;;;;;;;;;;;;;;;;;;;°C;;;;;1714053604;1714047754;2.32E+11;;Interval;EndOfRecord
RD;CD;4/25/2024;2:00:04 PM;Default;CDC401;SN 231662582599;Edited;Sample ID (27995);41.4;mS/cm;21.5;°C;38.6;mS/cm;;;NaCl/Non-Linear;Reference Temperature = 25 °C;;;;;;;;;;;OK;4/19/2024;3:08:41 PM;Default;K;0.366;;cm⁻¹;;;;1;30000;µS/cm;28.4;mS/cm;22.2;;;;;;;;;;;;;;;;;;;;;;;;;;;;;;;°C;;;;;1714053604;1713539321;2.32E+11;;Interval;EndOfRecord
RD;pH;4/25/2024;1:59:03 PM;Default;PHC301;SN 240462571090;Edited;Sample ID (27994);3.045;pH;21.5;°C;240.7;mV;;;;;;;;;;;;;;;OK;4/25/2024;12:22:34 PM;Default;Slope;-57.99;98;mV/pH;14.1;mV;0.9998;3;4;pH;187.6;mV;22.2;7.01;pH;11;mV;22;10.04;pH;-159.2;mV;22.5;;;;;;;;;;;;;;;;;;;;;°C;;;;;1714053543;1714047754;2.32E+11;;Interval;EndOfRecord
RD;CD;4/25/2024;1:59:03 PM;Default;CDC401;SN 231662582599;Edited;Sample ID (27994);41.4;mS/cm;21.5;°C;38.6;mS/cm;;;NaCl/Non-Linear;Reference Temperature = 25 °C;;;;;;;;;;;OK;4/19/2024;3:08:41 PM;Default;K;0.366;;cm⁻¹;;;;1;30000;µS/cm;28.4;mS/cm;22.2;;;;;;;;;;;;;;;;;;;;;;;;;;;;;;;°C;;;;;1714053543;1713539321;2.32E+11;;Interval;EndOfRecord
RD;pH;4/25/2024;1:58:05 PM;Default;PHC301;SN 240462571090;Edited;Sample ID (27993);3.043;pH;21.5;°C;240.9;mV;;;;;;;;;;;;;;;OK;4/25/2024;12:22:34 PM;Default;Slope;-57.99;98;mV/pH;14.1;mV;0.9998;3;4;pH;187.6;mV;22.2;7.01;pH;11;mV;22;10.04;pH;-159.2;mV;22.5;;;;;;;;;;;;;;;;;;;;;°C;;;;;1714053485;1714047754;2.32E+11;;Interval;EndOfRecord
RD;CD;4/25/2024;1:58:05 PM;Default;CDC401;SN 231662582599;Edited;Sample ID (27993);41.4;mS/cm;21.5;°C;38.6;mS/cm;;;NaCl/Non-Linear;Reference Temperature = 25 °C;;;;;;;;;;;OK;4/19/2024;3:08:41 PM;Default;K;0.366;;cm⁻¹;;;;1;30000;µS/cm;28.4;mS/cm;22.2;;;;;;;;;;;;;;;;;;;;;;;;;;;;;;;°C;;;;;1714053485;1713539321;2.32E+11;;Interval;EndOfRecord
RD;pH;4/25/2024;1:57:04 PM;Default;PHC301;SN 240462571090;Edited;Sample ID (27992);3.043;pH;21.5;°C;240.9;mV;;;;;;;;;;;;;;;OK;4/25/2024;12:22:34 PM;Default;Slope;-57.99;98;mV/pH;14.1;mV;0.9998;3;4;pH;187.6;mV;22.2;7.01;pH;11;mV;22;10.04;pH;-159.2;mV;22.5;;;;;;;;;;;;;;;;;;;;;°C;;;;;1714053424;1714047754;2.32E+11;;Interval;EndOfRecord
RD;CD;4/25/2024;1:57:04 PM;Default;CDC401;SN 231662582599;Edited;Sample ID (27992);41.4;mS/cm;21.5;°C;38.6;mS/cm;;;NaCl/Non-Linear;Reference Temperature = 25 °C;;;;;;;;;;;OK;4/19/2024;3:08:41 PM;Default;K;0.366;;cm⁻¹;;;;1;30000;µS/cm;28.4;mS/cm;22.2;;;;;;;;;;;;;;;;;;;;;;;;;;;;;;;°C;;;;;1714053424;1713539321;2.32E+11;;Interval;EndOfRecord
RD;pH;4/25/2024;1:56:04 PM;Default;PHC301;SN 240462571090;Edited;Sample ID (27991);3.043;pH;21.5;°C;240.9;mV;;;;;;;;;;;;;;;OK;4/25/2024;12:22:34 PM;Default;Slope;-57.99;98;mV/pH;14.1;mV;0.9998;3;4;pH;187.6;mV;22.2;7.01;pH;11;mV;22;10.04;pH;-159.2;mV;22.5;;;;;;;;;;;;;;;;;;;;;°C;;;;;1714053364;1714047754;2.32E+11;;Interval;EndOfRecord
RD;CD;4/25/2024;1:56:04 PM;Default;CDC401;SN 231662582599;Edited;Sample ID (27991);41.4;mS/cm;21.5;°C;38.6;mS/cm;;;NaCl/Non-Linear;Reference Temperature = 25 °C;;;;;;;;;;;OK;4/19/2024;3:08:41 PM;Default;K;0.366;;cm⁻¹;;;;1;30000;µS/cm;28.4;mS/cm;22.2;;;;;;;;;;;;;;;;;;;;;;;;;;;;;;;°C;;;;;1714053364;1713539321;2.32E+11;;Interval;EndOfRecord
RD;pH;4/25/2024;1:55:03 PM;Default;PHC301;SN 240462571090;Edited;Sample ID (27990);3.043;pH;21.5;°C;240.9;mV;;;;;;;;;;;;;;;OK;4/25/2024;12:22:34 PM;Default;Slope;-57.99;98;mV/pH;14.1;mV;0.9998;3;4;pH;187.6;mV;22.2;7.01;pH;11;mV;22;10.04;pH;-159.2;mV;22.5;;;;;;;;;;;;;;;;;;;;;°C;;;;;1714053303;1714047754;2.32E+11;;Interval;EndOfRecord
RD;CD;4/25/2024;1:55:03 PM;Default;CDC401;SN 231662582599;Edited;Sample ID (27990);41.4;mS/cm;21.6;°C;38.6;mS/cm;;;NaCl/Non-Linear;Reference Temperature = 25 °C;;;;;;;;;;;OK;4/19/2024;3:08:41 PM;Default;K;0.366;;cm⁻¹;;;;1;30000;µS/cm;28.4;mS/cm;22.2;;;;;;;;;;;;;;;;;;;;;;;;;;;;;;;°C;;;;;1714053303;1713539321;2.32E+11;;Interval;EndOfRecord
RD;pH;4/25/2024;1:54:03 PM;Default;PHC301;SN 240462571090;Edited;Sample ID (27989);3.042;pH;21.6;°C;241;mV;;;;;;;;;;;;;;;OK;4/25/2024;12:22:34 PM;Default;Slope;-57.99;98;mV/pH;14.1;mV;0.9998;3;4;pH;187.6;mV;22.2;7.01;pH;11;mV;22;10.04;pH;-159.2;mV;22.5;;;;;;;;;;;;;;;;;;;;;°C;;;;;1714053243;1714047754;2.32E+11;;Interval;EndOfRecord
RD;CD;4/25/2024;1:54:03 PM;Default;CDC401;SN 231662582599;Edited;Sample ID (27989);41.4;mS/cm;21.6;°C;38.6;mS/cm;;;NaCl/Non-Linear;Reference Temperature = 25 °C;;;;;;;;;;;OK;4/19/2024;3:08:41 PM;Default;K;0.366;;cm⁻¹;;;;1;30000;µS/cm;28.4;mS/cm;22.2;;;;;;;;;;;;;;;;;;;;;;;;;;;;;;;°C;;;;;1714053243;1713539321;2.32E+11;;Interval;EndOfRecord
RD;pH;4/25/2024;1:53:04 PM;Default;PHC301;SN 240462571090;Edited;Sample ID (27988);3.042;pH;21.6;°C;241;mV;;;;;;;;;;;;;;;OK;4/25/2024;12:22:34 PM;Default;Slope;-57.99;98;mV/pH;14.1;mV;0.9998;3;4;pH;187.6;mV;22.2;7.01;pH;11;mV;22;10.04;pH;-159.2;mV;22.5;;;;;;;;;;;;;;;;;;;;;°C;;;;;1714053184;1714047754;2.32E+11;;Interval;EndOfRecord
RD;CD;4/25/2024;1:53:04 PM;Default;CDC401;SN 231662582599;Edited;Sample ID (27988);41.4;mS/cm;21.6;°C;38.6;mS/cm;;;NaCl/Non-Linear;Reference Temperature = 25 °C;;;;;;;;;;;OK;4/19/2024;3:08:41 PM;Default;K;0.366;;cm⁻¹;;;;1;30000;µS/cm;28.4;mS/cm;22.2;;;;;;;;;;;;;;;;;;;;;;;;;;;;;;;°C;;;;;1714053184;1713539321;2.32E+11;;Interval;EndOfRecord
RD;pH;4/25/2024;1:52:05 PM;Default;PHC301;SN 240462571090;Edited;Sample ID (27987);3.041;pH;21.6;°C;241;mV;;;;;;;;;;;;;;;OK;4/25/2024;12:22:34 PM;Default;Slope;-57.99;98;mV/pH;14.1;mV;0.9998;3;4;pH;187.6;mV;22.2;7.01;pH;11;mV;22;10.04;pH;-159.2;mV;22.5;;;;;;;;;;;;;;;;;;;;;°C;;;;;1714053125;1714047754;2.32E+11;;Interval;EndOfRecord
RD;CD;4/25/2024;1:52:05 PM;Default;CDC401;SN 231662582599;Edited;Sample ID (27987);41.4;mS/cm;21.6;°C;38.6;mS/cm;;;NaCl/Non-Linear;Reference Temperature = 25 °C;;;;;;;;;;;OK;4/19/2024;3:08:41 PM;Default;K;0.366;;cm⁻¹;;;;1;30000;µS/cm;28.4;mS/cm;22.2;;;;;;;;;;;;;;;;;;;;;;;;;;;;;;;°C;;;;;1714053125;1713539321;2.32E+11;;Interval;EndOfRecord
RD;pH;4/25/2024;1:51:04 PM;Default;PHC301;SN 240462571090;Edited;Sample ID (27986);3.041;pH;21.6;°C;241.1;mV;;;;;;;;;;;;;;;OK;4/25/2024;12:22:34 PM;Default;Slope;-57.99;98;mV/pH;14.1;mV;0.9998;3;4;pH;187.6;mV;22.2;7.01;pH;11;mV;22;10.04;pH;-159.2;mV;22.5;;;;;;;;;;;;;;;;;;;;;°C;;;;;1714053064;1714047754;2.32E+11;;Interval;EndOfRecord
RD;CD;4/25/2024;1:51:04 PM;Default;CDC401;SN 231662582599;Edited;Sample ID (27986);41.4;mS/cm;21.6;°C;38.7;mS/cm;;;NaCl/Non-Linear;Reference Temperature = 25 °C;;;;;;;;;;;OK;4/19/2024;3:08:41 PM;Default;K;0.366;;cm⁻¹;;;;1;30000;µS/cm;28.4;mS/cm;22.2;;;;;;;;;;;;;;;;;;;;;;;;;;;;;;;°C;;;;;1714053064;1713539321;2.32E+11;;Interval;EndOfRecord
RD;pH;4/25/2024;1:50:04 PM;Default;PHC301;SN 240462571090;Edited;Sample ID (27985);3.04;pH;21.6;°C;241.1;mV;;;;;;;;;;;;;;;OK;4/25/2024;12:22:34 PM;Default;Slope;-57.99;98;mV/pH;14.1;mV;0.9998;3;4;pH;187.6;mV;22.2;7.01;pH;11;mV;22;10.04;pH;-159.2;mV;22.5;;;;;;;;;;;;;;;;;;;;;°C;;;;;1714053004;1714047754;2.32E+11;;Interval;EndOfRecord
RD;CD;4/25/2024;1:50:04 PM;Default;CDC401;SN 231662582599;Edited;Sample ID (27985);41.4;mS/cm;21.6;°C;38.7;mS/cm;;;NaCl/Non-Linear;Reference Temperature = 25 °C;;;;;;;;;;;OK;4/19/2024;3:08:41 PM;Default;K;0.366;;cm⁻¹;;;;1;30000;µS/cm;28.4;mS/cm;22.2;;;;;;;;;;;;;;;;;;;;;;;;;;;;;;;°C;;;;;1714053004;1713539321;2.32E+11;;Interval;EndOfRecord
RD;pH;4/25/2024;1:49:03 PM;Default;PHC301;SN 240462571090;Edited;Sample ID (27984);3.04;pH;21.6;°C;241.1;mV;;;;;;;;;;;;;;;OK;4/25/2024;12:22:34 PM;Default;Slope;-57.99;98;mV/pH;14.1;mV;0.9998;3;4;pH;187.6;mV;22.2;7.01;pH;11;mV;22;10.04;pH;-159.2;mV;22.5;;;;;;;;;;;;;;;;;;;;;°C;;;;;1714052943;1714047754;2.32E+11;;Interval;EndOfRecord
RD;CD;4/25/2024;1:49:03 PM;Default;CDC401;SN 231662582599;Edited;Sample ID (27984);41.4;mS/cm;21.6;°C;38.7;mS/cm;;;NaCl/Non-Linear;Reference Temperature = 25 °C;;;;;;;;;;;OK;4/19/2024;3:08:41 PM;Default;K;0.366;;cm⁻¹;;;;1;30000;µS/cm;28.4;mS/cm;22.2;;;;;;;;;;;;;;;;;;;;;;;;;;;;;;;°C;;;;;1714052943;1713539321;2.32E+11;;Interval;EndOfRecord
RD;pH;4/25/2024;1:48:03 PM;Default;PHC301;SN 240462571090;Edited;Sample ID (27983);3.039;pH;21.6;°C;241.2;mV;;;;;;;;;;;;;;;OK;4/25/2024;12:22:34 PM;Default;Slope;-57.99;98;mV/pH;14.1;mV;0.9998;3;4;pH;187.6;mV;22.2;7.01;pH;11;mV;22;10.04;pH;-159.2;mV;22.5;;;;;;;;;;;;;;;;;;;;;°C;;;;;1714052883;1714047754;2.32E+11;;Interval;EndOfRecord
RD;CD;4/25/2024;1:48:03 PM;Default;CDC401;SN 231662582599;Edited;Sample ID (27983);41.5;mS/cm;21.6;°C;38.7;mS/cm;;;NaCl/Non-Linear;Reference Temperature = 25 °C;;;;;;;;;;;OK;4/19/2024;3:08:41 PM;Default;K;0.366;;cm⁻¹;;;;1;30000;µS/cm;28.4;mS/cm;22.2;;;;;;;;;;;;;;;;;;;;;;;;;;;;;;;°C;;;;;1714052883;1713539321;2.32E+11;;Interval;EndOfRecord
RD;pH;4/25/2024;1:47:03 PM;Default;PHC301;SN 240462571090;Edited;Sample ID (27982);3.039;pH;21.6;°C;241.2;mV;;;;;;;;;;;;;;;OK;4/25/2024;12:22:34 PM;Default;Slope;-57.99;98;mV/pH;14.1;mV;0.9998;3;4;pH;187.6;mV;22.2;7.01;pH;11;mV;22;10.04;pH;-159.2;mV;22.5;;;;;;;;;;;;;;;;;;;;;°C;;;;;1714052823;1714047754;2.32E+11;;Interval;EndOfRecord
RD;CD;4/25/2024;1:47:03 PM;Default;CDC401;SN 231662582599;Edited;Sample ID (27982);41.4;mS/cm;21.6;°C;38.7;mS/cm;;;NaCl/Non-Linear;Reference Temperature = 25 °C;;;;;;;;;;;OK;4/19/2024;3:08:41 PM;Default;K;0.366;;cm⁻¹;;;;1;30000;µS/cm;28.4;mS/cm;22.2;;;;;;;;;;;;;;;;;;;;;;;;;;;;;;;°C;;;;;1714052823;1713539321;2.32E+11;;Interval;EndOfRecord
RD;pH;4/25/2024;1:46:03 PM;Default;PHC301;SN 240462571090;Edited;Sample ID (27981);3.039;pH;21.7;°C;241.2;mV;;;;;;;;;;;;;;;OK;4/25/2024;12:22:34 PM;Default;Slope;-57.99;98;mV/pH;14.1;mV;0.9998;3;4;pH;187.6;mV;22.2;7.01;pH;11;mV;22;10.04;pH;-159.2;mV;22.5;;;;;;;;;;;;;;;;;;;;;°C;;;;;1714052763;1714047754;2.32E+11;;Interval;EndOfRecord
RD;CD;4/25/2024;1:46:03 PM;Default;CDC401;SN 231662582599;Edited;Sample ID (27981);41.5;mS/cm;21.7;°C;38.7;mS/cm;;;NaCl/Non-Linear;Reference Temperature = 25 °C;;;;;;;;;;;OK;4/19/2024;3:08:41 PM;Default;K;0.366;;cm⁻¹;;;;1;30000;µS/cm;28.4;mS/cm;22.2;;;;;;;;;;;;;;;;;;;;;;;;;;;;;;;°C;;;;;1714052763;1713539321;2.32E+11;;Interval;EndOfRecord
RD;pH;4/25/2024;1:45:03 PM;Default;PHC301;SN 240462571090;Edited;Sample ID (27980);3.037;pH;21.7;°C;241.3;mV;;;;;;;;;;;;;;;OK;4/25/2024;12:22:34 PM;Default;Slope;-57.99;98;mV/pH;14.1;mV;0.9998;3;4;pH;187.6;mV;22.2;7.01;pH;11;mV;22;10.04;pH;-159.2;mV;22.5;;;;;;;;;;;;;;;;;;;;;°C;;;;;1714052703;1714047754;2.32E+11;;Interval;EndOfRecord
RD;CD;4/25/2024;1:45:03 PM;Default;CDC401;SN 231662582599;Edited;Sample ID (27980);41.5;mS/cm;21.7;°C;38.8;mS/cm;;;NaCl/Non-Linear;Reference Temperature = 25 °C;;;;;;;;;;;OK;4/19/2024;3:08:41 PM;Default;K;0.366;;cm⁻¹;;;;1;30000;µS/cm;28.4;mS/cm;22.2;;;;;;;;;;;;;;;;;;;;;;;;;;;;;;;°C;;;;;1714052703;1713539321;2.32E+11;;Interval;EndOfRecord
RD;pH;4/25/2024;1:44:03 PM;Default;PHC301;SN 240462571090;Edited;Sample ID (27979);3.037;pH;21.7;°C;241.3;mV;;;;;;;;;;;;;;;OK;4/25/2024;12:22:34 PM;Default;Slope;-57.99;98;mV/pH;14.1;mV;0.9998;3;4;pH;187.6;mV;22.2;7.01;pH;11;mV;22;10.04;pH;-159.2;mV;22.5;;;;;;;;;;;;;;;;;;;;;°C;;;;;1714052643;1714047754;2.32E+11;;Interval;EndOfRecord
RD;CD;4/25/2024;1:44:03 PM;Default;CDC401;SN 231662582599;Edited;Sample ID (27979);41.5;mS/cm;21.7;°C;38.8;mS/cm;;;NaCl/Non-Linear;Reference Temperature = 25 °C;;;;;;;;;;;OK;4/19/2024;3:08:41 PM;Default;K;0.366;;cm⁻¹;;;;1;30000;µS/cm;28.4;mS/cm;22.2;;;;;;;;;;;;;;;;;;;;;;;;;;;;;;;°C;;;;;1714052643;1713539321;2.32E+11;;Interval;EndOfRecord
RD;pH;4/25/2024;1:43:04 PM;Default;PHC301;SN 240462571090;Edited;Sample ID (27978);3.035;pH;21.7;°C;241.4;mV;;;;;;;;;;;;;;;OK;4/25/2024;12:22:34 PM;Default;Slope;-57.99;98;mV/pH;14.1;mV;0.9998;3;4;pH;187.6;mV;22.2;7.01;pH;11;mV;22;10.04;pH;-159.2;mV;22.5;;;;;;;;;;;;;;;;;;;;;°C;;;;;1714052584;1714047754;2.32E+11;;Interval;EndOfRecord
RD;CD;4/25/2024;1:43:04 PM;Default;CDC401;SN 231662582599;Edited;Sample ID (27978);41.5;mS/cm;21.7;°C;38.8;mS/cm;;;NaCl/Non-Linear;Reference Temperature = 25 °C;;;;;;;;;;;OK;4/19/2024;3:08:41 PM;Default;K;0.366;;cm⁻¹;;;;1;30000;µS/cm;28.4;mS/cm;22.2;;;;;;;;;;;;;;;;;;;;;;;;;;;;;;;°C;;;;;1714052584;1713539321;2.32E+11;;Interval;EndOfRecord
RD;pH;4/25/2024;12:40:08 PM;Default;PHC301;SN 240462571090;Edited;Sample ID (27977);3.035;pH;21.7;°C;241.4;mV;;;;;;;;;;;;;;;OK;4/25/2024;12:22:34 PM;Default;Slope;-57.99;98;mV/pH;14.1;mV;0.9998;3;4;pH;187.6;mV;22.2;7.01;pH;11;mV;22;10.04;pH;-159.2;mV;22.5;;;;;;;;;;;;;;;;;;;;;°C;;;;;1714048808;1714047754;2.32E+11;;Interval;EndOfRecord
RD;CD;4/25/2024;12:40:08 PM;Default;CDC401;SN 231662582599;Edited;Sample ID (27977);41.5;mS/cm;21.7;°C;38.8;mS/cm;;;NaCl/Non-Linear;Reference Temperature = 25 °C;;;;;;;;;;;OK;4/19/2024;3:08:41 PM;Default;K;0.366;;cm⁻¹;;;;1;30000;µS/cm;28.4;mS/cm;22.2;;;;;;;;;;;;;;;;;;;;;;;;;;;;;;;°C;;;;;1714048808;1713539321;2.32E+11;;Interval;EndOfRecord
RD;pH;4/25/2024;12:39:08 PM;Default;PHC301;SN 240462571090;Edited;Sample ID (27976);3.034;pH;21.7;°C;241.6;mV;;;;;;;;;;;;;;;OK;4/25/2024;12:22:34 PM;Default;Slope;-57.99;98;mV/pH;14.1;mV;0.9998;3;4;pH;187.6;mV;22.2;7.01;pH;11;mV;22;10.04;pH;-159.2;mV;22.5;;;;;;;;;;;;;;;;;;;;;°C;;;;;1714048748;1714047754;2.32E+11;;Interval;EndOfRecord
RD;CD;4/25/2024;12:39:08 PM;Default;CDC401;SN 231662582599;Edited;Sample ID (27976);41.5;mS/cm;21.7;°C;38.8;mS/cm;;;NaCl/Non-Linear;Reference Temperature = 25 °C;;;;;;;;;;;OK;4/19/2024;3:08:41 PM;Default;K;0.366;;cm⁻¹;;;;1;30000;µS/cm;28.4;mS/cm;22.2;;;;;;;;;;;;;;;;;;;;;;;;;;;;;;;°C;;;;;1714048748;1713539321;2.32E+11;;Interval;EndOfRecord
RD;pH;4/25/2024;12:38:08 PM;Default;PHC301;SN 240462571090;Edited;Sample ID (27975);3.033;pH;21.7;°C;241.6;mV;;;;;;;;;;;;;;;OK;4/25/2024;12:22:34 PM;Default;Slope;-57.99;98;mV/pH;14.1;mV;0.9998;3;4;pH;187.6;mV;22.2;7.01;pH;11;mV;22;10.04;pH;-159.2;mV;22.5;;;;;;;;;;;;;;;;;;;;;°C;;;;;1714048688;1714047754;2.32E+11;;Interval;EndOfRecord
RD;CD;4/25/2024;12:38:08 PM;Default;CDC401;SN 231662582599;Edited;Sample ID (27975);41.5;mS/cm;21.7;°C;38.8;mS/cm;;;NaCl/Non-Linear;Reference Temperature = 25 °C;;;;;;;;;;;OK;4/19/2024;3:08:41 PM;Default;K;0.366;;cm⁻¹;;;;1;30000;µS/cm;28.4;mS/cm;22.2;;;;;;;;;;;;;;;;;;;;;;;;;;;;;;;°C;;;;;1714048688;1713539321;2.32E+11;;Interval;EndOfRecord
RD;pH;4/25/2024;12:37:08 PM;Default;PHC301;SN 240462571090;Edited;Sample ID (27974);3.031;pH;21.8;°C;241.8;mV;;;;;;;;;;;;;;;OK;4/25/2024;12:22:34 PM;Default;Slope;-57.99;98;mV/pH;14.1;mV;0.9998;3;4;pH;187.6;mV;22.2;7.01;pH;11;mV;22;10.04;pH;-159.2;mV;22.5;;;;;;;;;;;;;;;;;;;;;°C;;;;;1714048628;1714047754;2.32E+11;;Interval;EndOfRecord
RD;CD;4/25/2024;12:37:08 PM;Default;CDC401;SN 231662582599;Edited;Sample ID (27974);41.5;mS/cm;21.8;°C;38.8;mS/cm;;;NaCl/Non-Linear;Reference Temperature = 25 °C;;;;;;;;;;;OK;4/19/2024;3:08:41 PM;Default;K;0.366;;cm⁻¹;;;;1;30000;µS/cm;28.4;mS/cm;22.2;;;;;;;;;;;;;;;;;;;;;;;;;;;;;;;°C;;;;;1714048628;1713539321;2.32E+11;;Interval;EndOfRecord
RD;pH;4/25/2024;12:36:09 PM;Default;PHC301;SN 240462571090;Edited;Sample ID (27973);3.03;pH;21.8;°C;241.8;mV;;;;;;;;;;;;;;;OK;4/25/2024;12:22:34 PM;Default;Slope;-57.99;98;mV/pH;14.1;mV;0.9998;3;4;pH;187.6;mV;22.2;7.01;pH;11;mV;22;10.04;pH;-159.2;mV;22.5;;;;;;;;;;;;;;;;;;;;;°C;;;;;1714048569;1714047754;2.32E+11;;Interval;EndOfRecord
RD;CD;4/25/2024;12:36:09 PM;Default;CDC401;SN 231662582599;Edited;Sample ID (27973);41.5;mS/cm;21.8;°C;38.9;mS/cm;;;NaCl/Non-Linear;Reference Temperature = 25 °C;;;;;;;;;;;OK;4/19/2024;3:08:41 PM;Default;K;0.366;;cm⁻¹;;;;1;30000;µS/cm;28.4;mS/cm;22.2;;;;;;;;;;;;;;;;;;;;;;;;;;;;;;;°C;;;;;1714048569;1713539321;2.32E+11;;Interval;EndOfRecord
RD;pH;4/25/2024;12:35:09 PM;Default;PHC301;SN 240462571090;Edited;Sample ID (27972);3.028;pH;21.8;°C;241.9;mV;;;;;;;;;;;;;;;OK;4/25/2024;12:22:34 PM;Default;Slope;-57.99;98;mV/pH;14.1;mV;0.9998;3;4;pH;187.6;mV;22.2;7.01;pH;11;mV;22;10.04;pH;-159.2;mV;22.5;;;;;;;;;;;;;;;;;;;;;°C;;;;;1714048509;1714047754;2.32E+11;;Interval;EndOfRecord
RD;CD;4/25/2024;12:35:09 PM;Default;CDC401;SN 231662582599;Edited;Sample ID (27972);41.5;mS/cm;21.8;°C;38.9;mS/cm;;;NaCl/Non-Linear;Reference Temperature = 25 °C;;;;;;;;;;;OK;4/19/2024;3:08:41 PM;Default;K;0.366;;cm⁻¹;;;;1;30000;µS/cm;28.4;mS/cm;22.2;;;;;;;;;;;;;;;;;;;;;;;;;;;;;;;°C;;;;;1714048509;1713539321;2.32E+11;;Interval;EndOfRecord
CL;pH;4/25/2024;12:22:34 PM;Default;PHC301;SN 240462571090;Edited;;;;;;;;;;;;;;;;;;;;;;OK;4/25/2024;12:22:34 PM;Default;Slope;-57.99;98;mV/pH;14.1;mV;0.9998;3;4;pH;187.6;mV;22.2;7.01;pH;11;mV;22;10.04;pH;-159.2;mV;22.5;;;;;;;;;;;;;;;;;;;;;°C;;;;;1714047754;1714047754;2.32E+11;;;EndOfRecord
