Time,Temperature (C),Pressure (kPa)
2024-05-13 14:15:34.293,19.1,101.1
2024-05-13 14:15:43.735,19.2,101.1
2024-05-13 14:15:53.523,19.1,101.1
2024-05-13 14:16:03.070,19.1,101.1
2024-05-13 14:16:12.542,19.1,101.1
2024-05-13 14:16:22.230,19.1,101.1
2024-05-13 14:16:32.201,19.2,101.1
2024-05-13 14:16:42.088,19.2,101.1
2024-05-13 14:16:52.057,19.2,101.1
2024-05-13 14:17:02.043,19.2,101.1
2024-05-13 14:17:12.162,19.1,101.1
2024-05-13 14:17:22.210,19.1,101.1
2024-05-13 14:17:32.356,19.1,101.1
2024-05-13 14:17:42.266,19.1,101.1
2024-05-13 14:17:52.228,19.1,101.1
2024-05-13 14:18:02.564,19.2,101.1
2024-05-13 14:18:12.867,19.1,101.1
2024-05-13 14:18:22.967,18.9,101.1
2024-05-13 14:18:33.291,19.1,101.1
2024-05-13 14:18:43.539,19.1,101.1
2024-05-13 14:18:53.926,19.1,101.1
2024-05-13 14:19:04.342,19.1,101.1
2024-05-13 14:19:14.628,19.1,101.1
2024-05-13 14:19:25.156,19.0,101.1
2024-05-13 14:19:35.292,19.0,101.1
2024-05-13 14:19:45.636,19.1,101.1
2024-05-13 14:19:56.052,19.0,101.1
2024-05-13 14:20:06.573,19.1,101.1
2024-05-13 14:20:17.198,19.1,101.1
2024-05-13 14:20:27.807,19.1,101.1
2024-05-13 14:20:38.419,19.0,101.1
2024-05-13 14:20:49.016,19.0,101.1
2024-05-13 14:20:59.817,19.0,101.1
2024-05-13 14:21:10.118,19.1,101.1
2024-05-13 14:21:20.563,19.1,101.1
2024-05-13 14:21:31.223,19.1,101.1
2024-05-13 14:21:42.015,19.2,101.1
2024-05-13 14:21:52.714,19.2,101.1
2024-05-13 14:22:03.730,19.1,101.1
2024-05-13 14:22:14.716,19.1,101.1
2024-05-13 14:22:25.509,19.2,101.1
2024-05-13 14:22:36.209,19.2,101.1
2024-05-13 14:22:46.891,19.2,101.1
2024-05-13 14:22:57.467,19.2,101.1
2024-05-13 14:23:08.204,19.2,101.1
2024-05-13 14:23:18.945,19.1,101.1
2024-05-13 14:23:29.761,19.1,101.1
2024-05-13 14:23:40.432,19.2,101.1
2024-05-13 14:23:51.288,19.1,101.1
2024-05-13 14:24:02.260,19.1,101.1
2024-05-13 14:24:12.994,19.1,101.1
2024-05-13 14:24:23.936,19.1,101.1
2024-05-13 14:24:35.018,19.1,101.1
2024-05-13 14:24:46.028,19.1,101.1
2024-05-13 14:24:56.884,19.1,101.1
2024-05-13 14:25:07.563,19.0,101.1
2024-05-13 14:25:18.490,19.0,101.1
2024-05-13 14:25:29.262,19.1,101.1
2024-05-13 14:25:40.083,19.1,101.1
2024-05-13 14:25:51.127,19.1,101.1
2024-05-13 14:26:02.130,19.1,101.1
2024-05-13 14:26:13.047,19.0,101.1
2024-05-13 14:26:23.971,19.1,101.1
2024-05-13 14:26:34.516,19.2,101.1
2024-05-13 14:26:45.289,19.0,101.1
2024-05-13 14:26:56.352,19.2,101.1
2024-05-13 14:27:07.399,19.2,101.1
2024-05-13 14:27:18.294,19.2,101.1
2024-05-13 14:27:29.332,19.0,101.1
2024-05-13 14:27:40.422,19.0,101.1
2024-05-13 14:27:51.174,19.0,101.1
2024-05-13 14:28:02.376,18.9,101.1
2024-05-13 14:28:13.181,18.9,101.1
2024-05-13 14:28:23.832,19.0,101.1
2024-05-13 14:28:34.796,19.1,101.1
2024-05-13 14:28:45.891,19.2,101.1
2024-05-13 14:28:56.801,19.1,101.1
2024-05-13 14:29:07.753,19.1,101.1
2024-05-13 14:29:18.735,19.1,101.1
2024-05-13 14:29:29.746,19.0,101.1
2024-05-13 14:29:40.745,19.1,101.1
2024-05-13 14:29:51.748,19.1,101.1
2024-05-13 14:30:02.822,19.1,101.1
2024-05-13 14:30:13.814,19.2,101.1
2024-05-13 14:30:24.681,19.1,101.1
2024-05-13 14:30:35.801,19.0,101.1
2024-05-13 14:30:47.121,19.2,101.1
2024-05-13 14:30:58.318,19.1,101.1
2024-05-13 14:31:09.024,19.1,101.1
2024-05-13 14:31:19.848,19.0,101.1
2024-05-13 14:31:30.903,19.1,101.1
2024-05-13 14:31:41.855,19.0,101.1
2024-05-13 14:31:52.849,19.0,101.1
2024-05-13 14:32:03.585,19.0,101.1
2024-05-13 14:32:14.536,19.1,101.1
2024-05-13 14:32:25.486,19.0,101.1
2024-05-13 14:32:36.522,19.1,101.1
2024-05-13 14:32:47.228,19.0,101.1
2024-05-13 14:32:58.296,19.1,101.1
2024-05-13 14:33:09.224,19.1,101.1
2024-05-13 14:33:20.224,19.1,101.1
2024-05-13 14:33:31.249,19.0,101.1
2024-05-13 14:33:42.414,19.0,101.1
2024-05-13 14:33:53.445,19.0,101.1
2024-05-13 14:34:04.363,19.0,101.1
2024-05-13 14:34:15.116,19.0,101.1
2024-05-13 14:34:26.292,19.0,101.1
2024-05-13 14:34:37.144,18.9,101.1
2024-05-13 14:34:48.023,19.0,101.1
2024-05-13 14:34:58.794,19.0,101.1
2024-05-13 14:35:09.819,19.0,101.1
2024-05-13 14:35:20.791,19.0,101.1
2024-05-13 14:35:31.922,18.9,101.1
2024-05-13 14:35:42.866,19.1,101.1
2024-05-13 14:35:53.866,18.9,101.1
2024-05-13 14:36:04.787,19.1,101.1
2024-05-13 14:36:15.670,19.0,101.1
2024-05-13 14:36:26.493,19.1,101.1
2024-05-13 14:36:37.281,19.0,101.1
2024-05-13 14:36:48.290,19.0,101.1
2024-05-13 14:36:59.134,19.0,101.1
2024-05-13 14:37:10.015,19.1,101.1
2024-05-13 14:37:20.896,19.1,101.1
2024-05-13 14:37:31.627,19.1,101.1
2024-05-13 14:37:42.328,19.1,101.1
2024-05-13 14:37:53.048,19.1,101.1
2024-05-13 14:38:03.823,19.0,101.1
2024-05-13 14:38:14.689,19.0,101.1
2024-05-13 14:38:25.445,19.1,101.1
2024-05-13 14:38:36.313,19.1,101.1
2024-05-13 14:38:47.336,19.2,101.1
2024-05-13 14:38:58.325,19.0,101.1
2024-05-13 14:39:09.200,19.0,101.1
2024-05-13 14:39:20.136,19.0,101.1
2024-05-13 14:39:30.813,19.2,101.1
2024-05-13 14:39:41.709,19.1,101.1
2024-05-13 14:39:52.526,19.2,101.1
2024-05-13 14:40:03.194,19.1,101.1
2024-05-13 14:40:14.001,19.1,101.1
2024-05-13 14:40:24.603,19.1,101.1
2024-05-13 14:40:35.279,19.0,101.1
2024-05-13 14:40:46.231,19.0,101.1
2024-05-13 14:40:56.843,19.0,101.1
2024-05-13 14:41:07.626,19.1,101.1
2024-05-13 14:41:18.384,19.1,101.1
2024-05-13 14:41:29.163,19.1,101.1
2024-05-13 14:41:39.866,19.1,101.1
2024-05-13 14:41:50.787,19.1,101.1
2024-05-13 14:42:01.917,19.2,101.1
2024-05-13 14:42:12.625,19.2,101.1
2024-05-13 14:42:23.215,19.1,101.1
2024-05-13 14:42:33.792,19.1,101.1
2024-05-13 14:42:44.693,19.1,101.1
2024-05-13 14:42:55.339,19.1,101.1
2024-05-13 14:43:06.355,19.1,101.1
2024-05-13 14:43:16.923,19.1,101.1
2024-05-13 14:43:27.579,19.1,101.1
2024-05-13 14:43:38.110,19.1,101.1
2024-05-13 14:43:48.891,19.0,101.1
2024-05-13 14:43:59.584,19.0,101.1
2024-05-13 14:44:10.439,19.1,101.1
2024-05-13 14:44:21.113,19.2,101.1
2024-05-13 14:44:31.814,19.1,101.1
2024-05-13 14:44:42.618,19.1,101.1
2024-05-13 14:44:53.120,19.1,101.1
2024-05-13 14:45:03.515,19.1,101.1
2024-05-13 14:45:14.403,19.1,101.1
2024-05-13 14:45:25.036,19.0,101.1
2024-05-13 14:45:35.626,19.0,101.1
2024-05-13 14:45:46.166,18.9,101.1
2024-05-13 14:45:56.920,19.1,101.1
2024-05-13 14:46:07.691,19.1,101.1
2024-05-13 14:46:18.342,19.2,101.1
2024-05-13 14:46:29.025,19.1,101.1
2024-05-13 14:46:39.727,19.1,101.1
2024-05-13 14:46:50.390,19.1,101.1
2024-05-13 14:47:01.089,19.1,101.1
2024-05-13 14:47:11.687,19.2,101.1
2024-05-13 14:47:22.330,19.1,101.1
2024-05-13 14:47:33.113,19.0,101.1
2024-05-13 14:47:43.598,19.2,101.1
2024-05-13 14:47:54.056,19.1,101.1
2024-05-13 14:48:04.649,19.1,101.1
2024-05-13 14:48:15.430,19.1,101.1
2024-05-13 14:48:26.209,19.0,101.1
2024-05-13 14:48:36.774,19.1,101.1
2024-05-13 14:48:47.275,19.1,101.1
2024-05-13 14:48:57.885,19.0,101.1
2024-05-13 14:49:08.396,19.1,101.1
2024-05-13 14:49:18.954,19.1,101.1
2024-05-13 14:49:29.368,19.1,101.1
2024-05-13 14:49:40.040,19.1,101.1
2024-05-13 14:49:50.318,19.0,101.1
2024-05-13 14:50:01.071,19.0,101.1
2024-05-13 14:50:11.525,19.0,101.1
2024-05-13 14:50:22.373,19.1,101.1
2024-05-13 14:50:32.777,19.1,101.1
2024-05-13 14:50:43.425,19.1,101.1
2024-05-13 14:50:54.058,19.1,101.1
2024-05-13 14:51:04.723,19.2,101.1
2024-05-13 14:51:15.167,19.1,101.1
2024-05-13 14:51:25.525,19.1,101.1
2024-05-13 14:51:36.242,19.1,101.1
2024-05-13 14:51:46.759,19.1,101.1
2024-05-13 14:51:57.332,19.0,101.1
2024-05-13 14:52:08.057,19.2,101.1
2024-05-13 14:52:18.656,19.2,101.1
2024-05-13 14:52:28.957,19.1,101.1
2024-05-13 14:52:39.377,19.1,101.1
2024-05-13 14:52:50.011,19.1,101.1
2024-05-13 14:53:00.528,19.0,101.1
2024-05-13 14:53:10.949,19.1,101.1
2024-05-13 14:53:21.462,19.0,101.1
2024-05-13 14:53:31.995,18.9,101.1
2024-05-13 14:53:42.520,19.0,101.1
2024-05-13 14:53:52.960,19.1,101.1
2024-05-13 14:54:03.745,19.1,101.1
2024-05-13 14:54:13.948,19.2,101.1
2024-05-13 14:54:24.473,19.2,101.1
2024-05-13 14:54:34.924,19.2,101.1
2024-05-13 14:54:45.530,19.2,101.1
2024-05-13 14:54:55.904,19.1,101.1
2024-05-13 14:55:06.372,19.2,101.1
2024-05-13 14:55:16.865,19.2,101.1
2024-05-13 14:55:27.507,19.2,101.1
2024-05-13 14:55:38.062,19.1,101.1
2024-05-13 14:55:48.542,19.0,101.1
2024-05-13 14:55:59.260,19.1,101.1
2024-05-13 14:56:09.927,19.1,101.1
2024-05-13 14:56:20.259,19.1,101.1
2024-05-13 14:56:30.654,19.1,101.1
2024-05-13 14:56:40.959,19.1,101.1
2024-05-13 14:56:51.691,19.1,101.1
2024-05-13 14:57:01.920,19.1,101.1
2024-05-13 14:57:12.487,19.1,101.1
2024-05-13 14:57:23.023,19.1,101.1
2024-05-13 14:57:33.360,19.0,101.1
2024-05-13 14:57:43.935,19.1,101.1
2024-05-13 14:57:54.566,19.0,101.1
2024-05-13 14:58:05.019,19.1,101.1
2024-05-13 14:58:15.481,19.0,101.1
2024-05-13 14:58:25.502,19.1,101.1
2024-05-13 14:58:35.831,19.1,101.1
2024-05-13 14:58:46.419,19.0,101.1
2024-05-13 14:58:56.693,19.0,101.1
2024-05-13 14:59:07.131,19.1,101.1
2024-05-13 14:59:17.495,19.1,101.1
2024-05-13 14:59:28.010,19.0,101.1
2024-05-13 14:59:38.285,19.0,101.1
2024-05-13 14:59:48.777,19.0,101.1
2024-05-13 14:59:58.771,19.1,101.1
2024-05-13 15:00:09.315,19.1,101.1
2024-05-13 15:00:19.580,19.1,101.1
2024-05-13 15:00:29.695,19.1,101.1
2024-05-13 15:00:39.928,19.0,101.1
2024-05-13 15:00:50.197,19.0,101.1
2024-05-13 15:01:00.487,18.9,101.1
2024-05-13 15:01:10.785,19.0,101.1
2024-05-13 15:01:21.166,19.1,101.1
2024-05-13 15:01:31.609,19.1,101.1
2024-05-13 15:01:41.874,19.1,101.1
2024-05-13 15:01:52.330,19.0,101.1
2024-05-13 15:02:02.776,19.0,101.1
2024-05-13 15:02:13.418,19.1,101.0
2024-05-13 15:02:23.825,19.1,101.0
2024-05-13 15:02:34.230,19.1,101.0
2024-05-13 15:02:44.709,19.1,101.0
2024-05-13 15:02:54.933,19.1,101.0
2024-05-13 15:03:05.236,19.2,101.0
2024-05-13 15:03:15.305,19.1,101.1
2024-05-13 15:03:25.728,19.2,101.0
2024-05-13 15:03:36.180,19.1,101.0
2024-05-13 15:03:46.357,19.1,101.1
2024-05-13 15:03:56.798,19.0,101.0
2024-05-13 15:04:07.230,19.1,101.0
2024-05-13 15:04:17.251,19.1,101.0
2024-05-13 15:04:27.639,19.0,101.0
2024-05-13 15:04:38.086,19.0,101.0
2024-05-13 15:04:48.481,19.0,101.0
2024-05-13 15:04:58.816,19.1,101.0
2024-05-13 15:05:09.167,19.0,101.0
2024-05-13 15:05:19.511,19.1,101.0
2024-05-13 15:05:29.948,19.1,101.0
2024-05-13 15:05:40.412,19.0,101.0
2024-05-13 15:05:50.943,19.0,101.0
2024-05-13 15:06:01.432,18.9,101.0
2024-05-13 15:06:11.679,18.8,101.0
2024-05-13 15:06:22.326,18.9,101.0
2024-05-13 15:06:32.354,19.0,101.0
2024-05-13 15:06:42.617,19.1,101.0
2024-05-13 15:06:53.162,19.0,101.0
2024-05-13 15:07:03.745,19.1,101.0
2024-05-13 15:07:14.098,19.0,101.0
2024-05-13 15:07:24.505,19.1,101.0
2024-05-13 15:07:34.714,19.1,101.0
2024-05-13 15:07:44.948,19.1,101.0
2024-05-13 15:07:55.466,19.0,101.0
2024-05-13 15:08:06.071,19.0,101.0
2024-05-13 15:08:16.200,19.0,101.0
2024-05-13 15:08:26.223,19.0,101.0
2024-05-13 15:08:36.387,19.0,101.0
2024-05-13 15:08:46.713,19.0,101.0
2024-05-13 15:08:56.766,19.0,101.0
2024-05-13 15:09:07.143,19.1,101.0
2024-05-13 15:09:17.326,19.1,101.0
2024-05-13 15:09:27.433,19.0,101.0
2024-05-13 15:09:37.847,19.1,101.0
2024-05-13 15:09:48.307,19.1,101.0
2024-05-13 15:09:58.339,19.0,101.0
2024-05-13 15:10:08.525,19.0,101.0
2024-05-13 15:10:18.840,19.0,101.0
2024-05-13 15:10:29.145,18.9,101.0
2024-05-13 15:10:39.120,18.9,101.0
2024-05-13 15:10:49.338,18.9,101.0
2024-05-13 15:10:59.484,18.9,101.0
2024-05-13 15:11:09.749,19.0,101.0
2024-05-13 15:11:20.057,19.0,101.0
2024-05-13 15:11:30.328,19.0,101.0
2024-05-13 15:11:40.488,18.9,101.0
2024-05-13 15:11:50.872,18.8,101.0
2024-05-13 15:12:00.930,18.9,101.0
2024-05-13 15:12:11.244,19.0,101.0
2024-05-13 15:12:21.478,19.0,101.0
2024-05-13 15:12:31.748,18.9,101.0
2024-05-13 15:12:41.852,19.0,101.0
2024-05-13 15:12:51.900,18.9,101.0
2024-05-13 15:13:02.085,19.0,101.0
2024-05-13 15:13:12.299,19.0,101.0
2024-05-13 15:13:22.398,19.0,101.0
2024-05-13 15:13:32.820,18.9,101.0
2024-05-13 15:13:42.931,18.8,101.0
2024-05-13 15:13:53.171,18.9,101.0
2024-05-13 15:14:03.265,19.0,101.0
2024-05-13 15:14:13.567,19.0,101.0
2024-05-13 15:14:23.454,19.0,101.0
2024-05-13 15:14:33.845,19.0,101.0
2024-05-13 15:14:43.816,19.0,101.0
2024-05-13 15:14:53.687,18.9,101.0
2024-05-13 15:15:03.948,19.0,101.0
2024-05-13 15:15:14.448,18.9,101.0
2024-05-13 15:15:24.876,18.9,101.0
2024-05-13 15:15:35.133,18.9,101.0
2024-05-13 15:15:45.512,18.9,101.0
2024-05-13 15:15:56.096,18.9,101.0
2024-05-13 15:16:06.358,19.0,101.0
2024-05-13 15:16:16.618,19.1,101.0
2024-05-13 15:16:26.691,19.0,101.0
2024-05-13 15:16:36.775,19.1,101.0
2024-05-13 15:16:46.777,19.0,101.0
2024-05-13 15:16:56.781,19.0,101.0
2024-05-13 15:17:07.315,18.9,101.0
2024-05-13 15:17:17.619,19.0,101.0
2024-05-13 15:17:28.043,19.0,101.0
2024-05-13 15:17:38.258,19.0,101.0
2024-05-13 15:17:48.574,19.0,101.0
2024-05-13 15:17:58.712,19.0,101.0
2024-05-13 15:18:09.015,19.0,101.0
2024-05-13 15:18:19.330,19.1,101.0
2024-05-13 15:18:29.567,18.9,101.0
2024-05-13 15:18:39.815,18.9,101.0
2024-05-13 15:18:49.821,18.9,101.0
2024-05-13 15:18:59.960,18.9,101.0
2024-05-13 15:19:09.971,18.9,101.0
2024-05-13 15:19:20.259,18.9,101.0
2024-05-13 15:19:30.475,19.0,101.0
2024-05-13 15:19:40.514,18.8,101.0
2024-05-13 15:19:50.776,18.8,101.0
2024-05-13 15:20:00.785,18.9,101.0
2024-05-13 15:20:10.904,19.0,101.0
2024-05-13 15:20:21.040,18.9,101.0
2024-05-13 15:20:31.172,18.9,101.0
2024-05-13 15:20:41.380,18.9,101.0
2024-05-13 15:20:51.601,19.0,101.0
2024-05-13 15:21:01.733,19.0,101.0
2024-05-13 15:21:11.852,18.9,101.0
2024-05-13 15:21:22.086,18.9,101.0
2024-05-13 15:21:32.194,19.0,101.0
2024-05-13 15:21:42.334,19.0,101.0
2024-05-13 15:21:52.290,19.0,101.0
2024-05-13 15:22:02.591,19.1,101.0
2024-05-13 15:22:12.780,18.9,101.0
2024-05-13 15:22:22.756,18.9,101.0
2024-05-13 15:22:32.865,18.9,101.0
2024-05-13 15:22:43.027,19.0,101.0
2024-05-13 15:22:53.416,18.9,101.0
2024-05-13 15:23:03.543,19.0,101.0
2024-05-13 15:23:13.634,19.0,101.0
2024-05-13 15:23:23.941,18.9,101.0
2024-05-13 15:23:33.785,18.9,101.0
2024-05-13 15:23:43.908,18.9,101.0
2024-05-13 15:23:54.044,18.9,101.0
2024-05-13 15:24:04.120,19.0,101.0
2024-05-13 15:24:14.414,19.1,101.0
2024-05-13 15:24:24.240,19.1,101.0
2024-05-13 15:24:34.486,19.0,101.0
2024-05-13 15:24:44.367,19.0,101.0
2024-05-13 15:24:54.444,19.0,101.0
2024-05-13 15:25:04.639,18.9,101.0
2024-05-13 15:25:14.651,18.8,101.0
2024-05-13 15:25:25.005,18.8,101.0
2024-05-13 15:25:35.210,18.8,101.0
2024-05-13 15:25:45.277,18.9,101.0
2024-05-13 15:25:55.381,18.9,101.0
2024-05-13 15:26:05.642,19.0,101.0
2024-05-13 15:26:15.648,19.0,101.0
2024-05-13 15:26:25.833,19.0,101.0
2024-05-13 15:26:35.840,19.0,101.0
2024-05-13 15:26:45.887,19.1,101.0
2024-05-13 15:26:55.888,19.0,101.0
2024-05-13 15:27:05.758,18.9,101.0
2024-05-13 15:27:15.894,18.9,101.0
2024-05-13 15:27:26.015,19.0,101.0
2024-05-13 15:27:36.169,19.0,101.0
2024-05-13 15:27:46.323,19.0,101.0
2024-05-13 15:27:56.363,19.0,101.0
2024-05-13 15:28:06.419,19.0,101.0
2024-05-13 15:28:16.537,19.0,101.0
2024-05-13 15:28:26.757,19.0,101.0
2024-05-13 15:28:36.604,19.0,101.0
2024-05-13 15:28:46.712,19.0,101.0
2024-05-13 15:28:56.817,19.0,101.0
2024-05-13 15:29:06.668,19.0,101.0
2024-05-13 15:29:16.688,18.9,101.0
2024-05-13 15:29:27.076,18.9,101.0
2024-05-13 15:29:37.210,18.9,101.0
2024-05-13 15:29:47.307,18.9,101.0
2024-05-13 15:29:57.338,18.9,101.0
2024-05-13 15:30:07.399,18.9,101.0
2024-05-13 15:30:17.153,18.9,101.0
2024-05-13 15:30:27.299,19.0,101.0
2024-05-13 15:30:37.315,19.0,101.0
2024-05-13 15:30:47.428,18.9,101.0
2024-05-13 15:30:57.337,19.1,101.0
2024-05-13 15:31:07.248,19.1,101.0
2024-05-13 15:31:17.502,19.0,101.0
2024-05-13 15:31:27.655,18.9,101.0
2024-05-13 15:31:37.866,18.9,101.0
2024-05-13 15:31:47.752,19.0,101.0
2024-05-13 15:31:57.680,19.0,101.0
2024-05-13 15:32:07.855,19.0,101.0
2024-05-13 15:32:17.904,19.0,101.0
2024-05-13 15:32:27.962,18.9,101.0
2024-05-13 15:32:37.891,19.0,101.0
2024-05-13 15:32:47.850,18.9,101.0
2024-05-13 15:32:58.047,18.9,101.0
2024-05-13 15:33:07.990,18.8,101.0
2024-05-13 15:33:18.103,18.9,101.0
2024-05-13 15:33:28.057,18.8,101.0
2024-05-13 15:33:38.193,18.9,101.0
2024-05-13 15:33:48.407,18.9,101.0
2024-05-13 15:33:58.395,18.9,101.0
2024-05-13 15:34:08.630,19.0,101.0
2024-05-13 15:34:18.891,19.0,101.0
2024-05-13 15:34:28.785,19.1,101.0
2024-05-13 15:34:38.771,19.1,101.0
2024-05-13 15:34:48.939,18.9,101.0
2024-05-13 15:34:58.943,19.0,101.0
2024-05-13 15:35:09.108,18.9,101.0
2024-05-13 15:35:19.093,18.9,101.0
2024-05-13 15:35:29.037,18.9,101.0
2024-05-13 15:35:39.101,18.9,101.0
2024-05-13 15:35:49.072,19.0,101.0
2024-05-13 15:35:59.304,18.9,101.0
2024-05-13 15:36:09.245,19.0,101.0
2024-05-13 15:36:19.180,18.9,101.0
2024-05-13 15:36:29.089,18.9,101.0
2024-05-13 15:36:39.020,18.9,101.0
2024-05-13 15:36:48.845,19.0,101.0
2024-05-13 15:36:58.641,18.9,101.0
2024-05-13 15:37:08.764,18.9,101.0
2024-05-13 15:37:18.769,18.9,101.0
2024-05-13 15:37:28.894,19.0,101.0
2024-05-13 15:37:38.907,19.1,101.0
2024-05-13 15:37:48.730,19.1,101.0
2024-05-13 15:37:58.959,19.0,101.0
2024-05-13 15:38:09.069,19.0,101.0
2024-05-13 15:38:19.202,19.0,101.0
2024-05-13 15:38:29.161,19.0,101.0
2024-05-13 15:38:39.256,19.0,101.0
2024-05-13 15:38:49.399,18.9,101.0
2024-05-13 15:38:59.342,18.9,101.0
2024-05-13 15:39:09.267,18.9,101.0
2024-05-13 15:39:19.387,19.0,101.0
2024-05-13 15:39:29.413,18.9,101.0
2024-05-13 15:39:39.429,19.0,101.0
2024-05-13 15:39:49.600,19.0,101.0
2024-05-13 15:39:59.843,18.8,101.0
2024-05-13 15:40:09.855,18.9,101.0
2024-05-13 15:40:19.840,18.9,101.0
2024-05-13 15:40:29.881,18.8,101.0
2024-05-13 15:40:40.046,18.9,101.0
2024-05-13 15:40:49.979,18.8,101.0
2024-05-13 15:40:59.956,18.9,101.0
2024-05-13 15:41:09.877,18.9,101.0
2024-05-13 15:41:19.892,18.8,101.0
2024-05-13 15:41:29.771,18.9,101.0
2024-05-13 15:41:39.968,18.8,101.0
2024-05-13 15:41:49.826,18.9,101.0
2024-05-13 15:41:59.790,18.8,101.0
2024-05-13 15:42:09.699,18.8,101.0
2024-05-13 15:42:19.987,18.8,101.0
2024-05-13 15:42:30.113,18.9,101.0
2024-05-13 15:42:39.983,18.9,101.0
2024-05-13 15:42:49.815,18.9,101.0
2024-05-13 15:42:59.805,18.9,101.0
2024-05-13 15:43:09.681,19.0,101.0
2024-05-13 15:43:19.509,19.0,101.0
2024-05-13 15:43:29.332,18.9,101.0
2024-05-13 15:43:39.435,18.9,101.0
2024-05-13 15:43:49.688,19.0,101.0
2024-05-13 15:43:59.871,19.0,101.0
2024-05-13 15:44:10.017,18.9,101.0
2024-05-13 15:44:20.118,18.8,101.0
2024-05-13 15:44:29.973,18.7,101.0
2024-05-13 15:44:39.942,18.8,101.0
2024-05-13 15:44:49.789,18.8,101.0
2024-05-13 15:44:59.900,18.8,101.0
2024-05-13 15:45:09.824,18.8,101.0
2024-05-13 15:45:19.785,18.8,101.0
2024-05-13 15:45:29.640,18.7,101.0
2024-05-13 15:45:39.450,18.7,101.0
2024-05-13 15:45:49.356,18.8,101.0
2024-05-13 15:45:59.268,18.9,101.0
2024-05-13 15:46:09.331,18.8,101.0
2024-05-13 15:46:19.113,18.8,101.0
2024-05-13 15:46:28.914,18.8,101.0
2024-05-13 15:46:38.828,18.7,101.0
2024-05-13 15:46:48.774,18.8,101.0
2024-05-13 15:46:58.724,18.8,101.0
2024-05-13 15:47:08.624,18.8,101.0
2024-05-13 15:47:18.611,18.8,101.0
2024-05-13 15:47:28.825,18.8,101.0
2024-05-13 15:47:39.049,18.9,101.0
2024-05-13 15:47:48.795,18.8,101.0
2024-05-13 15:47:58.962,18.9,101.0
2024-05-13 15:48:08.889,18.9,101.0
2024-05-13 15:48:18.925,18.9,101.0
2024-05-13 15:48:28.959,18.9,101.0
2024-05-13 15:48:38.910,18.7,101.0
2024-05-13 15:48:48.805,18.7,101.0
2024-05-13 15:48:58.646,18.8,101.0
2024-05-13 15:49:08.588,18.9,101.0
2024-05-13 15:49:18.617,18.8,101.0
2024-05-13 15:49:28.667,18.8,101.0
2024-05-13 15:49:38.821,18.7,101.0
2024-05-13 15:49:48.866,18.7,101.0
2024-05-13 15:49:58.800,18.8,101.0
2024-05-13 15:50:08.756,18.8,101.0
2024-05-13 15:50:18.763,18.8,101.0
2024-05-13 15:50:28.711,18.8,101.0
2024-05-13 15:50:38.626,18.8,101.0
2024-05-13 15:50:48.357,18.8,101.0
2024-05-13 15:50:58.144,18.8,101.0
2024-05-13 15:51:08.088,18.7,101.0
2024-05-13 15:51:17.915,18.8,101.0
2024-05-13 15:51:27.746,18.8,101.0
2024-05-13 15:51:37.672,18.8,101.0
2024-05-13 15:51:47.824,18.9,101.0
2024-05-13 15:51:57.896,18.9,101.0
2024-05-13 15:52:07.897,18.7,101.0
2024-05-13 15:52:17.726,18.8,101.0
2024-05-13 15:52:27.581,18.8,101.0
2024-05-13 15:52:37.228,18.8,101.0
2024-05-13 15:52:47.456,18.9,101.0
2024-05-13 15:52:57.615,18.9,101.0
2024-05-13 15:53:07.378,18.8,101.0
2024-05-13 15:53:17.360,18.8,101.0
2024-05-13 15:53:27.258,18.8,101.0
2024-05-13 15:53:37.243,18.8,101.0
2024-05-13 15:53:47.162,18.7,101.0
2024-05-13 15:53:57.159,18.7,101.0
2024-05-13 15:54:06.963,18.8,101.0
2024-05-13 15:54:16.829,18.9,101.0
2024-05-13 15:54:26.701,19.0,101.0
2024-05-13 15:54:36.679,18.8,101.0
2024-05-13 15:54:46.551,18.9,101.0
2024-05-13 15:54:56.366,18.8,101.0
2024-05-13 15:55:06.328,18.8,101.0
2024-05-13 15:55:16.158,18.8,101.0
2024-05-13 15:55:25.800,18.8,101.0
2024-05-13 15:55:35.550,18.9,101.0
2024-05-13 15:55:45.273,18.8,101.0
2024-05-13 15:55:54.943,18.8,101.0
2024-05-13 15:56:04.679,18.8,101.0
2024-05-13 15:56:14.522,18.8,101.0
2024-05-13 15:56:24.387,18.8,101.0
2024-05-13 15:56:34.364,18.8,101.0
2024-05-13 15:56:44.135,18.8,101.0
2024-05-13 15:56:53.920,18.8,101.0
2024-05-13 15:57:03.586,18.8,101.0
2024-05-13 15:57:13.440,18.8,101.0
2024-05-13 15:57:23.416,18.6,101.0
2024-05-13 15:57:33.424,18.8,101.0
2024-05-13 15:57:43.299,18.7,101.0
2024-05-13 15:57:53.386,18.7,101.0
2024-05-13 15:58:03.528,18.6,101.0
2024-05-13 15:58:13.417,18.7,101.0
2024-05-13 15:58:23.241,18.8,101.0
2024-05-13 15:58:33.169,18.8,101.0
2024-05-13 15:58:43.134,18.9,101.0
2024-05-13 15:58:53.177,18.8,101.0
2024-05-13 15:59:03.454,18.9,101.0
2024-05-13 15:59:13.367,18.8,101.0
2024-05-13 15:59:23.276,18.8,101.0
2024-05-13 15:59:33.450,18.7,101.0
2024-05-13 15:59:43.281,18.7,101.0
2024-05-13 15:59:53.157,18.8,101.0
2024-05-13 16:00:02.978,18.7,101.0
2024-05-13 16:00:12.866,18.7,101.0
2024-05-13 16:00:22.481,18.8,101.0
2024-05-13 16:00:32.496,18.7,101.0
2024-05-13 16:00:42.161,18.8,101.0
2024-05-13 16:00:52.122,18.7,101.0
2024-05-13 16:01:01.647,18.7,101.0
2024-05-13 16:01:11.501,18.8,101.0
2024-05-13 16:01:21.320,18.8,101.0
2024-05-13 16:01:31.374,18.6,101.0
2024-05-13 16:01:41.352,18.7,101.0
2024-05-13 16:01:51.309,18.7,101.0
2024-05-13 16:02:01.142,18.7,101.0
2024-05-13 16:02:11.110,18.8,101.0
2024-05-13 16:02:20.834,18.7,101.0
2024-05-13 16:02:30.883,18.8,101.0
2024-05-13 16:02:40.681,18.7,101.0
2024-05-13 16:02:50.824,18.8,101.0
2024-05-13 16:03:00.834,18.8,101.0
2024-05-13 16:03:10.815,18.8,101.0
2024-05-13 16:03:20.787,18.7,101.0
2024-05-13 16:03:30.679,18.8,101.0
2024-05-13 16:03:40.560,18.8,101.0
2024-05-13 16:03:50.659,18.8,101.0
2024-05-13 16:04:00.539,18.7,101.0
2024-05-13 16:04:10.106,18.7,101.0
2024-05-13 16:04:19.881,18.8,101.0
2024-05-13 16:04:29.467,18.8,101.0
2024-05-13 16:04:39.316,18.7,101.0
2024-05-13 16:04:49.102,18.8,101.0
2024-05-13 16:04:58.656,18.8,101.0
2024-05-13 16:05:08.294,18.8,101.0
2024-05-13 16:05:18.295,18.8,101.0
2024-05-13 16:05:28.176,18.8,101.0
2024-05-13 16:05:37.911,18.7,101.0
2024-05-13 16:05:47.914,18.7,101.0
2024-05-13 16:05:57.794,18.6,101.0
2024-05-13 16:06:07.563,18.6,101.0
2024-05-13 16:06:17.380,18.6,101.0
2024-05-13 16:06:27.478,18.7,101.0
2024-05-13 16:06:37.312,18.7,101.0
2024-05-13 16:06:47.115,18.8,101.0
2024-05-13 16:06:56.914,18.8,101.0
2024-05-13 16:07:06.879,18.9,101.0
2024-05-13 16:07:16.758,18.7,101.0
2024-05-13 16:07:26.342,18.7,101.0
2024-05-13 16:07:36.364,18.7,101.0
2024-05-13 16:07:46.175,18.7,101.0
2024-05-13 16:07:56.031,18.7,101.0
2024-05-13 16:08:05.755,18.8,101.0
2024-05-13 16:08:15.410,18.7,101.0
2024-05-13 16:08:25.216,18.8,101.0
2024-05-13 16:08:35.197,18.7,101.0
2024-05-13 16:08:45.260,18.7,101.0
2024-05-13 16:08:54.906,18.7,101.0
2024-05-13 16:09:04.730,18.8,101.0
2024-05-13 16:09:14.374,18.8,101.0
2024-05-13 16:09:24.100,18.9,101.0
2024-05-13 16:09:33.971,18.8,101.0
2024-05-13 16:09:43.738,18.9,101.0
2024-05-13 16:09:53.390,18.9,101.0
2024-05-13 16:10:03.397,19.0,101.0
2024-05-13 16:10:13.438,18.8,101.0
2024-05-13 16:10:23.251,18.8,101.0
2024-05-13 16:10:32.959,18.8,101.0
2024-05-13 16:10:42.876,18.8,101.0
2024-05-13 16:10:52.679,18.8,101.0
2024-05-13 16:11:02.586,18.8,101.0
2024-05-13 16:11:12.571,18.9,101.0
2024-05-13 16:11:22.418,18.9,101.0
2024-05-13 16:11:32.470,18.8,101.0
2024-05-13 16:11:42.259,18.8,101.0
2024-05-13 16:11:52.209,18.8,101.0
2024-05-13 16:12:02.087,18.8,101.0
2024-05-13 16:12:11.782,18.9,101.0
2024-05-13 16:12:21.507,18.9,101.0
2024-05-13 16:12:31.300,18.8,101.0
2024-05-13 16:12:40.994,18.9,101.0
2024-05-13 16:12:50.907,18.9,101.0
2024-05-13 16:13:00.504,18.9,101.0
2024-05-13 16:13:10.375,18.8,101.0
2024-05-13 16:13:19.934,18.9,101.0
2024-05-13 16:13:29.603,18.9,101.0
2024-05-13 16:13:39.480,18.8,101.0
2024-05-13 16:13:49.287,18.9,101.0
2024-05-13 16:13:58.830,18.9,101.0
2024-05-13 16:14:08.513,18.9,101.0
2024-05-13 16:14:18.216,18.9,101.0
2024-05-13 16:14:27.861,19.0,101.0
2024-05-13 16:14:37.448,19.0,101.0
2024-05-13 16:14:47.319,18.9,101.0
2024-05-13 16:14:57.219,19.0,101.0
2024-05-13 16:15:06.999,18.9,101.0
2024-05-13 16:15:17.150,18.9,101.0
2024-05-13 16:15:26.752,18.9,101.0
2024-05-13 16:15:36.260,19.0,101.0
2024-05-13 16:15:45.990,19.0,101.0
2024-05-13 16:15:55.732,19.0,101.0
2024-05-13 16:16:05.300,18.9,101.0
2024-05-13 16:16:14.961,18.8,101.0
2024-05-13 16:16:24.774,18.8,101.0
2024-05-13 16:16:34.242,18.9,101.0
2024-05-13 16:16:44.095,18.9,101.0
2024-05-13 16:16:53.970,19.0,101.0
2024-05-13 16:17:03.741,19.0,101.0
2024-05-13 16:17:13.526,19.0,101.0
2024-05-13 16:17:23.234,19.0,101.0
2024-05-13 16:17:32.926,19.0,101.0
2024-05-13 16:17:42.704,19.0,101.0
2024-05-13 16:17:52.480,19.0,101.0
2024-05-13 16:18:02.304,19.0,101.0
2024-05-13 16:18:12.318,19.0,101.0
2024-05-13 16:18:22.239,19.0,101.0
2024-05-13 16:18:31.904,19.0,101.0
2024-05-13 16:18:41.548,19.0,101.0
2024-05-13 16:18:51.287,19.0,101.0
2024-05-13 16:19:00.748,19.0,101.0
2024-05-13 16:19:10.520,19.1,101.0
2024-05-13 16:19:20.566,19.0,101.0
2024-05-13 16:19:30.260,19.0,101.0
2024-05-13 16:19:39.943,19.1,101.0
2024-05-13 16:19:49.700,19.0,101.0
2024-05-13 16:19:59.207,18.9,101.0
2024-05-13 16:20:08.912,18.9,101.0
2024-05-13 16:20:18.531,19.0,101.0
2024-05-13 16:20:28.046,19.0,101.0
2024-05-13 16:20:37.656,19.1,101.0
2024-05-13 16:20:47.317,19.2,101.0
2024-05-13 16:20:57.095,19.2,101.0
2024-05-13 16:21:06.807,19.2,101.0
2024-05-13 16:21:16.434,19.2,101.0
2024-05-13 16:21:25.964,19.2,101.0
2024-05-13 16:21:35.628,19.1,101.0
2024-05-13 16:21:45.272,19.1,101.0
2024-05-13 16:21:55.042,19.1,101.0
2024-05-13 16:22:04.850,19.0,101.0
2024-05-13 16:22:14.291,19.2,101.0
2024-05-13 16:22:23.999,19.2,101.0
2024-05-13 16:22:33.689,19.3,101.0
2024-05-13 16:22:43.475,19.2,101.0
2024-05-13 16:22:52.986,19.2,101.0
2024-05-13 16:23:02.572,19.1,101.0
2024-05-13 16:23:12.196,19.1,101.0
2024-05-13 16:23:21.897,19.2,101.0
2024-05-13 16:23:31.405,19.1,101.0
2024-05-13 16:23:41.148,19.1,101.0
2024-05-13 16:23:51.063,19.1,101.0
2024-05-13 16:24:01.001,19.1,101.0
2024-05-13 16:24:10.974,19.1,101.0
2024-05-13 16:24:20.761,19.0,101.0
2024-05-13 16:24:30.599,19.0,101.0
2024-05-13 16:24:40.056,19.1,101.0
2024-05-13 16:24:49.776,19.2,101.0
2024-05-13 16:24:59.256,19.2,101.0
2024-05-13 16:25:08.970,19.2,101.0
2024-05-13 16:25:18.764,19.2,101.0
2024-05-13 16:25:28.466,19.3,101.0
2024-05-13 16:25:38.382,19.2,101.0
2024-05-13 16:25:48.337,19.2,101.0
2024-05-13 16:25:57.997,19.1,101.0
2024-05-13 16:26:07.866,19.0,101.0
2024-05-13 16:26:17.710,19.0,101.0
2024-05-13 16:26:27.356,19.0,101.0
2024-05-13 16:26:37.081,19.1,101.0
2024-05-13 16:26:46.942,19.2,101.0
2024-05-13 16:26:56.778,19.2,101.0
2024-05-13 16:27:06.762,19.2,101.0
2024-05-13 16:27:16.386,19.3,101.0
2024-05-13 16:27:26.088,19.2,101.0
2024-05-13 16:27:35.774,19.3,101.0
2024-05-13 16:27:45.621,19.2,101.0
2024-05-13 16:27:55.152,19.2,101.0
2024-05-13 16:28:04.978,19.2,101.0
2024-05-13 16:28:14.832,19.0,101.0
2024-05-13 16:28:24.410,19.1,101.0
2024-05-13 16:28:33.984,19.1,101.0
2024-05-13 16:28:43.704,19.2,101.0
2024-05-13 16:28:53.060,19.1,101.0
2024-05-13 16:29:02.726,19.2,101.0
2024-05-13 16:29:12.260,19.1,101.0
2024-05-13 16:29:22.275,19.1,101.0
2024-05-13 16:29:32.102,19.1,101.0
2024-05-13 16:29:41.738,19.0,101.0
2024-05-13 16:29:51.410,19.0,101.0
2024-05-13 16:30:01.255,19.0,101.0
2024-05-13 16:30:10.960,19.1,101.0
2024-05-13 16:30:20.484,19.2,101.0
2024-05-13 16:30:30.191,19.3,101.0
2024-05-13 16:30:39.918,19.2,101.0
2024-05-13 16:30:49.696,19.2,101.0
2024-05-13 16:30:59.083,19.2,101.0
2024-05-13 16:31:08.675,19.1,101.0
2024-05-13 16:31:18.318,19.1,101.0
2024-05-13 16:31:27.892,19.2,101.0
2024-05-13 16:31:37.746,19.1,101.0
2024-05-13 16:31:47.467,19.1,101.0
2024-05-13 16:31:57.212,19.1,101.0
2024-05-13 16:32:06.941,19.1,101.0
2024-05-13 16:32:16.630,19.3,101.0
2024-05-13 16:32:26.432,19.2,101.0
2024-05-13 16:32:35.977,19.3,101.0
2024-05-13 16:32:45.820,19.2,101.0
2024-05-13 16:32:55.648,19.3,101.0
2024-05-13 16:33:05.206,19.3,101.0
2024-05-13 16:33:14.930,19.3,101.0
2024-05-13 16:33:24.659,19.3,101.0
2024-05-13 16:33:34.139,19.3,101.0
2024-05-13 16:33:43.823,19.3,101.0
2024-05-13 16:33:53.451,19.3,101.0
2024-05-13 16:34:03.055,19.3,101.0
2024-05-13 16:34:12.551,19.3,101.0
2024-05-13 16:34:22.431,19.3,101.0
2024-05-13 16:34:32.141,19.3,101.0
2024-05-13 16:34:41.854,19.3,101.0
2024-05-13 16:34:51.575,19.3,101.0
2024-05-13 16:35:01.294,19.3,101.0
2024-05-13 16:35:11.047,19.3,101.0
2024-05-13 16:35:20.876,19.2,101.0
2024-05-13 16:35:30.250,19.3,101.0
2024-05-13 16:35:39.743,19.2,101.0
2024-05-13 16:35:49.456,19.3,101.0
2024-05-13 16:35:59.022,19.2,101.0
2024-05-13 16:36:08.724,19.3,101.0
2024-05-13 16:36:18.516,19.3,101.0
2024-05-13 16:36:28.292,19.4,101.0
2024-05-13 16:36:38.142,19.4,101.0
2024-05-13 16:36:47.465,19.2,101.0
2024-05-13 16:36:57.197,19.3,101.0
2024-05-13 16:37:06.876,19.4,101.0
2024-05-13 16:37:16.540,19.4,101.0
2024-05-13 16:37:26.450,19.3,101.0
2024-05-13 16:37:36.046,19.3,101.0
2024-05-13 16:37:45.609,19.2,101.0
2024-05-13 16:37:55.509,19.3,101.0
2024-05-13 16:38:05.243,19.2,101.0
2024-05-13 16:38:14.762,19.4,101.0
2024-05-13 16:38:24.319,19.3,101.0
2024-05-13 16:38:34.045,19.4,101.0
2024-05-13 16:38:43.378,19.4,101.0
2024-05-13 16:38:53.128,19.3,101.0
2024-05-13 16:39:02.600,19.3,101.0
2024-05-13 16:39:12.295,19.3,101.0
2024-05-13 16:39:21.558,19.4,101.0
2024-05-13 16:39:31.185,19.3,101.0
2024-05-13 16:39:41.044,19.4,101.0
2024-05-13 16:39:50.539,19.4,101.0
2024-05-13 16:39:59.974,19.3,101.0
2024-05-13 16:40:09.437,19.3,101.0
2024-05-13 16:40:18.826,19.2,101.0
2024-05-13 16:40:28.590,19.2,101.0
2024-05-13 16:40:38.126,19.3,101.0
2024-05-13 16:40:48.182,19.4,101.0
2024-05-13 16:40:57.902,19.4,101.0
2024-05-13 16:41:07.584,19.5,101.0
2024-05-13 16:41:17.270,19.5,101.0
2024-05-13 16:41:27.191,19.5,101.0
2024-05-13 16:41:36.731,19.5,101.0
2024-05-13 16:41:46.481,19.5,101.0
2024-05-13 16:41:56.255,19.4,101.0
2024-05-13 16:42:05.635,19.5,101.0
2024-05-13 16:42:15.242,19.4,101.0
2024-05-13 16:42:24.821,19.4,101.0
2024-05-13 16:42:34.466,19.4,101.0
2024-05-13 16:42:44.027,19.3,101.0
2024-05-13 16:42:53.884,19.4,101.0
2024-05-13 16:43:03.450,19.4,101.0
2024-05-13 16:43:13.080,19.4,101.0
2024-05-13 16:43:23.006,19.3,101.0
2024-05-13 16:43:32.947,19.3,101.0
2024-05-13 16:43:42.628,19.2,101.0
2024-05-13 16:43:52.273,19.3,101.0
2024-05-13 16:44:01.976,19.4,101.0
2024-05-13 16:44:11.539,19.3,101.0
2024-05-13 16:44:21.208,19.4,101.0
2024-05-13 16:44:30.786,19.4,101.0
2024-05-13 16:44:40.414,19.5,101.0
2024-05-13 16:44:49.656,19.5,101.0
2024-05-13 16:44:59.307,19.5,101.0
2024-05-13 16:45:09.046,19.4,101.0
2024-05-13 16:45:18.936,19.5,101.0
2024-05-13 16:45:28.554,19.5,101.0
2024-05-13 16:45:38.211,19.4,101.0
2024-05-13 16:45:47.961,19.4,101.0
2024-05-13 16:45:57.505,19.5,101.0
2024-05-13 16:46:07.044,19.5,101.0
2024-05-13 16:46:16.711,19.5,101.0
2024-05-13 16:46:26.352,19.5,101.0
2024-05-13 16:46:36.127,19.4,101.0
2024-05-13 16:46:46.059,19.4,101.0
2024-05-13 16:46:55.864,19.5,101.0
2024-05-13 16:47:05.438,19.5,101.0
2024-05-13 16:47:14.889,19.6,101.0
2024-05-13 16:47:24.357,19.6,101.0
2024-05-13 16:47:33.962,19.6,101.0
2024-05-13 16:47:43.735,19.6,101.0
2024-05-13 16:47:53.395,19.6,101.0
2024-05-13 16:48:02.994,19.5,101.0
2024-05-13 16:48:12.686,19.5,101.0
2024-05-13 16:48:22.559,19.5,101.0
2024-05-13 16:48:32.477,19.6,101.0
2024-05-13 16:48:42.034,19.6,101.0
2024-05-13 16:48:51.509,19.6,101.0
2024-05-13 16:49:01.168,19.5,101.0
2024-05-13 16:49:10.881,19.5,101.0
2024-05-13 16:49:20.402,19.5,101.0
2024-05-13 16:49:30.044,19.6,101.0
2024-05-13 16:49:39.367,19.5,101.0
2024-05-13 16:49:48.695,19.4,101.0
2024-05-13 16:49:58.395,19.4,101.0
2024-05-13 16:50:08.157,19.4,101.0
2024-05-13 16:50:17.871,19.5,101.0
2024-05-13 16:50:27.623,19.5,101.0
2024-05-13 16:50:37.360,19.5,101.0
2024-05-13 16:50:47.079,19.4,101.0
2024-05-13 16:50:56.825,19.5,101.0
2024-05-13 16:51:06.553,19.5,101.0
2024-05-13 16:51:16.231,19.5,101.0
2024-05-13 16:51:25.678,19.5,101.0
2024-05-13 16:51:35.494,19.6,101.0
2024-05-13 16:51:44.950,19.5,101.0
2024-05-13 16:51:54.643,19.5,101.0
2024-05-13 16:52:04.455,19.5,101.0
2024-05-13 16:52:13.953,19.5,101.0
2024-05-13 16:52:23.565,19.5,100.9
2024-05-13 16:52:33.073,19.5,100.9
2024-05-13 16:52:42.788,19.4,101.0
2024-05-13 16:52:52.429,19.4,101.0
2024-05-13 16:53:02.029,19.4,100.9
2024-05-13 16:53:11.663,19.4,100.9
2024-05-13 16:53:21.341,19.5,100.9
2024-05-13 16:53:30.707,19.4,100.9
2024-05-13 16:53:40.489,19.4,100.9
2024-05-13 16:53:50.217,19.5,100.9
2024-05-13 16:53:59.762,19.5,100.9
2024-05-13 16:54:09.600,19.5,100.9
2024-05-13 16:54:19.373,19.5,100.9
2024-05-13 16:54:28.769,19.5,100.9
2024-05-13 16:54:38.344,19.5,100.9
2024-05-13 16:54:47.790,19.7,100.9
2024-05-13 16:54:57.382,19.6,100.9
2024-05-13 16:55:07.098,19.6,100.9
2024-05-13 16:55:16.567,19.5,100.9
2024-05-13 16:55:26.124,19.6,100.9
2024-05-13 16:55:35.776,19.6,101.0
2024-05-13 16:55:45.502,19.5,101.0
2024-05-13 16:55:55.257,19.5,100.9
2024-05-13 16:56:05.096,19.4,101.0
2024-05-13 16:56:14.833,19.6,101.0
2024-05-13 16:56:24.273,19.6,100.9
2024-05-13 16:56:34.105,19.7,101.0
2024-05-13 16:56:43.777,19.6,101.0
2024-05-13 16:56:53.349,19.6,100.9
2024-05-13 16:57:03.122,19.5,100.9
2024-05-13 16:57:12.807,19.5,101.0
2024-05-13 16:57:22.303,19.6,101.0
2024-05-13 16:57:32.149,19.5,101.0
2024-05-13 16:57:41.803,19.4,101.0
2024-05-13 16:57:51.591,19.6,101.0
2024-05-13 16:58:01.332,19.6,101.0
2024-05-13 16:58:11.092,19.6,101.0
2024-05-13 16:58:20.352,19.6,101.0
2024-05-13 16:58:30.013,19.6,101.0
2024-05-13 16:58:39.349,19.7,101.0
2024-05-13 16:58:48.891,19.6,101.0
2024-05-13 16:58:58.768,19.6,101.0
2024-05-13 16:59:08.138,19.6,101.0
2024-05-13 16:59:17.682,19.5,101.0
2024-05-13 16:59:27.286,19.6,101.0
2024-05-13 16:59:36.924,19.5,101.0
2024-05-13 16:59:46.395,19.6,101.0
2024-05-13 16:59:56.029,19.7,101.0
2024-05-13 17:00:05.556,19.6,101.0
2024-05-13 17:00:15.051,19.5,101.0
2024-05-13 17:00:24.827,19.5,101.0
2024-05-13 17:00:34.315,19.5,101.0
2024-05-13 17:00:44.233,19.5,101.0
2024-05-13 17:00:53.748,19.5,100.9
2024-05-13 17:01:03.475,19.6,100.9
2024-05-13 17:01:12.903,19.7,100.9
2024-05-13 17:01:22.456,19.7,100.9
2024-05-13 17:01:32.239,19.7,100.9
2024-05-13 17:01:41.682,19.7,100.9
2024-05-13 17:01:51.372,19.7,100.9
2024-05-13 17:02:01.129,19.7,100.9
2024-05-13 17:02:10.941,19.7,100.9
2024-05-13 17:02:20.280,19.7,100.9
2024-05-13 17:02:29.877,19.7,100.9
2024-05-13 17:02:39.275,19.7,100.9
2024-05-13 17:02:48.944,19.6,100.9
2024-05-13 17:02:58.538,19.6,100.9
2024-05-13 17:03:08.162,19.6,100.9
2024-05-13 17:03:18.005,19.7,100.9
2024-05-13 17:03:27.530,19.6,100.9
2024-05-13 17:03:37.148,19.5,100.9
2024-05-13 17:03:46.854,19.5,100.9
2024-05-13 17:03:56.439,19.6,100.9
2024-05-13 17:04:05.927,19.6,100.9
2024-05-13 17:04:15.616,19.5,100.9
2024-05-13 17:04:25.161,19.6,100.9
2024-05-13 17:04:34.555,19.6,100.9
2024-05-13 17:04:44.190,19.6,100.9
2024-05-13 17:04:53.869,19.5,100.9
2024-05-13 17:05:03.538,19.6,100.9
2024-05-13 17:05:12.975,19.7,100.9
2024-05-13 17:05:22.208,19.7,100.9
2024-05-13 17:05:31.850,19.7,100.9
2024-05-13 17:05:41.528,19.6,100.9
2024-05-13 17:05:51.335,19.7,100.9
2024-05-13 17:06:00.697,19.6,100.9
2024-05-13 17:06:10.413,19.7,100.9
2024-05-13 17:06:19.879,19.7,100.9
2024-05-13 17:06:29.552,19.6,100.9
2024-05-13 17:06:39.183,19.6,100.9
2024-05-13 17:06:48.653,19.6,100.9
2024-05-13 17:06:58.159,19.6,100.9
2024-05-13 17:07:07.596,19.6,100.9
2024-05-13 17:07:17.099,19.7,100.9
2024-05-13 17:07:26.707,19.8,100.9
2024-05-13 17:07:36.260,19.7,100.9
2024-05-13 17:07:45.710,19.7,100.9
2024-05-13 17:07:55.252,19.8,100.9
2024-05-13 17:08:04.906,19.7,100.9
2024-05-13 17:08:14.679,19.6,100.9
2024-05-13 17:08:24.179,19.7,100.9
2024-05-13 17:08:33.607,19.7,100.9
2024-05-13 17:08:43.131,19.6,100.9
2024-05-13 17:08:52.707,19.7,100.9
2024-05-13 17:09:02.338,19.7,100.9
2024-05-13 17:09:12.001,19.7,100.9
2024-05-13 17:09:21.789,19.8,100.9
2024-05-13 17:09:31.457,19.7,100.9
2024-05-13 17:09:40.833,19.7,100.9
2024-05-13 17:09:50.233,19.8,100.9
2024-05-13 17:09:59.894,19.8,100.9
2024-05-13 17:10:09.508,19.8,100.9
2024-05-13 17:10:18.723,19.8,100.9
2024-05-13 17:10:28.498,19.8,100.9
2024-05-13 17:10:37.906,19.7,100.9
2024-05-13 17:10:47.686,19.7,100.9
2024-05-13 17:10:57.308,19.8,100.9
2024-05-13 17:11:07.021,19.8,100.9
2024-05-13 17:11:16.840,19.7,100.9
2024-05-13 17:11:26.183,19.8,100.9
2024-05-13 17:11:36.007,19.8,100.9
2024-05-13 17:11:45.415,19.7,100.9
2024-05-13 17:11:54.694,19.7,100.9
2024-05-13 17:12:04.346,19.7,100.9
2024-05-13 17:12:14.085,19.7,100.9
2024-05-13 17:12:23.828,19.7,100.9
2024-05-13 17:12:33.389,19.8,100.9
2024-05-13 17:12:42.960,19.8,100.9
2024-05-13 17:12:52.607,19.6,100.9
2024-05-13 17:13:02.019,19.7,100.9
2024-05-13 17:13:11.853,19.8,100.9
2024-05-13 17:13:21.635,19.7,100.9
2024-05-13 17:13:30.938,19.6,100.9
2024-05-13 17:13:40.463,19.7,100.9
2024-05-13 17:13:50.106,19.7,100.9
2024-05-13 17:13:59.659,19.8,100.9
2024-05-13 17:14:09.329,19.8,100.9
2024-05-13 17:14:18.910,19.6,100.9
2024-05-13 17:14:28.368,19.6,100.9
2024-05-13 17:14:37.870,19.7,100.9
2024-05-13 17:14:47.711,19.7,100.9
2024-05-13 17:14:57.266,19.8,100.9
2024-05-13 17:15:06.842,19.8,100.9
2024-05-13 17:15:16.298,19.8,100.9
2024-05-13 17:15:25.792,19.8,100.9
2024-05-13 17:15:35.450,19.7,100.9
2024-05-13 17:15:44.798,19.8,100.9
2024-05-13 17:15:54.418,19.8,100.9
2024-05-13 17:16:03.893,19.7,100.9
2024-05-13 17:16:13.393,19.8,100.9
2024-05-13 17:16:22.937,19.7,100.9
2024-05-13 17:16:32.449,19.7,100.9
2024-05-13 17:16:42.143,19.7,100.9
2024-05-13 17:16:52.011,19.7,100.9
2024-05-13 17:17:01.359,19.7,100.9
2024-05-13 17:17:10.884,19.8,100.9
2024-05-13 17:17:20.311,19.8,100.9
2024-05-13 17:17:29.836,19.9,100.9
2024-05-13 17:17:39.797,19.8,100.9
2024-05-13 17:17:49.340,19.7,100.9
2024-05-13 17:17:58.818,19.6,100.9
2024-05-13 17:18:08.414,19.6,100.9
2024-05-13 17:18:18.131,19.7,100.9
2024-05-13 17:18:27.682,19.8,100.9
2024-05-13 17:18:37.071,19.8,100.9
2024-05-13 17:18:46.523,19.9,100.9
2024-05-13 17:18:55.791,19.7,100.9
2024-05-13 17:19:05.253,19.8,100.9
2024-05-13 17:19:14.776,19.8,100.9
2024-05-13 17:19:24.562,19.8,100.9
2024-05-13 17:19:34.219,19.8,100.9
2024-05-13 17:19:44.000,19.7,100.9
2024-05-13 17:19:53.453,19.9,100.9
2024-05-13 17:20:02.849,19.9,100.9
2024-05-13 17:20:12.556,19.9,100.9
2024-05-13 17:20:21.949,19.9,100.9
2024-05-13 17:20:31.444,19.8,100.9
2024-05-13 17:20:40.807,19.8,100.9
2024-05-13 17:20:50.604,19.8,100.9
2024-05-13 17:21:00.082,19.7,100.9
2024-05-13 17:21:09.588,19.8,100.9
2024-05-13 17:21:19.252,19.8,100.9
2024-05-13 17:21:28.970,19.8,100.9
2024-05-13 17:21:38.397,19.9,100.9
2024-05-13 17:21:48.298,19.9,100.9
2024-05-13 17:21:57.720,19.9,100.9
2024-05-13 17:22:07.251,20.0,100.9
2024-05-13 17:22:17.011,20.0,100.9
2024-05-13 17:22:26.386,19.9,100.9
2024-05-13 17:22:35.594,20.0,100.9
2024-05-13 17:22:45.362,19.9,100.9
2024-05-13 17:22:54.981,19.9,100.9
2024-05-13 17:23:04.552,20.1,100.9
2024-05-13 17:23:14.089,20.0,100.9
2024-05-13 17:23:23.690,19.9,100.9
2024-05-13 17:23:33.347,19.8,100.9
2024-05-13 17:23:42.906,19.9,100.9
2024-05-13 17:23:52.657,19.9,100.9
2024-05-13 17:24:02.201,19.9,100.9
2024-05-13 17:24:11.672,19.9,100.9
2024-05-13 17:24:21.046,19.9,100.9
2024-05-13 17:24:30.584,19.7,100.9
2024-05-13 17:24:40.179,19.9,100.9
2024-05-13 17:24:49.833,19.9,100.9
2024-05-13 17:24:59.129,19.8,100.9
2024-05-13 17:25:08.717,20.0,100.9
2024-05-13 17:25:18.352,20.1,100.9
2024-05-13 17:25:27.978,20.0,100.9
2024-05-13 17:25:37.901,19.8,100.9
2024-05-13 17:25:47.463,19.8,100.9
2024-05-13 17:25:56.682,19.8,100.9
2024-05-13 17:26:06.142,19.9,100.9
2024-05-13 17:26:15.508,20.0,100.9
2024-05-13 17:26:25.117,20.0,100.9
2024-05-13 17:26:34.449,20.0,100.9
2024-05-13 17:26:43.942,19.9,100.9
2024-05-13 17:26:53.550,19.9,100.9
2024-05-13 17:27:02.884,19.8,100.9
2024-05-13 17:27:12.334,19.8,100.9
2024-05-13 17:27:22.007,19.9,100.9
2024-05-13 17:27:31.398,19.9,100.9
2024-05-13 17:27:41.264,19.8,100.9
2024-05-13 17:27:51.224,19.8,100.9
2024-05-13 17:28:00.882,19.9,100.9
2024-05-13 17:28:10.508,20.0,100.9
2024-05-13 17:28:20.221,20.0,100.9
2024-05-13 17:28:29.864,20.0,100.9
2024-05-13 17:28:39.417,20.0,100.9
2024-05-13 17:28:48.970,20.0,100.9
2024-05-13 17:28:58.768,19.9,100.9
2024-05-13 17:29:08.379,19.8,100.9
2024-05-13 17:29:17.718,19.8,100.9
2024-05-13 17:29:27.409,19.8,100.9
2024-05-13 17:29:36.770,19.8,100.9
2024-05-13 17:29:46.109,19.8,100.9
2024-05-13 17:29:55.636,19.9,100.9
2024-05-13 17:30:05.061,19.8,100.9
2024-05-13 17:30:14.607,19.9,100.9
2024-05-13 17:30:24.037,19.9,100.9
2024-05-13 17:30:33.225,20.0,100.9
2024-05-13 17:30:42.870,20.1,100.9
2024-05-13 17:30:52.303,20.0,100.9
2024-05-13 17:31:01.891,20.0,100.9
2024-05-13 17:31:11.451,20.1,100.9
2024-05-13 17:31:21.033,20.0,100.9
2024-05-13 17:31:30.798,20.0,100.9
2024-05-13 17:31:39.965,20.0,100.9
2024-05-13 17:31:49.601,19.9,100.9
2024-05-13 17:31:58.918,20.0,100.9
2024-05-13 17:32:08.266,20.0,100.9
2024-05-13 17:32:17.851,20.0,100.9
2024-05-13 17:32:27.445,20.0,100.9
2024-05-13 17:32:37.090,19.9,100.9
2024-05-13 17:32:46.599,20.0,100.9
2024-05-13 17:32:56.495,20.0,100.9
2024-05-13 17:33:06.129,20.0,100.9
2024-05-13 17:33:15.491,19.9,100.9
2024-05-13 17:33:24.983,19.9,100.9
2024-05-13 17:33:34.504,19.9,100.9
2024-05-13 17:33:44.260,19.9,100.9
2024-05-13 17:33:53.944,19.9,100.9
2024-05-13 17:34:03.398,19.9,100.9
2024-05-13 17:34:13.019,19.9,100.9
2024-05-13 17:34:22.769,19.9,100.9
2024-05-13 17:34:32.132,19.9,100.9
2024-05-13 17:34:41.838,19.8,100.9
2024-05-13 17:34:51.673,20.0,100.9
2024-05-13 17:35:01.118,20.0,100.9
2024-05-13 17:35:10.842,20.1,100.9
2024-05-13 17:35:20.361,20.1,100.9
2024-05-13 17:35:29.771,20.1,100.9
2024-05-13 17:35:39.278,20.0,100.9
2024-05-13 17:35:48.542,20.1,100.9
2024-05-13 17:35:57.842,20.1,100.9
2024-05-13 17:36:07.529,20.0,100.9
2024-05-13 17:36:16.945,20.0,100.9
2024-05-13 17:36:26.484,19.9,100.9
2024-05-13 17:36:36.046,19.9,100.9
2024-05-13 17:36:45.508,20.0,100.9
2024-05-13 17:36:55.277,20.0,100.9
2024-05-13 17:37:04.941,19.9,100.9
2024-05-13 17:37:14.131,19.9,100.9
2024-05-13 17:37:23.299,19.9,100.9
2024-05-13 17:37:32.782,20.0,100.9
2024-05-13 17:37:42.245,20.0,100.9
2024-05-13 17:37:51.671,20.0,100.9
2024-05-13 17:38:01.083,20.0,100.9
2024-05-13 17:38:10.501,19.9,100.9
2024-05-13 17:38:20.190,19.9,100.9
2024-05-13 17:38:29.759,19.9,100.9
2024-05-13 17:38:38.908,19.9,100.9
2024-05-13 17:38:48.809,20.0,100.9
2024-05-13 17:38:58.475,20.0,100.9
2024-05-13 17:39:08.035,20.0,100.9
2024-05-13 17:39:17.674,19.9,100.9
2024-05-13 17:39:27.312,20.0,100.9
2024-05-13 17:39:36.774,20.0,100.9
2024-05-13 17:39:46.219,20.0,100.9
2024-05-13 17:39:55.919,20.0,100.9
2024-05-13 17:40:05.210,20.1,100.9
2024-05-13 17:40:14.317,20.0,100.9
2024-05-13 17:40:23.923,20.0,100.9
2024-05-13 17:40:33.343,20.1,100.9
2024-05-13 17:40:43.094,20.2,100.9
2024-05-13 17:40:52.700,20.1,100.9
2024-05-13 17:41:02.039,20.1,100.9
2024-05-13 17:41:11.587,20.1,100.9
2024-05-13 17:41:21.117,20.0,100.9
2024-05-13 17:41:30.710,20.1,100.9
2024-05-13 17:41:40.241,20.1,100.9
2024-05-13 17:41:49.539,20.0,100.9
2024-05-13 17:41:59.038,20.1,100.9
2024-05-13 17:42:08.190,20.0,100.9
2024-05-13 17:42:17.605,20.0,100.9
2024-05-13 17:42:27.050,20.1,100.9
2024-05-13 17:42:36.858,20.1,100.9
2024-05-13 17:42:46.109,20.1,100.9
2024-05-13 17:42:55.463,20.1,100.9
2024-05-13 17:43:05.203,20.1,100.9
2024-05-13 17:43:14.535,20.0,100.9
2024-05-13 17:43:24.244,20.0,100.9
2024-05-13 17:43:33.741,20.0,100.9
2024-05-13 17:43:43.354,20.0,100.9
2024-05-13 17:43:52.772,20.0,100.9
2024-05-13 17:44:02.313,19.9,100.9
2024-05-13 17:44:11.604,20.0,100.9
2024-05-13 17:44:21.305,20.0,100.9
2024-05-13 17:44:30.929,20.0,100.9
2024-05-13 17:44:40.606,20.0,100.9
2024-05-13 17:44:50.163,20.1,100.9
2024-05-13 17:44:59.675,20.1,100.9
2024-05-13 17:45:08.912,20.1,100.9
2024-05-13 17:45:18.280,20.1,100.9
2024-05-13 17:45:28.019,20.2,100.9
2024-05-13 17:45:37.248,20.1,100.9
2024-05-13 17:45:46.395,20.0,100.9
2024-05-13 17:45:56.305,20.0,100.9
2024-05-13 17:46:05.515,20.1,100.9
2024-05-13 17:46:14.746,20.0,100.9
2024-05-13 17:46:24.307,20.1,100.9
2024-05-13 17:46:33.747,20.0,100.9
2024-05-13 17:46:43.147,20.0,100.9
2024-05-13 17:46:53.014,20.0,100.9
2024-05-13 17:47:02.761,20.1,100.9
2024-05-13 17:47:12.317,20.0,100.9
2024-05-13 17:47:21.444,20.0,100.9
2024-05-13 17:47:30.966,20.0,100.9
2024-05-13 17:47:40.657,20.1,100.9
2024-05-13 17:47:50.198,20.1,100.9
2024-05-13 17:47:59.773,20.1,100.9
2024-05-13 17:48:09.408,20.0,100.9
2024-05-13 17:48:18.855,20.1,100.9
2024-05-13 17:48:28.287,20.1,100.9
2024-05-13 17:48:37.618,20.2,100.9
2024-05-13 17:48:47.050,20.1,100.9
2024-05-13 17:48:56.847,20.2,100.9
2024-05-13 17:49:06.170,20.1,100.9
2024-05-13 17:49:15.935,20.0,100.9
2024-05-13 17:49:25.299,20.0,100.9
2024-05-13 17:49:34.726,20.0,100.9
2024-05-13 17:49:44.235,20.0,100.9
2024-05-13 17:49:53.684,20.0,100.9
2024-05-13 17:50:03.113,20.0,100.9
2024-05-13 17:50:12.528,19.9,100.9
2024-05-13 17:50:22.264,20.0,100.9
2024-05-13 17:50:31.667,20.0,100.9
2024-05-13 17:50:41.192,20.1,100.9
2024-05-13 17:50:50.470,20.1,100.9
2024-05-13 17:51:00.123,20.1,100.9
2024-05-13 17:51:09.588,20.0,100.9
2024-05-13 17:51:19.106,19.9,100.9
2024-05-13 17:51:28.953,20.1,100.9
2024-05-13 17:51:38.494,20.1,100.9
2024-05-13 17:51:47.882,20.1,100.9
2024-05-13 17:51:57.251,20.1,100.9
2024-05-13 17:52:06.870,20.2,100.9
2024-05-13 17:52:16.012,20.1,100.9
2024-05-13 17:52:25.676,20.2,100.9
2024-05-13 17:52:35.480,20.1,100.9
2024-05-13 17:52:44.953,20.2,100.9
2024-05-13 17:52:54.764,20.1,100.9
2024-05-13 17:53:03.986,20.0,100.9
2024-05-13 17:53:13.550,20.1,100.9
2024-05-13 17:53:23.065,20.0,100.9
2024-05-13 17:53:32.543,20.1,100.9
2024-05-13 17:53:42.173,20.1,100.9
2024-05-13 17:53:51.937,20.1,100.9
2024-05-13 17:54:01.641,20.1,100.9
2024-05-13 17:54:11.330,20.1,100.9
2024-05-13 17:54:20.861,20.1,100.9
2024-05-13 17:54:30.404,20.2,100.9
2024-05-13 17:54:40.231,20.2,100.9
2024-05-13 17:54:49.492,20.1,100.9
2024-05-13 17:54:59.253,20.1,100.9
2024-05-13 17:55:08.701,20.2,100.9
2024-05-13 17:55:18.078,20.0,100.9
2024-05-13 17:55:27.556,20.1,100.9
2024-05-13 17:55:37.023,20.3,100.9
2024-05-13 17:55:46.710,20.2,100.9
2024-05-13 17:55:56.074,20.2,100.9
2024-05-13 17:56:05.630,20.3,100.9
2024-05-13 17:56:15.140,20.1,100.9
2024-05-13 17:56:24.785,20.0,100.9
2024-05-13 17:56:34.220,20.1,100.9
2024-05-13 17:56:43.463,20.1,100.9
2024-05-13 17:56:53.004,20.1,100.9
2024-05-13 17:57:02.746,20.1,100.9
2024-05-13 17:57:12.427,20.2,100.9
2024-05-13 17:57:21.873,20.1,100.9
2024-05-13 17:57:31.426,20.2,100.9
2024-05-13 17:57:40.591,20.2,100.9
2024-05-13 17:57:50.286,20.1,100.9
2024-05-13 17:57:59.641,20.2,100.9
2024-05-13 17:58:09.279,20.2,100.9
2024-05-13 17:58:18.746,20.2,100.9
2024-05-13 17:58:28.223,20.2,100.9
2024-05-13 17:58:37.493,20.2,100.9
2024-05-13 17:58:47.162,20.1,100.9
2024-05-13 17:58:56.455,20.1,100.9
2024-05-13 17:59:05.933,20.2,100.9
2024-05-13 17:59:15.324,20.2,100.9
2024-05-13 17:59:24.818,20.1,100.9
2024-05-13 17:59:34.063,20.1,100.9
2024-05-13 17:59:43.591,20.3,100.9
2024-05-13 17:59:52.826,20.2,100.9
2024-05-13 18:00:02.146,20.2,100.9
2024-05-13 18:00:11.950,20.1,100.9
2024-05-13 18:00:21.454,20.1,100.9
2024-05-13 18:00:30.931,20.2,100.9
2024-05-13 18:00:40.383,20.2,100.9
2024-05-13 18:00:49.722,20.3,100.9
2024-05-13 18:00:59.247,20.3,100.9
2024-05-13 18:01:08.774,20.3,100.9
2024-05-13 18:01:18.308,20.2,100.9
2024-05-13 18:01:27.773,20.1,100.9
2024-05-13 18:01:36.948,20.2,100.9
2024-05-13 18:01:46.243,20.2,100.9
2024-05-13 18:01:55.903,20.2,100.9
2024-05-13 18:02:05.388,20.2,100.9
2024-05-13 18:02:14.743,20.3,100.9
2024-05-13 18:02:24.350,20.2,100.9
2024-05-13 18:02:33.409,20.2,100.9
2024-05-13 18:02:43.151,20.3,100.9
2024-05-13 18:02:52.327,20.2,100.9
2024-05-13 18:03:01.820,20.2,100.9
2024-05-13 18:03:11.119,20.2,100.9
2024-05-13 18:03:20.528,20.2,100.9
2024-05-13 18:03:30.058,20.2,100.9
2024-05-13 18:03:39.822,20.1,100.9
2024-05-13 18:03:49.192,20.1,100.9
2024-05-13 18:03:58.681,20.0,100.9
2024-05-13 18:04:07.970,20.0,100.9
2024-05-13 18:04:17.244,20.1,100.9
2024-05-13 18:04:26.839,20.2,100.9
2024-05-13 18:04:36.408,20.2,100.9
2024-05-13 18:04:46.185,20.3,100.9
2024-05-13 18:04:55.505,20.2,100.9
2024-05-13 18:05:05.141,20.2,100.9
2024-05-13 18:05:14.706,20.1,100.9
2024-05-13 18:05:24.428,20.2,100.9
2024-05-13 18:05:33.660,20.2,100.9
2024-05-13 18:05:43.239,20.2,100.9
2024-05-13 18:05:52.796,20.3,100.9
2024-05-13 18:06:02.154,20.1,100.9
2024-05-13 18:06:11.839,20.1,100.9
2024-05-13 18:06:21.024,20.0,100.9
2024-05-13 18:06:30.808,20.2,100.9
2024-05-13 18:06:40.273,20.1,100.9
2024-05-13 18:06:49.642,20.1,100.9
2024-05-13 18:06:59.076,20.1,100.9
2024-05-13 18:07:08.607,20.1,100.9
2024-05-13 18:07:18.014,20.1,100.9
2024-05-13 18:07:27.264,20.2,100.9
2024-05-13 18:07:36.722,20.2,100.9
2024-05-13 18:07:46.027,20.1,100.9
2024-05-13 18:07:55.781,20.1,100.9
2024-05-13 18:08:05.204,20.0,100.9
2024-05-13 18:08:14.892,20.0,100.9
2024-05-13 18:08:24.083,20.1,100.9
2024-05-13 18:08:33.833,20.2,100.9
2024-05-13 18:08:43.279,20.1,100.9
2024-05-13 18:08:52.804,20.1,100.9
2024-05-13 18:09:02.375,20.1,100.9
2024-05-13 18:09:12.132,20.1,100.9
2024-05-13 18:09:21.556,20.1,100.9
2024-05-13 18:09:31.410,20.0,100.9
2024-05-13 18:09:40.822,20.1,100.9
2024-05-13 18:09:50.154,20.2,100.9
2024-05-13 18:09:59.660,20.2,100.9
2024-05-13 18:10:09.083,20.1,100.9
2024-05-13 18:10:18.644,20.2,100.9
2024-05-13 18:10:28.350,20.3,100.9
2024-05-13 18:10:37.622,20.3,100.9
2024-05-13 18:10:47.224,20.2,100.9
2024-05-13 18:10:56.733,20.2,100.9
2024-05-13 18:11:06.289,20.1,100.9
2024-05-13 18:11:15.637,20.1,100.9
2024-05-13 18:11:25.443,20.0,100.9
2024-05-13 18:11:34.574,20.1,100.9
2024-05-13 18:11:44.187,20.2,100.9
2024-05-13 18:11:53.531,20.1,100.9
2024-05-13 18:12:03.180,20.1,100.9
2024-05-13 18:12:12.680,20.2,100.9
2024-05-13 18:12:22.514,20.3,100.9
2024-05-13 18:12:31.979,20.3,100.9
2024-05-13 18:12:41.178,20.3,100.9
2024-05-13 18:12:50.649,20.2,100.9
2024-05-13 18:13:00.309,20.3,100.9
2024-05-13 18:13:09.650,20.3,100.9
2024-05-13 18:13:19.483,20.2,100.9
2024-05-13 18:13:28.822,20.3,100.9
2024-05-13 18:13:38.129,20.3,100.9
2024-05-13 18:13:47.790,20.3,100.9
2024-05-13 18:13:57.437,20.2,100.9
2024-05-13 18:14:06.558,20.2,100.9
2024-05-13 18:14:16.214,20.2,100.9
2024-05-13 18:14:25.382,20.1,100.9
2024-05-13 18:14:35.169,20.2,100.9
2024-05-13 18:14:44.763,20.2,100.9
2024-05-13 18:14:54.433,20.2,100.9
2024-05-13 18:15:04.001,20.2,100.9
2024-05-13 18:15:13.402,20.2,100.9
2024-05-13 18:15:22.787,20.2,100.9
2024-05-13 18:15:32.181,20.2,100.9
2024-05-13 18:15:41.719,20.2,100.9
2024-05-13 18:15:51.296,20.2,100.9
2024-05-13 18:16:00.661,20.1,100.9
2024-05-13 18:16:10.243,20.2,100.9
2024-05-13 18:16:19.731,20.2,100.9
2024-05-13 18:16:29.103,20.2,100.9
2024-05-13 18:16:38.704,20.1,100.9
2024-05-13 18:16:48.337,20.1,100.9
2024-05-13 18:16:57.897,20.2,100.9
2024-05-13 18:17:07.350,20.2,100.9
2024-05-13 18:17:16.891,20.2,100.9
2024-05-13 18:17:26.257,20.2,100.9
2024-05-13 18:17:35.851,20.2,100.9
2024-05-13 18:17:45.275,20.3,100.9
2024-05-13 18:17:54.740,20.2,100.9
2024-05-13 18:18:04.147,20.2,100.9
2024-05-13 18:18:13.692,20.2,100.9
2024-05-13 18:18:23.274,20.2,100.9
2024-05-13 18:18:32.724,20.2,100.9
2024-05-13 18:18:42.429,20.2,100.9
2024-05-13 18:18:51.856,20.3,100.9
2024-05-13 18:19:01.331,20.2,100.9
2024-05-13 18:19:10.905,20.1,100.9
2024-05-13 18:19:20.266,20.1,100.9
2024-05-13 18:19:29.534,20.2,100.9
2024-05-13 18:19:39.176,20.3,100.9
2024-05-13 18:19:48.871,20.3,100.9
2024-05-13 18:19:58.469,20.2,100.9
2024-05-13 18:20:07.706,20.2,100.9
2024-05-13 18:20:17.681,20.2,100.9
2024-05-13 18:20:27.153,20.2,100.9
2024-05-13 18:20:36.614,20.2,100.9
2024-05-13 18:20:45.997,20.2,100.9
2024-05-13 18:20:55.306,20.3,100.9
2024-05-13 18:21:04.684,20.2,100.9
2024-05-13 18:21:14.119,20.2,100.9
2024-05-13 18:21:23.964,20.2,100.9
2024-05-13 18:21:33.594,20.2,100.9
2024-05-13 18:21:43.215,20.3,100.9
2024-05-13 18:21:52.941,20.2,100.9
2024-05-13 18:22:02.160,20.1,100.9
2024-05-13 18:22:11.536,20.2,100.9
2024-05-13 18:22:20.791,20.2,100.9
2024-05-13 18:22:30.355,20.1,100.9
2024-05-13 18:22:39.813,20.1,100.9
2024-05-13 18:22:49.215,20.1,100.9
2024-05-13 18:22:58.736,20.0,100.9
2024-05-13 18:23:08.173,20.0,100.9
2024-05-13 18:23:17.569,20.1,100.9
2024-05-13 18:23:27.134,20.1,100.9
2024-05-13 18:23:36.727,20.1,100.9
2024-05-13 18:23:46.167,20.1,100.9
2024-05-13 18:23:55.589,20.1,100.9
2024-05-13 18:24:04.963,20.2,100.9
2024-05-13 18:24:14.470,20.2,100.9
2024-05-13 18:24:24.071,20.2,100.9
2024-05-13 18:24:33.331,20.3,100.9
2024-05-13 18:24:42.685,20.4,100.9
2024-05-13 18:24:52.186,20.4,100.9
2024-05-13 18:25:01.386,20.3,100.9
2024-05-13 18:25:10.975,20.3,100.9
2024-05-13 18:25:20.514,20.3,100.9
2024-05-13 18:25:29.957,20.3,100.9
2024-05-13 18:25:39.488,20.2,100.9
2024-05-13 18:25:48.690,20.2,100.9
2024-05-13 18:25:57.951,20.3,100.9
2024-05-13 18:26:07.182,20.2,100.9
2024-05-13 18:26:16.604,20.2,100.9
2024-05-13 18:26:26.138,20.3,100.9
2024-05-13 18:26:35.643,20.3,100.9
2024-05-13 18:26:45.624,20.1,100.9
2024-05-13 18:26:54.852,20.2,100.9
2024-05-13 18:27:04.289,20.3,100.9
2024-05-13 18:27:13.772,20.3,100.9
2024-05-13 18:27:23.383,20.2,100.9
2024-05-13 18:27:33.020,20.2,100.9
2024-05-13 18:27:42.288,20.2,100.9
2024-05-13 18:27:51.783,20.2,100.9
2024-05-13 18:28:01.298,20.3,100.9
2024-05-13 18:28:10.830,20.2,100.9
2024-05-13 18:28:20.182,20.2,100.9
2024-05-13 18:28:29.554,20.1,100.9
2024-05-13 18:28:38.789,20.2,100.9
2024-05-13 18:28:47.969,20.2,100.9
2024-05-13 18:28:57.701,20.3,100.9
2024-05-13 18:29:07.070,20.4,100.9
2024-05-13 18:29:16.325,20.5,100.9
2024-05-13 18:29:25.377,20.4,100.9
2024-05-13 18:29:34.952,20.4,100.9
2024-05-13 18:29:44.367,20.3,100.9
2024-05-13 18:29:53.832,20.4,100.9
2024-05-13 18:30:03.223,20.4,100.9
2024-05-13 18:30:12.395,20.3,100.9
2024-05-13 18:30:21.958,20.4,100.9
2024-05-13 18:30:31.311,20.3,100.9
2024-05-13 18:30:40.918,20.3,100.9
2024-05-13 18:30:50.801,20.3,100.9
2024-05-13 18:30:59.997,20.3,100.9
2024-05-13 18:31:09.361,20.2,100.9
2024-05-13 18:31:18.800,20.2,100.9
2024-05-13 18:31:27.764,20.3,100.9
2024-05-13 18:31:37.200,20.2,100.9
2024-05-13 18:31:46.447,20.3,100.9
2024-05-13 18:31:55.766,20.3,100.9
2024-05-13 18:32:05.086,20.2,100.9
2024-05-13 18:32:14.136,20.3,100.9
2024-05-13 18:32:23.510,20.2,100.9
2024-05-13 18:32:32.820,20.1,100.9
2024-05-13 18:32:42.340,20.2,100.9
2024-05-13 18:32:51.599,20.1,100.9
2024-05-13 18:33:01.133,20.1,100.9
2024-05-13 18:33:10.351,20.1,100.9
2024-05-13 18:33:19.400,20.2,100.9
2024-05-13 18:33:28.632,20.2,100.9
2024-05-13 18:33:38.028,20.2,100.9
2024-05-13 18:33:47.383,20.2,100.9
2024-05-13 18:33:56.813,20.3,100.9
2024-05-13 18:34:06.237,20.4,100.9
2024-05-13 18:34:15.512,20.4,100.9
2024-05-13 18:34:25.151,20.4,100.9
2024-05-13 18:34:34.601,20.3,100.9
2024-05-13 18:34:43.790,20.3,100.9
2024-05-13 18:34:53.021,20.4,100.9
2024-05-13 18:35:02.446,20.3,100.9
2024-05-13 18:35:11.654,20.3,100.9
2024-05-13 18:35:20.915,20.3,100.9
2024-05-13 18:35:30.070,20.3,100.9
2024-05-13 18:35:39.580,20.3,100.9
2024-05-13 18:35:49.007,20.3,100.9
2024-05-13 18:35:58.423,20.3,100.9
2024-05-13 18:36:07.842,20.3,100.9
2024-05-13 18:36:17.074,20.3,100.9
2024-05-13 18:36:26.434,20.2,100.9
2024-05-13 18:36:35.970,20.2,100.9
2024-05-13 18:36:45.673,20.3,100.9
2024-05-13 18:36:54.937,20.3,100.9
2024-05-13 18:37:04.153,20.3,100.9
2024-05-13 18:37:13.683,20.4,100.9
2024-05-13 18:37:23.297,20.4,100.9
2024-05-13 18:37:32.493,20.4,100.9
2024-05-13 18:37:41.655,20.4,100.9
2024-05-13 18:37:50.629,20.5,100.9
2024-05-13 18:38:00.059,20.5,100.9
2024-05-13 18:38:09.030,20.5,100.9
2024-05-13 18:38:18.655,20.3,100.9
2024-05-13 18:38:28.010,20.3,100.9
2024-05-13 18:38:37.163,20.3,100.9
2024-05-13 18:38:46.655,20.2,100.9
2024-05-13 18:38:55.856,20.3,100.9
2024-05-13 18:39:05.188,20.3,100.9
2024-05-13 18:39:14.550,20.3,100.9
2024-05-13 18:39:23.915,20.3,100.9
2024-05-13 18:39:33.367,20.2,100.9
2024-05-13 18:39:42.740,20.2,100.9
2024-05-13 18:39:52.362,20.2,100.9
2024-05-13 18:40:01.811,20.2,100.9
2024-05-13 18:40:11.176,20.2,100.9
2024-05-13 18:40:20.254,20.2,100.9
2024-05-13 18:40:29.541,20.2,100.9
2024-05-13 18:40:38.909,20.3,100.9
2024-05-13 18:40:48.327,20.2,100.9
2024-05-13 18:40:57.728,20.2,100.9
2024-05-13 18:41:07.232,20.3,100.9
2024-05-13 18:41:16.551,20.3,100.9
2024-05-13 18:41:25.616,20.3,100.9
2024-05-13 18:41:35.128,20.3,100.9
2024-05-13 18:41:44.358,20.2,100.9
2024-05-13 18:41:53.550,20.3,100.9
2024-05-13 18:42:03.092,20.3,100.9
2024-05-13 18:42:12.454,20.4,100.9
2024-05-13 18:42:21.976,20.3,100.9
2024-05-13 18:42:31.404,20.2,100.9
2024-05-13 18:42:40.719,20.2,100.9
2024-05-13 18:42:50.075,20.3,100.9
2024-05-13 18:42:59.402,20.4,100.9
2024-05-13 18:43:08.927,20.3,100.9
2024-05-13 18:43:18.547,20.3,100.9
2024-05-13 18:43:27.677,20.3,100.9
2024-05-13 18:43:36.692,20.3,100.9
2024-05-13 18:43:45.676,20.4,100.9
2024-05-13 18:43:54.884,20.3,100.9
2024-05-13 18:44:04.148,20.3,100.9
2024-05-13 18:44:13.511,20.3,100.9
2024-05-13 18:44:23.007,20.2,100.9
2024-05-13 18:44:32.655,20.1,100.9
2024-05-13 18:44:42.083,20.2,100.9
2024-05-13 18:44:51.449,20.3,100.9
2024-05-13 18:45:00.950,20.3,100.9
2024-05-13 18:45:10.250,20.2,100.9
2024-05-13 18:45:19.535,20.3,100.9
2024-05-13 18:45:28.866,20.3,100.9
2024-05-13 18:45:38.103,20.3,100.9
2024-05-13 18:45:47.251,20.3,100.9
2024-05-13 18:45:56.326,20.4,100.9
2024-05-13 18:46:05.796,20.3,100.9
2024-05-13 18:46:15.004,20.3,100.9
2024-05-13 18:46:24.442,20.3,100.9
2024-05-13 18:46:33.935,20.4,100.9
2024-05-13 18:46:43.734,20.3,100.9
2024-05-13 18:46:53.231,20.4,100.9
2024-05-13 18:47:02.520,20.4,100.9
2024-05-13 18:47:12.048,20.3,100.9
2024-05-13 18:47:21.397,20.3,100.9
2024-05-13 18:47:30.870,20.4,100.9
2024-05-13 18:47:40.085,20.3,100.9
2024-05-13 18:47:49.590,20.4,100.9
2024-05-13 18:47:58.925,20.3,100.9
2024-05-13 18:48:08.290,20.3,100.9
2024-05-13 18:48:17.958,20.4,100.9
2024-05-13 18:48:27.387,20.3,100.9
2024-05-13 18:48:36.751,20.4,100.9
2024-05-13 18:48:46.399,20.4,100.9
2024-05-13 18:48:56.000,20.3,100.9
2024-05-13 18:49:05.680,20.3,100.9
2024-05-13 18:49:15.087,20.3,100.9
2024-05-13 18:49:24.612,20.3,100.9
2024-05-13 18:49:34.207,20.2,100.9
2024-05-13 18:49:43.707,20.2,100.9
2024-05-13 18:49:52.700,20.2,100.9
2024-05-13 18:50:02.093,20.3,100.9
2024-05-13 18:50:11.430,20.2,100.9
2024-05-13 18:50:21.007,20.3,100.9
2024-05-13 18:50:30.457,20.3,100.9
2024-05-13 18:50:39.851,20.3,100.9
2024-05-13 18:50:49.306,20.3,100.9
2024-05-13 18:50:58.655,20.3,100.9
2024-05-13 18:51:08.328,20.4,100.9
2024-05-13 18:51:17.991,20.5,100.9
2024-05-13 18:51:27.740,20.6,100.9
2024-05-13 18:51:36.472,20.4,100.9
2024-05-13 18:51:45.762,20.5,100.9
2024-05-13 18:51:54.833,20.4,100.9
2024-05-13 18:52:04.373,20.4,100.9
2024-05-13 18:52:13.956,20.4,100.9
2024-05-13 18:52:23.518,20.4,100.9
2024-05-13 18:52:33.040,20.4,100.9
2024-05-13 18:52:42.653,20.3,100.9
2024-05-13 18:52:52.249,20.4,100.9
2024-05-13 18:53:01.975,20.4,100.9
2024-05-13 18:53:11.454,20.4,100.9
2024-05-13 18:53:20.911,20.3,100.9
2024-05-13 18:53:30.140,20.3,100.9
2024-05-13 18:53:39.339,20.3,100.9
2024-05-13 18:53:48.314,20.2,100.9
2024-05-13 18:53:57.835,20.4,100.9
2024-05-13 18:54:07.293,20.4,100.9
2024-05-13 18:54:16.659,20.5,100.9
2024-05-13 18:54:25.777,20.4,100.9
2024-05-13 18:54:34.823,20.4,100.9
2024-05-13 18:54:43.873,20.4,100.9
2024-05-13 18:54:53.286,20.4,100.9
2024-05-13 18:55:02.773,20.4,100.9
2024-05-13 18:55:12.614,20.4,100.9
2024-05-13 18:55:22.372,20.4,100.9
2024-05-13 18:55:31.890,20.3,100.9
2024-05-13 18:55:41.436,20.3,100.9
2024-05-13 18:55:50.372,20.3,100.9
2024-05-13 18:55:59.943,20.4,100.9
2024-05-13 18:56:09.280,20.4,100.9
2024-05-13 18:56:18.306,20.5,100.9
2024-05-13 18:56:27.272,20.4,100.9
2024-05-13 18:56:37.028,20.4,100.9
2024-05-13 18:56:46.614,20.4,100.9
2024-05-13 18:56:56.103,20.2,100.9
2024-05-13 18:57:05.686,20.3,100.9
2024-05-13 18:57:15.161,20.3,100.9
2024-05-13 18:57:24.646,20.3,100.9
2024-05-13 18:57:34.310,20.4,100.9
2024-05-13 18:57:43.831,20.4,100.9
2024-05-13 18:57:53.165,20.4,100.9
2024-05-13 18:58:02.344,20.3,100.9
2024-05-13 18:58:11.066,20.3,100.9
2024-05-13 18:58:20.842,20.4,100.9
2024-05-13 18:58:30.167,20.4,100.9
2024-05-13 18:58:39.119,20.4,100.9
2024-05-13 18:58:48.474,20.4,100.9
2024-05-13 18:58:58.275,20.4,100.9
2024-05-13 18:59:07.618,20.3,100.9
2024-05-13 18:59:17.204,20.4,100.9
2024-05-13 18:59:26.178,20.3,100.9
2024-05-13 18:59:35.432,20.5,100.9
2024-05-13 18:59:44.617,20.4,100.9
2024-05-13 18:59:54.056,20.4,100.9
2024-05-13 19:00:03.474,20.4,100.9
2024-05-13 19:00:13.094,20.3,100.9
2024-05-13 19:00:22.343,20.3,100.9
2024-05-13 19:00:31.366,20.4,100.9
2024-05-13 19:00:40.520,20.5,100.9
2024-05-13 19:00:49.902,20.4,100.9
2024-05-13 19:00:58.947,20.5,100.9
2024-05-13 19:01:08.172,20.4,100.9
2024-05-13 19:01:17.444,20.5,100.9
2024-05-13 19:01:26.985,20.5,100.9
2024-05-13 19:01:36.548,20.4,100.9
2024-05-13 19:01:45.966,20.4,100.9
2024-05-13 19:01:55.768,20.3,100.9
2024-05-13 19:02:05.226,20.4,100.9
2024-05-13 19:02:14.564,20.3,100.9
2024-05-13 19:02:23.971,20.4,100.9
2024-05-13 19:02:33.469,20.3,100.9
2024-05-13 19:02:43.253,20.3,100.9
2024-05-13 19:02:52.800,20.4,100.9
2024-05-13 19:03:02.307,20.4,100.9
2024-05-13 19:03:11.301,20.5,100.9
2024-05-13 19:03:20.332,20.5,100.9
2024-05-13 19:03:29.783,20.4,100.9
2024-05-13 19:03:39.325,20.3,100.9
2024-05-13 19:03:49.122,20.3,100.9
2024-05-13 19:03:58.769,20.4,100.9
2024-05-13 19:04:07.465,20.4,100.9
2024-05-13 19:04:16.976,20.4,100.9
2024-05-13 19:04:26.116,20.5,100.9
2024-05-13 19:04:35.147,20.4,100.9
2024-05-13 19:04:44.980,20.3,100.9
2024-05-13 19:04:54.137,20.4,100.9
2024-05-13 19:05:03.426,20.3,100.9
2024-05-13 19:05:13.280,20.3,100.9
2024-05-13 19:05:22.538,20.4,100.9
2024-05-13 19:05:31.629,20.4,100.9
2024-05-13 19:05:40.740,20.3,100.9
2024-05-13 19:05:49.745,20.3,100.9
2024-05-13 19:05:59.042,20.3,100.9
2024-05-13 19:06:08.611,20.3,100.9
2024-05-13 19:06:17.900,20.3,100.9
2024-05-13 19:06:26.929,20.4,100.9
2024-05-13 19:06:36.022,20.4,100.9
2024-05-13 19:06:45.547,20.4,100.9
2024-05-13 19:06:54.878,20.3,100.9
2024-05-13 19:07:04.358,20.4,100.9
2024-05-13 19:07:13.557,20.4,100.9
2024-05-13 19:07:22.727,20.4,100.9
2024-05-13 19:07:32.199,20.4,100.9
2024-05-13 19:07:41.697,20.5,100.9
2024-05-13 19:07:51.220,20.5,100.9
2024-05-13 19:08:00.538,20.5,100.9
2024-05-13 19:08:10.116,20.5,100.9
2024-05-13 19:08:19.747,20.5,100.9
2024-05-13 19:08:28.843,20.4,100.9
2024-05-13 19:08:37.855,20.4,100.9
2024-05-13 19:08:47.259,20.5,100.9
2024-05-13 19:08:56.973,20.5,100.9
2024-05-13 19:09:05.999,20.5,100.9
2024-05-13 19:09:15.122,20.4,100.9
2024-05-13 19:09:24.458,20.4,100.9
2024-05-13 19:09:33.893,20.3,100.9
2024-05-13 19:09:43.649,20.4,100.9
2024-05-13 19:09:52.961,20.3,100.9
2024-05-13 19:10:02.574,20.3,100.9
2024-05-13 19:10:11.519,20.4,100.9
2024-05-13 19:10:20.784,20.4,100.9
2024-05-13 19:10:30.471,20.4,100.9
2024-05-13 19:10:40.245,20.5,100.9
2024-05-13 19:10:49.030,20.5,100.9
2024-05-13 19:10:58.376,20.4,100.9
2024-05-13 19:11:08.083,20.3,100.9
2024-05-13 19:11:17.679,20.3,100.9
2024-05-13 19:11:26.976,20.4,100.9
2024-05-13 19:11:36.022,20.4,100.9
2024-05-13 19:11:45.137,20.4,100.9
2024-05-13 19:11:54.972,20.5,100.9
2024-05-13 19:12:04.398,20.4,100.9
2024-05-13 19:12:14.198,20.5,100.9
2024-05-13 19:12:23.625,20.5,100.9
2024-05-13 19:12:32.851,20.5,100.9
2024-05-13 19:12:42.105,20.5,100.9
2024-05-13 19:12:51.574,20.4,100.9
2024-05-13 19:13:01.024,20.4,100.9
2024-05-13 19:13:10.566,20.4,100.9
2024-05-13 19:13:20.093,20.6,100.9
2024-05-13 19:13:29.586,20.6,100.9
2024-05-13 19:13:38.733,20.6,100.9
2024-05-13 19:13:48.089,20.5,100.9
2024-05-13 19:13:57.794,20.5,100.9
2024-05-13 19:14:07.156,20.5,100.9
2024-05-13 19:14:16.350,20.5,100.9
2024-05-13 19:14:25.852,20.5,100.9
2024-05-13 19:14:35.094,20.4,100.9
2024-05-13 19:14:44.155,20.4,100.9
2024-05-13 19:14:53.352,20.4,100.9
2024-05-13 19:15:02.397,20.5,100.9
2024-05-13 19:15:11.548,20.4,100.9
2024-05-13 19:15:20.999,20.4,100.9
2024-05-13 19:15:30.567,20.5,100.9
2024-05-13 19:15:39.518,20.4,100.9
2024-05-13 19:15:49.246,20.4,100.9
2024-05-13 19:15:58.679,20.4,100.9
2024-05-13 19:16:07.974,20.4,100.9
2024-05-13 19:16:17.426,20.4,100.9
2024-05-13 19:16:27.214,20.5,100.9
2024-05-13 19:16:36.282,20.5,100.9
2024-05-13 19:16:45.186,20.5,100.9
2024-05-13 19:16:54.729,20.6,100.9
2024-05-13 19:17:04.022,20.5,100.9
2024-05-13 19:17:13.102,20.5,100.9
2024-05-13 19:17:22.443,20.4,100.9
2024-05-13 19:17:31.761,20.5,100.9
2024-05-13 19:17:41.284,20.4,100.9
2024-05-13 19:17:50.597,20.4,100.9
2024-05-13 19:18:00.086,20.4,100.9
2024-05-13 19:18:09.550,20.5,100.9
2024-05-13 19:18:19.365,20.5,100.9
2024-05-13 19:18:28.579,20.4,100.9
2024-05-13 19:18:38.148,20.5,100.9
2024-05-13 19:18:47.387,20.6,100.9
2024-05-13 19:18:56.476,20.4,100.9
2024-05-13 19:19:06.193,20.4,100.9
2024-05-13 19:19:15.934,20.5,100.9
2024-05-13 19:19:25.406,20.4,100.9
2024-05-13 19:19:34.806,20.3,100.9
2024-05-13 19:19:44.266,20.3,100.9
2024-05-13 19:19:53.807,20.4,100.9
2024-05-13 19:20:03.098,20.3,100.9
2024-05-13 19:20:12.646,20.4,100.9
2024-05-13 19:20:22.060,20.4,100.9
2024-05-13 19:20:31.598,20.3,100.9
2024-05-13 19:20:40.708,20.4,100.9
2024-05-13 19:20:50.059,20.4,100.9
2024-05-13 19:20:59.842,20.3,100.9
2024-05-13 19:21:09.611,20.3,100.9
2024-05-13 19:21:19.276,20.2,100.9
2024-05-13 19:21:28.934,20.3,100.9
2024-05-13 19:21:38.118,20.3,100.9
2024-05-13 19:21:47.132,20.4,100.9
2024-05-13 19:21:56.368,20.4,100.9
2024-05-13 19:22:06.018,20.4,100.9
2024-05-13 19:22:15.426,20.5,100.9
2024-05-13 19:22:24.861,20.4,100.9
2024-05-13 19:22:34.000,20.5,100.9
2024-05-13 19:22:42.978,20.6,100.9
2024-05-13 19:22:52.291,20.6,100.9
2024-05-13 19:23:01.896,20.7,100.9
2024-05-13 19:23:11.144,20.6,100.9
2024-05-13 19:23:20.732,20.6,100.9
2024-05-13 19:23:30.373,20.7,100.9
2024-05-13 19:23:40.016,20.5,100.9
2024-05-13 19:23:49.766,20.5,100.9
2024-05-13 19:23:59.012,20.5,100.9
2024-05-13 19:24:08.273,20.5,100.9
2024-05-13 19:24:17.511,20.5,100.9
2024-05-13 19:24:27.059,20.5,100.9
2024-05-13 19:24:36.691,20.5,100.9
2024-05-13 19:24:46.350,20.4,100.9
2024-05-13 19:24:55.892,20.4,100.9
2024-05-13 19:25:05.283,20.4,100.9
2024-05-13 19:25:14.615,20.4,100.9
2024-05-13 19:25:23.523,20.4,100.9
2024-05-13 19:25:32.955,20.4,100.9
2024-05-13 19:25:42.372,20.3,100.9
2024-05-13 19:25:52.029,20.3,100.9
2024-05-13 19:26:01.385,20.3,100.9
2024-05-13 19:26:10.726,20.4,100.9
2024-05-13 19:26:20.030,20.4,100.9
2024-05-13 19:26:29.667,20.4,100.9
2024-05-13 19:26:38.954,20.4,100.9
2024-05-13 19:26:48.084,20.4,100.9
2024-05-13 19:26:57.485,20.5,100.9
2024-05-13 19:27:06.877,20.4,100.9
2024-05-13 19:27:16.076,20.5,100.9
2024-05-13 19:27:25.335,20.4,100.9
2024-05-13 19:27:34.854,20.5,100.9
2024-05-13 19:27:44.361,20.5,100.9
2024-05-13 19:27:53.602,20.4,100.9
2024-05-13 19:28:02.865,20.5,100.9
2024-05-13 19:28:12.040,20.4,100.9
2024-05-13 19:28:21.242,20.3,100.9
2024-05-13 19:28:31.038,20.4,100.9
2024-05-13 19:28:40.486,20.4,100.9
2024-05-13 19:28:49.975,20.5,100.9
2024-05-13 19:28:59.379,20.5,100.9
2024-05-13 19:29:09.021,20.6,100.9
2024-05-13 19:29:18.814,20.5,100.9
2024-05-13 19:29:28.408,20.5,100.9
2024-05-13 19:29:37.951,20.5,100.9
2024-05-13 19:29:47.314,20.4,100.9
2024-05-13 19:29:56.620,20.5,100.9
2024-05-13 19:30:06.131,20.4,100.9
2024-05-13 19:30:15.363,20.5,100.9
2024-05-13 19:30:24.867,20.4,100.9
2024-05-13 19:30:34.092,20.5,100.9
2024-05-13 19:30:43.575,20.5,100.9
2024-05-13 19:30:53.160,20.3,100.9
2024-05-13 19:31:02.532,20.4,100.9
2024-05-13 19:31:11.837,20.4,100.9
2024-05-13 19:31:20.964,20.4,100.9
2024-05-13 19:31:30.724,20.4,100.9
2024-05-13 19:31:39.968,20.5,100.9
2024-05-13 19:31:49.559,20.5,100.9
2024-05-13 19:31:59.151,20.5,100.9
2024-05-13 19:32:08.570,20.4,100.9
2024-05-13 19:32:18.163,20.4,100.9
2024-05-13 19:32:27.542,20.4,100.9
2024-05-13 19:32:37.277,20.4,100.9
2024-05-13 19:32:46.802,20.5,100.9
2024-05-13 19:32:56.284,20.6,100.9
2024-05-13 19:33:05.458,20.6,100.9
2024-05-13 19:33:14.843,20.6,100.9
2024-05-13 19:33:24.008,20.6,100.9
2024-05-13 19:33:32.942,20.5,100.9
2024-05-13 19:33:42.212,20.6,100.9
2024-05-13 19:33:51.716,20.5,100.9
2024-05-13 19:34:00.847,20.4,100.9
2024-05-13 19:34:10.329,20.5,100.9
2024-05-13 19:34:19.199,20.5,100.9
2024-05-13 19:34:28.873,20.5,100.9
2024-05-13 19:34:38.311,20.4,100.9
2024-05-13 19:34:47.602,20.4,100.9
2024-05-13 19:34:56.832,20.5,100.9
2024-05-13 19:35:06.411,20.4,100.9
2024-05-13 19:35:15.953,20.4,100.9
2024-05-13 19:35:25.319,20.5,100.9
2024-05-13 19:35:34.838,20.4,100.9
2024-05-13 19:35:44.542,20.4,100.9
2024-05-13 19:35:54.019,20.5,100.9
2024-05-13 19:36:03.270,20.5,100.9
2024-05-13 19:36:12.740,20.5,100.9
2024-05-13 19:36:22.160,20.4,100.9
2024-05-13 19:36:32.019,20.5,100.9
2024-05-13 19:36:41.666,20.5,100.9
2024-05-13 19:36:51.540,20.5,100.9
2024-05-13 19:37:01.023,20.5,100.9
2024-05-13 19:37:10.151,20.6,100.9
2024-05-13 19:37:19.183,20.6,100.9
2024-05-13 19:37:28.971,20.5,100.9
2024-05-13 19:37:38.439,20.5,100.9
2024-05-13 19:37:47.950,20.5,100.9
2024-05-13 19:37:57.188,20.5,100.9
2024-05-13 19:38:06.333,20.5,100.9
2024-05-13 19:38:15.542,20.5,100.9
2024-05-13 19:38:24.890,20.5,100.9
2024-05-13 19:38:34.211,20.5,100.9
2024-05-13 19:38:43.955,20.5,100.9
2024-05-13 19:38:53.451,20.4,100.9
2024-05-13 19:39:03.248,20.4,100.9
2024-05-13 19:39:12.616,20.5,100.9
2024-05-13 19:39:21.661,20.5,100.9
2024-05-13 19:39:30.816,20.6,100.9
2024-05-13 19:39:40.596,20.6,100.9
2024-05-13 19:39:49.770,20.6,100.9
2024-05-13 19:39:58.761,20.5,100.9
2024-05-13 19:40:08.271,20.5,100.9
2024-05-13 19:40:17.872,20.6,100.9
2024-05-13 19:40:27.368,20.5,100.9
2024-05-13 19:40:36.710,20.5,100.9
2024-05-13 19:40:46.382,20.5,100.9
2024-05-13 19:40:55.492,20.5,100.9
2024-05-13 19:41:04.839,20.5,100.9
2024-05-13 19:41:14.515,20.6,100.9
2024-05-13 19:41:23.484,20.6,100.9
2024-05-13 19:41:33.031,20.6,100.9
2024-05-13 19:41:42.866,20.6,100.9
2024-05-13 19:41:52.399,20.5,100.9
2024-05-13 19:42:01.868,20.5,100.9
2024-05-13 19:42:11.388,20.5,100.9
2024-05-13 19:42:21.070,20.4,100.9
2024-05-13 19:42:30.339,20.5,100.9
2024-05-13 19:42:40.052,20.3,100.9
2024-05-13 19:42:49.478,20.3,100.9
2024-05-13 19:42:58.477,20.5,100.9
2024-05-13 19:43:08.077,20.5,100.9
2024-05-13 19:43:17.383,20.5,100.9
2024-05-13 19:43:27.214,20.5,100.9
2024-05-13 19:43:36.573,20.4,100.9
2024-05-13 19:43:45.406,20.4,100.9
2024-05-13 19:43:54.762,20.5,100.9
2024-05-13 19:44:03.925,20.6,100.9
2024-05-13 19:44:13.815,20.6,100.9
2024-05-13 19:44:23.576,20.5,100.9
2024-05-13 19:44:33.154,20.6,100.9
2024-05-13 19:44:42.028,20.5,100.9
2024-05-13 19:44:51.538,20.5,100.9
2024-05-13 19:45:00.914,20.6,100.9
2024-05-13 19:45:09.820,20.5,100.9
2024-05-13 19:45:19.117,20.5,100.9
2024-05-13 19:45:28.475,20.5,100.9
2024-05-13 19:45:38.054,20.5,100.9
2024-05-13 19:45:47.828,20.6,100.9
2024-05-13 19:45:57.349,20.6,100.9
2024-05-13 19:46:06.743,20.6,100.9
2024-05-13 19:46:16.521,20.5,100.9
2024-05-13 19:46:26.232,20.6,100.9
2024-05-13 19:46:36.030,20.5,100.9
2024-05-13 19:46:45.285,20.4,100.9
2024-05-13 19:46:54.333,20.5,100.9
2024-05-13 19:47:03.674,20.4,100.9
2024-05-13 19:47:12.647,20.6,100.9
2024-05-13 19:47:22.187,20.7,100.9
2024-05-13 19:47:31.790,20.5,100.9
2024-05-13 19:47:40.779,20.6,100.9
2024-05-13 19:47:50.353,20.6,100.9
2024-05-13 19:48:00.221,20.4,100.9
2024-05-13 19:48:09.770,20.5,100.9
2024-05-13 19:48:19.218,20.6,100.9
2024-05-13 19:48:28.976,20.6,100.9
2024-05-13 19:48:38.524,20.5,100.9
2024-05-13 19:48:47.297,20.5,100.9
2024-05-13 19:48:56.823,20.6,100.9
2024-05-13 19:49:06.634,20.5,100.9
2024-05-13 19:49:16.162,20.5,100.9
2024-05-13 19:49:25.808,20.5,100.9
2024-05-13 19:49:34.699,20.5,100.9
2024-05-13 19:49:44.070,20.5,100.9
2024-05-13 19:49:53.488,20.6,100.9
2024-05-13 19:50:03.054,20.6,100.9
2024-05-13 19:50:12.838,20.6,100.9
2024-05-13 19:50:22.633,20.6,100.9
2024-05-13 19:50:31.923,20.6,100.9
2024-05-13 19:50:41.697,20.6,100.9
2024-05-13 19:50:51.372,20.4,100.9
2024-05-13 19:51:01.054,20.4,100.9
2024-05-13 19:51:09.939,20.5,100.9
2024-05-13 19:51:19.276,20.4,100.9
2024-05-13 19:51:28.783,20.4,100.9
2024-05-13 19:51:38.666,20.5,100.9
2024-05-13 19:51:47.522,20.6,100.9
2024-05-13 19:51:56.854,20.6,100.9
2024-05-13 19:52:05.892,20.6,100.9
2024-05-13 19:52:15.726,20.6,100.9
2024-05-13 19:52:24.803,20.5,100.9
2024-05-13 19:52:33.901,20.6,100.9
2024-05-13 19:52:43.096,20.5,100.9
2024-05-13 19:52:52.590,20.6,100.9
2024-05-13 19:53:02.207,20.6,100.9
2024-05-13 19:53:11.828,20.7,100.9
2024-05-13 19:53:21.394,20.6,100.9
2024-05-13 19:53:31.035,20.5,100.9
2024-05-13 19:53:40.810,20.5,100.9
2024-05-13 19:53:50.666,20.5,100.9
2024-05-13 19:53:59.616,20.6,100.9
2024-05-13 19:54:09.368,20.5,100.9
2024-05-13 19:54:19.196,20.5,100.9
2024-05-13 19:54:28.019,20.5,100.9
2024-05-13 19:54:37.269,20.6,100.9
2024-05-13 19:54:46.837,20.5,100.9
2024-05-13 19:54:56.493,20.5,100.9
2024-05-13 19:55:06.045,20.4,100.9
2024-05-13 19:55:15.636,20.4,100.9
2024-05-13 19:55:25.285,20.5,100.9
2024-05-13 19:55:35.097,20.4,100.9
2024-05-13 19:55:44.042,20.4,100.9
2024-05-13 19:55:53.141,20.5,100.9
2024-05-13 19:56:02.880,20.6,100.9
2024-05-13 19:56:12.079,20.7,100.9
2024-05-13 19:56:21.839,20.6,100.9
2024-05-13 19:56:30.876,20.7,100.9
2024-05-13 19:56:40.005,20.6,100.9
2024-05-13 19:56:49.506,20.5,100.9
2024-05-13 19:56:59.227,20.6,100.9
2024-05-13 19:57:08.594,20.6,100.9
2024-05-13 19:57:17.485,20.6,100.9
2024-05-13 19:57:26.796,20.5,100.9
2024-05-13 19:57:36.427,20.5,100.9
2024-05-13 19:57:46.064,20.6,100.9
2024-05-13 19:57:55.433,20.7,100.9
2024-05-13 19:58:05.027,20.6,100.9
2024-05-13 19:58:14.904,20.6,100.9
2024-05-13 19:58:24.459,20.6,100.9
2024-05-13 19:58:33.580,20.6,100.9
2024-05-13 19:58:42.718,20.7,100.9
2024-05-13 19:58:51.959,20.6,100.9
2024-05-13 19:59:01.234,20.6,100.9
2024-05-13 19:59:10.775,20.5,100.9
2024-05-13 19:59:20.260,20.6,100.9
2024-05-13 19:59:29.987,20.6,100.9
2024-05-13 19:59:39.149,20.5,100.9
2024-05-13 19:59:48.464,20.5,100.9
2024-05-13 19:59:57.786,20.6,100.9
2024-05-13 20:00:07.307,20.6,100.9
2024-05-13 20:00:16.773,20.6,100.9
2024-05-13 20:00:26.040,20.6,100.9
2024-05-13 20:00:35.756,20.6,100.9
2024-05-13 20:00:45.195,20.5,100.9
2024-05-13 20:00:54.533,20.6,100.9
2024-05-13 20:01:03.514,20.5,100.9
2024-05-13 20:01:12.798,20.7,100.9
2024-05-13 20:01:21.814,20.6,100.9
2024-05-13 20:01:30.928,20.6,100.9
2024-05-13 20:01:40.069,20.6,100.9
2024-05-13 20:01:49.548,20.6,100.9
2024-05-13 20:01:58.992,20.7,100.9
2024-05-13 20:02:08.622,20.6,100.9
2024-05-13 20:02:17.872,20.5,100.9
2024-05-13 20:02:27.222,20.5,100.9
2024-05-13 20:02:36.107,20.6,100.9
2024-05-13 20:02:45.245,20.6,100.9
2024-05-13 20:02:54.721,20.7,100.9
2024-05-13 20:03:03.959,20.6,100.9
2024-05-13 20:03:13.442,20.5,100.9
2024-05-13 20:03:22.716,20.6,100.9
2024-05-13 20:03:31.524,20.6,100.9
2024-05-13 20:03:40.740,20.6,100.9
2024-05-13 20:03:50.398,20.6,100.9
2024-05-13 20:04:00.242,20.6,100.9
2024-05-13 20:04:09.778,20.6,100.9
2024-05-13 20:04:19.082,20.6,100.9
2024-05-13 20:04:28.175,20.6,100.9
2024-05-13 20:04:37.684,20.5,100.9
2024-05-13 20:04:46.813,20.6,100.9
2024-05-13 20:04:56.388,20.6,100.9
2024-05-13 20:05:06.129,20.6,100.9
2024-05-13 20:05:15.418,20.6,100.9
2024-05-13 20:05:25.394,20.6,100.9
2024-05-13 20:05:34.887,20.7,100.9
2024-05-13 20:05:43.970,20.6,100.9
2024-05-13 20:05:53.403,20.6,100.9
2024-05-13 20:06:03.289,20.5,100.9
2024-05-13 20:06:12.912,20.6,100.9
2024-05-13 20:06:21.807,20.6,100.9
2024-05-13 20:06:30.829,20.7,100.9
2024-05-13 20:06:40.265,20.6,100.9
2024-05-13 20:06:49.724,20.5,100.9
2024-05-13 20:06:59.464,20.6,100.9
2024-05-13 20:07:09.029,20.6,100.9
2024-05-13 20:07:18.478,20.6,100.9
2024-05-13 20:07:27.647,20.6,100.9
2024-05-13 20:07:36.711,20.6,100.9
2024-05-13 20:07:46.518,20.5,100.9
2024-05-13 20:07:55.658,20.6,100.9
2024-05-13 20:08:04.634,20.7,100.9
2024-05-13 20:08:14.446,20.6,100.9
2024-05-13 20:08:23.865,20.6,100.9
2024-05-13 20:08:32.905,20.4,100.9
2024-05-13 20:08:42.565,20.6,100.9
2024-05-13 20:08:52.328,20.7,100.9
2024-05-13 20:09:01.923,20.7,100.9
2024-05-13 20:09:11.450,20.7,100.9
2024-05-13 20:09:20.922,20.5,100.9
2024-05-13 20:09:30.679,20.6,100.9
2024-05-13 20:09:40.453,20.5,100.9
2024-05-13 20:09:50.425,20.6,100.9
2024-05-13 20:09:59.484,20.5,100.9
2024-05-13 20:10:08.687,20.6,100.9
2024-05-13 20:10:18.284,20.7,100.9
2024-05-13 20:10:27.875,20.7,100.9
2024-05-13 20:10:37.917,20.6,100.9
2024-05-13 20:10:47.495,20.5,100.9
2024-05-13 20:10:57.007,20.6,100.9
2024-05-13 20:11:06.061,20.6,100.9
2024-05-13 20:11:14.889,20.5,100.9
2024-05-13 20:11:24.367,20.6,100.9
2024-05-13 20:11:33.697,20.6,100.9
2024-05-13 20:11:42.794,20.5,100.9
2024-05-13 20:11:52.495,20.4,100.9
2024-05-13 20:12:02.253,20.5,100.9
2024-05-13 20:12:11.800,20.6,100.9
2024-05-13 20:12:21.096,20.7,100.9
2024-05-13 20:12:30.056,20.6,100.9
2024-05-13 20:12:39.675,20.6,100.9
2024-05-13 20:12:49.351,20.5,100.9
2024-05-13 20:12:59.197,20.6,100.9
2024-05-13 20:13:09.001,20.6,100.9
2024-05-13 20:13:17.876,20.6,100.9
2024-05-13 20:13:27.075,20.6,100.9
2024-05-13 20:13:36.990,20.6,100.9
2024-05-13 20:13:46.187,20.6,100.9
2024-05-13 20:13:55.210,20.6,100.9
2024-05-13 20:14:04.295,20.6,100.9
2024-05-13 20:14:13.909,20.6,100.9
2024-05-13 20:14:23.449,20.6,100.9
2024-05-13 20:14:32.592,20.6,100.9
2024-05-13 20:14:41.454,20.7,100.9
2024-05-13 20:14:51.337,20.7,100.9
2024-05-13 20:15:01.080,20.6,100.9
2024-05-13 20:15:09.980,20.6,100.9
2024-05-13 20:15:19.595,20.6,100.9
2024-05-13 20:15:29.072,20.7,100.9
2024-05-13 20:15:37.969,20.6,100.9
2024-05-13 20:15:47.765,20.6,100.9
2024-05-13 20:15:57.076,20.7,100.9
2024-05-13 20:16:05.887,20.7,100.9
2024-05-13 20:16:15.516,20.7,100.9
2024-05-13 20:16:25.112,20.7,100.9
2024-05-13 20:16:34.046,20.6,100.9
2024-05-13 20:16:43.690,20.6,100.9
2024-05-13 20:16:53.347,20.6,100.9
2024-05-13 20:17:03.044,20.6,100.9
2024-05-13 20:17:12.523,20.6,100.9
2024-05-13 20:17:22.469,20.6,100.9
2024-05-13 20:17:31.944,20.6,100.9
2024-05-13 20:17:41.336,20.7,100.9
2024-05-13 20:17:50.267,20.7,100.9
2024-05-13 20:18:00.021,20.7,100.9
2024-05-13 20:18:09.278,20.6,100.9
2024-05-13 20:18:18.583,20.6,100.9
2024-05-13 20:18:28.403,20.6,100.9
2024-05-13 20:18:37.708,20.7,100.9
2024-05-13 20:18:46.865,20.8,100.9
2024-05-13 20:18:56.274,20.8,100.9
2024-05-13 20:19:05.942,20.7,100.9
2024-05-13 20:19:15.939,20.7,100.9
2024-05-13 20:19:25.028,20.7,100.9
2024-05-13 20:19:34.529,20.6,100.9
2024-05-13 20:19:44.013,20.6,100.9
2024-05-13 20:19:53.041,20.6,100.9
2024-05-13 20:20:02.512,20.6,100.9
2024-05-13 20:20:12.160,20.7,100.9
2024-05-13 20:20:21.709,20.7,100.9
2024-05-13 20:20:31.530,20.7,100.9
2024-05-13 20:20:40.568,20.6,100.9
2024-05-13 20:20:50.065,20.5,100.9
2024-05-13 20:20:59.495,20.6,100.9
2024-05-13 20:21:08.932,20.6,100.9
2024-05-13 20:21:18.654,20.6,100.9
2024-05-13 20:21:27.813,20.6,100.9
2024-05-13 20:21:37.222,20.5,100.9
2024-05-13 20:21:46.624,20.5,100.9
2024-05-13 20:21:56.042,20.6,100.9
2024-05-13 20:22:05.038,20.5,100.9
2024-05-13 20:22:14.561,20.5,100.9
2024-05-13 20:22:24.378,20.5,100.9
2024-05-13 20:22:33.857,20.5,100.9
2024-05-13 20:22:42.928,20.6,100.9
2024-05-13 20:22:51.998,20.7,100.9
2024-05-13 20:23:01.825,20.7,100.9
2024-05-13 20:23:11.514,20.6,100.9
2024-05-13 20:23:21.045,20.6,100.9
2024-05-13 20:23:30.582,20.6,100.9
2024-05-13 20:23:39.402,20.7,100.9
2024-05-13 20:23:49.014,20.6,100.9
2024-05-13 20:23:58.650,20.6,100.9
2024-05-13 20:24:08.171,20.7,100.9
2024-05-13 20:24:17.407,20.6,100.9
2024-05-13 20:24:26.594,20.7,100.9
2024-05-13 20:24:35.986,20.7,100.9
2024-05-13 20:24:44.937,20.6,100.9
2024-05-13 20:24:53.918,20.6,100.9
2024-05-13 20:25:02.779,20.6,100.9
2024-05-13 20:25:12.099,20.6,100.9
2024-05-13 20:25:21.406,20.6,100.9
2024-05-13 20:25:30.909,20.7,100.9
2024-05-13 20:25:40.202,20.7,100.9
2024-05-13 20:25:48.928,20.7,100.9
2024-05-13 20:25:58.222,20.6,100.9
2024-05-13 20:26:07.636,20.7,100.9
2024-05-13 20:26:17.078,20.5,100.9
2024-05-13 20:26:26.794,20.6,100.9
2024-05-13 20:26:35.929,20.7,100.9
2024-05-13 20:26:44.651,20.6,100.9
2024-05-13 20:26:54.204,20.7,100.9
2024-05-13 20:27:03.776,20.7,100.9
2024-05-13 20:27:12.389,20.7,100.9
2024-05-13 20:27:21.901,20.6,100.9
2024-05-13 20:27:31.245,20.7,100.9
2024-05-13 20:27:40.729,20.7,100.9
2024-05-13 20:27:49.864,20.6,100.9
2024-05-13 20:27:58.699,20.5,100.9
2024-05-13 20:28:07.887,20.5,100.9
2024-05-13 20:28:17.570,20.4,100.9
2024-05-13 20:28:26.301,20.5,100.9
2024-05-13 20:28:35.438,20.5,100.9
2024-05-13 20:28:45.002,20.6,100.9
2024-05-13 20:28:54.502,20.7,100.9
2024-05-13 20:29:03.836,20.6,100.9
2024-05-13 20:29:12.540,20.6,100.9
2024-05-13 20:29:21.767,20.7,100.9
2024-05-13 20:29:31.341,20.6,100.9
2024-05-13 20:29:40.427,20.6,100.9
2024-05-13 20:29:49.893,20.6,100.9
2024-05-13 20:29:58.943,20.5,100.9
2024-05-13 20:30:07.807,20.6,100.9
2024-05-13 20:30:17.247,20.7,100.9
2024-05-13 20:30:26.668,20.5,100.9
2024-05-13 20:30:36.170,20.5,100.9
2024-05-13 20:30:44.960,20.5,100.9
2024-05-13 20:30:53.939,20.6,100.9
2024-05-13 20:31:03.356,20.6,100.9
2024-05-13 20:31:12.935,20.6,100.9
2024-05-13 20:31:22.051,20.7,100.9
2024-05-13 20:31:30.741,20.6,100.9
2024-05-13 20:31:39.998,20.6,100.9
2024-05-13 20:31:49.772,20.6,100.9
2024-05-13 20:31:59.228,20.6,100.9
2024-05-13 20:32:08.487,20.6,100.9
2024-05-13 20:32:17.672,20.6,100.9
2024-05-13 20:32:27.329,20.7,100.9
2024-05-13 20:32:36.558,20.6,100.9
2024-05-13 20:32:45.370,20.6,100.9
2024-05-13 20:32:54.515,20.5,100.9
2024-05-13 20:33:04.147,20.6,100.9
2024-05-13 20:33:13.593,20.7,100.9
2024-05-13 20:33:23.023,20.7,100.9
2024-05-13 20:33:32.204,20.7,100.9
2024-05-13 20:33:41.346,20.7,100.9
2024-05-13 20:33:50.474,20.7,100.9
2024-05-13 20:33:59.515,20.7,100.9
2024-05-13 20:34:08.331,20.7,100.9
2024-05-13 20:34:18.034,20.7,100.9
2024-05-13 20:34:27.090,20.7,100.9
2024-05-13 20:34:35.895,20.7,100.9
2024-05-13 20:34:45.347,20.7,100.9
2024-05-13 20:34:54.858,20.7,100.9
2024-05-13 20:35:04.425,20.7,100.9
2024-05-13 20:35:13.582,20.7,100.9
2024-05-13 20:35:22.377,20.6,100.9
2024-05-13 20:35:31.261,20.6,100.9
2024-05-13 20:35:40.744,20.6,100.9
2024-05-13 20:35:49.650,20.6,100.9
2024-05-13 20:35:58.539,20.6,100.9
2024-05-13 20:36:08.056,20.5,100.9
2024-05-13 20:36:17.519,20.6,100.9
2024-05-13 20:36:26.563,20.5,100.9
2024-05-13 20:36:35.932,20.5,100.9
2024-05-13 20:36:45.004,20.5,100.9
2024-05-13 20:36:53.638,20.6,100.9
2024-05-13 20:37:02.828,20.7,100.9
2024-05-13 20:37:12.024,20.7,100.9
2024-05-13 20:37:21.717,20.6,100.9
2024-05-13 20:37:30.457,20.7,100.9
2024-05-13 20:37:39.390,20.7,100.9
2024-05-13 20:37:48.161,20.6,100.9
2024-05-13 20:37:57.375,20.7,100.9
2024-05-13 20:38:07.009,20.6,100.9
2024-05-13 20:38:16.369,20.6,100.9
2024-05-13 20:38:25.367,20.7,100.9
2024-05-13 20:38:34.300,20.6,100.9
2024-05-13 20:38:43.217,20.7,100.9
2024-05-13 20:38:52.449,20.8,100.9
2024-05-13 20:39:01.587,20.8,100.9
2024-05-13 20:39:10.479,20.7,100.9
2024-05-13 20:39:19.643,20.8,100.9
2024-05-13 20:39:29.247,20.7,100.9
2024-05-13 20:39:38.631,20.7,100.9
2024-05-13 20:39:48.346,20.8,100.9
2024-05-13 20:39:57.862,20.8,100.9
2024-05-13 20:40:07.022,20.8,100.9
2024-05-13 20:40:15.919,20.8,100.9
2024-05-13 20:40:25.317,20.8,100.9
2024-05-13 20:40:34.511,20.8,100.9
2024-05-13 20:40:43.354,20.8,100.9
2024-05-13 20:40:52.485,20.7,100.9
2024-05-13 20:41:01.753,20.7,100.9
2024-05-13 20:41:11.152,20.7,100.9
2024-05-13 20:41:20.698,20.6,100.9
2024-05-13 20:41:30.067,20.5,100.9
2024-05-13 20:41:39.401,20.5,100.9
2024-05-13 20:41:48.952,20.5,100.9
2024-05-13 20:41:58.353,20.6,100.9
2024-05-13 20:42:07.213,20.6,100.9
2024-05-13 20:42:16.339,20.6,100.9
2024-05-13 20:42:25.733,20.7,100.9
2024-05-13 20:42:35.145,20.7,100.9
2024-05-13 20:42:44.769,20.7,100.9
2024-05-13 20:42:53.671,20.8,100.9
2024-05-13 20:43:02.468,20.7,100.9
2024-05-13 20:43:11.697,20.6,100.9
2024-05-13 20:43:21.102,20.5,100.9
2024-05-13 20:43:30.334,20.7,100.9
2024-05-13 20:43:39.457,20.7,100.9
2024-05-13 20:43:48.917,20.7,100.9
2024-05-13 20:43:58.181,20.7,100.9
2024-05-13 20:44:07.416,20.7,100.9
2024-05-13 20:44:16.756,20.7,100.9
2024-05-13 20:44:26.321,20.7,100.9
2024-05-13 20:44:35.784,20.7,100.9
2024-05-13 20:44:45.134,20.8,100.9
2024-05-13 20:44:54.489,20.7,100.9
2024-05-13 20:45:03.593,20.8,100.9
2024-05-13 20:45:13.028,20.8,100.9
2024-05-13 20:45:22.033,20.7,100.9
2024-05-13 20:45:31.446,20.7,100.9
2024-05-13 20:45:41.012,20.7,100.9
2024-05-13 20:45:50.244,20.6,100.9
2024-05-13 20:45:59.575,20.6,100.9
2024-05-13 20:46:09.188,20.7,100.9
2024-05-13 20:46:18.616,20.7,100.9
2024-05-13 20:46:27.479,20.7,100.9
2024-05-13 20:46:36.421,20.6,100.9
2024-05-13 20:46:45.611,20.6,100.9
2024-05-13 20:46:54.857,20.6,100.9
2024-05-13 20:47:03.663,20.6,100.9
2024-05-13 20:47:13.166,20.7,100.9
2024-05-13 20:47:22.692,20.7,100.9
2024-05-13 20:47:31.452,20.7,100.9
2024-05-13 20:47:40.542,20.8,100.9
2024-05-13 20:47:49.752,20.8,100.9
2024-05-13 20:47:59.371,20.7,100.9
2024-05-13 20:48:08.033,20.7,100.9
2024-05-13 20:48:17.278,20.6,100.9
2024-05-13 20:48:26.691,20.6,100.9
2024-05-13 20:48:36.251,20.6,100.9
2024-05-13 20:48:45.374,20.6,100.9
2024-05-13 20:48:54.405,20.7,100.9
2024-05-13 20:49:03.211,20.7,100.9
2024-05-13 20:49:12.525,20.7,100.9
2024-05-13 20:49:22.164,20.7,100.9
2024-05-13 20:49:31.292,20.6,100.9
2024-05-13 20:49:40.045,20.8,100.9
2024-05-13 20:49:49.635,20.8,100.9
2024-05-13 20:49:58.964,20.7,100.9
2024-05-13 20:50:08.341,20.7,100.9
2024-05-13 20:50:17.718,20.6,100.9
2024-05-13 20:50:27.254,20.6,100.9
2024-05-13 20:50:36.496,20.6,100.9
2024-05-13 20:50:45.896,20.7,100.9
2024-05-13 20:50:55.065,20.7,100.9
2024-05-13 20:51:04.330,20.7,100.9
2024-05-13 20:51:13.754,20.8,100.9
2024-05-13 20:51:23.405,20.7,100.9
2024-05-13 20:51:32.318,20.7,100.9
2024-05-13 20:51:41.399,20.6,100.9
2024-05-13 20:51:50.652,20.7,100.9
2024-05-13 20:52:00.206,20.7,100.9
2024-05-13 20:52:09.341,20.6,100.9
2024-05-13 20:52:18.591,20.7,100.9
2024-05-13 20:52:27.852,20.5,100.9
2024-05-13 20:52:36.696,20.5,100.9
2024-05-13 20:52:45.841,20.5,100.9
2024-05-13 20:52:55.249,20.7,100.9
2024-05-13 20:53:04.710,20.6,100.9
2024-05-13 20:53:13.845,20.7,100.9
2024-05-13 20:53:22.523,20.7,100.9
2024-05-13 20:53:32.145,20.6,100.9
2024-05-13 20:53:41.325,20.7,100.9
2024-05-13 20:53:49.922,20.6,100.9
2024-05-13 20:53:59.210,20.7,100.9
2024-05-13 20:54:08.682,20.7,100.9
2024-05-13 20:54:18.292,20.6,100.9
2024-05-13 20:54:27.885,20.6,100.9
2024-05-13 20:54:36.597,20.7,100.9
2024-05-13 20:54:45.989,20.7,100.9
2024-05-13 20:54:55.426,20.7,100.9
2024-05-13 20:55:04.520,20.7,100.9
2024-05-13 20:55:13.816,20.6,100.9
2024-05-13 20:55:23.039,20.6,100.9
2024-05-13 20:55:32.180,20.7,100.9
2024-05-13 20:55:41.762,20.6,100.9
2024-05-13 20:55:50.851,20.8,100.9
2024-05-13 20:56:00.383,20.7,100.9
2024-05-13 20:56:09.749,20.7,100.9
2024-05-13 20:56:19.145,20.7,100.9
2024-05-13 20:56:27.950,20.7,100.9
2024-05-13 20:56:37.157,20.7,100.9
2024-05-13 20:56:46.360,20.8,100.9
2024-05-13 20:56:55.565,20.7,100.9
2024-05-13 20:57:05.106,20.7,100.9
2024-05-13 20:57:14.456,20.8,100.9
2024-05-13 20:57:23.661,20.6,100.9
2024-05-13 20:57:32.817,20.6,100.9
2024-05-13 20:57:42.285,20.7,100.9
2024-05-13 20:57:51.899,20.6,100.9
2024-05-13 20:58:01.369,20.7,100.9
2024-05-13 20:58:10.859,20.7,100.9
2024-05-13 20:58:19.935,20.8,100.9
2024-05-13 20:58:29.159,20.7,100.9
2024-05-13 20:58:38.126,20.7,100.9
2024-05-13 20:58:47.252,20.7,100.9
2024-05-13 20:58:56.481,20.7,100.9
2024-05-13 20:59:05.254,20.7,100.9
2024-05-13 20:59:14.539,20.6,100.9
2024-05-13 20:59:23.655,20.7,100.9
2024-05-13 20:59:32.838,20.7,100.9
2024-05-13 20:59:42.288,20.7,100.9
2024-05-13 20:59:51.819,20.6,100.9
2024-05-13 21:00:00.722,20.6,100.9
2024-05-13 21:00:09.719,20.6,100.9
2024-05-13 21:00:18.818,20.7,100.9
2024-05-13 21:00:28.033,20.7,100.9
2024-05-13 21:00:37.019,20.7,100.9
2024-05-13 21:00:46.221,20.7,100.9
2024-05-13 21:00:55.697,20.6,100.9
2024-05-13 21:01:04.488,20.7,100.9
2024-05-13 21:01:13.790,20.7,100.9
2024-05-13 21:01:22.898,20.7,100.9
2024-05-13 21:01:32.195,20.6,100.9
2024-05-13 21:01:41.377,20.7,100.9
2024-05-13 21:01:50.840,20.6,100.9
2024-05-13 21:02:00.247,20.8,100.9
2024-05-13 21:02:09.457,20.7,100.9
2024-05-13 21:02:18.664,20.9,100.9
2024-05-13 21:02:27.907,20.8,100.9
2024-05-13 21:02:37.310,20.8,100.9
2024-05-13 21:02:46.472,20.6,100.9
2024-05-13 21:02:55.782,20.8,100.9
2024-05-13 21:03:04.852,20.8,100.9
2024-05-13 21:03:13.935,20.7,100.9
2024-05-13 21:03:23.326,20.8,100.9
2024-05-13 21:03:32.723,20.9,100.9
2024-05-13 21:03:41.824,20.9,100.9
2024-05-13 21:03:50.691,20.8,100.9
2024-05-13 21:03:59.979,20.7,100.9
2024-05-13 21:04:09.060,20.8,100.9
2024-05-13 21:04:18.374,20.8,100.9
2024-05-13 21:04:27.517,20.7,100.9
2024-05-13 21:04:36.983,20.8,100.9
2024-05-13 21:04:46.158,20.7,100.9
2024-05-13 21:04:55.586,20.8,100.9
2024-05-13 21:05:04.671,20.7,100.9
2024-05-13 21:05:14.036,20.6,100.9
2024-05-13 21:05:23.175,20.5,100.9
2024-05-13 21:05:32.649,20.6,100.9
2024-05-13 21:05:41.980,20.6,100.9
2024-05-13 21:05:51.098,20.6,100.9
2024-05-13 21:05:59.671,20.6,100.9
2024-05-13 21:06:08.851,20.6,100.9
2024-05-13 21:06:18.475,20.6,100.9
2024-05-13 21:06:27.706,20.5,100.9
2024-05-13 21:06:37.106,20.6,100.9
2024-05-13 21:06:46.916,20.6,100.9
2024-05-13 21:06:56.218,20.6,100.9
2024-05-13 21:07:05.337,20.7,100.9
2024-05-13 21:07:14.679,20.7,100.9
2024-05-13 21:07:23.976,20.7,100.9
2024-05-13 21:07:32.807,20.7,100.9
2024-05-13 21:07:41.692,20.7,100.9
2024-05-13 21:07:50.870,20.7,100.9
2024-05-13 21:08:00.389,20.7,100.9
2024-05-13 21:08:09.828,20.7,100.9
2024-05-13 21:08:19.269,20.7,100.9
2024-05-13 21:08:28.975,20.7,100.9
2024-05-13 21:08:37.665,20.7,100.9
2024-05-13 21:08:46.684,20.7,100.9
2024-05-13 21:08:56.012,20.8,100.9
2024-05-13 21:09:05.704,20.8,100.9
2024-05-13 21:09:15.230,20.8,100.9
2024-05-13 21:09:24.533,20.8,100.9
2024-05-13 21:09:33.472,20.7,100.9
2024-05-13 21:09:42.851,20.7,100.9
2024-05-13 21:09:52.053,20.8,100.9
2024-05-13 21:10:01.139,20.8,100.9
2024-05-13 21:10:10.162,20.7,100.9
2024-05-13 21:10:19.321,20.7,100.9
2024-05-13 21:10:28.478,20.6,100.9
2024-05-13 21:10:38.013,20.7,100.9
2024-05-13 21:10:47.396,20.7,100.9
2024-05-13 21:10:56.646,20.7,100.9
2024-05-13 21:11:06.093,20.7,100.9
2024-05-13 21:11:15.198,20.6,100.9
2024-05-13 21:11:24.610,20.7,100.9
2024-05-13 21:11:34.029,20.8,100.9
2024-05-13 21:11:43.188,20.9,100.9
2024-05-13 21:11:52.403,20.8,100.9
2024-05-13 21:12:02.010,20.8,100.9
2024-05-13 21:12:10.840,20.8,100.9
2024-05-13 21:12:19.935,20.7,100.9
2024-05-13 21:12:29.467,20.8,100.9
2024-05-13 21:12:38.294,20.8,100.9
2024-05-13 21:12:47.657,20.8,100.9
2024-05-13 21:12:57.361,20.7,100.9
2024-05-13 21:13:06.386,20.7,100.9
2024-05-13 21:13:15.185,20.7,100.9
2024-05-13 21:13:24.592,20.7,100.9
2024-05-13 21:13:34.226,20.7,100.9
2024-05-13 21:13:43.480,20.7,100.9
2024-05-13 21:13:52.223,20.8,100.9
2024-05-13 21:14:01.774,20.8,100.9
2024-05-13 21:14:11.051,20.7,100.9
2024-05-13 21:14:20.110,20.7,100.9
2024-05-13 21:14:29.685,20.7,100.9
2024-05-13 21:14:38.836,20.6,100.9
2024-05-13 21:14:47.650,20.7,100.9
2024-05-13 21:14:57.042,20.7,100.9
2024-05-13 21:15:06.586,20.6,100.9
2024-05-13 21:15:16.298,20.6,100.9
2024-05-13 21:15:25.082,20.7,100.9
2024-05-13 21:15:34.556,20.6,100.9
2024-05-13 21:15:43.815,20.7,100.9
2024-05-13 21:15:53.379,20.7,100.9
2024-05-13 21:16:02.711,20.6,100.9
2024-05-13 21:16:12.104,20.7,100.9
2024-05-13 21:16:20.941,20.6,100.9
2024-05-13 21:16:30.508,20.7,100.9
2024-05-13 21:16:40.036,20.7,100.9
2024-05-13 21:16:49.491,20.6,100.9
2024-05-13 21:16:58.130,20.6,100.9
2024-05-13 21:17:07.342,20.5,100.9
2024-05-13 21:17:16.227,20.6,100.9
2024-05-13 21:17:25.429,20.7,100.9
2024-05-13 21:17:34.942,20.8,100.9
2024-05-13 21:17:44.598,20.8,100.9
2024-05-13 21:17:53.290,20.8,100.9
2024-05-13 21:18:02.816,20.7,100.9
2024-05-13 21:18:12.581,20.8,100.9
2024-05-13 21:18:22.018,20.7,100.9
2024-05-13 21:18:31.598,20.6,100.9
2024-05-13 21:18:40.339,20.7,100.9
2024-05-13 21:18:49.689,20.7,100.9
2024-05-13 21:18:58.969,20.7,100.9
2024-05-13 21:19:08.052,20.9,100.9
2024-05-13 21:19:17.240,20.8,100.9
2024-05-13 21:19:26.668,20.8,100.9
2024-05-13 21:19:36.040,20.7,100.9
2024-05-13 21:19:45.630,20.7,100.9
2024-05-13 21:19:54.766,20.6,100.9
2024-05-13 21:20:03.761,20.7,100.9
2024-05-13 21:20:13.470,20.7,100.9
2024-05-13 21:20:22.454,20.7,100.9
2024-05-13 21:20:31.622,20.6,100.9
2024-05-13 21:20:40.649,20.7,100.9
2024-05-13 21:20:50.292,20.7,100.9
2024-05-13 21:20:58.950,20.8,100.9
2024-05-13 21:21:08.547,20.8,100.9
2024-05-13 21:21:17.795,20.7,100.9
2024-05-13 21:21:26.781,20.7,100.9
2024-05-13 21:21:36.316,20.7,100.9
2024-05-13 21:21:45.915,20.7,100.9
2024-05-13 21:21:54.762,20.7,100.9
2024-05-13 21:22:03.935,20.8,100.9
2024-05-13 21:22:13.368,20.8,100.9
2024-05-13 21:22:22.987,20.8,100.9
2024-05-13 21:22:32.015,20.8,100.9
2024-05-13 21:22:41.473,20.8,100.9
2024-05-13 21:22:50.541,20.7,100.9
2024-05-13 21:23:00.184,20.8,100.9
2024-05-13 21:23:09.108,20.7,100.9
2024-05-13 21:23:18.606,20.7,100.9
2024-05-13 21:23:28.029,20.6,100.9
2024-05-13 21:23:36.993,20.6,100.9
2024-05-13 21:23:45.489,20.6,100.9
2024-05-13 21:23:54.807,20.6,100.9
2024-05-13 21:24:04.046,20.7,100.9
2024-05-13 21:24:13.035,20.8,100.9
2024-05-13 21:24:22.172,20.7,100.9
2024-05-13 21:24:31.781,20.7,100.9
2024-05-13 21:24:41.238,20.7,100.9
2024-05-13 21:24:50.382,20.8,100.9
2024-05-13 21:24:59.730,20.7,100.9
2024-05-13 21:25:08.899,20.8,100.9
2024-05-13 21:25:18.086,20.7,100.9
2024-05-13 21:25:27.278,20.8,100.9
2024-05-13 21:25:36.684,20.8,100.9
2024-05-13 21:25:45.905,20.8,100.9
2024-05-13 21:25:55.472,20.8,100.9
2024-05-13 21:26:04.893,20.8,100.9
2024-05-13 21:26:14.465,20.9,100.9
2024-05-13 21:26:23.790,20.8,100.9
2024-05-13 21:26:32.991,20.8,100.9
2024-05-13 21:26:42.310,20.8,100.9
2024-05-13 21:26:51.520,20.8,100.9
2024-05-13 21:27:00.930,20.7,100.9
2024-05-13 21:27:09.903,20.7,100.9
2024-05-13 21:27:19.096,20.7,100.9
2024-05-13 21:27:28.575,20.7,100.9
2024-05-13 21:27:37.836,20.8,100.9
2024-05-13 21:27:47.071,20.8,100.9
2024-05-13 21:27:56.371,20.9,100.9
2024-05-13 21:28:05.753,20.9,100.9
2024-05-13 21:28:14.545,20.9,100.9
2024-05-13 21:28:23.731,20.9,100.9
2024-05-13 21:28:33.017,20.8,100.9
2024-05-13 21:28:42.476,20.7,100.9
2024-05-13 21:28:51.805,20.8,100.9
2024-05-13 21:29:01.382,20.7,100.9
2024-05-13 21:29:10.514,20.8,100.9
2024-05-13 21:29:19.953,20.8,100.9
2024-05-13 21:29:29.250,20.7,100.9
2024-05-13 21:29:38.669,20.7,100.9
2024-05-13 21:29:48.011,20.8,100.9
2024-05-13 21:29:57.465,20.6,100.9
2024-05-13 21:30:06.697,20.7,100.9
2024-05-13 21:30:16.060,20.7,100.9
2024-05-13 21:30:25.459,20.7,100.9
2024-05-13 21:30:34.792,20.7,100.9
2024-05-13 21:30:43.892,20.7,100.9
2024-05-13 21:30:53.139,20.8,100.9
2024-05-13 21:31:02.511,20.8,100.9
2024-05-13 21:31:11.562,20.7,100.9
2024-05-13 21:31:21.076,20.7,100.9
2024-05-13 21:31:30.407,20.7,100.9
2024-05-13 21:31:39.527,20.7,100.9
2024-05-13 21:31:48.521,20.7,100.9
2024-05-13 21:31:57.839,20.7,100.9
2024-05-13 21:32:07.138,20.6,100.9
2024-05-13 21:32:16.823,20.8,100.9
2024-05-13 21:32:25.875,20.8,100.9
2024-05-13 21:32:35.251,20.9,100.9
2024-05-13 21:32:44.393,20.8,100.9
2024-05-13 21:32:53.890,20.9,100.9
2024-05-13 21:33:03.124,20.8,100.9
2024-05-13 21:33:11.934,20.8,100.9
2024-05-13 21:33:21.092,20.9,100.9
2024-05-13 21:33:30.432,20.8,100.9
2024-05-13 21:33:39.917,20.8,100.9
2024-05-13 21:33:49.607,20.8,100.9
2024-05-13 21:33:59.198,20.9,100.9
2024-05-13 21:34:08.488,20.9,100.9
2024-05-13 21:34:18.081,20.9,100.9
2024-05-13 21:34:27.304,20.9,100.9
2024-05-13 21:34:36.604,20.9,100.9
2024-05-13 21:34:46.003,20.9,100.9
2024-05-13 21:34:55.129,20.9,100.9
2024-05-13 21:35:04.606,20.9,100.9
2024-05-13 21:35:13.835,20.8,100.9
2024-05-13 21:35:22.904,20.8,100.9
2024-05-13 21:35:32.394,20.9,100.9
2024-05-13 21:35:41.857,20.8,100.9
2024-05-13 21:35:50.887,20.8,100.9
2024-05-13 21:36:00.267,20.8,100.9
2024-05-13 21:36:09.085,20.8,100.9
2024-05-13 21:36:18.699,20.8,100.9
2024-05-13 21:36:28.137,20.8,100.9
2024-05-13 21:36:37.828,20.7,100.9
2024-05-13 21:36:46.933,20.6,100.9
2024-05-13 21:36:56.600,20.7,100.9
2024-05-13 21:37:05.912,20.7,100.9
2024-05-13 21:37:14.808,20.7,100.9
2024-05-13 21:37:24.362,20.8,100.9
2024-05-13 21:37:33.514,20.7,100.9
2024-05-13 21:37:42.166,20.8,100.9
2024-05-13 21:37:51.174,20.8,100.9
2024-05-13 21:38:00.664,20.9,100.9
2024-05-13 21:38:10.158,20.8,100.9
2024-05-13 21:38:19.312,20.6,100.9
2024-05-13 21:38:28.720,20.8,100.9
2024-05-13 21:38:38.090,20.7,100.9
2024-05-13 21:38:47.387,20.7,100.9
2024-05-13 21:38:56.811,20.7,100.9
2024-05-13 21:39:05.909,20.8,100.9
2024-05-13 21:39:15.107,20.7,100.9
2024-05-13 21:39:23.945,20.8,100.9
2024-05-13 21:39:33.347,20.7,100.9
2024-05-13 21:39:42.658,20.7,100.9
2024-05-13 21:39:51.997,20.8,100.9
2024-05-13 21:40:01.892,20.8,100.9
2024-05-13 21:40:11.367,20.8,100.9
2024-05-13 21:40:20.610,20.7,100.9
2024-05-13 21:40:29.878,20.8,100.9
2024-05-13 21:40:39.121,20.8,100.9
2024-05-13 21:40:48.071,20.8,100.9
2024-05-13 21:40:57.134,20.7,100.9
2024-05-13 21:41:06.579,20.8,100.9
2024-05-13 21:41:16.297,20.8,100.9
2024-05-13 21:41:25.034,20.7,100.9
2024-05-13 21:41:33.981,20.8,100.9
2024-05-13 21:41:43.196,20.6,100.9
2024-05-13 21:41:52.356,20.7,100.9
2024-05-13 21:42:01.376,20.8,100.9
2024-05-13 21:42:10.598,20.8,100.9
2024-05-13 21:42:19.796,20.8,100.9
2024-05-13 21:42:29.127,20.8,100.9
2024-05-13 21:42:38.848,20.8,100.9
2024-05-13 21:42:48.255,20.8,100.9
2024-05-13 21:42:57.875,20.8,100.9
2024-05-13 21:43:07.543,20.8,100.9
2024-05-13 21:43:16.808,20.8,100.9
2024-05-13 21:43:26.278,20.7,100.9
2024-05-13 21:43:35.838,20.7,100.9
2024-05-13 21:43:45.135,20.7,100.9
2024-05-13 21:43:54.629,20.7,100.9
2024-05-13 21:44:03.663,20.7,100.9
2024-05-13 21:44:12.938,20.7,100.9
2024-05-13 21:44:22.061,20.8,100.9
2024-05-13 21:44:31.256,20.7,100.9
2024-05-13 21:44:40.701,20.6,100.9
2024-05-13 21:44:49.990,20.8,100.9
2024-05-13 21:44:59.362,20.7,100.9
2024-05-13 21:45:08.578,20.7,100.9
2024-05-13 21:45:17.642,20.7,100.9
2024-05-13 21:45:26.680,20.6,100.9
2024-05-13 21:45:35.876,20.7,100.9
2024-05-13 21:45:45.412,20.7,100.9
2024-05-13 21:45:54.899,20.7,100.9
2024-05-13 21:46:04.266,20.7,100.9
2024-05-13 21:46:13.795,20.8,100.9
2024-05-13 21:46:22.633,20.7,100.9
2024-05-13 21:46:31.657,20.7,100.9
2024-05-13 21:46:41.089,20.6,100.9
2024-05-13 21:46:50.514,20.7,100.9
2024-05-13 21:46:59.535,20.6,100.9
2024-05-13 21:47:08.910,20.5,100.9
2024-05-13 21:47:18.120,20.6,100.9
2024-05-13 21:47:27.021,20.7,100.9
2024-05-13 21:47:36.019,20.6,100.9
2024-05-13 21:47:45.799,20.6,100.9
2024-05-13 21:47:54.882,20.6,100.9
2024-05-13 21:48:03.800,20.6,100.9
2024-05-13 21:48:13.524,20.7,100.9
2024-05-13 21:48:23.078,20.8,100.9
2024-05-13 21:48:32.456,20.8,100.9
2024-05-13 21:48:41.724,20.9,100.9
2024-05-13 21:48:50.466,20.8,100.9
2024-05-13 21:49:00.056,20.8,100.9
2024-05-13 21:49:09.777,20.7,100.9
2024-05-13 21:49:19.370,20.7,100.9
2024-05-13 21:49:28.103,20.7,100.9
2024-05-13 21:49:37.452,20.7,100.9
2024-05-13 21:49:46.978,20.8,100.9
2024-05-13 21:49:56.518,20.8,100.9
2024-05-13 21:50:05.681,20.9,100.9
2024-05-13 21:50:14.609,20.8,100.9
2024-05-13 21:50:23.871,20.8,100.9
2024-05-13 21:50:33.478,20.9,100.9
2024-05-13 21:50:43.089,20.8,100.9
2024-05-13 21:50:52.680,20.8,100.9
2024-05-13 21:51:02.262,20.7,100.9
2024-05-13 21:51:11.614,20.7,100.9
2024-05-13 21:51:20.658,20.8,100.9
2024-05-13 21:51:30.094,20.8,100.9
2024-05-13 21:51:39.475,20.8,100.9
2024-05-13 21:51:48.844,20.8,100.9
2024-05-13 21:51:57.893,20.8,100.9
2024-05-13 21:52:07.177,20.8,100.9
2024-05-13 21:52:16.424,20.8,100.9
2024-05-13 21:52:25.356,20.8,100.9
2024-05-13 21:52:34.569,20.8,100.9
2024-05-13 21:52:43.482,20.8,100.9
2024-05-13 21:52:52.620,20.8,100.9
2024-05-13 21:53:02.070,20.9,100.9
2024-05-13 21:53:11.598,20.9,100.9
2024-05-13 21:53:20.716,20.9,100.9
2024-05-13 21:53:29.927,20.9,100.9
2024-05-13 21:53:39.272,20.8,100.9
2024-05-13 21:53:48.408,20.8,100.9
2024-05-13 21:53:57.407,20.9,100.9
2024-05-13 21:54:06.234,20.8,100.9
2024-05-13 21:54:15.439,20.8,100.9
2024-05-13 21:54:24.420,20.7,100.9
2024-05-13 21:54:33.969,20.8,100.9
2024-05-13 21:54:43.589,20.8,100.9
2024-05-13 21:54:53.215,20.8,100.9
2024-05-13 21:55:02.050,20.8,100.9
2024-05-13 21:55:11.586,20.9,100.9
2024-05-13 21:55:20.698,20.9,100.9
2024-05-13 21:55:29.784,20.9,100.9
2024-05-13 21:55:38.876,20.8,100.9
2024-05-13 21:55:48.327,20.8,100.9
2024-05-13 21:55:57.983,20.7,100.9
2024-05-13 21:56:07.477,20.8,100.9
2024-05-13 21:56:16.357,20.8,100.9
2024-05-13 21:56:25.466,20.8,100.9
2024-05-13 21:56:34.973,20.8,100.9
2024-05-13 21:56:44.608,20.9,100.9
2024-05-13 21:56:53.487,20.8,100.9
2024-05-13 21:57:02.844,20.7,100.9
2024-05-13 21:57:12.435,20.8,100.9
2024-05-13 21:57:21.727,20.7,100.9
2024-05-13 21:57:30.790,20.7,100.9
2024-05-13 21:57:39.957,20.7,100.9
2024-05-13 21:57:49.447,20.8,100.9
2024-05-13 21:57:59.096,20.8,100.9
2024-05-13 21:58:07.937,20.8,100.9
2024-05-13 21:58:17.528,20.7,100.9
2024-05-13 21:58:26.425,20.9,100.9
2024-05-13 21:58:35.798,20.8,100.9
2024-05-13 21:58:44.693,20.8,100.9
2024-05-13 21:58:54.197,20.8,100.9
2024-05-13 21:59:03.656,20.8,100.9
2024-05-13 21:59:13.271,20.8,100.9
2024-05-13 21:59:22.346,20.7,100.9
2024-05-13 21:59:31.961,20.7,100.9
2024-05-13 21:59:41.292,20.6,100.9
2024-05-13 21:59:50.182,20.8,100.9
2024-05-13 21:59:59.202,20.7,100.9
2024-05-13 22:00:08.598,20.7,100.9
2024-05-13 22:00:18.126,20.6,100.9
2024-05-13 22:00:27.681,20.7,100.9
2024-05-13 22:00:37.184,20.8,100.9
2024-05-13 22:00:46.448,20.8,100.9
2024-05-13 22:00:56.120,20.7,100.9
2024-05-13 22:01:05.641,20.7,100.9
2024-05-13 22:01:14.979,20.7,100.9
2024-05-13 22:01:23.776,20.7,100.9
2024-05-13 22:01:33.153,20.7,100.9
2024-05-13 22:01:42.655,20.9,100.9
2024-05-13 22:01:51.796,20.9,100.9
2024-05-13 22:02:01.238,21.0,100.9
2024-05-13 22:02:10.464,20.8,100.9
2024-05-13 22:02:19.512,20.8,100.9
2024-05-13 22:02:28.409,20.8,100.9
2024-05-13 22:02:37.798,20.8,100.9
2024-05-13 22:02:47.308,20.9,100.9
2024-05-13 22:02:56.834,20.8,100.9
2024-05-13 22:03:06.011,20.9,100.9
2024-05-13 22:03:14.985,20.8,100.9
2024-05-13 22:03:23.983,20.9,100.9
2024-05-13 22:03:33.281,20.8,100.9
2024-05-13 22:03:43.049,20.7,100.9
2024-05-13 22:03:52.672,20.8,100.9
2024-05-13 22:04:02.172,20.8,100.9
2024-05-13 22:04:11.730,20.8,100.9
2024-05-13 22:04:20.582,20.8,100.9
2024-05-13 22:04:29.508,20.8,100.9
2024-05-13 22:04:38.955,20.8,100.9
2024-05-13 22:04:48.701,20.8,100.9
2024-05-13 22:04:58.028,20.8,100.9
2024-05-13 22:05:07.211,20.7,100.9
2024-05-13 22:05:16.606,20.7,100.9
2024-05-13 22:05:26.158,20.7,100.9
2024-05-13 22:05:35.085,20.8,100.9
2024-05-13 22:05:44.108,20.7,100.9
2024-05-13 22:05:53.654,20.8,100.9
2024-05-13 22:06:03.005,20.9,100.9
2024-05-13 22:06:12.707,20.8,100.9
2024-05-13 22:06:22.310,20.8,100.9
2024-05-13 22:06:31.710,20.6,100.9
2024-05-13 22:06:41.125,20.6,100.9
2024-05-13 22:06:49.984,20.7,100.9
2024-05-13 22:06:59.260,20.6,100.9
2024-05-13 22:07:08.671,20.8,100.9
2024-05-13 22:07:17.457,20.8,100.9
2024-05-13 22:07:26.873,20.7,100.9
2024-05-13 22:07:36.136,20.8,100.9
2024-05-13 22:07:45.628,20.9,100.9
2024-05-13 22:07:55.075,20.9,100.9
2024-05-13 22:08:04.353,20.8,100.9
2024-05-13 22:08:13.921,20.9,100.9
2024-05-13 22:08:23.580,20.9,100.9
2024-05-13 22:08:32.686,20.8,100.9
2024-05-13 22:08:41.747,20.8,100.9
2024-05-13 22:08:51.191,20.8,100.9
2024-05-13 22:09:00.884,20.8,100.9
2024-05-13 22:09:10.067,20.9,100.9
2024-05-13 22:09:18.816,20.7,100.9
2024-05-13 22:09:28.405,20.8,100.9
2024-05-13 22:09:37.683,20.8,100.9
2024-05-13 22:09:46.582,20.8,100.9
2024-05-13 22:09:55.710,20.8,100.9
2024-05-13 22:10:04.979,20.9,100.9
2024-05-13 22:10:14.245,20.7,100.9
2024-05-13 22:10:23.869,20.8,100.9
2024-05-13 22:10:33.235,20.8,100.9
2024-05-13 22:10:42.146,20.9,100.9
2024-05-13 22:10:51.494,20.9,100.9
2024-05-13 22:11:00.773,20.9,100.9
2024-05-13 22:11:09.920,20.8,100.9
2024-05-13 22:11:18.852,20.9,100.9
2024-05-13 22:11:27.963,20.9,100.9
2024-05-13 22:11:37.500,20.8,100.9
2024-05-13 22:11:46.953,20.8,100.9
2024-05-13 22:11:56.580,20.8,100.9
2024-05-13 22:12:05.477,20.7,100.9
2024-05-13 22:12:14.882,20.8,100.9
2024-05-13 22:12:24.217,20.8,100.9
2024-05-13 22:12:33.656,20.8,100.9
2024-05-13 22:12:42.899,20.8,100.9
2024-05-13 22:12:52.005,20.7,100.9
2024-05-13 22:13:01.678,20.8,100.9
2024-05-13 22:13:10.402,20.8,100.9
2024-05-13 22:13:19.642,20.8,100.9
2024-05-13 22:13:29.310,20.8,100.9
2024-05-13 22:13:38.246,20.9,100.9
2024-05-13 22:13:47.812,20.9,100.9
2024-05-13 22:13:56.758,20.9,100.9
2024-05-13 22:14:06.156,20.9,100.9
2024-05-13 22:14:15.832,20.9,100.9
2024-05-13 22:14:25.414,20.9,100.9
2024-05-13 22:14:35.127,20.9,100.9
2024-05-13 22:14:43.864,20.9,100.9
2024-05-13 22:14:53.086,20.8,100.9
2024-05-13 22:15:02.688,20.8,100.9
2024-05-13 22:15:12.159,20.8,100.9
2024-05-13 22:15:21.676,20.8,100.9
2024-05-13 22:15:31.433,20.8,100.9
2024-05-13 22:15:40.947,20.8,100.9
2024-05-13 22:15:49.824,20.9,100.9
2024-05-13 22:15:59.596,20.8,100.9
2024-05-13 22:16:08.822,20.9,100.9
2024-05-13 22:16:18.001,20.9,100.9
2024-05-13 22:16:26.940,20.9,100.9
2024-05-13 22:16:36.580,20.9,100.9
2024-05-13 22:16:45.760,20.8,100.9
2024-05-13 22:16:54.978,20.8,100.9
2024-05-13 22:17:04.479,20.8,100.9
2024-05-13 22:17:13.670,20.9,100.9
2024-05-13 22:17:23.151,20.8,100.9
2024-05-13 22:17:33.015,20.8,100.9
2024-05-13 22:17:42.284,20.7,100.9
2024-05-13 22:17:51.254,20.8,100.9
2024-05-13 22:18:00.696,20.8,100.9
2024-05-13 22:18:09.965,20.8,100.9
2024-05-13 22:18:18.915,20.7,100.9
2024-05-13 22:18:28.186,20.8,100.9
2024-05-13 22:18:37.426,20.8,100.9
2024-05-13 22:18:46.566,20.8,100.9
2024-05-13 22:18:55.342,20.9,100.9
2024-05-13 22:19:04.760,20.9,100.9
2024-05-13 22:19:14.473,20.9,100.9
2024-05-13 22:19:23.246,20.9,100.9
2024-05-13 22:19:32.741,20.9,100.9
2024-05-13 22:19:42.284,20.9,100.9
2024-05-13 22:19:51.873,20.9,100.9
2024-05-13 22:20:00.821,20.9,100.9
2024-05-13 22:20:10.196,21.0,100.9
2024-05-13 22:20:19.463,21.0,100.9
2024-05-13 22:20:28.767,20.9,100.9
2024-05-13 22:20:38.115,20.9,100.9
2024-05-13 22:20:47.152,20.9,100.9
2024-05-13 22:20:56.415,20.9,100.9
2024-05-13 22:21:05.498,20.8,100.9
2024-05-13 22:21:14.575,20.9,100.9
2024-05-13 22:21:24.256,20.9,100.9
2024-05-13 22:21:33.517,20.8,100.9
2024-05-13 22:21:42.686,20.8,100.9
2024-05-13 22:21:52.059,20.7,100.9
2024-05-13 22:22:01.238,20.7,100.9
2024-05-13 22:22:10.462,20.7,100.9
2024-05-13 22:22:19.775,20.8,100.9
2024-05-13 22:22:28.692,20.7,100.9
2024-05-13 22:22:38.472,20.7,100.9
2024-05-13 22:22:48.150,20.8,100.9
2024-05-13 22:22:57.934,20.8,100.9
2024-05-13 22:23:06.644,20.8,100.9
2024-05-13 22:23:15.605,20.8,100.9
2024-05-13 22:23:24.906,20.7,100.9
2024-05-13 22:23:34.560,20.6,100.9
2024-05-13 22:23:44.216,20.7,100.9
2024-05-13 22:23:53.556,20.8,100.9
2024-05-13 22:24:03.000,20.9,100.9
2024-05-13 22:24:12.451,20.8,100.9
2024-05-13 22:24:21.537,20.9,100.9
2024-05-13 22:24:30.114,20.8,100.9
2024-05-13 22:24:39.280,20.9,100.9
2024-05-13 22:24:48.805,20.9,100.9
2024-05-13 22:24:57.702,20.8,100.9
2024-05-13 22:25:06.639,20.9,100.9
2024-05-13 22:25:16.104,20.9,100.9
2024-05-13 22:25:24.745,20.9,100.9
2024-05-13 22:25:33.648,20.8,100.9
2024-05-13 22:25:43.150,20.8,100.9
2024-05-13 22:25:52.007,20.8,100.9
2024-05-13 22:26:01.018,20.8,100.9
2024-05-13 22:26:10.341,20.8,100.9
2024-05-13 22:26:19.742,20.7,100.9
2024-05-13 22:26:28.241,20.8,100.9
2024-05-13 22:26:37.320,20.8,100.9
2024-05-13 22:26:46.894,20.8,100.9
2024-05-13 22:26:55.939,20.9,100.9
2024-05-13 22:27:04.429,20.9,100.9
2024-05-13 22:27:13.576,20.9,100.9
2024-05-13 22:27:22.771,20.8,100.9
2024-05-13 22:27:31.830,20.8,100.9
2024-05-13 22:27:40.326,20.9,100.9
2024-05-13 22:27:49.267,20.7,100.9
2024-05-13 22:27:58.560,20.8,100.9
2024-05-13 22:28:07.003,20.9,100.9
2024-05-13 22:28:16.241,20.8,100.9
2024-05-13 22:28:25.494,20.9,100.9
2024-05-13 22:28:34.141,20.9,100.9
2024-05-13 22:28:43.215,20.9,100.9
2024-05-13 22:28:52.832,20.9,100.9
2024-05-13 22:29:01.760,20.8,100.9
2024-05-13 22:29:10.765,20.8,100.9
2024-05-13 22:29:19.665,20.8,100.9
2024-05-13 22:29:28.441,20.8,100.9
2024-05-13 22:29:37.810,20.8,100.9
2024-05-13 22:29:47.157,20.7,100.9
2024-05-13 22:29:55.587,20.7,100.9
2024-05-13 22:30:04.906,20.8,100.9
2024-05-13 22:30:13.812,20.8,100.9
2024-05-13 22:30:22.772,20.8,100.9
2024-05-13 22:30:31.486,20.8,100.9
2024-05-13 22:30:40.884,20.8,100.9
2024-05-13 22:30:49.511,20.8,100.9
2024-05-13 22:30:58.604,20.8,100.9
2024-05-13 22:31:07.749,20.8,100.9
2024-05-13 22:31:17.007,20.9,100.9
2024-05-13 22:31:25.959,20.9,100.9
2024-05-13 22:31:35.438,20.9,100.9
2024-05-13 22:31:44.008,20.8,100.9
2024-05-13 22:31:53.015,20.9,100.9
2024-05-13 22:32:02.358,20.8,100.9
2024-05-13 22:32:10.937,20.8,100.9
2024-05-13 22:32:20.193,20.8,100.9
2024-05-13 22:32:29.376,20.7,100.9
2024-05-13 22:32:38.700,20.8,100.9
2024-05-13 22:32:48.033,20.9,100.9
2024-05-13 22:32:56.658,20.8,100.9
2024-05-13 22:33:05.781,20.8,100.9
2024-05-13 22:33:14.894,20.7,100.9
2024-05-13 22:33:23.958,20.7,100.9
2024-05-13 22:33:32.436,20.8,100.9
2024-05-13 22:33:41.688,20.8,100.9
2024-05-13 22:33:50.453,20.8,100.9
2024-05-13 22:33:59.445,20.7,100.9
2024-05-13 22:34:08.973,20.9,100.9
2024-05-13 22:34:17.692,20.8,100.9
2024-05-13 22:34:27.051,20.9,100.9
2024-05-13 22:34:36.452,20.9,100.9
2024-05-13 22:34:45.900,20.8,100.9
2024-05-13 22:34:54.558,20.8,100.9
2024-05-13 22:35:03.224,20.9,100.9
2024-05-13 22:35:12.243,20.8,100.9
2024-05-13 22:35:21.485,20.9,100.9
2024-05-13 22:35:30.795,20.9,100.9
2024-05-13 22:35:39.563,20.9,100.9
2024-05-13 22:35:48.614,20.9,100.9
2024-05-13 22:35:57.794,20.9,100.9
2024-05-13 22:36:07.083,20.8,100.9
2024-05-13 22:36:16.455,20.8,100.9
2024-05-13 22:36:25.539,20.8,100.9
2024-05-13 22:36:34.229,20.7,100.9
2024-05-13 22:36:43.557,20.7,100.9
2024-05-13 22:36:52.101,20.7,100.9
2024-05-13 22:37:01.499,20.7,100.9
2024-05-13 22:37:10.537,20.7,100.9
2024-05-13 22:37:19.074,20.8,100.9
2024-05-13 22:37:28.458,20.8,100.9
2024-05-13 22:37:37.719,20.8,100.9
2024-05-13 22:37:46.716,20.9,100.9
2024-05-13 22:37:55.402,20.8,100.9
2024-05-13 22:38:04.872,20.8,100.9
2024-05-13 22:38:13.504,20.8,100.9
2024-05-13 22:38:23.108,20.7,100.9
2024-05-13 22:38:31.559,20.7,100.9
2024-05-13 22:38:40.369,20.8,100.9
2024-05-13 22:38:49.546,20.8,100.9
2024-05-13 22:38:58.827,20.8,100.9
2024-05-13 22:39:07.452,20.7,100.9
2024-05-13 22:39:16.631,20.9,100.9
2024-05-13 22:39:26.007,20.8,100.9
2024-05-13 22:39:34.970,20.8,100.9
2024-05-13 22:39:43.664,20.8,100.9
2024-05-13 22:39:53.275,20.9,100.9
2024-05-13 22:40:01.793,20.9,100.9
2024-05-13 22:40:11.317,20.9,100.9
2024-05-13 22:40:19.825,20.9,100.9
2024-05-13 22:40:29.111,20.9,100.9
2024-05-13 22:40:38.143,20.8,100.9
2024-05-13 22:40:47.001,20.9,100.9
2024-05-13 22:40:56.312,20.8,100.9
2024-05-13 22:41:04.924,20.8,100.9
2024-05-13 22:41:13.956,20.7,100.9
2024-05-13 22:41:23.384,20.7,100.9
2024-05-13 22:41:32.575,20.9,100.9
2024-05-13 22:41:41.241,20.8,100.9
2024-05-13 22:41:50.448,20.8,100.9
2024-05-13 22:41:59.879,20.8,100.9
2024-05-13 22:42:08.588,20.8,100.9
2024-05-13 22:42:17.864,20.9,100.9
2024-05-13 22:42:26.772,20.9,100.9
2024-05-13 22:42:35.722,20.8,100.9
2024-05-13 22:42:44.891,20.9,100.9
2024-05-13 22:42:53.946,21.0,100.9
2024-05-13 22:43:02.874,21.0,100.9
2024-05-13 22:43:12.096,21.1,100.9
2024-05-13 22:43:21.257,21.0,100.9
2024-05-13 22:43:29.964,21.0,100.9
2024-05-13 22:43:38.816,20.9,100.9
2024-05-13 22:43:47.754,20.9,100.9
2024-05-13 22:43:56.790,20.9,100.9
2024-05-13 22:44:06.189,21.0,100.9
2024-05-13 22:44:15.335,21.0,100.9
2024-05-13 22:44:24.354,20.8,100.9
2024-05-13 22:44:32.935,20.9,100.9
2024-05-13 22:44:42.331,20.9,100.9
2024-05-13 22:44:51.716,20.8,100.9
2024-05-13 22:45:00.670,20.7,100.9
2024-05-13 22:45:09.240,20.6,100.9
2024-05-13 22:45:17.847,20.7,100.9
2024-05-13 22:45:27.135,20.7,100.9
2024-05-13 22:45:36.468,20.8,100.9
2024-05-13 22:45:45.118,20.9,100.9
2024-05-13 22:45:54.538,20.8,100.9
2024-05-13 22:46:03.874,20.8,100.9
2024-05-13 22:46:13.235,20.9,100.9
2024-05-13 22:46:21.990,20.8,100.9
2024-05-13 22:46:30.906,20.8,100.9
2024-05-13 22:46:39.856,20.7,100.9
2024-05-13 22:46:49.343,20.7,100.9
2024-05-13 22:46:58.509,20.8,100.9
2024-05-13 22:47:07.714,20.7,100.9
2024-05-13 22:47:16.615,20.8,100.9
2024-05-13 22:47:25.652,20.8,100.9
2024-05-13 22:47:34.831,20.8,100.9
2024-05-13 22:47:44.078,20.9,100.9
2024-05-13 22:47:52.827,20.9,100.9
2024-05-13 22:48:01.719,20.8,100.9
2024-05-13 22:48:10.760,20.8,100.9
2024-05-13 22:48:19.777,20.7,100.9
2024-05-13 22:48:28.846,20.8,100.9
2024-05-13 22:48:37.858,20.8,100.9
2024-05-13 22:48:46.806,20.8,100.9
2024-05-13 22:48:55.444,20.8,100.9
2024-05-13 22:49:04.388,20.8,100.9
2024-05-13 22:49:13.378,20.8,100.9
2024-05-13 22:49:21.943,20.9,100.9
2024-05-13 22:49:31.368,20.8,100.9
2024-05-13 22:49:39.986,20.8,100.9
2024-05-13 22:49:48.854,20.8,100.9
2024-05-13 22:49:57.813,20.9,100.9
2024-05-13 22:50:06.507,20.8,100.9
2024-05-13 22:50:15.662,20.8,100.9
2024-05-13 22:50:24.767,20.8,100.9
2024-05-13 22:50:33.468,20.8,100.9
2024-05-13 22:50:42.676,20.8,100.9
2024-05-13 22:50:52.099,20.7,100.9
2024-05-13 22:51:01.421,20.8,100.9
2024-05-13 22:51:10.671,20.7,100.9
2024-05-13 22:51:19.698,20.7,100.9
2024-05-13 22:51:28.864,20.7,100.9
2024-05-13 22:51:37.799,20.8,100.9
2024-05-13 22:51:46.864,20.7,100.9
2024-05-13 22:51:55.872,20.8,100.9
2024-05-13 22:52:04.901,20.7,100.9
2024-05-13 22:52:14.327,20.7,100.9
2024-05-13 22:52:23.335,20.8,100.9
2024-05-13 22:52:32.243,20.8,100.9
2024-05-13 22:52:41.081,20.8,100.9
2024-05-13 22:52:50.493,20.9,100.9
2024-05-13 22:52:59.889,21.0,100.9
2024-05-13 22:53:08.924,20.7,100.9
2024-05-13 22:53:17.787,20.6,100.9
2024-05-13 22:53:26.695,20.6,100.9
2024-05-13 22:53:35.846,20.7,100.9
2024-05-13 22:53:44.670,20.7,100.9
2024-05-13 22:53:53.815,20.8,100.9
2024-05-13 22:54:03.232,20.8,100.9
2024-05-13 22:54:12.372,20.9,100.9
2024-05-13 22:54:21.462,20.9,100.9
2024-05-13 22:54:30.205,20.8,100.9
2024-05-13 22:54:39.261,20.9,100.9
2024-05-13 22:54:48.657,20.8,100.9
2024-05-13 22:54:57.629,20.8,100.9
2024-05-13 22:55:06.657,20.9,100.9
2024-05-13 22:55:15.286,20.8,100.9
2024-05-13 22:55:24.564,20.8,100.9
2024-05-13 22:55:33.684,20.9,100.9
2024-05-13 22:55:43.044,20.9,100.9
2024-05-13 22:55:52.286,20.8,100.9
2024-05-13 22:56:01.315,20.7,100.9
2024-05-13 22:56:10.484,20.8,100.9
2024-05-13 22:56:19.870,20.8,100.9
2024-05-13 22:56:28.741,20.8,100.9
2024-05-13 22:56:37.553,20.8,100.9
2024-05-13 22:56:46.360,20.9,100.9
2024-05-13 22:56:55.398,20.9,100.9
2024-05-13 22:57:03.998,20.9,100.9
2024-05-13 22:57:13.119,20.8,100.9
2024-05-13 22:57:22.052,20.7,100.9
2024-05-13 22:57:30.654,20.9,100.9
2024-05-13 22:57:39.580,20.8,100.9
2024-05-13 22:57:48.935,20.7,100.9
2024-05-13 22:57:58.025,20.7,100.9
2024-05-13 22:58:07.026,20.6,100.9
2024-05-13 22:58:16.368,20.6,100.9
2024-05-13 22:58:25.772,20.6,100.9
2024-05-13 22:58:35.109,20.7,100.8
2024-05-13 22:58:44.577,20.8,100.8
2024-05-13 22:58:53.364,20.8,100.8
2024-05-13 22:59:02.052,20.8,100.8
2024-05-13 22:59:11.644,20.8,100.8
2024-05-13 22:59:20.895,20.7,100.8
2024-05-13 22:59:29.940,20.8,100.8
2024-05-13 22:59:38.600,20.8,100.8
2024-05-13 22:59:47.926,20.9,100.8
2024-05-13 22:59:56.669,20.8,100.8
2024-05-13 23:00:05.458,20.8,100.8
2024-05-13 23:00:14.468,20.8,100.8
2024-05-13 23:00:23.687,20.7,100.8
2024-05-13 23:00:32.778,20.7,100.8
2024-05-13 23:00:42.290,20.8,100.8
2024-05-13 23:00:51.079,20.8,100.8
2024-05-13 23:01:00.438,20.8,100.8
2024-05-13 23:01:09.193,20.7,100.8
2024-05-13 23:01:18.028,20.8,100.8
2024-05-13 23:01:27.385,20.9,100.8
2024-05-13 23:01:35.980,20.7,100.8
2024-05-13 23:01:45.334,20.8,100.8
2024-05-13 23:01:54.812,20.7,100.8
2024-05-13 23:02:03.577,20.8,100.8
2024-05-13 23:02:12.484,20.9,100.8
2024-05-13 23:02:21.825,20.8,100.8
2024-05-13 23:02:31.075,20.8,100.8
2024-05-13 23:02:39.813,20.8,100.8
2024-05-13 23:02:48.696,20.7,100.8
2024-05-13 23:02:57.419,20.8,100.8
2024-05-13 23:03:06.936,20.7,100.8
2024-05-13 23:03:16.019,20.6,100.8
2024-05-13 23:03:24.764,20.7,100.8
2024-05-13 23:03:33.888,20.8,100.8
2024-05-13 23:03:43.310,20.8,100.8
2024-05-13 23:03:52.075,20.9,100.8
2024-05-13 23:04:01.156,20.9,100.8
2024-05-13 23:04:10.567,20.9,100.8
2024-05-13 23:04:19.207,20.9,100.8
2024-05-13 23:04:28.298,20.8,100.8
2024-05-13 23:04:37.306,20.8,100.8
2024-05-13 23:04:46.561,20.8,100.8
2024-05-13 23:04:55.142,20.9,100.8
2024-05-13 23:05:04.649,20.7,100.8
2024-05-13 23:05:13.416,20.8,100.8
2024-05-13 23:05:22.662,20.9,100.8
2024-05-13 23:05:31.456,20.8,100.8
2024-05-13 23:05:40.381,20.8,100.8
2024-05-13 23:05:49.557,20.7,100.8
2024-05-13 23:05:59.012,20.8,100.8
2024-05-13 23:06:08.235,20.7,100.8
2024-05-13 23:06:17.222,20.7,100.8
2024-05-13 23:06:26.356,20.7,100.8
2024-05-13 23:06:35.877,20.8,100.8
2024-05-13 23:06:45.026,20.8,100.8
2024-05-13 23:06:53.853,20.8,100.8
2024-05-13 23:07:03.028,20.8,100.8
2024-05-13 23:07:11.816,20.9,100.8
2024-05-13 23:07:20.885,21.0,100.8
2024-05-13 23:07:30.267,20.9,100.8
2024-05-13 23:07:39.734,20.9,100.8
2024-05-13 23:07:48.669,20.9,100.8
2024-05-13 23:07:57.341,20.9,100.8
2024-05-13 23:08:06.517,20.9,100.8
2024-05-13 23:08:16.123,20.8,100.8
2024-05-13 23:08:24.649,20.9,100.8
2024-05-13 23:08:34.077,20.8,100.8
2024-05-13 23:08:43.693,20.7,100.8
2024-05-13 23:08:52.692,20.8,100.8
2024-05-13 23:09:01.309,20.8,100.8
2024-05-13 23:09:10.396,20.8,100.8
2024-05-13 23:09:19.900,20.7,100.8
2024-05-13 23:09:28.435,20.7,100.8
2024-05-13 23:09:37.448,20.8,100.8
2024-05-13 23:09:46.641,20.8,100.8
2024-05-13 23:09:56.345,20.8,100.8
2024-05-13 23:10:05.126,20.9,100.8
2024-05-13 23:10:13.739,21.0,100.8
2024-05-13 23:10:23.012,21.0,100.8
2024-05-13 23:10:32.335,21.0,100.8
2024-05-13 23:10:40.958,20.9,100.8
2024-05-13 23:10:50.436,20.9,100.8
2024-05-13 23:10:59.091,20.8,100.8
2024-05-13 23:11:08.494,20.8,100.8
2024-05-13 23:11:16.994,20.7,100.8
2024-05-13 23:11:26.526,20.8,100.8
2024-05-13 23:11:35.146,20.7,100.8
2024-05-13 23:11:44.414,20.8,100.8
2024-05-13 23:11:53.957,20.9,100.8
2024-05-13 23:12:02.715,20.9,100.8
2024-05-13 23:12:11.846,20.9,100.8
2024-05-13 23:12:21.324,20.8,100.8
2024-05-13 23:12:29.621,20.8,100.8
2024-05-13 23:12:38.713,20.8,100.8
2024-05-13 23:12:48.333,20.8,100.8
2024-05-13 23:12:57.500,20.8,100.8
2024-05-13 23:13:06.687,20.7,100.8
2024-05-13 23:13:15.716,20.8,100.8
2024-05-13 23:13:24.941,20.9,100.8
2024-05-13 23:13:34.082,21.0,100.8
2024-05-13 23:13:43.199,20.9,100.8
2024-05-13 23:13:52.364,20.9,100.8
2024-05-13 23:14:01.613,20.9,100.8
2024-05-13 23:14:10.715,21.0,100.8
2024-05-13 23:14:20.095,20.9,100.8
2024-05-13 23:14:29.011,21.0,100.8
2024-05-13 23:14:38.089,20.8,100.8
2024-05-13 23:14:47.189,20.8,100.8
2024-05-13 23:14:56.604,20.9,100.8
2024-05-13 23:15:05.377,20.9,100.8
2024-05-13 23:15:14.396,20.9,100.8
2024-05-13 23:15:23.222,20.8,100.8
2024-05-13 23:15:32.498,20.7,100.8
2024-05-13 23:15:41.475,20.7,100.8
2024-05-13 23:15:50.556,20.7,100.8
2024-05-13 23:15:59.704,20.7,100.8
2024-05-13 23:16:08.724,20.8,100.8
2024-05-13 23:16:17.773,20.8,100.8
2024-05-13 23:16:27.040,20.8,100.8
2024-05-13 23:16:36.337,20.7,100.8
2024-05-13 23:16:45.523,20.7,100.8
2024-05-13 23:16:54.506,20.6,100.8
2024-05-13 23:17:03.616,20.7,100.8
2024-05-13 23:17:12.693,20.8,100.8
2024-05-13 23:17:21.852,20.7,100.8
2024-05-13 23:17:30.839,20.8,100.8
2024-05-13 23:17:39.890,20.8,100.8
2024-05-13 23:17:48.748,20.7,100.8
2024-05-13 23:17:58.053,20.8,100.8
2024-05-13 23:18:06.929,20.8,100.8
2024-05-13 23:18:15.951,20.8,100.8
2024-05-13 23:18:25.142,20.9,100.8
2024-05-13 23:18:34.459,20.8,100.8
2024-05-13 23:18:43.434,20.9,100.8
2024-05-13 23:18:52.744,20.8,100.8
2024-05-13 23:19:01.556,20.8,100.8
2024-05-13 23:19:10.557,20.9,100.8
2024-05-13 23:19:19.539,20.9,100.8
2024-05-13 23:19:28.380,20.9,100.8
2024-05-13 23:19:37.633,20.9,100.8
2024-05-13 23:19:46.435,20.8,100.8
2024-05-13 23:19:55.448,20.9,100.8
2024-05-13 23:20:04.503,20.8,100.8
2024-05-13 23:20:13.483,20.8,100.8
2024-05-13 23:20:22.436,20.9,100.8
2024-05-13 23:20:31.468,20.9,100.8
2024-05-13 23:20:40.565,20.9,100.8
2024-05-13 23:20:49.769,20.9,100.8
2024-05-13 23:20:58.704,20.9,100.8
2024-05-13 23:21:07.836,20.9,100.8
2024-05-13 23:21:16.889,20.9,100.8
2024-05-13 23:21:25.758,20.9,100.8
2024-05-13 23:21:35.033,20.9,100.8
2024-05-13 23:21:43.827,20.9,100.8
2024-05-13 23:21:52.633,20.9,100.8
2024-05-13 23:22:01.876,21.0,100.8
2024-05-13 23:22:11.007,20.8,100.8
2024-05-13 23:22:19.940,20.9,100.8
2024-05-13 23:22:29.011,20.8,100.8
2024-05-13 23:22:37.972,20.7,100.8
2024-05-13 23:22:47.057,20.8,100.8
2024-05-13 23:22:55.961,20.7,100.8
2024-05-13 23:23:05.154,20.7,100.8
2024-05-13 23:23:14.362,20.8,100.8
2024-05-13 23:23:23.204,20.7,100.8
2024-05-13 23:23:32.179,20.7,100.8
2024-05-13 23:23:41.612,20.8,100.8
2024-05-13 23:23:50.649,20.8,100.8
2024-05-13 23:23:59.623,20.8,100.8
2024-05-13 23:24:08.897,20.7,100.8
2024-05-13 23:24:17.747,20.7,100.8
2024-05-13 23:24:26.723,20.7,100.8
2024-05-13 23:24:35.581,20.9,100.8
2024-05-13 23:24:44.865,20.8,100.8
2024-05-13 23:24:53.977,20.9,100.8
2024-05-13 23:25:02.987,20.9,100.8
2024-05-13 23:25:11.900,20.8,100.8
2024-05-13 23:25:21.068,20.9,100.8
2024-05-13 23:25:30.289,20.8,100.8
2024-05-13 23:25:39.343,20.8,100.8
2024-05-13 23:25:48.491,20.8,100.8
2024-05-13 23:25:57.687,20.8,100.8
2024-05-13 23:26:06.858,20.8,100.8
2024-05-13 23:26:15.931,21.0,100.8
2024-05-13 23:26:24.987,20.9,100.8
2024-05-13 23:26:33.887,20.8,100.8
2024-05-13 23:26:42.880,20.8,100.8
2024-05-13 23:26:51.836,20.9,100.8
2024-05-13 23:27:01.088,20.9,100.8
2024-05-13 23:27:10.217,20.8,100.8
2024-05-13 23:27:19.258,20.8,100.8
2024-05-13 23:27:28.580,20.8,100.8
2024-05-13 23:27:37.812,20.8,100.8
2024-05-13 23:27:46.850,20.9,100.8
2024-05-13 23:27:55.863,20.9,100.8
2024-05-13 23:28:05.199,20.9,100.8
2024-05-13 23:28:14.239,20.7,100.8
2024-05-13 23:28:23.376,20.8,100.8
2024-05-13 23:28:32.385,20.7,100.8
2024-05-13 23:28:41.485,20.8,100.8
2024-05-13 23:28:50.400,20.7,100.8
2024-05-13 23:28:59.597,20.7,100.8
2024-05-13 23:29:08.475,20.7,100.8
2024-05-13 23:29:17.549,20.7,100.8
2024-05-13 23:29:26.595,20.8,100.8
2024-05-13 23:29:35.560,20.7,100.8
2024-05-13 23:29:44.441,20.8,100.8
2024-05-13 23:29:53.492,20.8,100.8
2024-05-13 23:30:02.131,20.9,100.8
2024-05-13 23:30:11.087,20.9,100.8
2024-05-13 23:30:20.405,20.7,100.8
2024-05-13 23:30:29.436,20.8,100.8
2024-05-13 23:30:38.268,20.7,100.8
2024-05-13 23:30:47.150,20.7,100.8
2024-05-13 23:30:56.143,20.7,100.8
2024-05-13 23:31:05.444,20.8,100.8
2024-05-13 23:31:14.569,20.8,100.8
2024-05-13 23:31:23.786,20.8,100.8
2024-05-13 23:31:33.307,20.8,100.8
2024-05-13 23:31:42.215,20.8,100.8
2024-05-13 23:31:51.288,20.8,100.8
2024-05-13 23:32:00.403,20.7,100.8
2024-05-13 23:32:09.465,20.8,100.8
2024-05-13 23:32:18.731,20.8,100.8
2024-05-13 23:32:27.842,20.8,100.8
2024-05-13 23:32:37.177,20.8,100.8
2024-05-13 23:32:46.100,20.9,100.8
2024-05-13 23:32:55.408,20.9,100.8
2024-05-13 23:33:04.480,20.9,100.8
2024-05-13 23:33:13.581,20.8,100.8
2024-05-13 23:33:22.582,20.8,100.8
2024-05-13 23:33:31.673,20.8,100.8
2024-05-13 23:33:40.973,20.9,100.8
2024-05-13 23:33:50.108,20.9,100.8
2024-05-13 23:33:59.080,20.9,100.8
2024-05-13 23:34:08.222,20.8,100.8
2024-05-13 23:34:17.281,20.8,100.8
2024-05-13 23:34:26.227,20.7,100.8
2024-05-13 23:34:35.122,20.8,100.8
2024-05-13 23:34:43.957,20.7,100.8
2024-05-13 23:34:52.780,20.7,100.8
2024-05-13 23:35:02.018,20.7,100.8
2024-05-13 23:35:11.305,20.7,100.8
2024-05-13 23:35:20.660,20.8,100.8
2024-05-13 23:35:29.869,20.9,100.8
2024-05-13 23:35:38.877,20.9,100.8
2024-05-13 23:35:48.301,20.9,100.8
2024-05-13 23:35:57.221,20.9,100.8
2024-05-13 23:36:06.293,20.8,100.8
2024-05-13 23:36:15.275,20.8,100.8
2024-05-13 23:36:24.422,20.8,100.8
2024-05-13 23:36:33.213,20.9,100.8
2024-05-13 23:36:42.183,20.7,100.8
2024-05-13 23:36:51.318,20.7,100.8
2024-05-13 23:37:00.484,20.8,100.8
2024-05-13 23:37:09.512,20.8,100.8
2024-05-13 23:37:18.568,20.7,100.8
2024-05-13 23:37:27.759,20.8,100.8
2024-05-13 23:37:36.963,20.8,100.8
2024-05-13 23:37:46.044,20.7,100.8
2024-05-13 23:37:55.136,20.6,100.8
2024-05-13 23:38:04.191,20.8,100.8
2024-05-13 23:38:13.247,20.8,100.8
2024-05-13 23:38:22.454,20.9,100.8
2024-05-13 23:38:31.085,20.8,100.8
2024-05-13 23:38:39.991,20.9,100.8
2024-05-13 23:38:49.061,20.8,100.8
2024-05-13 23:38:58.084,20.8,100.8
2024-05-13 23:39:06.982,20.7,100.8
2024-05-13 23:39:16.154,20.8,100.8
2024-05-13 23:39:25.376,20.9,100.8
2024-05-13 23:39:34.782,20.8,100.8
2024-05-13 23:39:43.918,20.8,100.8
2024-05-13 23:39:52.795,20.7,100.8
2024-05-13 23:40:02.073,20.7,100.8
2024-05-13 23:40:11.197,20.7,100.8
2024-05-13 23:40:20.528,20.8,100.8
2024-05-13 23:40:29.739,20.9,100.8
2024-05-13 23:40:38.851,20.7,100.8
2024-05-13 23:40:48.036,20.7,100.8
2024-05-13 23:40:57.076,20.7,100.8
2024-05-13 23:41:06.359,20.7,100.8
2024-05-13 23:41:15.570,20.7,100.8
2024-05-13 23:41:24.636,20.6,100.8
2024-05-13 23:41:33.591,20.7,100.8
2024-05-13 23:41:42.768,20.6,100.8
2024-05-13 23:41:51.650,20.7,100.8
2024-05-13 23:42:00.951,20.7,100.8
2024-05-13 23:42:09.666,20.8,100.8
2024-05-13 23:42:18.756,20.8,100.8
2024-05-13 23:42:27.887,20.8,100.8
2024-05-13 23:42:37.293,20.8,100.8
2024-05-13 23:42:46.256,20.7,100.8
2024-05-13 23:42:55.296,20.8,100.8
2024-05-13 23:43:04.291,20.8,100.8
2024-05-13 23:43:13.363,20.9,100.8
2024-05-13 23:43:22.796,20.8,100.8
2024-05-13 23:43:31.810,20.8,100.8
2024-05-13 23:43:40.808,20.9,100.8
2024-05-13 23:43:49.598,20.9,100.8
2024-05-13 23:43:58.463,20.8,100.8
2024-05-13 23:44:07.705,20.8,100.8
2024-05-13 23:44:17.215,20.8,100.8
2024-05-13 23:44:26.431,20.8,100.8
2024-05-13 23:44:35.587,20.7,100.8
2024-05-13 23:44:44.726,20.8,100.8
2024-05-13 23:44:53.837,20.7,100.8
2024-05-13 23:45:03.160,20.8,100.8
2024-05-13 23:45:11.999,20.8,100.8
2024-05-13 23:45:20.668,20.7,100.8
2024-05-13 23:45:29.579,20.7,100.8
2024-05-13 23:45:38.697,20.8,100.8
2024-05-13 23:45:47.847,20.8,100.8
2024-05-13 23:45:57.351,20.7,100.8
2024-05-13 23:46:06.422,20.8,100.8
2024-05-13 23:46:15.433,20.7,100.8
2024-05-13 23:46:24.463,20.8,100.8
2024-05-13 23:46:33.582,20.7,100.8
2024-05-13 23:46:42.631,20.7,100.8
2024-05-13 23:46:51.727,20.7,100.8
2024-05-13 23:47:00.462,20.8,100.8
2024-05-13 23:47:09.675,20.7,100.8
2024-05-13 23:47:18.543,20.8,100.8
2024-05-13 23:47:27.636,20.8,100.8
2024-05-13 23:47:36.839,20.8,100.8
2024-05-13 23:47:46.012,20.7,100.8
2024-05-13 23:47:54.805,20.6,100.8
2024-05-13 23:48:04.219,20.8,100.8
2024-05-13 23:48:12.984,20.9,100.8
2024-05-13 23:48:21.848,20.9,100.8
2024-05-13 23:48:31.147,20.9,100.8
2024-05-13 23:48:39.718,20.8,100.8
2024-05-13 23:48:49.169,20.9,100.8
2024-05-13 23:48:58.388,20.9,100.8
2024-05-13 23:49:07.532,20.8,100.8
2024-05-13 23:49:16.487,20.7,100.8
2024-05-13 23:49:25.476,20.7,100.8
2024-05-13 23:49:34.450,20.7,100.8
2024-05-13 23:49:43.612,20.9,100.8
2024-05-13 23:49:53.058,20.8,100.8
2024-05-13 23:50:02.156,20.7,100.8
2024-05-13 23:50:11.121,20.7,100.8
2024-05-13 23:50:20.342,20.8,100.8
2024-05-13 23:50:29.498,20.8,100.8
2024-05-13 23:50:38.569,20.8,100.8
2024-05-13 23:50:47.484,21.0,100.8
2024-05-13 23:50:56.599,21.0,100.8
2024-05-13 23:51:06.013,20.9,100.8
2024-05-13 23:51:14.898,20.9,100.8
2024-05-13 23:51:24.045,21.0,100.8
2024-05-13 23:51:33.063,20.9,100.8
2024-05-13 23:51:41.945,20.9,100.8
2024-05-13 23:51:50.924,21.0,100.8
2024-05-13 23:52:00.473,21.0,100.8
2024-05-13 23:52:09.365,20.9,100.8
2024-05-13 23:52:18.429,20.9,100.8
2024-05-13 23:52:27.356,20.9,100.8
2024-05-13 23:52:37.013,20.9,100.8
2024-05-13 23:52:46.402,20.9,100.8
2024-05-13 23:52:55.594,20.8,100.8
2024-05-13 23:53:05.036,20.8,100.8
2024-05-13 23:53:14.256,20.7,100.8
2024-05-13 23:53:23.395,20.7,100.8
2024-05-13 23:53:32.018,20.8,100.8
2024-05-13 23:53:41.309,20.7,100.8
2024-05-13 23:53:50.614,20.8,100.8
2024-05-13 23:54:00.011,20.8,100.8
2024-05-13 23:54:09.272,20.8,100.8
2024-05-13 23:54:17.929,20.8,100.8
2024-05-13 23:54:27.198,20.8,100.8
2024-05-13 23:54:36.463,20.7,100.8
2024-05-13 23:54:45.597,20.8,100.8
2024-05-13 23:54:54.130,20.8,100.8
2024-05-13 23:55:03.155,20.7,100.8
2024-05-13 23:55:12.223,20.8,100.8
2024-05-13 23:55:21.227,20.7,100.8
2024-05-13 23:55:30.356,20.8,100.8
2024-05-13 23:55:39.781,20.9,100.8
2024-05-13 23:55:48.313,20.9,100.8
2024-05-13 23:55:57.565,20.8,100.8
2024-05-13 23:56:06.582,20.8,100.8
2024-05-13 23:56:15.434,20.8,100.8
2024-05-13 23:56:24.635,20.8,100.8
2024-05-13 23:56:34.021,20.8,100.8
2024-05-13 23:56:43.294,20.8,100.8
2024-05-13 23:56:52.370,20.9,100.8
2024-05-13 23:57:01.131,20.9,100.8
2024-05-13 23:57:10.205,20.9,100.8
2024-05-13 23:57:18.805,20.9,100.8
2024-05-13 23:57:28.251,20.8,100.8
2024-05-13 23:57:37.645,20.8,100.8
2024-05-13 23:57:47.077,20.7,100.8
2024-05-13 23:57:56.317,20.7,100.8
2024-05-13 23:58:05.793,20.7,100.8
2024-05-13 23:58:14.705,20.6,100.8
2024-05-13 23:58:23.561,20.7,100.8
2024-05-13 23:58:32.992,20.8,100.8
2024-05-13 23:58:42.326,20.8,100.8
2024-05-13 23:58:50.884,20.8,100.8
2024-05-13 23:59:00.252,20.8,100.8
2024-05-13 23:59:09.015,20.9,100.8
2024-05-13 23:59:17.915,20.8,100.8
2024-05-13 23:59:26.818,20.8,100.8
2024-05-13 23:59:36.183,20.8,100.8
2024-05-13 23:59:45.071,20.8,100.8
2024-05-13 23:59:53.873,20.8,100.8
2024-05-14 00:00:03.224,20.8,100.8
2024-05-14 00:00:12.160,20.8,100.8
2024-05-14 00:00:21.261,20.8,100.8
2024-05-14 00:00:30.136,20.8,100.8
2024-05-14 00:00:39.301,20.7,100.8
2024-05-14 00:00:48.815,20.8,100.8
2024-05-14 00:00:57.592,20.7,100.8
2024-05-14 00:01:06.532,20.8,100.8
2024-05-14 00:01:15.471,20.8,100.8
2024-05-14 00:01:24.609,20.8,100.8
2024-05-14 00:01:33.817,20.8,100.8
2024-05-14 00:01:42.864,20.7,100.8
2024-05-14 00:01:52.369,20.8,100.8
2024-05-14 00:02:01.573,20.7,100.8
2024-05-14 00:02:11.077,20.8,100.8
2024-05-14 00:02:20.242,20.8,100.8
2024-05-14 00:02:28.978,20.8,100.8
2024-05-14 00:02:38.472,20.8,100.8
2024-05-14 00:02:47.757,20.8,100.8
2024-05-14 00:02:56.425,20.8,100.8
2024-05-14 00:03:05.846,20.9,100.8
2024-05-14 00:03:14.953,20.8,100.8
2024-05-14 00:03:23.986,20.8,100.8
2024-05-14 00:03:32.943,20.7,100.8
2024-05-14 00:03:42.107,20.7,100.8
2024-05-14 00:03:51.483,20.6,100.8
2024-05-14 00:04:01.099,20.5,100.8
2024-05-14 00:04:09.798,20.7,100.8
2024-05-14 00:04:18.559,20.7,100.8
2024-05-14 00:04:27.374,20.8,100.8
2024-05-14 00:04:36.191,20.7,100.8
2024-05-14 00:04:45.612,20.8,100.8
2024-05-14 00:04:54.848,20.8,100.8
2024-05-14 00:05:04.094,20.8,100.8
2024-05-14 00:05:13.362,20.8,100.8
2024-05-14 00:05:22.371,20.9,100.8
2024-05-14 00:05:31.621,20.9,100.8
2024-05-14 00:05:41.063,20.8,100.8
2024-05-14 00:05:50.420,20.7,100.8
2024-05-14 00:05:58.950,20.7,100.8
2024-05-14 00:06:08.603,20.7,100.8
2024-05-14 00:06:17.145,20.7,100.8
2024-05-14 00:06:26.493,20.7,100.8
2024-05-14 00:06:35.122,20.8,100.8
2024-05-14 00:06:44.520,20.9,100.8
2024-05-14 00:06:53.772,20.9,100.8
2024-05-14 00:07:02.416,20.9,100.8
2024-05-14 00:07:11.730,20.9,100.8
2024-05-14 00:07:20.748,21.0,100.8
2024-05-14 00:07:29.632,20.9,100.8
2024-05-14 00:07:38.625,20.9,100.8
2024-05-14 00:07:48.000,20.9,100.8
2024-05-14 00:07:57.426,20.9,100.8
2024-05-14 00:08:06.201,20.9,100.8
2024-05-14 00:08:14.996,20.8,100.8
2024-05-14 00:08:24.296,20.7,100.8
2024-05-14 00:08:33.526,20.7,100.8
2024-05-14 00:08:42.086,20.7,100.8
2024-05-14 00:08:51.786,20.8,100.8
2024-05-14 00:09:00.742,20.8,100.8
2024-05-14 00:09:09.767,20.8,100.8
2024-05-14 00:09:19.294,20.8,100.8
2024-05-14 00:09:28.171,20.7,100.8
2024-05-14 00:09:37.006,20.7,100.8
2024-05-14 00:09:46.513,20.7,100.8
2024-05-14 00:09:55.224,20.7,100.8
2024-05-14 00:10:03.849,20.8,100.8
2024-05-14 00:10:13.161,20.8,100.8
2024-05-14 00:10:22.556,20.8,100.8
2024-05-14 00:10:31.058,20.9,100.8
2024-05-14 00:10:40.381,20.8,100.8
2024-05-14 00:10:49.106,20.8,100.8
2024-05-14 00:10:58.950,20.7,100.8
2024-05-14 00:11:08.127,20.6,100.8
2024-05-14 00:11:16.829,20.7,100.8
2024-05-14 00:11:25.998,20.7,100.8
2024-05-14 00:11:34.566,20.8,100.8
2024-05-14 00:11:43.844,20.8,100.8
2024-05-14 00:11:52.910,20.8,100.8
2024-05-14 00:12:02.466,20.8,100.8
2024-05-14 00:12:11.891,20.8,100.8
2024-05-14 00:12:20.448,20.9,100.8
2024-05-14 00:12:29.999,20.7,100.8
2024-05-14 00:12:39.321,20.8,100.8
2024-05-14 00:12:48.114,20.8,100.8
2024-05-14 00:12:56.724,20.8,100.8
2024-05-14 00:13:06.380,20.9,100.8
2024-05-14 00:13:15.049,20.9,100.8
2024-05-14 00:13:24.696,21.0,100.8
2024-05-14 00:13:33.860,20.9,100.8
2024-05-14 00:13:42.743,20.9,100.8
2024-05-14 00:13:52.076,20.8,100.8
2024-05-14 00:14:01.366,20.8,100.8
2024-05-14 00:14:10.731,20.7,100.8
2024-05-14 00:14:19.711,20.7,100.8
2024-05-14 00:14:28.537,20.8,100.8
2024-05-14 00:14:38.020,20.8,100.8
2024-05-14 00:14:47.093,20.7,100.8
2024-05-14 00:14:55.997,20.8,100.8
2024-05-14 00:15:05.656,20.8,100.8
2024-05-14 00:15:14.352,20.8,100.8
2024-05-14 00:15:23.740,20.8,100.8
2024-05-14 00:15:33.432,20.7,100.8
2024-05-14 00:15:42.276,20.7,100.8
2024-05-14 00:15:51.145,20.8,100.8
2024-05-14 00:16:00.232,20.8,100.8
2024-05-14 00:16:09.987,20.7,100.8
2024-05-14 00:16:18.949,20.7,100.8
2024-05-14 00:16:28.081,20.9,100.8
2024-05-14 00:16:37.502,20.9,100.8
2024-05-14 00:16:47.143,20.8,100.8
2024-05-14 00:16:55.878,20.8,100.8
2024-05-14 00:17:04.475,20.9,100.8
2024-05-14 00:17:14.024,21.0,100.7
2024-05-14 00:17:22.868,21.0,100.7
2024-05-14 00:17:31.669,21.0,100.7
2024-05-14 00:17:41.175,20.9,100.7
2024-05-14 00:17:50.480,20.8,100.7
2024-05-14 00:17:59.385,20.7,100.7
2024-05-14 00:18:09.018,20.9,100.7
2024-05-14 00:18:17.958,20.8,100.7
2024-05-14 00:18:27.326,20.8,100.7
2024-05-14 00:18:36.850,20.8,100.7
2024-05-14 00:18:45.421,20.8,100.7
2024-05-14 00:18:54.820,20.8,100.7
2024-05-14 00:19:04.312,20.8,100.7
2024-05-14 00:19:13.385,20.7,100.7
2024-05-14 00:19:21.773,20.7,100.7
2024-05-14 00:19:31.394,20.7,100.7
2024-05-14 00:19:40.073,20.8,100.7
2024-05-14 00:19:49.090,20.8,100.7
2024-05-14 00:19:58.971,20.8,100.7
2024-05-14 00:20:07.678,20.8,100.7
2024-05-14 00:20:16.298,20.8,100.7
2024-05-14 00:20:25.918,20.7,100.7
2024-05-14 00:20:35.007,20.7,100.7
2024-05-14 00:20:43.550,20.7,100.7
2024-05-14 00:20:52.805,20.7,100.7
2024-05-14 00:21:01.892,20.7,100.7
2024-05-14 00:21:11.329,20.8,100.7
2024-05-14 00:21:20.517,20.8,100.7
2024-05-14 00:21:29.937,20.9,100.7
2024-05-14 00:21:38.957,20.8,100.7
2024-05-14 00:21:47.873,20.8,100.7
2024-05-14 00:21:57.237,20.7,100.7
2024-05-14 00:22:06.155,20.7,100.7
2024-05-14 00:22:15.659,20.7,100.7
2024-05-14 00:22:24.233,20.7,100.7
2024-05-14 00:22:33.825,20.8,100.7
2024-05-14 00:22:43.116,20.9,100.7
2024-05-14 00:22:52.679,20.8,100.7
2024-05-14 00:23:01.361,20.8,100.7
2024-05-14 00:23:10.887,20.8,100.7
2024-05-14 00:23:19.750,20.8,100.7
2024-05-14 00:23:28.272,20.7,100.7
2024-05-14 00:23:37.471,20.7,100.7
2024-05-14 00:23:46.015,20.8,100.7
2024-05-14 00:23:55.565,20.8,100.7
2024-05-14 00:24:04.140,20.8,100.7
2024-05-14 00:24:13.304,20.9,100.7
2024-05-14 00:24:21.290,20.9,100.7
2024-05-14 00:24:30.271,20.8,100.7
2024-05-14 00:24:38.559,20.9,100.7
2024-05-14 00:24:47.034,20.9,100.7
2024-05-14 00:24:56.018,20.9,100.7
2024-05-14 00:25:04.175,20.8,100.7
2024-05-14 00:25:13.110,20.8,100.7
2024-05-14 00:25:22.208,20.8,100.7
2024-05-14 00:25:30.419,20.9,100.7
2024-05-14 00:25:39.288,20.7,100.7
2024-05-14 00:25:47.369,20.7,100.7
2024-05-14 00:25:56.493,20.9,100.7
2024-05-14 00:26:04.637,20.8,100.7
2024-05-14 00:26:13.667,20.9,100.7
2024-05-14 00:26:21.574,21.0,100.7
2024-05-14 00:26:30.543,21.0,100.7
2024-05-14 00:26:38.708,21.0,100.7
2024-05-14 00:26:47.216,21.0,100.7
2024-05-14 00:26:55.593,20.9,100.7
2024-05-14 00:27:04.528,20.9,100.7
2024-05-14 00:27:13.145,21.0,100.7
2024-05-14 00:27:21.611,20.9,100.7
2024-05-14 00:27:29.983,20.9,100.7
2024-05-14 00:27:38.184,20.8,100.7
2024-05-14 00:27:46.819,20.9,100.7
2024-05-14 00:27:55.848,20.9,100.7
2024-05-14 00:28:03.868,20.8,100.7
2024-05-14 00:28:12.753,20.9,100.7
2024-05-14 00:28:21.073,20.8,100.7
2024-05-14 00:28:29.184,20.8,100.7
2024-05-14 00:28:38.224,20.8,100.7
2024-05-14 00:28:46.337,20.8,100.7
2024-05-14 00:28:55.410,20.8,100.7
2024-05-14 00:29:03.440,20.9,100.7
2024-05-14 00:29:12.159,20.8,100.7
2024-05-14 00:29:20.319,20.8,100.7
2024-05-14 00:29:29.122,20.9,100.7
2024-05-14 00:29:37.299,20.8,100.7
2024-05-14 00:29:46.210,20.8,100.7
2024-05-14 00:29:54.348,20.8,100.7
2024-05-14 00:30:03.413,20.9,100.7
2024-05-14 00:30:11.528,21.0,100.7
2024-05-14 00:30:20.393,20.9,100.7
2024-05-14 00:30:28.390,20.9,100.7
2024-05-14 00:30:37.306,21.0,100.7
2024-05-14 00:30:45.496,20.8,100.7
2024-05-14 00:30:54.064,20.8,100.7
2024-05-14 00:31:03.076,20.8,100.7
2024-05-14 00:31:11.330,20.8,100.7
2024-05-14 00:31:20.273,20.8,100.7
2024-05-14 00:31:28.384,20.9,100.7
2024-05-14 00:31:37.255,20.8,100.7
2024-05-14 00:31:45.437,20.9,100.7
2024-05-14 00:31:54.415,20.9,100.7
2024-05-14 00:32:02.403,20.8,100.7
2024-05-14 00:32:11.164,20.9,100.7
2024-05-14 00:32:19.283,20.9,100.7
2024-05-14 00:32:27.876,20.9,100.7
2024-05-14 00:32:36.712,20.8,100.7
2024-05-14 00:32:45.171,20.8,100.7
2024-05-14 00:32:54.134,20.7,100.7
2024-05-14 00:33:02.204,20.8,100.7
2024-05-14 00:33:11.126,20.8,100.7
2024-05-14 00:33:20.226,20.8,100.7
2024-05-14 00:33:28.835,20.8,100.7
2024-05-14 00:33:37.332,20.7,100.7
2024-05-14 00:33:46.278,20.7,100.7
2024-05-14 00:33:54.824,20.8,100.7
2024-05-14 00:34:03.392,20.9,100.7
2024-05-14 00:34:11.809,20.9,100.7
2024-05-14 00:34:20.553,20.9,100.7
2024-05-14 00:34:28.727,20.9,100.7
2024-05-14 00:34:37.644,20.8,100.7
2024-05-14 00:34:45.625,20.8,100.7
2024-05-14 00:34:54.468,20.9,100.7
2024-05-14 00:35:02.698,20.9,100.7
2024-05-14 00:35:11.157,20.9,100.7
2024-05-14 00:35:20.232,20.9,100.7
2024-05-14 00:35:28.370,20.8,100.7
2024-05-14 00:35:36.935,20.8,100.7
2024-05-14 00:35:45.553,20.8,100.7
2024-05-14 00:35:54.087,20.7,100.7
2024-05-14 00:36:03.210,20.8,100.7
2024-05-14 00:36:11.266,20.8,100.7
2024-05-14 00:36:19.983,20.8,100.7
2024-05-14 00:36:29.046,20.8,100.7
2024-05-14 00:36:37.882,20.8,100.7
2024-05-14 00:36:45.769,20.8,100.7
2024-05-14 00:36:54.792,20.9,100.7
2024-05-14 00:37:02.983,20.9,100.7
2024-05-14 00:37:11.543,20.9,100.7
2024-05-14 00:37:19.873,20.9,100.7
2024-05-14 00:37:28.703,21.0,100.7
2024-05-14 00:37:36.741,21.0,100.7
2024-05-14 00:37:45.722,20.9,100.7
2024-05-14 00:37:53.740,20.9,100.7
2024-05-14 00:38:02.859,20.9,100.7
2024-05-14 00:38:10.955,20.9,100.7
2024-05-14 00:38:19.882,20.9,100.7
2024-05-14 00:38:28.044,20.8,100.7
2024-05-14 00:38:37.076,20.8,100.7
2024-05-14 00:38:45.355,20.8,100.7
2024-05-14 00:38:54.423,20.8,100.7
2024-05-14 00:39:02.493,20.9,100.7
2024-05-14 00:39:11.160,20.9,100.7
2024-05-14 00:39:20.090,20.9,100.7
2024-05-14 00:39:28.725,20.9,100.7
2024-05-14 00:39:36.867,21.0,100.7
2024-05-14 00:39:45.924,20.9,100.7
2024-05-14 00:39:54.514,21.0,100.7
2024-05-14 00:40:02.764,21.0,100.7
2024-05-14 00:40:11.864,20.9,100.7
2024-05-14 00:40:20.036,20.7,100.7
2024-05-14 00:40:28.778,20.8,100.7
2024-05-14 00:40:37.216,20.8,100.7
2024-05-14 00:40:45.514,20.8,100.7
2024-05-14 00:40:54.039,20.8,100.7
2024-05-14 00:41:02.333,20.8,100.7
2024-05-14 00:41:10.444,20.8,100.7
2024-05-14 00:41:19.467,20.9,100.7
2024-05-14 00:41:27.505,20.9,100.7
2024-05-14 00:41:36.451,20.9,100.7
2024-05-14 00:41:44.983,20.8,100.7
2024-05-14 00:41:53.893,20.9,100.7
2024-05-14 00:42:02.098,20.9,100.7
2024-05-14 00:42:10.771,21.0,100.7
2024-05-14 00:42:19.259,21.0,100.7
2024-05-14 00:42:27.366,20.9,100.7
2024-05-14 00:42:36.201,20.9,100.7
2024-05-14 00:42:44.422,20.8,100.7
2024-05-14 00:42:53.149,20.9,100.7
2024-05-14 00:43:01.324,20.8,100.7
2024-05-14 00:43:10.320,20.9,100.7
2024-05-14 00:43:19.138,20.8,100.7
2024-05-14 00:43:27.267,20.8,100.7
2024-05-14 00:43:36.305,21.0,100.7
2024-05-14 00:43:44.565,20.9,100.7
2024-05-14 00:43:53.257,20.9,100.7
2024-05-14 00:44:02.247,20.8,100.7
2024-05-14 00:44:10.842,20.8,100.7
2024-05-14 00:44:18.986,20.9,100.7
2024-05-14 00:44:27.220,20.9,100.7
2024-05-14 00:44:35.756,20.9,100.7
2024-05-14 00:44:44.804,20.8,100.7
2024-05-14 00:44:53.067,20.9,100.7
2024-05-14 00:45:01.659,21.0,100.7
2024-05-14 00:45:09.666,21.0,100.7
2024-05-14 00:45:18.681,21.0,100.7
2024-05-14 00:45:27.085,20.8,100.7
2024-05-14 00:45:35.228,21.0,100.7
2024-05-14 00:45:44.238,21.0,100.7
2024-05-14 00:45:52.830,21.2,100.7
2024-05-14 00:46:01.078,21.1,100.7
2024-05-14 00:46:09.520,21.1,100.7
2024-05-14 00:46:18.326,21.1,100.7
2024-05-14 00:46:26.482,21.0,100.7
2024-05-14 00:46:35.351,20.9,100.7
2024-05-14 00:46:43.488,20.9,100.7
2024-05-14 00:46:52.484,20.9,100.7
2024-05-14 00:47:00.709,20.9,100.7
2024-05-14 00:47:09.900,20.9,100.7
2024-05-14 00:47:18.192,20.8,100.7
2024-05-14 00:47:26.641,20.9,100.7
2024-05-14 00:47:35.725,20.8,100.7
2024-05-14 00:47:43.872,20.9,100.7
2024-05-14 00:47:52.754,20.8,100.7
2024-05-14 00:48:01.022,20.7,100.7
2024-05-14 00:48:10.001,20.7,100.7
2024-05-14 00:48:18.140,20.8,100.7
2024-05-14 00:48:27.157,20.7,100.7
2024-05-14 00:48:35.272,20.7,100.7
2024-05-14 00:48:44.446,20.8,100.7
2024-05-14 00:48:52.401,20.9,100.7
2024-05-14 00:49:01.418,21.0,100.7
2024-05-14 00:49:09.843,20.8,100.7
2024-05-14 00:49:18.632,20.8,100.7
2024-05-14 00:49:26.852,20.8,100.7
2024-05-14 00:49:35.671,20.8,100.7
2024-05-14 00:49:44.612,20.8,100.7
2024-05-14 00:49:52.825,20.8,100.7
2024-05-14 00:50:01.783,21.0,100.7
2024-05-14 00:50:10.598,21.0,100.7
2024-05-14 00:50:18.866,20.9,100.7
2024-05-14 00:50:27.320,20.9,100.7
2024-05-14 00:50:36.410,20.9,100.7
2024-05-14 00:50:44.529,20.9,100.7
2024-05-14 00:50:53.457,21.0,100.7
2024-05-14 00:51:01.499,21.0,100.7
2024-05-14 00:51:10.317,20.9,100.7
2024-05-14 00:51:19.398,21.0,100.7
2024-05-14 00:51:27.411,21.0,100.7
2024-05-14 00:51:36.576,21.0,100.7
2024-05-14 00:51:45.172,20.8,100.7
2024-05-14 00:51:53.461,20.9,100.7
2024-05-14 00:52:02.502,20.9,100.7
2024-05-14 00:52:10.644,20.8,100.7
2024-05-14 00:52:19.520,20.9,100.7
2024-05-14 00:52:27.789,20.9,100.7
2024-05-14 00:52:36.770,20.9,100.7
2024-05-14 00:52:44.948,20.9,100.7
2024-05-14 00:52:53.881,21.0,100.7
2024-05-14 00:53:02.660,20.8,100.7
2024-05-14 00:53:10.835,20.9,100.7
2024-05-14 00:53:19.861,20.9,100.7
2024-05-14 00:53:28.140,21.0,100.7
2024-05-14 00:53:37.025,21.0,100.7
2024-05-14 00:53:45.137,20.9,100.7
2024-05-14 00:53:53.420,20.9,100.7
2024-05-14 00:54:02.481,20.9,100.7
2024-05-14 00:54:10.585,20.9,100.7
2024-05-14 00:54:19.509,20.8,100.7
2024-05-14 00:54:27.721,20.8,100.7
2024-05-14 00:54:36.498,20.8,100.7
2024-05-14 00:54:44.645,20.8,100.7
2024-05-14 00:54:53.409,20.8,100.7
2024-05-14 00:55:01.905,20.8,100.7
2024-05-14 00:55:10.007,20.7,100.7
2024-05-14 00:55:18.979,20.9,100.7
2024-05-14 00:55:27.884,20.8,100.7
2024-05-14 00:55:36.552,20.9,100.7
2024-05-14 00:55:44.811,20.9,100.7
2024-05-14 00:55:53.311,20.8,100.7
2024-05-14 00:56:02.123,20.9,100.7
2024-05-14 00:56:10.559,20.9,100.7
2024-05-14 00:56:19.061,20.9,100.7
2024-05-14 00:56:28.281,20.9,100.7
2024-05-14 00:56:36.738,20.9,100.7
2024-05-14 00:56:45.338,21.0,100.7
2024-05-14 00:56:53.744,20.9,100.7
2024-05-14 00:57:02.055,20.9,100.7
2024-05-14 00:57:11.054,20.9,100.7
2024-05-14 00:57:19.103,20.8,100.7
2024-05-14 00:57:28.231,20.7,100.7
2024-05-14 00:57:36.245,20.8,100.7
2024-05-14 00:57:45.293,20.8,100.7
2024-05-14 00:57:53.628,20.9,100.7
2024-05-14 00:58:02.101,20.9,100.7
2024-05-14 00:58:11.116,20.9,100.7
2024-05-14 00:58:19.247,21.0,100.7
2024-05-14 00:58:28.338,20.8,100.7
2024-05-14 00:58:37.128,20.8,100.7
2024-05-14 00:58:45.318,20.8,100.7
2024-05-14 00:58:54.279,20.8,100.7
2024-05-14 00:59:02.398,20.9,100.7
2024-05-14 00:59:11.469,20.8,100.7
2024-05-14 00:59:20.028,20.9,100.7
2024-05-14 00:59:27.963,20.8,100.7
2024-05-14 00:59:36.508,20.9,100.7
2024-05-14 00:59:45.482,20.8,100.7
2024-05-14 00:59:54.048,21.0,100.7
2024-05-14 01:00:02.550,21.0,100.7
2024-05-14 01:00:10.823,20.9,100.7
2024-05-14 01:00:19.687,20.9,100.7
2024-05-14 01:00:27.736,20.9,100.7
2024-05-14 01:00:36.314,20.9,100.7
2024-05-14 01:00:44.941,21.0,100.7
2024-05-14 01:00:54.020,20.9,100.7
2024-05-14 01:01:03.039,20.9,100.7
2024-05-14 01:01:11.228,20.9,100.7
2024-05-14 01:01:19.925,20.9,100.7
2024-05-14 01:01:28.985,20.8,100.7
2024-05-14 01:01:37.624,20.8,100.7
2024-05-14 01:01:46.222,20.8,100.7
2024-05-14 01:01:54.533,20.9,100.7
2024-05-14 01:02:03.545,20.8,100.7
2024-05-14 01:02:11.898,20.8,100.7
2024-05-14 01:02:20.440,20.8,100.7
2024-05-14 01:02:28.995,20.8,100.7
2024-05-14 01:02:38.126,20.9,100.7
2024-05-14 01:02:46.263,20.9,100.7
2024-05-14 01:02:54.755,20.8,100.7
2024-05-14 01:03:03.743,20.7,100.7
2024-05-14 01:03:11.810,20.9,100.7
2024-05-14 01:03:20.534,20.8,100.7
2024-05-14 01:03:29.261,20.8,100.7
2024-05-14 01:03:37.953,20.9,100.7
2024-05-14 01:03:46.959,20.9,100.7
2024-05-14 01:03:55.053,21.0,100.7
2024-05-14 01:04:03.936,20.9,100.7
2024-05-14 01:04:12.579,21.0,100.7
2024-05-14 01:04:21.006,21.0,100.7
2024-05-14 01:04:29.379,21.0,100.7
2024-05-14 01:04:38.474,21.1,100.7
2024-05-14 01:04:46.820,21.0,100.7
2024-05-14 01:04:55.094,21.0,100.7
2024-05-14 01:05:03.523,21.0,100.7
2024-05-14 01:05:12.422,20.9,100.7
2024-05-14 01:05:21.323,21.0,100.7
2024-05-14 01:05:30.227,21.0,100.7
2024-05-14 01:05:38.321,21.1,100.7
2024-05-14 01:05:47.102,21.0,100.7
2024-05-14 01:05:56.169,21.0,100.7
2024-05-14 01:06:04.371,20.9,100.7
2024-05-14 01:06:12.979,20.9,100.7
2024-05-14 01:06:21.927,20.9,100.7
2024-05-14 01:06:30.653,20.8,100.7
2024-05-14 01:06:38.886,20.8,100.7
2024-05-14 01:06:47.945,20.9,100.7
2024-05-14 01:06:56.382,20.9,100.7
2024-05-14 01:07:04.560,21.0,100.7
2024-05-14 01:07:13.120,21.0,100.7
2024-05-14 01:07:21.685,21.1,100.7
2024-05-14 01:07:30.170,20.9,100.7
2024-05-14 01:07:38.383,20.9,100.7
2024-05-14 01:07:47.302,20.9,100.7
2024-05-14 01:07:56.253,20.9,100.7
2024-05-14 01:08:04.986,20.9,100.7
2024-05-14 01:08:13.313,21.0,100.7
2024-05-14 01:08:22.355,21.0,100.7
2024-05-14 01:08:31.294,21.0,100.7
2024-05-14 01:08:39.789,21.0,100.7
2024-05-14 01:08:48.001,21.0,100.7
2024-05-14 01:08:57.021,20.9,100.7
2024-05-14 01:09:05.159,20.9,100.7
2024-05-14 01:09:14.223,20.9,100.7
2024-05-14 01:09:22.490,20.8,100.7
2024-05-14 01:09:31.365,20.7,100.7
2024-05-14 01:09:40.005,20.8,100.7
2024-05-14 01:09:48.062,20.9,100.7
2024-05-14 01:09:56.590,20.7,100.7
2024-05-14 01:10:05.368,20.8,100.7
2024-05-14 01:10:14.221,20.9,100.7
2024-05-14 01:10:22.362,20.8,100.7
2024-05-14 01:10:31.445,20.9,100.7
2024-05-14 01:10:39.604,20.8,100.7
2024-05-14 01:10:48.320,20.9,100.7
2024-05-14 01:10:57.141,20.8,100.7
2024-05-14 01:11:05.753,20.7,100.7
2024-05-14 01:11:14.342,20.8,100.7
2024-05-14 01:11:23.094,20.8,100.7
2024-05-14 01:11:31.720,20.8,100.7
2024-05-14 01:11:40.499,20.9,100.7
2024-05-14 01:11:49.335,20.9,100.7
2024-05-14 01:11:57.795,20.9,100.7
2024-05-14 01:12:05.967,20.9,100.7
2024-05-14 01:12:14.744,20.9,100.7
2024-05-14 01:12:23.166,20.8,100.7
2024-05-14 01:12:31.607,20.9,100.7
2024-05-14 01:12:40.355,20.8,100.7
2024-05-14 01:12:49.069,20.8,100.7
2024-05-14 01:12:57.858,20.8,100.7
2024-05-14 01:13:06.714,20.9,100.7
2024-05-14 01:13:15.122,20.8,100.7
2024-05-14 01:13:23.600,20.9,100.7
2024-05-14 01:13:31.890,20.9,100.7
2024-05-14 01:13:40.358,21.0,100.7
2024-05-14 01:13:49.099,20.8,100.7
2024-05-14 01:13:57.651,20.9,100.7
2024-05-14 01:14:06.198,20.9,100.7
2024-05-14 01:14:14.895,20.9,100.7
2024-05-14 01:14:23.723,21.0,100.7
2024-05-14 01:14:32.344,20.9,100.7
2024-05-14 01:14:40.888,20.9,100.7
2024-05-14 01:14:49.363,21.0,100.7
2024-05-14 01:14:58.171,20.9,100.7
2024-05-14 01:15:06.625,21.0,100.7
2024-05-14 01:15:15.574,21.0,100.7
2024-05-14 01:15:24.315,20.9,100.7
2024-05-14 01:15:33.419,20.8,100.7
2024-05-14 01:15:42.342,20.8,100.7
2024-05-14 01:15:50.594,20.8,100.7
2024-05-14 01:15:58.902,21.0,100.7
2024-05-14 01:16:07.854,21.0,100.7
2024-05-14 01:16:16.352,21.0,100.7
2024-05-14 01:16:25.257,20.9,100.7
2024-05-14 01:16:33.767,20.9,100.7
2024-05-14 01:16:42.050,21.0,100.7
2024-05-14 01:16:50.553,21.0,100.7
2024-05-14 01:16:58.909,20.9,100.7
2024-05-14 01:17:07.421,20.9,100.7
2024-05-14 01:17:15.966,21.0,100.7
2024-05-14 01:17:24.389,20.8,100.7
2024-05-14 01:17:32.720,20.8,100.7
2024-05-14 01:17:41.339,20.9,100.7
2024-05-14 01:17:50.040,20.9,100.7
2024-05-14 01:17:58.433,20.9,100.7
2024-05-14 01:18:06.970,20.8,100.7
2024-05-14 01:18:15.702,20.8,100.7
2024-05-14 01:18:23.842,20.8,100.7
2024-05-14 01:18:32.530,20.9,100.7
2024-05-14 01:18:41.326,20.9,100.7
2024-05-14 01:18:50.327,20.9,100.7
2024-05-14 01:18:58.660,20.9,100.7
2024-05-14 01:19:06.872,20.9,100.7
2024-05-14 01:19:15.801,20.9,100.7
2024-05-14 01:19:24.530,20.9,100.7
2024-05-14 01:19:33.540,21.0,100.7
2024-05-14 01:19:41.806,21.0,100.7
2024-05-14 01:19:50.306,20.9,100.7
2024-05-14 01:19:59.152,20.9,100.7
2024-05-14 01:20:07.597,21.1,100.7
2024-05-14 01:20:15.879,21.1,100.7
2024-05-14 01:20:24.762,21.2,100.7
2024-05-14 01:20:33.361,21.1,100.7
2024-05-14 01:20:42.312,21.0,100.7
2024-05-14 01:20:51.132,20.9,100.7
2024-05-14 01:20:59.383,20.9,100.7
2024-05-14 01:21:08.098,20.9,100.7
2024-05-14 01:21:17.226,20.9,100.7
2024-05-14 01:21:25.783,20.9,100.7
2024-05-14 01:21:33.975,20.9,100.7
2024-05-14 01:21:42.884,20.9,100.7
2024-05-14 01:21:51.791,20.8,100.7
2024-05-14 01:22:00.774,20.8,100.7
2024-05-14 01:22:09.065,20.8,100.7
2024-05-14 01:22:17.603,21.0,100.7
2024-05-14 01:22:25.976,20.9,100.7
2024-05-14 01:22:34.368,20.8,100.7
2024-05-14 01:22:43.116,20.8,100.7
2024-05-14 01:22:51.713,20.9,100.7
2024-05-14 01:22:59.997,20.9,100.7
2024-05-14 01:23:08.265,20.9,100.7
2024-05-14 01:23:16.783,21.0,100.7
2024-05-14 01:23:25.618,21.0,100.7
2024-05-14 01:23:34.356,21.0,100.7
2024-05-14 01:23:43.262,21.1,100.7
2024-05-14 01:23:51.602,21.0,100.7
2024-05-14 01:24:00.186,20.9,100.7
2024-05-14 01:24:08.338,21.0,100.7
2024-05-14 01:24:16.628,21.0,100.7
2024-05-14 01:24:25.670,20.9,100.7
2024-05-14 01:24:34.091,20.8,100.7
2024-05-14 01:24:42.338,20.9,100.7
2024-05-14 01:24:51.206,20.9,100.7
2024-05-14 01:25:00.041,21.0,100.7
2024-05-14 01:25:08.599,21.0,100.7
2024-05-14 01:25:17.415,20.9,100.7
2024-05-14 01:25:26.029,20.9,100.7
2024-05-14 01:25:34.395,21.0,100.7
2024-05-14 01:25:43.086,21.1,100.7
2024-05-14 01:25:51.926,20.9,100.7
2024-05-14 01:26:00.413,20.9,100.7
2024-05-14 01:26:09.381,20.9,100.7
2024-05-14 01:26:17.883,20.9,100.7
2024-05-14 01:26:26.170,20.9,100.7
2024-05-14 01:26:34.957,20.8,100.7
2024-05-14 01:26:43.911,20.8,100.7
2024-05-14 01:26:52.653,20.8,100.7
2024-05-14 01:27:01.187,20.8,100.7
2024-05-14 01:27:09.589,20.8,100.7
2024-05-14 01:27:18.482,20.9,100.7
2024-05-14 01:27:27.394,20.9,100.7
2024-05-14 01:27:36.106,21.0,100.7
2024-05-14 01:27:44.587,20.9,100.7
2024-05-14 01:27:53.228,21.0,100.7
2024-05-14 01:28:01.900,21.0,100.7
2024-05-14 01:28:10.327,21.0,100.7
2024-05-14 01:28:18.872,20.9,100.7
2024-05-14 01:28:27.087,20.9,100.7
2024-05-14 01:28:35.634,20.8,100.7
2024-05-14 01:28:44.270,20.8,100.7
2024-05-14 01:28:53.237,21.0,100.7
2024-05-14 01:29:01.369,21.1,100.7
2024-05-14 01:29:09.894,21.0,100.7
2024-05-14 01:29:18.832,20.9,100.7
2024-05-14 01:29:27.903,20.9,100.7
2024-05-14 01:29:36.028,21.0,100.7
2024-05-14 01:29:45.091,20.9,100.7
2024-05-14 01:29:53.790,21.0,100.7
2024-05-14 01:30:02.039,20.9,100.7
2024-05-14 01:30:10.841,20.9,100.7
2024-05-14 01:30:19.848,20.9,100.7
2024-05-14 01:30:28.406,21.0,100.7
2024-05-14 01:30:36.584,21.0,100.7
2024-05-14 01:30:45.232,21.0,100.7
2024-05-14 01:30:54.128,21.0,100.7
2024-05-14 01:31:02.265,21.1,100.7
2024-05-14 01:31:10.545,21.1,100.7
2024-05-14 01:31:19.189,20.9,100.7
2024-05-14 01:31:28.044,20.8,100.7
2024-05-14 01:31:36.552,20.8,100.7
2024-05-14 01:31:44.983,20.9,100.7
2024-05-14 01:31:53.471,20.9,100.7
2024-05-14 01:32:02.161,21.0,100.7
2024-05-14 01:32:10.680,20.8,100.7
2024-05-14 01:32:19.184,20.8,100.7
2024-05-14 01:32:28.108,20.9,100.7
2024-05-14 01:32:36.941,20.9,100.7
2024-05-14 01:32:45.658,21.0,100.7
2024-05-14 01:32:54.234,21.0,100.7
2024-05-14 01:33:02.457,21.0,100.7
2024-05-14 01:33:11.611,20.9,100.7
2024-05-14 01:33:19.825,20.9,100.7
2024-05-14 01:33:28.403,20.9,100.7
2024-05-14 01:33:37.455,20.9,100.7
2024-05-14 01:33:45.649,20.8,100.7
2024-05-14 01:33:54.249,20.8,100.7
2024-05-14 01:34:02.800,20.9,100.7
2024-05-14 01:34:11.641,21.0,100.7
2024-05-14 01:34:19.833,20.9,100.7
2024-05-14 01:34:28.333,20.9,100.7
2024-05-14 01:34:37.149,20.9,100.7
2024-05-14 01:34:45.400,20.9,100.7
2024-05-14 01:34:54.456,20.9,100.7
2024-05-14 01:35:02.728,21.0,100.7
2024-05-14 01:35:10.819,21.0,100.7
2024-05-14 01:35:19.602,21.0,100.7
2024-05-14 01:35:28.348,21.0,100.7
2024-05-14 01:35:37.328,21.0,100.7
2024-05-14 01:35:46.167,21.0,100.7
2024-05-14 01:35:54.874,20.9,100.7
2024-05-14 01:36:03.141,20.9,100.7
2024-05-14 01:36:12.007,20.9,100.7
2024-05-14 01:36:20.554,21.0,100.7
2024-05-14 01:36:29.016,21.0,100.7
2024-05-14 01:36:37.233,21.0,100.7
2024-05-14 01:36:46.157,20.9,100.7
2024-05-14 01:36:54.901,20.9,100.7
2024-05-14 01:37:03.563,20.8,100.7
2024-05-14 01:37:11.668,20.9,100.7
2024-05-14 01:37:19.941,20.9,100.7
2024-05-14 01:37:28.817,21.0,100.7
2024-05-14 01:37:37.925,21.0,100.7
2024-05-14 01:37:46.548,21.0,100.7
2024-05-14 01:37:55.330,20.9,100.7
2024-05-14 01:38:03.524,21.0,100.7
2024-05-14 01:38:12.262,20.9,100.7
2024-05-14 01:38:21.148,20.9,100.7
2024-05-14 01:38:29.827,21.0,100.7
2024-05-14 01:38:38.359,20.8,100.7
2024-05-14 01:38:46.838,20.9,100.7
2024-05-14 01:38:55.908,21.0,100.7
2024-05-14 01:39:04.006,21.0,100.7
2024-05-14 01:39:12.781,21.0,100.7
2024-05-14 01:39:21.601,21.0,100.7
2024-05-14 01:39:30.272,21.1,100.7
2024-05-14 01:39:38.771,21.1,100.7
2024-05-14 01:39:46.940,21.0,100.7
2024-05-14 01:39:55.687,20.9,100.7
2024-05-14 01:40:04.426,20.9,100.7
2024-05-14 01:40:12.928,20.9,100.7
2024-05-14 01:40:21.200,20.9,100.7
2024-05-14 01:40:30.026,20.8,100.7
2024-05-14 01:40:38.252,21.0,100.7
2024-05-14 01:40:47.143,20.9,100.7
2024-05-14 01:40:56.058,20.9,100.7
2024-05-14 01:41:04.398,20.9,100.7
2024-05-14 01:41:12.578,20.8,100.7
2024-05-14 01:41:21.137,20.9,100.7
2024-05-14 01:41:30.162,21.0,100.7
2024-05-14 01:41:38.789,21.0,100.7
2024-05-14 01:41:47.178,21.0,100.7
2024-05-14 01:41:56.154,21.1,100.7
2024-05-14 01:42:04.661,21.0,100.7
2024-05-14 01:42:13.024,21.1,100.7
2024-05-14 01:42:21.870,21.0,100.7
2024-05-14 01:42:30.270,21.0,100.7
2024-05-14 01:42:39.289,20.9,100.7
2024-05-14 01:42:47.824,20.8,100.7
2024-05-14 01:42:56.307,21.0,100.7
2024-05-14 01:43:04.677,20.9,100.7
2024-05-14 01:43:13.458,21.0,100.7
2024-05-14 01:43:22.260,21.1,100.7
2024-05-14 01:43:31.183,21.1,100.7
2024-05-14 01:43:39.506,21.1,100.7
2024-05-14 01:43:48.118,21.0,100.7
2024-05-14 01:43:56.575,21.0,100.7
2024-05-14 01:44:04.901,20.9,100.7
2024-05-14 01:44:13.519,20.9,100.7
2024-05-14 01:44:22.132,20.9,100.7
2024-05-14 01:44:30.579,20.9,100.7
2024-05-14 01:44:39.028,20.9,100.7
2024-05-14 01:44:47.564,21.0,100.7
2024-05-14 01:44:56.064,21.0,100.7
2024-05-14 01:45:05.037,21.1,100.7
2024-05-14 01:45:13.804,21.0,100.7
2024-05-14 01:45:22.902,20.9,100.7
2024-05-14 01:45:31.233,20.9,100.7
2024-05-14 01:45:39.515,20.9,100.7
2024-05-14 01:45:47.728,20.8,100.7
2024-05-14 01:45:56.552,20.9,100.7
2024-05-14 01:46:05.485,20.9,100.7
2024-05-14 01:46:13.685,21.0,100.7
2024-05-14 01:46:22.566,21.0,100.7
2024-05-14 01:46:31.641,21.0,100.7
2024-05-14 01:46:40.052,20.9,100.7
2024-05-14 01:46:48.512,21.0,100.7
2024-05-14 01:46:57.484,20.9,100.7
2024-05-14 01:47:05.894,20.9,100.7
2024-05-14 01:47:14.401,20.9,100.7
2024-05-14 01:47:22.637,21.0,100.7
2024-05-14 01:47:31.525,21.0,100.7
2024-05-14 01:47:40.120,20.9,100.7
2024-05-14 01:47:48.861,21.0,100.7
2024-05-14 01:47:57.435,21.1,100.7
2024-05-14 01:48:05.985,21.1,100.7
2024-05-14 01:48:14.166,21.0,100.7
2024-05-14 01:48:22.833,20.9,100.7
2024-05-14 01:48:31.659,20.9,100.7
2024-05-14 01:48:40.226,20.9,100.7
2024-05-14 01:48:48.748,20.9,100.7
2024-05-14 01:48:57.134,20.9,100.7
2024-05-14 01:49:05.976,21.0,100.7
2024-05-14 01:49:14.383,21.0,100.7
2024-05-14 01:49:23.271,20.9,100.7
2024-05-14 01:49:32.238,20.9,100.7
2024-05-14 01:49:40.490,20.9,100.7
2024-05-14 01:49:49.277,20.9,100.7
2024-05-14 01:49:58.099,20.9,100.7
2024-05-14 01:50:07.135,21.0,100.7
2024-05-14 01:50:15.984,21.0,100.7
2024-05-14 01:50:24.857,21.1,100.7
2024-05-14 01:50:33.779,21.0,100.7
2024-05-14 01:50:41.887,21.1,100.7
2024-05-14 01:50:50.473,21.2,100.7
2024-05-14 01:50:59.479,21.1,100.7
2024-05-14 01:51:07.795,21.0,100.7
2024-05-14 01:51:16.070,20.9,100.7
2024-05-14 01:51:24.956,20.9,100.7
2024-05-14 01:51:33.120,20.8,100.7
2024-05-14 01:51:41.467,20.9,100.7
2024-05-14 01:51:50.276,20.8,100.7
2024-05-14 01:51:59.024,21.0,100.7
2024-05-14 01:52:07.071,20.9,100.7
2024-05-14 01:52:15.783,21.0,100.7
2024-05-14 01:52:24.333,20.9,100.7
2024-05-14 01:52:32.937,21.0,100.7
2024-05-14 01:52:42.082,20.9,100.7
2024-05-14 01:52:50.382,20.9,100.7
2024-05-14 01:52:58.757,20.9,100.7
2024-05-14 01:53:07.612,20.9,100.7
2024-05-14 01:53:16.551,20.9,100.7
2024-05-14 01:53:24.843,21.0,100.7
2024-05-14 01:53:33.534,20.9,100.7
2024-05-14 01:53:42.461,20.9,100.7
2024-05-14 01:53:50.476,20.8,100.7
2024-05-14 01:53:59.455,20.8,100.7
2024-05-14 01:54:07.557,20.9,100.7
2024-05-14 01:54:16.330,20.9,100.7
2024-05-14 01:54:25.273,20.9,100.7
2024-05-14 01:54:33.861,21.0,100.7
2024-05-14 01:54:42.159,21.0,100.7
2024-05-14 01:54:50.486,21.0,100.7
2024-05-14 01:54:59.210,21.0,100.7
2024-05-14 01:55:08.290,21.1,100.7
2024-05-14 01:55:17.327,21.0,100.7
2024-05-14 01:55:25.608,21.0,100.7
2024-05-14 01:55:34.534,21.0,100.7
2024-05-14 01:55:43.499,20.9,100.7
2024-05-14 01:55:52.221,21.0,100.7
2024-05-14 01:56:00.626,20.9,100.7
2024-05-14 01:56:09.327,21.0,100.7
2024-05-14 01:56:17.861,21.0,100.7
2024-05-14 01:56:26.880,21.0,100.7
2024-05-14 01:56:35.002,20.9,100.7
2024-05-14 01:56:43.858,21.0,100.7
2024-05-14 01:56:52.762,20.8,100.7
2024-05-14 01:57:00.778,20.9,100.7
2024-05-14 01:57:09.614,20.9,100.7
2024-05-14 01:57:18.384,21.0,100.7
2024-05-14 01:57:26.693,21.0,100.7
2024-05-14 01:57:35.512,20.9,100.7
2024-05-14 01:57:43.895,20.9,100.7
2024-05-14 01:57:52.813,21.0,100.7
2024-05-14 01:58:01.130,20.9,100.7
2024-05-14 01:58:09.692,21.0,100.7
2024-05-14 01:58:17.995,20.9,100.7
2024-05-14 01:58:26.797,20.9,100.7
2024-05-14 01:58:35.460,20.8,100.7
2024-05-14 01:58:44.403,20.9,100.7
2024-05-14 01:58:53.357,21.0,100.7
2024-05-14 01:59:01.562,21.1,100.7
2024-05-14 01:59:10.144,21.0,100.7
2024-05-14 01:59:19.027,20.9,100.7
2024-05-14 01:59:27.579,20.9,100.7
2024-05-14 01:59:35.929,21.0,100.7
2024-05-14 01:59:44.936,21.0,100.7
2024-05-14 01:59:53.347,21.1,100.7
2024-05-14 02:00:01.676,21.1,100.7
2024-05-14 02:00:10.741,21.0,100.7
2024-05-14 02:00:19.553,21.1,100.7
2024-05-14 02:00:27.730,21.1,100.7
2024-05-14 02:00:36.389,21.1,100.7
2024-05-14 02:00:45.237,21.1,100.7
2024-05-14 02:00:54.310,21.0,100.7
2024-05-14 02:01:02.508,21.0,100.7
2024-05-14 02:01:11.065,21.0,100.7
2024-05-14 02:01:20.058,21.0,100.7
2024-05-14 02:01:28.770,21.0,100.7
2024-05-14 02:01:36.837,21.0,100.7
2024-05-14 02:01:45.609,20.9,100.7
2024-05-14 02:01:54.492,20.9,100.7
2024-05-14 02:02:03.367,20.9,100.7
2024-05-14 02:02:11.533,21.0,100.7
2024-05-14 02:02:20.373,21.1,100.7
2024-05-14 02:02:29.017,21.1,100.7
2024-05-14 02:02:37.732,21.0,100.7
2024-05-14 02:02:46.650,21.0,100.7
2024-05-14 02:02:54.783,21.0,100.7
2024-05-14 02:03:03.648,21.0,100.7
2024-05-14 02:03:12.469,21.0,100.7
2024-05-14 02:03:20.676,21.0,100.7
2024-05-14 02:03:29.104,21.0,100.7
2024-05-14 02:03:37.550,21.1,100.7
2024-05-14 02:03:46.465,21.0,100.7
2024-05-14 02:03:55.104,21.0,100.7
2024-05-14 02:04:03.309,21.0,100.7
2024-05-14 02:04:11.998,20.9,100.7
2024-05-14 02:04:20.375,21.0,100.7
2024-05-14 02:04:29.135,21.0,100.7
2024-05-14 02:04:37.793,21.0,100.7
2024-05-14 02:04:46.421,20.9,100.7
2024-05-14 02:04:54.758,20.9,100.7
2024-05-14 02:05:03.778,20.9,100.7
2024-05-14 02:05:12.622,20.9,100.7
2024-05-14 02:05:21.116,20.9,100.7
2024-05-14 02:05:29.455,21.0,100.7
2024-05-14 02:05:37.992,20.9,100.7
2024-05-14 02:05:46.890,20.9,100.7
2024-05-14 02:05:55.146,21.0,100.7
2024-05-14 02:06:03.635,21.0,100.7
2024-05-14 02:06:12.740,21.0,100.7
2024-05-14 02:06:21.034,20.9,100.7
2024-05-14 02:06:29.509,20.9,100.7
2024-05-14 02:06:38.382,21.0,100.7
2024-05-14 02:06:47.238,20.9,100.7
2024-05-14 02:06:56.099,20.9,100.7
2024-05-14 02:07:04.979,20.8,100.7
2024-05-14 02:07:13.768,20.9,100.7
2024-05-14 02:07:22.146,21.0,100.7
2024-05-14 02:07:30.886,21.1,100.7
2024-05-14 02:07:39.832,21.0,100.7
2024-05-14 02:07:48.199,21.0,100.7
2024-05-14 02:07:56.836,21.0,100.7
2024-05-14 02:08:05.692,20.9,100.7
2024-05-14 02:08:14.464,21.0,100.7
2024-05-14 02:08:22.546,21.0,100.7
2024-05-14 02:08:31.294,21.1,100.7
2024-05-14 02:08:39.620,21.0,100.7
2024-05-14 02:08:48.476,21.1,100.7
2024-05-14 02:08:56.732,21.1,100.7
2024-05-14 02:09:05.430,21.2,100.7
2024-05-14 02:09:14.458,21.1,100.7
2024-05-14 02:09:23.337,21.1,100.7
2024-05-14 02:09:31.730,21.1,100.7
2024-05-14 02:09:40.215,21.0,100.7
2024-05-14 02:09:49.443,20.9,100.7
2024-05-14 02:09:58.025,21.0,100.7
2024-05-14 02:10:06.790,21.0,100.7
2024-05-14 02:10:14.929,21.1,100.7
2024-05-14 02:10:23.334,21.1,100.7
2024-05-14 02:10:32.290,21.0,100.7
2024-05-14 02:10:40.538,20.9,100.7
2024-05-14 02:10:49.072,20.9,100.7
2024-05-14 02:10:57.953,20.8,100.7
2024-05-14 02:11:06.904,20.9,100.7
2024-05-14 02:11:15.900,20.9,100.7
2024-05-14 02:11:24.359,21.0,100.7
2024-05-14 02:11:32.799,21.1,100.7
2024-05-14 02:11:41.178,21.1,100.7
2024-05-14 02:11:49.671,21.1,100.7
2024-05-14 02:11:58.132,21.1,100.7
2024-05-14 02:12:07.102,21.0,100.7
2024-05-14 02:12:15.533,21.1,100.7
2024-05-14 02:12:24.304,21.0,100.7
2024-05-14 02:12:32.977,21.1,100.7
2024-05-14 02:12:41.558,21.1,100.7
2024-05-14 02:12:49.556,21.1,100.7
2024-05-14 02:12:58.479,20.9,100.7
2024-05-14 02:13:07.473,20.9,100.7
2024-05-14 02:13:15.608,20.9,100.7
2024-05-14 02:13:23.937,20.8,100.7
2024-05-14 02:13:32.662,20.9,100.7
2024-05-14 02:13:41.103,21.0,100.7
2024-05-14 02:13:49.234,21.0,100.7
2024-05-14 02:13:58.349,21.0,100.7
2024-05-14 02:14:06.566,20.9,100.7
2024-05-14 02:14:14.926,20.9,100.7
2024-05-14 02:14:23.899,20.9,100.7
2024-05-14 02:14:32.276,21.0,100.7
2024-05-14 02:14:40.741,21.0,100.7
2024-05-14 02:14:49.666,20.9,100.7
2024-05-14 02:14:58.511,20.9,100.7
2024-05-14 02:15:07.356,20.9,100.7
2024-05-14 02:15:16.184,21.0,100.7
2024-05-14 02:15:24.971,21.0,100.7
2024-05-14 02:15:34.033,21.0,100.7
2024-05-14 02:15:42.565,21.1,100.7
2024-05-14 02:15:50.954,21.0,100.7
2024-05-14 02:16:00.032,21.0,100.7
2024-05-14 02:16:08.151,21.0,100.7
2024-05-14 02:16:16.834,21.0,100.7
2024-05-14 02:16:25.909,21.0,100.7
2024-05-14 02:16:34.464,21.0,100.7
2024-05-14 02:16:42.805,21.1,100.7
2024-05-14 02:16:52.049,21.1,100.7
2024-05-14 02:17:00.339,21.2,100.7
2024-05-14 02:17:08.719,21.0,100.7
2024-05-14 02:17:17.734,20.9,100.7
2024-05-14 02:17:26.390,21.0,100.7
2024-05-14 02:17:34.728,21.0,100.7
2024-05-14 02:17:43.477,20.9,100.7
2024-05-14 02:17:52.418,20.9,100.7
2024-05-14 02:18:00.519,21.1,100.7
2024-05-14 02:18:09.290,21.1,100.7
2024-05-14 02:18:17.767,21.0,100.7
2024-05-14 02:18:26.308,21.0,100.7
2024-05-14 02:18:34.899,21.0,100.7
2024-05-14 02:18:43.715,21.0,100.7
2024-05-14 02:18:52.270,21.1,100.7
2024-05-14 02:19:01.105,21.1,100.7
2024-05-14 02:19:09.711,21.1,100.7
2024-05-14 02:19:18.233,21.0,100.7
2024-05-14 02:19:27.118,21.0,100.7
2024-05-14 02:19:35.649,21.0,100.7
2024-05-14 02:19:44.272,20.9,100.7
2024-05-14 02:19:53.113,20.9,100.7
2024-05-14 02:20:01.864,21.1,100.7
2024-05-14 02:20:10.534,21.1,100.7
2024-05-14 02:20:19.290,21.0,100.7
2024-05-14 02:20:28.145,20.9,100.7
2024-05-14 02:20:36.619,21.0,100.7
2024-05-14 02:20:45.025,20.9,100.7
2024-05-14 02:20:53.622,20.9,100.7
2024-05-14 02:21:02.256,20.8,100.7
2024-05-14 02:21:10.871,20.7,100.7
2024-05-14 02:21:19.501,20.8,100.7
2024-05-14 02:21:28.111,20.8,100.7
2024-05-14 02:21:36.727,20.9,100.7
2024-05-14 02:21:45.057,21.0,100.7
2024-05-14 02:21:53.537,21.0,100.7
2024-05-14 02:22:02.118,21.0,100.7
2024-05-14 02:22:10.773,20.9,100.7
2024-05-14 02:22:19.474,20.8,100.7
2024-05-14 02:22:28.369,20.9,100.7
2024-05-14 02:22:37.049,21.0,100.7
2024-05-14 02:22:45.709,20.9,100.7
2024-05-14 02:22:54.187,21.0,100.7
2024-05-14 02:23:02.605,21.0,100.7
2024-05-14 02:23:10.819,20.9,100.7
2024-05-14 02:23:19.804,21.0,100.7
2024-05-14 02:23:28.179,21.0,100.7
2024-05-14 02:23:36.969,21.0,100.7
2024-05-14 02:23:45.549,20.9,100.7
2024-05-14 02:23:53.969,20.9,100.7
2024-05-14 02:24:02.824,20.8,100.7
2024-05-14 02:24:11.030,20.9,100.7
2024-05-14 02:24:19.233,20.9,100.7
2024-05-14 02:24:27.221,20.8,100.7
2024-05-14 02:24:35.186,20.8,100.7
2024-05-14 02:24:43.474,20.9,100.7
2024-05-14 02:24:51.290,20.9,100.7
2024-05-14 02:24:59.659,21.0,100.7
2024-05-14 02:25:07.864,20.9,100.7
2024-05-14 02:25:15.924,21.0,100.7
2024-05-14 02:25:24.143,21.0,100.7
2024-05-14 02:25:32.359,20.9,100.7
2024-05-14 02:25:40.452,20.9,100.7
2024-05-14 02:25:48.616,21.0,100.7
2024-05-14 02:25:56.498,21.0,100.7
2024-05-14 02:26:04.780,20.9,100.7
2024-05-14 02:26:12.871,20.9,100.7
2024-05-14 02:26:20.945,21.1,100.7
2024-05-14 02:26:28.934,21.1,100.7
2024-05-14 02:26:37.106,21.0,100.7
2024-05-14 02:26:45.042,21.1,100.7
2024-05-14 02:26:53.202,21.1,100.7
2024-05-14 02:27:01.249,21.0,100.7
2024-05-14 02:27:09.345,21.0,100.7
2024-05-14 02:27:17.600,21.0,100.7
2024-05-14 02:27:25.537,20.9,100.7
2024-05-14 02:27:33.546,20.9,100.7
2024-05-14 02:27:41.650,20.9,100.7
2024-05-14 02:27:49.534,20.9,100.7
2024-05-14 02:27:57.571,20.9,100.7
2024-05-14 02:28:05.773,20.9,100.7
2024-05-14 02:28:13.873,21.1,100.7
2024-05-14 02:28:21.975,21.2,100.7
2024-05-14 02:28:29.908,21.1,100.7
2024-05-14 02:28:38.023,21.1,100.7
2024-05-14 02:28:46.314,21.0,100.7
2024-05-14 02:28:54.535,21.0,100.7
2024-05-14 02:29:02.648,21.0,100.7
2024-05-14 02:29:10.564,21.0,100.7
2024-05-14 02:29:18.659,21.0,100.7
2024-05-14 02:29:26.622,20.9,100.7
2024-05-14 02:29:34.795,20.8,100.7
2024-05-14 02:29:42.819,20.8,100.7
2024-05-14 02:29:50.813,20.8,100.7
2024-05-14 02:29:59.129,21.0,100.7
2024-05-14 02:30:07.170,21.0,100.7
2024-05-14 02:30:15.092,20.9,100.7
2024-05-14 02:30:23.318,21.0,100.7
2024-05-14 02:30:31.286,21.0,100.7
2024-05-14 02:30:39.253,21.0,100.7
2024-05-14 02:30:47.147,21.1,100.7
2024-05-14 02:30:55.055,21.0,100.7
2024-05-14 02:31:03.410,20.9,100.7
2024-05-14 02:31:11.452,21.0,100.7
2024-05-14 02:31:19.529,20.9,100.7
2024-05-14 02:31:27.670,20.9,100.7
2024-05-14 02:31:35.772,20.9,100.7
2024-05-14 02:31:43.773,20.9,100.7
2024-05-14 02:31:51.993,21.0,100.7
2024-05-14 02:31:59.686,21.1,100.7
2024-05-14 02:32:07.653,21.1,100.7
2024-05-14 02:32:15.657,21.1,100.7
2024-05-14 02:32:23.607,21.1,100.7
2024-05-14 02:32:31.819,20.9,100.7
2024-05-14 02:32:39.791,21.0,100.6
2024-05-14 02:32:47.881,21.0,100.6
2024-05-14 02:32:55.629,21.0,100.6
2024-05-14 02:33:03.709,20.9,100.6
2024-05-14 02:33:11.594,21.0,100.6
2024-05-14 02:33:19.661,20.9,100.6
2024-05-14 02:33:27.567,21.0,100.6
2024-05-14 02:33:35.713,21.0,100.6
2024-05-14 02:33:43.468,21.0,100.6
2024-05-14 02:33:51.746,21.0,100.6
2024-05-14 02:33:59.619,21.0,100.6
2024-05-14 02:34:07.687,21.0,100.6
2024-05-14 02:34:15.845,21.0,100.6
2024-05-14 02:34:24.008,21.0,100.6
2024-05-14 02:34:32.101,21.0,100.6
2024-05-14 02:34:40.262,21.0,100.6
2024-05-14 02:34:48.138,21.0,100.6
2024-05-14 02:34:56.521,21.1,100.6
2024-05-14 02:35:04.319,21.1,100.6
2024-05-14 02:35:12.364,21.1,100.6
2024-05-14 02:35:20.614,21.1,100.6
2024-05-14 02:35:28.827,21.0,100.6
2024-05-14 02:35:36.845,21.1,100.6
2024-05-14 02:35:44.879,21.1,100.6
2024-05-14 02:35:52.947,21.0,100.6
2024-05-14 02:36:00.888,21.0,100.6
2024-05-14 02:36:09.265,21.0,100.6
2024-05-14 02:36:17.325,21.0,100.6
2024-05-14 02:36:25.556,21.0,100.6
2024-05-14 02:36:33.806,21.1,100.6
2024-05-14 02:36:41.688,21.1,100.6
2024-05-14 02:36:49.629,21.2,100.6
2024-05-14 02:36:57.697,21.2,100.6
2024-05-14 02:37:05.678,21.2,100.6
2024-05-14 02:37:13.835,21.1,100.6
2024-05-14 02:37:21.937,21.1,100.6
2024-05-14 02:37:30.075,21.1,100.6
2024-05-14 02:37:38.354,21.0,100.6
2024-05-14 02:37:46.374,20.9,100.6
2024-05-14 02:37:54.346,21.0,100.6
2024-05-14 02:38:02.231,21.0,100.6
2024-05-14 02:38:10.598,21.1,100.6
2024-05-14 02:38:18.773,21.1,100.6
2024-05-14 02:38:26.974,21.0,100.6
2024-05-14 02:38:35.240,21.0,100.6
2024-05-14 02:38:43.355,21.1,100.6
2024-05-14 02:38:51.503,21.0,100.6
2024-05-14 02:38:59.523,21.0,100.6
2024-05-14 02:39:07.744,21.1,100.6
2024-05-14 02:39:15.599,21.1,100.6
2024-05-14 02:39:23.646,21.1,100.6
2024-05-14 02:39:31.586,21.0,100.6
2024-05-14 02:39:39.684,21.1,100.6
2024-05-14 02:39:47.731,21.2,100.6
2024-05-14 02:39:55.885,21.1,100.6
2024-05-14 02:40:03.894,21.1,100.6
2024-05-14 02:40:11.948,21.0,100.6
2024-05-14 02:40:19.939,21.0,100.6
2024-05-14 02:40:27.916,21.1,100.6
2024-05-14 02:40:36.062,21.0,100.6
2024-05-14 02:40:43.955,21.1,100.6
2024-05-14 02:40:51.913,21.1,100.6
2024-05-14 02:40:59.903,21.1,100.6
2024-05-14 02:41:07.876,21.0,100.6
2024-05-14 02:41:15.742,20.9,100.6
2024-05-14 02:41:23.693,20.9,100.6
2024-05-14 02:41:31.772,21.0,100.6
2024-05-14 02:41:39.884,21.0,100.6
2024-05-14 02:41:48.064,21.0,100.6
2024-05-14 02:41:56.143,20.9,100.6
2024-05-14 02:42:04.415,21.1,100.6
2024-05-14 02:42:12.508,21.1,100.6
2024-05-14 02:42:20.728,21.1,100.6
2024-05-14 02:42:28.951,21.0,100.6
2024-05-14 02:42:37.006,20.9,100.6
2024-05-14 02:42:45.009,20.9,100.6
2024-05-14 02:42:52.986,21.0,100.6
2024-05-14 02:43:00.996,21.1,100.6
2024-05-14 02:43:08.702,21.1,100.6
2024-05-14 02:43:16.886,21.1,100.6
2024-05-14 02:43:25.179,21.1,100.6
2024-05-14 02:43:32.967,21.0,100.6
2024-05-14 02:43:40.979,21.1,100.6
2024-05-14 02:43:48.748,21.0,100.6
2024-05-14 02:43:56.513,21.0,100.6
2024-05-14 02:44:04.641,21.0,100.6
2024-05-14 02:44:12.697,21.0,100.6
2024-05-14 02:44:20.980,21.0,100.6
2024-05-14 02:44:28.987,21.0,100.6
2024-05-14 02:44:37.085,21.0,100.6
2024-05-14 02:44:45.225,20.9,100.6
2024-05-14 02:44:53.266,21.0,100.6
2024-05-14 02:45:01.444,21.0,100.6
2024-05-14 02:45:09.654,21.0,100.6
2024-05-14 02:45:17.809,21.0,100.6
2024-05-14 02:45:25.976,21.0,100.6
2024-05-14 02:45:34.233,21.0,100.6
2024-05-14 02:45:42.279,21.0,100.6
2024-05-14 02:45:50.400,21.0,100.6
2024-05-14 02:45:58.493,21.0,100.6
2024-05-14 02:46:06.692,21.0,100.6
2024-05-14 02:46:14.612,21.0,100.6
2024-05-14 02:46:22.731,21.0,100.6
2024-05-14 02:46:30.589,21.1,100.6
2024-05-14 02:46:38.712,21.1,100.6
2024-05-14 02:46:47.031,21.1,100.6
2024-05-14 02:46:55.074,21.0,100.6
2024-05-14 02:47:03.238,21.0,100.6
2024-05-14 02:47:11.394,20.9,100.6
2024-05-14 02:47:19.378,20.9,100.6
2024-05-14 02:47:27.532,21.0,100.6
2024-05-14 02:47:35.675,21.0,100.6
2024-05-14 02:47:43.736,21.1,100.6
2024-05-14 02:47:51.831,21.0,100.6
2024-05-14 02:48:00.129,20.9,100.6
2024-05-14 02:48:08.157,21.0,100.6
2024-05-14 02:48:16.187,21.1,100.6
2024-05-14 02:48:24.552,21.0,100.6
2024-05-14 02:48:32.707,21.0,100.6
2024-05-14 02:48:40.901,21.0,100.6
2024-05-14 02:48:48.952,21.0,100.6
2024-05-14 02:48:57.298,20.9,100.6
2024-05-14 02:49:05.653,20.9,100.6
2024-05-14 02:49:13.895,21.0,100.6
2024-05-14 02:49:22.124,20.9,100.6
2024-05-14 02:49:30.084,21.0,100.6
2024-05-14 02:49:38.157,21.0,100.6
2024-05-14 02:49:46.183,21.0,100.6
2024-05-14 02:49:54.339,21.1,100.6
2024-05-14 02:50:02.127,21.1,100.6
2024-05-14 02:50:10.213,21.0,100.6
2024-05-14 02:50:18.261,21.1,100.6
2024-05-14 02:50:26.384,21.0,100.6
2024-05-14 02:50:34.682,21.0,100.6
2024-05-14 02:50:42.732,21.0,100.6
2024-05-14 02:50:50.837,21.0,100.6
2024-05-14 02:50:58.916,20.9,100.6
2024-05-14 02:51:07.345,20.9,100.6
2024-05-14 02:51:15.327,21.0,100.6
2024-05-14 02:51:23.509,21.0,100.6
2024-05-14 02:51:31.751,21.0,100.6
2024-05-14 02:51:39.740,21.0,100.6
2024-05-14 02:51:47.833,21.1,100.6
2024-05-14 02:51:56.154,21.1,100.6
2024-05-14 02:52:04.615,21.0,100.6
2024-05-14 02:52:12.921,21.1,100.6
2024-05-14 02:52:21.161,21.1,100.6
2024-05-14 02:52:29.407,21.1,100.6
2024-05-14 02:52:37.580,21.1,100.6
2024-05-14 02:52:45.885,21.1,100.6
2024-05-14 02:52:54.130,21.1,100.6
2024-05-14 02:53:02.310,21.2,100.6
2024-05-14 02:53:10.128,21.1,100.6
2024-05-14 02:53:18.518,21.1,100.6
2024-05-14 02:53:26.524,21.1,100.6
2024-05-14 02:53:34.506,21.1,100.6
2024-05-14 02:53:42.601,21.0,100.6
2024-05-14 02:53:50.907,21.0,100.6
2024-05-14 02:53:59.087,20.9,100.6
2024-05-14 02:54:07.213,21.0,100.6
2024-05-14 02:54:15.170,21.1,100.6
2024-05-14 02:54:23.367,21.1,100.6
2024-05-14 02:54:31.552,21.1,100.6
2024-05-14 02:54:39.610,21.0,100.6
2024-05-14 02:54:47.683,21.0,100.6
2024-05-14 02:54:55.568,21.0,100.6
2024-05-14 02:55:03.737,21.1,100.6
2024-05-14 02:55:11.740,21.1,100.6
2024-05-14 02:55:19.848,21.1,100.6
2024-05-14 02:55:28.079,21.0,100.6
2024-05-14 02:55:36.061,20.9,100.6
2024-05-14 02:55:44.344,21.0,100.6
2024-05-14 02:55:52.490,20.9,100.6
2024-05-14 02:56:00.444,21.0,100.6
2024-05-14 02:56:08.812,21.0,100.6
2024-05-14 02:56:17.177,20.9,100.6
2024-05-14 02:56:25.215,20.9,100.6
2024-05-14 02:56:33.542,21.0,100.6
2024-05-14 02:56:41.875,21.0,100.6
2024-05-14 02:56:49.980,20.9,100.6
2024-05-14 02:56:58.027,20.9,100.6
2024-05-14 02:57:06.214,21.0,100.6
2024-05-14 02:57:14.167,20.9,100.6
2024-05-14 02:57:22.550,21.0,100.6
2024-05-14 02:57:30.750,21.1,100.6
2024-05-14 02:57:38.872,21.0,100.6
2024-05-14 02:57:47.159,21.1,100.6
2024-05-14 02:57:55.156,21.0,100.6
2024-05-14 02:58:03.371,21.0,100.6
2024-05-14 02:58:11.516,20.9,100.6
2024-05-14 02:58:19.700,20.9,100.6
2024-05-14 02:58:28.031,20.9,100.6
2024-05-14 02:58:36.318,20.9,100.6
2024-05-14 02:58:44.504,21.0,100.6
2024-05-14 02:58:52.869,21.1,100.6
2024-05-14 02:59:00.815,21.0,100.6
2024-05-14 02:59:09.121,20.9,100.6
2024-05-14 02:59:17.561,20.9,100.6
2024-05-14 02:59:25.355,21.1,100.6
2024-05-14 02:59:33.341,21.0,100.6
2024-05-14 02:59:41.663,21.1,100.6
2024-05-14 02:59:49.769,21.1,100.6
2024-05-14 02:59:57.788,21.0,100.6
2024-05-14 03:00:05.888,21.0,100.6
2024-05-14 03:00:14.080,21.1,100.6
2024-05-14 03:00:22.025,21.0,100.6
2024-05-14 03:00:30.260,21.1,100.6
2024-05-14 03:00:38.467,21.1,100.6
2024-05-14 03:00:46.844,21.1,100.6
2024-05-14 03:00:55.026,21.1,100.6
2024-05-14 03:01:02.958,21.1,100.6
2024-05-14 03:01:11.065,21.0,100.6
2024-05-14 03:01:19.728,21.0,100.6
2024-05-14 03:01:27.743,21.0,100.6
2024-05-14 03:01:35.630,21.0,100.6
2024-05-14 03:01:43.676,21.1,100.6
2024-05-14 03:01:51.838,21.0,100.6
2024-05-14 03:02:00.059,21.0,100.6
2024-05-14 03:02:08.526,21.0,100.6
2024-05-14 03:02:16.561,21.1,100.6
2024-05-14 03:02:24.298,21.1,100.6
2024-05-14 03:02:32.408,21.0,100.6
2024-05-14 03:02:40.592,21.1,100.6
2024-05-14 03:02:48.620,21.0,100.6
2024-05-14 03:02:56.334,21.1,100.6
2024-05-14 03:03:04.548,21.0,100.6
2024-05-14 03:03:12.714,21.1,100.6
2024-05-14 03:03:20.830,21.1,100.6
2024-05-14 03:03:28.870,21.1,100.6
2024-05-14 03:03:36.963,21.1,100.6
2024-05-14 03:03:45.100,21.1,100.6
2024-05-14 03:03:53.384,21.0,100.6
2024-05-14 03:04:01.518,21.1,100.6
2024-05-14 03:04:09.361,21.1,100.6
2024-05-14 03:04:17.314,21.0,100.6
2024-05-14 03:04:25.563,21.0,100.6
2024-05-14 03:04:33.791,21.0,100.6
2024-05-14 03:04:41.986,21.1,100.6
2024-05-14 03:04:50.250,21.1,100.6
2024-05-14 03:04:58.621,21.0,100.6
2024-05-14 03:05:07.011,21.0,100.6
2024-05-14 03:05:15.295,21.0,100.6
2024-05-14 03:05:23.507,21.0,100.6
2024-05-14 03:05:31.848,21.0,100.6
2024-05-14 03:05:40.045,21.0,100.6
2024-05-14 03:05:48.569,21.1,100.6
2024-05-14 03:05:56.831,21.1,100.6
2024-05-14 03:06:05.340,21.1,100.6
2024-05-14 03:06:13.571,21.1,100.6
2024-05-14 03:06:22.017,21.0,100.6
2024-05-14 03:06:29.982,21.0,100.6
2024-05-14 03:06:38.009,21.0,100.6
2024-05-14 03:06:45.936,21.1,100.6
2024-05-14 03:06:54.127,21.1,100.6
2024-05-14 03:07:02.097,21.1,100.6
2024-05-14 03:07:10.351,21.0,100.6
2024-05-14 03:07:18.509,20.9,100.6
2024-05-14 03:07:26.245,20.9,100.6
2024-05-14 03:07:34.528,21.0,100.6
2024-05-14 03:07:42.517,20.9,100.6
2024-05-14 03:07:50.520,20.9,100.6
2024-05-14 03:07:58.275,21.0,100.6
2024-05-14 03:08:06.505,21.1,100.6
2024-05-14 03:08:14.781,21.1,100.6
2024-05-14 03:08:23.162,21.2,100.6
2024-05-14 03:08:31.429,21.2,100.6
2024-05-14 03:08:39.535,21.2,100.6
2024-05-14 03:08:47.425,21.2,100.6
2024-05-14 03:08:55.345,21.2,100.6
2024-05-14 03:09:03.127,21.1,100.6
2024-05-14 03:09:11.333,21.1,100.6
2024-05-14 03:09:19.535,21.1,100.6
2024-05-14 03:09:27.478,21.1,100.6
2024-05-14 03:09:35.502,21.1,100.6
2024-05-14 03:09:43.712,21.1,100.6
2024-05-14 03:09:52.264,21.0,100.6
2024-05-14 03:10:00.155,21.0,100.6
2024-05-14 03:10:08.095,21.1,100.6
2024-05-14 03:10:16.084,21.0,100.6
2024-05-14 03:10:24.660,21.1,100.6
2024-05-14 03:10:33.104,21.1,100.6
2024-05-14 03:10:41.122,21.0,100.6
2024-05-14 03:10:49.066,21.1,100.6
2024-05-14 03:10:56.919,21.0,100.6
2024-05-14 03:11:05.005,21.0,100.6
2024-05-14 03:11:13.177,21.0,100.6
2024-05-14 03:11:21.025,20.9,100.6
2024-05-14 03:11:29.369,20.8,100.6
2024-05-14 03:11:37.779,21.0,100.6
2024-05-14 03:11:46.222,21.0,100.6
2024-05-14 03:11:54.420,21.1,100.6
2024-05-14 03:12:02.407,21.1,100.6
2024-05-14 03:12:10.257,21.1,100.6
2024-05-14 03:12:18.643,21.1,100.6
2024-05-14 03:12:27.019,21.0,100.6
2024-05-14 03:12:35.076,21.0,100.6
2024-05-14 03:12:43.292,21.0,100.6
2024-05-14 03:12:51.533,21.1,100.6
2024-05-14 03:13:00.162,21.1,100.6
2024-05-14 03:13:08.408,21.1,100.6
2024-05-14 03:13:16.288,21.0,100.6
2024-05-14 03:13:24.286,21.0,100.6
2024-05-14 03:13:32.135,21.0,100.6
2024-05-14 03:13:39.964,21.0,100.6
2024-05-14 03:13:47.951,21.0,100.6
2024-05-14 03:13:55.724,21.0,100.6
2024-05-14 03:14:03.928,20.9,100.6
2024-05-14 03:14:12.454,21.1,100.6
2024-05-14 03:14:20.917,21.1,100.6
2024-05-14 03:14:29.151,21.2,100.6
2024-05-14 03:14:36.769,21.2,100.6
2024-05-14 03:14:44.835,21.1,100.6
2024-05-14 03:14:53.069,21.1,100.6
2024-05-14 03:15:01.546,21.1,100.6
2024-05-14 03:15:09.989,21.1,100.6
2024-05-14 03:15:17.874,21.2,100.6
2024-05-14 03:15:26.506,21.1,100.6
2024-05-14 03:15:34.387,21.0,100.6
2024-05-14 03:15:42.668,21.0,100.6
2024-05-14 03:15:50.604,21.1,100.6
2024-05-14 03:15:58.193,21.1,100.6
2024-05-14 03:16:06.570,21.1,100.6
2024-05-14 03:16:15.014,21.2,100.6
2024-05-14 03:16:23.255,21.1,100.6
2024-05-14 03:16:31.716,20.9,100.6
2024-05-14 03:16:40.026,21.1,100.6
2024-05-14 03:16:48.174,21.0,100.6
2024-05-14 03:16:56.393,21.1,100.6
2024-05-14 03:17:04.481,21.1,100.6
2024-05-14 03:17:12.727,21.0,100.6
2024-05-14 03:17:21.169,21.0,100.6
2024-05-14 03:17:29.194,21.1,100.6
2024-05-14 03:17:36.958,21.1,100.6
2024-05-14 03:17:45.165,21.1,100.6
2024-05-14 03:17:53.824,21.2,100.6
2024-05-14 03:18:02.035,21.1,100.6
2024-05-14 03:18:10.004,21.1,100.6
2024-05-14 03:18:17.765,21.1,100.6
2024-05-14 03:18:26.142,21.1,100.6
2024-05-14 03:18:34.375,21.2,100.6
2024-05-14 03:18:42.260,21.1,100.6
2024-05-14 03:18:50.480,21.0,100.6
2024-05-14 03:18:58.605,21.0,100.6
2024-05-14 03:19:06.759,21.0,100.6
2024-05-14 03:19:14.939,20.9,100.6
2024-05-14 03:19:23.030,21.0,100.6
2024-05-14 03:19:30.912,21.1,100.6
2024-05-14 03:19:39.186,21.2,100.6
2024-05-14 03:19:46.980,21.1,100.6
2024-05-14 03:19:54.965,21.1,100.6
2024-05-14 03:20:03.375,21.1,100.6
2024-05-14 03:20:11.575,21.0,100.6
2024-05-14 03:20:19.867,20.9,100.6
2024-05-14 03:20:28.328,21.0,100.6
2024-05-14 03:20:36.544,21.0,100.6
2024-05-14 03:20:44.715,20.9,100.6
2024-05-14 03:20:52.574,20.9,100.6
2024-05-14 03:21:00.564,21.1,100.6
2024-05-14 03:21:08.955,20.9,100.6
2024-05-14 03:21:17.187,20.9,100.6
2024-05-14 03:21:25.049,20.8,100.6
2024-05-14 03:21:32.977,20.9,100.6
2024-05-14 03:21:41.361,21.0,100.6
2024-05-14 03:21:49.690,21.1,100.6
2024-05-14 03:21:58.206,21.0,100.6
2024-05-14 03:22:06.089,21.0,100.6
2024-05-14 03:22:14.129,21.0,100.6
2024-05-14 03:22:22.259,21.0,100.6
2024-05-14 03:22:29.968,21.1,100.6
2024-05-14 03:22:38.274,21.1,100.6
2024-05-14 03:22:46.466,21.2,100.6
2024-05-14 03:22:54.228,21.1,100.6
2024-05-14 03:23:02.429,21.1,100.6
2024-05-14 03:23:10.851,21.1,100.6
2024-05-14 03:23:19.123,21.2,100.6
2024-05-14 03:23:27.082,21.1,100.6
2024-05-14 03:23:35.177,21.1,100.6
2024-05-14 03:23:43.756,21.1,100.6
2024-05-14 03:23:51.991,21.1,100.6
2024-05-14 03:24:00.293,21.0,100.6
2024-05-14 03:24:08.146,21.0,100.6
2024-05-14 03:24:16.038,21.0,100.6
2024-05-14 03:24:23.819,21.0,100.6
2024-05-14 03:24:32.098,21.1,100.6
2024-05-14 03:24:40.372,21.1,100.6
2024-05-14 03:24:48.618,21.0,100.6
2024-05-14 03:24:56.991,20.9,100.6
2024-05-14 03:25:05.078,21.0,100.6
2024-05-14 03:25:12.975,20.9,100.6
2024-05-14 03:25:20.636,21.0,100.6
2024-05-14 03:25:28.983,21.1,100.6
2024-05-14 03:25:37.105,21.1,100.6
2024-05-14 03:25:45.345,21.2,100.6
2024-05-14 03:25:53.639,21.2,100.6
2024-05-14 03:26:01.472,21.1,100.6
2024-05-14 03:26:09.541,21.1,100.6
2024-05-14 03:26:17.760,21.0,100.6
2024-05-14 03:26:26.024,21.1,100.6
2024-05-14 03:26:34.664,21.1,100.6
2024-05-14 03:26:42.807,21.1,100.6
2024-05-14 03:26:50.557,21.0,100.6
2024-05-14 03:26:58.704,21.0,100.6
2024-05-14 03:27:07.413,21.1,100.6
2024-05-14 03:27:15.695,21.1,100.6
2024-05-14 03:27:23.561,21.2,100.6
2024-05-14 03:27:31.354,21.1,100.6
2024-05-14 03:27:39.347,21.0,100.6
2024-05-14 03:27:47.788,21.1,100.6
2024-05-14 03:27:56.193,21.0,100.6
2024-05-14 03:28:04.055,21.0,100.6
2024-05-14 03:28:12.122,20.9,100.6
2024-05-14 03:28:20.819,21.1,100.6
2024-05-14 03:28:29.057,21.0,100.6
2024-05-14 03:28:36.813,20.9,100.6
2024-05-14 03:28:44.989,21.0,100.6
2024-05-14 03:28:53.039,21.1,100.6
2024-05-14 03:29:00.835,21.0,100.6
2024-05-14 03:29:09.153,21.0,100.6
2024-05-14 03:29:17.572,21.1,100.6
2024-05-14 03:29:25.953,21.0,100.6
2024-05-14 03:29:34.377,21.0,100.6
2024-05-14 03:29:42.281,21.0,100.6
2024-05-14 03:29:50.416,21.0,100.6
2024-05-14 03:29:58.635,21.1,100.6
2024-05-14 03:30:06.522,21.0,100.6
2024-05-14 03:30:14.702,21.0,100.6
2024-05-14 03:30:23.329,21.0,100.6
2024-05-14 03:30:31.364,20.9,100.6
2024-05-14 03:30:39.185,21.1,100.6
2024-05-14 03:30:47.399,21.0,100.6
2024-05-14 03:30:55.132,21.0,100.6
2024-05-14 03:31:03.569,21.0,100.6
2024-05-14 03:31:11.855,21.0,100.6
2024-05-14 03:31:19.593,21.0,100.6
2024-05-14 03:31:27.802,21.0,100.6
2024-05-14 03:31:35.958,21.0,100.6
2024-05-14 03:31:43.825,21.1,100.6
2024-05-14 03:31:52.019,21.2,100.6
2024-05-14 03:31:59.745,21.2,100.6
2024-05-14 03:32:08.392,21.1,100.6
2024-05-14 03:32:16.777,21.0,100.6
2024-05-14 03:32:25.192,21.0,100.6
2024-05-14 03:32:33.337,20.9,100.6
2024-05-14 03:32:41.614,21.0,100.6
2024-05-14 03:32:50.213,21.1,100.6
2024-05-14 03:32:58.521,21.0,100.6
2024-05-14 03:33:06.296,21.1,100.6
2024-05-14 03:33:14.560,21.2,100.6
2024-05-14 03:33:22.921,21.2,100.6
2024-05-14 03:33:31.128,21.1,100.6
2024-05-14 03:33:39.690,21.2,100.6
2024-05-14 03:33:47.948,21.0,100.6
2024-05-14 03:33:55.918,21.0,100.6
2024-05-14 03:34:03.933,21.0,100.6
2024-05-14 03:34:11.697,21.1,100.6
2024-05-14 03:34:19.652,21.1,100.6
2024-05-14 03:34:27.616,21.0,100.6
2024-05-14 03:34:36.115,21.0,100.6
2024-05-14 03:34:44.013,21.1,100.6
2024-05-14 03:34:51.806,21.0,100.6
2024-05-14 03:35:00.296,21.0,100.6
2024-05-14 03:35:08.533,20.9,100.6
2024-05-14 03:35:16.781,20.9,100.6
2024-05-14 03:35:24.927,20.9,100.6
2024-05-14 03:35:32.639,20.9,100.6
2024-05-14 03:35:41.145,21.0,100.6
2024-05-14 03:35:49.495,21.1,100.6
2024-05-14 03:35:57.332,21.1,100.6
2024-05-14 03:36:05.721,21.2,100.6
2024-05-14 03:36:14.204,21.1,100.6
2024-05-14 03:36:21.977,21.1,100.6
2024-05-14 03:36:30.288,21.1,100.6
2024-05-14 03:36:38.877,21.0,100.6
2024-05-14 03:36:46.979,21.0,100.6
2024-05-14 03:36:55.309,21.1,100.6
2024-05-14 03:37:03.626,21.1,100.6
2024-05-14 03:37:11.640,21.1,100.6
2024-05-14 03:37:20.204,21.0,100.6
2024-05-14 03:37:28.204,21.0,100.6
2024-05-14 03:37:36.628,21.1,100.6
2024-05-14 03:37:44.654,21.2,100.6
2024-05-14 03:37:52.982,21.2,100.6
2024-05-14 03:38:01.130,21.2,100.6
2024-05-14 03:38:09.644,21.2,100.6
2024-05-14 03:38:18.053,21.1,100.6
2024-05-14 03:38:26.567,21.1,100.6
2024-05-14 03:38:34.919,21.2,100.6
2024-05-14 03:38:42.966,21.2,100.6
2024-05-14 03:38:50.758,21.1,100.6
2024-05-14 03:38:58.963,21.1,100.6
2024-05-14 03:39:07.155,21.1,100.6
2024-05-14 03:39:15.017,21.1,100.6
2024-05-14 03:39:23.383,21.1,100.6
2024-05-14 03:39:31.615,21.1,100.6
2024-05-14 03:39:39.325,21.1,100.6
2024-05-14 03:39:47.818,21.1,100.6
2024-05-14 03:39:56.122,21.0,100.6
2024-05-14 03:40:03.853,21.0,100.6
2024-05-14 03:40:12.387,21.0,100.6
2024-05-14 03:40:20.353,21.1,100.6
2024-05-14 03:40:28.198,21.1,100.6
2024-05-14 03:40:36.559,21.2,100.6
2024-05-14 03:40:44.982,21.1,100.6
2024-05-14 03:40:53.032,21.2,100.6
2024-05-14 03:41:00.959,21.1,100.6
2024-05-14 03:41:09.190,21.1,100.6
2024-05-14 03:41:17.409,21.2,100.6
2024-05-14 03:41:25.609,21.2,100.6
2024-05-14 03:41:33.890,21.0,100.6
2024-05-14 03:41:42.493,21.1,100.6
2024-05-14 03:41:50.659,21.0,100.6
2024-05-14 03:41:58.653,21.1,100.6
2024-05-14 03:42:06.709,21.2,100.6
2024-05-14 03:42:15.099,21.1,100.6
2024-05-14 03:42:23.760,21.1,100.6
2024-05-14 03:42:31.827,21.2,100.6
2024-05-14 03:42:39.780,21.1,100.6
2024-05-14 03:42:47.616,21.0,100.6
2024-05-14 03:42:55.768,21.0,100.6
2024-05-14 03:43:04.066,21.1,100.6
2024-05-14 03:43:12.515,21.1,100.6
2024-05-14 03:43:20.902,21.0,100.6
2024-05-14 03:43:28.586,21.0,100.6
2024-05-14 03:43:36.830,21.0,100.6
2024-05-14 03:43:45.201,21.1,100.6
2024-05-14 03:43:53.573,21.1,100.6
2024-05-14 03:44:01.539,21.1,100.6
2024-05-14 03:44:09.373,21.1,100.6
2024-05-14 03:44:17.531,21.1,100.6
2024-05-14 03:44:25.708,21.1,100.6
2024-05-14 03:44:33.991,21.2,100.6
2024-05-14 03:44:42.011,21.1,100.6
2024-05-14 03:44:50.183,21.1,100.6
2024-05-14 03:44:58.321,21.1,100.6
2024-05-14 03:45:06.549,21.1,100.6
2024-05-14 03:45:14.897,21.1,100.6
2024-05-14 03:45:23.023,21.2,100.6
2024-05-14 03:45:31.133,21.1,100.6
2024-05-14 03:45:39.249,21.1,100.6
2024-05-14 03:45:47.524,21.1,100.6
2024-05-14 03:45:55.889,21.1,100.6
2024-05-14 03:46:04.028,21.1,100.6
2024-05-14 03:46:11.964,21.2,100.6
2024-05-14 03:46:20.045,21.2,100.6
2024-05-14 03:46:28.325,21.2,100.6
2024-05-14 03:46:36.437,21.2,100.6
2024-05-14 03:46:44.591,21.2,100.6
2024-05-14 03:46:52.927,21.2,100.6
2024-05-14 03:47:01.044,21.3,100.6
2024-05-14 03:47:09.097,21.3,100.6
2024-05-14 03:47:16.944,21.2,100.6
2024-05-14 03:47:25.059,21.2,100.6
2024-05-14 03:47:33.124,21.1,100.6
2024-05-14 03:47:41.534,21.1,100.6
2024-05-14 03:47:49.868,21.0,100.6
2024-05-14 03:47:58.256,21.1,100.6
2024-05-14 03:48:06.881,21.1,100.6
2024-05-14 03:48:15.085,21.1,100.6
2024-05-14 03:48:23.091,21.1,100.6
2024-05-14 03:48:31.380,21.1,100.6
2024-05-14 03:48:39.326,21.2,100.6
2024-05-14 03:48:47.859,21.2,100.6
2024-05-14 03:48:56.174,21.2,100.6
2024-05-14 03:49:04.238,21.2,100.6
2024-05-14 03:49:12.159,21.1,100.6
2024-05-14 03:49:20.068,21.1,100.6
2024-05-14 03:49:28.071,21.2,100.6
2024-05-14 03:49:36.036,21.1,100.6
2024-05-14 03:49:44.385,21.2,100.6
2024-05-14 03:49:52.514,21.1,100.6
2024-05-14 03:50:00.412,21.0,100.6
2024-05-14 03:50:08.373,21.1,100.6
2024-05-14 03:50:16.693,21.0,100.6
2024-05-14 03:50:24.999,21.2,100.6
2024-05-14 03:50:33.100,21.3,100.6
2024-05-14 03:50:41.459,21.3,100.6
2024-05-14 03:50:49.649,21.2,100.6
2024-05-14 03:50:57.547,21.2,100.6
2024-05-14 03:51:05.766,21.1,100.6
2024-05-14 03:51:13.837,21.0,100.6
2024-05-14 03:51:22.057,21.0,100.6
2024-05-14 03:51:30.258,21.0,100.6
2024-05-14 03:51:38.550,21.1,100.6
2024-05-14 03:51:46.727,21.1,100.6
2024-05-14 03:51:54.788,21.1,100.6
2024-05-14 03:52:02.860,21.1,100.6
2024-05-14 03:52:10.949,21.1,100.6
2024-05-14 03:52:19.097,21.1,100.6
2024-05-14 03:52:27.180,21.0,100.6
2024-05-14 03:52:35.136,21.1,100.6
2024-05-14 03:52:43.274,21.0,100.6
2024-05-14 03:52:51.299,21.0,100.6
2024-05-14 03:52:59.464,21.0,100.6
2024-05-14 03:53:07.570,21.0,100.6
2024-05-14 03:53:15.891,21.0,100.6
2024-05-14 03:53:23.778,21.1,100.6
2024-05-14 03:53:31.849,21.0,100.6
2024-05-14 03:53:39.705,21.0,100.6
2024-05-14 03:53:47.986,21.0,100.6
2024-05-14 03:53:56.197,21.2,100.6
2024-05-14 03:54:04.253,21.1,100.6
2024-05-14 03:54:12.372,21.2,100.6
2024-05-14 03:54:20.421,21.1,100.6
2024-05-14 03:54:28.564,21.2,100.6
2024-05-14 03:54:36.620,21.1,100.6
2024-05-14 03:54:44.852,21.2,100.6
2024-05-14 03:54:53.051,21.2,100.6
2024-05-14 03:55:00.959,21.2,100.6
2024-05-14 03:55:09.406,21.2,100.6
2024-05-14 03:55:17.484,21.2,100.6
2024-05-14 03:55:25.637,21.2,100.6
2024-05-14 03:55:33.850,21.2,100.6
2024-05-14 03:55:42.110,21.2,100.6
2024-05-14 03:55:50.043,21.1,100.6
2024-05-14 03:55:58.314,21.1,100.6
2024-05-14 03:56:06.509,21.1,100.6
2024-05-14 03:56:14.804,21.1,100.6
2024-05-14 03:56:22.891,21.1,100.6
2024-05-14 03:56:31.184,21.1,100.6
2024-05-14 03:56:39.245,21.2,100.6
2024-05-14 03:56:47.359,21.2,100.6
2024-05-14 03:56:55.519,21.0,100.6
2024-05-14 03:57:03.770,21.1,100.6
2024-05-14 03:57:11.807,21.0,100.6
2024-05-14 03:57:19.923,21.1,100.6
2024-05-14 03:57:28.077,21.0,100.6
2024-05-14 03:57:36.411,21.2,100.6
2024-05-14 03:57:44.448,21.1,100.6
2024-05-14 03:57:52.951,21.1,100.6
2024-05-14 03:58:01.155,21.0,100.6
2024-05-14 03:58:09.550,21.1,100.6
2024-05-14 03:58:17.716,21.2,100.6
2024-05-14 03:58:25.941,21.1,100.6
2024-05-14 03:58:34.180,21.1,100.6
2024-05-14 03:58:42.244,21.1,100.6
2024-05-14 03:58:50.286,21.0,100.6
2024-05-14 03:58:58.577,21.1,100.6
2024-05-14 03:59:06.755,21.0,100.6
2024-05-14 03:59:14.882,21.1,100.6
2024-05-14 03:59:23.127,21.1,100.6
2024-05-14 03:59:31.475,21.1,100.6
2024-05-14 03:59:39.597,21.1,100.6
2024-05-14 03:59:47.600,21.1,100.6
2024-05-14 03:59:55.965,21.1,100.6
2024-05-14 04:00:04.063,21.1,100.6
2024-05-14 04:00:12.403,21.1,100.6
2024-05-14 04:00:20.580,21.1,100.6
2024-05-14 04:00:28.894,21.1,100.6
2024-05-14 04:00:36.986,21.2,100.6
2024-05-14 04:00:45.374,21.1,100.6
2024-05-14 04:00:53.474,21.2,100.6
2024-05-14 04:01:01.829,21.2,100.6
2024-05-14 04:01:09.945,21.3,100.6
2024-05-14 04:01:18.210,21.3,100.6
2024-05-14 04:01:26.487,21.2,100.6
2024-05-14 04:01:34.599,21.1,100.6
2024-05-14 04:01:42.864,21.1,100.6
2024-05-14 04:01:51.038,21.1,100.6
2024-05-14 04:01:59.518,21.2,100.6
2024-05-14 04:02:07.506,21.1,100.6
2024-05-14 04:02:15.828,21.2,100.6
2024-05-14 04:02:23.777,21.2,100.6
2024-05-14 04:02:31.732,21.1,100.6
2024-05-14 04:02:39.631,21.0,100.6
2024-05-14 04:02:47.614,21.1,100.6
2024-05-14 04:02:55.593,21.1,100.6
2024-05-14 04:03:03.953,21.2,100.6
2024-05-14 04:03:12.187,21.1,100.6
2024-05-14 04:03:20.197,21.1,100.6
2024-05-14 04:03:28.522,21.1,100.6
2024-05-14 04:03:36.645,21.2,100.6
2024-05-14 04:03:44.647,21.2,100.6
2024-05-14 04:03:52.915,21.1,100.6
2024-05-14 04:04:00.876,21.1,100.6
2024-05-14 04:04:09.057,21.0,100.6
2024-05-14 04:04:17.377,21.0,100.6
2024-05-14 04:04:25.735,21.0,100.6
2024-05-14 04:04:33.859,21.0,100.6
2024-05-14 04:04:42.107,21.1,100.6
2024-05-14 04:04:50.226,21.1,100.6
2024-05-14 04:04:58.402,21.1,100.6
2024-05-14 04:05:06.578,21.2,100.6
2024-05-14 04:05:14.952,21.3,100.6
2024-05-14 04:05:23.083,21.3,100.6
2024-05-14 04:05:31.244,21.3,100.6
2024-05-14 04:05:39.281,21.2,100.6
2024-05-14 04:05:47.445,21.1,100.6
2024-05-14 04:05:55.504,21.1,100.6
2024-05-14 04:06:03.720,21.1,100.6
2024-05-14 04:06:11.774,21.0,100.6
2024-05-14 04:06:19.938,21.1,100.6
2024-05-14 04:06:28.149,21.1,100.6
2024-05-14 04:06:36.252,21.1,100.6
2024-05-14 04:06:44.308,21.1,100.6
2024-05-14 04:06:52.494,21.1,100.6
2024-05-14 04:07:00.657,21.2,100.6
2024-05-14 04:07:08.944,21.1,100.6
2024-05-14 04:07:16.993,21.2,100.6
2024-05-14 04:07:25.124,21.1,100.6
2024-05-14 04:07:33.294,21.0,100.6
2024-05-14 04:07:41.604,21.1,100.6
2024-05-14 04:07:49.569,21.1,100.6
2024-05-14 04:07:57.737,21.1,100.6
2024-05-14 04:08:05.953,21.1,100.6
2024-05-14 04:08:13.935,21.1,100.6
2024-05-14 04:08:21.821,21.0,100.6
2024-05-14 04:08:30.156,21.1,100.6
2024-05-14 04:08:38.301,21.1,100.6
2024-05-14 04:08:46.421,21.2,100.6
2024-05-14 04:08:54.182,21.2,100.6
2024-05-14 04:09:02.138,21.2,100.6
2024-05-14 04:09:10.053,21.1,100.6
2024-05-14 04:09:18.106,21.2,100.6
2024-05-14 04:09:26.061,21.2,100.6
2024-05-14 04:09:34.160,21.2,100.6
2024-05-14 04:09:41.973,21.2,100.6
2024-05-14 04:09:50.444,21.2,100.6
2024-05-14 04:09:58.497,21.2,100.6
2024-05-14 04:10:06.535,21.1,100.6
2024-05-14 04:10:14.626,21.2,100.6
2024-05-14 04:10:22.756,21.2,100.6
2024-05-14 04:10:31.136,21.2,100.6
2024-05-14 04:10:39.418,21.3,100.6
2024-05-14 04:10:47.339,21.3,100.6
2024-05-14 04:10:55.227,21.3,100.6
2024-05-14 04:11:03.313,21.2,100.6
2024-05-14 04:11:11.087,21.1,100.6
2024-05-14 04:11:19.096,21.1,100.6
2024-05-14 04:11:27.462,21.0,100.6
2024-05-14 04:11:35.515,21.0,100.6
2024-05-14 04:11:43.497,21.0,100.6
2024-05-14 04:11:51.569,21.1,100.6
2024-05-14 04:11:59.919,21.2,100.6
2024-05-14 04:12:07.797,21.1,100.6
2024-05-14 04:12:15.693,21.1,100.6
2024-05-14 04:12:23.834,21.1,100.6
2024-05-14 04:12:32.098,21.1,100.6
2024-05-14 04:12:40.578,21.0,100.6
2024-05-14 04:12:49.040,21.0,100.6
2024-05-14 04:12:57.044,21.0,100.6
2024-05-14 04:13:05.481,21.0,100.6
2024-05-14 04:13:13.567,21.1,100.6
2024-05-14 04:13:21.512,21.1,100.6
2024-05-14 04:13:29.588,21.1,100.6
2024-05-14 04:13:37.421,21.1,100.6
2024-05-14 04:13:45.413,21.1,100.6
2024-05-14 04:13:53.724,21.0,100.6
2024-05-14 04:14:01.924,21.1,100.6
2024-05-14 04:14:10.119,21.1,100.6
2024-05-14 04:14:18.302,21.0,100.6
2024-05-14 04:14:26.479,21.1,100.6
2024-05-14 04:14:34.768,21.0,100.6
2024-05-14 04:14:42.997,21.1,100.6
2024-05-14 04:14:51.102,21.2,100.6
2024-05-14 04:14:59.565,21.1,100.6
2024-05-14 04:15:08.329,21.2,100.6
2024-05-14 04:15:16.798,21.2,100.6
2024-05-14 04:15:25.057,21.2,100.6
2024-05-14 04:15:32.875,21.2,100.6
2024-05-14 04:15:41.017,21.1,100.6
2024-05-14 04:15:49.422,21.1,100.6
2024-05-14 04:15:57.636,21.1,100.6
2024-05-14 04:16:05.888,21.1,100.6
2024-05-14 04:16:14.141,21.0,100.6
2024-05-14 04:16:22.485,21.0,100.6
2024-05-14 04:16:30.745,21.1,100.6
2024-05-14 04:16:38.903,21.2,100.6
2024-05-14 04:16:46.885,21.2,100.6
2024-05-14 04:16:55.060,21.2,100.6
2024-05-14 04:17:03.445,21.1,100.6
2024-05-14 04:17:11.813,21.1,100.6
2024-05-14 04:17:20.003,21.1,100.6
2024-05-14 04:17:28.243,21.0,100.6
2024-05-14 04:17:36.353,21.1,100.6
2024-05-14 04:17:44.799,21.1,100.6
2024-05-14 04:17:52.981,21.2,100.6
2024-05-14 04:18:01.241,21.2,100.6
2024-05-14 04:18:09.325,21.2,100.6
2024-05-14 04:18:17.576,21.3,100.6
2024-05-14 04:18:25.703,21.2,100.6
2024-05-14 04:18:34.089,21.1,100.6
2024-05-14 04:18:42.308,21.1,100.6
2024-05-14 04:18:50.776,21.0,100.6
2024-05-14 04:18:59.288,21.0,100.6
2024-05-14 04:19:07.577,21.1,100.6
2024-05-14 04:19:15.663,21.0,100.6
2024-05-14 04:19:23.793,21.0,100.6
2024-05-14 04:19:32.065,21.0,100.6
2024-05-14 04:19:40.323,21.0,100.6
2024-05-14 04:19:48.605,21.0,100.6
2024-05-14 04:19:57.005,21.0,100.6
2024-05-14 04:20:05.130,21.0,100.6
2024-05-14 04:20:12.975,21.0,100.6
2024-05-14 04:20:20.673,21.0,100.6
2024-05-14 04:20:28.981,21.1,100.6
2024-05-14 04:20:36.985,21.1,100.6
2024-05-14 04:20:44.840,21.1,100.6
2024-05-14 04:20:53.035,21.0,100.6
2024-05-14 04:21:01.425,20.9,100.6
2024-05-14 04:21:09.675,21.0,100.6
2024-05-14 04:21:17.981,20.9,100.6
2024-05-14 04:21:25.878,21.1,100.6
2024-05-14 04:21:33.907,21.0,100.6
2024-05-14 04:21:42.262,21.1,100.6
2024-05-14 04:21:50.742,21.1,100.6
2024-05-14 04:21:59.140,21.0,100.6
2024-05-14 04:22:07.407,21.1,100.6
2024-05-14 04:22:15.643,21.2,100.6
2024-05-14 04:22:23.591,21.1,100.6
2024-05-14 04:22:31.662,21.1,100.6
2024-05-14 04:22:39.741,21.2,100.6
2024-05-14 04:22:47.769,21.1,100.6
2024-05-14 04:22:56.132,21.1,100.6
2024-05-14 04:23:03.878,21.1,100.6
2024-05-14 04:23:11.860,21.1,100.6
2024-05-14 04:23:19.988,21.1,100.6
2024-05-14 04:23:28.168,21.0,100.6
2024-05-14 04:23:36.531,21.0,100.6
2024-05-14 04:23:44.566,21.0,100.6
2024-05-14 04:23:52.409,21.0,100.6
2024-05-14 04:24:00.771,21.0,100.6
2024-05-14 04:24:08.755,21.1,100.6
2024-05-14 04:24:15.705,21.0,100.6
2024-05-14 04:24:22.792,21.0,100.6
2024-05-14 04:24:29.805,21.0,100.6
2024-05-14 04:24:37.112,21.1,100.6
2024-05-14 04:24:44.231,21.2,100.6
2024-05-14 04:24:51.671,21.1,100.6
2024-05-14 04:24:58.744,21.1,100.6
2024-05-14 04:25:06.015,21.1,100.6
2024-05-14 04:25:13.020,21.0,100.6
2024-05-14 04:25:20.051,21.0,100.6
2024-05-14 04:25:27.394,21.1,100.6
2024-05-14 04:25:34.779,21.0,100.6
2024-05-14 04:25:41.919,21.1,100.6
2024-05-14 04:25:49.096,21.0,100.6
2024-05-14 04:25:56.472,21.0,100.6
2024-05-14 04:26:03.577,21.1,100.6
2024-05-14 04:26:10.375,21.1,100.6
2024-05-14 04:26:17.893,21.2,100.6
2024-05-14 04:26:25.134,21.2,100.6
2024-05-14 04:26:32.118,21.1,100.6
2024-05-14 04:26:39.326,21.0,100.6
2024-05-14 04:26:46.778,20.9,100.6
2024-05-14 04:26:54.159,20.9,100.6
2024-05-14 04:27:01.524,20.9,100.6
2024-05-14 04:27:08.581,20.8,100.6
2024-05-14 04:27:15.953,20.8,100.6
2024-05-14 04:27:23.260,20.8,100.6
2024-05-14 04:27:30.622,20.9,100.6
2024-05-14 04:27:37.771,21.0,100.6
2024-05-14 04:27:44.901,21.0,100.6
2024-05-14 04:27:52.066,20.9,100.6
2024-05-14 04:27:59.426,20.9,100.6
2024-05-14 04:28:06.683,20.9,100.6
2024-05-14 04:28:14.057,20.8,100.6
2024-05-14 04:28:21.445,20.9,100.6
2024-05-14 04:28:28.436,20.9,100.6
2024-05-14 04:28:35.658,20.9,100.6
2024-05-14 04:28:43.079,20.9,100.6
2024-05-14 04:28:50.661,20.9,100.6
2024-05-14 04:28:58.004,20.9,100.6
2024-05-14 04:29:05.176,20.9,100.6
2024-05-14 04:29:12.492,21.0,100.6
2024-05-14 04:29:19.669,21.0,100.6
2024-05-14 04:29:26.930,20.9,100.6
2024-05-14 04:29:34.083,21.0,100.6
2024-05-14 04:29:41.035,20.9,100.6
2024-05-14 04:29:48.448,20.8,100.6
2024-05-14 04:29:55.643,20.8,100.6
2024-05-14 04:30:02.484,20.7,100.6
2024-05-14 04:30:09.669,20.7,100.6
2024-05-14 04:30:16.992,20.7,100.6
2024-05-14 04:30:24.441,20.8,100.6
2024-05-14 04:30:31.810,20.8,100.6
2024-05-14 04:30:39.517,20.8,100.6
2024-05-14 04:30:46.717,20.7,100.6
2024-05-14 04:30:53.703,20.7,100.6
2024-05-14 04:31:00.886,20.7,100.6
2024-05-14 04:31:08.397,20.8,100.6
2024-05-14 04:31:15.836,20.9,100.6
2024-05-14 04:31:22.673,21.0,100.6
2024-05-14 04:31:29.666,20.9,100.6
2024-05-14 04:31:36.964,20.8,100.6
2024-05-14 04:31:44.303,20.9,100.6
2024-05-14 04:31:51.765,20.8,100.6
2024-05-14 04:31:59.182,20.8,100.6
2024-05-14 04:32:06.557,20.9,100.6
2024-05-14 04:32:13.520,20.8,100.6
2024-05-14 04:32:20.931,20.8,100.6
2024-05-14 04:32:28.484,20.9,100.6
2024-05-14 04:32:36.133,20.9,100.6
2024-05-14 04:32:43.457,20.8,100.6
2024-05-14 04:32:50.650,20.8,100.6
2024-05-14 04:32:57.772,20.7,100.6
2024-05-14 04:33:04.881,20.6,100.6
2024-05-14 04:33:12.562,20.6,100.6
2024-05-14 04:33:19.639,20.6,100.6
2024-05-14 04:33:26.858,20.7,100.6
2024-05-14 04:33:34.115,20.7,100.6
2024-05-14 04:33:41.666,20.7,100.6
2024-05-14 04:33:48.807,20.7,100.6
2024-05-14 04:33:56.242,20.6,100.6
2024-05-14 04:34:03.200,20.7,100.6
2024-05-14 04:34:10.324,20.7,100.6
2024-05-14 04:34:17.801,20.8,100.6
2024-05-14 04:34:25.004,20.7,100.6
2024-05-14 04:34:32.005,20.7,100.6
2024-05-14 04:34:39.293,20.6,100.6
2024-05-14 04:34:46.495,20.6,100.6
2024-05-14 04:34:53.328,20.5,100.6
2024-05-14 04:35:00.570,20.6,100.6
2024-05-14 04:35:08.084,20.7,100.6
2024-05-14 04:35:15.086,20.7,100.6
2024-05-14 04:35:22.055,20.7,100.6
2024-05-14 04:35:29.529,20.7,100.6
2024-05-14 04:35:37.162,20.8,100.6
2024-05-14 04:35:44.518,20.7,100.6
2024-05-14 04:35:51.633,20.6,100.6
2024-05-14 04:35:58.659,20.5,100.6
2024-05-14 04:36:05.800,20.5,100.6
2024-05-14 04:36:12.678,20.4,100.6
2024-05-14 04:36:20.048,20.5,100.6
2024-05-14 04:36:27.136,20.5,100.6
2024-05-14 04:36:34.171,20.5,100.6
2024-05-14 04:36:40.928,20.5,100.6
2024-05-14 04:36:48.157,20.4,100.6
2024-05-14 04:36:55.738,20.4,100.6
2024-05-14 04:37:03.112,20.4,100.6
2024-05-14 04:37:10.736,20.4,100.6
2024-05-14 04:37:18.089,20.5,100.6
2024-05-14 04:37:25.171,20.6,100.6
2024-05-14 04:37:32.559,20.4,100.6
2024-05-14 04:37:39.863,20.3,100.6
2024-05-14 04:37:47.213,20.3,100.6
2024-05-14 04:37:54.519,20.4,100.6
2024-05-14 04:38:01.960,20.5,100.6
2024-05-14 04:38:09.411,20.4,100.6
2024-05-14 04:38:16.341,20.3,100.6
2024-05-14 04:38:23.506,20.4,100.6
2024-05-14 04:38:31.008,20.4,100.6
2024-05-14 04:38:38.173,20.4,100.6
2024-05-14 04:38:45.173,20.4,100.6
2024-05-14 04:38:52.603,20.4,100.6
2024-05-14 04:39:00.198,20.3,100.6
2024-05-14 04:39:07.467,20.4,100.6
2024-05-14 04:39:14.704,20.4,100.6
2024-05-14 04:39:22.077,20.5,100.6
2024-05-14 04:39:29.469,20.4,100.6
2024-05-14 04:39:37.126,20.4,100.6
2024-05-14 04:39:44.208,20.4,100.6
2024-05-14 04:39:51.332,20.3,100.6
2024-05-14 04:39:58.647,20.5,100.6
2024-05-14 04:40:05.967,20.4,100.6
2024-05-14 04:40:13.321,20.4,100.6
2024-05-14 04:40:20.944,20.3,100.6
2024-05-14 04:40:28.378,20.3,100.6
2024-05-14 04:40:35.666,20.3,100.6
2024-05-14 04:40:42.952,20.3,100.6
2024-05-14 04:40:49.969,20.4,100.6
2024-05-14 04:40:57.448,20.3,100.6
2024-05-14 04:41:04.851,20.4,100.6
2024-05-14 04:41:11.976,20.3,100.6
2024-05-14 04:41:19.222,20.3,100.6
2024-05-14 04:41:26.645,20.3,100.6
2024-05-14 04:41:33.749,20.3,100.6
2024-05-14 04:41:41.340,20.2,100.6
2024-05-14 04:41:48.765,20.2,100.6
2024-05-14 04:41:55.751,20.1,100.6
2024-05-14 04:42:03.334,20.2,100.6
2024-05-14 04:42:10.898,20.2,100.6
2024-05-14 04:42:18.256,20.2,100.6
2024-05-14 04:42:25.145,20.2,100.6
2024-05-14 04:42:32.575,20.2,100.6
2024-05-14 04:42:39.784,20.3,100.6
2024-05-14 04:42:46.799,20.3,100.6
2024-05-14 04:42:53.954,20.3,100.6
2024-05-14 04:43:01.123,20.2,100.6
2024-05-14 04:43:08.500,20.2,100.6
2024-05-14 04:43:15.958,20.3,100.6
2024-05-14 04:43:23.429,20.3,100.6
2024-05-14 04:43:30.670,20.2,100.6
2024-05-14 04:43:38.018,20.2,100.6
2024-05-14 04:43:45.261,20.2,100.6
2024-05-14 04:43:52.539,20.3,100.6
2024-05-14 04:43:59.798,20.2,100.6
2024-05-14 04:44:07.078,20.2,100.6
2024-05-14 04:44:14.300,20.3,100.6
2024-05-14 04:44:21.828,20.3,100.6
2024-05-14 04:44:28.920,20.2,100.6
2024-05-14 04:44:36.237,20.2,100.6
2024-05-14 04:44:43.715,20.3,100.6
2024-05-14 04:44:51.048,20.3,100.6
2024-05-14 04:44:58.050,20.2,100.6
2024-05-14 04:45:05.575,20.3,100.6
2024-05-14 04:45:13.105,20.2,100.6
2024-05-14 04:45:20.593,20.2,100.6
2024-05-14 04:45:27.643,20.2,100.6
2024-05-14 04:45:34.925,20.3,100.6
2024-05-14 04:45:42.373,20.3,100.6
2024-05-14 04:45:49.464,20.3,100.6
2024-05-14 04:45:56.936,20.3,100.6
2024-05-14 04:46:04.522,20.3,100.6
2024-05-14 04:46:11.754,20.2,100.6
2024-05-14 04:46:19.150,20.1,100.6
2024-05-14 04:46:26.413,20.1,100.6
2024-05-14 04:46:33.420,20.2,100.6
2024-05-14 04:46:40.727,20.2,100.6
2024-05-14 04:46:48.021,20.2,100.6
2024-05-14 04:46:55.494,20.2,100.6
2024-05-14 04:47:03.010,20.3,100.6
2024-05-14 04:47:10.419,20.3,100.6
2024-05-14 04:47:17.975,20.3,100.6
2024-05-14 04:47:25.163,20.2,100.6
2024-05-14 04:47:32.730,20.2,100.6
2024-05-14 04:47:39.946,20.1,100.6
2024-05-14 04:47:47.303,20.2,100.6
2024-05-14 04:47:54.442,20.3,100.6
2024-05-14 04:48:01.593,20.2,100.6
2024-05-14 04:48:08.706,20.1,100.6
2024-05-14 04:48:15.960,20.0,100.6
2024-05-14 04:48:23.420,20.0,100.6
2024-05-14 04:48:30.716,20.0,100.6
2024-05-14 04:48:38.231,20.0,100.6
2024-05-14 04:48:45.552,20.1,100.6
2024-05-14 04:48:53.163,20.1,100.6
2024-05-14 04:49:00.579,20.1,100.6
2024-05-14 04:49:07.874,20.1,100.6
2024-05-14 04:49:15.059,20.1,100.6
2024-05-14 04:49:22.363,20.2,100.6
2024-05-14 04:49:29.834,20.2,100.6
2024-05-14 04:49:37.323,20.1,100.6
2024-05-14 04:49:44.469,20.0,100.6
2024-05-14 04:49:51.674,20.1,100.6
2024-05-14 04:49:58.981,20.1,100.6
2024-05-14 04:50:06.470,20.1,100.6
2024-05-14 04:50:13.773,20.1,100.6
2024-05-14 04:50:21.028,20.1,100.6
2024-05-14 04:50:28.483,20.0,100.6
2024-05-14 04:50:35.790,20.0,100.6
2024-05-14 04:50:43.309,20.1,100.6
2024-05-14 04:50:50.719,20.1,100.6
2024-05-14 04:50:58.005,20.1,100.6
2024-05-14 04:51:05.490,20.0,100.6
2024-05-14 04:51:12.917,20.0,100.6
2024-05-14 04:51:20.453,20.1,100.6
2024-05-14 04:51:27.846,20.1,100.6
2024-05-14 04:51:35.209,20.1,100.6
2024-05-14 04:51:42.621,20.1,100.6
2024-05-14 04:51:49.805,19.9,100.6
2024-05-14 04:51:57.164,19.9,100.6
2024-05-14 04:52:04.516,19.8,100.6
2024-05-14 04:52:11.935,19.8,100.6
2024-05-14 04:52:19.458,19.9,100.6
2024-05-14 04:52:26.841,20.0,100.6
2024-05-14 04:52:34.187,19.8,100.6
2024-05-14 04:52:41.560,19.8,100.6
2024-05-14 04:52:49.175,19.8,100.6
2024-05-14 04:52:56.748,19.9,100.6
2024-05-14 04:53:04.071,19.9,100.6
2024-05-14 04:53:11.447,20.0,100.6
2024-05-14 04:53:18.732,20.0,100.6
2024-05-14 04:53:26.318,20.0,100.6
2024-05-14 04:53:33.670,19.9,100.6
2024-05-14 04:53:40.773,20.0,100.6
2024-05-14 04:53:47.997,20.0,100.6
2024-05-14 04:53:55.439,19.9,100.6
2024-05-14 04:54:02.708,19.9,100.6
2024-05-14 04:54:10.136,19.9,100.6
2024-05-14 04:54:17.282,19.9,100.6
2024-05-14 04:54:24.681,19.9,100.6
2024-05-14 04:54:32.024,19.8,100.6
2024-05-14 04:54:39.408,20.0,100.6
2024-05-14 04:54:46.887,19.9,100.6
2024-05-14 04:54:54.355,20.0,100.6
2024-05-14 04:55:01.825,20.1,100.6
2024-05-14 04:55:09.255,20.0,100.6
2024-05-14 04:55:16.432,20.0,100.6
2024-05-14 04:55:23.466,19.9,100.6
2024-05-14 04:55:30.604,19.8,100.6
2024-05-14 04:55:37.691,19.8,100.6
2024-05-14 04:55:45.086,19.9,100.6
2024-05-14 04:55:52.692,19.9,100.6
2024-05-14 04:56:00.233,20.0,100.6
2024-05-14 04:56:07.563,19.9,100.6
2024-05-14 04:56:14.858,20.0,100.6
2024-05-14 04:56:22.270,19.9,100.6
2024-05-14 04:56:29.578,19.9,100.6
2024-05-14 04:56:36.666,19.9,100.6
2024-05-14 04:56:44.041,19.9,100.6
2024-05-14 04:56:51.320,19.8,100.6
2024-05-14 04:56:58.607,19.9,100.6
2024-05-14 04:57:05.956,19.9,100.6
2024-05-14 04:57:13.231,19.9,100.6
2024-05-14 04:57:20.457,19.9,100.6
2024-05-14 04:57:27.914,19.9,100.6
2024-05-14 04:57:35.161,19.8,100.6
2024-05-14 04:57:42.635,19.8,100.6
2024-05-14 04:57:49.920,19.8,100.6
2024-05-14 04:57:57.241,19.8,100.6
2024-05-14 04:58:04.481,19.9,100.6
2024-05-14 04:58:12.027,19.9,100.6
2024-05-14 04:58:19.441,19.9,100.6
2024-05-14 04:58:26.767,20.0,100.6
2024-05-14 04:58:34.210,20.0,100.6
2024-05-14 04:58:41.627,19.9,100.6
2024-05-14 04:58:49.040,19.9,100.6
2024-05-14 04:58:56.332,19.8,100.6
2024-05-14 04:59:03.937,19.8,100.6
2024-05-14 04:59:11.517,19.8,100.6
2024-05-14 04:59:18.808,19.8,100.6
2024-05-14 04:59:26.343,19.9,100.6
2024-05-14 04:59:33.841,19.9,100.6
2024-05-14 04:59:41.172,19.7,100.6
2024-05-14 04:59:48.375,19.9,100.6
2024-05-14 04:59:55.588,19.9,100.6
2024-05-14 05:00:02.788,19.9,100.6
2024-05-14 05:00:10.030,19.8,100.6
2024-05-14 05:00:17.542,19.8,100.6
2024-05-14 05:00:25.079,19.7,100.6
2024-05-14 05:00:32.613,19.7,100.6
2024-05-14 05:00:40.069,19.7,100.6
2024-05-14 05:00:47.450,19.8,100.6
2024-05-14 05:00:54.866,19.8,100.6
2024-05-14 05:01:02.243,19.7,100.6
2024-05-14 05:01:09.427,19.7,100.6
2024-05-14 05:01:16.779,19.7,100.6
2024-05-14 05:01:24.096,19.7,100.6
2024-05-14 05:01:31.258,19.7,100.6
2024-05-14 05:01:38.405,19.8,100.6
2024-05-14 05:01:45.734,19.7,100.6
2024-05-14 05:01:53.063,19.7,100.6
2024-05-14 05:02:00.327,19.7,100.6
2024-05-14 05:02:07.475,19.7,100.6
2024-05-14 05:02:14.889,19.7,100.6
2024-05-14 05:02:22.306,19.7,100.6
2024-05-14 05:02:29.375,19.8,100.6
2024-05-14 05:02:36.927,19.8,100.6
2024-05-14 05:02:44.542,19.7,100.6
2024-05-14 05:02:51.652,19.8,100.6
2024-05-14 05:02:58.934,19.7,100.6
2024-05-14 05:03:06.481,19.6,100.6
2024-05-14 05:03:13.563,19.7,100.6
2024-05-14 05:03:20.819,19.7,100.6
2024-05-14 05:03:28.197,19.8,100.6
2024-05-14 05:03:35.681,19.9,100.6
2024-05-14 05:03:43.345,19.8,100.6
2024-05-14 05:03:50.842,19.8,100.6
2024-05-14 05:03:58.058,19.8,100.6
2024-05-14 05:04:05.061,19.9,100.6
2024-05-14 05:04:12.481,19.8,100.6
2024-05-14 05:04:19.739,19.8,100.6
2024-05-14 05:04:27.038,19.8,100.6
2024-05-14 05:04:34.509,19.7,100.6
2024-05-14 05:04:42.013,19.7,100.6
2024-05-14 05:04:49.531,19.7,100.6
2024-05-14 05:04:57.096,19.8,100.6
2024-05-14 05:05:04.672,19.8,100.6
2024-05-14 05:05:11.861,19.7,100.6
2024-05-14 05:05:19.190,19.8,100.6
2024-05-14 05:05:26.682,19.7,100.6
2024-05-14 05:05:33.794,19.7,100.6
2024-05-14 05:05:41.139,19.7,100.6
2024-05-14 05:05:48.776,19.6,100.6
2024-05-14 05:05:56.005,19.6,100.6
2024-05-14 05:06:03.041,19.6,100.6
2024-05-14 05:06:10.506,19.6,100.6
2024-05-14 05:06:18.015,19.6,100.6
2024-05-14 05:06:25.562,19.7,100.6
2024-05-14 05:06:33.297,19.6,100.6
2024-05-14 05:06:40.740,19.5,100.6
2024-05-14 05:06:48.212,19.6,100.6
2024-05-14 05:06:55.768,19.5,100.6
2024-05-14 05:07:03.147,19.5,100.6
2024-05-14 05:07:10.620,19.5,100.6
2024-05-14 05:07:17.822,19.5,100.6
2024-05-14 05:07:25.077,19.5,100.6
2024-05-14 05:07:32.419,19.5,100.6
2024-05-14 05:07:40.081,19.6,100.6
2024-05-14 05:07:47.617,19.5,100.6
2024-05-14 05:07:54.822,19.5,100.6
2024-05-14 05:08:02.117,19.5,100.6
2024-05-14 05:08:09.349,19.6,100.6
2024-05-14 05:08:16.771,19.6,100.6
2024-05-14 05:08:24.017,19.5,100.6
2024-05-14 05:08:31.728,19.5,100.6
2024-05-14 05:08:39.156,19.6,100.6
2024-05-14 05:08:46.277,19.5,100.6
2024-05-14 05:08:53.669,19.4,100.6
2024-05-14 05:09:01.075,19.3,100.6
2024-05-14 05:09:08.685,19.5,100.6
2024-05-14 05:09:16.020,19.6,100.6
2024-05-14 05:09:23.067,19.5,100.6
2024-05-14 05:09:30.639,19.6,100.6
2024-05-14 05:09:38.262,19.6,100.6
2024-05-14 05:09:45.617,19.6,100.6
2024-05-14 05:09:53.234,19.6,100.6
2024-05-14 05:10:00.715,19.7,100.6
2024-05-14 05:10:07.953,19.5,100.6
2024-05-14 05:10:14.959,19.5,100.6
2024-05-14 05:10:22.143,19.6,100.6
2024-05-14 05:10:29.745,19.6,100.6
2024-05-14 05:10:37.147,19.7,100.6
2024-05-14 05:10:44.607,19.5,100.6
2024-05-14 05:10:52.169,19.6,100.6
2024-05-14 05:10:59.666,19.6,100.6
2024-05-14 05:11:07.117,19.6,100.6
2024-05-14 05:11:14.675,19.6,100.6
2024-05-14 05:11:22.022,19.6,100.6
2024-05-14 05:11:29.377,19.6,100.6
2024-05-14 05:11:36.811,19.5,100.6
2024-05-14 05:11:44.174,19.5,100.6
2024-05-14 05:11:51.566,19.6,100.6
2024-05-14 05:11:59.124,19.5,100.6
2024-05-14 05:12:06.595,19.5,100.6
2024-05-14 05:12:13.859,19.4,100.6
2024-05-14 05:12:21.513,19.4,100.6
2024-05-14 05:12:29.160,19.4,100.6
2024-05-14 05:12:36.366,19.4,100.6
2024-05-14 05:12:43.750,19.3,100.6
2024-05-14 05:12:50.805,19.4,100.6
2024-05-14 05:12:58.554,19.5,100.6
2024-05-14 05:13:05.818,19.5,100.6
2024-05-14 05:13:13.227,19.5,100.6
2024-05-14 05:13:20.327,19.5,100.6
2024-05-14 05:13:27.660,19.4,100.6
2024-05-14 05:13:34.767,19.3,100.6
2024-05-14 05:13:42.242,19.4,100.6
2024-05-14 05:13:49.472,19.4,100.6
2024-05-14 05:13:56.610,19.4,100.6
2024-05-14 05:14:04.334,19.4,100.6
2024-05-14 05:14:11.598,19.4,100.6
2024-05-14 05:14:19.165,19.5,100.6
2024-05-14 05:14:26.834,19.4,100.6
2024-05-14 05:14:34.485,19.4,100.6
2024-05-14 05:14:42.104,19.4,100.6
2024-05-14 05:14:49.526,19.4,100.6
2024-05-14 05:14:56.946,19.4,100.6
2024-05-14 05:15:04.365,19.3,100.6
2024-05-14 05:15:11.858,19.4,100.6
2024-05-14 05:15:19.299,19.3,100.6
2024-05-14 05:15:26.324,19.4,100.6
2024-05-14 05:15:33.806,19.4,100.6
2024-05-14 05:15:41.168,19.4,100.6
2024-05-14 05:15:48.366,19.4,100.6
2024-05-14 05:15:55.788,19.4,100.6
2024-05-14 05:16:03.478,19.4,100.6
2024-05-14 05:16:11.052,19.4,100.6
2024-05-14 05:16:18.543,19.4,100.6
2024-05-14 05:16:25.876,19.4,100.6
2024-05-14 05:16:33.016,19.4,100.6
2024-05-14 05:16:40.270,19.5,100.6
2024-05-14 05:16:47.586,19.5,100.6
2024-05-14 05:16:54.916,19.4,100.6
2024-05-14 05:17:02.258,19.5,100.6
2024-05-14 05:17:09.714,19.5,100.6
2024-05-14 05:17:17.429,19.5,100.6
2024-05-14 05:17:25.179,19.4,100.6
2024-05-14 05:17:32.791,19.4,100.6
2024-05-14 05:17:40.106,19.3,100.6
2024-05-14 05:17:47.852,19.4,100.6
2024-05-14 05:17:55.442,19.4,100.6
2024-05-14 05:18:02.989,19.3,100.6
2024-05-14 05:18:10.628,19.4,100.6
2024-05-14 05:18:17.915,19.4,100.6
2024-05-14 05:18:25.175,19.4,100.6
2024-05-14 05:18:32.324,19.4,100.6
2024-05-14 05:18:39.925,19.4,100.6
2024-05-14 05:18:47.201,19.5,100.6
2024-05-14 05:18:54.823,19.5,100.6
2024-05-14 05:19:02.133,19.4,100.6
2024-05-14 05:19:09.592,19.4,100.6
2024-05-14 05:19:17.177,19.4,100.6
2024-05-14 05:19:24.650,19.4,100.6
2024-05-14 05:19:32.356,19.3,100.6
2024-05-14 05:19:39.884,19.3,100.6
2024-05-14 05:19:47.379,19.3,100.6
2024-05-14 05:19:54.809,19.4,100.6
2024-05-14 05:20:02.318,19.5,100.6
2024-05-14 05:20:09.665,19.4,100.6
2024-05-14 05:20:16.928,19.3,100.6
2024-05-14 05:20:24.564,19.4,100.6
2024-05-14 05:20:31.608,19.4,100.6
2024-05-14 05:20:39.086,19.4,100.6
2024-05-14 05:20:46.515,19.4,100.6
2024-05-14 05:20:53.899,19.4,100.6
2024-05-14 05:21:01.204,19.3,100.6
2024-05-14 05:21:08.583,19.4,100.6
2024-05-14 05:21:15.963,19.4,100.6
2024-05-14 05:21:23.056,19.3,100.6
2024-05-14 05:21:30.208,19.3,100.6
2024-05-14 05:21:37.488,19.3,100.6
2024-05-14 05:21:44.913,19.2,100.6
2024-05-14 05:21:52.407,19.3,100.6
2024-05-14 05:21:59.928,19.3,100.6
2024-05-14 05:22:07.411,19.2,100.6
2024-05-14 05:22:14.674,19.1,100.6
2024-05-14 05:22:21.831,19.1,100.6
2024-05-14 05:22:29.087,19.1,100.6
2024-05-14 05:22:36.384,19.2,100.6
2024-05-14 05:22:43.803,19.1,100.6
2024-05-14 05:22:51.237,19.2,100.6
2024-05-14 05:22:58.643,19.2,100.6
2024-05-14 05:23:06.225,19.2,100.6
2024-05-14 05:23:13.677,19.2,100.6
2024-05-14 05:23:21.311,19.2,100.6
2024-05-14 05:23:28.893,19.2,100.6
2024-05-14 05:23:36.214,19.2,100.6
2024-05-14 05:23:43.807,19.3,100.6
2024-05-14 05:23:50.949,19.2,100.6
2024-05-14 05:23:58.597,19.2,100.6
2024-05-14 05:24:06.185,19.2,100.6
2024-05-14 05:24:13.763,19.2,100.6
2024-05-14 05:24:21.334,19.2,100.6
2024-05-14 05:24:28.900,19.2,100.6
2024-05-14 05:24:36.445,19.2,100.6
2024-05-14 05:24:43.789,19.2,100.6
2024-05-14 05:24:51.166,19.3,100.6
2024-05-14 05:24:58.843,19.2,100.6
2024-05-14 05:25:06.382,19.1,100.6
2024-05-14 05:25:14.052,19.1,100.6
2024-05-14 05:25:21.579,19.1,100.6
2024-05-14 05:25:28.860,19.2,100.6
2024-05-14 05:25:36.218,19.2,100.6
2024-05-14 05:25:43.494,19.2,100.6
2024-05-14 05:25:51.021,19.2,100.6
2024-05-14 05:25:58.491,19.2,100.6
2024-05-14 05:26:05.876,19.2,100.6
2024-05-14 05:26:13.328,19.2,100.6
2024-05-14 05:26:20.684,19.3,100.6
2024-05-14 05:26:27.900,19.2,100.6
2024-05-14 05:26:35.232,19.1,100.6
2024-05-14 05:26:42.480,19.0,100.6
2024-05-14 05:26:50.074,19.1,100.6
2024-05-14 05:26:57.437,19.2,100.6
2024-05-14 05:27:04.684,19.2,100.6
2024-05-14 05:27:11.986,19.2,100.6
2024-05-14 05:27:19.482,19.1,100.6
2024-05-14 05:27:26.935,19.1,100.6
2024-05-14 05:27:34.217,19.2,100.6
2024-05-14 05:27:41.782,19.1,100.6
2024-05-14 05:27:49.164,19.1,100.6
2024-05-14 05:27:56.702,19.2,100.6
2024-05-14 05:28:04.183,19.2,100.6
2024-05-14 05:28:11.737,19.1,100.6
2024-05-14 05:28:19.021,19.2,100.6
2024-05-14 05:28:26.761,19.1,100.6
2024-05-14 05:28:34.230,19.2,100.6
2024-05-14 05:28:41.422,19.1,100.6
2024-05-14 05:28:48.686,19.2,100.6
2024-05-14 05:28:56.004,19.1,100.6
2024-05-14 05:29:03.411,19.1,100.6
2024-05-14 05:29:10.772,19.1,100.6
2024-05-14 05:29:18.266,19.2,100.6
2024-05-14 05:29:25.564,19.2,100.6
2024-05-14 05:29:32.904,19.2,100.6
2024-05-14 05:29:40.303,19.1,100.6
2024-05-14 05:29:47.801,19.1,100.6
2024-05-14 05:29:55.191,19.1,100.6
2024-05-14 05:30:02.610,19.2,100.6
2024-05-14 05:30:10.098,19.2,100.6
2024-05-14 05:30:17.734,19.2,100.6
2024-05-14 05:30:24.984,19.2,100.6
2024-05-14 05:30:32.333,19.2,100.6
2024-05-14 05:30:39.834,19.1,100.6
2024-05-14 05:30:47.171,19.2,100.6
2024-05-14 05:30:54.489,19.1,100.6
2024-05-14 05:31:01.787,19.1,100.6
2024-05-14 05:31:09.242,19.1,100.6
2024-05-14 05:31:16.914,19.1,100.6
2024-05-14 05:31:24.345,19.1,100.6
2024-05-14 05:31:31.540,19.1,100.6
2024-05-14 05:31:38.967,19.0,100.6
2024-05-14 05:31:46.541,19.1,100.6
2024-05-14 05:31:53.981,19.1,100.6
2024-05-14 05:32:01.410,19.1,100.6
2024-05-14 05:32:08.991,19.1,100.6
2024-05-14 05:32:16.434,19.1,100.6
2024-05-14 05:32:23.718,19.1,100.6
2024-05-14 05:32:30.994,19.1,100.6
2024-05-14 05:32:38.392,19.0,100.6
2024-05-14 05:32:45.739,19.1,100.6
2024-05-14 05:32:53.104,19.2,100.6
2024-05-14 05:33:00.361,19.1,100.6
2024-05-14 05:33:07.663,19.0,100.6
2024-05-14 05:33:14.860,19.0,100.6
2024-05-14 05:33:22.228,19.0,100.6
2024-05-14 05:33:29.550,19.1,100.6
2024-05-14 05:33:37.061,19.1,100.6
2024-05-14 05:33:44.359,19.0,100.6
2024-05-14 05:33:51.553,19.1,100.6
2024-05-14 05:33:58.669,19.2,100.6
2024-05-14 05:34:05.976,19.1,100.6
2024-05-14 05:34:13.336,19.0,100.6
2024-05-14 05:34:20.832,19.1,100.6
2024-05-14 05:34:28.193,19.1,100.6
2024-05-14 05:34:35.687,19.1,100.6
2024-05-14 05:34:42.792,19.1,100.6
2024-05-14 05:34:50.232,19.0,100.6
2024-05-14 05:34:57.709,19.0,100.6
2024-05-14 05:35:04.966,19.0,100.6
2024-05-14 05:35:12.436,19.0,100.6
2024-05-14 05:35:19.876,18.9,100.6
2024-05-14 05:35:27.402,18.9,100.6
2024-05-14 05:35:34.682,18.9,100.6
2024-05-14 05:35:41.948,19.0,100.6
2024-05-14 05:35:49.368,18.9,100.6
2024-05-14 05:35:56.836,19.1,100.6
2024-05-14 05:36:04.388,19.0,100.6
2024-05-14 05:36:11.710,19.0,100.6
2024-05-14 05:36:19.212,19.0,100.6
2024-05-14 05:36:26.766,18.9,100.6
2024-05-14 05:36:34.008,18.9,100.6
2024-05-14 05:36:41.618,19.0,100.6
2024-05-14 05:36:49.150,19.0,100.6
2024-05-14 05:36:56.556,19.2,100.6
2024-05-14 05:37:04.109,19.1,100.6
2024-05-14 05:37:11.704,19.1,100.6
2024-05-14 05:37:19.322,19.0,100.6
2024-05-14 05:37:26.620,19.0,100.6
2024-05-14 05:37:34.171,19.0,100.6
2024-05-14 05:37:41.601,19.1,100.6
2024-05-14 05:37:49.198,19.0,100.6
2024-05-14 05:37:56.662,19.0,100.6
2024-05-14 05:38:04.133,19.0,100.6
2024-05-14 05:38:11.472,19.1,100.6
2024-05-14 05:38:18.704,19.0,100.6
2024-05-14 05:38:26.039,19.0,100.6
2024-05-14 05:38:33.351,19.0,100.6
2024-05-14 05:38:40.720,19.0,100.6
2024-05-14 05:38:48.074,19.0,100.6
2024-05-14 05:38:55.331,18.9,100.6
2024-05-14 05:39:02.556,19.0,100.6
2024-05-14 05:39:10.145,18.9,100.6
2024-05-14 05:39:17.672,18.9,100.6
2024-05-14 05:39:25.203,19.1,100.6
2024-05-14 05:39:32.740,19.1,100.6
2024-05-14 05:39:40.324,19.1,100.6
2024-05-14 05:39:47.660,18.9,100.6
2024-05-14 05:39:55.276,18.9,100.6
2024-05-14 05:40:02.767,19.1,100.6
2024-05-14 05:40:10.248,19.0,100.6
2024-05-14 05:40:17.446,18.9,100.6
2024-05-14 05:40:24.661,19.1,100.6
2024-05-14 05:40:32.166,19.1,100.6
2024-05-14 05:40:39.784,19.1,100.6
2024-05-14 05:40:47.344,19.0,100.6
2024-05-14 05:40:54.692,19.1,100.6
2024-05-14 05:41:02.154,19.1,100.6
2024-05-14 05:41:09.343,19.1,100.6
2024-05-14 05:41:16.873,19.0,100.6
2024-05-14 05:41:24.537,19.1,100.6
2024-05-14 05:41:32.102,19.0,100.6
2024-05-14 05:41:39.376,19.0,100.6
2024-05-14 05:41:46.721,18.9,100.6
2024-05-14 05:41:54.342,18.9,100.6
2024-05-14 05:42:01.851,18.9,100.6
2024-05-14 05:42:09.421,19.0,100.6
2024-05-14 05:42:16.715,19.0,100.6
2024-05-14 05:42:24.210,19.0,100.6
2024-05-14 05:42:31.779,19.0,100.6
2024-05-14 05:42:39.153,19.0,100.6
2024-05-14 05:42:46.529,19.0,100.6
2024-05-14 05:42:53.928,19.0,100.6
2024-05-14 05:43:01.251,19.0,100.6
2024-05-14 05:43:09.046,19.0,100.6
2024-05-14 05:43:16.419,19.0,100.6
2024-05-14 05:43:23.627,19.0,100.6
2024-05-14 05:43:31.087,19.1,100.6
2024-05-14 05:43:38.541,19.0,100.6
2024-05-14 05:43:46.062,18.9,100.6
2024-05-14 05:43:53.605,18.9,100.6
2024-05-14 05:44:01.147,19.0,100.6
2024-05-14 05:44:08.414,19.0,100.6
2024-05-14 05:44:15.813,19.1,100.6
2024-05-14 05:44:23.258,19.1,100.6
2024-05-14 05:44:30.615,19.1,100.6
2024-05-14 05:44:38.050,19.1,100.6
2024-05-14 05:44:45.483,19.1,100.6
2024-05-14 05:44:53.032,19.1,100.6
2024-05-14 05:45:00.667,19.1,100.6
2024-05-14 05:45:08.172,19.1,100.6
2024-05-14 05:45:15.775,19.1,100.6
2024-05-14 05:45:23.531,19.0,100.6
2024-05-14 05:45:31.009,19.0,100.6
2024-05-14 05:45:38.208,19.0,100.6
2024-05-14 05:45:45.462,19.1,100.6
2024-05-14 05:45:52.887,19.1,100.6
2024-05-14 05:46:00.524,19.1,100.6
2024-05-14 05:46:08.038,19.1,100.6
2024-05-14 05:46:15.663,19.0,100.6
2024-05-14 05:46:23.055,19.0,100.6
2024-05-14 05:46:30.272,19.0,100.6
2024-05-14 05:46:37.547,19.0,100.6
2024-05-14 05:46:44.660,19.0,100.6
2024-05-14 05:46:52.244,19.0,100.6
2024-05-14 05:46:59.366,18.9,100.6
2024-05-14 05:47:06.674,18.8,100.6
2024-05-14 05:47:14.096,18.9,100.6
2024-05-14 05:47:21.835,18.8,100.6
2024-05-14 05:47:29.216,18.8,100.6
2024-05-14 05:47:36.823,18.9,100.6
2024-05-14 05:47:44.570,18.9,100.6
2024-05-14 05:47:52.294,18.9,100.6
2024-05-14 05:47:59.852,19.0,100.6
2024-05-14 05:48:07.257,19.0,100.6
2024-05-14 05:48:14.542,19.0,100.6
2024-05-14 05:48:21.913,18.9,100.6
2024-05-14 05:48:29.302,18.9,100.6
2024-05-14 05:48:37.079,18.9,100.6
2024-05-14 05:48:44.699,19.0,100.6
2024-05-14 05:48:52.366,19.0,100.6
2024-05-14 05:48:59.823,18.9,100.6
2024-05-14 05:49:07.144,18.9,100.6
2024-05-14 05:49:14.627,19.0,100.6
2024-05-14 05:49:22.149,18.9,100.6
2024-05-14 05:49:29.405,18.9,100.6
2024-05-14 05:49:36.802,18.9,100.6
2024-05-14 05:49:44.150,19.0,100.6
2024-05-14 05:49:51.436,19.0,100.6
2024-05-14 05:49:58.560,19.0,100.6
2024-05-14 05:50:06.044,19.0,100.6
2024-05-14 05:50:13.632,18.9,100.6
2024-05-14 05:50:21.214,18.9,100.6
2024-05-14 05:50:28.764,18.9,100.6
2024-05-14 05:50:36.228,18.9,100.6
2024-05-14 05:50:43.867,18.9,100.6
2024-05-14 05:50:51.621,18.9,100.6
2024-05-14 05:50:58.909,18.9,100.6
2024-05-14 05:51:06.459,18.9,100.6
2024-05-14 05:51:13.742,18.8,100.6
2024-05-14 05:51:20.888,18.7,100.6
2024-05-14 05:51:28.244,18.8,100.6
2024-05-14 05:51:35.756,18.7,100.6
2024-05-14 05:51:43.241,18.8,100.6
2024-05-14 05:51:50.787,18.8,100.6
2024-05-14 05:51:58.066,18.7,100.6
2024-05-14 05:52:05.555,18.9,100.6
2024-05-14 05:52:13.090,18.9,100.6
2024-05-14 05:52:20.690,18.9,100.6
2024-05-14 05:52:28.070,19.0,100.6
2024-05-14 05:52:35.727,19.0,100.6
2024-05-14 05:52:43.177,19.0,100.6
2024-05-14 05:52:50.684,18.9,100.6
2024-05-14 05:52:58.312,19.0,100.6
2024-05-14 05:53:05.721,18.9,100.6
2024-05-14 05:53:13.117,18.8,100.6
2024-05-14 05:53:20.643,18.8,100.6
2024-05-14 05:53:28.235,18.9,100.6
2024-05-14 05:53:35.828,18.9,100.6
2024-05-14 05:53:43.376,18.9,100.6
2024-05-14 05:53:51.003,19.0,100.6
2024-05-14 05:53:58.521,19.0,100.6
2024-05-14 05:54:06.093,19.0,100.6
2024-05-14 05:54:13.501,19.0,100.6
2024-05-14 05:54:20.830,18.9,100.6
2024-05-14 05:54:28.234,19.0,100.6
2024-05-14 05:54:35.880,18.9,100.6
2024-05-14 05:54:43.576,18.9,100.6
2024-05-14 05:54:51.086,18.8,100.6
2024-05-14 05:54:58.567,18.8,100.6
2024-05-14 05:55:06.232,18.9,100.6
2024-05-14 05:55:13.762,19.0,100.6
2024-05-14 05:55:21.481,19.0,100.6
2024-05-14 05:55:29.282,19.0,100.6
2024-05-14 05:55:36.957,19.0,100.6
2024-05-14 05:55:44.364,19.0,100.6
2024-05-14 05:55:51.779,18.9,100.6
2024-05-14 05:55:59.332,18.9,100.6
2024-05-14 05:56:06.793,18.8,100.6
2024-05-14 05:56:13.884,18.8,100.6
2024-05-14 05:56:21.249,18.8,100.6
2024-05-14 05:56:28.852,18.9,100.6
2024-05-14 05:56:36.668,18.8,100.6
2024-05-14 05:56:43.987,18.9,100.6
2024-05-14 05:56:51.011,18.9,100.6
2024-05-14 05:56:58.375,18.9,100.6
2024-05-14 05:57:06.140,18.9,100.6
2024-05-14 05:57:13.451,18.9,100.6
2024-05-14 05:57:20.781,19.0,100.6
2024-05-14 05:57:28.099,18.9,100.6
2024-05-14 05:57:35.527,18.9,100.6
2024-05-14 05:57:42.772,18.9,100.6
2024-05-14 05:57:50.173,18.8,100.6
2024-05-14 05:57:57.686,18.8,100.6
2024-05-14 05:58:05.128,18.8,100.6
2024-05-14 05:58:12.591,18.8,100.6
2024-05-14 05:58:19.869,18.9,100.6
2024-05-14 05:58:27.569,18.8,100.6
2024-05-14 05:58:34.654,18.8,100.6
2024-05-14 05:58:42.225,18.9,100.6
2024-05-14 05:58:49.991,18.9,100.6
2024-05-14 05:58:57.444,19.0,100.6
2024-05-14 05:59:05.048,18.9,100.6
2024-05-14 05:59:12.386,19.0,100.6
2024-05-14 05:59:19.936,19.0,100.6
2024-05-14 05:59:27.419,18.9,100.6
2024-05-14 05:59:34.892,18.8,100.6
2024-05-14 05:59:42.232,18.9,100.6
2024-05-14 05:59:49.249,18.9,100.6
2024-05-14 05:59:56.855,18.8,100.6
2024-05-14 06:00:04.213,18.7,100.6
2024-05-14 06:00:11.416,18.8,100.6
2024-05-14 06:00:18.826,18.8,100.6
2024-05-14 06:00:26.269,18.9,100.6
2024-05-14 06:00:33.839,18.9,100.6
2024-05-14 06:00:41.381,18.8,100.6
2024-05-14 06:00:48.998,18.9,100.6
2024-05-14 06:00:56.528,18.9,100.6
2024-05-14 06:01:04.044,18.9,100.6
2024-05-14 06:01:11.618,18.9,100.6
2024-05-14 06:01:19.009,18.8,100.6
2024-05-14 06:01:26.504,18.8,100.6
2024-05-14 06:01:33.940,18.7,100.6
2024-05-14 06:01:41.387,18.8,100.6
2024-05-14 06:01:49.114,18.8,100.6
2024-05-14 06:01:56.691,18.8,100.6
2024-05-14 06:02:04.300,18.8,100.6
2024-05-14 06:02:11.646,18.9,100.6
2024-05-14 06:02:18.816,18.9,100.6
2024-05-14 06:02:26.086,18.8,100.6
2024-05-14 06:02:33.436,18.8,100.6
2024-05-14 06:02:41.044,18.8,100.6
2024-05-14 06:02:48.510,18.8,100.6
2024-05-14 06:02:55.939,18.9,100.6
2024-05-14 06:03:03.460,18.9,100.6
2024-05-14 06:03:10.979,18.9,100.6
2024-05-14 06:03:18.421,18.8,100.6
2024-05-14 06:03:25.956,18.8,100.6
2024-05-14 06:03:33.740,18.8,100.6
2024-05-14 06:03:41.404,18.7,100.6
2024-05-14 06:03:48.771,18.7,100.6
2024-05-14 06:03:56.184,18.6,100.6
2024-05-14 06:04:03.678,18.7,100.6
2024-05-14 06:04:11.111,18.7,100.6
2024-05-14 06:04:18.494,18.8,100.6
2024-05-14 06:04:26.273,18.8,100.6
2024-05-14 06:04:33.911,18.8,100.6
2024-05-14 06:04:41.539,18.8,100.6
2024-05-14 06:04:49.083,18.8,100.6
2024-05-14 06:04:56.715,18.9,100.6
2024-05-14 06:05:04.161,18.8,100.6
2024-05-14 06:05:11.743,18.7,100.6
2024-05-14 06:05:19.092,18.8,100.6
2024-05-14 06:05:26.177,18.8,100.6
2024-05-14 06:05:33.437,18.7,100.6
2024-05-14 06:05:41.028,18.8,100.6
2024-05-14 06:05:48.662,18.8,100.6
2024-05-14 06:05:55.978,18.8,100.6
2024-05-14 06:06:03.463,18.9,100.6
2024-05-14 06:06:11.175,18.8,100.6
2024-05-14 06:06:18.868,18.7,100.6
2024-05-14 06:06:26.492,18.7,100.6
2024-05-14 06:06:34.004,18.8,100.6
2024-05-14 06:06:41.376,18.7,100.6
2024-05-14 06:06:48.786,18.8,100.6
2024-05-14 06:06:56.030,18.8,100.6
2024-05-14 06:07:03.561,18.8,100.6
2024-05-14 06:07:11.049,18.8,100.6
2024-05-14 06:07:18.475,18.8,100.6
2024-05-14 06:07:25.892,18.7,100.6
2024-05-14 06:07:33.482,18.8,100.6
2024-05-14 06:07:40.955,18.8,100.6
2024-05-14 06:07:48.459,18.9,100.6
2024-05-14 06:07:55.825,18.9,100.6
2024-05-14 06:08:03.427,18.8,100.6
2024-05-14 06:08:10.985,18.9,100.6
2024-05-14 06:08:18.412,18.9,100.6
2024-05-14 06:08:26.124,19.0,100.6
2024-05-14 06:08:33.385,18.9,100.6
2024-05-14 06:08:40.892,18.8,100.6
2024-05-14 06:08:48.136,18.8,100.6
2024-05-14 06:08:55.476,18.8,100.6
2024-05-14 06:09:02.745,18.8,100.6
2024-05-14 06:09:09.963,18.9,100.6
2024-05-14 06:09:17.164,18.9,100.6
2024-05-14 06:09:24.662,18.8,100.6
2024-05-14 06:09:31.793,18.7,100.6
2024-05-14 06:09:39.241,18.7,100.6
2024-05-14 06:09:46.618,18.8,100.6
2024-05-14 06:09:54.036,18.7,100.6
2024-05-14 06:10:01.456,18.7,100.6
2024-05-14 06:10:09.057,18.8,100.6
2024-05-14 06:10:16.452,18.8,100.6
2024-05-14 06:10:24.098,18.9,100.6
2024-05-14 06:10:31.729,18.8,100.6
2024-05-14 06:10:39.317,18.8,100.6
2024-05-14 06:10:46.985,18.7,100.6
2024-05-14 06:10:54.608,18.8,100.6
2024-05-14 06:11:02.059,18.8,100.6
2024-05-14 06:11:09.535,18.9,100.6
2024-05-14 06:11:16.758,18.9,100.6
2024-05-14 06:11:24.074,18.9,100.6
2024-05-14 06:11:31.392,19.0,100.6
2024-05-14 06:11:38.603,18.8,100.6
2024-05-14 06:11:45.879,18.8,100.6
2024-05-14 06:11:53.346,18.8,100.6
2024-05-14 06:12:00.734,18.9,100.6
2024-05-14 06:12:08.261,18.9,100.6
2024-05-14 06:12:15.635,18.8,100.6
2024-05-14 06:12:22.885,18.8,100.6
2024-05-14 06:12:30.242,18.9,100.6
2024-05-14 06:12:37.656,18.9,100.6
2024-05-14 06:12:44.989,18.8,100.6
2024-05-14 06:12:52.418,18.8,100.6
2024-05-14 06:12:59.710,18.9,100.6
2024-05-14 06:13:07.257,18.8,100.6
2024-05-14 06:13:14.669,18.8,100.6
2024-05-14 06:13:22.078,18.8,100.6
2024-05-14 06:13:29.520,18.8,100.6
2024-05-14 06:13:37.004,18.9,100.6
2024-05-14 06:13:44.389,18.8,100.6
2024-05-14 06:13:52.074,18.8,100.6
2024-05-14 06:13:59.645,18.8,100.6
2024-05-14 06:14:07.067,18.7,100.6
2024-05-14 06:14:14.587,18.7,100.6
2024-05-14 06:14:22.009,18.7,100.6
2024-05-14 06:14:29.621,18.7,100.6
2024-05-14 06:14:37.332,18.7,100.6
2024-05-14 06:14:44.867,18.8,100.6
2024-05-14 06:14:52.373,18.8,100.6
2024-05-14 06:14:59.944,18.8,100.6
2024-05-14 06:15:07.531,18.8,100.6
2024-05-14 06:15:15.072,18.8,100.6
2024-05-14 06:15:22.723,18.8,100.6
2024-05-14 06:15:30.161,18.9,100.6
2024-05-14 06:15:37.566,18.9,100.6
2024-05-14 06:15:45.007,18.8,100.6
2024-05-14 06:15:52.550,18.8,100.6
2024-05-14 06:15:59.864,18.8,100.6
2024-05-14 06:16:07.159,18.9,100.6
2024-05-14 06:16:14.656,18.9,100.6
2024-05-14 06:16:22.209,18.8,100.6
2024-05-14 06:16:29.284,18.7,100.6
2024-05-14 06:16:36.888,18.8,100.6
2024-05-14 06:16:44.357,18.8,100.6
2024-05-14 06:16:51.717,18.9,100.6
2024-05-14 06:16:59.181,18.8,100.6
2024-05-14 06:17:06.502,18.8,100.6
2024-05-14 06:17:13.979,18.7,100.6
2024-05-14 06:17:21.410,18.8,100.6
2024-05-14 06:17:28.680,18.7,100.6
2024-05-14 06:17:36.068,18.7,100.6
2024-05-14 06:17:43.516,18.8,100.6
2024-05-14 06:17:50.870,18.7,100.6
2024-05-14 06:17:58.156,18.6,100.6
2024-05-14 06:18:05.427,18.8,100.6
2024-05-14 06:18:12.894,18.8,100.6
2024-05-14 06:18:20.511,18.8,100.6
2024-05-14 06:18:27.774,18.8,100.6
2024-05-14 06:18:35.215,18.8,100.6
2024-05-14 06:18:42.659,18.7,100.6
2024-05-14 06:18:50.109,18.7,100.6
2024-05-14 06:18:57.336,18.8,100.6
2024-05-14 06:19:04.724,18.8,100.6
2024-05-14 06:19:12.224,18.9,100.6
2024-05-14 06:19:19.795,18.9,100.6
2024-05-14 06:19:27.151,18.8,100.6
2024-05-14 06:19:34.438,18.8,100.6
2024-05-14 06:19:41.983,18.8,100.6
2024-05-14 06:19:49.345,18.8,100.6
2024-05-14 06:19:57.004,18.8,100.6
2024-05-14 06:20:04.402,18.9,100.6
2024-05-14 06:20:11.942,18.8,100.6
2024-05-14 06:20:19.280,18.8,100.6
2024-05-14 06:20:26.856,18.8,100.6
2024-05-14 06:20:34.133,18.8,100.6
2024-05-14 06:20:41.420,18.8,100.6
2024-05-14 06:20:49.025,18.8,100.6
2024-05-14 06:20:56.531,18.8,100.6
2024-05-14 06:21:04.072,18.9,100.6
2024-05-14 06:21:11.402,18.8,100.6
2024-05-14 06:21:18.730,18.8,100.6
2024-05-14 06:21:26.186,18.8,100.6
2024-05-14 06:21:33.765,18.8,100.6
2024-05-14 06:21:41.232,18.7,100.6
2024-05-14 06:21:48.707,18.7,100.6
2024-05-14 06:21:56.193,18.8,100.6
2024-05-14 06:22:03.765,18.8,100.6
2024-05-14 06:22:11.259,18.7,100.6
2024-05-14 06:22:18.565,18.7,100.6
2024-05-14 06:22:25.996,18.7,100.6
2024-05-14 06:22:33.441,18.7,100.6
2024-05-14 06:22:40.911,18.8,100.6
2024-05-14 06:22:48.337,18.7,100.6
2024-05-14 06:22:55.876,18.7,100.6
2024-05-14 06:23:03.054,18.7,100.6
2024-05-14 06:23:10.804,18.8,100.6
2024-05-14 06:23:18.122,18.8,100.6
2024-05-14 06:23:25.531,18.8,100.6
2024-05-14 06:23:32.881,18.8,100.6
2024-05-14 06:23:40.252,18.7,100.6
2024-05-14 06:23:47.716,18.7,100.6
2024-05-14 06:23:55.137,18.7,100.6
2024-05-14 06:24:02.559,18.8,100.6
2024-05-14 06:24:10.067,18.8,100.6
2024-05-14 06:24:18.932,18.9,100.6
2024-05-14 06:24:28.239,18.9,100.6
2024-05-14 06:24:37.297,18.8,100.6
2024-05-14 06:24:46.231,18.7,100.6
2024-05-14 06:24:55.187,18.8,100.6
2024-05-14 06:25:04.119,18.9,100.6
2024-05-14 06:25:13.004,18.9,100.6
2024-05-14 06:25:22.079,19.0,100.6
2024-05-14 06:25:30.868,18.9,100.6
2024-05-14 06:25:39.925,18.9,100.6
2024-05-14 06:25:48.793,18.8,100.6
2024-05-14 06:25:57.802,18.9,100.6
2024-05-14 06:26:06.881,18.8,100.6
2024-05-14 06:26:15.642,18.7,100.6
2024-05-14 06:26:24.435,18.7,100.6
2024-05-14 06:26:33.379,18.8,100.6
2024-05-14 06:26:42.287,18.9,100.6
2024-05-14 06:26:51.490,18.7,100.6
2024-05-14 06:27:00.488,18.8,100.6
2024-05-14 06:27:09.743,18.8,100.6
2024-05-14 06:27:18.640,18.9,100.6
2024-05-14 06:27:27.260,18.9,100.6
2024-05-14 06:27:36.211,18.8,100.6
2024-05-14 06:27:44.981,18.9,100.6
2024-05-14 06:27:54.097,18.7,100.6
2024-05-14 06:28:03.011,18.7,100.6
2024-05-14 06:28:12.053,18.8,100.6
2024-05-14 06:28:21.478,18.9,100.6
2024-05-14 06:28:30.638,18.8,100.6
2024-05-14 06:28:39.575,18.9,100.6
2024-05-14 06:28:48.672,18.8,100.6
2024-05-14 06:28:57.854,18.8,100.6
2024-05-14 06:29:06.611,18.8,100.6
2024-05-14 06:29:15.508,18.7,100.6
2024-05-14 06:29:24.488,18.8,100.6
2024-05-14 06:29:33.347,18.8,100.6
2024-05-14 06:29:42.176,18.9,100.6
2024-05-14 06:29:51.074,18.8,100.6
2024-05-14 06:30:00.144,18.7,100.6
2024-05-14 06:30:08.959,18.7,100.6
2024-05-14 06:30:17.884,18.8,100.6
2024-05-14 06:30:26.778,18.9,100.6
2024-05-14 06:30:35.535,18.9,100.6
2024-05-14 06:30:44.328,18.8,100.6
2024-05-14 06:30:53.202,18.8,100.6
2024-05-14 06:31:02.289,18.7,100.6
2024-05-14 06:31:11.337,18.8,100.6
2024-05-14 06:31:20.518,18.8,100.6
2024-05-14 06:31:29.389,18.7,100.6
2024-05-14 06:31:38.361,18.7,100.6
2024-05-14 06:31:47.499,18.7,100.6
2024-05-14 06:31:56.679,18.8,100.6
2024-05-14 06:32:05.497,18.7,100.6
2024-05-14 06:32:14.358,18.7,100.6
2024-05-14 06:32:23.252,18.7,100.6
2024-05-14 06:32:32.504,18.6,100.6
2024-05-14 06:32:41.584,18.7,100.6
2024-05-14 06:32:50.675,18.8,100.6
2024-05-14 06:32:59.483,18.7,100.6
2024-05-14 06:33:08.288,18.7,100.6
2024-05-14 06:33:17.019,18.7,100.6
2024-05-14 06:33:25.988,18.8,100.6
2024-05-14 06:33:35.238,18.9,100.6
2024-05-14 06:33:44.395,18.9,100.6
2024-05-14 06:33:53.382,18.9,100.6
2024-05-14 06:34:02.105,18.9,100.6
2024-05-14 06:34:11.009,18.9,100.6
2024-05-14 06:34:20.375,18.9,100.6
2024-05-14 06:34:29.058,18.9,100.6
2024-05-14 06:34:38.157,18.9,100.6
2024-05-14 06:34:47.160,18.9,100.6
2024-05-14 06:34:55.976,18.9,100.6
2024-05-14 06:35:04.935,18.8,100.6
2024-05-14 06:35:14.068,18.8,100.6
2024-05-14 06:35:22.957,18.9,100.6
2024-05-14 06:35:31.604,18.8,100.6
2024-05-14 06:35:40.899,18.9,100.6
2024-05-14 06:35:49.743,18.9,100.6
2024-05-14 06:35:58.580,18.9,100.6
2024-05-14 06:36:07.666,18.8,100.6
2024-05-14 06:36:16.623,18.8,100.6
2024-05-14 06:36:25.630,18.8,100.6
2024-05-14 06:36:34.778,18.8,100.6
2024-05-14 06:36:43.568,18.9,100.6
2024-05-14 06:36:52.544,18.9,100.6
2024-05-14 06:37:01.543,18.8,100.6
2024-05-14 06:37:10.539,18.9,100.6
2024-05-14 06:37:19.502,18.9,100.6
2024-05-14 06:37:28.904,18.8,100.6
2024-05-14 06:37:37.561,18.9,100.6
2024-05-14 06:37:46.457,19.0,100.6
2024-05-14 06:37:55.386,18.9,100.6
2024-05-14 06:38:04.045,19.0,100.6
2024-05-14 06:38:12.995,18.9,100.6
2024-05-14 06:38:22.273,18.9,100.6
2024-05-14 06:38:31.052,18.9,100.6
2024-05-14 06:38:40.028,18.9,100.6
2024-05-14 06:38:49.067,19.0,100.6
2024-05-14 06:38:58.262,19.0,100.6
2024-05-14 06:39:07.137,18.9,100.6
2024-05-14 06:39:16.187,18.8,100.6
2024-05-14 06:39:24.949,18.7,100.6
2024-05-14 06:39:33.944,18.7,100.6
2024-05-14 06:39:43.254,18.8,100.6
2024-05-14 06:39:52.381,18.9,100.6
2024-05-14 06:40:01.282,18.9,100.6
2024-05-14 06:40:10.340,18.9,100.6
2024-05-14 06:40:19.571,18.9,100.6
2024-05-14 06:40:29.028,18.9,100.6
2024-05-14 06:40:37.995,18.9,100.6
2024-05-14 06:40:47.002,19.0,100.6
2024-05-14 06:40:55.867,19.0,100.6
2024-05-14 06:41:05.262,19.1,100.6
2024-05-14 06:41:14.076,19.0,100.6
2024-05-14 06:41:22.833,19.0,100.6
2024-05-14 06:41:31.554,18.9,100.6
2024-05-14 06:41:40.679,19.0,100.6
2024-05-14 06:41:49.834,19.0,100.6
2024-05-14 06:41:59.084,19.0,100.6
2024-05-14 06:42:08.099,19.0,100.6
2024-05-14 06:42:17.331,18.9,100.6
2024-05-14 06:42:26.413,18.9,100.6
2024-05-14 06:42:35.498,18.9,100.6
2024-05-14 06:42:44.741,19.0,100.6
2024-05-14 06:42:53.419,19.0,100.6
2024-05-14 06:43:02.324,19.1,100.6
2024-05-14 06:43:11.171,19.0,100.6
2024-05-14 06:43:19.860,18.8,100.6
2024-05-14 06:43:28.618,18.9,100.6
2024-05-14 06:43:37.780,18.9,100.6
2024-05-14 06:43:46.579,18.9,100.6
2024-05-14 06:43:55.578,18.9,100.6
2024-05-14 06:44:04.031,18.9,100.6
2024-05-14 06:44:13.218,19.0,100.6
2024-05-14 06:44:22.268,19.0,100.6
2024-05-14 06:44:30.957,19.0,100.6
2024-05-14 06:44:39.862,19.0,100.6
2024-05-14 06:44:48.750,19.1,100.6
2024-05-14 06:44:57.929,19.1,100.6
2024-05-14 06:45:06.676,19.0,100.6
2024-05-14 06:45:15.489,19.1,100.6
2024-05-14 06:45:24.372,19.1,100.6
2024-05-14 06:45:33.098,19.2,100.6
2024-05-14 06:45:41.851,19.1,100.6
2024-05-14 06:45:50.694,19.1,100.6
2024-05-14 06:45:59.755,19.1,100.6
2024-05-14 06:46:08.863,19.1,100.6
2024-05-14 06:46:17.944,19.1,100.6
2024-05-14 06:46:26.882,19.1,100.6
2024-05-14 06:46:35.792,19.2,100.6
2024-05-14 06:46:44.570,19.1,100.6
2024-05-14 06:46:53.425,19.2,100.6
2024-05-14 06:47:02.606,19.3,100.6
2024-05-14 06:47:11.534,19.2,100.6
2024-05-14 06:47:20.417,19.3,100.6
2024-05-14 06:47:29.038,19.3,100.6
2024-05-14 06:47:37.778,19.4,100.6
2024-05-14 06:47:46.578,19.3,100.6
2024-05-14 06:47:55.470,19.2,100.6
2024-05-14 06:48:04.535,19.2,100.6
2024-05-14 06:48:13.443,19.2,100.6
2024-05-14 06:48:22.525,19.3,100.6
2024-05-14 06:48:31.655,19.3,100.6
2024-05-14 06:48:40.427,19.3,100.6
2024-05-14 06:48:49.192,19.3,100.6
2024-05-14 06:48:58.440,19.2,100.6
2024-05-14 06:49:06.974,19.1,100.6
2024-05-14 06:49:15.667,19.2,100.6
2024-05-14 06:49:24.663,19.2,100.6
2024-05-14 06:49:33.601,19.2,100.6
2024-05-14 06:49:42.407,19.2,100.6
2024-05-14 06:49:51.095,19.2,100.6
2024-05-14 06:50:00.197,19.3,100.6
2024-05-14 06:50:08.851,19.2,100.6
2024-05-14 06:50:17.496,19.3,100.6
2024-05-14 06:50:26.221,19.2,100.6
2024-05-14 06:50:34.984,19.3,100.6
2024-05-14 06:50:44.061,19.2,100.6
2024-05-14 06:50:53.051,19.3,100.6
2024-05-14 06:51:02.090,19.2,100.6
2024-05-14 06:51:11.056,19.3,100.6
2024-05-14 06:51:20.222,19.3,100.6
2024-05-14 06:51:29.045,19.4,100.6
2024-05-14 06:51:37.888,19.3,100.6
2024-05-14 06:51:46.646,19.3,100.6
2024-05-14 06:51:55.560,19.3,100.6
2024-05-14 06:52:04.399,19.3,100.6
2024-05-14 06:52:13.100,19.4,100.6
2024-05-14 06:52:22.138,19.3,100.6
2024-05-14 06:52:31.107,19.3,100.6
2024-05-14 06:52:40.223,19.3,100.6
2024-05-14 06:52:49.185,19.3,100.6
2024-05-14 06:52:57.976,19.3,100.6
2024-05-14 06:53:06.718,19.3,100.6
2024-05-14 06:53:15.402,19.4,100.6
2024-05-14 06:53:24.425,19.4,100.6
2024-05-14 06:53:33.317,19.3,100.6
2024-05-14 06:53:42.342,19.4,100.6
2024-05-14 06:53:51.307,19.4,100.6
2024-05-14 06:54:00.423,19.4,100.6
2024-05-14 06:54:09.242,19.5,100.6
2024-05-14 06:54:18.068,19.4,100.6
2024-05-14 06:54:26.959,19.4,100.6
2024-05-14 06:54:35.936,19.4,100.6
2024-05-14 06:54:44.830,19.4,100.6
2024-05-14 06:54:53.629,19.5,100.6
2024-05-14 06:55:02.487,19.5,100.6
2024-05-14 06:55:11.268,19.5,100.6
2024-05-14 06:55:19.810,19.4,100.6
2024-05-14 06:55:28.736,19.5,100.6
2024-05-14 06:55:37.663,19.4,100.6
2024-05-14 06:55:46.352,19.6,100.6
2024-05-14 06:55:55.170,19.6,100.6
2024-05-14 06:56:04.175,19.4,100.6
2024-05-14 06:56:13.247,19.4,100.6
2024-05-14 06:56:22.103,19.5,100.6
2024-05-14 06:56:30.834,19.5,100.6
2024-05-14 06:56:39.792,19.5,100.6
2024-05-14 06:56:48.288,19.5,100.6
2024-05-14 06:56:56.875,19.5,100.6
2024-05-14 06:57:05.832,19.5,100.6
2024-05-14 06:57:14.574,19.6,100.6
2024-05-14 06:57:23.213,19.5,100.6
2024-05-14 06:57:31.973,19.4,100.6
2024-05-14 06:57:40.517,19.5,100.6
2024-05-14 06:57:49.665,19.5,100.6
2024-05-14 06:57:58.512,19.5,100.6
2024-05-14 06:58:07.320,19.5,100.6
2024-05-14 06:58:16.024,19.6,100.6
2024-05-14 06:58:24.593,19.6,100.6
2024-05-14 06:58:33.415,19.6,100.6
2024-05-14 06:58:42.330,19.6,100.6
2024-05-14 06:58:51.064,19.6,100.6
2024-05-14 06:58:59.814,19.5,100.6
2024-05-14 06:59:08.775,19.5,100.6
2024-05-14 06:59:17.623,19.5,100.6
2024-05-14 06:59:26.220,19.6,100.6
2024-05-14 06:59:35.111,19.6,100.6
2024-05-14 06:59:43.864,19.7,100.6
2024-05-14 06:59:52.492,19.7,100.6
2024-05-14 07:00:01.291,19.7,100.6
2024-05-14 07:00:09.912,19.6,100.6
2024-05-14 07:00:18.745,19.6,100.6
2024-05-14 07:00:27.370,19.6,100.6
2024-05-14 07:00:36.137,19.7,100.6
2024-05-14 07:00:45.085,19.8,100.6
2024-05-14 07:00:53.859,19.8,100.6
2024-05-14 07:01:02.522,19.7,100.6
2024-05-14 07:01:11.414,19.6,100.6
2024-05-14 07:01:20.018,19.5,100.6
2024-05-14 07:01:28.691,19.5,100.6
2024-05-14 07:01:37.525,19.6,100.6
2024-05-14 07:01:46.208,19.5,100.6
2024-05-14 07:01:55.108,19.6,100.6
2024-05-14 07:02:04.012,19.6,100.6
2024-05-14 07:02:12.430,19.7,100.6
2024-05-14 07:02:21.223,19.7,100.6
2024-05-14 07:02:29.720,19.7,100.6
2024-05-14 07:02:38.653,19.8,100.6
2024-05-14 07:02:47.281,19.7,100.6
2024-05-14 07:02:56.137,19.8,100.6
2024-05-14 07:03:04.776,19.7,100.6
2024-05-14 07:03:13.425,19.8,100.6
2024-05-14 07:03:22.125,19.8,100.6
2024-05-14 07:03:30.888,19.8,100.6
2024-05-14 07:03:39.610,19.8,100.6
2024-05-14 07:03:48.550,19.8,100.6
2024-05-14 07:03:57.324,19.7,100.6
2024-05-14 07:04:05.866,19.7,100.6
2024-05-14 07:04:14.526,19.7,100.6
2024-05-14 07:04:23.249,19.7,100.6
2024-05-14 07:04:31.879,19.7,100.6
2024-05-14 07:04:40.503,19.6,100.6
2024-05-14 07:04:49.007,19.6,100.6
2024-05-14 07:04:57.679,19.6,100.6
2024-05-14 07:05:06.635,19.7,100.6
2024-05-14 07:05:15.226,19.7,100.6
2024-05-14 07:05:24.239,19.7,100.6
2024-05-14 07:05:33.197,19.8,100.6
2024-05-14 07:05:42.090,19.8,100.6
2024-05-14 07:05:50.850,19.9,100.6
2024-05-14 07:05:59.771,19.8,100.6
2024-05-14 07:06:08.398,19.9,100.6
2024-05-14 07:06:17.004,19.9,100.6
2024-05-14 07:06:25.697,20.0,100.6
2024-05-14 07:06:34.538,19.8,100.6
2024-05-14 07:06:43.284,19.8,100.6
2024-05-14 07:06:51.915,19.8,100.6
2024-05-14 07:07:00.527,19.9,100.6
2024-05-14 07:07:09.099,19.9,100.6
2024-05-14 07:07:18.079,19.9,100.6
2024-05-14 07:07:26.964,20.0,100.6
2024-05-14 07:07:35.561,20.1,100.6
2024-05-14 07:07:44.110,19.9,100.6
2024-05-14 07:07:52.530,19.9,100.6
2024-05-14 07:08:01.245,20.0,100.6
2024-05-14 07:08:09.966,20.0,100.6
2024-05-14 07:08:18.823,19.9,100.6
2024-05-14 07:08:27.271,19.9,100.6
2024-05-14 07:08:36.114,19.9,100.6
2024-05-14 07:08:44.530,20.0,100.6
2024-05-14 07:08:53.137,19.9,100.6
2024-05-14 07:09:01.613,20.1,100.6
2024-05-14 07:09:10.122,20.1,100.6
2024-05-14 07:09:19.284,20.0,100.6
2024-05-14 07:09:28.066,19.9,100.6
2024-05-14 07:09:36.824,19.9,100.6
2024-05-14 07:09:45.636,19.9,100.6
2024-05-14 07:09:54.685,19.9,100.6
2024-05-14 07:10:03.194,20.0,100.6
2024-05-14 07:10:11.958,20.0,100.6
2024-05-14 07:10:20.422,20.0,100.6
2024-05-14 07:10:29.085,20.0,100.6
2024-05-14 07:10:37.658,19.9,100.6
2024-05-14 07:10:46.356,20.0,100.6
2024-05-14 07:10:55.325,20.0,100.6
2024-05-14 07:11:04.143,20.0,100.6
2024-05-14 07:11:12.905,19.9,100.6
2024-05-14 07:11:21.650,20.0,100.6
2024-05-14 07:11:30.550,20.0,100.6
2024-05-14 07:11:39.323,20.0,100.6
2024-05-14 07:11:47.918,20.0,100.6
2024-05-14 07:11:57.046,20.0,100.6
2024-05-14 07:12:05.539,20.0,100.6
2024-05-14 07:12:13.992,20.0,100.6
2024-05-14 07:12:22.892,20.0,100.6
2024-05-14 07:12:31.614,19.9,100.6
2024-05-14 07:12:40.772,20.0,100.6
2024-05-14 07:12:49.351,20.0,100.6
2024-05-14 07:12:57.963,20.0,100.6
2024-05-14 07:13:06.576,20.1,100.6
2024-05-14 07:13:15.351,20.0,100.6
2024-05-14 07:13:23.781,20.0,100.6
2024-05-14 07:13:32.548,19.9,100.6
2024-05-14 07:13:41.163,20.1,100.6
2024-05-14 07:13:49.765,20.1,100.6
2024-05-14 07:13:58.234,20.2,100.6
2024-05-14 07:14:06.966,20.1,100.6
2024-05-14 07:14:15.338,20.0,100.6
2024-05-14 07:14:23.918,20.1,100.6
2024-05-14 07:14:32.491,20.0,100.6
2024-05-14 07:14:41.384,20.0,100.6
2024-05-14 07:14:50.210,20.1,100.6
2024-05-14 07:14:59.125,20.1,100.6
2024-05-14 07:15:07.875,19.9,100.6
2024-05-14 07:15:16.657,19.9,100.6
2024-05-14 07:15:25.572,19.9,100.6
2024-05-14 07:15:33.947,19.9,100.6
2024-05-14 07:15:42.726,19.9,100.6
2024-05-14 07:15:51.587,19.9,100.6
2024-05-14 07:16:00.222,20.0,100.6
2024-05-14 07:16:09.045,20.1,100.6
2024-05-14 07:16:17.636,19.9,100.6
2024-05-14 07:16:26.193,19.9,100.6
2024-05-14 07:16:34.835,20.0,100.6
2024-05-14 07:16:43.648,20.1,100.6
2024-05-14 07:16:52.271,20.0,100.6
2024-05-14 07:17:01.042,20.0,100.6
2024-05-14 07:17:09.624,20.0,100.6
2024-05-14 07:17:18.122,20.1,100.6
2024-05-14 07:17:26.945,20.1,100.6
2024-05-14 07:17:35.565,20.1,100.6
2024-05-14 07:17:44.075,20.1,100.6
2024-05-14 07:17:52.674,20.0,100.6
2024-05-14 07:18:01.642,20.1,100.6
2024-05-14 07:18:10.395,20.1,100.6
2024-05-14 07:18:19.168,20.2,100.6
2024-05-14 07:18:27.992,20.1,100.6
2024-05-14 07:18:36.656,20.2,100.6
2024-05-14 07:18:45.287,20.1,100.6
2024-05-14 07:18:54.294,20.0,100.6
2024-05-14 07:19:02.965,20.0,100.6
2024-05-14 07:19:11.547,20.0,100.6
2024-05-14 07:19:20.322,20.1,100.6
2024-05-14 07:19:28.931,20.1,100.6
2024-05-14 07:19:37.803,20.2,100.6
2024-05-14 07:19:46.570,20.0,100.6
2024-05-14 07:19:55.301,20.1,100.6
2024-05-14 07:20:03.970,20.0,100.6
2024-05-14 07:20:12.666,20.1,100.6
2024-05-14 07:20:21.259,20.0,100.6
2024-05-14 07:20:29.801,20.0,100.6
2024-05-14 07:20:38.677,20.1,100.6
2024-05-14 07:20:47.237,20.1,100.6
2024-05-14 07:20:55.803,20.1,100.6
2024-05-14 07:21:04.346,20.0,100.6
2024-05-14 07:21:13.077,20.0,100.6
2024-05-14 07:21:21.518,20.0,100.6
2024-05-14 07:21:29.934,20.2,100.6
2024-05-14 07:21:38.336,20.2,100.6
2024-05-14 07:21:46.808,20.2,100.6
2024-05-14 07:21:55.474,20.3,100.6
2024-05-14 07:22:04.098,20.2,100.6
2024-05-14 07:22:12.543,20.1,100.6
2024-05-14 07:22:20.829,20.0,100.6
2024-05-14 07:22:29.514,20.1,100.6
2024-05-14 07:22:38.211,20.1,100.6
2024-05-14 07:22:46.841,20.0,100.6
2024-05-14 07:22:55.729,20.2,100.6
2024-05-14 07:23:04.616,20.2,100.6
2024-05-14 07:23:13.016,20.2,100.6
2024-05-14 07:23:21.617,20.1,100.6
2024-05-14 07:23:30.248,20.2,100.6
2024-05-14 07:23:38.954,20.2,100.6
2024-05-14 07:23:47.441,20.2,100.6
2024-05-14 07:23:56.256,20.2,100.6
2024-05-14 07:24:04.697,20.2,100.6
2024-05-14 07:24:13.584,20.2,100.6
2024-05-14 07:24:22.221,20.3,100.6
2024-05-14 07:24:30.759,20.2,100.6
2024-05-14 07:24:39.185,20.2,100.6
2024-05-14 07:24:47.823,20.1,100.6
2024-05-14 07:24:56.039,20.2,100.6
2024-05-14 07:25:04.730,20.2,100.6
2024-05-14 07:25:13.363,20.1,100.6
2024-05-14 07:25:21.953,20.1,100.6
2024-05-14 07:25:30.918,20.2,100.6
2024-05-14 07:25:39.756,20.1,100.6
2024-05-14 07:25:48.693,20.2,100.6
2024-05-14 07:25:57.368,20.2,100.6
2024-05-14 07:26:06.229,20.2,100.6
2024-05-14 07:26:14.936,20.3,100.6
2024-05-14 07:26:23.629,20.4,100.6
2024-05-14 07:26:31.916,20.3,100.6
2024-05-14 07:26:40.505,20.3,100.6
2024-05-14 07:26:49.018,20.2,100.6
2024-05-14 07:26:57.620,20.1,100.6
2024-05-14 07:27:06.220,20.2,100.6
2024-05-14 07:27:14.876,20.2,100.6
2024-05-14 07:27:23.478,20.2,100.6
2024-05-14 07:27:32.189,20.2,100.6
2024-05-14 07:27:40.926,20.2,100.6
2024-05-14 07:27:49.560,20.3,100.6
2024-05-14 07:27:58.039,20.4,100.6
2024-05-14 07:28:06.588,20.3,100.6
2024-05-14 07:28:15.060,20.3,100.6
2024-05-14 07:28:23.685,20.3,100.6
2024-05-14 07:28:32.483,20.3,100.6
2024-05-14 07:28:41.507,20.4,100.6
2024-05-14 07:28:50.241,20.3,100.6
2024-05-14 07:28:58.994,20.4,100.6
2024-05-14 07:29:07.501,20.3,100.6
2024-05-14 07:29:16.240,20.3,100.6
2024-05-14 07:29:24.905,20.3,100.6
2024-05-14 07:29:33.505,20.2,100.6
2024-05-14 07:29:42.108,20.2,100.6
2024-05-14 07:29:50.679,20.2,100.6
2024-05-14 07:29:59.431,20.2,100.6
2024-05-14 07:30:08.080,20.3,100.6
2024-05-14 07:30:16.751,20.2,100.6
2024-05-14 07:30:25.489,20.2,100.6
2024-05-14 07:30:34.101,20.4,100.6
2024-05-14 07:30:42.775,20.3,100.6
2024-05-14 07:30:51.393,20.3,100.6
2024-05-14 07:30:59.902,20.3,100.6
2024-05-14 07:31:08.419,20.3,100.6
2024-05-14 07:31:16.994,20.3,100.6
2024-05-14 07:31:25.553,20.3,100.6
2024-05-14 07:31:34.150,20.2,100.6
2024-05-14 07:31:42.474,20.2,100.6
2024-05-14 07:31:50.971,20.3,100.6
2024-05-14 07:31:59.956,20.4,100.6
2024-05-14 07:32:08.702,20.3,100.6
2024-05-14 07:32:17.761,20.3,100.6
2024-05-14 07:32:26.494,20.4,100.6
2024-05-14 07:32:35.167,20.3,100.6
2024-05-14 07:32:43.613,20.4,100.6
2024-05-14 07:32:52.114,20.4,100.6
2024-05-14 07:33:00.409,20.4,100.6
2024-05-14 07:33:08.904,20.4,100.6
2024-05-14 07:33:17.374,20.4,100.6
2024-05-14 07:33:26.087,20.4,100.6
2024-05-14 07:33:34.804,20.4,100.6
2024-05-14 07:33:43.305,20.5,100.6
2024-05-14 07:33:51.732,20.5,100.6
2024-05-14 07:34:00.243,20.4,100.6
2024-05-14 07:34:08.646,20.4,100.6
2024-05-14 07:34:17.174,20.4,100.6
2024-05-14 07:34:25.521,20.4,100.6
2024-05-14 07:34:34.117,20.4,100.6
2024-05-14 07:34:42.561,20.3,100.6
2024-05-14 07:34:51.571,20.3,100.6
2024-05-14 07:34:59.701,20.4,100.6
2024-05-14 07:35:08.217,20.4,100.6
2024-05-14 07:35:17.028,20.4,100.6
2024-05-14 07:35:25.799,20.4,100.6
2024-05-14 07:35:34.344,20.4,100.6
2024-05-14 07:35:42.831,20.4,100.6
2024-05-14 07:35:51.448,20.5,100.6
2024-05-14 07:36:00.361,20.6,100.6
2024-05-14 07:36:08.981,20.5,100.6
2024-05-14 07:36:17.604,20.4,100.6
2024-05-14 07:36:26.180,20.4,100.6
2024-05-14 07:36:34.684,20.5,100.6
2024-05-14 07:36:43.397,20.5,100.6
2024-05-14 07:36:52.083,20.4,100.6
2024-05-14 07:37:00.978,20.4,100.6
2024-05-14 07:37:09.718,20.4,100.6
2024-05-14 07:37:18.452,20.5,100.6
2024-05-14 07:37:26.901,20.4,100.6
2024-05-14 07:37:35.656,20.4,100.6
2024-05-14 07:37:44.317,20.3,100.6
2024-05-14 07:37:52.859,20.4,100.6
2024-05-14 07:38:01.576,20.4,100.6
2024-05-14 07:38:10.221,20.5,100.6
2024-05-14 07:38:18.957,20.3,100.6
2024-05-14 07:38:27.392,20.3,100.6
2024-05-14 07:38:35.757,20.3,100.6
2024-05-14 07:38:44.624,20.3,100.6
2024-05-14 07:38:53.375,20.4,100.6
2024-05-14 07:39:01.897,20.5,100.6
2024-05-14 07:39:10.367,20.5,100.6
2024-05-14 07:39:18.916,20.5,100.6
2024-05-14 07:39:27.399,20.5,100.6
2024-05-14 07:39:36.102,20.6,100.6
2024-05-14 07:39:44.838,20.5,100.6
2024-05-14 07:39:53.545,20.5,100.6
2024-05-14 07:40:02.244,20.4,100.6
2024-05-14 07:40:10.611,20.5,100.6
2024-05-14 07:40:19.128,20.4,100.6
2024-05-14 07:40:27.754,20.5,100.6
2024-05-14 07:40:36.421,20.5,100.6
2024-05-14 07:40:45.187,20.4,100.6
2024-05-14 07:40:54.077,20.6,100.6
2024-05-14 07:41:02.582,20.6,100.6
2024-05-14 07:41:11.253,20.6,100.6
2024-05-14 07:41:19.963,20.6,100.6
2024-05-14 07:41:28.807,20.6,100.6
2024-05-14 07:41:37.025,20.5,100.6
2024-05-14 07:41:45.462,20.5,100.6
2024-05-14 07:41:53.961,20.4,100.6
2024-05-14 07:42:02.676,20.4,100.6
2024-05-14 07:42:11.419,20.4,100.6
2024-05-14 07:42:19.980,20.4,100.6
2024-05-14 07:42:28.730,20.4,100.6
2024-05-14 07:42:37.352,20.5,100.6
2024-05-14 07:42:46.161,20.6,100.6
2024-05-14 07:42:54.690,20.5,100.6
2024-05-14 07:43:03.296,20.5,100.6
2024-05-14 07:43:11.867,20.4,100.6
2024-05-14 07:43:20.402,20.5,100.6
2024-05-14 07:43:29.093,20.4,100.6
2024-05-14 07:43:37.929,20.4,100.6
2024-05-14 07:43:46.447,20.4,100.6
2024-05-14 07:43:55.139,20.5,100.6
2024-05-14 07:44:03.470,20.5,100.6
2024-05-14 07:44:12.283,20.5,100.6
2024-05-14 07:44:21.000,20.4,100.6
2024-05-14 07:44:29.610,20.4,100.6
2024-05-14 07:44:38.320,20.6,100.6
2024-05-14 07:44:46.817,20.5,100.6
2024-05-14 07:44:55.565,20.5,100.6
2024-05-14 07:45:03.894,20.4,100.6
2024-05-14 07:45:12.254,20.4,100.6
2024-05-14 07:45:20.872,20.5,100.6
2024-05-14 07:45:29.366,20.4,100.6
2024-05-14 07:45:37.784,20.3,100.6
2024-05-14 07:45:46.303,20.4,100.6
2024-05-14 07:45:54.713,20.4,100.6
2024-05-14 07:46:03.055,20.5,100.6
2024-05-14 07:46:11.875,20.5,100.5
2024-05-14 07:46:20.389,20.5,100.5
2024-05-14 07:46:28.921,20.5,100.5
2024-05-14 07:46:37.408,20.6,100.5
2024-05-14 07:46:45.978,20.5,100.5
2024-05-14 07:46:54.966,20.5,100.5
2024-05-14 07:47:03.674,20.6,100.5
2024-05-14 07:47:12.334,20.6,100.5
2024-05-14 07:47:21.123,20.5,100.5
2024-05-14 07:47:29.650,20.5,100.5
2024-05-14 07:47:38.246,20.5,100.5
2024-05-14 07:47:47.096,20.5,100.5
2024-05-14 07:47:55.772,20.5,100.5
2024-05-14 07:48:04.055,20.6,100.5
2024-05-14 07:48:12.910,20.6,100.5
2024-05-14 07:48:21.621,20.6,100.5
2024-05-14 07:48:30.482,20.5,100.5
2024-05-14 07:48:39.096,20.5,100.5
2024-05-14 07:48:47.756,20.5,100.5
2024-05-14 07:48:56.261,20.6,100.5
2024-05-14 07:49:04.922,20.6,100.5
2024-05-14 07:49:13.409,20.6,100.5
2024-05-14 07:49:22.114,20.6,100.5
2024-05-14 07:49:30.412,20.6,100.5
2024-05-14 07:49:38.732,20.5,100.5
2024-05-14 07:49:47.523,20.5,100.5
2024-05-14 07:49:55.876,20.6,100.5
2024-05-14 07:50:04.268,20.6,100.5
2024-05-14 07:50:12.893,20.6,100.5
2024-05-14 07:50:21.449,20.6,100.5
2024-05-14 07:50:30.252,20.6,100.5
2024-05-14 07:50:38.912,20.5,100.5
2024-05-14 07:50:47.710,20.5,100.5
2024-05-14 07:50:56.477,20.5,100.5
2024-05-14 07:51:05.350,20.6,100.5
2024-05-14 07:51:14.056,20.6,100.5
2024-05-14 07:51:22.636,20.6,100.5
2024-05-14 07:51:31.392,20.6,100.5
2024-05-14 07:51:40.044,20.6,100.5
2024-05-14 07:51:48.587,20.7,100.5
2024-05-14 07:51:57.080,20.7,100.5
2024-05-14 07:52:05.660,20.6,100.5
2024-05-14 07:52:14.373,20.6,100.5
2024-05-14 07:52:22.897,20.7,100.5
2024-05-14 07:52:31.407,20.7,100.5
2024-05-14 07:52:39.898,20.6,100.5
2024-05-14 07:52:48.547,20.6,100.5
2024-05-14 07:52:57.045,20.5,100.5
2024-05-14 07:53:05.721,20.5,100.5
2024-05-14 07:53:14.105,20.5,100.5
2024-05-14 07:53:22.774,20.5,100.5
2024-05-14 07:53:31.439,20.5,100.5
2024-05-14 07:53:40.101,20.6,100.5
2024-05-14 07:53:48.746,20.7,100.5
2024-05-14 07:53:57.434,20.7,100.5
2024-05-14 07:54:06.191,20.6,100.5
2024-05-14 07:54:14.859,20.6,100.6
2024-05-14 07:54:23.656,20.6,100.6
2024-05-14 07:54:32.333,20.6,100.6
2024-05-14 07:54:41.087,20.6,100.6
2024-05-14 07:54:49.744,20.7,100.6
2024-05-14 07:54:58.404,20.7,100.6
2024-05-14 07:55:07.191,20.6,100.6
2024-05-14 07:55:15.688,20.6,100.6
2024-05-14 07:55:24.412,20.7,100.5
2024-05-14 07:55:33.023,20.8,100.5
2024-05-14 07:55:41.677,20.8,100.5
2024-05-14 07:55:50.378,20.8,100.5
2024-05-14 07:55:58.956,20.7,100.5
2024-05-14 07:56:07.305,20.5,100.5
2024-05-14 07:56:15.545,20.5,100.5
2024-05-14 07:56:24.252,20.5,100.5
2024-05-14 07:56:32.701,20.5,100.5
2024-05-14 07:56:41.297,20.6,100.5
2024-05-14 07:56:49.816,20.6,100.5
2024-05-14 07:56:58.433,20.6,100.5
2024-05-14 07:57:07.350,20.5,100.5
2024-05-14 07:57:16.010,20.4,100.5
2024-05-14 07:57:24.921,20.4,100.5
2024-05-14 07:57:33.548,20.5,100.5
2024-05-14 07:57:41.858,20.6,100.5
2024-05-14 07:57:50.113,20.7,100.5
2024-05-14 07:57:58.664,20.7,100.5
2024-05-14 07:58:07.385,20.6,100.5
2024-05-14 07:58:16.140,20.6,100.5
2024-05-14 07:58:24.775,20.6,100.5
2024-05-14 07:58:33.621,20.6,100.5
2024-05-14 07:58:42.367,20.7,100.5
2024-05-14 07:58:51.333,20.7,100.5
2024-05-14 07:58:59.877,20.6,100.5
2024-05-14 07:59:08.328,20.6,100.5
2024-05-14 07:59:16.904,20.6,100.5
2024-05-14 07:59:25.649,20.7,100.5
2024-05-14 07:59:34.432,20.6,100.5
2024-05-14 07:59:43.361,20.6,100.5
2024-05-14 07:59:51.869,20.6,100.5
2024-05-14 08:00:00.010,20.6,100.5
2024-05-14 08:00:08.728,20.6,100.5
2024-05-14 08:00:17.460,20.7,100.5
2024-05-14 08:00:25.661,20.7,100.5
2024-05-14 08:00:34.052,20.7,100.5
2024-05-14 08:00:42.623,20.7,100.5
2024-05-14 08:00:51.352,20.6,100.5
2024-05-14 08:01:00.189,20.6,100.5
2024-05-14 08:01:08.772,20.6,100.5
2024-05-14 08:01:17.498,20.6,100.5
2024-05-14 08:01:25.906,20.6,100.5
2024-05-14 08:01:34.324,20.5,100.5
2024-05-14 08:01:43.181,20.5,100.5
2024-05-14 08:01:51.563,20.6,100.5
2024-05-14 08:02:00.325,20.5,100.5
2024-05-14 08:02:08.708,20.5,100.5
2024-05-14 08:02:16.910,20.5,100.5
2024-05-14 08:02:25.824,20.5,100.5
2024-05-14 08:02:34.534,20.5,100.5
2024-05-14 08:02:43.281,20.6,100.5
2024-05-14 08:02:51.990,20.6,100.5
2024-05-14 08:03:00.372,20.6,100.5
2024-05-14 08:03:09.059,20.4,100.5
2024-05-14 08:03:17.514,20.5,100.5
2024-05-14 08:03:26.091,20.6,100.5
2024-05-14 08:03:34.595,20.6,100.5
2024-05-14 08:03:43.313,20.5,100.5
2024-05-14 08:03:52.068,20.5,100.5
2024-05-14 08:04:00.717,20.5,100.5
2024-05-14 08:04:09.172,20.6,100.5
2024-05-14 08:04:17.790,20.7,100.5
2024-05-14 08:04:26.346,20.6,100.5
2024-05-14 08:04:34.813,20.5,100.5
2024-05-14 08:04:43.736,20.4,100.5
2024-05-14 08:04:52.461,20.5,100.5
2024-05-14 08:05:00.757,20.5,100.5
2024-05-14 08:05:09.176,20.4,100.5
2024-05-14 08:05:18.037,20.3,100.5
2024-05-14 08:05:26.430,20.3,100.5
2024-05-14 08:05:34.752,20.4,100.5
2024-05-14 08:05:43.360,20.3,100.5
2024-05-14 08:05:51.837,20.5,100.5
2024-05-14 08:06:00.535,20.5,100.5
2024-05-14 08:06:09.269,20.5,100.5
2024-05-14 08:06:17.751,20.5,100.5
2024-05-14 08:06:26.449,20.5,100.5
2024-05-14 08:06:35.106,20.4,100.5
2024-05-14 08:06:43.830,20.3,100.5
2024-05-14 08:06:52.473,20.4,100.5
2024-05-14 08:07:01.268,20.4,100.5
2024-05-14 08:07:09.728,20.3,100.5
2024-05-14 08:07:18.397,20.3,100.5
2024-05-14 08:07:27.332,20.3,100.5
2024-05-14 08:07:35.853,20.3,100.5
2024-05-14 08:07:44.250,20.3,100.5
2024-05-14 08:07:52.663,20.3,100.5
2024-05-14 08:08:01.091,20.3,100.5
2024-05-14 08:08:09.983,20.3,100.5
2024-05-14 08:08:18.191,20.3,100.5
2024-05-14 08:08:26.774,20.3,100.5
2024-05-14 08:08:35.514,20.3,100.5
2024-05-14 08:08:44.070,20.3,100.5
2024-05-14 08:08:52.515,20.1,100.5
2024-05-14 08:09:01.138,20.2,100.5
2024-05-14 08:09:10.006,20.2,100.5
2024-05-14 08:09:18.756,20.2,100.5
2024-05-14 08:09:27.373,20.3,100.5
2024-05-14 08:09:35.922,20.2,100.5
2024-05-14 08:09:44.391,20.2,100.5
2024-05-14 08:09:52.744,20.1,100.5
2024-05-14 08:10:01.310,20.0,100.5
2024-05-14 08:10:09.762,20.0,100.5
2024-05-14 08:10:18.487,20.1,100.5
2024-05-14 08:10:27.098,20.1,100.5
2024-05-14 08:10:35.619,20.1,100.5
2024-05-14 08:10:44.557,20.1,100.5
2024-05-14 08:10:53.114,20.0,100.5
2024-05-14 08:11:01.944,20.2,100.5
2024-05-14 08:11:10.800,20.2,100.5
2024-05-14 08:11:19.365,20.2,100.5
2024-05-14 08:11:27.799,20.1,100.5
2024-05-14 08:11:36.533,20.1,100.5
2024-05-14 08:11:45.096,20.2,100.5
2024-05-14 08:11:53.437,20.2,100.5
2024-05-14 08:12:02.162,20.0,100.5
2024-05-14 08:12:10.882,20.1,100.5
2024-05-14 08:12:19.620,20.0,100.5
2024-05-14 08:12:28.565,19.9,100.5
2024-05-14 08:12:36.968,19.9,100.5
2024-05-14 08:12:45.414,20.0,100.5
2024-05-14 08:12:53.640,19.9,100.5
2024-05-14 08:13:02.415,20.0,100.5
2024-05-14 08:13:11.032,20.1,100.5
2024-05-14 08:13:19.757,20.1,100.5
2024-05-14 08:13:28.241,20.0,100.5
2024-05-14 08:13:36.958,20.1,100.5
2024-05-14 08:13:45.100,20.0,100.5
2024-05-14 08:13:53.599,20.1,100.5
2024-05-14 08:14:02.219,20.1,100.5
2024-05-14 08:14:10.810,20.0,100.5
2024-05-14 08:14:19.057,20.1,100.5
2024-05-14 08:14:27.746,20.1,100.5
2024-05-14 08:14:36.422,20.1,100.5
2024-05-14 08:14:44.890,20.1,100.5
2024-05-14 08:14:53.707,20.1,100.5
2024-05-14 08:15:02.461,20.1,100.5
2024-05-14 08:15:11.122,20.1,100.5
2024-05-14 08:15:19.876,20.0,100.5
2024-05-14 08:15:28.559,19.8,100.5
2024-05-14 08:15:37.362,19.8,100.5
2024-05-14 08:15:45.781,19.9,100.5
2024-05-14 08:15:54.417,20.0,100.5
2024-05-14 08:16:02.918,19.9,100.5
2024-05-14 08:16:11.353,20.0,100.5
2024-05-14 08:16:19.790,20.0,100.5
2024-05-14 08:16:28.342,20.0,100.5
2024-05-14 08:16:36.820,20.0,100.5
2024-05-14 08:16:45.466,20.0,100.5
2024-05-14 08:16:54.053,20.0,100.5
2024-05-14 08:17:02.868,20.1,100.5
2024-05-14 08:17:11.425,20.0,100.5
2024-05-14 08:17:20.075,20.0,100.5
2024-05-14 08:17:28.855,20.0,100.5
2024-05-14 08:17:37.614,19.8,100.5
2024-05-14 08:17:46.329,19.8,100.5
2024-05-14 08:17:54.972,19.8,100.5
2024-05-14 08:18:03.748,19.8,100.5
2024-05-14 08:18:12.094,19.8,100.5
2024-05-14 08:18:20.320,19.8,100.5
2024-05-14 08:18:29.055,19.8,100.5
2024-05-14 08:18:37.969,19.8,100.5
2024-05-14 08:18:46.793,19.9,100.5
2024-05-14 08:18:55.450,20.0,100.5
2024-05-14 08:19:04.110,19.9,100.5
2024-05-14 08:19:12.606,19.8,100.5
2024-05-14 08:19:21.004,19.8,100.5
2024-05-14 08:19:29.558,19.8,100.5
2024-05-14 08:19:38.232,19.9,100.5
2024-05-14 08:19:47.080,19.8,100.5
2024-05-14 08:19:55.841,19.8,100.5
2024-05-14 08:20:04.354,19.9,100.5
2024-05-14 08:20:13.250,19.8,100.5
2024-05-14 08:20:22.072,19.8,100.5
2024-05-14 08:20:30.656,19.9,100.5
2024-05-14 08:20:39.354,19.8,100.5
2024-05-14 08:20:47.828,19.8,100.5
2024-05-14 08:20:56.646,19.8,100.5
2024-05-14 08:21:05.170,19.7,100.5
2024-05-14 08:21:14.041,19.7,100.5
2024-05-14 08:21:22.857,19.8,100.5
2024-05-14 08:21:31.411,19.8,100.5
2024-05-14 08:21:40.053,19.8,100.5
2024-05-14 08:21:48.733,19.8,100.5
2024-05-14 08:21:57.921,19.8,100.5
2024-05-14 08:22:06.558,19.8,100.5
2024-05-14 08:22:15.070,19.7,100.5
2024-05-14 08:22:23.500,19.7,100.5
2024-05-14 08:22:31.944,19.8,100.5
2024-05-14 08:22:40.484,19.8,100.5
2024-05-14 08:22:49.237,19.8,100.5
2024-05-14 08:22:57.994,19.8,100.5
2024-05-14 08:23:06.462,19.8,100.5
2024-05-14 08:23:14.890,19.8,100.5
2024-05-14 08:23:23.495,19.9,100.5
2024-05-14 08:23:31.951,19.9,100.5
2024-05-14 08:23:40.510,19.8,100.5
2024-05-14 08:23:49.101,19.8,100.5
2024-05-14 08:23:57.477,19.7,100.5
2024-05-14 08:24:05.977,19.7,100.5
2024-05-14 08:24:14.642,19.7,100.5
2024-05-14 08:24:22.901,19.8,100.5
2024-05-14 08:24:31.282,19.6,100.5
2024-05-14 08:24:39.847,19.6,100.5
2024-05-14 08:24:48.423,19.8,100.5
2024-05-14 08:24:57.203,19.6,100.5
2024-05-14 08:25:06.056,19.8,100.5
2024-05-14 08:25:14.673,19.7,100.5
2024-05-14 08:25:23.225,19.7,100.5
2024-05-14 08:25:31.833,19.8,100.5
2024-05-14 08:25:40.584,19.9,100.5
2024-05-14 08:25:49.129,19.8,100.5
2024-05-14 08:25:57.872,19.8,100.5
2024-05-14 08:26:06.371,19.8,100.5
2024-05-14 08:26:14.975,19.7,100.5
2024-05-14 08:26:23.634,19.6,100.5
2024-05-14 08:26:32.063,19.6,100.5
2024-05-14 08:26:40.787,19.6,100.5
2024-05-14 08:26:49.404,19.6,100.5
2024-05-14 08:26:57.855,19.6,100.5
2024-05-14 08:27:06.438,19.7,100.5
2024-05-14 08:27:14.805,19.7,100.5
2024-05-14 08:27:23.520,19.7,100.5
2024-05-14 08:27:32.237,19.8,100.5
2024-05-14 08:27:40.617,19.7,100.5
2024-05-14 08:27:49.375,19.7,100.5
2024-05-14 08:27:57.884,19.8,100.5
2024-05-14 08:28:06.335,19.8,100.5
2024-05-14 08:28:14.938,19.9,100.5
2024-05-14 08:28:23.548,19.9,100.5
2024-05-14 08:28:32.116,19.9,100.5
2024-05-14 08:28:40.588,19.8,100.5
2024-05-14 08:28:49.230,19.7,100.5
2024-05-14 08:28:58.083,19.7,100.5
2024-05-14 08:29:06.826,19.8,100.5
2024-05-14 08:29:15.530,19.7,100.5
2024-05-14 08:29:24.006,19.7,100.5
2024-05-14 08:29:32.535,19.6,100.5
2024-05-14 08:29:41.000,19.7,100.5
2024-05-14 08:29:49.664,19.7,100.5
2024-05-14 08:29:58.375,19.7,100.5
2024-05-14 08:30:07.068,19.7,100.5
2024-05-14 08:30:15.754,19.6,100.5
