"Type","Parameter Type","Date","Time","Operator ID","Probe Model","Probe SN","Method Name","Sample ID","Primary Reading Value","Primary Reading Units","Supp Reading 1","Supp Units 1","Supp Reading 2","Supp Units 2","Supp Reading 3","Supp Units 3","Reading Setting 1","Reading Setting 2","Reading Setting 3","Reading Setting 4","Reading Message 1","Reading Message 2","Reading Message 3","Reading Message 4","Check Std Value","Check Std Units","Check Std Graph","Check Std Status","Calibration Status","Cal Date","Cal Time","Cal Operator ID","Cal Slope Name","Cal Slope","Cal Slope Aux","Cal Slope Units","Cal Offset","Cal Offset Units","Cal r2","Cal Number Of Std's","Cal Std 1","Cal Std 1 Units","Cal Std 1 Primary Value","Cal Std 1 Primary Units","Cal Std 1 Supp Value","Cal Std 2","Cal Std 2 Units","Cal Std 2 Primary Value","Cal Std 2 Primary Units","Cal Std 2 Supp Value","Cal Std 3","Cal Std 3 Units","Cal Std 3 Primary Value","Cal Std 3 Primary Units","Cal Std 3 Supp Value","Cal Std 4","Cal Std 4 Units","Cal Std 4 Primary Value","Cal Std 4 Primary Units","Cal Std 4 Supp Value","Cal Std 5","Cal Std 5 Units","Cal Std 5 Primary Value","Cal Std 5 Primary Units","Cal Std 5 Supp Value","Cal Std 6","Cal Std 6 Units","Cal Std 6 Primary Value","Cal Std 6 Primary Units","Cal Std 6 Supp Value","Cal Std 7","Cal Std 7 Units","Cal Std 7 Primary Value","Cal Std 7 Primary Units","Cal Std 7 Supp Value","Cal Std Supp Units","Cal Message 1","Cal Message 2","Cal Message 3","Cal Message 4","Date/Time POSIX","Cal Date/Time POSIX","Meter SN","Measurement Stability","Measurement Mode",
RD,CD,14-May-2024,10:24:18,Default,CDC401,SN 181522588013,Edited,Sample ID (67366),73.9,mS/cm,29.7,°C,81.0,mS/cm,,,NaCl/Non-Linear,Reference Temperature = 25 °C,,,,,,,,,,,OK,13-May-2024,10:35:52,Default,K,0.431,,cm⁻¹,,,,1,30000,µS/cm,29.0,mS/cm,23.3,,,,,,,,,,,,,,,,,,,,,,,,,,,,,,,°C,,,,,1715682258,1715596552,232782200041,,Interval,EndOfRecord
RD,pH,14-May-2024,10:24:18,Default,PHC301,SN 232262574574,Edited,Sample ID (67366),2.606,pH,29.9,°C,277.0,mV,,,,,,,,,,,,,,,OK,13-May-2024,10:33:59,Default,Slope,-58.76,99,mV/pH,14.6,mV,1.0000,3,4.00,pH,190.1,mV,23.2,7.01,pH,13.5,mV,23.1,10.03,pH,-161.9,mV,23.2,,,,,,,,,,,,,,,,,,,,,°C,,,,,1715682258,1715596439,232782200041,,Interval,EndOfRecord
RD,CD,14-May-2024,10:19:17,Default,CDC401,SN 181522588013,Edited,Sample ID (67365),73.9,mS/cm,29.8,°C,81.2,mS/cm,,,NaCl/Non-Linear,Reference Temperature = 25 °C,,,,,,,,,,,OK,13-May-2024,10:35:52,Default,K,0.431,,cm⁻¹,,,,1,30000,µS/cm,29.0,mS/cm,23.3,,,,,,,,,,,,,,,,,,,,,,,,,,,,,,,°C,,,,,1715681957,1715596552,232782200041,,Interval,EndOfRecord
RD,pH,14-May-2024,10:19:17,Default,PHC301,SN 232262574574,Edited,Sample ID (67365),2.607,pH,29.9,°C,277.0,mV,,,,,,,,,,,,,,,OK,13-May-2024,10:33:59,Default,Slope,-58.76,99,mV/pH,14.6,mV,1.0000,3,4.00,pH,190.1,mV,23.2,7.01,pH,13.5,mV,23.1,10.03,pH,-161.9,mV,23.2,,,,,,,,,,,,,,,,,,,,,°C,,,,,1715681957,1715596439,232782200041,,Interval,EndOfRecord
RD,CD,14-May-2024,10:14:17,Default,CDC401,SN 181522588013,Edited,Sample ID (67364),74.1,mS/cm,29.9,°C,81.4,mS/cm,,,NaCl/Non-Linear,Reference Temperature = 25 °C,,,,,,,,,,,OK,13-May-2024,10:35:52,Default,K,0.431,,cm⁻¹,,,,1,30000,µS/cm,29.0,mS/cm,23.3,,,,,,,,,,,,,,,,,,,,,,,,,,,,,,,°C,,,,,1715681657,1715596552,232782200041,,Interval,EndOfRecord
RD,pH,14-May-2024,10:14:17,Default,PHC301,SN 232262574574,Edited,Sample ID (67364),2.608,pH,30.1,°C,277.0,mV,,,,,,,,,,,,,,,OK,13-May-2024,10:33:59,Default,Slope,-58.76,99,mV/pH,14.6,mV,1.0000,3,4.00,pH,190.1,mV,23.2,7.01,pH,13.5,mV,23.1,10.03,pH,-161.9,mV,23.2,,,,,,,,,,,,,,,,,,,,,°C,,,,,1715681657,1715596439,232782200041,,Interval,EndOfRecord
RD,CD,14-May-2024,10:09:18,Default,CDC401,SN 181522588013,Edited,Sample ID (67363),74.2,mS/cm,29.9,°C,81.5,mS/cm,,,NaCl/Non-Linear,Reference Temperature = 25 °C,,,,,,,,,,,OK,13-May-2024,10:35:52,Default,K,0.431,,cm⁻¹,,,,1,30000,µS/cm,29.0,mS/cm,23.3,,,,,,,,,,,,,,,,,,,,,,,,,,,,,,,°C,,,,,1715681358,1715596552,232782200041,,Interval,EndOfRecord
RD,pH,14-May-2024,10:09:18,Default,PHC301,SN 232262574574,Edited,Sample ID (67363),2.610,pH,30.1,°C,277.0,mV,,,,,,,,,,,,,,,OK,13-May-2024,10:33:59,Default,Slope,-58.76,99,mV/pH,14.6,mV,1.0000,3,4.00,pH,190.1,mV,23.2,7.01,pH,13.5,mV,23.1,10.03,pH,-161.9,mV,23.2,,,,,,,,,,,,,,,,,,,,,°C,,,,,1715681358,1715596439,232782200041,,Interval,EndOfRecord
RD,CD,14-May-2024,10:04:19,Default,CDC401,SN 181522588013,Edited,Sample ID (67362),74.2,mS/cm,29.9,°C,81.7,mS/cm,,,NaCl/Non-Linear,Reference Temperature = 25 °C,,,,,,,,,,,OK,13-May-2024,10:35:52,Default,K,0.431,,cm⁻¹,,,,1,30000,µS/cm,29.0,mS/cm,23.3,,,,,,,,,,,,,,,,,,,,,,,,,,,,,,,°C,,,,,1715681059,1715596552,232782200041,,Interval,EndOfRecord
RD,pH,14-May-2024,10:04:19,Default,PHC301,SN 232262574574,Edited,Sample ID (67362),2.612,pH,30.3,°C,277.0,mV,,,,,,,,,,,,,,,OK,13-May-2024,10:33:59,Default,Slope,-58.76,99,mV/pH,14.6,mV,1.0000,3,4.00,pH,190.1,mV,23.2,7.01,pH,13.5,mV,23.1,10.03,pH,-161.9,mV,23.2,,,,,,,,,,,,,,,,,,,,,°C,,,,,1715681059,1715596439,232782200041,,Interval,EndOfRecord
RD,CD,14-May-2024,9:59:18,Default,CDC401,SN 181522588013,Edited,Sample ID (67361),74.2,mS/cm,30.1,°C,81.8,mS/cm,,,NaCl/Non-Linear,Reference Temperature = 25 °C,,,,,,,,,,,OK,13-May-2024,10:35:52,Default,K,0.431,,cm⁻¹,,,,1,30000,µS/cm,29.0,mS/cm,23.3,,,,,,,,,,,,,,,,,,,,,,,,,,,,,,,°C,,,,,1715680758,1715596552,232782200041,,Interval,EndOfRecord
RD,pH,14-May-2024,9:59:18,Default,PHC301,SN 232262574574,Edited,Sample ID (67361),2.615,pH,30.3,°C,276.8,mV,,,,,,,,,,,,,,,OK,13-May-2024,10:33:59,Default,Slope,-58.76,99,mV/pH,14.6,mV,1.0000,3,4.00,pH,190.1,mV,23.2,7.01,pH,13.5,mV,23.1,10.03,pH,-161.9,mV,23.2,,,,,,,,,,,,,,,,,,,,,°C,,,,,1715680758,1715596439,232782200041,,Interval,EndOfRecord
RD,CD,14-May-2024,9:54:18,Default,CDC401,SN 181522588013,Edited,Sample ID (67360),74.1,mS/cm,30.1,°C,81.9,mS/cm,,,NaCl/Non-Linear,Reference Temperature = 25 °C,,,,,,,,,,,OK,13-May-2024,10:35:52,Default,K,0.431,,cm⁻¹,,,,1,30000,µS/cm,29.0,mS/cm,23.3,,,,,,,,,,,,,,,,,,,,,,,,,,,,,,,°C,,,,,1715680458,1715596552,232782200041,,Interval,EndOfRecord
RD,pH,14-May-2024,9:54:18,Default,PHC301,SN 232262574574,Edited,Sample ID (67360),2.618,pH,30.4,°C,276.8,mV,,,,,,,,,,,,,,,OK,13-May-2024,10:33:59,Default,Slope,-58.76,99,mV/pH,14.6,mV,1.0000,3,4.00,pH,190.1,mV,23.2,7.01,pH,13.5,mV,23.1,10.03,pH,-161.9,mV,23.2,,,,,,,,,,,,,,,,,,,,,°C,,,,,1715680458,1715596439,232782200041,,Interval,EndOfRecord
RD,CD,14-May-2024,9:49:17,Default,CDC401,SN 181522588013,Edited,Sample ID (67359),74.0,mS/cm,30.2,°C,82.0,mS/cm,,,NaCl/Non-Linear,Reference Temperature = 25 °C,,,,,,,,,,,OK,13-May-2024,10:35:52,Default,K,0.431,,cm⁻¹,,,,1,30000,µS/cm,29.0,mS/cm,23.3,,,,,,,,,,,,,,,,,,,,,,,,,,,,,,,°C,,,,,1715680157,1715596552,232782200041,,Interval,EndOfRecord
RD,pH,14-May-2024,9:49:17,Default,PHC301,SN 232262574574,Edited,Sample ID (67359),2.620,pH,30.4,°C,276.8,mV,,,,,,,,,,,,,,,OK,13-May-2024,10:33:59,Default,Slope,-58.76,99,mV/pH,14.6,mV,1.0000,3,4.00,pH,190.1,mV,23.2,7.01,pH,13.5,mV,23.1,10.03,pH,-161.9,mV,23.2,,,,,,,,,,,,,,,,,,,,,°C,,,,,1715680157,1715596439,232782200041,,Interval,EndOfRecord
RD,CD,14-May-2024,9:44:18,Default,CDC401,SN 181522588013,Edited,Sample ID (67358),74.0,mS/cm,30.4,°C,82.2,mS/cm,,,NaCl/Non-Linear,Reference Temperature = 25 °C,,,,,,,,,,,OK,13-May-2024,10:35:52,Default,K,0.431,,cm⁻¹,,,,1,30000,µS/cm,29.0,mS/cm,23.3,,,,,,,,,,,,,,,,,,,,,,,,,,,,,,,°C,,,,,1715679858,1715596552,232782200041,,Interval,EndOfRecord
RD,pH,14-May-2024,9:44:18,Default,PHC301,SN 232262574574,Edited,Sample ID (67358),2.620,pH,30.6,°C,276.8,mV,,,,,,,,,,,,,,,OK,13-May-2024,10:33:59,Default,Slope,-58.76,99,mV/pH,14.6,mV,1.0000,3,4.00,pH,190.1,mV,23.2,7.01,pH,13.5,mV,23.1,10.03,pH,-161.9,mV,23.2,,,,,,,,,,,,,,,,,,,,,°C,,,,,1715679858,1715596439,232782200041,,Interval,EndOfRecord
RD,CD,14-May-2024,9:39:17,Default,CDC401,SN 181522588013,Edited,Sample ID (67357),74.0,mS/cm,30.5,°C,82.3,mS/cm,,,NaCl/Non-Linear,Reference Temperature = 25 °C,,,,,,,,,,,OK,13-May-2024,10:35:52,Default,K,0.431,,cm⁻¹,,,,1,30000,µS/cm,29.0,mS/cm,23.3,,,,,,,,,,,,,,,,,,,,,,,,,,,,,,,°C,,,,,1715679557,1715596552,232782200041,,Interval,EndOfRecord
RD,pH,14-May-2024,9:39:17,Default,PHC301,SN 232262574574,Edited,Sample ID (67357),2.620,pH,30.6,°C,276.8,mV,,,,,,,,,,,,,,,OK,13-May-2024,10:33:59,Default,Slope,-58.76,99,mV/pH,14.6,mV,1.0000,3,4.00,pH,190.1,mV,23.2,7.01,pH,13.5,mV,23.1,10.03,pH,-161.9,mV,23.2,,,,,,,,,,,,,,,,,,,,,°C,,,,,1715679557,1715596439,232782200041,,Interval,EndOfRecord
RD,CD,14-May-2024,9:34:17,Default,CDC401,SN 181522588013,Edited,Sample ID (67356),74.1,mS/cm,30.5,°C,82.4,mS/cm,,,NaCl/Non-Linear,Reference Temperature = 25 °C,,,,,,,,,,,OK,13-May-2024,10:35:52,Default,K,0.431,,cm⁻¹,,,,1,30000,µS/cm,29.0,mS/cm,23.3,,,,,,,,,,,,,,,,,,,,,,,,,,,,,,,°C,,,,,1715679257,1715596552,232782200041,,Interval,EndOfRecord
RD,pH,14-May-2024,9:34:17,Default,PHC301,SN 232262574574,Edited,Sample ID (67356),2.617,pH,30.7,°C,277.1,mV,,,,,,,,,,,,,,,OK,13-May-2024,10:33:59,Default,Slope,-58.76,99,mV/pH,14.6,mV,1.0000,3,4.00,pH,190.1,mV,23.2,7.01,pH,13.5,mV,23.1,10.03,pH,-161.9,mV,23.2,,,,,,,,,,,,,,,,,,,,,°C,,,,,1715679257,1715596439,232782200041,,Interval,EndOfRecord
RD,CD,14-May-2024,9:29:18,Default,CDC401,SN 181522588013,Edited,Sample ID (67355),74.0,mS/cm,30.6,°C,82.6,mS/cm,,,NaCl/Non-Linear,Reference Temperature = 25 °C,,,,,,,,,,,OK,13-May-2024,10:35:52,Default,K,0.431,,cm⁻¹,,,,1,30000,µS/cm,29.0,mS/cm,23.3,,,,,,,,,,,,,,,,,,,,,,,,,,,,,,,°C,,,,,1715678958,1715596552,232782200041,,Interval,EndOfRecord
RD,pH,14-May-2024,9:29:18,Default,PHC301,SN 232262574574,Edited,Sample ID (67355),2.615,pH,30.7,°C,277.3,mV,,,,,,,,,,,,,,,OK,13-May-2024,10:33:59,Default,Slope,-58.76,99,mV/pH,14.6,mV,1.0000,3,4.00,pH,190.1,mV,23.2,7.01,pH,13.5,mV,23.1,10.03,pH,-161.9,mV,23.2,,,,,,,,,,,,,,,,,,,,,°C,,,,,1715678958,1715596439,232782200041,,Interval,EndOfRecord
RD,CD,14-May-2024,9:24:17,Default,CDC401,SN 181522588013,Edited,Sample ID (67354),74.0,mS/cm,30.7,°C,82.7,mS/cm,,,NaCl/Non-Linear,Reference Temperature = 25 °C,,,,,,,,,,,OK,13-May-2024,10:35:52,Default,K,0.431,,cm⁻¹,,,,1,30000,µS/cm,29.0,mS/cm,23.3,,,,,,,,,,,,,,,,,,,,,,,,,,,,,,,°C,,,,,1715678657,1715596552,232782200041,,Interval,EndOfRecord
RD,pH,14-May-2024,9:24:17,Default,PHC301,SN 232262574574,Edited,Sample ID (67354),2.615,pH,30.9,°C,277.4,mV,,,,,,,,,,,,,,,OK,13-May-2024,10:33:59,Default,Slope,-58.76,99,mV/pH,14.6,mV,1.0000,3,4.00,pH,190.1,mV,23.2,7.01,pH,13.5,mV,23.1,10.03,pH,-161.9,mV,23.2,,,,,,,,,,,,,,,,,,,,,°C,,,,,1715678657,1715596439,232782200041,,Interval,EndOfRecord
RD,CD,14-May-2024,9:19:18,Default,CDC401,SN 181522588013,Edited,Sample ID (67353),74.1,mS/cm,30.8,°C,82.8,mS/cm,,,NaCl/Non-Linear,Reference Temperature = 25 °C,,,,,,,,,,,OK,13-May-2024,10:35:52,Default,K,0.431,,cm⁻¹,,,,1,30000,µS/cm,29.0,mS/cm,23.3,,,,,,,,,,,,,,,,,,,,,,,,,,,,,,,°C,,,,,1715678358,1715596552,232782200041,,Interval,EndOfRecord
RD,pH,14-May-2024,9:19:18,Default,PHC301,SN 232262574574,Edited,Sample ID (67353),2.615,pH,30.9,°C,277.4,mV,,,,,,,,,,,,,,,OK,13-May-2024,10:33:59,Default,Slope,-58.76,99,mV/pH,14.6,mV,1.0000,3,4.00,pH,190.1,mV,23.2,7.01,pH,13.5,mV,23.1,10.03,pH,-161.9,mV,23.2,,,,,,,,,,,,,,,,,,,,,°C,,,,,1715678358,1715596439,232782200041,,Interval,EndOfRecord
RD,CD,14-May-2024,9:14:17,Default,CDC401,SN 181522588013,Edited,Sample ID (67352),74.0,mS/cm,30.8,°C,82.9,mS/cm,,,NaCl/Non-Linear,Reference Temperature = 25 °C,,,,,,,,,,,OK,13-May-2024,10:35:52,Default,K,0.431,,cm⁻¹,,,,1,30000,µS/cm,29.0,mS/cm,23.3,,,,,,,,,,,,,,,,,,,,,,,,,,,,,,,°C,,,,,1715678057,1715596552,232782200041,,Interval,EndOfRecord
RD,pH,14-May-2024,9:14:17,Default,PHC301,SN 232262574574,Edited,Sample ID (67352),2.615,pH,31.0,°C,277.4,mV,,,,,,,,,,,,,,,OK,13-May-2024,10:33:59,Default,Slope,-58.76,99,mV/pH,14.6,mV,1.0000,3,4.00,pH,190.1,mV,23.2,7.01,pH,13.5,mV,23.1,10.03,pH,-161.9,mV,23.2,,,,,,,,,,,,,,,,,,,,,°C,,,,,1715678057,1715596439,232782200041,,Interval,EndOfRecord
RD,CD,14-May-2024,9:09:17,Default,CDC401,SN 181522588013,Edited,Sample ID (67351),74.1,mS/cm,30.9,°C,83.0,mS/cm,,,NaCl/Non-Linear,Reference Temperature = 25 °C,,,,,,,,,,,OK,13-May-2024,10:35:52,Default,K,0.431,,cm⁻¹,,,,1,30000,µS/cm,29.0,mS/cm,23.3,,,,,,,,,,,,,,,,,,,,,,,,,,,,,,,°C,,,,,1715677757,1715596552,232782200041,,Interval,EndOfRecord
RD,pH,14-May-2024,9:09:17,Default,PHC301,SN 232262574574,Edited,Sample ID (67351),2.615,pH,31.0,°C,277.6,mV,,,,,,,,,,,,,,,OK,13-May-2024,10:33:59,Default,Slope,-58.76,99,mV/pH,14.6,mV,1.0000,3,4.00,pH,190.1,mV,23.2,7.01,pH,13.5,mV,23.1,10.03,pH,-161.9,mV,23.2,,,,,,,,,,,,,,,,,,,,,°C,,,,,1715677757,1715596439,232782200041,,Interval,EndOfRecord
RD,CD,14-May-2024,9:04:18,Default,CDC401,SN 181522588013,Edited,Sample ID (67350),74.1,mS/cm,31.0,°C,83.1,mS/cm,,,NaCl/Non-Linear,Reference Temperature = 25 °C,,,,,,,,,,,OK,13-May-2024,10:35:52,Default,K,0.431,,cm⁻¹,,,,1,30000,µS/cm,29.0,mS/cm,23.3,,,,,,,,,,,,,,,,,,,,,,,,,,,,,,,°C,,,,,1715677458,1715596552,232782200041,,Interval,EndOfRecord
RD,pH,14-May-2024,9:04:18,Default,PHC301,SN 232262574574,Edited,Sample ID (67350),2.616,pH,31.0,°C,277.6,mV,,,,,,,,,,,,,,,OK,13-May-2024,10:33:59,Default,Slope,-58.76,99,mV/pH,14.6,mV,1.0000,3,4.00,pH,190.1,mV,23.2,7.01,pH,13.5,mV,23.1,10.03,pH,-161.9,mV,23.2,,,,,,,,,,,,,,,,,,,,,°C,,,,,1715677458,1715596439,232782200041,,Interval,EndOfRecord
RD,CD,14-May-2024,8:59:17,Default,CDC401,SN 181522588013,Edited,Sample ID (67349),74.1,mS/cm,31.0,°C,83.3,mS/cm,,,NaCl/Non-Linear,Reference Temperature = 25 °C,,,,,,,,,,,OK,13-May-2024,10:35:52,Default,K,0.431,,cm⁻¹,,,,1,30000,µS/cm,29.0,mS/cm,23.3,,,,,,,,,,,,,,,,,,,,,,,,,,,,,,,°C,,,,,1715677157,1715596552,232782200041,,Interval,EndOfRecord
RD,pH,14-May-2024,8:59:17,Default,PHC301,SN 232262574574,Edited,Sample ID (67349),2.616,pH,31.2,°C,277.6,mV,,,,,,,,,,,,,,,OK,13-May-2024,10:33:59,Default,Slope,-58.76,99,mV/pH,14.6,mV,1.0000,3,4.00,pH,190.1,mV,23.2,7.01,pH,13.5,mV,23.1,10.03,pH,-161.9,mV,23.2,,,,,,,,,,,,,,,,,,,,,°C,,,,,1715677157,1715596439,232782200041,,Interval,EndOfRecord
RD,CD,14-May-2024,8:54:18,Default,CDC401,SN 181522588013,Edited,Sample ID (67348),74.2,mS/cm,31.1,°C,83.4,mS/cm,,,NaCl/Non-Linear,Reference Temperature = 25 °C,,,,,,,,,,,OK,13-May-2024,10:35:52,Default,K,0.431,,cm⁻¹,,,,1,30000,µS/cm,29.0,mS/cm,23.3,,,,,,,,,,,,,,,,,,,,,,,,,,,,,,,°C,,,,,1715676858,1715596552,232782200041,,Interval,EndOfRecord
RD,pH,14-May-2024,8:54:18,Default,PHC301,SN 232262574574,Edited,Sample ID (67348),2.616,pH,31.2,°C,277.7,mV,,,,,,,,,,,,,,,OK,13-May-2024,10:33:59,Default,Slope,-58.76,99,mV/pH,14.6,mV,1.0000,3,4.00,pH,190.1,mV,23.2,7.01,pH,13.5,mV,23.1,10.03,pH,-161.9,mV,23.2,,,,,,,,,,,,,,,,,,,,,°C,,,,,1715676858,1715596439,232782200041,,Interval,EndOfRecord
RD,CD,14-May-2024,8:49:17,Default,CDC401,SN 181522588013,Edited,Sample ID (67347),74.2,mS/cm,31.2,°C,83.6,mS/cm,,,NaCl/Non-Linear,Reference Temperature = 25 °C,,,,,,,,,,,OK,13-May-2024,10:35:52,Default,K,0.431,,cm⁻¹,,,,1,30000,µS/cm,29.0,mS/cm,23.3,,,,,,,,,,,,,,,,,,,,,,,,,,,,,,,°C,,,,,1715676557,1715596552,232782200041,,Interval,EndOfRecord
RD,pH,14-May-2024,8:49:17,Default,PHC301,SN 232262574574,Edited,Sample ID (67347),2.618,pH,31.3,°C,277.7,mV,,,,,,,,,,,,,,,OK,13-May-2024,10:33:59,Default,Slope,-58.76,99,mV/pH,14.6,mV,1.0000,3,4.00,pH,190.1,mV,23.2,7.01,pH,13.5,mV,23.1,10.03,pH,-161.9,mV,23.2,,,,,,,,,,,,,,,,,,,,,°C,,,,,1715676557,1715596439,232782200041,,Interval,EndOfRecord
RD,CD,14-May-2024,8:44:18,Default,CDC401,SN 181522588013,Edited,Sample ID (67346),74.1,mS/cm,31.3,°C,83.7,mS/cm,,,NaCl/Non-Linear,Reference Temperature = 25 °C,,,,,,,,,,,OK,13-May-2024,10:35:52,Default,K,0.431,,cm⁻¹,,,,1,30000,µS/cm,29.0,mS/cm,23.3,,,,,,,,,,,,,,,,,,,,,,,,,,,,,,,°C,,,,,1715676258,1715596552,232782200041,,Interval,EndOfRecord
RD,pH,14-May-2024,8:44:18,Default,PHC301,SN 232262574574,Edited,Sample ID (67346),2.618,pH,31.5,°C,277.8,mV,,,,,,,,,,,,,,,OK,13-May-2024,10:33:59,Default,Slope,-58.76,99,mV/pH,14.6,mV,1.0000,3,4.00,pH,190.1,mV,23.2,7.01,pH,13.5,mV,23.1,10.03,pH,-161.9,mV,23.2,,,,,,,,,,,,,,,,,,,,,°C,,,,,1715676258,1715596439,232782200041,,Interval,EndOfRecord
RD,CD,14-May-2024,8:39:17,Default,CDC401,SN 181522588013,Edited,Sample ID (67345),74.1,mS/cm,31.5,°C,84.1,mS/cm,,,NaCl/Non-Linear,Reference Temperature = 25 °C,,,,,,,,,,,OK,13-May-2024,10:35:52,Default,K,0.431,,cm⁻¹,,,,1,30000,µS/cm,29.0,mS/cm,23.3,,,,,,,,,,,,,,,,,,,,,,,,,,,,,,,°C,,,,,1715675957,1715596552,232782200041,,Interval,EndOfRecord
RD,pH,14-May-2024,8:39:17,Default,PHC301,SN 232262574574,Edited,Sample ID (67345),2.619,pH,31.6,°C,277.8,mV,,,,,,,,,,,,,,,OK,13-May-2024,10:33:59,Default,Slope,-58.76,99,mV/pH,14.6,mV,1.0000,3,4.00,pH,190.1,mV,23.2,7.01,pH,13.5,mV,23.1,10.03,pH,-161.9,mV,23.2,,,,,,,,,,,,,,,,,,,,,°C,,,,,1715675957,1715596439,232782200041,,Interval,EndOfRecord
RD,CD,14-May-2024,8:34:18,Default,CDC401,SN 181522588013,Edited,Sample ID (67344),74.1,mS/cm,31.7,°C,84.3,mS/cm,,,NaCl/Non-Linear,Reference Temperature = 25 °C,,,,,,,,,,,OK,13-May-2024,10:35:52,Default,K,0.431,,cm⁻¹,,,,1,30000,µS/cm,29.0,mS/cm,23.3,,,,,,,,,,,,,,,,,,,,,,,,,,,,,,,°C,,,,,1715675658,1715596552,232782200041,,Interval,EndOfRecord
RD,pH,14-May-2024,8:34:18,Default,PHC301,SN 232262574574,Edited,Sample ID (67344),2.619,pH,31.8,°C,278.0,mV,,,,,,,,,,,,,,,OK,13-May-2024,10:33:59,Default,Slope,-58.76,99,mV/pH,14.6,mV,1.0000,3,4.00,pH,190.1,mV,23.2,7.01,pH,13.5,mV,23.1,10.03,pH,-161.9,mV,23.2,,,,,,,,,,,,,,,,,,,,,°C,,,,,1715675658,1715596439,232782200041,,Interval,EndOfRecord
RD,CD,14-May-2024,8:29:17,Default,CDC401,SN 181522588013,Edited,Sample ID (67343),74.4,mS/cm,31.6,°C,84.5,mS/cm,,,NaCl/Non-Linear,Reference Temperature = 25 °C,,,,,,,,,,,OK,13-May-2024,10:35:52,Default,K,0.431,,cm⁻¹,,,,1,30000,µS/cm,29.0,mS/cm,23.3,,,,,,,,,,,,,,,,,,,,,,,,,,,,,,,°C,,,,,1715675357,1715596552,232782200041,,Interval,EndOfRecord
RD,pH,14-May-2024,8:29:17,Default,PHC301,SN 232262574574,Edited,Sample ID (67343),2.620,pH,31.9,°C,278.0,mV,,,,,,,,,,,,,,,OK,13-May-2024,10:33:59,Default,Slope,-58.76,99,mV/pH,14.6,mV,1.0000,3,4.00,pH,190.1,mV,23.2,7.01,pH,13.5,mV,23.1,10.03,pH,-161.9,mV,23.2,,,,,,,,,,,,,,,,,,,,,°C,,,,,1715675357,1715596439,232782200041,,Interval,EndOfRecord
RD,CD,14-May-2024,8:24:18,Default,CDC401,SN 181522588013,Edited,Sample ID (67342),74.3,mS/cm,31.9,°C,84.8,mS/cm,,,NaCl/Non-Linear,Reference Temperature = 25 °C,,,,,,,,,,,OK,13-May-2024,10:35:52,Default,K,0.431,,cm⁻¹,,,,1,30000,µS/cm,29.0,mS/cm,23.3,,,,,,,,,,,,,,,,,,,,,,,,,,,,,,,°C,,,,,1715675058,1715596552,232782200041,,Interval,EndOfRecord
RD,pH,14-May-2024,8:24:18,Default,PHC301,SN 232262574574,Edited,Sample ID (67342),2.620,pH,32.1,°C,278.0,mV,,,,,,,,,,,,,,,OK,13-May-2024,10:33:59,Default,Slope,-58.76,99,mV/pH,14.6,mV,1.0000,3,4.00,pH,190.1,mV,23.2,7.01,pH,13.5,mV,23.1,10.03,pH,-161.9,mV,23.2,,,,,,,,,,,,,,,,,,,,,°C,,,,,1715675058,1715596439,232782200041,,Interval,EndOfRecord
RD,CD,14-May-2024,8:19:17,Default,CDC401,SN 181522588013,Edited,Sample ID (67341),74.3,mS/cm,31.7,°C,84.6,mS/cm,,,NaCl/Non-Linear,Reference Temperature = 25 °C,,,,,,,,,,,OK,13-May-2024,10:35:52,Default,K,0.431,,cm⁻¹,,,,1,30000,µS/cm,29.0,mS/cm,23.3,,,,,,,,,,,,,,,,,,,,,,,,,,,,,,,°C,,,,,1715674757,1715596552,232782200041,,Interval,EndOfRecord
RD,pH,14-May-2024,8:19:17,Default,PHC301,SN 232262574574,Edited,Sample ID (67341),2.620,pH,31.9,°C,278.0,mV,,,,,,,,,,,,,,,OK,13-May-2024,10:33:59,Default,Slope,-58.76,99,mV/pH,14.6,mV,1.0000,3,4.00,pH,190.1,mV,23.2,7.01,pH,13.5,mV,23.1,10.03,pH,-161.9,mV,23.2,,,,,,,,,,,,,,,,,,,,,°C,,,,,1715674757,1715596439,232782200041,,Interval,EndOfRecord
RD,CD,14-May-2024,8:14:17,Default,CDC401,SN 181522588013,Edited,Sample ID (67340),74.4,mS/cm,31.4,°C,84.2,mS/cm,,,NaCl/Non-Linear,Reference Temperature = 25 °C,,,,,,,,,,,OK,13-May-2024,10:35:52,Default,K,0.431,,cm⁻¹,,,,1,30000,µS/cm,29.0,mS/cm,23.3,,,,,,,,,,,,,,,,,,,,,,,,,,,,,,,°C,,,,,1715674457,1715596552,232782200041,,Interval,EndOfRecord
RD,pH,14-May-2024,8:14:17,Default,PHC301,SN 232262574574,Edited,Sample ID (67340),2.618,pH,31.8,°C,278.0,mV,,,,,,,,,,,,,,,OK,13-May-2024,10:33:59,Default,Slope,-58.76,99,mV/pH,14.6,mV,1.0000,3,4.00,pH,190.1,mV,23.2,7.01,pH,13.5,mV,23.1,10.03,pH,-161.9,mV,23.2,,,,,,,,,,,,,,,,,,,,,°C,,,,,1715674457,1715596439,232782200041,,Interval,EndOfRecord
RD,CD,14-May-2024,8:09:18,Default,CDC401,SN 181522588013,Edited,Sample ID (67339),74.4,mS/cm,31.4,°C,84.3,mS/cm,,,NaCl/Non-Linear,Reference Temperature = 25 °C,,,,,,,,,,,OK,13-May-2024,10:35:52,Default,K,0.431,,cm⁻¹,,,,1,30000,µS/cm,29.0,mS/cm,23.3,,,,,,,,,,,,,,,,,,,,,,,,,,,,,,,°C,,,,,1715674158,1715596552,232782200041,,Interval,EndOfRecord
RD,pH,14-May-2024,8:09:18,Default,PHC301,SN 232262574574,Edited,Sample ID (67339),2.617,pH,31.7,°C,278.0,mV,,,,,,,,,,,,,,,OK,13-May-2024,10:33:59,Default,Slope,-58.76,99,mV/pH,14.6,mV,1.0000,3,4.00,pH,190.1,mV,23.2,7.01,pH,13.5,mV,23.1,10.03,pH,-161.9,mV,23.2,,,,,,,,,,,,,,,,,,,,,°C,,,,,1715674158,1715596439,232782200041,,Interval,EndOfRecord
RD,CD,14-May-2024,8:04:17,Default,CDC401,SN 181522588013,Edited,Sample ID (67338),74.4,mS/cm,31.3,°C,83.9,mS/cm,,,NaCl/Non-Linear,Reference Temperature = 25 °C,,,,,,,,,,,OK,13-May-2024,10:35:52,Default,K,0.431,,cm⁻¹,,,,1,30000,µS/cm,29.0,mS/cm,23.3,,,,,,,,,,,,,,,,,,,,,,,,,,,,,,,°C,,,,,1715673857,1715596552,232782200041,,Interval,EndOfRecord
RD,pH,14-May-2024,8:04:17,Default,PHC301,SN 232262574574,Edited,Sample ID (67338),2.614,pH,31.5,°C,278.0,mV,,,,,,,,,,,,,,,OK,13-May-2024,10:33:59,Default,Slope,-58.76,99,mV/pH,14.6,mV,1.0000,3,4.00,pH,190.1,mV,23.2,7.01,pH,13.5,mV,23.1,10.03,pH,-161.9,mV,23.2,,,,,,,,,,,,,,,,,,,,,°C,,,,,1715673857,1715596439,232782200041,,Interval,EndOfRecord
RD,CD,14-May-2024,7:59:19,Default,CDC401,SN 181522588013,Edited,Sample ID (67337),74.5,mS/cm,31.2,°C,83.9,mS/cm,,,NaCl/Non-Linear,Reference Temperature = 25 °C,,,,,,,,,,,OK,13-May-2024,10:35:52,Default,K,0.431,,cm⁻¹,,,,1,30000,µS/cm,29.0,mS/cm,23.3,,,,,,,,,,,,,,,,,,,,,,,,,,,,,,,°C,,,,,1715673559,1715596552,232782200041,,Interval,EndOfRecord
RD,pH,14-May-2024,7:59:19,Default,PHC301,SN 232262574574,Edited,Sample ID (67337),2.612,pH,31.4,°C,278.0,mV,,,,,,,,,,,,,,,OK,13-May-2024,10:33:59,Default,Slope,-58.76,99,mV/pH,14.6,mV,1.0000,3,4.00,pH,190.1,mV,23.2,7.01,pH,13.5,mV,23.1,10.03,pH,-161.9,mV,23.2,,,,,,,,,,,,,,,,,,,,,°C,,,,,1715673559,1715596439,232782200041,,Interval,EndOfRecord
RD,CD,14-May-2024,7:54:18,Default,CDC401,SN 181522588013,Edited,Sample ID (67336),74.5,mS/cm,31.0,°C,83.6,mS/cm,,,NaCl/Non-Linear,Reference Temperature = 25 °C,,,,,,,,,,,OK,13-May-2024,10:35:52,Default,K,0.431,,cm⁻¹,,,,1,30000,µS/cm,29.0,mS/cm,23.3,,,,,,,,,,,,,,,,,,,,,,,,,,,,,,,°C,,,,,1715673258,1715596552,232782200041,,Interval,EndOfRecord
RD,pH,14-May-2024,7:54:18,Default,PHC301,SN 232262574574,Edited,Sample ID (67336),2.611,pH,31.3,°C,278.0,mV,,,,,,,,,,,,,,,OK,13-May-2024,10:33:59,Default,Slope,-58.76,99,mV/pH,14.6,mV,1.0000,3,4.00,pH,190.1,mV,23.2,7.01,pH,13.5,mV,23.1,10.03,pH,-161.9,mV,23.2,,,,,,,,,,,,,,,,,,,,,°C,,,,,1715673258,1715596439,232782200041,,Interval,EndOfRecord
RD,CD,14-May-2024,7:49:17,Default,CDC401,SN 181522588013,Edited,Sample ID (67335),74.5,mS/cm,30.8,°C,83.3,mS/cm,,,NaCl/Non-Linear,Reference Temperature = 25 °C,,,,,,,,,,,OK,13-May-2024,10:35:52,Default,K,0.431,,cm⁻¹,,,,1,30000,µS/cm,29.0,mS/cm,23.3,,,,,,,,,,,,,,,,,,,,,,,,,,,,,,,°C,,,,,1715672957,1715596552,232782200041,,Interval,EndOfRecord
RD,pH,14-May-2024,7:49:17,Default,PHC301,SN 232262574574,Edited,Sample ID (67335),2.609,pH,31.2,°C,277.9,mV,,,,,,,,,,,,,,,OK,13-May-2024,10:33:59,Default,Slope,-58.76,99,mV/pH,14.6,mV,1.0000,3,4.00,pH,190.1,mV,23.2,7.01,pH,13.5,mV,23.1,10.03,pH,-161.9,mV,23.2,,,,,,,,,,,,,,,,,,,,,°C,,,,,1715672957,1715596439,232782200041,,Interval,EndOfRecord
RD,CD,14-May-2024,7:44:17,Default,CDC401,SN 181522588013,Edited,Sample ID (67334),74.4,mS/cm,30.7,°C,83.1,mS/cm,,,NaCl/Non-Linear,Reference Temperature = 25 °C,,,,,,,,,,,OK,13-May-2024,10:35:52,Default,K,0.431,,cm⁻¹,,,,1,30000,µS/cm,29.0,mS/cm,23.3,,,,,,,,,,,,,,,,,,,,,,,,,,,,,,,°C,,,,,1715672657,1715596552,232782200041,,Interval,EndOfRecord
RD,pH,14-May-2024,7:44:17,Default,PHC301,SN 232262574574,Edited,Sample ID (67334),2.607,pH,31.0,°C,277.9,mV,,,,,,,,,,,,,,,OK,13-May-2024,10:33:59,Default,Slope,-58.76,99,mV/pH,14.6,mV,1.0000,3,4.00,pH,190.1,mV,23.2,7.01,pH,13.5,mV,23.1,10.03,pH,-161.9,mV,23.2,,,,,,,,,,,,,,,,,,,,,°C,,,,,1715672657,1715596439,232782200041,,Interval,EndOfRecord
RD,CD,14-May-2024,7:39:18,Default,CDC401,SN 181522588013,Edited,Sample ID (67333),74.4,mS/cm,30.6,°C,82.9,mS/cm,,,NaCl/Non-Linear,Reference Temperature = 25 °C,,,,,,,,,,,OK,13-May-2024,10:35:52,Default,K,0.431,,cm⁻¹,,,,1,30000,µS/cm,29.0,mS/cm,23.3,,,,,,,,,,,,,,,,,,,,,,,,,,,,,,,°C,,,,,1715672358,1715596552,232782200041,,Interval,EndOfRecord
RD,pH,14-May-2024,7:39:18,Default,PHC301,SN 232262574574,Edited,Sample ID (67333),2.606,pH,30.9,°C,277.9,mV,,,,,,,,,,,,,,,OK,13-May-2024,10:33:59,Default,Slope,-58.76,99,mV/pH,14.6,mV,1.0000,3,4.00,pH,190.1,mV,23.2,7.01,pH,13.5,mV,23.1,10.03,pH,-161.9,mV,23.2,,,,,,,,,,,,,,,,,,,,,°C,,,,,1715672358,1715596439,232782200041,,Interval,EndOfRecord
RD,CD,14-May-2024,7:34:17,Default,CDC401,SN 181522588013,Edited,Sample ID (67332),74.7,mS/cm,30.4,°C,83.0,mS/cm,,,NaCl/Non-Linear,Reference Temperature = 25 °C,,,,,,,,,,,OK,13-May-2024,10:35:52,Default,K,0.431,,cm⁻¹,,,,1,30000,µS/cm,29.0,mS/cm,23.3,,,,,,,,,,,,,,,,,,,,,,,,,,,,,,,°C,,,,,1715672057,1715596552,232782200041,,Interval,EndOfRecord
RD,pH,14-May-2024,7:34:17,Default,PHC301,SN 232262574574,Edited,Sample ID (67332),2.604,pH,30.7,°C,277.9,mV,,,,,,,,,,,,,,,OK,13-May-2024,10:33:59,Default,Slope,-58.76,99,mV/pH,14.6,mV,1.0000,3,4.00,pH,190.1,mV,23.2,7.01,pH,13.5,mV,23.1,10.03,pH,-161.9,mV,23.2,,,,,,,,,,,,,,,,,,,,,°C,,,,,1715672057,1715596439,232782200041,,Interval,EndOfRecord
RD,CD,14-May-2024,7:29:18,Default,CDC401,SN 181522588013,Edited,Sample ID (67331),74.5,mS/cm,30.4,°C,82.8,mS/cm,,,NaCl/Non-Linear,Reference Temperature = 25 °C,,,,,,,,,,,OK,13-May-2024,10:35:52,Default,K,0.431,,cm⁻¹,,,,1,30000,µS/cm,29.0,mS/cm,23.3,,,,,,,,,,,,,,,,,,,,,,,,,,,,,,,°C,,,,,1715671758,1715596552,232782200041,,Interval,EndOfRecord
RD,pH,14-May-2024,7:29:18,Default,PHC301,SN 232262574574,Edited,Sample ID (67331),2.602,pH,30.6,°C,277.9,mV,,,,,,,,,,,,,,,OK,13-May-2024,10:33:59,Default,Slope,-58.76,99,mV/pH,14.6,mV,1.0000,3,4.00,pH,190.1,mV,23.2,7.01,pH,13.5,mV,23.1,10.03,pH,-161.9,mV,23.2,,,,,,,,,,,,,,,,,,,,,°C,,,,,1715671758,1715596439,232782200041,,Interval,EndOfRecord
RD,CD,14-May-2024,7:24:17,Default,CDC401,SN 181522588013,Edited,Sample ID (67330),74.6,mS/cm,30.2,°C,82.4,mS/cm,,,NaCl/Non-Linear,Reference Temperature = 25 °C,,,,,,,,,,,OK,13-May-2024,10:35:52,Default,K,0.431,,cm⁻¹,,,,1,30000,µS/cm,29.0,mS/cm,23.3,,,,,,,,,,,,,,,,,,,,,,,,,,,,,,,°C,,,,,1715671457,1715596552,232782200041,,Interval,EndOfRecord
RD,pH,14-May-2024,7:24:17,Default,PHC301,SN 232262574574,Edited,Sample ID (67330),2.601,pH,30.4,°C,277.8,mV,,,,,,,,,,,,,,,OK,13-May-2024,10:33:59,Default,Slope,-58.76,99,mV/pH,14.6,mV,1.0000,3,4.00,pH,190.1,mV,23.2,7.01,pH,13.5,mV,23.1,10.03,pH,-161.9,mV,23.2,,,,,,,,,,,,,,,,,,,,,°C,,,,,1715671457,1715596439,232782200041,,Interval,EndOfRecord
RD,CD,14-May-2024,7:19:17,Default,CDC401,SN 181522588013,Edited,Sample ID (67329),74.5,mS/cm,30.0,°C,82.1,mS/cm,,,NaCl/Non-Linear,Reference Temperature = 25 °C,,,,,,,,,,,OK,13-May-2024,10:35:52,Default,K,0.431,,cm⁻¹,,,,1,30000,µS/cm,29.0,mS/cm,23.3,,,,,,,,,,,,,,,,,,,,,,,,,,,,,,,°C,,,,,1715671157,1715596552,232782200041,,Interval,EndOfRecord
RD,pH,14-May-2024,7:19:17,Default,PHC301,SN 232262574574,Edited,Sample ID (67329),2.598,pH,30.3,°C,277.8,mV,,,,,,,,,,,,,,,OK,13-May-2024,10:33:59,Default,Slope,-58.76,99,mV/pH,14.6,mV,1.0000,3,4.00,pH,190.1,mV,23.2,7.01,pH,13.5,mV,23.1,10.03,pH,-161.9,mV,23.2,,,,,,,,,,,,,,,,,,,,,°C,,,,,1715671157,1715596439,232782200041,,Interval,EndOfRecord
RD,CD,14-May-2024,7:14:18,Default,CDC401,SN 181522588013,Edited,Sample ID (67328),74.7,mS/cm,29.8,°C,81.9,mS/cm,,,NaCl/Non-Linear,Reference Temperature = 25 °C,,,,,,,,,,,OK,13-May-2024,10:35:52,Default,K,0.431,,cm⁻¹,,,,1,30000,µS/cm,29.0,mS/cm,23.3,,,,,,,,,,,,,,,,,,,,,,,,,,,,,,,°C,,,,,1715670858,1715596552,232782200041,,Interval,EndOfRecord
RD,pH,14-May-2024,7:14:18,Default,PHC301,SN 232262574574,Edited,Sample ID (67328),2.596,pH,30.1,°C,277.8,mV,,,,,,,,,,,,,,,OK,13-May-2024,10:33:59,Default,Slope,-58.76,99,mV/pH,14.6,mV,1.0000,3,4.00,pH,190.1,mV,23.2,7.01,pH,13.5,mV,23.1,10.03,pH,-161.9,mV,23.2,,,,,,,,,,,,,,,,,,,,,°C,,,,,1715670858,1715596439,232782200041,,Interval,EndOfRecord
RD,CD,14-May-2024,7:09:17,Default,CDC401,SN 181522588013,Edited,Sample ID (67327),74.7,mS/cm,29.5,°C,81.6,mS/cm,,,NaCl/Non-Linear,Reference Temperature = 25 °C,,,,,,,,,,,OK,13-May-2024,10:35:52,Default,K,0.431,,cm⁻¹,,,,1,30000,µS/cm,29.0,mS/cm,23.3,,,,,,,,,,,,,,,,,,,,,,,,,,,,,,,°C,,,,,1715670557,1715596552,232782200041,,Interval,EndOfRecord
RD,pH,14-May-2024,7:09:17,Default,PHC301,SN 232262574574,Edited,Sample ID (67327),2.594,pH,29.9,°C,277.8,mV,,,,,,,,,,,,,,,OK,13-May-2024,10:33:59,Default,Slope,-58.76,99,mV/pH,14.6,mV,1.0000,3,4.00,pH,190.1,mV,23.2,7.01,pH,13.5,mV,23.1,10.03,pH,-161.9,mV,23.2,,,,,,,,,,,,,,,,,,,,,°C,,,,,1715670557,1715596439,232782200041,,Interval,EndOfRecord
RD,CD,14-May-2024,7:04:17,Default,CDC401,SN 181522588013,Edited,Sample ID (67326),74.8,mS/cm,29.4,°C,81.5,mS/cm,,,NaCl/Non-Linear,Reference Temperature = 25 °C,,,,,,,,,,,OK,13-May-2024,10:35:52,Default,K,0.431,,cm⁻¹,,,,1,30000,µS/cm,29.0,mS/cm,23.3,,,,,,,,,,,,,,,,,,,,,,,,,,,,,,,°C,,,,,1715670257,1715596552,232782200041,,Interval,EndOfRecord
RD,pH,14-May-2024,7:04:17,Default,PHC301,SN 232262574574,Edited,Sample ID (67326),2.592,pH,29.7,°C,277.7,mV,,,,,,,,,,,,,,,OK,13-May-2024,10:33:59,Default,Slope,-58.76,99,mV/pH,14.6,mV,1.0000,3,4.00,pH,190.1,mV,23.2,7.01,pH,13.5,mV,23.1,10.03,pH,-161.9,mV,23.2,,,,,,,,,,,,,,,,,,,,,°C,,,,,1715670257,1715596439,232782200041,,Interval,EndOfRecord
RD,CD,14-May-2024,6:59:19,Default,CDC401,SN 181522588013,Edited,Sample ID (67325),74.7,mS/cm,29.2,°C,81.2,mS/cm,,,NaCl/Non-Linear,Reference Temperature = 25 °C,,,,,,,,,,,OK,13-May-2024,10:35:52,Default,K,0.431,,cm⁻¹,,,,1,30000,µS/cm,29.0,mS/cm,23.3,,,,,,,,,,,,,,,,,,,,,,,,,,,,,,,°C,,,,,1715669959,1715596552,232782200041,,Interval,EndOfRecord
RD,pH,14-May-2024,6:59:19,Default,PHC301,SN 232262574574,Edited,Sample ID (67325),2.590,pH,29.5,°C,277.7,mV,,,,,,,,,,,,,,,OK,13-May-2024,10:33:59,Default,Slope,-58.76,99,mV/pH,14.6,mV,1.0000,3,4.00,pH,190.1,mV,23.2,7.01,pH,13.5,mV,23.1,10.03,pH,-161.9,mV,23.2,,,,,,,,,,,,,,,,,,,,,°C,,,,,1715669959,1715596439,232782200041,,Interval,EndOfRecord
RD,CD,14-May-2024,6:54:17,Default,CDC401,SN 181522588013,Edited,Sample ID (67324),74.7,mS/cm,29.0,°C,80.7,mS/cm,,,NaCl/Non-Linear,Reference Temperature = 25 °C,,,,,,,,,,,OK,13-May-2024,10:35:52,Default,K,0.431,,cm⁻¹,,,,1,30000,µS/cm,29.0,mS/cm,23.3,,,,,,,,,,,,,,,,,,,,,,,,,,,,,,,°C,,,,,1715669657,1715596552,232782200041,,Interval,EndOfRecord
RD,pH,14-May-2024,6:54:17,Default,PHC301,SN 232262574574,Edited,Sample ID (67324),2.587,pH,29.3,°C,277.7,mV,,,,,,,,,,,,,,,OK,13-May-2024,10:33:59,Default,Slope,-58.76,99,mV/pH,14.6,mV,1.0000,3,4.00,pH,190.1,mV,23.2,7.01,pH,13.5,mV,23.1,10.03,pH,-161.9,mV,23.2,,,,,,,,,,,,,,,,,,,,,°C,,,,,1715669657,1715596439,232782200041,,Interval,EndOfRecord
RD,CD,14-May-2024,6:49:17,Default,CDC401,SN 181522588013,Edited,Sample ID (67323),74.7,mS/cm,28.8,°C,80.4,mS/cm,,,NaCl/Non-Linear,Reference Temperature = 25 °C,,,,,,,,,,,OK,13-May-2024,10:35:52,Default,K,0.431,,cm⁻¹,,,,1,30000,µS/cm,29.0,mS/cm,23.3,,,,,,,,,,,,,,,,,,,,,,,,,,,,,,,°C,,,,,1715669357,1715596552,232782200041,,Interval,EndOfRecord
RD,pH,14-May-2024,6:49:17,Default,PHC301,SN 232262574574,Edited,Sample ID (67323),2.584,pH,29.1,°C,277.6,mV,,,,,,,,,,,,,,,OK,13-May-2024,10:33:59,Default,Slope,-58.76,99,mV/pH,14.6,mV,1.0000,3,4.00,pH,190.1,mV,23.2,7.01,pH,13.5,mV,23.1,10.03,pH,-161.9,mV,23.2,,,,,,,,,,,,,,,,,,,,,°C,,,,,1715669357,1715596439,232782200041,,Interval,EndOfRecord
RD,CD,14-May-2024,6:44:18,Default,CDC401,SN 181522588013,Edited,Sample ID (67322),74.8,mS/cm,28.5,°C,80.1,mS/cm,,,NaCl/Non-Linear,Reference Temperature = 25 °C,,,,,,,,,,,OK,13-May-2024,10:35:52,Default,K,0.431,,cm⁻¹,,,,1,30000,µS/cm,29.0,mS/cm,23.3,,,,,,,,,,,,,,,,,,,,,,,,,,,,,,,°C,,,,,1715669058,1715596552,232782200041,,Interval,EndOfRecord
RD,pH,14-May-2024,6:44:18,Default,PHC301,SN 232262574574,Edited,Sample ID (67322),2.581,pH,28.8,°C,277.6,mV,,,,,,,,,,,,,,,OK,13-May-2024,10:33:59,Default,Slope,-58.76,99,mV/pH,14.6,mV,1.0000,3,4.00,pH,190.1,mV,23.2,7.01,pH,13.5,mV,23.1,10.03,pH,-161.9,mV,23.2,,,,,,,,,,,,,,,,,,,,,°C,,,,,1715669058,1715596439,232782200041,,Interval,EndOfRecord
RD,CD,14-May-2024,6:39:17,Default,CDC401,SN 181522588013,Edited,Sample ID (67321),75.0,mS/cm,28.3,°C,80.0,mS/cm,,,NaCl/Non-Linear,Reference Temperature = 25 °C,,,,,,,,,,,OK,13-May-2024,10:35:52,Default,K,0.431,,cm⁻¹,,,,1,30000,µS/cm,29.0,mS/cm,23.3,,,,,,,,,,,,,,,,,,,,,,,,,,,,,,,°C,,,,,1715668757,1715596552,232782200041,,Interval,EndOfRecord
RD,pH,14-May-2024,6:39:17,Default,PHC301,SN 232262574574,Edited,Sample ID (67321),2.578,pH,28.6,°C,277.6,mV,,,,,,,,,,,,,,,OK,13-May-2024,10:33:59,Default,Slope,-58.76,99,mV/pH,14.6,mV,1.0000,3,4.00,pH,190.1,mV,23.2,7.01,pH,13.5,mV,23.1,10.03,pH,-161.9,mV,23.2,,,,,,,,,,,,,,,,,,,,,°C,,,,,1715668757,1715596439,232782200041,,Interval,EndOfRecord
RD,CD,14-May-2024,6:34:17,Default,CDC401,SN 181522588013,Edited,Sample ID (67320),74.8,mS/cm,28.0,°C,79.4,mS/cm,,,NaCl/Non-Linear,Reference Temperature = 25 °C,,,,,,,,,,,OK,13-May-2024,10:35:52,Default,K,0.431,,cm⁻¹,,,,1,30000,µS/cm,29.0,mS/cm,23.3,,,,,,,,,,,,,,,,,,,,,,,,,,,,,,,°C,,,,,1715668457,1715596552,232782200041,,Interval,EndOfRecord
RD,pH,14-May-2024,6:34:17,Default,PHC301,SN 232262574574,Edited,Sample ID (67320),2.575,pH,28.3,°C,277.6,mV,,,,,,,,,,,,,,,OK,13-May-2024,10:33:59,Default,Slope,-58.76,99,mV/pH,14.6,mV,1.0000,3,4.00,pH,190.1,mV,23.2,7.01,pH,13.5,mV,23.1,10.03,pH,-161.9,mV,23.2,,,,,,,,,,,,,,,,,,,,,°C,,,,,1715668457,1715596439,232782200041,,Interval,EndOfRecord
RD,CD,14-May-2024,6:29:18,Default,CDC401,SN 181522588013,Edited,Sample ID (67319),74.8,mS/cm,27.8,°C,79.1,mS/cm,,,NaCl/Non-Linear,Reference Temperature = 25 °C,,,,,,,,,,,OK,13-May-2024,10:35:52,Default,K,0.431,,cm⁻¹,,,,1,30000,µS/cm,29.0,mS/cm,23.3,,,,,,,,,,,,,,,,,,,,,,,,,,,,,,,°C,,,,,1715668158,1715596552,232782200041,,Interval,EndOfRecord
RD,pH,14-May-2024,6:29:18,Default,PHC301,SN 232262574574,Edited,Sample ID (67319),2.571,pH,28.1,°C,277.6,mV,,,,,,,,,,,,,,,OK,13-May-2024,10:33:59,Default,Slope,-58.76,99,mV/pH,14.6,mV,1.0000,3,4.00,pH,190.1,mV,23.2,7.01,pH,13.5,mV,23.1,10.03,pH,-161.9,mV,23.2,,,,,,,,,,,,,,,,,,,,,°C,,,,,1715668158,1715596439,232782200041,,Interval,EndOfRecord
RD,CD,14-May-2024,6:24:17,Default,CDC401,SN 181522588013,Edited,Sample ID (67318),74.9,mS/cm,27.5,°C,78.8,mS/cm,,,NaCl/Non-Linear,Reference Temperature = 25 °C,,,,,,,,,,,OK,13-May-2024,10:35:52,Default,K,0.431,,cm⁻¹,,,,1,30000,µS/cm,29.0,mS/cm,23.3,,,,,,,,,,,,,,,,,,,,,,,,,,,,,,,°C,,,,,1715667857,1715596552,232782200041,,Interval,EndOfRecord
RD,pH,14-May-2024,6:24:17,Default,PHC301,SN 232262574574,Edited,Sample ID (67318),2.568,pH,27.8,°C,277.6,mV,,,,,,,,,,,,,,,OK,13-May-2024,10:33:59,Default,Slope,-58.76,99,mV/pH,14.6,mV,1.0000,3,4.00,pH,190.1,mV,23.2,7.01,pH,13.5,mV,23.1,10.03,pH,-161.9,mV,23.2,,,,,,,,,,,,,,,,,,,,,°C,,,,,1715667857,1715596439,232782200041,,Interval,EndOfRecord
RD,CD,14-May-2024,6:19:18,Default,CDC401,SN 181522588013,Edited,Sample ID (67317),74.8,mS/cm,27.6,°C,78.7,mS/cm,,,NaCl/Non-Linear,Reference Temperature = 25 °C,,,,,,,,,,,OK,13-May-2024,10:35:52,Default,K,0.431,,cm⁻¹,,,,1,30000,µS/cm,29.0,mS/cm,23.3,,,,,,,,,,,,,,,,,,,,,,,,,,,,,,,°C,,,,,1715667558,1715596552,232782200041,,Interval,EndOfRecord
RD,pH,14-May-2024,6:19:18,Default,PHC301,SN 232262574574,Edited,Sample ID (67317),2.567,pH,27.8,°C,277.6,mV,,,,,,,,,,,,,,,OK,13-May-2024,10:33:59,Default,Slope,-58.76,99,mV/pH,14.6,mV,1.0000,3,4.00,pH,190.1,mV,23.2,7.01,pH,13.5,mV,23.1,10.03,pH,-161.9,mV,23.2,,,,,,,,,,,,,,,,,,,,,°C,,,,,1715667558,1715596439,232782200041,,Interval,EndOfRecord
RD,CD,14-May-2024,6:14:17,Default,CDC401,SN 181522588013,Edited,Sample ID (67316),74.9,mS/cm,27.5,°C,78.7,mS/cm,,,NaCl/Non-Linear,Reference Temperature = 25 °C,,,,,,,,,,,OK,13-May-2024,10:35:52,Default,K,0.431,,cm⁻¹,,,,1,30000,µS/cm,29.0,mS/cm,23.3,,,,,,,,,,,,,,,,,,,,,,,,,,,,,,,°C,,,,,1715667257,1715596552,232782200041,,Interval,EndOfRecord
RD,pH,14-May-2024,6:14:17,Default,PHC301,SN 232262574574,Edited,Sample ID (67316),2.566,pH,27.6,°C,277.6,mV,,,,,,,,,,,,,,,OK,13-May-2024,10:33:59,Default,Slope,-58.76,99,mV/pH,14.6,mV,1.0000,3,4.00,pH,190.1,mV,23.2,7.01,pH,13.5,mV,23.1,10.03,pH,-161.9,mV,23.2,,,,,,,,,,,,,,,,,,,,,°C,,,,,1715667257,1715596439,232782200041,,Interval,EndOfRecord
RD,CD,14-May-2024,6:09:17,Default,CDC401,SN 181522588013,Edited,Sample ID (67315),74.9,mS/cm,27.4,°C,78.6,mS/cm,,,NaCl/Non-Linear,Reference Temperature = 25 °C,,,,,,,,,,,OK,13-May-2024,10:35:52,Default,K,0.431,,cm⁻¹,,,,1,30000,µS/cm,29.0,mS/cm,23.3,,,,,,,,,,,,,,,,,,,,,,,,,,,,,,,°C,,,,,1715666957,1715596552,232782200041,,Interval,EndOfRecord
RD,pH,14-May-2024,6:09:17,Default,PHC301,SN 232262574574,Edited,Sample ID (67315),2.566,pH,27.6,°C,277.6,mV,,,,,,,,,,,,,,,OK,13-May-2024,10:33:59,Default,Slope,-58.76,99,mV/pH,14.6,mV,1.0000,3,4.00,pH,190.1,mV,23.2,7.01,pH,13.5,mV,23.1,10.03,pH,-161.9,mV,23.2,,,,,,,,,,,,,,,,,,,,,°C,,,,,1715666957,1715596439,232782200041,,Interval,EndOfRecord
RD,CD,14-May-2024,6:04:18,Default,CDC401,SN 181522588013,Edited,Sample ID (67314),74.9,mS/cm,27.3,°C,78.4,mS/cm,,,NaCl/Non-Linear,Reference Temperature = 25 °C,,,,,,,,,,,OK,13-May-2024,10:35:52,Default,K,0.431,,cm⁻¹,,,,1,30000,µS/cm,29.0,mS/cm,23.3,,,,,,,,,,,,,,,,,,,,,,,,,,,,,,,°C,,,,,1715666658,1715596552,232782200041,,Interval,EndOfRecord
RD,pH,14-May-2024,6:04:18,Default,PHC301,SN 232262574574,Edited,Sample ID (67314),2.565,pH,27.6,°C,277.6,mV,,,,,,,,,,,,,,,OK,13-May-2024,10:33:59,Default,Slope,-58.76,99,mV/pH,14.6,mV,1.0000,3,4.00,pH,190.1,mV,23.2,7.01,pH,13.5,mV,23.1,10.03,pH,-161.9,mV,23.2,,,,,,,,,,,,,,,,,,,,,°C,,,,,1715666658,1715596439,232782200041,,Interval,EndOfRecord
RD,CD,14-May-2024,5:59:17,Default,CDC401,SN 181522588013,Edited,Sample ID (67313),74.9,mS/cm,27.4,°C,78.5,mS/cm,,,NaCl/Non-Linear,Reference Temperature = 25 °C,,,,,,,,,,,OK,13-May-2024,10:35:52,Default,K,0.431,,cm⁻¹,,,,1,30000,µS/cm,29.0,mS/cm,23.3,,,,,,,,,,,,,,,,,,,,,,,,,,,,,,,°C,,,,,1715666357,1715596552,232782200041,,Interval,EndOfRecord
RD,pH,14-May-2024,5:59:17,Default,PHC301,SN 232262574574,Edited,Sample ID (67313),2.565,pH,27.5,°C,277.6,mV,,,,,,,,,,,,,,,OK,13-May-2024,10:33:59,Default,Slope,-58.76,99,mV/pH,14.6,mV,1.0000,3,4.00,pH,190.1,mV,23.2,7.01,pH,13.5,mV,23.1,10.03,pH,-161.9,mV,23.2,,,,,,,,,,,,,,,,,,,,,°C,,,,,1715666357,1715596439,232782200041,,Interval,EndOfRecord
RD,CD,14-May-2024,5:54:17,Default,CDC401,SN 181522588013,Edited,Sample ID (67312),74.9,mS/cm,27.3,°C,78.4,mS/cm,,,NaCl/Non-Linear,Reference Temperature = 25 °C,,,,,,,,,,,OK,13-May-2024,10:35:52,Default,K,0.431,,cm⁻¹,,,,1,30000,µS/cm,29.0,mS/cm,23.3,,,,,,,,,,,,,,,,,,,,,,,,,,,,,,,°C,,,,,1715666057,1715596552,232782200041,,Interval,EndOfRecord
RD,pH,14-May-2024,5:54:17,Default,PHC301,SN 232262574574,Edited,Sample ID (67312),2.563,pH,27.5,°C,277.6,mV,,,,,,,,,,,,,,,OK,13-May-2024,10:33:59,Default,Slope,-58.76,99,mV/pH,14.6,mV,1.0000,3,4.00,pH,190.1,mV,23.2,7.01,pH,13.5,mV,23.1,10.03,pH,-161.9,mV,23.2,,,,,,,,,,,,,,,,,,,,,°C,,,,,1715666057,1715596439,232782200041,,Interval,EndOfRecord
RD,CD,14-May-2024,5:49:18,Default,CDC401,SN 181522588013,Edited,Sample ID (67311),74.7,mS/cm,27.2,°C,78.1,mS/cm,,,NaCl/Non-Linear,Reference Temperature = 25 °C,,,,,,,,,,,OK,13-May-2024,10:35:52,Default,K,0.431,,cm⁻¹,,,,1,30000,µS/cm,29.0,mS/cm,23.3,,,,,,,,,,,,,,,,,,,,,,,,,,,,,,,°C,,,,,1715665758,1715596552,232782200041,,Interval,EndOfRecord
RD,pH,14-May-2024,5:49:18,Default,PHC301,SN 232262574574,Edited,Sample ID (67311),2.562,pH,27.4,°C,277.5,mV,,,,,,,,,,,,,,,OK,13-May-2024,10:33:59,Default,Slope,-58.76,99,mV/pH,14.6,mV,1.0000,3,4.00,pH,190.1,mV,23.2,7.01,pH,13.5,mV,23.1,10.03,pH,-161.9,mV,23.2,,,,,,,,,,,,,,,,,,,,,°C,,,,,1715665758,1715596439,232782200041,,Interval,EndOfRecord
RD,CD,14-May-2024,5:44:17,Default,CDC401,SN 181522588013,Edited,Sample ID (67310),75.0,mS/cm,27.2,°C,78.3,mS/cm,,,NaCl/Non-Linear,Reference Temperature = 25 °C,,,,,,,,,,,OK,13-May-2024,10:35:52,Default,K,0.431,,cm⁻¹,,,,1,30000,µS/cm,29.0,mS/cm,23.3,,,,,,,,,,,,,,,,,,,,,,,,,,,,,,,°C,,,,,1715665457,1715596552,232782200041,,Interval,EndOfRecord
RD,pH,14-May-2024,5:44:17,Default,PHC301,SN 232262574574,Edited,Sample ID (67310),2.562,pH,27.4,°C,277.5,mV,,,,,,,,,,,,,,,OK,13-May-2024,10:33:59,Default,Slope,-58.76,99,mV/pH,14.6,mV,1.0000,3,4.00,pH,190.1,mV,23.2,7.01,pH,13.5,mV,23.1,10.03,pH,-161.9,mV,23.2,,,,,,,,,,,,,,,,,,,,,°C,,,,,1715665457,1715596439,232782200041,,Interval,EndOfRecord
RD,CD,14-May-2024,5:39:17,Default,CDC401,SN 181522588013,Edited,Sample ID (67309),74.9,mS/cm,27.2,°C,78.2,mS/cm,,,NaCl/Non-Linear,Reference Temperature = 25 °C,,,,,,,,,,,OK,13-May-2024,10:35:52,Default,K,0.431,,cm⁻¹,,,,1,30000,µS/cm,29.0,mS/cm,23.3,,,,,,,,,,,,,,,,,,,,,,,,,,,,,,,°C,,,,,1715665157,1715596552,232782200041,,Interval,EndOfRecord
RD,pH,14-May-2024,5:39:17,Default,PHC301,SN 232262574574,Edited,Sample ID (67309),2.560,pH,27.3,°C,277.5,mV,,,,,,,,,,,,,,,OK,13-May-2024,10:33:59,Default,Slope,-58.76,99,mV/pH,14.6,mV,1.0000,3,4.00,pH,190.1,mV,23.2,7.01,pH,13.5,mV,23.1,10.03,pH,-161.9,mV,23.2,,,,,,,,,,,,,,,,,,,,,°C,,,,,1715665157,1715596439,232782200041,,Interval,EndOfRecord
RD,CD,14-May-2024,5:34:19,Default,CDC401,SN 181522588013,Edited,Sample ID (67308),75.2,mS/cm,26.9,°C,78.0,mS/cm,,,NaCl/Non-Linear,Reference Temperature = 25 °C,,,,,,,,,,,OK,13-May-2024,10:35:52,Default,K,0.431,,cm⁻¹,,,,1,30000,µS/cm,29.0,mS/cm,23.3,,,,,,,,,,,,,,,,,,,,,,,,,,,,,,,°C,,,,,1715664859,1715596552,232782200041,,Interval,EndOfRecord
RD,pH,14-May-2024,5:34:19,Default,PHC301,SN 232262574574,Edited,Sample ID (67308),2.560,pH,27.3,°C,277.5,mV,,,,,,,,,,,,,,,OK,13-May-2024,10:33:59,Default,Slope,-58.76,99,mV/pH,14.6,mV,1.0000,3,4.00,pH,190.1,mV,23.2,7.01,pH,13.5,mV,23.1,10.03,pH,-161.9,mV,23.2,,,,,,,,,,,,,,,,,,,,,°C,,,,,1715664859,1715596439,232782200041,,Interval,EndOfRecord
RD,CD,14-May-2024,5:29:17,Default,CDC401,SN 181522588013,Edited,Sample ID (67307),74.9,mS/cm,27.0,°C,77.9,mS/cm,,,NaCl/Non-Linear,Reference Temperature = 25 °C,,,,,,,,,,,OK,13-May-2024,10:35:52,Default,K,0.431,,cm⁻¹,,,,1,30000,µS/cm,29.0,mS/cm,23.3,,,,,,,,,,,,,,,,,,,,,,,,,,,,,,,°C,,,,,1715664557,1715596552,232782200041,,Interval,EndOfRecord
RD,pH,14-May-2024,5:29:17,Default,PHC301,SN 232262574574,Edited,Sample ID (67307),2.558,pH,27.1,°C,277.5,mV,,,,,,,,,,,,,,,OK,13-May-2024,10:33:59,Default,Slope,-58.76,99,mV/pH,14.6,mV,1.0000,3,4.00,pH,190.1,mV,23.2,7.01,pH,13.5,mV,23.1,10.03,pH,-161.9,mV,23.2,,,,,,,,,,,,,,,,,,,,,°C,,,,,1715664557,1715596439,232782200041,,Interval,EndOfRecord
RD,CD,14-May-2024,5:24:17,Default,CDC401,SN 181522588013,Edited,Sample ID (67306),75.0,mS/cm,26.9,°C,77.9,mS/cm,,,NaCl/Non-Linear,Reference Temperature = 25 °C,,,,,,,,,,,OK,13-May-2024,10:35:52,Default,K,0.431,,cm⁻¹,,,,1,30000,µS/cm,29.0,mS/cm,23.3,,,,,,,,,,,,,,,,,,,,,,,,,,,,,,,°C,,,,,1715664257,1715596552,232782200041,,Interval,EndOfRecord
RD,pH,14-May-2024,5:24:17,Default,PHC301,SN 232262574574,Edited,Sample ID (67306),2.558,pH,27.1,°C,277.5,mV,,,,,,,,,,,,,,,OK,13-May-2024,10:33:59,Default,Slope,-58.76,99,mV/pH,14.6,mV,1.0000,3,4.00,pH,190.1,mV,23.2,7.01,pH,13.5,mV,23.1,10.03,pH,-161.9,mV,23.2,,,,,,,,,,,,,,,,,,,,,°C,,,,,1715664257,1715596439,232782200041,,Interval,EndOfRecord
RD,CD,14-May-2024,5:19:18,Default,CDC401,SN 181522588013,Edited,Sample ID (67305),75.2,mS/cm,26.7,°C,77.7,mS/cm,,,NaCl/Non-Linear,Reference Temperature = 25 °C,,,,,,,,,,,OK,13-May-2024,10:35:52,Default,K,0.431,,cm⁻¹,,,,1,30000,µS/cm,29.0,mS/cm,23.3,,,,,,,,,,,,,,,,,,,,,,,,,,,,,,,°C,,,,,1715663958,1715596552,232782200041,,Interval,EndOfRecord
RD,pH,14-May-2024,5:19:18,Default,PHC301,SN 232262574574,Edited,Sample ID (67305),2.557,pH,27.0,°C,277.5,mV,,,,,,,,,,,,,,,OK,13-May-2024,10:33:59,Default,Slope,-58.76,99,mV/pH,14.6,mV,1.0000,3,4.00,pH,190.1,mV,23.2,7.01,pH,13.5,mV,23.1,10.03,pH,-161.9,mV,23.2,,,,,,,,,,,,,,,,,,,,,°C,,,,,1715663958,1715596439,232782200041,,Interval,EndOfRecord
RD,CD,14-May-2024,5:14:17,Default,CDC401,SN 181522588013,Edited,Sample ID (67304),74.8,mS/cm,26.7,°C,77.5,mS/cm,,,NaCl/Non-Linear,Reference Temperature = 25 °C,,,,,,,,,,,OK,13-May-2024,10:35:52,Default,K,0.431,,cm⁻¹,,,,1,30000,µS/cm,29.0,mS/cm,23.3,,,,,,,,,,,,,,,,,,,,,,,,,,,,,,,°C,,,,,1715663657,1715596552,232782200041,,Interval,EndOfRecord
RD,pH,14-May-2024,5:14:17,Default,PHC301,SN 232262574574,Edited,Sample ID (67304),2.557,pH,27.0,°C,277.5,mV,,,,,,,,,,,,,,,OK,13-May-2024,10:33:59,Default,Slope,-58.76,99,mV/pH,14.6,mV,1.0000,3,4.00,pH,190.1,mV,23.2,7.01,pH,13.5,mV,23.1,10.03,pH,-161.9,mV,23.2,,,,,,,,,,,,,,,,,,,,,°C,,,,,1715663657,1715596439,232782200041,,Interval,EndOfRecord
RD,CD,14-May-2024,5:09:18,Default,CDC401,SN 181522588013,Edited,Sample ID (67303),75.0,mS/cm,26.7,°C,77.5,mS/cm,,,NaCl/Non-Linear,Reference Temperature = 25 °C,,,,,,,,,,,OK,13-May-2024,10:35:52,Default,K,0.431,,cm⁻¹,,,,1,30000,µS/cm,29.0,mS/cm,23.3,,,,,,,,,,,,,,,,,,,,,,,,,,,,,,,°C,,,,,1715663358,1715596552,232782200041,,Interval,EndOfRecord
RD,pH,14-May-2024,5:09:18,Default,PHC301,SN 232262574574,Edited,Sample ID (67303),2.554,pH,26.8,°C,277.5,mV,,,,,,,,,,,,,,,OK,13-May-2024,10:33:59,Default,Slope,-58.76,99,mV/pH,14.6,mV,1.0000,3,4.00,pH,190.1,mV,23.2,7.01,pH,13.5,mV,23.1,10.03,pH,-161.9,mV,23.2,,,,,,,,,,,,,,,,,,,,,°C,,,,,1715663358,1715596439,232782200041,,Interval,EndOfRecord
RD,CD,14-May-2024,5:04:17,Default,CDC401,SN 181522588013,Edited,Sample ID (67302),75.1,mS/cm,26.5,°C,77.4,mS/cm,,,NaCl/Non-Linear,Reference Temperature = 25 °C,,,,,,,,,,,OK,13-May-2024,10:35:52,Default,K,0.431,,cm⁻¹,,,,1,30000,µS/cm,29.0,mS/cm,23.3,,,,,,,,,,,,,,,,,,,,,,,,,,,,,,,°C,,,,,1715663057,1715596552,232782200041,,Interval,EndOfRecord
RD,pH,14-May-2024,5:04:17,Default,PHC301,SN 232262574574,Edited,Sample ID (67302),2.554,pH,26.8,°C,277.5,mV,,,,,,,,,,,,,,,OK,13-May-2024,10:33:59,Default,Slope,-58.76,99,mV/pH,14.6,mV,1.0000,3,4.00,pH,190.1,mV,23.2,7.01,pH,13.5,mV,23.1,10.03,pH,-161.9,mV,23.2,,,,,,,,,,,,,,,,,,,,,°C,,,,,1715663057,1715596439,232782200041,,Interval,EndOfRecord
RD,CD,14-May-2024,4:59:17,Default,CDC401,SN 181522588013,Edited,Sample ID (67301),75.0,mS/cm,26.4,°C,77.1,mS/cm,,,NaCl/Non-Linear,Reference Temperature = 25 °C,,,,,,,,,,,OK,13-May-2024,10:35:52,Default,K,0.431,,cm⁻¹,,,,1,30000,µS/cm,29.0,mS/cm,23.3,,,,,,,,,,,,,,,,,,,,,,,,,,,,,,,°C,,,,,1715662757,1715596552,232782200041,,Interval,EndOfRecord
RD,pH,14-May-2024,4:59:17,Default,PHC301,SN 232262574574,Edited,Sample ID (67301),2.553,pH,26.6,°C,277.5,mV,,,,,,,,,,,,,,,OK,13-May-2024,10:33:59,Default,Slope,-58.76,99,mV/pH,14.6,mV,1.0000,3,4.00,pH,190.1,mV,23.2,7.01,pH,13.5,mV,23.1,10.03,pH,-161.9,mV,23.2,,,,,,,,,,,,,,,,,,,,,°C,,,,,1715662757,1715596439,232782200041,,Interval,EndOfRecord
RD,CD,14-May-2024,4:54:18,Default,CDC401,SN 181522588013,Edited,Sample ID (67300),75.2,mS/cm,26.3,°C,77.2,mS/cm,,,NaCl/Non-Linear,Reference Temperature = 25 °C,,,,,,,,,,,OK,13-May-2024,10:35:52,Default,K,0.431,,cm⁻¹,,,,1,30000,µS/cm,29.0,mS/cm,23.3,,,,,,,,,,,,,,,,,,,,,,,,,,,,,,,°C,,,,,1715662458,1715596552,232782200041,,Interval,EndOfRecord
RD,pH,14-May-2024,4:54:18,Default,PHC301,SN 232262574574,Edited,Sample ID (67300),2.551,pH,26.6,°C,277.3,mV,,,,,,,,,,,,,,,OK,13-May-2024,10:33:59,Default,Slope,-58.76,99,mV/pH,14.6,mV,1.0000,3,4.00,pH,190.1,mV,23.2,7.01,pH,13.5,mV,23.1,10.03,pH,-161.9,mV,23.2,,,,,,,,,,,,,,,,,,,,,°C,,,,,1715662458,1715596439,232782200041,,Interval,EndOfRecord
RD,CD,14-May-2024,4:49:17,Default,CDC401,SN 181522588013,Edited,Sample ID (67299),75.1,mS/cm,26.3,°C,77.0,mS/cm,,,NaCl/Non-Linear,Reference Temperature = 25 °C,,,,,,,,,,,OK,13-May-2024,10:35:52,Default,K,0.431,,cm⁻¹,,,,1,30000,µS/cm,29.0,mS/cm,23.3,,,,,,,,,,,,,,,,,,,,,,,,,,,,,,,°C,,,,,1715662157,1715596552,232782200041,,Interval,EndOfRecord
RD,pH,14-May-2024,4:49:17,Default,PHC301,SN 232262574574,Edited,Sample ID (67299),2.551,pH,26.4,°C,277.3,mV,,,,,,,,,,,,,,,OK,13-May-2024,10:33:59,Default,Slope,-58.76,99,mV/pH,14.6,mV,1.0000,3,4.00,pH,190.1,mV,23.2,7.01,pH,13.5,mV,23.1,10.03,pH,-161.9,mV,23.2,,,,,,,,,,,,,,,,,,,,,°C,,,,,1715662157,1715596439,232782200041,,Interval,EndOfRecord
RD,CD,14-May-2024,4:44:17,Default,CDC401,SN 181522588013,Edited,Sample ID (67298),75.2,mS/cm,26.0,°C,76.8,mS/cm,,,NaCl/Non-Linear,Reference Temperature = 25 °C,,,,,,,,,,,OK,13-May-2024,10:35:52,Default,K,0.431,,cm⁻¹,,,,1,30000,µS/cm,29.0,mS/cm,23.3,,,,,,,,,,,,,,,,,,,,,,,,,,,,,,,°C,,,,,1715661857,1715596552,232782200041,,Interval,EndOfRecord
RD,pH,14-May-2024,4:44:17,Default,PHC301,SN 232262574574,Edited,Sample ID (67298),2.549,pH,26.4,°C,277.3,mV,,,,,,,,,,,,,,,OK,13-May-2024,10:33:59,Default,Slope,-58.76,99,mV/pH,14.6,mV,1.0000,3,4.00,pH,190.1,mV,23.2,7.01,pH,13.5,mV,23.1,10.03,pH,-161.9,mV,23.2,,,,,,,,,,,,,,,,,,,,,°C,,,,,1715661857,1715596439,232782200041,,Interval,EndOfRecord
RD,CD,14-May-2024,4:39:19,Default,CDC401,SN 181522588013,Edited,Sample ID (67297),75.1,mS/cm,26.1,°C,76.8,mS/cm,,,NaCl/Non-Linear,Reference Temperature = 25 °C,,,,,,,,,,,OK,13-May-2024,10:35:52,Default,K,0.431,,cm⁻¹,,,,1,30000,µS/cm,29.0,mS/cm,23.3,,,,,,,,,,,,,,,,,,,,,,,,,,,,,,,°C,,,,,1715661559,1715596552,232782200041,,Interval,EndOfRecord
RD,pH,14-May-2024,4:39:19,Default,PHC301,SN 232262574574,Edited,Sample ID (67297),2.548,pH,26.3,°C,277.3,mV,,,,,,,,,,,,,,,OK,13-May-2024,10:33:59,Default,Slope,-58.76,99,mV/pH,14.6,mV,1.0000,3,4.00,pH,190.1,mV,23.2,7.01,pH,13.5,mV,23.1,10.03,pH,-161.9,mV,23.2,,,,,,,,,,,,,,,,,,,,,°C,,,,,1715661559,1715596439,232782200041,,Interval,EndOfRecord
RD,CD,14-May-2024,4:34:17,Default,CDC401,SN 181522588013,Edited,Sample ID (67296),75.1,mS/cm,26.0,°C,76.6,mS/cm,,,NaCl/Non-Linear,Reference Temperature = 25 °C,,,,,,,,,,,OK,13-May-2024,10:35:52,Default,K,0.431,,cm⁻¹,,,,1,30000,µS/cm,29.0,mS/cm,23.3,,,,,,,,,,,,,,,,,,,,,,,,,,,,,,,°C,,,,,1715661257,1715596552,232782200041,,Interval,EndOfRecord
RD,pH,14-May-2024,4:34:17,Default,PHC301,SN 232262574574,Edited,Sample ID (67296),2.547,pH,26.2,°C,277.3,mV,,,,,,,,,,,,,,,OK,13-May-2024,10:33:59,Default,Slope,-58.76,99,mV/pH,14.6,mV,1.0000,3,4.00,pH,190.1,mV,23.2,7.01,pH,13.5,mV,23.1,10.03,pH,-161.9,mV,23.2,,,,,,,,,,,,,,,,,,,,,°C,,,,,1715661257,1715596439,232782200041,,Interval,EndOfRecord
RD,CD,14-May-2024,4:29:17,Default,CDC401,SN 181522588013,Edited,Sample ID (67295),75.2,mS/cm,25.8,°C,76.4,mS/cm,,,NaCl/Non-Linear,Reference Temperature = 25 °C,,,,,,,,,,,OK,13-May-2024,10:35:52,Default,K,0.431,,cm⁻¹,,,,1,30000,µS/cm,29.0,mS/cm,23.3,,,,,,,,,,,,,,,,,,,,,,,,,,,,,,,°C,,,,,1715660957,1715596552,232782200041,,Interval,EndOfRecord
RD,pH,14-May-2024,4:29:17,Default,PHC301,SN 232262574574,Edited,Sample ID (67295),2.544,pH,26.0,°C,277.3,mV,,,,,,,,,,,,,,,OK,13-May-2024,10:33:59,Default,Slope,-58.76,99,mV/pH,14.6,mV,1.0000,3,4.00,pH,190.1,mV,23.2,7.01,pH,13.5,mV,23.1,10.03,pH,-161.9,mV,23.2,,,,,,,,,,,,,,,,,,,,,°C,,,,,1715660957,1715596439,232782200041,,Interval,EndOfRecord
RD,CD,14-May-2024,4:24:18,Default,CDC401,SN 181522588013,Edited,Sample ID (67294),74.9,mS/cm,25.8,°C,76.0,mS/cm,,,NaCl/Non-Linear,Reference Temperature = 25 °C,,,,,,,,,,,OK,13-May-2024,10:35:52,Default,K,0.431,,cm⁻¹,,,,1,30000,µS/cm,29.0,mS/cm,23.3,,,,,,,,,,,,,,,,,,,,,,,,,,,,,,,°C,,,,,1715660658,1715596552,232782200041,,Interval,EndOfRecord
RD,pH,14-May-2024,4:24:18,Default,PHC301,SN 232262574574,Edited,Sample ID (67294),2.543,pH,25.9,°C,277.3,mV,,,,,,,,,,,,,,,OK,13-May-2024,10:33:59,Default,Slope,-58.76,99,mV/pH,14.6,mV,1.0000,3,4.00,pH,190.1,mV,23.2,7.01,pH,13.5,mV,23.1,10.03,pH,-161.9,mV,23.2,,,,,,,,,,,,,,,,,,,,,°C,,,,,1715660658,1715596439,232782200041,,Interval,EndOfRecord
RD,CD,14-May-2024,4:19:17,Default,CDC401,SN 181522588013,Edited,Sample ID (67293),75.2,mS/cm,25.6,°C,76.1,mS/cm,,,NaCl/Non-Linear,Reference Temperature = 25 °C,,,,,,,,,,,OK,13-May-2024,10:35:52,Default,K,0.431,,cm⁻¹,,,,1,30000,µS/cm,29.0,mS/cm,23.3,,,,,,,,,,,,,,,,,,,,,,,,,,,,,,,°C,,,,,1715660357,1715596552,232782200041,,Interval,EndOfRecord
RD,pH,14-May-2024,4:19:17,Default,PHC301,SN 232262574574,Edited,Sample ID (67293),2.542,pH,25.9,°C,277.3,mV,,,,,,,,,,,,,,,OK,13-May-2024,10:33:59,Default,Slope,-58.76,99,mV/pH,14.6,mV,1.0000,3,4.00,pH,190.1,mV,23.2,7.01,pH,13.5,mV,23.1,10.03,pH,-161.9,mV,23.2,,,,,,,,,,,,,,,,,,,,,°C,,,,,1715660357,1715596439,232782200041,,Interval,EndOfRecord
RD,CD,14-May-2024,4:14:17,Default,CDC401,SN 181522588013,Edited,Sample ID (67292),75.2,mS/cm,25.6,°C,76.2,mS/cm,,,NaCl/Non-Linear,Reference Temperature = 25 °C,,,,,,,,,,,OK,13-May-2024,10:35:52,Default,K,0.431,,cm⁻¹,,,,1,30000,µS/cm,29.0,mS/cm,23.3,,,,,,,,,,,,,,,,,,,,,,,,,,,,,,,°C,,,,,1715660057,1715596552,232782200041,,Interval,EndOfRecord
RD,pH,14-May-2024,4:14:17,Default,PHC301,SN 232262574574,Edited,Sample ID (67292),2.542,pH,25.8,°C,277.3,mV,,,,,,,,,,,,,,,OK,13-May-2024,10:33:59,Default,Slope,-58.76,99,mV/pH,14.6,mV,1.0000,3,4.00,pH,190.1,mV,23.2,7.01,pH,13.5,mV,23.1,10.03,pH,-161.9,mV,23.2,,,,,,,,,,,,,,,,,,,,,°C,,,,,1715660057,1715596439,232782200041,,Interval,EndOfRecord
RD,CD,14-May-2024,4:09:18,Default,CDC401,SN 181522588013,Edited,Sample ID (67291),75.1,mS/cm,25.6,°C,76.1,mS/cm,,,NaCl/Non-Linear,Reference Temperature = 25 °C,,,,,,,,,,,OK,13-May-2024,10:35:52,Default,K,0.431,,cm⁻¹,,,,1,30000,µS/cm,29.0,mS/cm,23.3,,,,,,,,,,,,,,,,,,,,,,,,,,,,,,,°C,,,,,1715659758,1715596552,232782200041,,Interval,EndOfRecord
RD,pH,14-May-2024,4:09:18,Default,PHC301,SN 232262574574,Edited,Sample ID (67291),2.541,pH,25.8,°C,277.3,mV,,,,,,,,,,,,,,,OK,13-May-2024,10:33:59,Default,Slope,-58.76,99,mV/pH,14.6,mV,1.0000,3,4.00,pH,190.1,mV,23.2,7.01,pH,13.5,mV,23.1,10.03,pH,-161.9,mV,23.2,,,,,,,,,,,,,,,,,,,,,°C,,,,,1715659758,1715596439,232782200041,,Interval,EndOfRecord
RD,CD,14-May-2024,4:04:17,Default,CDC401,SN 181522588013,Edited,Sample ID (67290),75.1,mS/cm,25.6,°C,76.0,mS/cm,,,NaCl/Non-Linear,Reference Temperature = 25 °C,,,,,,,,,,,OK,13-May-2024,10:35:52,Default,K,0.431,,cm⁻¹,,,,1,30000,µS/cm,29.0,mS/cm,23.3,,,,,,,,,,,,,,,,,,,,,,,,,,,,,,,°C,,,,,1715659457,1715596552,232782200041,,Interval,EndOfRecord
RD,pH,14-May-2024,4:04:17,Default,PHC301,SN 232262574574,Edited,Sample ID (67290),2.541,pH,25.8,°C,277.3,mV,,,,,,,,,,,,,,,OK,13-May-2024,10:33:59,Default,Slope,-58.76,99,mV/pH,14.6,mV,1.0000,3,4.00,pH,190.1,mV,23.2,7.01,pH,13.5,mV,23.1,10.03,pH,-161.9,mV,23.2,,,,,,,,,,,,,,,,,,,,,°C,,,,,1715659457,1715596439,232782200041,,Interval,EndOfRecord
RD,CD,14-May-2024,3:59:18,Default,CDC401,SN 181522588013,Edited,Sample ID (67289),75.1,mS/cm,25.5,°C,75.9,mS/cm,,,NaCl/Non-Linear,Reference Temperature = 25 °C,,,,,,,,,,,OK,13-May-2024,10:35:52,Default,K,0.431,,cm⁻¹,,,,1,30000,µS/cm,29.0,mS/cm,23.3,,,,,,,,,,,,,,,,,,,,,,,,,,,,,,,°C,,,,,1715659158,1715596552,232782200041,,Interval,EndOfRecord
RD,pH,14-May-2024,3:59:18,Default,PHC301,SN 232262574574,Edited,Sample ID (67289),2.539,pH,25.6,°C,277.3,mV,,,,,,,,,,,,,,,OK,13-May-2024,10:33:59,Default,Slope,-58.76,99,mV/pH,14.6,mV,1.0000,3,4.00,pH,190.1,mV,23.2,7.01,pH,13.5,mV,23.1,10.03,pH,-161.9,mV,23.2,,,,,,,,,,,,,,,,,,,,,°C,,,,,1715659158,1715596439,232782200041,,Interval,EndOfRecord
RD,CD,14-May-2024,3:54:17,Default,CDC401,SN 181522588013,Edited,Sample ID (67288),75.1,mS/cm,25.5,°C,75.8,mS/cm,,,NaCl/Non-Linear,Reference Temperature = 25 °C,,,,,,,,,,,OK,13-May-2024,10:35:52,Default,K,0.431,,cm⁻¹,,,,1,30000,µS/cm,29.0,mS/cm,23.3,,,,,,,,,,,,,,,,,,,,,,,,,,,,,,,°C,,,,,1715658857,1715596552,232782200041,,Interval,EndOfRecord
RD,pH,14-May-2024,3:54:17,Default,PHC301,SN 232262574574,Edited,Sample ID (67288),2.539,pH,25.6,°C,277.3,mV,,,,,,,,,,,,,,,OK,13-May-2024,10:33:59,Default,Slope,-58.76,99,mV/pH,14.6,mV,1.0000,3,4.00,pH,190.1,mV,23.2,7.01,pH,13.5,mV,23.1,10.03,pH,-161.9,mV,23.2,,,,,,,,,,,,,,,,,,,,,°C,,,,,1715658857,1715596439,232782200041,,Interval,EndOfRecord
RD,CD,14-May-2024,3:49:17,Default,CDC401,SN 181522588013,Edited,Sample ID (67287),75.2,mS/cm,25.4,°C,75.8,mS/cm,,,NaCl/Non-Linear,Reference Temperature = 25 °C,,,,,,,,,,,OK,13-May-2024,10:35:52,Default,K,0.431,,cm⁻¹,,,,1,30000,µS/cm,29.0,mS/cm,23.3,,,,,,,,,,,,,,,,,,,,,,,,,,,,,,,°C,,,,,1715658557,1715596552,232782200041,,Interval,EndOfRecord
RD,pH,14-May-2024,3:49:17,Default,PHC301,SN 232262574574,Edited,Sample ID (67287),2.539,pH,25.6,°C,277.3,mV,,,,,,,,,,,,,,,OK,13-May-2024,10:33:59,Default,Slope,-58.76,99,mV/pH,14.6,mV,1.0000,3,4.00,pH,190.1,mV,23.2,7.01,pH,13.5,mV,23.1,10.03,pH,-161.9,mV,23.2,,,,,,,,,,,,,,,,,,,,,°C,,,,,1715658557,1715596439,232782200041,,Interval,EndOfRecord
RD,CD,14-May-2024,3:44:18,Default,CDC401,SN 181522588013,Edited,Sample ID (67286),75.2,mS/cm,25.3,°C,75.7,mS/cm,,,NaCl/Non-Linear,Reference Temperature = 25 °C,,,,,,,,,,,OK,13-May-2024,10:35:52,Default,K,0.431,,cm⁻¹,,,,1,30000,µS/cm,29.0,mS/cm,23.3,,,,,,,,,,,,,,,,,,,,,,,,,,,,,,,°C,,,,,1715658258,1715596552,232782200041,,Interval,EndOfRecord
RD,pH,14-May-2024,3:44:18,Default,PHC301,SN 232262574574,Edited,Sample ID (67286),2.537,pH,25.5,°C,277.3,mV,,,,,,,,,,,,,,,OK,13-May-2024,10:33:59,Default,Slope,-58.76,99,mV/pH,14.6,mV,1.0000,3,4.00,pH,190.1,mV,23.2,7.01,pH,13.5,mV,23.1,10.03,pH,-161.9,mV,23.2,,,,,,,,,,,,,,,,,,,,,°C,,,,,1715658258,1715596439,232782200041,,Interval,EndOfRecord
RD,CD,14-May-2024,3:39:18,Default,CDC401,SN 181522588013,Edited,Sample ID (67285),75.2,mS/cm,25.3,°C,75.6,mS/cm,,,NaCl/Non-Linear,Reference Temperature = 25 °C,,,,,,,,,,,OK,13-May-2024,10:35:52,Default,K,0.431,,cm⁻¹,,,,1,30000,µS/cm,29.0,mS/cm,23.3,,,,,,,,,,,,,,,,,,,,,,,,,,,,,,,°C,,,,,1715657958,1715596552,232782200041,,Interval,EndOfRecord
RD,pH,14-May-2024,3:39:18,Default,PHC301,SN 232262574574,Edited,Sample ID (67285),2.537,pH,25.5,°C,277.3,mV,,,,,,,,,,,,,,,OK,13-May-2024,10:33:59,Default,Slope,-58.76,99,mV/pH,14.6,mV,1.0000,3,4.00,pH,190.1,mV,23.2,7.01,pH,13.5,mV,23.1,10.03,pH,-161.9,mV,23.2,,,,,,,,,,,,,,,,,,,,,°C,,,,,1715657958,1715596439,232782200041,,Interval,EndOfRecord
RD,CD,14-May-2024,3:34:18,Default,CDC401,SN 181522588013,Edited,Sample ID (67284),75.3,mS/cm,25.2,°C,75.6,mS/cm,,,NaCl/Non-Linear,Reference Temperature = 25 °C,,,,,,,,,,,OK,13-May-2024,10:35:52,Default,K,0.431,,cm⁻¹,,,,1,30000,µS/cm,29.0,mS/cm,23.3,,,,,,,,,,,,,,,,,,,,,,,,,,,,,,,°C,,,,,1715657658,1715596552,232782200041,,Interval,EndOfRecord
RD,pH,14-May-2024,3:34:18,Default,PHC301,SN 232262574574,Edited,Sample ID (67284),2.536,pH,25.4,°C,277.3,mV,,,,,,,,,,,,,,,OK,13-May-2024,10:33:59,Default,Slope,-58.76,99,mV/pH,14.6,mV,1.0000,3,4.00,pH,190.1,mV,23.2,7.01,pH,13.5,mV,23.1,10.03,pH,-161.9,mV,23.2,,,,,,,,,,,,,,,,,,,,,°C,,,,,1715657658,1715596439,232782200041,,Interval,EndOfRecord
RD,CD,14-May-2024,3:29:18,Default,CDC401,SN 181522588013,Edited,Sample ID (67283),75.2,mS/cm,25.2,°C,75.5,mS/cm,,,NaCl/Non-Linear,Reference Temperature = 25 °C,,,,,,,,,,,OK,13-May-2024,10:35:52,Default,K,0.431,,cm⁻¹,,,,1,30000,µS/cm,29.0,mS/cm,23.3,,,,,,,,,,,,,,,,,,,,,,,,,,,,,,,°C,,,,,1715657358,1715596552,232782200041,,Interval,EndOfRecord
RD,pH,14-May-2024,3:29:18,Default,PHC301,SN 232262574574,Edited,Sample ID (67283),2.535,pH,25.4,°C,277.2,mV,,,,,,,,,,,,,,,OK,13-May-2024,10:33:59,Default,Slope,-58.76,99,mV/pH,14.6,mV,1.0000,3,4.00,pH,190.1,mV,23.2,7.01,pH,13.5,mV,23.1,10.03,pH,-161.9,mV,23.2,,,,,,,,,,,,,,,,,,,,,°C,,,,,1715657358,1715596439,232782200041,,Interval,EndOfRecord
RD,CD,14-May-2024,3:24:17,Default,CDC401,SN 181522588013,Edited,Sample ID (67282),75.2,mS/cm,25.1,°C,75.4,mS/cm,,,NaCl/Non-Linear,Reference Temperature = 25 °C,,,,,,,,,,,OK,13-May-2024,10:35:52,Default,K,0.431,,cm⁻¹,,,,1,30000,µS/cm,29.0,mS/cm,23.3,,,,,,,,,,,,,,,,,,,,,,,,,,,,,,,°C,,,,,1715657057,1715596552,232782200041,,Interval,EndOfRecord
RD,pH,14-May-2024,3:24:17,Default,PHC301,SN 232262574574,Edited,Sample ID (67282),2.535,pH,25.3,°C,277.2,mV,,,,,,,,,,,,,,,OK,13-May-2024,10:33:59,Default,Slope,-58.76,99,mV/pH,14.6,mV,1.0000,3,4.00,pH,190.1,mV,23.2,7.01,pH,13.5,mV,23.1,10.03,pH,-161.9,mV,23.2,,,,,,,,,,,,,,,,,,,,,°C,,,,,1715657057,1715596439,232782200041,,Interval,EndOfRecord
RD,CD,14-May-2024,3:19:17,Default,CDC401,SN 181522588013,Edited,Sample ID (67281),75.3,mS/cm,25.0,°C,75.3,mS/cm,,,NaCl/Non-Linear,Reference Temperature = 25 °C,,,,,,,,,,,OK,13-May-2024,10:35:52,Default,K,0.431,,cm⁻¹,,,,1,30000,µS/cm,29.0,mS/cm,23.3,,,,,,,,,,,,,,,,,,,,,,,,,,,,,,,°C,,,,,1715656757,1715596552,232782200041,,Interval,EndOfRecord
RD,pH,14-May-2024,3:19:17,Default,PHC301,SN 232262574574,Edited,Sample ID (67281),2.533,pH,25.3,°C,277.2,mV,,,,,,,,,,,,,,,OK,13-May-2024,10:33:59,Default,Slope,-58.76,99,mV/pH,14.6,mV,1.0000,3,4.00,pH,190.1,mV,23.2,7.01,pH,13.5,mV,23.1,10.03,pH,-161.9,mV,23.2,,,,,,,,,,,,,,,,,,,,,°C,,,,,1715656757,1715596439,232782200041,,Interval,EndOfRecord
RD,CD,14-May-2024,3:14:18,Default,CDC401,SN 181522588013,Edited,Sample ID (67280),75.2,mS/cm,25.1,°C,75.3,mS/cm,,,NaCl/Non-Linear,Reference Temperature = 25 °C,,,,,,,,,,,OK,13-May-2024,10:35:52,Default,K,0.431,,cm⁻¹,,,,1,30000,µS/cm,29.0,mS/cm,23.3,,,,,,,,,,,,,,,,,,,,,,,,,,,,,,,°C,,,,,1715656458,1715596552,232782200041,,Interval,EndOfRecord
RD,pH,14-May-2024,3:14:18,Default,PHC301,SN 232262574574,Edited,Sample ID (67280),2.533,pH,25.1,°C,277.2,mV,,,,,,,,,,,,,,,OK,13-May-2024,10:33:59,Default,Slope,-58.76,99,mV/pH,14.6,mV,1.0000,3,4.00,pH,190.1,mV,23.2,7.01,pH,13.5,mV,23.1,10.03,pH,-161.9,mV,23.2,,,,,,,,,,,,,,,,,,,,,°C,,,,,1715656458,1715596439,232782200041,,Interval,EndOfRecord
RD,CD,14-May-2024,3:09:18,Default,CDC401,SN 181522588013,Edited,Sample ID (67279),75.2,mS/cm,25.0,°C,75.2,mS/cm,,,NaCl/Non-Linear,Reference Temperature = 25 °C,,,,,,,,,,,OK,13-May-2024,10:35:52,Default,K,0.431,,cm⁻¹,,,,1,30000,µS/cm,29.0,mS/cm,23.3,,,,,,,,,,,,,,,,,,,,,,,,,,,,,,,°C,,,,,1715656158,1715596552,232782200041,,Interval,EndOfRecord
RD,pH,14-May-2024,3:09:18,Default,PHC301,SN 232262574574,Edited,Sample ID (67279),2.532,pH,25.1,°C,277.2,mV,,,,,,,,,,,,,,,OK,13-May-2024,10:33:59,Default,Slope,-58.76,99,mV/pH,14.6,mV,1.0000,3,4.00,pH,190.1,mV,23.2,7.01,pH,13.5,mV,23.1,10.03,pH,-161.9,mV,23.2,,,,,,,,,,,,,,,,,,,,,°C,,,,,1715656158,1715596439,232782200041,,Interval,EndOfRecord
RD,CD,14-May-2024,3:04:17,Default,CDC401,SN 181522588013,Edited,Sample ID (67278),75.3,mS/cm,24.9,°C,75.1,mS/cm,,,NaCl/Non-Linear,Reference Temperature = 25 °C,,,,,,,,,,,OK,13-May-2024,10:35:52,Default,K,0.431,,cm⁻¹,,,,1,30000,µS/cm,29.0,mS/cm,23.3,,,,,,,,,,,,,,,,,,,,,,,,,,,,,,,°C,,,,,1715655857,1715596552,232782200041,,Interval,EndOfRecord
RD,pH,14-May-2024,3:04:17,Default,PHC301,SN 232262574574,Edited,Sample ID (67278),2.530,pH,25.0,°C,277.2,mV,,,,,,,,,,,,,,,OK,13-May-2024,10:33:59,Default,Slope,-58.76,99,mV/pH,14.6,mV,1.0000,3,4.00,pH,190.1,mV,23.2,7.01,pH,13.5,mV,23.1,10.03,pH,-161.9,mV,23.2,,,,,,,,,,,,,,,,,,,,,°C,,,,,1715655857,1715596439,232782200041,,Interval,EndOfRecord
RD,CD,14-May-2024,2:59:18,Default,CDC401,SN 181522588013,Edited,Sample ID (67277),75.3,mS/cm,24.8,°C,74.9,mS/cm,,,NaCl/Non-Linear,Reference Temperature = 25 °C,,,,,,,,,,,OK,13-May-2024,10:35:52,Default,K,0.431,,cm⁻¹,,,,1,30000,µS/cm,29.0,mS/cm,23.3,,,,,,,,,,,,,,,,,,,,,,,,,,,,,,,°C,,,,,1715655558,1715596552,232782200041,,Interval,EndOfRecord
RD,pH,14-May-2024,2:59:18,Default,PHC301,SN 232262574574,Edited,Sample ID (67277),2.530,pH,25.0,°C,277.2,mV,,,,,,,,,,,,,,,OK,13-May-2024,10:33:59,Default,Slope,-58.76,99,mV/pH,14.6,mV,1.0000,3,4.00,pH,190.1,mV,23.2,7.01,pH,13.5,mV,23.1,10.03,pH,-161.9,mV,23.2,,,,,,,,,,,,,,,,,,,,,°C,,,,,1715655558,1715596439,232782200041,,Interval,EndOfRecord
RD,CD,14-May-2024,2:54:17,Default,CDC401,SN 181522588013,Edited,Sample ID (67276),75.2,mS/cm,24.7,°C,74.8,mS/cm,,,NaCl/Non-Linear,Reference Temperature = 25 °C,,,,,,,,,,,OK,13-May-2024,10:35:52,Default,K,0.431,,cm⁻¹,,,,1,30000,µS/cm,29.0,mS/cm,23.3,,,,,,,,,,,,,,,,,,,,,,,,,,,,,,,°C,,,,,1715655257,1715596552,232782200041,,Interval,EndOfRecord
RD,pH,14-May-2024,2:54:17,Default,PHC301,SN 232262574574,Edited,Sample ID (67276),2.529,pH,24.8,°C,277.2,mV,,,,,,,,,,,,,,,OK,13-May-2024,10:33:59,Default,Slope,-58.76,99,mV/pH,14.6,mV,1.0000,3,4.00,pH,190.1,mV,23.2,7.01,pH,13.5,mV,23.1,10.03,pH,-161.9,mV,23.2,,,,,,,,,,,,,,,,,,,,,°C,,,,,1715655257,1715596439,232782200041,,Interval,EndOfRecord
RD,CD,14-May-2024,2:49:18,Default,CDC401,SN 181522588013,Edited,Sample ID (67275),75.3,mS/cm,24.6,°C,74.7,mS/cm,,,NaCl/Non-Linear,Reference Temperature = 25 °C,,,,,,,,,,,OK,13-May-2024,10:35:52,Default,K,0.431,,cm⁻¹,,,,1,30000,µS/cm,29.0,mS/cm,23.3,,,,,,,,,,,,,,,,,,,,,,,,,,,,,,,°C,,,,,1715654958,1715596552,232782200041,,Interval,EndOfRecord
RD,pH,14-May-2024,2:49:18,Default,PHC301,SN 232262574574,Edited,Sample ID (67275),2.528,pH,24.8,°C,277.2,mV,,,,,,,,,,,,,,,OK,13-May-2024,10:33:59,Default,Slope,-58.76,99,mV/pH,14.6,mV,1.0000,3,4.00,pH,190.1,mV,23.2,7.01,pH,13.5,mV,23.1,10.03,pH,-161.9,mV,23.2,,,,,,,,,,,,,,,,,,,,,°C,,,,,1715654958,1715596439,232782200041,,Interval,EndOfRecord
RD,CD,14-May-2024,2:44:18,Default,CDC401,SN 181522588013,Edited,Sample ID (67274),75.3,mS/cm,24.6,°C,74.6,mS/cm,,,NaCl/Non-Linear,Reference Temperature = 25 °C,,,,,,,,,,,OK,13-May-2024,10:35:52,Default,K,0.431,,cm⁻¹,,,,1,30000,µS/cm,29.0,mS/cm,23.3,,,,,,,,,,,,,,,,,,,,,,,,,,,,,,,°C,,,,,1715654658,1715596552,232782200041,,Interval,EndOfRecord
RD,pH,14-May-2024,2:44:18,Default,PHC301,SN 232262574574,Edited,Sample ID (67274),2.527,pH,24.7,°C,277.2,mV,,,,,,,,,,,,,,,OK,13-May-2024,10:33:59,Default,Slope,-58.76,99,mV/pH,14.6,mV,1.0000,3,4.00,pH,190.1,mV,23.2,7.01,pH,13.5,mV,23.1,10.03,pH,-161.9,mV,23.2,,,,,,,,,,,,,,,,,,,,,°C,,,,,1715654658,1715596439,232782200041,,Interval,EndOfRecord
RD,CD,14-May-2024,2:39:18,Default,CDC401,SN 181522588013,Edited,Sample ID (67273),75.2,mS/cm,24.5,°C,74.5,mS/cm,,,NaCl/Non-Linear,Reference Temperature = 25 °C,,,,,,,,,,,OK,13-May-2024,10:35:52,Default,K,0.431,,cm⁻¹,,,,1,30000,µS/cm,29.0,mS/cm,23.3,,,,,,,,,,,,,,,,,,,,,,,,,,,,,,,°C,,,,,1715654358,1715596552,232782200041,,Interval,EndOfRecord
RD,pH,14-May-2024,2:39:18,Default,PHC301,SN 232262574574,Edited,Sample ID (67273),2.525,pH,24.7,°C,277.2,mV,,,,,,,,,,,,,,,OK,13-May-2024,10:33:59,Default,Slope,-58.76,99,mV/pH,14.6,mV,1.0000,3,4.00,pH,190.1,mV,23.2,7.01,pH,13.5,mV,23.1,10.03,pH,-161.9,mV,23.2,,,,,,,,,,,,,,,,,,,,,°C,,,,,1715654358,1715596439,232782200041,,Interval,EndOfRecord
RD,CD,14-May-2024,2:34:17,Default,CDC401,SN 181522588013,Edited,Sample ID (67272),75.3,mS/cm,24.4,°C,74.4,mS/cm,,,NaCl/Non-Linear,Reference Temperature = 25 °C,,,,,,,,,,,OK,13-May-2024,10:35:52,Default,K,0.431,,cm⁻¹,,,,1,30000,µS/cm,29.0,mS/cm,23.3,,,,,,,,,,,,,,,,,,,,,,,,,,,,,,,°C,,,,,1715654057,1715596552,232782200041,,Interval,EndOfRecord
RD,pH,14-May-2024,2:34:17,Default,PHC301,SN 232262574574,Edited,Sample ID (67272),2.525,pH,24.5,°C,277.2,mV,,,,,,,,,,,,,,,OK,13-May-2024,10:33:59,Default,Slope,-58.76,99,mV/pH,14.6,mV,1.0000,3,4.00,pH,190.1,mV,23.2,7.01,pH,13.5,mV,23.1,10.03,pH,-161.9,mV,23.2,,,,,,,,,,,,,,,,,,,,,°C,,,,,1715654057,1715596439,232782200041,,Interval,EndOfRecord
RD,CD,14-May-2024,2:29:18,Default,CDC401,SN 181522588013,Edited,Sample ID (67271),75.2,mS/cm,24.3,°C,74.2,mS/cm,,,NaCl/Non-Linear,Reference Temperature = 25 °C,,,,,,,,,,,OK,13-May-2024,10:35:52,Default,K,0.431,,cm⁻¹,,,,1,30000,µS/cm,29.0,mS/cm,23.3,,,,,,,,,,,,,,,,,,,,,,,,,,,,,,,°C,,,,,1715653758,1715596552,232782200041,,Interval,EndOfRecord
RD,pH,14-May-2024,2:29:18,Default,PHC301,SN 232262574574,Edited,Sample ID (67271),2.523,pH,24.5,°C,277.2,mV,,,,,,,,,,,,,,,OK,13-May-2024,10:33:59,Default,Slope,-58.76,99,mV/pH,14.6,mV,1.0000,3,4.00,pH,190.1,mV,23.2,7.01,pH,13.5,mV,23.1,10.03,pH,-161.9,mV,23.2,,,,,,,,,,,,,,,,,,,,,°C,,,,,1715653758,1715596439,232782200041,,Interval,EndOfRecord
RD,CD,14-May-2024,2:24:19,Default,CDC401,SN 181522588013,Edited,Sample ID (67270),75.2,mS/cm,24.2,°C,74.1,mS/cm,,,NaCl/Non-Linear,Reference Temperature = 25 °C,,,,,,,,,,,OK,13-May-2024,10:35:52,Default,K,0.431,,cm⁻¹,,,,1,30000,µS/cm,29.0,mS/cm,23.3,,,,,,,,,,,,,,,,,,,,,,,,,,,,,,,°C,,,,,1715653459,1715596552,232782200041,,Interval,EndOfRecord
RD,pH,14-May-2024,2:24:19,Default,PHC301,SN 232262574574,Edited,Sample ID (67270),2.521,pH,24.3,°C,277.3,mV,,,,,,,,,,,,,,,OK,13-May-2024,10:33:59,Default,Slope,-58.76,99,mV/pH,14.6,mV,1.0000,3,4.00,pH,190.1,mV,23.2,7.01,pH,13.5,mV,23.1,10.03,pH,-161.9,mV,23.2,,,,,,,,,,,,,,,,,,,,,°C,,,,,1715653459,1715596439,232782200041,,Interval,EndOfRecord
RD,CD,14-May-2024,2:19:18,Default,CDC401,SN 181522588013,Edited,Sample ID (67269),75.2,mS/cm,24.2,°C,74.1,mS/cm,,,NaCl/Non-Linear,Reference Temperature = 25 °C,,,,,,,,,,,OK,13-May-2024,10:35:52,Default,K,0.431,,cm⁻¹,,,,1,30000,µS/cm,29.0,mS/cm,23.3,,,,,,,,,,,,,,,,,,,,,,,,,,,,,,,°C,,,,,1715653158,1715596552,232782200041,,Interval,EndOfRecord
RD,pH,14-May-2024,2:19:18,Default,PHC301,SN 232262574574,Edited,Sample ID (67269),2.521,pH,24.3,°C,277.3,mV,,,,,,,,,,,,,,,OK,13-May-2024,10:33:59,Default,Slope,-58.76,99,mV/pH,14.6,mV,1.0000,3,4.00,pH,190.1,mV,23.2,7.01,pH,13.5,mV,23.1,10.03,pH,-161.9,mV,23.2,,,,,,,,,,,,,,,,,,,,,°C,,,,,1715653158,1715596439,232782200041,,Interval,EndOfRecord
RD,CD,14-May-2024,2:14:18,Default,CDC401,SN 181522588013,Edited,Sample ID (67268),75.3,mS/cm,24.2,°C,74.1,mS/cm,,,NaCl/Non-Linear,Reference Temperature = 25 °C,,,,,,,,,,,OK,13-May-2024,10:35:52,Default,K,0.431,,cm⁻¹,,,,1,30000,µS/cm,29.0,mS/cm,23.3,,,,,,,,,,,,,,,,,,,,,,,,,,,,,,,°C,,,,,1715652858,1715596552,232782200041,,Interval,EndOfRecord
RD,pH,14-May-2024,2:14:18,Default,PHC301,SN 232262574574,Edited,Sample ID (67268),2.519,pH,24.3,°C,277.3,mV,,,,,,,,,,,,,,,OK,13-May-2024,10:33:59,Default,Slope,-58.76,99,mV/pH,14.6,mV,1.0000,3,4.00,pH,190.1,mV,23.2,7.01,pH,13.5,mV,23.1,10.03,pH,-161.9,mV,23.2,,,,,,,,,,,,,,,,,,,,,°C,,,,,1715652858,1715596439,232782200041,,Interval,EndOfRecord
RD,CD,14-May-2024,2:09:18,Default,CDC401,SN 181522588013,Edited,Sample ID (67267),75.2,mS/cm,24.2,°C,74.0,mS/cm,,,NaCl/Non-Linear,Reference Temperature = 25 °C,,,,,,,,,,,OK,13-May-2024,10:35:52,Default,K,0.431,,cm⁻¹,,,,1,30000,µS/cm,29.0,mS/cm,23.3,,,,,,,,,,,,,,,,,,,,,,,,,,,,,,,°C,,,,,1715652558,1715596552,232782200041,,Interval,EndOfRecord
RD,pH,14-May-2024,2:09:18,Default,PHC301,SN 232262574574,Edited,Sample ID (67267),2.519,pH,24.3,°C,277.3,mV,,,,,,,,,,,,,,,OK,13-May-2024,10:33:59,Default,Slope,-58.76,99,mV/pH,14.6,mV,1.0000,3,4.00,pH,190.1,mV,23.2,7.01,pH,13.5,mV,23.1,10.03,pH,-161.9,mV,23.2,,,,,,,,,,,,,,,,,,,,,°C,,,,,1715652558,1715596439,232782200041,,Interval,EndOfRecord
RD,CD,14-May-2024,2:04:18,Default,CDC401,SN 181522588013,Edited,Sample ID (67266),75.3,mS/cm,24.1,°C,74.0,mS/cm,,,NaCl/Non-Linear,Reference Temperature = 25 °C,,,,,,,,,,,OK,13-May-2024,10:35:52,Default,K,0.431,,cm⁻¹,,,,1,30000,µS/cm,29.0,mS/cm,23.3,,,,,,,,,,,,,,,,,,,,,,,,,,,,,,,°C,,,,,1715652258,1715596552,232782200041,,Interval,EndOfRecord
RD,pH,14-May-2024,2:04:18,Default,PHC301,SN 232262574574,Edited,Sample ID (67266),2.519,pH,24.2,°C,277.3,mV,,,,,,,,,,,,,,,OK,13-May-2024,10:33:59,Default,Slope,-58.76,99,mV/pH,14.6,mV,1.0000,3,4.00,pH,190.1,mV,23.2,7.01,pH,13.5,mV,23.1,10.03,pH,-161.9,mV,23.2,,,,,,,,,,,,,,,,,,,,,°C,,,,,1715652258,1715596439,232782200041,,Interval,EndOfRecord
RD,CD,14-May-2024,1:59:18,Default,CDC401,SN 181522588013,Edited,Sample ID (67265),75.3,mS/cm,24.1,°C,74.0,mS/cm,,,NaCl/Non-Linear,Reference Temperature = 25 °C,,,,,,,,,,,OK,13-May-2024,10:35:52,Default,K,0.431,,cm⁻¹,,,,1,30000,µS/cm,29.0,mS/cm,23.3,,,,,,,,,,,,,,,,,,,,,,,,,,,,,,,°C,,,,,1715651958,1715596552,232782200041,,Interval,EndOfRecord
RD,pH,14-May-2024,1:59:18,Default,PHC301,SN 232262574574,Edited,Sample ID (67265),2.519,pH,24.2,°C,277.3,mV,,,,,,,,,,,,,,,OK,13-May-2024,10:33:59,Default,Slope,-58.76,99,mV/pH,14.6,mV,1.0000,3,4.00,pH,190.1,mV,23.2,7.01,pH,13.5,mV,23.1,10.03,pH,-161.9,mV,23.2,,,,,,,,,,,,,,,,,,,,,°C,,,,,1715651958,1715596439,232782200041,,Interval,EndOfRecord
RD,CD,14-May-2024,1:54:18,Default,CDC401,SN 181522588013,Edited,Sample ID (67264),75.3,mS/cm,24.1,°C,73.9,mS/cm,,,NaCl/Non-Linear,Reference Temperature = 25 °C,,,,,,,,,,,OK,13-May-2024,10:35:52,Default,K,0.431,,cm⁻¹,,,,1,30000,µS/cm,29.0,mS/cm,23.3,,,,,,,,,,,,,,,,,,,,,,,,,,,,,,,°C,,,,,1715651658,1715596552,232782200041,,Interval,EndOfRecord
RD,pH,14-May-2024,1:54:18,Default,PHC301,SN 232262574574,Edited,Sample ID (67264),2.519,pH,24.2,°C,277.3,mV,,,,,,,,,,,,,,,OK,13-May-2024,10:33:59,Default,Slope,-58.76,99,mV/pH,14.6,mV,1.0000,3,4.00,pH,190.1,mV,23.2,7.01,pH,13.5,mV,23.1,10.03,pH,-161.9,mV,23.2,,,,,,,,,,,,,,,,,,,,,°C,,,,,1715651658,1715596439,232782200041,,Interval,EndOfRecord
RD,CD,14-May-2024,1:49:18,Default,CDC401,SN 181522588013,Edited,Sample ID (67263),75.3,mS/cm,24.1,°C,73.9,mS/cm,,,NaCl/Non-Linear,Reference Temperature = 25 °C,,,,,,,,,,,OK,13-May-2024,10:35:52,Default,K,0.431,,cm⁻¹,,,,1,30000,µS/cm,29.0,mS/cm,23.3,,,,,,,,,,,,,,,,,,,,,,,,,,,,,,,°C,,,,,1715651358,1715596552,232782200041,,Interval,EndOfRecord
RD,pH,14-May-2024,1:49:18,Default,PHC301,SN 232262574574,Edited,Sample ID (67263),2.518,pH,24.2,°C,277.3,mV,,,,,,,,,,,,,,,OK,13-May-2024,10:33:59,Default,Slope,-58.76,99,mV/pH,14.6,mV,1.0000,3,4.00,pH,190.1,mV,23.2,7.01,pH,13.5,mV,23.1,10.03,pH,-161.9,mV,23.2,,,,,,,,,,,,,,,,,,,,,°C,,,,,1715651358,1715596439,232782200041,,Interval,EndOfRecord
RD,CD,14-May-2024,1:44:17,Default,CDC401,SN 181522588013,Edited,Sample ID (67262),75.3,mS/cm,24.1,°C,73.9,mS/cm,,,NaCl/Non-Linear,Reference Temperature = 25 °C,,,,,,,,,,,OK,13-May-2024,10:35:52,Default,K,0.431,,cm⁻¹,,,,1,30000,µS/cm,29.0,mS/cm,23.3,,,,,,,,,,,,,,,,,,,,,,,,,,,,,,,°C,,,,,1715651057,1715596552,232782200041,,Interval,EndOfRecord
RD,pH,14-May-2024,1:44:17,Default,PHC301,SN 232262574574,Edited,Sample ID (67262),2.518,pH,24.2,°C,277.3,mV,,,,,,,,,,,,,,,OK,13-May-2024,10:33:59,Default,Slope,-58.76,99,mV/pH,14.6,mV,1.0000,3,4.00,pH,190.1,mV,23.2,7.01,pH,13.5,mV,23.1,10.03,pH,-161.9,mV,23.2,,,,,,,,,,,,,,,,,,,,,°C,,,,,1715651057,1715596439,232782200041,,Interval,EndOfRecord
RD,CD,14-May-2024,1:39:18,Default,CDC401,SN 181522588013,Edited,Sample ID (67261),75.3,mS/cm,24.0,°C,73.8,mS/cm,,,NaCl/Non-Linear,Reference Temperature = 25 °C,,,,,,,,,,,OK,13-May-2024,10:35:52,Default,K,0.431,,cm⁻¹,,,,1,30000,µS/cm,29.0,mS/cm,23.3,,,,,,,,,,,,,,,,,,,,,,,,,,,,,,,°C,,,,,1715650758,1715596552,232782200041,,Interval,EndOfRecord
RD,pH,14-May-2024,1:39:18,Default,PHC301,SN 232262574574,Edited,Sample ID (67261),2.518,pH,24.2,°C,277.3,mV,,,,,,,,,,,,,,,OK,13-May-2024,10:33:59,Default,Slope,-58.76,99,mV/pH,14.6,mV,1.0000,3,4.00,pH,190.1,mV,23.2,7.01,pH,13.5,mV,23.1,10.03,pH,-161.9,mV,23.2,,,,,,,,,,,,,,,,,,,,,°C,,,,,1715650758,1715596439,232782200041,,Interval,EndOfRecord
RD,CD,14-May-2024,1:34:17,Default,CDC401,SN 181522588013,Edited,Sample ID (67260),75.3,mS/cm,24.0,°C,73.9,mS/cm,,,NaCl/Non-Linear,Reference Temperature = 25 °C,,,,,,,,,,,OK,13-May-2024,10:35:52,Default,K,0.431,,cm⁻¹,,,,1,30000,µS/cm,29.0,mS/cm,23.3,,,,,,,,,,,,,,,,,,,,,,,,,,,,,,,°C,,,,,1715650457,1715596552,232782200041,,Interval,EndOfRecord
RD,pH,14-May-2024,1:34:17,Default,PHC301,SN 232262574574,Edited,Sample ID (67260),2.518,pH,24.1,°C,277.3,mV,,,,,,,,,,,,,,,OK,13-May-2024,10:33:59,Default,Slope,-58.76,99,mV/pH,14.6,mV,1.0000,3,4.00,pH,190.1,mV,23.2,7.01,pH,13.5,mV,23.1,10.03,pH,-161.9,mV,23.2,,,,,,,,,,,,,,,,,,,,,°C,,,,,1715650457,1715596439,232782200041,,Interval,EndOfRecord
RD,CD,14-May-2024,1:29:18,Default,CDC401,SN 181522588013,Edited,Sample ID (67259),75.3,mS/cm,24.0,°C,73.8,mS/cm,,,NaCl/Non-Linear,Reference Temperature = 25 °C,,,,,,,,,,,OK,13-May-2024,10:35:52,Default,K,0.431,,cm⁻¹,,,,1,30000,µS/cm,29.0,mS/cm,23.3,,,,,,,,,,,,,,,,,,,,,,,,,,,,,,,°C,,,,,1715650158,1715596552,232782200041,,Interval,EndOfRecord
RD,pH,14-May-2024,1:29:18,Default,PHC301,SN 232262574574,Edited,Sample ID (67259),2.518,pH,24.1,°C,277.3,mV,,,,,,,,,,,,,,,OK,13-May-2024,10:33:59,Default,Slope,-58.76,99,mV/pH,14.6,mV,1.0000,3,4.00,pH,190.1,mV,23.2,7.01,pH,13.5,mV,23.1,10.03,pH,-161.9,mV,23.2,,,,,,,,,,,,,,,,,,,,,°C,,,,,1715650158,1715596439,232782200041,,Interval,EndOfRecord
RD,CD,14-May-2024,1:24:18,Default,CDC401,SN 181522588013,Edited,Sample ID (67258),75.3,mS/cm,24.0,°C,73.8,mS/cm,,,NaCl/Non-Linear,Reference Temperature = 25 °C,,,,,,,,,,,OK,13-May-2024,10:35:52,Default,K,0.431,,cm⁻¹,,,,1,30000,µS/cm,29.0,mS/cm,23.3,,,,,,,,,,,,,,,,,,,,,,,,,,,,,,,°C,,,,,1715649858,1715596552,232782200041,,Interval,EndOfRecord
RD,pH,14-May-2024,1:24:18,Default,PHC301,SN 232262574574,Edited,Sample ID (67258),2.516,pH,24.1,°C,277.3,mV,,,,,,,,,,,,,,,OK,13-May-2024,10:33:59,Default,Slope,-58.76,99,mV/pH,14.6,mV,1.0000,3,4.00,pH,190.1,mV,23.2,7.01,pH,13.5,mV,23.1,10.03,pH,-161.9,mV,23.2,,,,,,,,,,,,,,,,,,,,,°C,,,,,1715649858,1715596439,232782200041,,Interval,EndOfRecord
RD,CD,14-May-2024,1:19:18,Default,CDC401,SN 181522588013,Edited,Sample ID (67257),75.2,mS/cm,24.0,°C,73.6,mS/cm,,,NaCl/Non-Linear,Reference Temperature = 25 °C,,,,,,,,,,,OK,13-May-2024,10:35:52,Default,K,0.431,,cm⁻¹,,,,1,30000,µS/cm,29.0,mS/cm,23.3,,,,,,,,,,,,,,,,,,,,,,,,,,,,,,,°C,,,,,1715649558,1715596552,232782200041,,Interval,EndOfRecord
RD,pH,14-May-2024,1:19:18,Default,PHC301,SN 232262574574,Edited,Sample ID (67257),2.516,pH,24.1,°C,277.3,mV,,,,,,,,,,,,,,,OK,13-May-2024,10:33:59,Default,Slope,-58.76,99,mV/pH,14.6,mV,1.0000,3,4.00,pH,190.1,mV,23.2,7.01,pH,13.5,mV,23.1,10.03,pH,-161.9,mV,23.2,,,,,,,,,,,,,,,,,,,,,°C,,,,,1715649558,1715596439,232782200041,,Interval,EndOfRecord
RD,CD,14-May-2024,1:14:18,Default,CDC401,SN 181522588013,Edited,Sample ID (67256),75.3,mS/cm,23.9,°C,73.7,mS/cm,,,NaCl/Non-Linear,Reference Temperature = 25 °C,,,,,,,,,,,OK,13-May-2024,10:35:52,Default,K,0.431,,cm⁻¹,,,,1,30000,µS/cm,29.0,mS/cm,23.3,,,,,,,,,,,,,,,,,,,,,,,,,,,,,,,°C,,,,,1715649258,1715596552,232782200041,,Interval,EndOfRecord
RD,pH,14-May-2024,1:14:18,Default,PHC301,SN 232262574574,Edited,Sample ID (67256),2.518,pH,24.1,°C,277.2,mV,,,,,,,,,,,,,,,OK,13-May-2024,10:33:59,Default,Slope,-58.76,99,mV/pH,14.6,mV,1.0000,3,4.00,pH,190.1,mV,23.2,7.01,pH,13.5,mV,23.1,10.03,pH,-161.9,mV,23.2,,,,,,,,,,,,,,,,,,,,,°C,,,,,1715649258,1715596439,232782200041,,Interval,EndOfRecord
RD,CD,14-May-2024,1:09:17,Default,CDC401,SN 181522588013,Edited,Sample ID (67255),75.4,mS/cm,23.9,°C,73.7,mS/cm,,,NaCl/Non-Linear,Reference Temperature = 25 °C,,,,,,,,,,,OK,13-May-2024,10:35:52,Default,K,0.431,,cm⁻¹,,,,1,30000,µS/cm,29.0,mS/cm,23.3,,,,,,,,,,,,,,,,,,,,,,,,,,,,,,,°C,,,,,1715648957,1715596552,232782200041,,Interval,EndOfRecord
RD,pH,14-May-2024,1:09:17,Default,PHC301,SN 232262574574,Edited,Sample ID (67255),2.516,pH,24.1,°C,277.2,mV,,,,,,,,,,,,,,,OK,13-May-2024,10:33:59,Default,Slope,-58.76,99,mV/pH,14.6,mV,1.0000,3,4.00,pH,190.1,mV,23.2,7.01,pH,13.5,mV,23.1,10.03,pH,-161.9,mV,23.2,,,,,,,,,,,,,,,,,,,,,°C,,,,,1715648957,1715596439,232782200041,,Interval,EndOfRecord
RD,CD,14-May-2024,1:04:18,Default,CDC401,SN 181522588013,Edited,Sample ID (67254),75.3,mS/cm,23.9,°C,73.7,mS/cm,,,NaCl/Non-Linear,Reference Temperature = 25 °C,,,,,,,,,,,OK,13-May-2024,10:35:52,Default,K,0.431,,cm⁻¹,,,,1,30000,µS/cm,29.0,mS/cm,23.3,,,,,,,,,,,,,,,,,,,,,,,,,,,,,,,°C,,,,,1715648658,1715596552,232782200041,,Interval,EndOfRecord
RD,pH,14-May-2024,1:04:18,Default,PHC301,SN 232262574574,Edited,Sample ID (67254),2.516,pH,24.1,°C,277.2,mV,,,,,,,,,,,,,,,OK,13-May-2024,10:33:59,Default,Slope,-58.76,99,mV/pH,14.6,mV,1.0000,3,4.00,pH,190.1,mV,23.2,7.01,pH,13.5,mV,23.1,10.03,pH,-161.9,mV,23.2,,,,,,,,,,,,,,,,,,,,,°C,,,,,1715648658,1715596439,232782200041,,Interval,EndOfRecord
RD,CD,14-May-2024,0:59:18,Default,CDC401,SN 181522588013,Edited,Sample ID (67253),75.3,mS/cm,23.9,°C,73.6,mS/cm,,,NaCl/Non-Linear,Reference Temperature = 25 °C,,,,,,,,,,,OK,13-May-2024,10:35:52,Default,K,0.431,,cm⁻¹,,,,1,30000,µS/cm,29.0,mS/cm,23.3,,,,,,,,,,,,,,,,,,,,,,,,,,,,,,,°C,,,,,1715648358,1715596552,232782200041,,Interval,EndOfRecord
RD,pH,14-May-2024,0:59:18,Default,PHC301,SN 232262574574,Edited,Sample ID (67253),2.516,pH,24.0,°C,277.2,mV,,,,,,,,,,,,,,,OK,13-May-2024,10:33:59,Default,Slope,-58.76,99,mV/pH,14.6,mV,1.0000,3,4.00,pH,190.1,mV,23.2,7.01,pH,13.5,mV,23.1,10.03,pH,-161.9,mV,23.2,,,,,,,,,,,,,,,,,,,,,°C,,,,,1715648358,1715596439,232782200041,,Interval,EndOfRecord
RD,CD,14-May-2024,0:54:18,Default,CDC401,SN 181522588013,Edited,Sample ID (67252),75.4,mS/cm,23.9,°C,73.7,mS/cm,,,NaCl/Non-Linear,Reference Temperature = 25 °C,,,,,,,,,,,OK,13-May-2024,10:35:52,Default,K,0.431,,cm⁻¹,,,,1,30000,µS/cm,29.0,mS/cm,23.3,,,,,,,,,,,,,,,,,,,,,,,,,,,,,,,°C,,,,,1715648058,1715596552,232782200041,,Interval,EndOfRecord
RD,pH,14-May-2024,0:54:18,Default,PHC301,SN 232262574574,Edited,Sample ID (67252),2.516,pH,24.0,°C,277.2,mV,,,,,,,,,,,,,,,OK,13-May-2024,10:33:59,Default,Slope,-58.76,99,mV/pH,14.6,mV,1.0000,3,4.00,pH,190.1,mV,23.2,7.01,pH,13.5,mV,23.1,10.03,pH,-161.9,mV,23.2,,,,,,,,,,,,,,,,,,,,,°C,,,,,1715648058,1715596439,232782200041,,Interval,EndOfRecord
RD,CD,14-May-2024,0:49:18,Default,CDC401,SN 181522588013,Edited,Sample ID (67251),75.3,mS/cm,23.9,°C,73.6,mS/cm,,,NaCl/Non-Linear,Reference Temperature = 25 °C,,,,,,,,,,,OK,13-May-2024,10:35:52,Default,K,0.431,,cm⁻¹,,,,1,30000,µS/cm,29.0,mS/cm,23.3,,,,,,,,,,,,,,,,,,,,,,,,,,,,,,,°C,,,,,1715647758,1715596552,232782200041,,Interval,EndOfRecord
RD,pH,14-May-2024,0:49:18,Default,PHC301,SN 232262574574,Edited,Sample ID (67251),2.516,pH,24.0,°C,277.2,mV,,,,,,,,,,,,,,,OK,13-May-2024,10:33:59,Default,Slope,-58.76,99,mV/pH,14.6,mV,1.0000,3,4.00,pH,190.1,mV,23.2,7.01,pH,13.5,mV,23.1,10.03,pH,-161.9,mV,23.2,,,,,,,,,,,,,,,,,,,,,°C,,,,,1715647758,1715596439,232782200041,,Interval,EndOfRecord
RD,CD,14-May-2024,0:44:18,Default,CDC401,SN 181522588013,Edited,Sample ID (67250),75.4,mS/cm,23.8,°C,73.6,mS/cm,,,NaCl/Non-Linear,Reference Temperature = 25 °C,,,,,,,,,,,OK,13-May-2024,10:35:52,Default,K,0.431,,cm⁻¹,,,,1,30000,µS/cm,29.0,mS/cm,23.3,,,,,,,,,,,,,,,,,,,,,,,,,,,,,,,°C,,,,,1715647458,1715596552,232782200041,,Interval,EndOfRecord
RD,pH,14-May-2024,0:44:18,Default,PHC301,SN 232262574574,Edited,Sample ID (67250),2.515,pH,24.0,°C,277.2,mV,,,,,,,,,,,,,,,OK,13-May-2024,10:33:59,Default,Slope,-58.76,99,mV/pH,14.6,mV,1.0000,3,4.00,pH,190.1,mV,23.2,7.01,pH,13.5,mV,23.1,10.03,pH,-161.9,mV,23.2,,,,,,,,,,,,,,,,,,,,,°C,,,,,1715647458,1715596439,232782200041,,Interval,EndOfRecord
RD,CD,14-May-2024,0:39:18,Default,CDC401,SN 181522588013,Edited,Sample ID (67249),75.3,mS/cm,23.8,°C,73.5,mS/cm,,,NaCl/Non-Linear,Reference Temperature = 25 °C,,,,,,,,,,,OK,13-May-2024,10:35:52,Default,K,0.431,,cm⁻¹,,,,1,30000,µS/cm,29.0,mS/cm,23.3,,,,,,,,,,,,,,,,,,,,,,,,,,,,,,,°C,,,,,1715647158,1715596552,232782200041,,Interval,EndOfRecord
RD,pH,14-May-2024,0:39:18,Default,PHC301,SN 232262574574,Edited,Sample ID (67249),2.515,pH,23.9,°C,277.2,mV,,,,,,,,,,,,,,,OK,13-May-2024,10:33:59,Default,Slope,-58.76,99,mV/pH,14.6,mV,1.0000,3,4.00,pH,190.1,mV,23.2,7.01,pH,13.5,mV,23.1,10.03,pH,-161.9,mV,23.2,,,,,,,,,,,,,,,,,,,,,°C,,,,,1715647158,1715596439,232782200041,,Interval,EndOfRecord
RD,CD,14-May-2024,0:34:18,Default,CDC401,SN 181522588013,Edited,Sample ID (67248),75.4,mS/cm,23.7,°C,73.5,mS/cm,,,NaCl/Non-Linear,Reference Temperature = 25 °C,,,,,,,,,,,OK,13-May-2024,10:35:52,Default,K,0.431,,cm⁻¹,,,,1,30000,µS/cm,29.0,mS/cm,23.3,,,,,,,,,,,,,,,,,,,,,,,,,,,,,,,°C,,,,,1715646858,1715596552,232782200041,,Interval,EndOfRecord
RD,pH,14-May-2024,0:34:18,Default,PHC301,SN 232262574574,Edited,Sample ID (67248),2.515,pH,23.9,°C,277.2,mV,,,,,,,,,,,,,,,OK,13-May-2024,10:33:59,Default,Slope,-58.76,99,mV/pH,14.6,mV,1.0000,3,4.00,pH,190.1,mV,23.2,7.01,pH,13.5,mV,23.1,10.03,pH,-161.9,mV,23.2,,,,,,,,,,,,,,,,,,,,,°C,,,,,1715646858,1715596439,232782200041,,Interval,EndOfRecord
RD,CD,14-May-2024,0:29:17,Default,CDC401,SN 181522588013,Edited,Sample ID (67247),75.4,mS/cm,23.7,°C,73.5,mS/cm,,,NaCl/Non-Linear,Reference Temperature = 25 °C,,,,,,,,,,,OK,13-May-2024,10:35:52,Default,K,0.431,,cm⁻¹,,,,1,30000,µS/cm,29.0,mS/cm,23.3,,,,,,,,,,,,,,,,,,,,,,,,,,,,,,,°C,,,,,1715646557,1715596552,232782200041,,Interval,EndOfRecord
RD,pH,14-May-2024,0:29:17,Default,PHC301,SN 232262574574,Edited,Sample ID (67247),2.515,pH,23.9,°C,277.2,mV,,,,,,,,,,,,,,,OK,13-May-2024,10:33:59,Default,Slope,-58.76,99,mV/pH,14.6,mV,1.0000,3,4.00,pH,190.1,mV,23.2,7.01,pH,13.5,mV,23.1,10.03,pH,-161.9,mV,23.2,,,,,,,,,,,,,,,,,,,,,°C,,,,,1715646557,1715596439,232782200041,,Interval,EndOfRecord
RD,CD,14-May-2024,0:24:17,Default,CDC401,SN 181522588013,Edited,Sample ID (67246),75.3,mS/cm,23.7,°C,73.4,mS/cm,,,NaCl/Non-Linear,Reference Temperature = 25 °C,,,,,,,,,,,OK,13-May-2024,10:35:52,Default,K,0.431,,cm⁻¹,,,,1,30000,µS/cm,29.0,mS/cm,23.3,,,,,,,,,,,,,,,,,,,,,,,,,,,,,,,°C,,,,,1715646257,1715596552,232782200041,,Interval,EndOfRecord
RD,pH,14-May-2024,0:24:17,Default,PHC301,SN 232262574574,Edited,Sample ID (67246),2.515,pH,23.8,°C,277.2,mV,,,,,,,,,,,,,,,OK,13-May-2024,10:33:59,Default,Slope,-58.76,99,mV/pH,14.6,mV,1.0000,3,4.00,pH,190.1,mV,23.2,7.01,pH,13.5,mV,23.1,10.03,pH,-161.9,mV,23.2,,,,,,,,,,,,,,,,,,,,,°C,,,,,1715646257,1715596439,232782200041,,Interval,EndOfRecord
RD,CD,14-May-2024,0:19:19,Default,CDC401,SN 181522588013,Edited,Sample ID (67245),75.4,mS/cm,23.7,°C,73.4,mS/cm,,,NaCl/Non-Linear,Reference Temperature = 25 °C,,,,,,,,,,,OK,13-May-2024,10:35:52,Default,K,0.431,,cm⁻¹,,,,1,30000,µS/cm,29.0,mS/cm,23.3,,,,,,,,,,,,,,,,,,,,,,,,,,,,,,,°C,,,,,1715645959,1715596552,232782200041,,Interval,EndOfRecord
RD,pH,14-May-2024,0:19:19,Default,PHC301,SN 232262574574,Edited,Sample ID (67245),2.515,pH,23.8,°C,277.2,mV,,,,,,,,,,,,,,,OK,13-May-2024,10:33:59,Default,Slope,-58.76,99,mV/pH,14.6,mV,1.0000,3,4.00,pH,190.1,mV,23.2,7.01,pH,13.5,mV,23.1,10.03,pH,-161.9,mV,23.2,,,,,,,,,,,,,,,,,,,,,°C,,,,,1715645959,1715596439,232782200041,,Interval,EndOfRecord
RD,CD,14-May-2024,0:14:19,Default,CDC401,SN 181522588013,Edited,Sample ID (67244),75.4,mS/cm,23.7,°C,73.4,mS/cm,,,NaCl/Non-Linear,Reference Temperature = 25 °C,,,,,,,,,,,OK,13-May-2024,10:35:52,Default,K,0.431,,cm⁻¹,,,,1,30000,µS/cm,29.0,mS/cm,23.3,,,,,,,,,,,,,,,,,,,,,,,,,,,,,,,°C,,,,,1715645659,1715596552,232782200041,,Interval,EndOfRecord
RD,pH,14-May-2024,0:14:19,Default,PHC301,SN 232262574574,Edited,Sample ID (67244),2.515,pH,23.8,°C,277.1,mV,,,,,,,,,,,,,,,OK,13-May-2024,10:33:59,Default,Slope,-58.76,99,mV/pH,14.6,mV,1.0000,3,4.00,pH,190.1,mV,23.2,7.01,pH,13.5,mV,23.1,10.03,pH,-161.9,mV,23.2,,,,,,,,,,,,,,,,,,,,,°C,,,,,1715645659,1715596439,232782200041,,Interval,EndOfRecord
RD,CD,14-May-2024,0:09:18,Default,CDC401,SN 181522588013,Edited,Sample ID (67243),75.3,mS/cm,23.7,°C,73.4,mS/cm,,,NaCl/Non-Linear,Reference Temperature = 25 °C,,,,,,,,,,,OK,13-May-2024,10:35:52,Default,K,0.431,,cm⁻¹,,,,1,30000,µS/cm,29.0,mS/cm,23.3,,,,,,,,,,,,,,,,,,,,,,,,,,,,,,,°C,,,,,1715645358,1715596552,232782200041,,Interval,EndOfRecord
RD,pH,14-May-2024,0:09:18,Default,PHC301,SN 232262574574,Edited,Sample ID (67243),2.514,pH,23.8,°C,277.1,mV,,,,,,,,,,,,,,,OK,13-May-2024,10:33:59,Default,Slope,-58.76,99,mV/pH,14.6,mV,1.0000,3,4.00,pH,190.1,mV,23.2,7.01,pH,13.5,mV,23.1,10.03,pH,-161.9,mV,23.2,,,,,,,,,,,,,,,,,,,,,°C,,,,,1715645358,1715596439,232782200041,,Interval,EndOfRecord
RD,CD,14-May-2024,0:04:18,Default,CDC401,SN 181522588013,Edited,Sample ID (67242),75.4,mS/cm,23.6,°C,73.3,mS/cm,,,NaCl/Non-Linear,Reference Temperature = 25 °C,,,,,,,,,,,OK,13-May-2024,10:35:52,Default,K,0.431,,cm⁻¹,,,,1,30000,µS/cm,29.0,mS/cm,23.3,,,,,,,,,,,,,,,,,,,,,,,,,,,,,,,°C,,,,,1715645058,1715596552,232782200041,,Interval,EndOfRecord
RD,pH,14-May-2024,0:04:18,Default,PHC301,SN 232262574574,Edited,Sample ID (67242),2.514,pH,23.8,°C,277.1,mV,,,,,,,,,,,,,,,OK,13-May-2024,10:33:59,Default,Slope,-58.76,99,mV/pH,14.6,mV,1.0000,3,4.00,pH,190.1,mV,23.2,7.01,pH,13.5,mV,23.1,10.03,pH,-161.9,mV,23.2,,,,,,,,,,,,,,,,,,,,,°C,,,,,1715645058,1715596439,232782200041,,Interval,EndOfRecord
RD,CD,13-May-2024,23:59:18,Default,CDC401,SN 181522588013,Edited,Sample ID (67241),75.4,mS/cm,23.6,°C,73.3,mS/cm,,,NaCl/Non-Linear,Reference Temperature = 25 °C,,,,,,,,,,,OK,13-May-2024,10:35:52,Default,K,0.431,,cm⁻¹,,,,1,30000,µS/cm,29.0,mS/cm,23.3,,,,,,,,,,,,,,,,,,,,,,,,,,,,,,,°C,,,,,1715644758,1715596552,232782200041,,Interval,EndOfRecord
RD,pH,13-May-2024,23:59:18,Default,PHC301,SN 232262574574,Edited,Sample ID (67241),2.514,pH,23.8,°C,277.1,mV,,,,,,,,,,,,,,,OK,13-May-2024,10:33:59,Default,Slope,-58.76,99,mV/pH,14.6,mV,1.0000,3,4.00,pH,190.1,mV,23.2,7.01,pH,13.5,mV,23.1,10.03,pH,-161.9,mV,23.2,,,,,,,,,,,,,,,,,,,,,°C,,,,,1715644758,1715596439,232782200041,,Interval,EndOfRecord
RD,CD,13-May-2024,23:54:18,Default,CDC401,SN 181522588013,Edited,Sample ID (67240),75.4,mS/cm,23.6,°C,73.3,mS/cm,,,NaCl/Non-Linear,Reference Temperature = 25 °C,,,,,,,,,,,OK,13-May-2024,10:35:52,Default,K,0.431,,cm⁻¹,,,,1,30000,µS/cm,29.0,mS/cm,23.3,,,,,,,,,,,,,,,,,,,,,,,,,,,,,,,°C,,,,,1715644458,1715596552,232782200041,,Interval,EndOfRecord
RD,pH,13-May-2024,23:54:18,Default,PHC301,SN 232262574574,Edited,Sample ID (67240),2.514,pH,23.7,°C,277.1,mV,,,,,,,,,,,,,,,OK,13-May-2024,10:33:59,Default,Slope,-58.76,99,mV/pH,14.6,mV,1.0000,3,4.00,pH,190.1,mV,23.2,7.01,pH,13.5,mV,23.1,10.03,pH,-161.9,mV,23.2,,,,,,,,,,,,,,,,,,,,,°C,,,,,1715644458,1715596439,232782200041,,Interval,EndOfRecord
RD,CD,13-May-2024,23:49:18,Default,CDC401,SN 181522588013,Edited,Sample ID (67239),75.4,mS/cm,23.6,°C,73.3,mS/cm,,,NaCl/Non-Linear,Reference Temperature = 25 °C,,,,,,,,,,,OK,13-May-2024,10:35:52,Default,K,0.431,,cm⁻¹,,,,1,30000,µS/cm,29.0,mS/cm,23.3,,,,,,,,,,,,,,,,,,,,,,,,,,,,,,,°C,,,,,1715644158,1715596552,232782200041,,Interval,EndOfRecord
RD,pH,13-May-2024,23:49:18,Default,PHC301,SN 232262574574,Edited,Sample ID (67239),2.514,pH,23.7,°C,277.1,mV,,,,,,,,,,,,,,,OK,13-May-2024,10:33:59,Default,Slope,-58.76,99,mV/pH,14.6,mV,1.0000,3,4.00,pH,190.1,mV,23.2,7.01,pH,13.5,mV,23.1,10.03,pH,-161.9,mV,23.2,,,,,,,,,,,,,,,,,,,,,°C,,,,,1715644158,1715596439,232782200041,,Interval,EndOfRecord
RD,CD,13-May-2024,23:44:18,Default,CDC401,SN 181522588013,Edited,Sample ID (67238),75.4,mS/cm,23.5,°C,73.2,mS/cm,,,NaCl/Non-Linear,Reference Temperature = 25 °C,,,,,,,,,,,OK,13-May-2024,10:35:52,Default,K,0.431,,cm⁻¹,,,,1,30000,µS/cm,29.0,mS/cm,23.3,,,,,,,,,,,,,,,,,,,,,,,,,,,,,,,°C,,,,,1715643858,1715596552,232782200041,,Interval,EndOfRecord
RD,pH,13-May-2024,23:44:18,Default,PHC301,SN 232262574574,Edited,Sample ID (67238),2.514,pH,23.7,°C,277.1,mV,,,,,,,,,,,,,,,OK,13-May-2024,10:33:59,Default,Slope,-58.76,99,mV/pH,14.6,mV,1.0000,3,4.00,pH,190.1,mV,23.2,7.01,pH,13.5,mV,23.1,10.03,pH,-161.9,mV,23.2,,,,,,,,,,,,,,,,,,,,,°C,,,,,1715643858,1715596439,232782200041,,Interval,EndOfRecord
RD,CD,13-May-2024,23:39:19,Default,CDC401,SN 181522588013,Edited,Sample ID (67237),75.4,mS/cm,23.5,°C,73.2,mS/cm,,,NaCl/Non-Linear,Reference Temperature = 25 °C,,,,,,,,,,,OK,13-May-2024,10:35:52,Default,K,0.431,,cm⁻¹,,,,1,30000,µS/cm,29.0,mS/cm,23.3,,,,,,,,,,,,,,,,,,,,,,,,,,,,,,,°C,,,,,1715643559,1715596552,232782200041,,Interval,EndOfRecord
RD,pH,13-May-2024,23:39:19,Default,PHC301,SN 232262574574,Edited,Sample ID (67237),2.514,pH,23.7,°C,277.1,mV,,,,,,,,,,,,,,,OK,13-May-2024,10:33:59,Default,Slope,-58.76,99,mV/pH,14.6,mV,1.0000,3,4.00,pH,190.1,mV,23.2,7.01,pH,13.5,mV,23.1,10.03,pH,-161.9,mV,23.2,,,,,,,,,,,,,,,,,,,,,°C,,,,,1715643559,1715596439,232782200041,,Interval,EndOfRecord
RD,CD,13-May-2024,23:34:18,Default,CDC401,SN 181522588013,Edited,Sample ID (67236),75.4,mS/cm,23.5,°C,73.2,mS/cm,,,NaCl/Non-Linear,Reference Temperature = 25 °C,,,,,,,,,,,OK,13-May-2024,10:35:52,Default,K,0.431,,cm⁻¹,,,,1,30000,µS/cm,29.0,mS/cm,23.3,,,,,,,,,,,,,,,,,,,,,,,,,,,,,,,°C,,,,,1715643258,1715596552,232782200041,,Interval,EndOfRecord
RD,pH,13-May-2024,23:34:18,Default,PHC301,SN 232262574574,Edited,Sample ID (67236),2.514,pH,23.7,°C,277.1,mV,,,,,,,,,,,,,,,OK,13-May-2024,10:33:59,Default,Slope,-58.76,99,mV/pH,14.6,mV,1.0000,3,4.00,pH,190.1,mV,23.2,7.01,pH,13.5,mV,23.1,10.03,pH,-161.9,mV,23.2,,,,,,,,,,,,,,,,,,,,,°C,,,,,1715643258,1715596439,232782200041,,Interval,EndOfRecord
RD,CD,13-May-2024,23:29:18,Default,CDC401,SN 181522588013,Edited,Sample ID (67235),75.4,mS/cm,23.5,°C,73.1,mS/cm,,,NaCl/Non-Linear,Reference Temperature = 25 °C,,,,,,,,,,,OK,13-May-2024,10:35:52,Default,K,0.431,,cm⁻¹,,,,1,30000,µS/cm,29.0,mS/cm,23.3,,,,,,,,,,,,,,,,,,,,,,,,,,,,,,,°C,,,,,1715642958,1715596552,232782200041,,Interval,EndOfRecord
RD,pH,13-May-2024,23:29:18,Default,PHC301,SN 232262574574,Edited,Sample ID (67235),2.514,pH,23.5,°C,277.1,mV,,,,,,,,,,,,,,,OK,13-May-2024,10:33:59,Default,Slope,-58.76,99,mV/pH,14.6,mV,1.0000,3,4.00,pH,190.1,mV,23.2,7.01,pH,13.5,mV,23.1,10.03,pH,-161.9,mV,23.2,,,,,,,,,,,,,,,,,,,,,°C,,,,,1715642958,1715596439,232782200041,,Interval,EndOfRecord
RD,CD,13-May-2024,23:24:18,Default,CDC401,SN 181522588013,Edited,Sample ID (67234),75.4,mS/cm,23.5,°C,73.1,mS/cm,,,NaCl/Non-Linear,Reference Temperature = 25 °C,,,,,,,,,,,OK,13-May-2024,10:35:52,Default,K,0.431,,cm⁻¹,,,,1,30000,µS/cm,29.0,mS/cm,23.3,,,,,,,,,,,,,,,,,,,,,,,,,,,,,,,°C,,,,,1715642658,1715596552,232782200041,,Interval,EndOfRecord
RD,pH,13-May-2024,23:24:18,Default,PHC301,SN 232262574574,Edited,Sample ID (67234),2.512,pH,23.5,°C,277.1,mV,,,,,,,,,,,,,,,OK,13-May-2024,10:33:59,Default,Slope,-58.76,99,mV/pH,14.6,mV,1.0000,3,4.00,pH,190.1,mV,23.2,7.01,pH,13.5,mV,23.1,10.03,pH,-161.9,mV,23.2,,,,,,,,,,,,,,,,,,,,,°C,,,,,1715642658,1715596439,232782200041,,Interval,EndOfRecord
RD,CD,13-May-2024,23:19:18,Default,CDC401,SN 181522588013,Edited,Sample ID (67233),75.4,mS/cm,23.4,°C,73.0,mS/cm,,,NaCl/Non-Linear,Reference Temperature = 25 °C,,,,,,,,,,,OK,13-May-2024,10:35:52,Default,K,0.431,,cm⁻¹,,,,1,30000,µS/cm,29.0,mS/cm,23.3,,,,,,,,,,,,,,,,,,,,,,,,,,,,,,,°C,,,,,1715642358,1715596552,232782200041,,Interval,EndOfRecord
RD,pH,13-May-2024,23:19:18,Default,PHC301,SN 232262574574,Edited,Sample ID (67233),2.512,pH,23.5,°C,277.0,mV,,,,,,,,,,,,,,,OK,13-May-2024,10:33:59,Default,Slope,-58.76,99,mV/pH,14.6,mV,1.0000,3,4.00,pH,190.1,mV,23.2,7.01,pH,13.5,mV,23.1,10.03,pH,-161.9,mV,23.2,,,,,,,,,,,,,,,,,,,,,°C,,,,,1715642358,1715596439,232782200041,,Interval,EndOfRecord
RD,CD,13-May-2024,23:14:18,Default,CDC401,SN 181522588013,Edited,Sample ID (67232),75.4,mS/cm,23.4,°C,73.0,mS/cm,,,NaCl/Non-Linear,Reference Temperature = 25 °C,,,,,,,,,,,OK,13-May-2024,10:35:52,Default,K,0.431,,cm⁻¹,,,,1,30000,µS/cm,29.0,mS/cm,23.3,,,,,,,,,,,,,,,,,,,,,,,,,,,,,,,°C,,,,,1715642058,1715596552,232782200041,,Interval,EndOfRecord
RD,pH,13-May-2024,23:14:18,Default,PHC301,SN 232262574574,Edited,Sample ID (67232),2.512,pH,23.5,°C,277.0,mV,,,,,,,,,,,,,,,OK,13-May-2024,10:33:59,Default,Slope,-58.76,99,mV/pH,14.6,mV,1.0000,3,4.00,pH,190.1,mV,23.2,7.01,pH,13.5,mV,23.1,10.03,pH,-161.9,mV,23.2,,,,,,,,,,,,,,,,,,,,,°C,,,,,1715642058,1715596439,232782200041,,Interval,EndOfRecord
RD,CD,13-May-2024,23:09:18,Default,CDC401,SN 181522588013,Edited,Sample ID (67231),75.4,mS/cm,23.4,°C,72.9,mS/cm,,,NaCl/Non-Linear,Reference Temperature = 25 °C,,,,,,,,,,,OK,13-May-2024,10:35:52,Default,K,0.431,,cm⁻¹,,,,1,30000,µS/cm,29.0,mS/cm,23.3,,,,,,,,,,,,,,,,,,,,,,,,,,,,,,,°C,,,,,1715641758,1715596552,232782200041,,Interval,EndOfRecord
RD,pH,13-May-2024,23:09:18,Default,PHC301,SN 232262574574,Edited,Sample ID (67231),2.512,pH,23.4,°C,277.0,mV,,,,,,,,,,,,,,,OK,13-May-2024,10:33:59,Default,Slope,-58.76,99,mV/pH,14.6,mV,1.0000,3,4.00,pH,190.1,mV,23.2,7.01,pH,13.5,mV,23.1,10.03,pH,-161.9,mV,23.2,,,,,,,,,,,,,,,,,,,,,°C,,,,,1715641758,1715596439,232782200041,,Interval,EndOfRecord
RD,CD,13-May-2024,23:04:18,Default,CDC401,SN 181522588013,Edited,Sample ID (67230),75.4,mS/cm,23.3,°C,72.9,mS/cm,,,NaCl/Non-Linear,Reference Temperature = 25 °C,,,,,,,,,,,OK,13-May-2024,10:35:52,Default,K,0.431,,cm⁻¹,,,,1,30000,µS/cm,29.0,mS/cm,23.3,,,,,,,,,,,,,,,,,,,,,,,,,,,,,,,°C,,,,,1715641458,1715596552,232782200041,,Interval,EndOfRecord
RD,pH,13-May-2024,23:04:18,Default,PHC301,SN 232262574574,Edited,Sample ID (67230),2.511,pH,23.4,°C,277.0,mV,,,,,,,,,,,,,,,OK,13-May-2024,10:33:59,Default,Slope,-58.76,99,mV/pH,14.6,mV,1.0000,3,4.00,pH,190.1,mV,23.2,7.01,pH,13.5,mV,23.1,10.03,pH,-161.9,mV,23.2,,,,,,,,,,,,,,,,,,,,,°C,,,,,1715641458,1715596439,232782200041,,Interval,EndOfRecord
RD,CD,13-May-2024,22:59:19,Default,CDC401,SN 181522588013,Edited,Sample ID (67229),75.4,mS/cm,23.3,°C,72.8,mS/cm,,,NaCl/Non-Linear,Reference Temperature = 25 °C,,,,,,,,,,,OK,13-May-2024,10:35:52,Default,K,0.431,,cm⁻¹,,,,1,30000,µS/cm,29.0,mS/cm,23.3,,,,,,,,,,,,,,,,,,,,,,,,,,,,,,,°C,,,,,1715641159,1715596552,232782200041,,Interval,EndOfRecord
RD,pH,13-May-2024,22:59:19,Default,PHC301,SN 232262574574,Edited,Sample ID (67229),2.511,pH,23.4,°C,277.0,mV,,,,,,,,,,,,,,,OK,13-May-2024,10:33:59,Default,Slope,-58.76,99,mV/pH,14.6,mV,1.0000,3,4.00,pH,190.1,mV,23.2,7.01,pH,13.5,mV,23.1,10.03,pH,-161.9,mV,23.2,,,,,,,,,,,,,,,,,,,,,°C,,,,,1715641159,1715596439,232782200041,,Interval,EndOfRecord
RD,CD,13-May-2024,22:54:19,Default,CDC401,SN 181522588013,Edited,Sample ID (67228),75.3,mS/cm,23.3,°C,72.7,mS/cm,,,NaCl/Non-Linear,Reference Temperature = 25 °C,,,,,,,,,,,OK,13-May-2024,10:35:52,Default,K,0.431,,cm⁻¹,,,,1,30000,µS/cm,29.0,mS/cm,23.3,,,,,,,,,,,,,,,,,,,,,,,,,,,,,,,°C,,,,,1715640859,1715596552,232782200041,,Interval,EndOfRecord
RD,pH,13-May-2024,22:54:19,Default,PHC301,SN 232262574574,Edited,Sample ID (67228),2.510,pH,23.3,°C,277.0,mV,,,,,,,,,,,,,,,OK,13-May-2024,10:33:59,Default,Slope,-58.76,99,mV/pH,14.6,mV,1.0000,3,4.00,pH,190.1,mV,23.2,7.01,pH,13.5,mV,23.1,10.03,pH,-161.9,mV,23.2,,,,,,,,,,,,,,,,,,,,,°C,,,,,1715640859,1715596439,232782200041,,Interval,EndOfRecord
RD,CD,13-May-2024,22:49:18,Default,CDC401,SN 181522588013,Edited,Sample ID (67227),75.4,mS/cm,23.2,°C,72.7,mS/cm,,,NaCl/Non-Linear,Reference Temperature = 25 °C,,,,,,,,,,,OK,13-May-2024,10:35:52,Default,K,0.431,,cm⁻¹,,,,1,30000,µS/cm,29.0,mS/cm,23.3,,,,,,,,,,,,,,,,,,,,,,,,,,,,,,,°C,,,,,1715640558,1715596552,232782200041,,Interval,EndOfRecord
RD,pH,13-May-2024,22:49:18,Default,PHC301,SN 232262574574,Edited,Sample ID (67227),2.510,pH,23.3,°C,277.0,mV,,,,,,,,,,,,,,,OK,13-May-2024,10:33:59,Default,Slope,-58.76,99,mV/pH,14.6,mV,1.0000,3,4.00,pH,190.1,mV,23.2,7.01,pH,13.5,mV,23.1,10.03,pH,-161.9,mV,23.2,,,,,,,,,,,,,,,,,,,,,°C,,,,,1715640558,1715596439,232782200041,,Interval,EndOfRecord
RD,CD,13-May-2024,22:44:18,Default,CDC401,SN 181522588013,Edited,Sample ID (67226),75.3,mS/cm,23.2,°C,72.6,mS/cm,,,NaCl/Non-Linear,Reference Temperature = 25 °C,,,,,,,,,,,OK,13-May-2024,10:35:52,Default,K,0.431,,cm⁻¹,,,,1,30000,µS/cm,29.0,mS/cm,23.3,,,,,,,,,,,,,,,,,,,,,,,,,,,,,,,°C,,,,,1715640258,1715596552,232782200041,,Interval,EndOfRecord
RD,pH,13-May-2024,22:44:18,Default,PHC301,SN 232262574574,Edited,Sample ID (67226),2.510,pH,23.3,°C,277.0,mV,,,,,,,,,,,,,,,OK,13-May-2024,10:33:59,Default,Slope,-58.76,99,mV/pH,14.6,mV,1.0000,3,4.00,pH,190.1,mV,23.2,7.01,pH,13.5,mV,23.1,10.03,pH,-161.9,mV,23.2,,,,,,,,,,,,,,,,,,,,,°C,,,,,1715640258,1715596439,232782200041,,Interval,EndOfRecord
RD,CD,13-May-2024,22:39:18,Default,CDC401,SN 181522588013,Edited,Sample ID (67225),75.4,mS/cm,23.1,°C,72.5,mS/cm,,,NaCl/Non-Linear,Reference Temperature = 25 °C,,,,,,,,,,,OK,13-May-2024,10:35:52,Default,K,0.431,,cm⁻¹,,,,1,30000,µS/cm,29.0,mS/cm,23.3,,,,,,,,,,,,,,,,,,,,,,,,,,,,,,,°C,,,,,1715639958,1715596552,232782200041,,Interval,EndOfRecord
RD,pH,13-May-2024,22:39:18,Default,PHC301,SN 232262574574,Edited,Sample ID (67225),2.509,pH,23.2,°C,277.0,mV,,,,,,,,,,,,,,,OK,13-May-2024,10:33:59,Default,Slope,-58.76,99,mV/pH,14.6,mV,1.0000,3,4.00,pH,190.1,mV,23.2,7.01,pH,13.5,mV,23.1,10.03,pH,-161.9,mV,23.2,,,,,,,,,,,,,,,,,,,,,°C,,,,,1715639958,1715596439,232782200041,,Interval,EndOfRecord
RD,CD,13-May-2024,22:34:18,Default,CDC401,SN 181522588013,Edited,Sample ID (67224),75.4,mS/cm,23.1,°C,72.5,mS/cm,,,NaCl/Non-Linear,Reference Temperature = 25 °C,,,,,,,,,,,OK,13-May-2024,10:35:52,Default,K,0.431,,cm⁻¹,,,,1,30000,µS/cm,29.0,mS/cm,23.3,,,,,,,,,,,,,,,,,,,,,,,,,,,,,,,°C,,,,,1715639658,1715596552,232782200041,,Interval,EndOfRecord
RD,pH,13-May-2024,22:34:18,Default,PHC301,SN 232262574574,Edited,Sample ID (67224),2.509,pH,23.2,°C,277.0,mV,,,,,,,,,,,,,,,OK,13-May-2024,10:33:59,Default,Slope,-58.76,99,mV/pH,14.6,mV,1.0000,3,4.00,pH,190.1,mV,23.2,7.01,pH,13.5,mV,23.1,10.03,pH,-161.9,mV,23.2,,,,,,,,,,,,,,,,,,,,,°C,,,,,1715639658,1715596439,232782200041,,Interval,EndOfRecord
RD,CD,13-May-2024,22:29:18,Default,CDC401,SN 181522588013,Edited,Sample ID (67223),75.3,mS/cm,23.1,°C,72.4,mS/cm,,,NaCl/Non-Linear,Reference Temperature = 25 °C,,,,,,,,,,,OK,13-May-2024,10:35:52,Default,K,0.431,,cm⁻¹,,,,1,30000,µS/cm,29.0,mS/cm,23.3,,,,,,,,,,,,,,,,,,,,,,,,,,,,,,,°C,,,,,1715639358,1715596552,232782200041,,Interval,EndOfRecord
RD,pH,13-May-2024,22:29:18,Default,PHC301,SN 232262574574,Edited,Sample ID (67223),2.509,pH,23.2,°C,276.8,mV,,,,,,,,,,,,,,,OK,13-May-2024,10:33:59,Default,Slope,-58.76,99,mV/pH,14.6,mV,1.0000,3,4.00,pH,190.1,mV,23.2,7.01,pH,13.5,mV,23.1,10.03,pH,-161.9,mV,23.2,,,,,,,,,,,,,,,,,,,,,°C,,,,,1715639358,1715596439,232782200041,,Interval,EndOfRecord
RD,CD,13-May-2024,22:24:18,Default,CDC401,SN 181522588013,Edited,Sample ID (67222),75.4,mS/cm,23.0,°C,72.4,mS/cm,,,NaCl/Non-Linear,Reference Temperature = 25 °C,,,,,,,,,,,OK,13-May-2024,10:35:52,Default,K,0.431,,cm⁻¹,,,,1,30000,µS/cm,29.0,mS/cm,23.3,,,,,,,,,,,,,,,,,,,,,,,,,,,,,,,°C,,,,,1715639058,1715596552,232782200041,,Interval,EndOfRecord
RD,pH,13-May-2024,22:24:18,Default,PHC301,SN 232262574574,Edited,Sample ID (67222),2.509,pH,23.0,°C,276.8,mV,,,,,,,,,,,,,,,OK,13-May-2024,10:33:59,Default,Slope,-58.76,99,mV/pH,14.6,mV,1.0000,3,4.00,pH,190.1,mV,23.2,7.01,pH,13.5,mV,23.1,10.03,pH,-161.9,mV,23.2,,,,,,,,,,,,,,,,,,,,,°C,,,,,1715639058,1715596439,232782200041,,Interval,EndOfRecord
RD,CD,13-May-2024,22:19:18,Default,CDC401,SN 181522588013,Edited,Sample ID (67221),75.4,mS/cm,23.0,°C,72.4,mS/cm,,,NaCl/Non-Linear,Reference Temperature = 25 °C,,,,,,,,,,,OK,13-May-2024,10:35:52,Default,K,0.431,,cm⁻¹,,,,1,30000,µS/cm,29.0,mS/cm,23.3,,,,,,,,,,,,,,,,,,,,,,,,,,,,,,,°C,,,,,1715638758,1715596552,232782200041,,Interval,EndOfRecord
RD,pH,13-May-2024,22:19:18,Default,PHC301,SN 232262574574,Edited,Sample ID (67221),2.509,pH,23.0,°C,276.8,mV,,,,,,,,,,,,,,,OK,13-May-2024,10:33:59,Default,Slope,-58.76,99,mV/pH,14.6,mV,1.0000,3,4.00,pH,190.1,mV,23.2,7.01,pH,13.5,mV,23.1,10.03,pH,-161.9,mV,23.2,,,,,,,,,,,,,,,,,,,,,°C,,,,,1715638758,1715596439,232782200041,,Interval,EndOfRecord
RD,CD,13-May-2024,22:14:19,Default,CDC401,SN 181522588013,Edited,Sample ID (67220),75.3,mS/cm,23.0,°C,72.3,mS/cm,,,NaCl/Non-Linear,Reference Temperature = 25 °C,,,,,,,,,,,OK,13-May-2024,10:35:52,Default,K,0.431,,cm⁻¹,,,,1,30000,µS/cm,29.0,mS/cm,23.3,,,,,,,,,,,,,,,,,,,,,,,,,,,,,,,°C,,,,,1715638459,1715596552,232782200041,,Interval,EndOfRecord
RD,pH,13-May-2024,22:14:19,Default,PHC301,SN 232262574574,Edited,Sample ID (67220),2.509,pH,23.0,°C,276.8,mV,,,,,,,,,,,,,,,OK,13-May-2024,10:33:59,Default,Slope,-58.76,99,mV/pH,14.6,mV,1.0000,3,4.00,pH,190.1,mV,23.2,7.01,pH,13.5,mV,23.1,10.03,pH,-161.9,mV,23.2,,,,,,,,,,,,,,,,,,,,,°C,,,,,1715638459,1715596439,232782200041,,Interval,EndOfRecord
RD,CD,13-May-2024,22:09:19,Default,CDC401,SN 181522588013,Edited,Sample ID (67219),75.4,mS/cm,23.0,°C,72.3,mS/cm,,,NaCl/Non-Linear,Reference Temperature = 25 °C,,,,,,,,,,,OK,13-May-2024,10:35:52,Default,K,0.431,,cm⁻¹,,,,1,30000,µS/cm,29.0,mS/cm,23.3,,,,,,,,,,,,,,,,,,,,,,,,,,,,,,,°C,,,,,1715638159,1715596552,232782200041,,Interval,EndOfRecord
RD,pH,13-May-2024,22:09:19,Default,PHC301,SN 232262574574,Edited,Sample ID (67219),2.509,pH,23.0,°C,276.8,mV,,,,,,,,,,,,,,,OK,13-May-2024,10:33:59,Default,Slope,-58.76,99,mV/pH,14.6,mV,1.0000,3,4.00,pH,190.1,mV,23.2,7.01,pH,13.5,mV,23.1,10.03,pH,-161.9,mV,23.2,,,,,,,,,,,,,,,,,,,,,°C,,,,,1715638159,1715596439,232782200041,,Interval,EndOfRecord
RD,CD,13-May-2024,22:04:18,Default,CDC401,SN 181522588013,Edited,Sample ID (67218),75.4,mS/cm,22.9,°C,72.3,mS/cm,,,NaCl/Non-Linear,Reference Temperature = 25 °C,,,,,,,,,,,OK,13-May-2024,10:35:52,Default,K,0.431,,cm⁻¹,,,,1,30000,µS/cm,29.0,mS/cm,23.3,,,,,,,,,,,,,,,,,,,,,,,,,,,,,,,°C,,,,,1715637858,1715596552,232782200041,,Interval,EndOfRecord
RD,pH,13-May-2024,22:04:18,Default,PHC301,SN 232262574574,Edited,Sample ID (67218),2.509,pH,23.0,°C,276.8,mV,,,,,,,,,,,,,,,OK,13-May-2024,10:33:59,Default,Slope,-58.76,99,mV/pH,14.6,mV,1.0000,3,4.00,pH,190.1,mV,23.2,7.01,pH,13.5,mV,23.1,10.03,pH,-161.9,mV,23.2,,,,,,,,,,,,,,,,,,,,,°C,,,,,1715637858,1715596439,232782200041,,Interval,EndOfRecord
RD,CD,13-May-2024,21:59:18,Default,CDC401,SN 181522588013,Edited,Sample ID (67217),75.4,mS/cm,22.9,°C,72.2,mS/cm,,,NaCl/Non-Linear,Reference Temperature = 25 °C,,,,,,,,,,,OK,13-May-2024,10:35:52,Default,K,0.431,,cm⁻¹,,,,1,30000,µS/cm,29.0,mS/cm,23.3,,,,,,,,,,,,,,,,,,,,,,,,,,,,,,,°C,,,,,1715637558,1715596552,232782200041,,Interval,EndOfRecord
RD,pH,13-May-2024,21:59:18,Default,PHC301,SN 232262574574,Edited,Sample ID (67217),2.509,pH,23.0,°C,276.7,mV,,,,,,,,,,,,,,,OK,13-May-2024,10:33:59,Default,Slope,-58.76,99,mV/pH,14.6,mV,1.0000,3,4.00,pH,190.1,mV,23.2,7.01,pH,13.5,mV,23.1,10.03,pH,-161.9,mV,23.2,,,,,,,,,,,,,,,,,,,,,°C,,,,,1715637558,1715596439,232782200041,,Interval,EndOfRecord
RD,CD,13-May-2024,21:54:17,Default,CDC401,SN 181522588013,Edited,Sample ID (67216),75.4,mS/cm,22.8,°C,72.2,mS/cm,,,NaCl/Non-Linear,Reference Temperature = 25 °C,,,,,,,,,,,OK,13-May-2024,10:35:52,Default,K,0.431,,cm⁻¹,,,,1,30000,µS/cm,29.0,mS/cm,23.3,,,,,,,,,,,,,,,,,,,,,,,,,,,,,,,°C,,,,,1715637257,1715596552,232782200041,,Interval,EndOfRecord
RD,pH,13-May-2024,21:54:17,Default,PHC301,SN 232262574574,Edited,Sample ID (67216),2.509,pH,22.9,°C,276.7,mV,,,,,,,,,,,,,,,OK,13-May-2024,10:33:59,Default,Slope,-58.76,99,mV/pH,14.6,mV,1.0000,3,4.00,pH,190.1,mV,23.2,7.01,pH,13.5,mV,23.1,10.03,pH,-161.9,mV,23.2,,,,,,,,,,,,,,,,,,,,,°C,,,,,1715637257,1715596439,232782200041,,Interval,EndOfRecord
RD,CD,13-May-2024,21:49:18,Default,CDC401,SN 181522588013,Edited,Sample ID (67215),75.4,mS/cm,22.9,°C,72.1,mS/cm,,,NaCl/Non-Linear,Reference Temperature = 25 °C,,,,,,,,,,,OK,13-May-2024,10:35:52,Default,K,0.431,,cm⁻¹,,,,1,30000,µS/cm,29.0,mS/cm,23.3,,,,,,,,,,,,,,,,,,,,,,,,,,,,,,,°C,,,,,1715636958,1715596552,232782200041,,Interval,EndOfRecord
RD,pH,13-May-2024,21:49:18,Default,PHC301,SN 232262574574,Edited,Sample ID (67215),2.509,pH,22.9,°C,276.7,mV,,,,,,,,,,,,,,,OK,13-May-2024,10:33:59,Default,Slope,-58.76,99,mV/pH,14.6,mV,1.0000,3,4.00,pH,190.1,mV,23.2,7.01,pH,13.5,mV,23.1,10.03,pH,-161.9,mV,23.2,,,,,,,,,,,,,,,,,,,,,°C,,,,,1715636958,1715596439,232782200041,,Interval,EndOfRecord
RD,CD,13-May-2024,21:44:18,Default,CDC401,SN 181522588013,Edited,Sample ID (67214),75.3,mS/cm,22.9,°C,72.1,mS/cm,,,NaCl/Non-Linear,Reference Temperature = 25 °C,,,,,,,,,,,OK,13-May-2024,10:35:52,Default,K,0.431,,cm⁻¹,,,,1,30000,µS/cm,29.0,mS/cm,23.3,,,,,,,,,,,,,,,,,,,,,,,,,,,,,,,°C,,,,,1715636658,1715596552,232782200041,,Interval,EndOfRecord
RD,pH,13-May-2024,21:44:18,Default,PHC301,SN 232262574574,Edited,Sample ID (67214),2.509,pH,22.9,°C,276.7,mV,,,,,,,,,,,,,,,OK,13-May-2024,10:33:59,Default,Slope,-58.76,99,mV/pH,14.6,mV,1.0000,3,4.00,pH,190.1,mV,23.2,7.01,pH,13.5,mV,23.1,10.03,pH,-161.9,mV,23.2,,,,,,,,,,,,,,,,,,,,,°C,,,,,1715636658,1715596439,232782200041,,Interval,EndOfRecord
RD,CD,13-May-2024,21:39:17,Default,CDC401,SN 181522588013,Edited,Sample ID (67213),75.4,mS/cm,22.8,°C,72.1,mS/cm,,,NaCl/Non-Linear,Reference Temperature = 25 °C,,,,,,,,,,,OK,13-May-2024,10:35:52,Default,K,0.431,,cm⁻¹,,,,1,30000,µS/cm,29.0,mS/cm,23.3,,,,,,,,,,,,,,,,,,,,,,,,,,,,,,,°C,,,,,1715636357,1715596552,232782200041,,Interval,EndOfRecord
RD,pH,13-May-2024,21:39:17,Default,PHC301,SN 232262574574,Edited,Sample ID (67213),2.509,pH,22.9,°C,276.7,mV,,,,,,,,,,,,,,,OK,13-May-2024,10:33:59,Default,Slope,-58.76,99,mV/pH,14.6,mV,1.0000,3,4.00,pH,190.1,mV,23.2,7.01,pH,13.5,mV,23.1,10.03,pH,-161.9,mV,23.2,,,,,,,,,,,,,,,,,,,,,°C,,,,,1715636357,1715596439,232782200041,,Interval,EndOfRecord
RD,CD,13-May-2024,21:34:17,Default,CDC401,SN 181522588013,Edited,Sample ID (67212),75.4,mS/cm,22.8,°C,72.1,mS/cm,,,NaCl/Non-Linear,Reference Temperature = 25 °C,,,,,,,,,,,OK,13-May-2024,10:35:52,Default,K,0.431,,cm⁻¹,,,,1,30000,µS/cm,29.0,mS/cm,23.3,,,,,,,,,,,,,,,,,,,,,,,,,,,,,,,°C,,,,,1715636057,1715596552,232782200041,,Interval,EndOfRecord
RD,pH,13-May-2024,21:34:17,Default,PHC301,SN 232262574574,Edited,Sample ID (67212),2.509,pH,22.9,°C,276.7,mV,,,,,,,,,,,,,,,OK,13-May-2024,10:33:59,Default,Slope,-58.76,99,mV/pH,14.6,mV,1.0000,3,4.00,pH,190.1,mV,23.2,7.01,pH,13.5,mV,23.1,10.03,pH,-161.9,mV,23.2,,,,,,,,,,,,,,,,,,,,,°C,,,,,1715636057,1715596439,232782200041,,Interval,EndOfRecord
RD,CD,13-May-2024,21:29:18,Default,CDC401,SN 181522588013,Edited,Sample ID (67211),75.3,mS/cm,22.8,°C,72.0,mS/cm,,,NaCl/Non-Linear,Reference Temperature = 25 °C,,,,,,,,,,,OK,13-May-2024,10:35:52,Default,K,0.431,,cm⁻¹,,,,1,30000,µS/cm,29.0,mS/cm,23.3,,,,,,,,,,,,,,,,,,,,,,,,,,,,,,,°C,,,,,1715635758,1715596552,232782200041,,Interval,EndOfRecord
RD,pH,13-May-2024,21:29:18,Default,PHC301,SN 232262574574,Edited,Sample ID (67211),2.509,pH,22.8,°C,276.6,mV,,,,,,,,,,,,,,,OK,13-May-2024,10:33:59,Default,Slope,-58.76,99,mV/pH,14.6,mV,1.0000,3,4.00,pH,190.1,mV,23.2,7.01,pH,13.5,mV,23.1,10.03,pH,-161.9,mV,23.2,,,,,,,,,,,,,,,,,,,,,°C,,,,,1715635758,1715596439,232782200041,,Interval,EndOfRecord
RD,CD,13-May-2024,21:24:17,Default,CDC401,SN 181522588013,Edited,Sample ID (67210),75.4,mS/cm,22.7,°C,72.0,mS/cm,,,NaCl/Non-Linear,Reference Temperature = 25 °C,,,,,,,,,,,OK,13-May-2024,10:35:52,Default,K,0.431,,cm⁻¹,,,,1,30000,µS/cm,29.0,mS/cm,23.3,,,,,,,,,,,,,,,,,,,,,,,,,,,,,,,°C,,,,,1715635457,1715596552,232782200041,,Interval,EndOfRecord
RD,pH,13-May-2024,21:24:17,Default,PHC301,SN 232262574574,Edited,Sample ID (67210),2.509,pH,22.8,°C,276.6,mV,,,,,,,,,,,,,,,OK,13-May-2024,10:33:59,Default,Slope,-58.76,99,mV/pH,14.6,mV,1.0000,3,4.00,pH,190.1,mV,23.2,7.01,pH,13.5,mV,23.1,10.03,pH,-161.9,mV,23.2,,,,,,,,,,,,,,,,,,,,,°C,,,,,1715635457,1715596439,232782200041,,Interval,EndOfRecord
RD,CD,13-May-2024,21:19:18,Default,CDC401,SN 181522588013,Edited,Sample ID (67209),75.4,mS/cm,22.7,°C,71.9,mS/cm,,,NaCl/Non-Linear,Reference Temperature = 25 °C,,,,,,,,,,,OK,13-May-2024,10:35:52,Default,K,0.431,,cm⁻¹,,,,1,30000,µS/cm,29.0,mS/cm,23.3,,,,,,,,,,,,,,,,,,,,,,,,,,,,,,,°C,,,,,1715635158,1715596552,232782200041,,Interval,EndOfRecord
RD,pH,13-May-2024,21:19:18,Default,PHC301,SN 232262574574,Edited,Sample ID (67209),2.509,pH,22.8,°C,276.6,mV,,,,,,,,,,,,,,,OK,13-May-2024,10:33:59,Default,Slope,-58.76,99,mV/pH,14.6,mV,1.0000,3,4.00,pH,190.1,mV,23.2,7.01,pH,13.5,mV,23.1,10.03,pH,-161.9,mV,23.2,,,,,,,,,,,,,,,,,,,,,°C,,,,,1715635158,1715596439,232782200041,,Interval,EndOfRecord
RD,CD,13-May-2024,21:14:19,Default,CDC401,SN 181522588013,Edited,Sample ID (67208),75.3,mS/cm,22.7,°C,71.9,mS/cm,,,NaCl/Non-Linear,Reference Temperature = 25 °C,,,,,,,,,,,OK,13-May-2024,10:35:52,Default,K,0.431,,cm⁻¹,,,,1,30000,µS/cm,29.0,mS/cm,23.3,,,,,,,,,,,,,,,,,,,,,,,,,,,,,,,°C,,,,,1715634859,1715596552,232782200041,,Interval,EndOfRecord
RD,pH,13-May-2024,21:14:19,Default,PHC301,SN 232262574574,Edited,Sample ID (67208),2.509,pH,22.8,°C,276.6,mV,,,,,,,,,,,,,,,OK,13-May-2024,10:33:59,Default,Slope,-58.76,99,mV/pH,14.6,mV,1.0000,3,4.00,pH,190.1,mV,23.2,7.01,pH,13.5,mV,23.1,10.03,pH,-161.9,mV,23.2,,,,,,,,,,,,,,,,,,,,,°C,,,,,1715634859,1715596439,232782200041,,Interval,EndOfRecord
RD,CD,13-May-2024,21:09:18,Default,CDC401,SN 181522588013,Edited,Sample ID (67207),75.4,mS/cm,22.7,°C,71.9,mS/cm,,,NaCl/Non-Linear,Reference Temperature = 25 °C,,,,,,,,,,,OK,13-May-2024,10:35:52,Default,K,0.431,,cm⁻¹,,,,1,30000,µS/cm,29.0,mS/cm,23.3,,,,,,,,,,,,,,,,,,,,,,,,,,,,,,,°C,,,,,1715634558,1715596552,232782200041,,Interval,EndOfRecord
RD,pH,13-May-2024,21:09:18,Default,PHC301,SN 232262574574,Edited,Sample ID (67207),2.509,pH,22.8,°C,276.5,mV,,,,,,,,,,,,,,,OK,13-May-2024,10:33:59,Default,Slope,-58.76,99,mV/pH,14.6,mV,1.0000,3,4.00,pH,190.1,mV,23.2,7.01,pH,13.5,mV,23.1,10.03,pH,-161.9,mV,23.2,,,,,,,,,,,,,,,,,,,,,°C,,,,,1715634558,1715596439,232782200041,,Interval,EndOfRecord
RD,CD,13-May-2024,21:04:18,Default,CDC401,SN 181522588013,Edited,Sample ID (67206),75.3,mS/cm,22.7,°C,71.9,mS/cm,,,NaCl/Non-Linear,Reference Temperature = 25 °C,,,,,,,,,,,OK,13-May-2024,10:35:52,Default,K,0.431,,cm⁻¹,,,,1,30000,µS/cm,29.0,mS/cm,23.3,,,,,,,,,,,,,,,,,,,,,,,,,,,,,,,°C,,,,,1715634258,1715596552,232782200041,,Interval,EndOfRecord
RD,pH,13-May-2024,21:04:18,Default,PHC301,SN 232262574574,Edited,Sample ID (67206),2.509,pH,22.7,°C,276.5,mV,,,,,,,,,,,,,,,OK,13-May-2024,10:33:59,Default,Slope,-58.76,99,mV/pH,14.6,mV,1.0000,3,4.00,pH,190.1,mV,23.2,7.01,pH,13.5,mV,23.1,10.03,pH,-161.9,mV,23.2,,,,,,,,,,,,,,,,,,,,,°C,,,,,1715634258,1715596439,232782200041,,Interval,EndOfRecord
RD,CD,13-May-2024,20:59:17,Default,CDC401,SN 181522588013,Edited,Sample ID (67205),75.4,mS/cm,22.6,°C,71.8,mS/cm,,,NaCl/Non-Linear,Reference Temperature = 25 °C,,,,,,,,,,,OK,13-May-2024,10:35:52,Default,K,0.431,,cm⁻¹,,,,1,30000,µS/cm,29.0,mS/cm,23.3,,,,,,,,,,,,,,,,,,,,,,,,,,,,,,,°C,,,,,1715633957,1715596552,232782200041,,Interval,EndOfRecord
RD,pH,13-May-2024,20:59:17,Default,PHC301,SN 232262574574,Edited,Sample ID (67205),2.509,pH,22.7,°C,276.5,mV,,,,,,,,,,,,,,,OK,13-May-2024,10:33:59,Default,Slope,-58.76,99,mV/pH,14.6,mV,1.0000,3,4.00,pH,190.1,mV,23.2,7.01,pH,13.5,mV,23.1,10.03,pH,-161.9,mV,23.2,,,,,,,,,,,,,,,,,,,,,°C,,,,,1715633957,1715596439,232782200041,,Interval,EndOfRecord
RD,CD,13-May-2024,20:54:18,Default,CDC401,SN 181522588013,Edited,Sample ID (67204),75.3,mS/cm,22.6,°C,71.7,mS/cm,,,NaCl/Non-Linear,Reference Temperature = 25 °C,,,,,,,,,,,OK,13-May-2024,10:35:52,Default,K,0.431,,cm⁻¹,,,,1,30000,µS/cm,29.0,mS/cm,23.3,,,,,,,,,,,,,,,,,,,,,,,,,,,,,,,°C,,,,,1715633658,1715596552,232782200041,,Interval,EndOfRecord
RD,pH,13-May-2024,20:54:18,Default,PHC301,SN 232262574574,Edited,Sample ID (67204),2.509,pH,22.7,°C,276.5,mV,,,,,,,,,,,,,,,OK,13-May-2024,10:33:59,Default,Slope,-58.76,99,mV/pH,14.6,mV,1.0000,3,4.00,pH,190.1,mV,23.2,7.01,pH,13.5,mV,23.1,10.03,pH,-161.9,mV,23.2,,,,,,,,,,,,,,,,,,,,,°C,,,,,1715633658,1715596439,232782200041,,Interval,EndOfRecord
RD,CD,13-May-2024,20:49:18,Default,CDC401,SN 181522588013,Edited,Sample ID (67203),75.4,mS/cm,22.6,°C,71.7,mS/cm,,,NaCl/Non-Linear,Reference Temperature = 25 °C,,,,,,,,,,,OK,13-May-2024,10:35:52,Default,K,0.431,,cm⁻¹,,,,1,30000,µS/cm,29.0,mS/cm,23.3,,,,,,,,,,,,,,,,,,,,,,,,,,,,,,,°C,,,,,1715633358,1715596552,232782200041,,Interval,EndOfRecord
RD,pH,13-May-2024,20:49:18,Default,PHC301,SN 232262574574,Edited,Sample ID (67203),2.509,pH,22.7,°C,276.5,mV,,,,,,,,,,,,,,,OK,13-May-2024,10:33:59,Default,Slope,-58.76,99,mV/pH,14.6,mV,1.0000,3,4.00,pH,190.1,mV,23.2,7.01,pH,13.5,mV,23.1,10.03,pH,-161.9,mV,23.2,,,,,,,,,,,,,,,,,,,,,°C,,,,,1715633358,1715596439,232782200041,,Interval,EndOfRecord
RD,CD,13-May-2024,20:44:18,Default,CDC401,SN 181522588013,Edited,Sample ID (67202),75.3,mS/cm,22.6,°C,71.6,mS/cm,,,NaCl/Non-Linear,Reference Temperature = 25 °C,,,,,,,,,,,OK,13-May-2024,10:35:52,Default,K,0.431,,cm⁻¹,,,,1,30000,µS/cm,29.0,mS/cm,23.3,,,,,,,,,,,,,,,,,,,,,,,,,,,,,,,°C,,,,,1715633058,1715596552,232782200041,,Interval,EndOfRecord
RD,pH,13-May-2024,20:44:18,Default,PHC301,SN 232262574574,Edited,Sample ID (67202),2.509,pH,22.6,°C,276.5,mV,,,,,,,,,,,,,,,OK,13-May-2024,10:33:59,Default,Slope,-58.76,99,mV/pH,14.6,mV,1.0000,3,4.00,pH,190.1,mV,23.2,7.01,pH,13.5,mV,23.1,10.03,pH,-161.9,mV,23.2,,,,,,,,,,,,,,,,,,,,,°C,,,,,1715633058,1715596439,232782200041,,Interval,EndOfRecord
RD,CD,13-May-2024,20:39:18,Default,CDC401,SN 181522588013,Edited,Sample ID (67201),75.3,mS/cm,22.6,°C,71.6,mS/cm,,,NaCl/Non-Linear,Reference Temperature = 25 °C,,,,,,,,,,,OK,13-May-2024,10:35:52,Default,K,0.431,,cm⁻¹,,,,1,30000,µS/cm,29.0,mS/cm,23.3,,,,,,,,,,,,,,,,,,,,,,,,,,,,,,,°C,,,,,1715632758,1715596552,232782200041,,Interval,EndOfRecord
RD,pH,13-May-2024,20:39:18,Default,PHC301,SN 232262574574,Edited,Sample ID (67201),2.510,pH,22.6,°C,276.4,mV,,,,,,,,,,,,,,,OK,13-May-2024,10:33:59,Default,Slope,-58.76,99,mV/pH,14.6,mV,1.0000,3,4.00,pH,190.1,mV,23.2,7.01,pH,13.5,mV,23.1,10.03,pH,-161.9,mV,23.2,,,,,,,,,,,,,,,,,,,,,°C,,,,,1715632758,1715596439,232782200041,,Interval,EndOfRecord
RD,CD,13-May-2024,20:34:18,Default,CDC401,SN 181522588013,Edited,Sample ID (67200),75.3,mS/cm,22.5,°C,71.5,mS/cm,,,NaCl/Non-Linear,Reference Temperature = 25 °C,,,,,,,,,,,OK,13-May-2024,10:35:52,Default,K,0.431,,cm⁻¹,,,,1,30000,µS/cm,29.0,mS/cm,23.3,,,,,,,,,,,,,,,,,,,,,,,,,,,,,,,°C,,,,,1715632458,1715596552,232782200041,,Interval,EndOfRecord
RD,pH,13-May-2024,20:34:18,Default,PHC301,SN 232262574574,Edited,Sample ID (67200),2.510,pH,22.6,°C,276.4,mV,,,,,,,,,,,,,,,OK,13-May-2024,10:33:59,Default,Slope,-58.76,99,mV/pH,14.6,mV,1.0000,3,4.00,pH,190.1,mV,23.2,7.01,pH,13.5,mV,23.1,10.03,pH,-161.9,mV,23.2,,,,,,,,,,,,,,,,,,,,,°C,,,,,1715632458,1715596439,232782200041,,Interval,EndOfRecord
RD,CD,13-May-2024,20:29:18,Default,CDC401,SN 181522588013,Edited,Sample ID (67199),75.3,mS/cm,22.5,°C,71.5,mS/cm,,,NaCl/Non-Linear,Reference Temperature = 25 °C,,,,,,,,,,,OK,13-May-2024,10:35:52,Default,K,0.431,,cm⁻¹,,,,1,30000,µS/cm,29.0,mS/cm,23.3,,,,,,,,,,,,,,,,,,,,,,,,,,,,,,,°C,,,,,1715632158,1715596552,232782200041,,Interval,EndOfRecord
RD,pH,13-May-2024,20:29:18,Default,PHC301,SN 232262574574,Edited,Sample ID (67199),2.510,pH,22.6,°C,276.4,mV,,,,,,,,,,,,,,,OK,13-May-2024,10:33:59,Default,Slope,-58.76,99,mV/pH,14.6,mV,1.0000,3,4.00,pH,190.1,mV,23.2,7.01,pH,13.5,mV,23.1,10.03,pH,-161.9,mV,23.2,,,,,,,,,,,,,,,,,,,,,°C,,,,,1715632158,1715596439,232782200041,,Interval,EndOfRecord
RD,CD,13-May-2024,20:24:17,Default,CDC401,SN 181522588013,Edited,Sample ID (67198),75.3,mS/cm,22.5,°C,71.5,mS/cm,,,NaCl/Non-Linear,Reference Temperature = 25 °C,,,,,,,,,,,OK,13-May-2024,10:35:52,Default,K,0.431,,cm⁻¹,,,,1,30000,µS/cm,29.0,mS/cm,23.3,,,,,,,,,,,,,,,,,,,,,,,,,,,,,,,°C,,,,,1715631857,1715596552,232782200041,,Interval,EndOfRecord
RD,pH,13-May-2024,20:24:17,Default,PHC301,SN 232262574574,Edited,Sample ID (67198),2.510,pH,22.5,°C,276.4,mV,,,,,,,,,,,,,,,OK,13-May-2024,10:33:59,Default,Slope,-58.76,99,mV/pH,14.6,mV,1.0000,3,4.00,pH,190.1,mV,23.2,7.01,pH,13.5,mV,23.1,10.03,pH,-161.9,mV,23.2,,,,,,,,,,,,,,,,,,,,,°C,,,,,1715631857,1715596439,232782200041,,Interval,EndOfRecord
RD,CD,13-May-2024,20:19:17,Default,CDC401,SN 181522588013,Edited,Sample ID (67197),75.3,mS/cm,22.4,°C,71.5,mS/cm,,,NaCl/Non-Linear,Reference Temperature = 25 °C,,,,,,,,,,,OK,13-May-2024,10:35:52,Default,K,0.431,,cm⁻¹,,,,1,30000,µS/cm,29.0,mS/cm,23.3,,,,,,,,,,,,,,,,,,,,,,,,,,,,,,,°C,,,,,1715631557,1715596552,232782200041,,Interval,EndOfRecord
RD,pH,13-May-2024,20:19:17,Default,PHC301,SN 232262574574,Edited,Sample ID (67197),2.510,pH,22.5,°C,276.4,mV,,,,,,,,,,,,,,,OK,13-May-2024,10:33:59,Default,Slope,-58.76,99,mV/pH,14.6,mV,1.0000,3,4.00,pH,190.1,mV,23.2,7.01,pH,13.5,mV,23.1,10.03,pH,-161.9,mV,23.2,,,,,,,,,,,,,,,,,,,,,°C,,,,,1715631557,1715596439,232782200041,,Interval,EndOfRecord
RD,CD,13-May-2024,20:14:18,Default,CDC401,SN 181522588013,Edited,Sample ID (67196),75.3,mS/cm,22.4,°C,71.4,mS/cm,,,NaCl/Non-Linear,Reference Temperature = 25 °C,,,,,,,,,,,OK,13-May-2024,10:35:52,Default,K,0.431,,cm⁻¹,,,,1,30000,µS/cm,29.0,mS/cm,23.3,,,,,,,,,,,,,,,,,,,,,,,,,,,,,,,°C,,,,,1715631258,1715596552,232782200041,,Interval,EndOfRecord
RD,pH,13-May-2024,20:14:18,Default,PHC301,SN 232262574574,Edited,Sample ID (67196),2.510,pH,22.5,°C,276.2,mV,,,,,,,,,,,,,,,OK,13-May-2024,10:33:59,Default,Slope,-58.76,99,mV/pH,14.6,mV,1.0000,3,4.00,pH,190.1,mV,23.2,7.01,pH,13.5,mV,23.1,10.03,pH,-161.9,mV,23.2,,,,,,,,,,,,,,,,,,,,,°C,,,,,1715631258,1715596439,232782200041,,Interval,EndOfRecord
RD,CD,13-May-2024,20:09:18,Default,CDC401,SN 181522588013,Edited,Sample ID (67195),75.2,mS/cm,22.5,°C,71.4,mS/cm,,,NaCl/Non-Linear,Reference Temperature = 25 °C,,,,,,,,,,,OK,13-May-2024,10:35:52,Default,K,0.431,,cm⁻¹,,,,1,30000,µS/cm,29.0,mS/cm,23.3,,,,,,,,,,,,,,,,,,,,,,,,,,,,,,,°C,,,,,1715630958,1715596552,232782200041,,Interval,EndOfRecord
RD,pH,13-May-2024,20:09:18,Default,PHC301,SN 232262574574,Edited,Sample ID (67195),2.512,pH,22.5,°C,276.2,mV,,,,,,,,,,,,,,,OK,13-May-2024,10:33:59,Default,Slope,-58.76,99,mV/pH,14.6,mV,1.0000,3,4.00,pH,190.1,mV,23.2,7.01,pH,13.5,mV,23.1,10.03,pH,-161.9,mV,23.2,,,,,,,,,,,,,,,,,,,,,°C,,,,,1715630958,1715596439,232782200041,,Interval,EndOfRecord
RD,CD,13-May-2024,20:04:18,Default,CDC401,SN 181522588013,Edited,Sample ID (67194),75.2,mS/cm,22.4,°C,71.4,mS/cm,,,NaCl/Non-Linear,Reference Temperature = 25 °C,,,,,,,,,,,OK,13-May-2024,10:35:52,Default,K,0.431,,cm⁻¹,,,,1,30000,µS/cm,29.0,mS/cm,23.3,,,,,,,,,,,,,,,,,,,,,,,,,,,,,,,°C,,,,,1715630658,1715596552,232782200041,,Interval,EndOfRecord
RD,pH,13-May-2024,20:04:18,Default,PHC301,SN 232262574574,Edited,Sample ID (67194),2.512,pH,22.5,°C,276.2,mV,,,,,,,,,,,,,,,OK,13-May-2024,10:33:59,Default,Slope,-58.76,99,mV/pH,14.6,mV,1.0000,3,4.00,pH,190.1,mV,23.2,7.01,pH,13.5,mV,23.1,10.03,pH,-161.9,mV,23.2,,,,,,,,,,,,,,,,,,,,,°C,,,,,1715630658,1715596439,232782200041,,Interval,EndOfRecord
RD,CD,13-May-2024,19:59:17,Default,CDC401,SN 181522588013,Edited,Sample ID (67193),75.2,mS/cm,22.4,°C,71.3,mS/cm,,,NaCl/Non-Linear,Reference Temperature = 25 °C,,,,,,,,,,,OK,13-May-2024,10:35:52,Default,K,0.431,,cm⁻¹,,,,1,30000,µS/cm,29.0,mS/cm,23.3,,,,,,,,,,,,,,,,,,,,,,,,,,,,,,,°C,,,,,1715630357,1715596552,232782200041,,Interval,EndOfRecord
RD,pH,13-May-2024,19:59:17,Default,PHC301,SN 232262574574,Edited,Sample ID (67193),2.512,pH,22.5,°C,276.1,mV,,,,,,,,,,,,,,,OK,13-May-2024,10:33:59,Default,Slope,-58.76,99,mV/pH,14.6,mV,1.0000,3,4.00,pH,190.1,mV,23.2,7.01,pH,13.5,mV,23.1,10.03,pH,-161.9,mV,23.2,,,,,,,,,,,,,,,,,,,,,°C,,,,,1715630357,1715596439,232782200041,,Interval,EndOfRecord
RD,CD,13-May-2024,19:54:18,Default,CDC401,SN 181522588013,Edited,Sample ID (67192),75.1,mS/cm,22.4,°C,71.3,mS/cm,,,NaCl/Non-Linear,Reference Temperature = 25 °C,,,,,,,,,,,OK,13-May-2024,10:35:52,Default,K,0.431,,cm⁻¹,,,,1,30000,µS/cm,29.0,mS/cm,23.3,,,,,,,,,,,,,,,,,,,,,,,,,,,,,,,°C,,,,,1715630058,1715596552,232782200041,,Interval,EndOfRecord
RD,pH,13-May-2024,19:54:18,Default,PHC301,SN 232262574574,Edited,Sample ID (67192),2.512,pH,22.5,°C,276.1,mV,,,,,,,,,,,,,,,OK,13-May-2024,10:33:59,Default,Slope,-58.76,99,mV/pH,14.6,mV,1.0000,3,4.00,pH,190.1,mV,23.2,7.01,pH,13.5,mV,23.1,10.03,pH,-161.9,mV,23.2,,,,,,,,,,,,,,,,,,,,,°C,,,,,1715630058,1715596439,232782200041,,Interval,EndOfRecord
RD,CD,13-May-2024,19:49:18,Default,CDC401,SN 181522588013,Edited,Sample ID (67191),75.2,mS/cm,22.4,°C,71.3,mS/cm,,,NaCl/Non-Linear,Reference Temperature = 25 °C,,,,,,,,,,,OK,13-May-2024,10:35:52,Default,K,0.431,,cm⁻¹,,,,1,30000,µS/cm,29.0,mS/cm,23.3,,,,,,,,,,,,,,,,,,,,,,,,,,,,,,,°C,,,,,1715629758,1715596552,232782200041,,Interval,EndOfRecord
RD,pH,13-May-2024,19:49:18,Default,PHC301,SN 232262574574,Edited,Sample ID (67191),2.512,pH,22.5,°C,276.1,mV,,,,,,,,,,,,,,,OK,13-May-2024,10:33:59,Default,Slope,-58.76,99,mV/pH,14.6,mV,1.0000,3,4.00,pH,190.1,mV,23.2,7.01,pH,13.5,mV,23.1,10.03,pH,-161.9,mV,23.2,,,,,,,,,,,,,,,,,,,,,°C,,,,,1715629758,1715596439,232782200041,,Interval,EndOfRecord
RD,CD,13-May-2024,19:44:18,Default,CDC401,SN 181522588013,Edited,Sample ID (67190),75.1,mS/cm,22.4,°C,71.2,mS/cm,,,NaCl/Non-Linear,Reference Temperature = 25 °C,,,,,,,,,,,OK,13-May-2024,10:35:52,Default,K,0.431,,cm⁻¹,,,,1,30000,µS/cm,29.0,mS/cm,23.3,,,,,,,,,,,,,,,,,,,,,,,,,,,,,,,°C,,,,,1715629458,1715596552,232782200041,,Interval,EndOfRecord
RD,pH,13-May-2024,19:44:18,Default,PHC301,SN 232262574574,Edited,Sample ID (67190),2.513,pH,22.5,°C,276.1,mV,,,,,,,,,,,,,,,OK,13-May-2024,10:33:59,Default,Slope,-58.76,99,mV/pH,14.6,mV,1.0000,3,4.00,pH,190.1,mV,23.2,7.01,pH,13.5,mV,23.1,10.03,pH,-161.9,mV,23.2,,,,,,,,,,,,,,,,,,,,,°C,,,,,1715629458,1715596439,232782200041,,Interval,EndOfRecord
RD,CD,13-May-2024,19:39:18,Default,CDC401,SN 181522588013,Edited,Sample ID (67189),75.1,mS/cm,22.4,°C,71.2,mS/cm,,,NaCl/Non-Linear,Reference Temperature = 25 °C,,,,,,,,,,,OK,13-May-2024,10:35:52,Default,K,0.431,,cm⁻¹,,,,1,30000,µS/cm,29.0,mS/cm,23.3,,,,,,,,,,,,,,,,,,,,,,,,,,,,,,,°C,,,,,1715629158,1715596552,232782200041,,Interval,EndOfRecord
RD,pH,13-May-2024,19:39:18,Default,PHC301,SN 232262574574,Edited,Sample ID (67189),2.513,pH,22.5,°C,276.0,mV,,,,,,,,,,,,,,,OK,13-May-2024,10:33:59,Default,Slope,-58.76,99,mV/pH,14.6,mV,1.0000,3,4.00,pH,190.1,mV,23.2,7.01,pH,13.5,mV,23.1,10.03,pH,-161.9,mV,23.2,,,,,,,,,,,,,,,,,,,,,°C,,,,,1715629158,1715596439,232782200041,,Interval,EndOfRecord
RD,CD,13-May-2024,19:34:17,Default,CDC401,SN 181522588013,Edited,Sample ID (67188),75.1,mS/cm,22.4,°C,71.2,mS/cm,,,NaCl/Non-Linear,Reference Temperature = 25 °C,,,,,,,,,,,OK,13-May-2024,10:35:52,Default,K,0.431,,cm⁻¹,,,,1,30000,µS/cm,29.0,mS/cm,23.3,,,,,,,,,,,,,,,,,,,,,,,,,,,,,,,°C,,,,,1715628857,1715596552,232782200041,,Interval,EndOfRecord
RD,pH,13-May-2024,19:34:17,Default,PHC301,SN 232262574574,Edited,Sample ID (67188),2.513,pH,22.4,°C,276.0,mV,,,,,,,,,,,,,,,OK,13-May-2024,10:33:59,Default,Slope,-58.76,99,mV/pH,14.6,mV,1.0000,3,4.00,pH,190.1,mV,23.2,7.01,pH,13.5,mV,23.1,10.03,pH,-161.9,mV,23.2,,,,,,,,,,,,,,,,,,,,,°C,,,,,1715628857,1715596439,232782200041,,Interval,EndOfRecord
RD,CD,13-May-2024,19:29:19,Default,CDC401,SN 181522588013,Edited,Sample ID (67187),75.1,mS/cm,22.3,°C,71.1,mS/cm,,,NaCl/Non-Linear,Reference Temperature = 25 °C,,,,,,,,,,,OK,13-May-2024,10:35:52,Default,K,0.431,,cm⁻¹,,,,1,30000,µS/cm,29.0,mS/cm,23.3,,,,,,,,,,,,,,,,,,,,,,,,,,,,,,,°C,,,,,1715628559,1715596552,232782200041,,Interval,EndOfRecord
RD,pH,13-May-2024,19:29:19,Default,PHC301,SN 232262574574,Edited,Sample ID (67187),2.513,pH,22.4,°C,276.0,mV,,,,,,,,,,,,,,,OK,13-May-2024,10:33:59,Default,Slope,-58.76,99,mV/pH,14.6,mV,1.0000,3,4.00,pH,190.1,mV,23.2,7.01,pH,13.5,mV,23.1,10.03,pH,-161.9,mV,23.2,,,,,,,,,,,,,,,,,,,,,°C,,,,,1715628559,1715596439,232782200041,,Interval,EndOfRecord
RD,CD,13-May-2024,19:24:19,Default,CDC401,SN 181522588013,Edited,Sample ID (67186),75.0,mS/cm,22.3,°C,71.0,mS/cm,,,NaCl/Non-Linear,Reference Temperature = 25 °C,,,,,,,,,,,OK,13-May-2024,10:35:52,Default,K,0.431,,cm⁻¹,,,,1,30000,µS/cm,29.0,mS/cm,23.3,,,,,,,,,,,,,,,,,,,,,,,,,,,,,,,°C,,,,,1715628259,1715596552,232782200041,,Interval,EndOfRecord
RD,pH,13-May-2024,19:24:19,Default,PHC301,SN 232262574574,Edited,Sample ID (67186),2.514,pH,22.4,°C,276.0,mV,,,,,,,,,,,,,,,OK,13-May-2024,10:33:59,Default,Slope,-58.76,99,mV/pH,14.6,mV,1.0000,3,4.00,pH,190.1,mV,23.2,7.01,pH,13.5,mV,23.1,10.03,pH,-161.9,mV,23.2,,,,,,,,,,,,,,,,,,,,,°C,,,,,1715628259,1715596439,232782200041,,Interval,EndOfRecord
RD,CD,13-May-2024,19:19:18,Default,CDC401,SN 181522588013,Edited,Sample ID (67185),75.1,mS/cm,22.3,°C,71.0,mS/cm,,,NaCl/Non-Linear,Reference Temperature = 25 °C,,,,,,,,,,,OK,13-May-2024,10:35:52,Default,K,0.431,,cm⁻¹,,,,1,30000,µS/cm,29.0,mS/cm,23.3,,,,,,,,,,,,,,,,,,,,,,,,,,,,,,,°C,,,,,1715627958,1715596552,232782200041,,Interval,EndOfRecord
RD,pH,13-May-2024,19:19:18,Default,PHC301,SN 232262574574,Edited,Sample ID (67185),2.514,pH,22.4,°C,276.0,mV,,,,,,,,,,,,,,,OK,13-May-2024,10:33:59,Default,Slope,-58.76,99,mV/pH,14.6,mV,1.0000,3,4.00,pH,190.1,mV,23.2,7.01,pH,13.5,mV,23.1,10.03,pH,-161.9,mV,23.2,,,,,,,,,,,,,,,,,,,,,°C,,,,,1715627958,1715596439,232782200041,,Interval,EndOfRecord
RD,CD,13-May-2024,19:14:18,Default,CDC401,SN 181522588013,Edited,Sample ID (67184),75.0,mS/cm,22.3,°C,70.9,mS/cm,,,NaCl/Non-Linear,Reference Temperature = 25 °C,,,,,,,,,,,OK,13-May-2024,10:35:52,Default,K,0.431,,cm⁻¹,,,,1,30000,µS/cm,29.0,mS/cm,23.3,,,,,,,,,,,,,,,,,,,,,,,,,,,,,,,°C,,,,,1715627658,1715596552,232782200041,,Interval,EndOfRecord
RD,pH,13-May-2024,19:14:18,Default,PHC301,SN 232262574574,Edited,Sample ID (67184),2.514,pH,22.4,°C,275.9,mV,,,,,,,,,,,,,,,OK,13-May-2024,10:33:59,Default,Slope,-58.76,99,mV/pH,14.6,mV,1.0000,3,4.00,pH,190.1,mV,23.2,7.01,pH,13.5,mV,23.1,10.03,pH,-161.9,mV,23.2,,,,,,,,,,,,,,,,,,,,,°C,,,,,1715627658,1715596439,232782200041,,Interval,EndOfRecord
RD,CD,13-May-2024,19:09:18,Default,CDC401,SN 181522588013,Edited,Sample ID (67183),75.0,mS/cm,22.3,°C,70.9,mS/cm,,,NaCl/Non-Linear,Reference Temperature = 25 °C,,,,,,,,,,,OK,13-May-2024,10:35:52,Default,K,0.431,,cm⁻¹,,,,1,30000,µS/cm,29.0,mS/cm,23.3,,,,,,,,,,,,,,,,,,,,,,,,,,,,,,,°C,,,,,1715627358,1715596552,232782200041,,Interval,EndOfRecord
RD,pH,13-May-2024,19:09:18,Default,PHC301,SN 232262574574,Edited,Sample ID (67183),2.514,pH,22.2,°C,275.9,mV,,,,,,,,,,,,,,,OK,13-May-2024,10:33:59,Default,Slope,-58.76,99,mV/pH,14.6,mV,1.0000,3,4.00,pH,190.1,mV,23.2,7.01,pH,13.5,mV,23.1,10.03,pH,-161.9,mV,23.2,,,,,,,,,,,,,,,,,,,,,°C,,,,,1715627358,1715596439,232782200041,,Interval,EndOfRecord
RD,CD,13-May-2024,19:04:18,Default,CDC401,SN 181522588013,Edited,Sample ID (67182),74.9,mS/cm,22.2,°C,70.8,mS/cm,,,NaCl/Non-Linear,Reference Temperature = 25 °C,,,,,,,,,,,OK,13-May-2024,10:35:52,Default,K,0.431,,cm⁻¹,,,,1,30000,µS/cm,29.0,mS/cm,23.3,,,,,,,,,,,,,,,,,,,,,,,,,,,,,,,°C,,,,,1715627058,1715596552,232782200041,,Interval,EndOfRecord
RD,pH,13-May-2024,19:04:18,Default,PHC301,SN 232262574574,Edited,Sample ID (67182),2.516,pH,22.2,°C,275.7,mV,,,,,,,,,,,,,,,OK,13-May-2024,10:33:59,Default,Slope,-58.76,99,mV/pH,14.6,mV,1.0000,3,4.00,pH,190.1,mV,23.2,7.01,pH,13.5,mV,23.1,10.03,pH,-161.9,mV,23.2,,,,,,,,,,,,,,,,,,,,,°C,,,,,1715627058,1715596439,232782200041,,Interval,EndOfRecord
RD,CD,13-May-2024,18:59:18,Default,CDC401,SN 181522588013,Edited,Sample ID (67181),74.9,mS/cm,22.2,°C,70.8,mS/cm,,,NaCl/Non-Linear,Reference Temperature = 25 °C,,,,,,,,,,,OK,13-May-2024,10:35:52,Default,K,0.431,,cm⁻¹,,,,1,30000,µS/cm,29.0,mS/cm,23.3,,,,,,,,,,,,,,,,,,,,,,,,,,,,,,,°C,,,,,1715626758,1715596552,232782200041,,Interval,EndOfRecord
RD,pH,13-May-2024,18:59:18,Default,PHC301,SN 232262574574,Edited,Sample ID (67181),2.516,pH,22.2,°C,275.7,mV,,,,,,,,,,,,,,,OK,13-May-2024,10:33:59,Default,Slope,-58.76,99,mV/pH,14.6,mV,1.0000,3,4.00,pH,190.1,mV,23.2,7.01,pH,13.5,mV,23.1,10.03,pH,-161.9,mV,23.2,,,,,,,,,,,,,,,,,,,,,°C,,,,,1715626758,1715596439,232782200041,,Interval,EndOfRecord
RD,CD,13-May-2024,18:54:18,Default,CDC401,SN 181522588013,Edited,Sample ID (67180),74.9,mS/cm,22.2,°C,70.7,mS/cm,,,NaCl/Non-Linear,Reference Temperature = 25 °C,,,,,,,,,,,OK,13-May-2024,10:35:52,Default,K,0.431,,cm⁻¹,,,,1,30000,µS/cm,29.0,mS/cm,23.3,,,,,,,,,,,,,,,,,,,,,,,,,,,,,,,°C,,,,,1715626458,1715596552,232782200041,,Interval,EndOfRecord
RD,pH,13-May-2024,18:54:18,Default,PHC301,SN 232262574574,Edited,Sample ID (67180),2.517,pH,22.2,°C,275.6,mV,,,,,,,,,,,,,,,OK,13-May-2024,10:33:59,Default,Slope,-58.76,99,mV/pH,14.6,mV,1.0000,3,4.00,pH,190.1,mV,23.2,7.01,pH,13.5,mV,23.1,10.03,pH,-161.9,mV,23.2,,,,,,,,,,,,,,,,,,,,,°C,,,,,1715626458,1715596439,232782200041,,Interval,EndOfRecord
RD,CD,13-May-2024,18:49:19,Default,CDC401,SN 181522588013,Edited,Sample ID (67179),74.9,mS/cm,22.1,°C,70.7,mS/cm,,,NaCl/Non-Linear,Reference Temperature = 25 °C,,,,,,,,,,,OK,13-May-2024,10:35:52,Default,K,0.431,,cm⁻¹,,,,1,30000,µS/cm,29.0,mS/cm,23.3,,,,,,,,,,,,,,,,,,,,,,,,,,,,,,,°C,,,,,1715626159,1715596552,232782200041,,Interval,EndOfRecord
RD,pH,13-May-2024,18:49:19,Default,PHC301,SN 232262574574,Edited,Sample ID (67179),2.517,pH,22.1,°C,275.6,mV,,,,,,,,,,,,,,,OK,13-May-2024,10:33:59,Default,Slope,-58.76,99,mV/pH,14.6,mV,1.0000,3,4.00,pH,190.1,mV,23.2,7.01,pH,13.5,mV,23.1,10.03,pH,-161.9,mV,23.2,,,,,,,,,,,,,,,,,,,,,°C,,,,,1715626159,1715596439,232782200041,,Interval,EndOfRecord
RD,CD,13-May-2024,18:44:18,Default,CDC401,SN 181522588013,Edited,Sample ID (67178),74.9,mS/cm,22.1,°C,70.6,mS/cm,,,NaCl/Non-Linear,Reference Temperature = 25 °C,,,,,,,,,,,OK,13-May-2024,10:35:52,Default,K,0.431,,cm⁻¹,,,,1,30000,µS/cm,29.0,mS/cm,23.3,,,,,,,,,,,,,,,,,,,,,,,,,,,,,,,°C,,,,,1715625858,1715596552,232782200041,,Interval,EndOfRecord
RD,pH,13-May-2024,18:44:18,Default,PHC301,SN 232262574574,Edited,Sample ID (67178),2.518,pH,22.1,°C,275.4,mV,,,,,,,,,,,,,,,OK,13-May-2024,10:33:59,Default,Slope,-58.76,99,mV/pH,14.6,mV,1.0000,3,4.00,pH,190.1,mV,23.2,7.01,pH,13.5,mV,23.1,10.03,pH,-161.9,mV,23.2,,,,,,,,,,,,,,,,,,,,,°C,,,,,1715625858,1715596439,232782200041,,Interval,EndOfRecord
RD,CD,13-May-2024,18:39:19,Default,CDC401,SN 181522588013,Edited,Sample ID (67177),74.9,mS/cm,22.0,°C,70.5,mS/cm,,,NaCl/Non-Linear,Reference Temperature = 25 °C,,,,,,,,,,,OK,13-May-2024,10:35:52,Default,K,0.431,,cm⁻¹,,,,1,30000,µS/cm,29.0,mS/cm,23.3,,,,,,,,,,,,,,,,,,,,,,,,,,,,,,,°C,,,,,1715625559,1715596552,232782200041,,Interval,EndOfRecord
RD,pH,13-May-2024,18:39:19,Default,PHC301,SN 232262574574,Edited,Sample ID (67177),2.518,pH,22.1,°C,275.4,mV,,,,,,,,,,,,,,,OK,13-May-2024,10:33:59,Default,Slope,-58.76,99,mV/pH,14.6,mV,1.0000,3,4.00,pH,190.1,mV,23.2,7.01,pH,13.5,mV,23.1,10.03,pH,-161.9,mV,23.2,,,,,,,,,,,,,,,,,,,,,°C,,,,,1715625559,1715596439,232782200041,,Interval,EndOfRecord
RD,CD,13-May-2024,18:34:18,Default,CDC401,SN 181522588013,Edited,Sample ID (67176),74.9,mS/cm,22.0,°C,70.4,mS/cm,,,NaCl/Non-Linear,Reference Temperature = 25 °C,,,,,,,,,,,OK,13-May-2024,10:35:52,Default,K,0.431,,cm⁻¹,,,,1,30000,µS/cm,29.0,mS/cm,23.3,,,,,,,,,,,,,,,,,,,,,,,,,,,,,,,°C,,,,,1715625258,1715596552,232782200041,,Interval,EndOfRecord
RD,pH,13-May-2024,18:34:18,Default,PHC301,SN 232262574574,Edited,Sample ID (67176),2.519,pH,22.0,°C,275.3,mV,,,,,,,,,,,,,,,OK,13-May-2024,10:33:59,Default,Slope,-58.76,99,mV/pH,14.6,mV,1.0000,3,4.00,pH,190.1,mV,23.2,7.01,pH,13.5,mV,23.1,10.03,pH,-161.9,mV,23.2,,,,,,,,,,,,,,,,,,,,,°C,,,,,1715625258,1715596439,232782200041,,Interval,EndOfRecord
RD,CD,13-May-2024,18:29:18,Default,CDC401,SN 181522588013,Edited,Sample ID (67175),74.8,mS/cm,22.0,°C,70.3,mS/cm,,,NaCl/Non-Linear,Reference Temperature = 25 °C,,,,,,,,,,,OK,13-May-2024,10:35:52,Default,K,0.431,,cm⁻¹,,,,1,30000,µS/cm,29.0,mS/cm,23.3,,,,,,,,,,,,,,,,,,,,,,,,,,,,,,,°C,,,,,1715624958,1715596552,232782200041,,Interval,EndOfRecord
RD,pH,13-May-2024,18:29:18,Default,PHC301,SN 232262574574,Edited,Sample ID (67175),2.519,pH,22.0,°C,275.3,mV,,,,,,,,,,,,,,,OK,13-May-2024,10:33:59,Default,Slope,-58.76,99,mV/pH,14.6,mV,1.0000,3,4.00,pH,190.1,mV,23.2,7.01,pH,13.5,mV,23.1,10.03,pH,-161.9,mV,23.2,,,,,,,,,,,,,,,,,,,,,°C,,,,,1715624958,1715596439,232782200041,,Interval,EndOfRecord
RD,CD,13-May-2024,18:24:18,Default,CDC401,SN 181522588013,Edited,Sample ID (67174),74.8,mS/cm,21.9,°C,70.2,mS/cm,,,NaCl/Non-Linear,Reference Temperature = 25 °C,,,,,,,,,,,OK,13-May-2024,10:35:52,Default,K,0.431,,cm⁻¹,,,,1,30000,µS/cm,29.0,mS/cm,23.3,,,,,,,,,,,,,,,,,,,,,,,,,,,,,,,°C,,,,,1715624658,1715596552,232782200041,,Interval,EndOfRecord
RD,pH,13-May-2024,18:24:18,Default,PHC301,SN 232262574574,Edited,Sample ID (67174),2.521,pH,22.0,°C,275.1,mV,,,,,,,,,,,,,,,OK,13-May-2024,10:33:59,Default,Slope,-58.76,99,mV/pH,14.6,mV,1.0000,3,4.00,pH,190.1,mV,23.2,7.01,pH,13.5,mV,23.1,10.03,pH,-161.9,mV,23.2,,,,,,,,,,,,,,,,,,,,,°C,,,,,1715624658,1715596439,232782200041,,Interval,EndOfRecord
RD,CD,13-May-2024,18:19:18,Default,CDC401,SN 181522588013,Edited,Sample ID (67173),74.8,mS/cm,21.9,°C,70.2,mS/cm,,,NaCl/Non-Linear,Reference Temperature = 25 °C,,,,,,,,,,,OK,13-May-2024,10:35:52,Default,K,0.431,,cm⁻¹,,,,1,30000,µS/cm,29.0,mS/cm,23.3,,,,,,,,,,,,,,,,,,,,,,,,,,,,,,,°C,,,,,1715624358,1715596552,232782200041,,Interval,EndOfRecord
RD,pH,13-May-2024,18:19:18,Default,PHC301,SN 232262574574,Edited,Sample ID (67173),2.521,pH,21.9,°C,275.1,mV,,,,,,,,,,,,,,,OK,13-May-2024,10:33:59,Default,Slope,-58.76,99,mV/pH,14.6,mV,1.0000,3,4.00,pH,190.1,mV,23.2,7.01,pH,13.5,mV,23.1,10.03,pH,-161.9,mV,23.2,,,,,,,,,,,,,,,,,,,,,°C,,,,,1715624358,1715596439,232782200041,,Interval,EndOfRecord
RD,CD,13-May-2024,18:14:18,Default,CDC401,SN 181522588013,Edited,Sample ID (67172),74.7,mS/cm,21.8,°C,70.0,mS/cm,,,NaCl/Non-Linear,Reference Temperature = 25 °C,,,,,,,,,,,OK,13-May-2024,10:35:52,Default,K,0.431,,cm⁻¹,,,,1,30000,µS/cm,29.0,mS/cm,23.3,,,,,,,,,,,,,,,,,,,,,,,,,,,,,,,°C,,,,,1715624058,1715596552,232782200041,,Interval,EndOfRecord
RD,pH,13-May-2024,18:14:18,Default,PHC301,SN 232262574574,Edited,Sample ID (67172),2.522,pH,21.9,°C,275.0,mV,,,,,,,,,,,,,,,OK,13-May-2024,10:33:59,Default,Slope,-58.76,99,mV/pH,14.6,mV,1.0000,3,4.00,pH,190.1,mV,23.2,7.01,pH,13.5,mV,23.1,10.03,pH,-161.9,mV,23.2,,,,,,,,,,,,,,,,,,,,,°C,,,,,1715624058,1715596439,232782200041,,Interval,EndOfRecord
RD,CD,13-May-2024,18:09:18,Default,CDC401,SN 181522588013,Edited,Sample ID (67171),74.7,mS/cm,21.8,°C,69.9,mS/cm,,,NaCl/Non-Linear,Reference Temperature = 25 °C,,,,,,,,,,,OK,13-May-2024,10:35:52,Default,K,0.431,,cm⁻¹,,,,1,30000,µS/cm,29.0,mS/cm,23.3,,,,,,,,,,,,,,,,,,,,,,,,,,,,,,,°C,,,,,1715623758,1715596552,232782200041,,Interval,EndOfRecord
RD,pH,13-May-2024,18:09:18,Default,PHC301,SN 232262574574,Edited,Sample ID (67171),2.524,pH,21.7,°C,274.8,mV,,,,,,,,,,,,,,,OK,13-May-2024,10:33:59,Default,Slope,-58.76,99,mV/pH,14.6,mV,1.0000,3,4.00,pH,190.1,mV,23.2,7.01,pH,13.5,mV,23.1,10.03,pH,-161.9,mV,23.2,,,,,,,,,,,,,,,,,,,,,°C,,,,,1715623758,1715596439,232782200041,,Interval,EndOfRecord
RD,CD,13-May-2024,18:04:18,Default,CDC401,SN 181522588013,Edited,Sample ID (67170),74.7,mS/cm,21.7,°C,69.8,mS/cm,,,NaCl/Non-Linear,Reference Temperature = 25 °C,,,,,,,,,,,OK,13-May-2024,10:35:52,Default,K,0.431,,cm⁻¹,,,,1,30000,µS/cm,29.0,mS/cm,23.3,,,,,,,,,,,,,,,,,,,,,,,,,,,,,,,°C,,,,,1715623458,1715596552,232782200041,,Interval,EndOfRecord
RD,pH,13-May-2024,18:04:18,Default,PHC301,SN 232262574574,Edited,Sample ID (67170),2.524,pH,21.7,°C,274.8,mV,,,,,,,,,,,,,,,OK,13-May-2024,10:33:59,Default,Slope,-58.76,99,mV/pH,14.6,mV,1.0000,3,4.00,pH,190.1,mV,23.2,7.01,pH,13.5,mV,23.1,10.03,pH,-161.9,mV,23.2,,,,,,,,,,,,,,,,,,,,,°C,,,,,1715623458,1715596439,232782200041,,Interval,EndOfRecord
RD,CD,13-May-2024,17:59:19,Default,CDC401,SN 181522588013,Edited,Sample ID (67169),74.7,mS/cm,21.6,°C,69.7,mS/cm,,,NaCl/Non-Linear,Reference Temperature = 25 °C,,,,,,,,,,,OK,13-May-2024,10:35:52,Default,K,0.431,,cm⁻¹,,,,1,30000,µS/cm,29.0,mS/cm,23.3,,,,,,,,,,,,,,,,,,,,,,,,,,,,,,,°C,,,,,1715623159,1715596552,232782200041,,Interval,EndOfRecord
RD,pH,13-May-2024,17:59:19,Default,PHC301,SN 232262574574,Edited,Sample ID (67169),2.525,pH,21.6,°C,274.6,mV,,,,,,,,,,,,,,,OK,13-May-2024,10:33:59,Default,Slope,-58.76,99,mV/pH,14.6,mV,1.0000,3,4.00,pH,190.1,mV,23.2,7.01,pH,13.5,mV,23.1,10.03,pH,-161.9,mV,23.2,,,,,,,,,,,,,,,,,,,,,°C,,,,,1715623159,1715596439,232782200041,,Interval,EndOfRecord
RD,CD,13-May-2024,17:54:18,Default,CDC401,SN 181522588013,Edited,Sample ID (67168),74.7,mS/cm,21.6,°C,69.6,mS/cm,,,NaCl/Non-Linear,Reference Temperature = 25 °C,,,,,,,,,,,OK,13-May-2024,10:35:52,Default,K,0.431,,cm⁻¹,,,,1,30000,µS/cm,29.0,mS/cm,23.3,,,,,,,,,,,,,,,,,,,,,,,,,,,,,,,°C,,,,,1715622858,1715596552,232782200041,,Interval,EndOfRecord
RD,pH,13-May-2024,17:54:18,Default,PHC301,SN 232262574574,Edited,Sample ID (67168),2.527,pH,21.6,°C,274.5,mV,,,,,,,,,,,,,,,OK,13-May-2024,10:33:59,Default,Slope,-58.76,99,mV/pH,14.6,mV,1.0000,3,4.00,pH,190.1,mV,23.2,7.01,pH,13.5,mV,23.1,10.03,pH,-161.9,mV,23.2,,,,,,,,,,,,,,,,,,,,,°C,,,,,1715622858,1715596439,232782200041,,Interval,EndOfRecord
RD,CD,13-May-2024,17:49:18,Default,CDC401,SN 181522588013,Edited,Sample ID (67167),74.6,mS/cm,21.5,°C,69.4,mS/cm,,,NaCl/Non-Linear,Reference Temperature = 25 °C,,,,,,,,,,,OK,13-May-2024,10:35:52,Default,K,0.431,,cm⁻¹,,,,1,30000,µS/cm,29.0,mS/cm,23.3,,,,,,,,,,,,,,,,,,,,,,,,,,,,,,,°C,,,,,1715622558,1715596552,232782200041,,Interval,EndOfRecord
RD,pH,13-May-2024,17:49:18,Default,PHC301,SN 232262574574,Edited,Sample ID (67167),2.529,pH,21.4,°C,274.3,mV,,,,,,,,,,,,,,,OK,13-May-2024,10:33:59,Default,Slope,-58.76,99,mV/pH,14.6,mV,1.0000,3,4.00,pH,190.1,mV,23.2,7.01,pH,13.5,mV,23.1,10.03,pH,-161.9,mV,23.2,,,,,,,,,,,,,,,,,,,,,°C,,,,,1715622558,1715596439,232782200041,,Interval,EndOfRecord
RD,CD,13-May-2024,17:44:18,Default,CDC401,SN 181522588013,Edited,Sample ID (67166),74.6,mS/cm,21.4,°C,69.3,mS/cm,,,NaCl/Non-Linear,Reference Temperature = 25 °C,,,,,,,,,,,OK,13-May-2024,10:35:52,Default,K,0.431,,cm⁻¹,,,,1,30000,µS/cm,29.0,mS/cm,23.3,,,,,,,,,,,,,,,,,,,,,,,,,,,,,,,°C,,,,,1715622258,1715596552,232782200041,,Interval,EndOfRecord
RD,pH,13-May-2024,17:44:18,Default,PHC301,SN 232262574574,Edited,Sample ID (67166),2.530,pH,21.4,°C,274.2,mV,,,,,,,,,,,,,,,OK,13-May-2024,10:33:59,Default,Slope,-58.76,99,mV/pH,14.6,mV,1.0000,3,4.00,pH,190.1,mV,23.2,7.01,pH,13.5,mV,23.1,10.03,pH,-161.9,mV,23.2,,,,,,,,,,,,,,,,,,,,,°C,,,,,1715622258,1715596439,232782200041,,Interval,EndOfRecord
RD,CD,13-May-2024,17:39:18,Default,CDC401,SN 181522588013,Edited,Sample ID (67165),74.5,mS/cm,21.3,°C,69.1,mS/cm,,,NaCl/Non-Linear,Reference Temperature = 25 °C,,,,,,,,,,,OK,13-May-2024,10:35:52,Default,K,0.431,,cm⁻¹,,,,1,30000,µS/cm,29.0,mS/cm,23.3,,,,,,,,,,,,,,,,,,,,,,,,,,,,,,,°C,,,,,1715621958,1715596552,232782200041,,Interval,EndOfRecord
RD,pH,13-May-2024,17:39:18,Default,PHC301,SN 232262574574,Edited,Sample ID (67165),2.532,pH,21.3,°C,274.0,mV,,,,,,,,,,,,,,,OK,13-May-2024,10:33:59,Default,Slope,-58.76,99,mV/pH,14.6,mV,1.0000,3,4.00,pH,190.1,mV,23.2,7.01,pH,13.5,mV,23.1,10.03,pH,-161.9,mV,23.2,,,,,,,,,,,,,,,,,,,,,°C,,,,,1715621958,1715596439,232782200041,,Interval,EndOfRecord
RD,CD,13-May-2024,17:34:18,Default,CDC401,SN 181522588013,Edited,Sample ID (67164),74.5,mS/cm,21.2,°C,68.9,mS/cm,,,NaCl/Non-Linear,Reference Temperature = 25 °C,,,,,,,,,,,OK,13-May-2024,10:35:52,Default,K,0.431,,cm⁻¹,,,,1,30000,µS/cm,29.0,mS/cm,23.3,,,,,,,,,,,,,,,,,,,,,,,,,,,,,,,°C,,,,,1715621658,1715596552,232782200041,,Interval,EndOfRecord
RD,pH,13-May-2024,17:34:18,Default,PHC301,SN 232262574574,Edited,Sample ID (67164),2.534,pH,21.3,°C,273.8,mV,,,,,,,,,,,,,,,OK,13-May-2024,10:33:59,Default,Slope,-58.76,99,mV/pH,14.6,mV,1.0000,3,4.00,pH,190.1,mV,23.2,7.01,pH,13.5,mV,23.1,10.03,pH,-161.9,mV,23.2,,,,,,,,,,,,,,,,,,,,,°C,,,,,1715621658,1715596439,232782200041,,Interval,EndOfRecord
RD,CD,13-May-2024,17:29:18,Default,CDC401,SN 181522588013,Edited,Sample ID (67163),74.5,mS/cm,21.1,°C,68.8,mS/cm,,,NaCl/Non-Linear,Reference Temperature = 25 °C,,,,,,,,,,,OK,13-May-2024,10:35:52,Default,K,0.431,,cm⁻¹,,,,1,30000,µS/cm,29.0,mS/cm,23.3,,,,,,,,,,,,,,,,,,,,,,,,,,,,,,,°C,,,,,1715621358,1715596552,232782200041,,Interval,EndOfRecord
RD,pH,13-May-2024,17:29:18,Default,PHC301,SN 232262574574,Edited,Sample ID (67163),2.536,pH,21.2,°C,273.6,mV,,,,,,,,,,,,,,,OK,13-May-2024,10:33:59,Default,Slope,-58.76,99,mV/pH,14.6,mV,1.0000,3,4.00,pH,190.1,mV,23.2,7.01,pH,13.5,mV,23.1,10.03,pH,-161.9,mV,23.2,,,,,,,,,,,,,,,,,,,,,°C,,,,,1715621358,1715596439,232782200041,,Interval,EndOfRecord
RD,CD,13-May-2024,17:24:19,Default,CDC401,SN 181522588013,Edited,Sample ID (67162),74.4,mS/cm,21.0,°C,68.5,mS/cm,,,NaCl/Non-Linear,Reference Temperature = 25 °C,,,,,,,,,,,OK,13-May-2024,10:35:52,Default,K,0.431,,cm⁻¹,,,,1,30000,µS/cm,29.0,mS/cm,23.3,,,,,,,,,,,,,,,,,,,,,,,,,,,,,,,°C,,,,,1715621059,1715596552,232782200041,,Interval,EndOfRecord
RD,pH,13-May-2024,17:24:19,Default,PHC301,SN 232262574574,Edited,Sample ID (67162),2.538,pH,21.0,°C,273.3,mV,,,,,,,,,,,,,,,OK,13-May-2024,10:33:59,Default,Slope,-58.76,99,mV/pH,14.6,mV,1.0000,3,4.00,pH,190.1,mV,23.2,7.01,pH,13.5,mV,23.1,10.03,pH,-161.9,mV,23.2,,,,,,,,,,,,,,,,,,,,,°C,,,,,1715621059,1715596439,232782200041,,Interval,EndOfRecord
RD,CD,13-May-2024,17:19:18,Default,CDC401,SN 181522588013,Edited,Sample ID (67161),74.3,mS/cm,20.9,°C,68.3,mS/cm,,,NaCl/Non-Linear,Reference Temperature = 25 °C,,,,,,,,,,,OK,13-May-2024,10:35:52,Default,K,0.431,,cm⁻¹,,,,1,30000,µS/cm,29.0,mS/cm,23.3,,,,,,,,,,,,,,,,,,,,,,,,,,,,,,,°C,,,,,1715620758,1715596552,232782200041,,Interval,EndOfRecord
RD,pH,13-May-2024,17:19:18,Default,PHC301,SN 232262574574,Edited,Sample ID (67161),2.541,pH,20.9,°C,273.1,mV,,,,,,,,,,,,,,,OK,13-May-2024,10:33:59,Default,Slope,-58.76,99,mV/pH,14.6,mV,1.0000,3,4.00,pH,190.1,mV,23.2,7.01,pH,13.5,mV,23.1,10.03,pH,-161.9,mV,23.2,,,,,,,,,,,,,,,,,,,,,°C,,,,,1715620758,1715596439,232782200041,,Interval,EndOfRecord
RD,CD,13-May-2024,17:14:18,Default,CDC401,SN 181522588013,Edited,Sample ID (67160),74.3,mS/cm,20.8,°C,68.1,mS/cm,,,NaCl/Non-Linear,Reference Temperature = 25 °C,,,,,,,,,,,OK,13-May-2024,10:35:52,Default,K,0.431,,cm⁻¹,,,,1,30000,µS/cm,29.0,mS/cm,23.3,,,,,,,,,,,,,,,,,,,,,,,,,,,,,,,°C,,,,,1715620458,1715596552,232782200041,,Interval,EndOfRecord
RD,pH,13-May-2024,17:14:18,Default,PHC301,SN 232262574574,Edited,Sample ID (67160),2.545,pH,20.8,°C,272.8,mV,,,,,,,,,,,,,,,OK,13-May-2024,10:33:59,Default,Slope,-58.76,99,mV/pH,14.6,mV,1.0000,3,4.00,pH,190.1,mV,23.2,7.01,pH,13.5,mV,23.1,10.03,pH,-161.9,mV,23.2,,,,,,,,,,,,,,,,,,,,,°C,,,,,1715620458,1715596439,232782200041,,Interval,EndOfRecord
RD,CD,13-May-2024,17:09:18,Default,CDC401,SN 181522588013,Edited,Sample ID (67159),74.2,mS/cm,20.7,°C,67.9,mS/cm,,,NaCl/Non-Linear,Reference Temperature = 25 °C,,,,,,,,,,,OK,13-May-2024,10:35:52,Default,K,0.431,,cm⁻¹,,,,1,30000,µS/cm,29.0,mS/cm,23.3,,,,,,,,,,,,,,,,,,,,,,,,,,,,,,,°C,,,,,1715620158,1715596552,232782200041,,Interval,EndOfRecord
RD,pH,13-May-2024,17:09:18,Default,PHC301,SN 232262574574,Edited,Sample ID (67159),2.548,pH,20.7,°C,272.4,mV,,,,,,,,,,,,,,,OK,13-May-2024,10:33:59,Default,Slope,-58.76,99,mV/pH,14.6,mV,1.0000,3,4.00,pH,190.1,mV,23.2,7.01,pH,13.5,mV,23.1,10.03,pH,-161.9,mV,23.2,,,,,,,,,,,,,,,,,,,,,°C,,,,,1715620158,1715596439,232782200041,,Interval,EndOfRecord
RD,CD,13-May-2024,17:04:18,Default,CDC401,SN 181522588013,Edited,Sample ID (67158),74.1,mS/cm,20.6,°C,67.6,mS/cm,,,NaCl/Non-Linear,Reference Temperature = 25 °C,,,,,,,,,,,OK,13-May-2024,10:35:52,Default,K,0.431,,cm⁻¹,,,,1,30000,µS/cm,29.0,mS/cm,23.3,,,,,,,,,,,,,,,,,,,,,,,,,,,,,,,°C,,,,,1715619858,1715596552,232782200041,,Interval,EndOfRecord
RD,pH,13-May-2024,17:04:18,Default,PHC301,SN 232262574574,Edited,Sample ID (67158),2.551,pH,20.6,°C,272.1,mV,,,,,,,,,,,,,,,OK,13-May-2024,10:33:59,Default,Slope,-58.76,99,mV/pH,14.6,mV,1.0000,3,4.00,pH,190.1,mV,23.2,7.01,pH,13.5,mV,23.1,10.03,pH,-161.9,mV,23.2,,,,,,,,,,,,,,,,,,,,,°C,,,,,1715619858,1715596439,232782200041,,Interval,EndOfRecord
RD,CD,13-May-2024,16:59:18,Default,CDC401,SN 181522588013,Edited,Sample ID (67157),74.1,mS/cm,20.4,°C,67.4,mS/cm,,,NaCl/Non-Linear,Reference Temperature = 25 °C,,,,,,,,,,,OK,13-May-2024,10:35:52,Default,K,0.431,,cm⁻¹,,,,1,30000,µS/cm,29.0,mS/cm,23.3,,,,,,,,,,,,,,,,,,,,,,,,,,,,,,,°C,,,,,1715619558,1715596552,232782200041,,Interval,EndOfRecord
RD,pH,13-May-2024,16:59:18,Default,PHC301,SN 232262574574,Edited,Sample ID (67157),2.555,pH,20.4,°C,271.8,mV,,,,,,,,,,,,,,,OK,13-May-2024,10:33:59,Default,Slope,-58.76,99,mV/pH,14.6,mV,1.0000,3,4.00,pH,190.1,mV,23.2,7.01,pH,13.5,mV,23.1,10.03,pH,-161.9,mV,23.2,,,,,,,,,,,,,,,,,,,,,°C,,,,,1715619558,1715596439,232782200041,,Interval,EndOfRecord
RD,CD,13-May-2024,16:54:18,Default,CDC401,SN 181522588013,Edited,Sample ID (67156),74.1,mS/cm,20.3,°C,67.2,mS/cm,,,NaCl/Non-Linear,Reference Temperature = 25 °C,,,,,,,,,,,OK,13-May-2024,10:35:52,Default,K,0.431,,cm⁻¹,,,,1,30000,µS/cm,29.0,mS/cm,23.3,,,,,,,,,,,,,,,,,,,,,,,,,,,,,,,°C,,,,,1715619258,1715596552,232782200041,,Interval,EndOfRecord
RD,pH,13-May-2024,16:54:18,Default,PHC301,SN 232262574574,Edited,Sample ID (67156),2.560,pH,20.2,°C,271.4,mV,,,,,,,,,,,,,,,OK,13-May-2024,10:33:59,Default,Slope,-58.76,99,mV/pH,14.6,mV,1.0000,3,4.00,pH,190.1,mV,23.2,7.01,pH,13.5,mV,23.1,10.03,pH,-161.9,mV,23.2,,,,,,,,,,,,,,,,,,,,,°C,,,,,1715619258,1715596439,232782200041,,Interval,EndOfRecord
RD,CD,13-May-2024,16:49:18,Default,CDC401,SN 181522588013,Edited,Sample ID (67155),74.0,mS/cm,20.2,°C,66.9,mS/cm,,,NaCl/Non-Linear,Reference Temperature = 25 °C,,,,,,,,,,,OK,13-May-2024,10:35:52,Default,K,0.431,,cm⁻¹,,,,1,30000,µS/cm,29.0,mS/cm,23.3,,,,,,,,,,,,,,,,,,,,,,,,,,,,,,,°C,,,,,1715618958,1715596552,232782200041,,Interval,EndOfRecord
RD,pH,13-May-2024,16:49:18,Default,PHC301,SN 232262574574,Edited,Sample ID (67155),2.564,pH,20.1,°C,271.0,mV,,,,,,,,,,,,,,,OK,13-May-2024,10:33:59,Default,Slope,-58.76,99,mV/pH,14.6,mV,1.0000,3,4.00,pH,190.1,mV,23.2,7.01,pH,13.5,mV,23.1,10.03,pH,-161.9,mV,23.2,,,,,,,,,,,,,,,,,,,,,°C,,,,,1715618958,1715596439,232782200041,,Interval,EndOfRecord
RD,CD,13-May-2024,16:44:18,Default,CDC401,SN 181522588013,Edited,Sample ID (67154),74.0,mS/cm,19.9,°C,66.6,mS/cm,,,NaCl/Non-Linear,Reference Temperature = 25 °C,,,,,,,,,,,OK,13-May-2024,10:35:52,Default,K,0.431,,cm⁻¹,,,,1,30000,µS/cm,29.0,mS/cm,23.3,,,,,,,,,,,,,,,,,,,,,,,,,,,,,,,°C,,,,,1715618658,1715596552,232782200041,,Interval,EndOfRecord
RD,pH,13-May-2024,16:44:18,Default,PHC301,SN 232262574574,Edited,Sample ID (67154),2.567,pH,19.9,°C,270.6,mV,,,,,,,,,,,,,,,OK,13-May-2024,10:33:59,Default,Slope,-58.76,99,mV/pH,14.6,mV,1.0000,3,4.00,pH,190.1,mV,23.2,7.01,pH,13.5,mV,23.1,10.03,pH,-161.9,mV,23.2,,,,,,,,,,,,,,,,,,,,,°C,,,,,1715618658,1715596439,232782200041,,Interval,EndOfRecord
RD,CD,13-May-2024,16:39:18,Default,CDC401,SN 181522588013,Edited,Sample ID (67153),73.9,mS/cm,19.8,°C,66.3,mS/cm,,,NaCl/Non-Linear,Reference Temperature = 25 °C,,,,,,,,,,,OK,13-May-2024,10:35:52,Default,K,0.431,,cm⁻¹,,,,1,30000,µS/cm,29.0,mS/cm,23.3,,,,,,,,,,,,,,,,,,,,,,,,,,,,,,,°C,,,,,1715618358,1715596552,232782200041,,Interval,EndOfRecord
RD,pH,13-May-2024,16:39:18,Default,PHC301,SN 232262574574,Edited,Sample ID (67153),2.572,pH,19.7,°C,270.2,mV,,,,,,,,,,,,,,,OK,13-May-2024,10:33:59,Default,Slope,-58.76,99,mV/pH,14.6,mV,1.0000,3,4.00,pH,190.1,mV,23.2,7.01,pH,13.5,mV,23.1,10.03,pH,-161.9,mV,23.2,,,,,,,,,,,,,,,,,,,,,°C,,,,,1715618358,1715596439,232782200041,,Interval,EndOfRecord
RD,CD,13-May-2024,16:34:19,Default,CDC401,SN 181522588013,Edited,Sample ID (67152),73.9,mS/cm,19.5,°C,66.0,mS/cm,,,NaCl/Non-Linear,Reference Temperature = 25 °C,,,,,,,,,,,OK,13-May-2024,10:35:52,Default,K,0.431,,cm⁻¹,,,,1,30000,µS/cm,29.0,mS/cm,23.3,,,,,,,,,,,,,,,,,,,,,,,,,,,,,,,°C,,,,,1715618059,1715596552,232782200041,,Interval,EndOfRecord
RD,pH,13-May-2024,16:34:19,Default,PHC301,SN 232262574574,Edited,Sample ID (67152),2.575,pH,19.5,°C,269.8,mV,,,,,,,,,,,,,,,OK,13-May-2024,10:33:59,Default,Slope,-58.76,99,mV/pH,14.6,mV,1.0000,3,4.00,pH,190.1,mV,23.2,7.01,pH,13.5,mV,23.1,10.03,pH,-161.9,mV,23.2,,,,,,,,,,,,,,,,,,,,,°C,,,,,1715618059,1715596439,232782200041,,Interval,EndOfRecord
RD,CD,13-May-2024,16:29:18,Default,CDC401,SN 181522588013,Edited,Sample ID (67151),73.9,mS/cm,19.3,°C,65.7,mS/cm,,,NaCl/Non-Linear,Reference Temperature = 25 °C,,,,,,,,,,,OK,13-May-2024,10:35:52,Default,K,0.431,,cm⁻¹,,,,1,30000,µS/cm,29.0,mS/cm,23.3,,,,,,,,,,,,,,,,,,,,,,,,,,,,,,,°C,,,,,1715617758,1715596552,232782200041,,Interval,EndOfRecord
RD,pH,13-May-2024,16:29:18,Default,PHC301,SN 232262574574,Edited,Sample ID (67151),2.580,pH,19.3,°C,269.4,mV,,,,,,,,,,,,,,,OK,13-May-2024,10:33:59,Default,Slope,-58.76,99,mV/pH,14.6,mV,1.0000,3,4.00,pH,190.1,mV,23.2,7.01,pH,13.5,mV,23.1,10.03,pH,-161.9,mV,23.2,,,,,,,,,,,,,,,,,,,,,°C,,,,,1715617758,1715596439,232782200041,,Interval,EndOfRecord
RD,CD,13-May-2024,16:24:18,Default,CDC401,SN 181522588013,Edited,Sample ID (67150),73.8,mS/cm,19.1,°C,65.3,mS/cm,,,NaCl/Non-Linear,Reference Temperature = 25 °C,,,,,,,,,,,OK,13-May-2024,10:35:52,Default,K,0.431,,cm⁻¹,,,,1,30000,µS/cm,29.0,mS/cm,23.3,,,,,,,,,,,,,,,,,,,,,,,,,,,,,,,°C,,,,,1715617458,1715596552,232782200041,,Interval,EndOfRecord
RD,pH,13-May-2024,16:24:18,Default,PHC301,SN 232262574574,Edited,Sample ID (67150),2.584,pH,19.0,°C,268.9,mV,,,,,,,,,,,,,,,OK,13-May-2024,10:33:59,Default,Slope,-58.76,99,mV/pH,14.6,mV,1.0000,3,4.00,pH,190.1,mV,23.2,7.01,pH,13.5,mV,23.1,10.03,pH,-161.9,mV,23.2,,,,,,,,,,,,,,,,,,,,,°C,,,,,1715617458,1715596439,232782200041,,Interval,EndOfRecord
RD,CD,13-May-2024,16:19:18,Default,CDC401,SN 181522588013,Edited,Sample ID (67149),73.8,mS/cm,18.9,°C,64.9,mS/cm,,,NaCl/Non-Linear,Reference Temperature = 25 °C,,,,,,,,,,,OK,13-May-2024,10:35:52,Default,K,0.431,,cm⁻¹,,,,1,30000,µS/cm,29.0,mS/cm,23.3,,,,,,,,,,,,,,,,,,,,,,,,,,,,,,,°C,,,,,1715617158,1715596552,232782200041,,Interval,EndOfRecord
RD,pH,13-May-2024,16:19:18,Default,PHC301,SN 232262574574,Edited,Sample ID (67149),2.587,pH,18.7,°C,268.5,mV,,,,,,,,,,,,,,,OK,13-May-2024,10:33:59,Default,Slope,-58.76,99,mV/pH,14.6,mV,1.0000,3,4.00,pH,190.1,mV,23.2,7.01,pH,13.5,mV,23.1,10.03,pH,-161.9,mV,23.2,,,,,,,,,,,,,,,,,,,,,°C,,,,,1715617158,1715596439,232782200041,,Interval,EndOfRecord
RD,CD,13-May-2024,16:14:18,Default,CDC401,SN 181522588013,Edited,Sample ID (67148),73.8,mS/cm,18.5,°C,64.4,mS/cm,,,NaCl/Non-Linear,Reference Temperature = 25 °C,,,,,,,,,,,OK,13-May-2024,10:35:52,Default,K,0.431,,cm⁻¹,,,,1,30000,µS/cm,29.0,mS/cm,23.3,,,,,,,,,,,,,,,,,,,,,,,,,,,,,,,°C,,,,,1715616858,1715596552,232782200041,,Interval,EndOfRecord
RD,pH,13-May-2024,16:14:18,Default,PHC301,SN 232262574574,Edited,Sample ID (67148),2.590,pH,18.4,°C,268.1,mV,,,,,,,,,,,,,,,OK,13-May-2024,10:33:59,Default,Slope,-58.76,99,mV/pH,14.6,mV,1.0000,3,4.00,pH,190.1,mV,23.2,7.01,pH,13.5,mV,23.1,10.03,pH,-161.9,mV,23.2,,,,,,,,,,,,,,,,,,,,,°C,,,,,1715616858,1715596439,232782200041,,Interval,EndOfRecord
RD,CD,13-May-2024,16:09:18,Default,CDC401,SN 181522588013,Edited,Sample ID (67147),73.7,mS/cm,18.2,°C,64.0,mS/cm,,,NaCl/Non-Linear,Reference Temperature = 25 °C,,,,,,,,,,,OK,13-May-2024,10:35:52,Default,K,0.431,,cm⁻¹,,,,1,30000,µS/cm,29.0,mS/cm,23.3,,,,,,,,,,,,,,,,,,,,,,,,,,,,,,,°C,,,,,1715616558,1715596552,232782200041,,Interval,EndOfRecord
RD,pH,13-May-2024,16:09:18,Default,PHC301,SN 232262574574,Edited,Sample ID (67147),2.593,pH,18.1,°C,267.6,mV,,,,,,,,,,,,,,,OK,13-May-2024,10:33:59,Default,Slope,-58.76,99,mV/pH,14.6,mV,1.0000,3,4.00,pH,190.1,mV,23.2,7.01,pH,13.5,mV,23.1,10.03,pH,-161.9,mV,23.2,,,,,,,,,,,,,,,,,,,,,°C,,,,,1715616558,1715596439,232782200041,,Interval,EndOfRecord
RD,CD,13-May-2024,16:04:18,Default,CDC401,SN 181522588013,Edited,Sample ID (67146),73.7,mS/cm,17.8,°C,63.4,mS/cm,,,NaCl/Non-Linear,Reference Temperature = 25 °C,,,,,,,,,,,OK,13-May-2024,10:35:52,Default,K,0.431,,cm⁻¹,,,,1,30000,µS/cm,29.0,mS/cm,23.3,,,,,,,,,,,,,,,,,,,,,,,,,,,,,,,°C,,,,,1715616258,1715596552,232782200041,,Interval,EndOfRecord
RD,pH,13-May-2024,16:04:18,Default,PHC301,SN 232262574574,Edited,Sample ID (67146),2.596,pH,17.8,°C,267.1,mV,,,,,,,,,,,,,,,OK,13-May-2024,10:33:59,Default,Slope,-58.76,99,mV/pH,14.6,mV,1.0000,3,4.00,pH,190.1,mV,23.2,7.01,pH,13.5,mV,23.1,10.03,pH,-161.9,mV,23.2,,,,,,,,,,,,,,,,,,,,,°C,,,,,1715616258,1715596439,232782200041,,Interval,EndOfRecord
RD,CD,13-May-2024,15:59:19,Default,CDC401,SN 181522588013,Edited,Sample ID (67145),73.7,mS/cm,17.5,°C,62.9,mS/cm,,,NaCl/Non-Linear,Reference Temperature = 25 °C,,,,,,,,,,,OK,13-May-2024,10:35:52,Default,K,0.431,,cm⁻¹,,,,1,30000,µS/cm,29.0,mS/cm,23.3,,,,,,,,,,,,,,,,,,,,,,,,,,,,,,,°C,,,,,1715615959,1715596552,232782200041,,Interval,EndOfRecord
RD,pH,13-May-2024,15:59:19,Default,PHC301,SN 232262574574,Edited,Sample ID (67145),2.600,pH,17.3,°C,266.6,mV,,,,,,,,,,,,,,,OK,13-May-2024,10:33:59,Default,Slope,-58.76,99,mV/pH,14.6,mV,1.0000,3,4.00,pH,190.1,mV,23.2,7.01,pH,13.5,mV,23.1,10.03,pH,-161.9,mV,23.2,,,,,,,,,,,,,,,,,,,,,°C,,,,,1715615959,1715596439,232782200041,,Interval,EndOfRecord
CL,CD,13-May-2024,10:35:52,Default,CDC401,SN 181522588013,Edited,,,,,,,,,,Custom Standard = 30000 µS/cm,Reference Temperature = 25 °C,Temp Correction Factor = 1.90 %/°C,,,,,,,,,,OK,13-May-2024,10:35:52,Default,K,0.431,,cm⁻¹,,,,1,30000,µS/cm,29.0,mS/cm,23.3,,,,,,,,,,,,,,,,,,,,,,,,,,,,,,,°C,,,,,1715596552,1715596552,232782200041,,,EndOfRecord
CL,pH,13-May-2024,10:33:59,Default,PHC301,SN 232262574574,Edited,,,,,,,,,,,,,,,,,,,,,,OK,13-May-2024,10:33:59,Default,Slope,-58.76,99,mV/pH,14.6,mV,1.0000,3,4.00,pH,190.1,mV,23.2,7.01,pH,13.5,mV,23.1,10.03,pH,-161.9,mV,23.2,,,,,,,,,,,,,,,,,,,,,°C,,,,,1715596439,1715596439,232782200041,,,EndOfRecord
