Time,Temperature (C),Pressure (kPa)
2024-05-24 13:18:01.324,21.6,102.0
2024-05-24 13:18:10.023,21.7,102.0
2024-05-24 13:18:19.487,21.6,102.0
2024-05-24 13:18:29.101,21.6,102.0
2024-05-24 13:18:38.802,21.7,102.0
2024-05-24 13:18:48.524,21.7,102.0
2024-05-24 13:18:58.303,21.6,102.0
2024-05-24 13:19:07.972,21.8,102.0
2024-05-24 13:19:17.742,21.6,102.0
2024-05-24 13:19:27.577,21.5,102.0
2024-05-24 13:19:37.481,21.5,102.0
2024-05-24 13:19:47.384,21.6,102.0
2024-05-24 13:19:57.364,21.6,102.0
2024-05-24 13:20:07.405,21.6,102.0
2024-05-24 13:20:17.494,21.7,102.0
2024-05-24 13:20:27.537,21.8,102.0
2024-05-24 13:20:37.607,21.7,102.0
2024-05-24 13:20:47.686,21.8,102.0
2024-05-24 13:20:57.838,21.8,102.0
2024-05-24 13:21:08.056,21.8,102.0
2024-05-24 13:21:18.318,21.7,102.0
2024-05-24 13:21:28.566,21.8,102.0
2024-05-24 13:21:38.873,21.8,102.0
2024-05-24 13:21:49.166,21.7,102.0
2024-05-24 13:21:59.621,21.6,102.0
2024-05-24 13:22:09.937,21.6,102.0
2024-05-24 13:22:20.357,21.7,102.0
2024-05-24 13:22:30.714,21.7,102.0
2024-05-24 13:22:41.127,21.7,102.0
2024-05-24 13:22:51.551,21.7,102.0
2024-05-24 13:23:02.100,21.7,102.0
2024-05-24 13:23:12.588,21.6,102.0
2024-05-24 13:23:23.148,21.6,102.0
2024-05-24 13:23:33.698,21.6,102.0
2024-05-24 13:23:44.331,21.6,102.0
2024-05-24 13:23:54.929,21.6,102.0
2024-05-24 13:24:05.556,21.7,102.0
2024-05-24 13:24:16.168,21.6,102.0
2024-05-24 13:24:26.810,21.6,102.0
2024-05-24 13:24:37.484,21.6,102.0
2024-05-24 13:24:48.231,21.6,102.0
2024-05-24 13:24:58.898,21.6,102.0
2024-05-24 13:25:09.630,21.7,102.0
2024-05-24 13:25:20.420,21.7,102.0
2024-05-24 13:25:31.145,21.6,102.0
2024-05-24 13:25:41.925,21.6,102.0
2024-05-24 13:25:52.647,21.7,102.0
2024-05-24 13:26:03.530,21.7,102.0
2024-05-24 13:26:14.385,21.7,102.0
2024-05-24 13:26:25.244,21.7,102.0
2024-05-24 13:26:36.070,21.6,102.0
2024-05-24 13:26:46.872,21.6,102.0
2024-05-24 13:26:57.789,21.6,102.0
2024-05-24 13:27:08.599,21.5,102.0
2024-05-24 13:27:19.455,21.7,102.0
2024-05-24 13:27:30.430,21.7,102.0
2024-05-24 13:27:41.338,21.6,102.0
2024-05-24 13:27:52.285,21.6,102.0
2024-05-24 13:28:03.174,21.6,102.0
2024-05-24 13:28:14.161,21.7,102.0
2024-05-24 13:28:25.133,21.6,102.0
2024-05-24 13:28:36.108,21.6,102.0
2024-05-24 13:28:47.032,21.6,102.0
2024-05-24 13:28:58.082,21.6,102.0
2024-05-24 13:29:08.946,21.6,102.0
2024-05-24 13:29:19.887,21.6,102.0
2024-05-24 13:29:30.883,21.5,102.0
2024-05-24 13:29:41.868,21.5,102.0
2024-05-24 13:29:52.855,21.6,102.0
2024-05-24 13:30:03.836,21.6,102.0
2024-05-24 13:30:14.776,21.6,102.0
2024-05-24 13:30:25.783,21.6,102.0
2024-05-24 13:30:36.717,21.6,102.0
2024-05-24 13:30:47.769,21.5,102.0
2024-05-24 13:30:58.742,21.6,102.0
2024-05-24 13:31:09.696,21.6,102.0
2024-05-24 13:31:20.787,21.6,102.0
2024-05-24 13:31:31.736,21.7,102.0
2024-05-24 13:31:42.811,21.8,102.0
2024-05-24 13:31:53.818,21.7,102.0
2024-05-24 13:32:04.755,21.7,102.0
2024-05-24 13:32:15.822,21.6,102.0
2024-05-24 13:32:26.900,21.6,102.0
2024-05-24 13:32:37.966,21.6,102.0
2024-05-24 13:32:48.964,21.6,102.0
2024-05-24 13:33:00.071,21.7,102.0
2024-05-24 13:33:11.187,21.6,102.0
2024-05-24 13:33:22.242,21.6,102.0
2024-05-24 13:33:33.278,21.6,102.0
2024-05-24 13:33:44.361,21.6,102.0
2024-05-24 13:33:55.352,21.6,102.0
2024-05-24 13:34:06.343,21.7,102.0
2024-05-24 13:34:17.422,21.7,102.0
2024-05-24 13:34:28.454,21.7,102.0
2024-05-24 13:34:39.428,21.7,102.0
2024-05-24 13:34:50.440,21.6,102.0
2024-05-24 13:35:01.395,21.5,102.0
2024-05-24 13:35:12.467,21.5,102.0
2024-05-24 13:35:23.407,21.6,102.0
2024-05-24 13:35:34.480,21.6,102.0
2024-05-24 13:35:45.393,21.6,102.0
2024-05-24 13:35:56.482,21.6,102.0
2024-05-24 13:36:07.495,21.6,102.0
2024-05-24 13:36:18.471,21.5,102.0
2024-05-24 13:36:29.517,21.6,102.0
2024-05-24 13:36:40.546,21.7,102.0
2024-05-24 13:36:51.541,21.7,102.0
2024-05-24 13:37:02.522,21.7,102.0
2024-05-24 13:37:13.508,21.7,102.0
2024-05-24 13:37:24.511,21.7,102.0
2024-05-24 13:37:35.525,21.7,102.0
2024-05-24 13:37:46.527,21.6,102.0
2024-05-24 13:37:57.531,21.6,102.0
2024-05-24 13:38:08.537,21.6,102.0
2024-05-24 13:38:19.509,21.6,102.0
2024-05-24 13:38:30.458,21.6,102.0
2024-05-24 13:38:41.362,21.6,102.0
2024-05-24 13:38:52.342,21.6,102.0
2024-05-24 13:39:03.296,21.7,102.0
2024-05-24 13:39:14.306,21.7,102.0
2024-05-24 13:39:25.330,21.6,102.0
2024-05-24 13:39:36.339,21.6,102.0
2024-05-24 13:39:47.385,21.5,102.0
2024-05-24 13:39:58.370,21.6,102.0
2024-05-24 13:40:09.415,21.6,102.0
2024-05-24 13:40:20.434,21.6,102.0
2024-05-24 13:40:31.433,21.6,102.0
2024-05-24 13:40:42.405,21.5,102.0
2024-05-24 13:40:53.367,21.7,102.0
2024-05-24 13:41:04.260,21.7,102.0
2024-05-24 13:41:15.246,21.7,102.0
2024-05-24 13:41:26.193,21.6,102.0
2024-05-24 13:41:37.174,21.6,102.0
2024-05-24 13:41:48.028,21.6,102.0
2024-05-24 13:41:59.034,21.6,102.0
2024-05-24 13:42:57.449,21.5,102.0
2024-05-24 13:43:07.234,21.5,102.0
2024-05-24 13:43:17.155,21.6,102.0
2024-05-24 13:43:27.276,21.7,102.0
2024-05-24 13:43:36.964,21.7,102.0
2024-05-24 13:43:46.830,21.7,102.0
2024-05-24 13:43:57.568,21.7,102.0
2024-05-24 13:44:08.540,21.7,102.0
2024-05-24 13:44:19.704,21.8,102.0
2024-05-24 13:44:30.355,21.7,102.0
2024-05-24 13:44:41.476,21.6,102.0
2024-05-24 13:45:00.036,21.5,102.0
2024-05-24 13:45:10.944,21.5,102.0
2024-05-24 13:45:21.885,21.5,102.0
2024-05-24 13:45:32.766,21.6,102.0
2024-05-24 13:45:43.563,21.6,102.0
2024-05-24 13:45:54.574,21.6,102.0
2024-05-24 13:46:05.496,21.6,102.0
2024-05-24 13:46:16.649,21.7,102.0
2024-05-24 13:46:27.660,21.7,102.0
2024-05-24 13:46:38.603,21.6,102.0
2024-05-24 13:46:49.622,21.6,102.0
2024-05-24 13:47:00.547,21.6,102.0
2024-05-24 13:47:11.549,21.6,102.0
2024-05-24 13:47:22.690,21.6,102.0
2024-05-24 13:47:33.629,21.6,102.0
2024-05-24 13:47:44.642,21.6,102.0
2024-05-24 13:47:55.562,21.6,102.0
2024-05-24 13:48:06.522,21.6,102.0
2024-05-24 13:48:17.662,21.6,102.0
2024-05-24 13:48:28.766,21.7,102.0
2024-05-24 13:48:39.933,21.6,102.0
2024-05-24 13:48:50.646,21.6,102.0
2024-05-24 13:49:01.818,21.6,102.0
2024-05-24 13:49:13.002,21.7,102.0
2024-05-24 13:49:23.894,21.7,102.0
2024-05-24 13:49:34.805,21.7,102.0
2024-05-24 13:49:45.854,21.7,102.0
2024-05-24 13:49:57.110,21.7,102.0
2024-05-24 13:50:08.045,21.7,102.0
2024-05-24 13:50:19.157,21.6,102.0
2024-05-24 13:50:30.278,21.6,102.0
2024-05-24 13:50:41.435,21.7,102.0
2024-05-24 13:50:52.262,21.6,102.0
2024-05-24 13:51:03.671,21.7,102.0
2024-05-24 13:51:14.545,21.6,102.0
2024-05-24 13:51:25.523,21.7,102.0
2024-05-24 13:51:36.465,21.7,102.0
2024-05-24 13:51:47.193,21.8,102.0
2024-05-24 13:51:58.224,21.6,102.0
2024-05-24 13:52:09.133,21.6,102.0
2024-05-24 13:52:20.102,21.7,102.0
2024-05-24 13:52:31.125,21.7,102.0
2024-05-24 13:52:42.043,21.7,102.0
2024-05-24 13:52:53.184,21.7,102.0
2024-05-24 13:53:04.151,21.5,102.0
2024-05-24 13:53:15.086,21.5,102.0
2024-05-24 13:53:26.074,21.4,102.0
2024-05-24 13:53:36.990,21.3,102.0
2024-05-24 13:53:48.003,21.5,102.0
2024-05-24 13:53:58.885,21.5,102.0
2024-05-24 13:54:10.391,21.6,102.0
2024-05-24 13:54:21.259,21.7,102.0
2024-05-24 13:54:32.206,21.7,102.0
2024-05-24 13:54:43.478,21.6,102.0
2024-05-24 13:54:54.223,21.7,102.0
2024-05-24 13:55:05.170,21.7,102.0
2024-05-24 13:55:16.220,21.7,102.0
2024-05-24 13:55:27.463,21.7,102.0
2024-05-24 13:55:38.362,21.7,102.0
2024-05-24 13:55:49.475,21.6,102.0
2024-05-24 13:55:59.924,21.6,102.0
2024-05-24 13:56:10.810,21.7,102.0
2024-05-24 13:56:21.827,21.7,102.0
2024-05-24 13:56:32.724,21.7,102.0
2024-05-24 13:56:43.946,21.7,102.0
2024-05-24 13:56:55.105,21.7,102.0
2024-05-24 13:57:05.697,21.5,102.0
2024-05-24 13:57:16.938,21.6,102.0
2024-05-24 13:57:27.988,21.5,102.0
2024-05-24 13:57:38.595,21.5,102.0
2024-05-24 13:57:49.693,21.5,102.0
2024-05-24 13:58:00.599,21.7,102.0
2024-05-24 13:58:11.351,21.7,102.0
2024-05-24 13:58:22.353,21.6,102.0
2024-05-24 13:58:33.303,21.6,102.0
2024-05-24 13:58:44.359,21.7,102.0
2024-05-24 13:58:55.137,21.7,102.0
2024-05-24 13:59:05.900,21.7,102.0
2024-05-24 13:59:16.579,21.7,102.0
2024-05-24 13:59:27.232,21.6,102.0
2024-05-24 13:59:37.828,21.6,102.0
2024-05-24 13:59:48.512,21.7,102.0
2024-05-24 13:59:59.515,21.7,102.0
2024-05-24 14:00:10.127,21.7,102.0
2024-05-24 14:00:20.879,21.7,102.0
2024-05-24 14:00:31.699,21.6,102.0
2024-05-24 14:00:42.639,21.6,102.0
2024-05-24 14:00:53.712,21.5,102.0
2024-05-24 14:01:04.384,21.6,102.0
2024-05-24 14:01:15.255,21.6,102.0
2024-05-24 14:01:26.134,21.7,102.0
2024-05-24 14:01:37.302,21.6,102.0
2024-05-24 14:01:48.016,21.7,102.0
2024-05-24 14:01:58.619,21.7,102.0
2024-05-24 14:02:09.025,21.7,102.0
2024-05-24 14:02:19.363,21.6,102.0
2024-05-24 14:02:30.225,21.6,102.0
2024-05-24 14:02:40.642,21.6,102.0
2024-05-24 14:02:51.627,21.7,102.0
2024-05-24 14:03:02.140,21.7,102.0
2024-05-24 14:03:12.956,21.7,102.0
2024-05-24 14:03:23.530,21.8,102.0
2024-05-24 14:03:34.194,21.7,102.0
2024-05-24 14:03:44.792,21.7,102.0
2024-05-24 14:03:55.418,21.8,102.0
2024-05-24 14:04:06.025,21.7,102.0
2024-05-24 14:04:16.785,21.7,102.0
2024-05-24 14:04:27.129,21.6,102.0
2024-05-24 14:04:37.415,21.7,101.9
2024-05-24 14:04:48.207,21.6,101.9
2024-05-24 14:04:58.821,21.6,101.9
2024-05-24 14:05:09.966,21.6,101.9
2024-05-24 14:05:20.871,21.5,101.9
2024-05-24 14:05:31.507,21.5,101.9
2024-05-24 14:05:42.334,21.4,101.9
2024-05-24 14:05:52.887,21.5,101.9
2024-05-24 14:06:03.458,21.7,101.9
2024-05-24 14:06:14.256,21.7,101.9
2024-05-24 14:06:24.806,21.7,101.9
2024-05-24 14:06:35.574,21.5,101.9
2024-05-24 14:06:46.042,21.7,101.9
2024-05-24 14:06:56.591,21.7,101.9
2024-05-24 14:07:07.318,21.5,101.9
2024-05-24 14:07:18.192,21.5,101.9
2024-05-24 14:07:28.779,21.5,101.9
2024-05-24 14:07:39.441,21.6,101.9
2024-05-24 14:07:50.339,21.6,101.9
2024-05-24 14:08:01.278,21.6,101.9
2024-05-24 14:08:12.093,21.6,101.9
2024-05-24 14:08:22.854,21.7,101.9
2024-05-24 14:08:33.749,21.6,101.9
2024-05-24 14:08:44.758,21.6,101.9
2024-05-24 14:08:55.501,21.6,101.9
2024-05-24 14:09:05.967,21.7,101.9
2024-05-24 14:09:16.678,21.7,101.9
2024-05-24 14:09:27.642,21.7,101.9
2024-05-24 14:09:38.464,21.6,101.9
2024-05-24 14:09:48.866,21.6,101.9
2024-05-24 14:09:59.607,21.6,101.9
2024-05-24 14:10:10.570,21.7,101.9
2024-05-24 14:10:21.006,21.6,101.9
2024-05-24 14:10:31.959,21.5,101.9
2024-05-24 14:10:42.332,21.7,101.9
2024-05-24 14:10:53.080,21.6,101.9
2024-05-24 14:11:03.770,21.6,101.9
2024-05-24 14:11:14.736,21.7,101.9
2024-05-24 14:11:24.943,21.7,101.9
2024-05-24 14:11:35.742,21.6,101.9
2024-05-24 14:11:46.810,21.6,101.9
2024-05-24 14:11:57.585,21.7,101.9
2024-05-24 14:12:08.397,21.6,101.9
2024-05-24 14:12:18.782,21.6,101.9
2024-05-24 14:12:29.580,21.6,101.9
2024-05-24 14:12:40.357,21.6,101.9
2024-05-24 14:12:50.955,21.6,101.9
2024-05-24 14:13:01.272,21.5,101.9
2024-05-24 14:13:11.892,21.6,101.9
2024-05-24 14:13:22.466,21.5,101.9
2024-05-24 14:13:33.228,21.6,101.9
2024-05-24 14:13:44.229,21.7,101.9
2024-05-24 14:13:54.426,21.6,101.9
2024-05-24 14:14:04.963,21.5,101.9
2024-05-24 14:14:15.757,21.6,101.9
2024-05-24 14:14:26.635,21.6,101.9
2024-05-24 14:14:36.824,21.7,101.9
2024-05-24 14:14:47.679,21.5,101.9
2024-05-24 14:14:58.075,21.6,101.9
2024-05-24 14:15:08.422,21.5,101.9
2024-05-24 14:15:19.270,21.5,101.9
2024-05-24 14:15:29.882,21.6,101.9
2024-05-24 14:15:40.420,21.6,101.9
2024-05-24 14:15:51.121,21.7,101.9
2024-05-24 14:16:02.125,21.6,101.9
2024-05-24 14:16:12.195,21.6,101.9
2024-05-24 14:16:22.641,21.5,101.9
2024-05-24 14:16:32.982,21.6,101.9
2024-05-24 14:16:43.726,21.5,101.9
2024-05-24 14:16:54.560,21.6,101.9
2024-05-24 14:17:05.369,21.6,101.9
2024-05-24 14:17:16.366,21.5,101.9
2024-05-24 14:17:27.310,21.4,101.9
2024-05-24 14:17:38.051,21.5,101.9
2024-05-24 14:17:48.638,21.6,101.9
2024-05-24 14:17:59.360,21.5,101.9
2024-05-24 14:18:10.187,21.7,101.9
2024-05-24 14:18:20.355,21.7,101.9
2024-05-24 14:18:31.232,21.7,101.9
2024-05-24 14:18:41.623,21.6,101.9
2024-05-24 14:18:52.538,21.5,101.9
2024-05-24 14:19:02.501,21.5,101.9
2024-05-24 14:19:13.445,21.6,101.9
2024-05-24 14:19:23.941,21.7,101.9
2024-05-24 14:19:34.490,21.6,101.9
2024-05-24 14:19:45.074,21.6,101.9
2024-05-24 14:19:55.635,21.5,101.9
2024-05-24 14:20:05.819,21.5,101.9
2024-05-24 14:20:16.162,21.6,101.9
2024-05-24 14:20:26.853,21.5,101.9
2024-05-24 14:20:37.211,21.5,101.9
2024-05-24 14:20:47.805,21.5,101.9
2024-05-24 14:20:58.182,21.6,101.9
2024-05-24 14:21:08.509,21.6,101.9
2024-05-24 14:21:18.705,21.6,101.9
2024-05-24 14:21:29.730,21.5,102.0
2024-05-24 14:21:40.254,21.5,102.0
2024-05-24 14:21:50.598,21.5,102.0
2024-05-24 14:22:00.953,21.6,102.0
2024-05-24 14:22:11.406,21.7,102.0
2024-05-24 14:22:21.838,21.6,102.0
2024-05-24 14:22:32.445,21.6,102.0
2024-05-24 14:22:43.028,21.5,102.0
2024-05-24 14:22:53.317,21.5,102.0
2024-05-24 14:23:04.269,21.6,102.0
2024-05-24 14:23:14.717,21.5,102.0
2024-05-24 14:23:25.042,21.5,102.0
2024-05-24 14:23:35.750,21.5,102.0
2024-05-24 14:23:46.088,21.5,102.0
2024-05-24 14:23:56.441,21.6,102.0
2024-05-24 14:24:06.734,21.6,102.0
2024-05-24 14:24:17.199,21.6,102.0
2024-05-24 14:24:27.541,21.6,102.0
2024-05-24 14:24:37.692,21.6,102.0
2024-05-24 14:24:47.919,21.7,102.0
2024-05-24 14:24:58.784,21.6,102.0
2024-05-24 14:25:09.453,21.6,102.0
2024-05-24 14:25:19.841,21.6,102.0
2024-05-24 14:25:30.376,21.6,102.0
2024-05-24 14:25:40.878,21.6,102.0
2024-05-24 14:25:51.023,21.7,102.0
2024-05-24 14:26:01.608,21.6,102.0
2024-05-24 14:26:12.122,21.6,102.0
2024-05-24 14:26:22.489,21.6,102.0
2024-05-24 14:26:33.118,21.5,102.0
2024-05-24 14:26:43.517,21.6,102.0
2024-05-24 14:26:54.209,21.6,102.0
2024-05-24 14:27:04.295,21.6,102.0
2024-05-24 14:27:14.916,21.6,102.0
2024-05-24 14:27:25.398,21.6,102.0
2024-05-24 14:27:36.181,21.7,102.0
2024-05-24 14:27:46.511,21.6,102.0
2024-05-24 14:27:57.033,21.6,102.0
2024-05-24 14:28:07.661,21.6,102.0
2024-05-24 14:28:18.122,21.6,102.0
2024-05-24 14:28:28.623,21.6,102.0
2024-05-24 14:28:38.853,21.6,102.0
2024-05-24 14:28:49.376,21.7,101.9
2024-05-24 14:28:59.476,21.6,101.9
2024-05-24 14:29:09.899,21.5,102.0
2024-05-24 14:29:20.239,21.5,101.9
2024-05-24 14:29:30.746,21.5,101.9
2024-05-24 14:29:41.079,21.6,101.9
2024-05-24 14:29:51.802,21.6,101.9
2024-05-24 14:30:01.829,21.7,101.9
2024-05-24 14:30:12.262,21.6,101.9
2024-05-24 14:30:22.618,21.6,101.9
2024-05-24 14:30:33.132,21.5,101.9
2024-05-24 14:30:43.482,21.5,101.9
2024-05-24 14:30:53.997,21.5,101.9
2024-05-24 14:31:04.479,21.5,101.9
2024-05-24 14:31:14.851,21.5,101.9
2024-05-24 14:31:24.994,21.5,101.9
2024-05-24 14:31:35.516,21.5,101.9
2024-05-24 14:31:45.889,21.6,101.9
2024-05-24 14:31:56.185,21.6,101.9
2024-05-24 14:32:06.816,21.6,101.9
2024-05-24 14:32:17.245,21.5,101.9
2024-05-24 14:32:27.269,21.6,101.9
2024-05-24 14:32:37.496,21.5,101.9
2024-05-24 14:32:47.492,21.5,101.9
2024-05-24 14:32:57.880,21.5,101.9
2024-05-24 14:33:08.237,21.6,101.9
2024-05-24 14:33:18.458,21.5,101.9
2024-05-24 14:33:28.600,21.5,101.9
2024-05-24 14:33:38.894,21.7,101.9
2024-05-24 14:33:49.300,21.6,101.9
2024-05-24 14:33:59.652,21.6,101.9
2024-05-24 14:34:10.265,21.5,101.9
2024-05-24 14:34:20.534,21.5,101.9
2024-05-24 14:34:31.083,21.5,101.9
2024-05-24 14:34:41.275,21.5,101.9
2024-05-24 14:34:51.512,21.6,101.9
2024-05-24 14:35:01.882,21.5,101.9
2024-05-24 14:35:12.568,21.5,101.9
2024-05-24 14:35:22.957,21.5,101.9
2024-05-24 14:35:33.382,21.6,101.9
2024-05-24 14:35:43.638,21.6,101.9
2024-05-24 14:35:53.945,21.6,101.9
2024-05-24 14:36:04.479,21.6,101.9
2024-05-24 14:36:14.806,21.6,101.9
2024-05-24 14:36:25.054,21.5,101.9
2024-05-24 14:36:35.401,21.6,101.9
2024-05-24 14:36:45.329,21.5,101.9
2024-05-24 14:36:55.741,21.4,101.9
2024-05-24 14:37:06.228,21.5,102.0
2024-05-24 14:37:16.672,21.5,102.0
2024-05-24 14:37:26.965,21.5,101.9
2024-05-24 14:37:37.530,21.5,101.9
2024-05-24 14:37:48.060,21.5,101.9
2024-05-24 14:37:58.469,21.6,101.9
2024-05-24 14:38:08.852,21.6,101.9
2024-05-24 14:38:18.841,21.8,101.9
2024-05-24 14:38:29.349,21.6,101.9
2024-05-24 14:38:39.205,21.6,102.0
2024-05-24 14:38:49.633,21.5,102.0
2024-05-24 14:39:00.066,21.4,102.0
2024-05-24 14:39:10.507,21.4,102.0
2024-05-24 14:39:20.764,21.6,102.0
2024-05-24 14:39:31.053,21.6,101.9
2024-05-24 14:39:41.417,21.5,101.9
2024-05-24 14:39:51.730,21.6,101.9
2024-05-24 14:40:02.175,21.5,101.9
2024-05-24 14:40:12.505,21.5,102.0
2024-05-24 14:40:22.603,21.5,101.9
2024-05-24 14:40:32.939,21.4,102.0
2024-05-24 14:40:43.386,21.4,102.0
2024-05-24 14:40:53.505,21.4,102.0
2024-05-24 14:41:03.963,21.4,102.0
2024-05-24 14:41:14.388,21.4,102.0
2024-05-24 14:41:24.607,21.4,102.0
2024-05-24 14:41:34.823,21.4,102.0
2024-05-24 14:41:45.022,21.5,102.0
2024-05-24 14:41:55.405,21.6,101.9
2024-05-24 14:42:05.669,21.7,101.9
2024-05-24 14:42:15.841,21.6,101.9
2024-05-24 14:42:26.073,21.6,101.9
2024-05-24 14:42:36.014,21.6,101.9
2024-05-24 14:42:46.301,21.5,101.9
2024-05-24 14:42:56.692,21.5,101.9
2024-05-24 14:43:06.744,21.5,101.9
2024-05-24 14:43:16.851,21.5,101.9
2024-05-24 14:43:27.157,21.6,101.9
2024-05-24 14:43:37.428,21.5,101.9
2024-05-24 14:43:47.607,21.5,101.9
2024-05-24 14:43:57.790,21.6,101.9
2024-05-24 14:44:08.024,21.5,101.9
2024-05-24 14:44:18.364,21.5,101.9
2024-05-24 14:44:28.454,21.6,101.9
2024-05-24 14:44:38.627,21.7,101.9
2024-05-24 14:44:48.571,21.6,101.9
2024-05-24 14:44:58.978,21.5,101.9
2024-05-24 14:45:09.143,21.5,101.9
2024-05-24 14:45:19.335,21.6,101.9
2024-05-24 14:45:29.312,21.5,101.9
2024-05-24 14:45:39.546,21.5,101.9
2024-05-24 14:45:49.992,21.6,101.9
2024-05-24 14:46:00.070,21.6,101.9
2024-05-24 14:46:10.326,21.6,101.9
2024-05-24 14:46:20.486,21.6,101.9
2024-05-24 14:46:30.898,21.6,102.0
2024-05-24 14:46:41.101,21.5,102.0
2024-05-24 14:46:51.484,21.4,102.0
2024-05-24 14:47:01.650,21.6,102.0
2024-05-24 14:47:12.052,21.6,102.0
2024-05-24 14:47:22.588,21.6,102.0
2024-05-24 14:47:32.818,21.6,102.0
2024-05-24 14:47:42.940,21.6,102.0
2024-05-24 14:47:53.121,21.6,102.0
2024-05-24 14:48:03.492,21.6,102.0
2024-05-24 14:48:13.496,21.6,102.0
2024-05-24 14:48:23.627,21.6,102.0
2024-05-24 14:48:33.591,21.5,102.0
2024-05-24 14:48:43.960,21.4,102.0
2024-05-24 14:48:54.190,21.5,102.0
2024-05-24 14:49:04.412,21.5,102.0
2024-05-24 14:49:14.394,21.6,102.0
2024-05-24 14:49:24.416,21.5,102.0
2024-05-24 14:49:34.619,21.6,102.0
2024-05-24 14:49:44.836,21.7,102.0
2024-05-24 14:49:55.410,21.7,102.0
2024-05-24 14:50:05.381,21.6,102.0
2024-05-24 14:50:15.478,21.5,102.0
2024-05-24 14:50:25.746,21.6,102.0
2024-05-24 14:50:36.126,21.5,102.0
2024-05-24 14:50:46.444,21.6,102.0
2024-05-24 14:50:56.690,21.6,102.0
2024-05-24 14:51:06.626,21.5,102.0
2024-05-24 14:51:16.732,21.5,102.0
2024-05-24 14:51:26.893,21.6,102.0
2024-05-24 14:51:37.122,21.5,102.0
2024-05-24 14:51:47.665,21.6,102.0
2024-05-24 14:51:57.535,21.6,102.0
2024-05-24 14:52:08.061,21.7,102.0
2024-05-24 14:52:18.188,21.5,102.0
2024-05-24 14:52:28.296,21.6,102.0
2024-05-24 14:52:38.735,21.5,102.0
2024-05-24 14:52:48.631,21.4,102.0
2024-05-24 14:52:58.868,21.5,102.0
2024-05-24 14:53:09.052,21.5,102.0
2024-05-24 14:53:19.105,21.6,102.0
2024-05-24 14:53:29.190,21.6,102.0
2024-05-24 14:53:39.444,21.6,102.0
2024-05-24 14:53:49.507,21.7,102.0
2024-05-24 14:53:59.470,21.6,102.0
2024-05-24 14:54:09.677,21.7,102.0
2024-05-24 14:54:19.740,21.5,102.0
2024-05-24 14:54:30.145,21.6,102.0
2024-05-24 14:54:40.378,21.5,102.0
2024-05-24 14:54:50.461,21.6,102.0
2024-05-24 14:55:00.719,21.6,102.0
2024-05-24 14:55:10.813,21.6,102.0
2024-05-24 14:55:20.778,21.5,102.0
2024-05-24 14:55:31.127,21.6,102.0
2024-05-24 14:55:41.411,21.5,102.0
2024-05-24 14:55:51.472,21.6,102.0
2024-05-24 14:56:01.646,21.6,102.0
2024-05-24 14:56:11.860,21.5,102.0
2024-05-24 14:56:22.136,21.6,102.0
2024-05-24 14:56:32.305,21.5,101.9
2024-05-24 14:56:42.307,21.4,101.9
2024-05-24 14:56:52.448,21.5,101.9
2024-05-24 14:57:02.383,21.4,101.9
2024-05-24 14:57:12.635,21.4,101.9
2024-05-24 14:57:22.877,21.5,101.9
2024-05-24 14:57:32.939,21.4,102.0
2024-05-24 14:57:42.938,21.4,101.9
2024-05-24 14:57:53.350,21.4,101.9
2024-05-24 14:58:03.762,21.5,101.9
2024-05-24 14:58:13.555,21.6,101.9
2024-05-24 14:58:23.676,21.5,101.9
2024-05-24 14:58:33.792,21.5,101.9
2024-05-24 14:58:44.079,21.5,101.9
2024-05-24 14:58:54.101,21.5,101.9
2024-05-24 14:59:04.107,21.5,101.9
2024-05-24 14:59:14.267,21.5,101.9
2024-05-24 14:59:24.280,21.5,101.9
2024-05-24 14:59:34.777,21.5,101.9
2024-05-24 14:59:45.181,21.4,101.9
2024-05-24 14:59:55.175,21.6,101.9
2024-05-24 15:00:05.247,21.5,101.9
2024-05-24 15:00:15.676,21.4,101.9
2024-05-24 15:00:25.553,21.4,101.9
2024-05-24 15:00:35.960,21.5,101.9
2024-05-24 15:00:46.143,21.4,101.9
2024-05-24 15:00:56.521,21.5,101.9
2024-05-24 15:01:06.529,21.5,101.9
2024-05-24 15:01:16.529,21.6,101.9
2024-05-24 15:01:26.479,21.6,101.9
2024-05-24 15:01:36.542,21.6,101.9
2024-05-24 15:01:46.264,21.5,101.9
2024-05-24 15:01:56.510,21.5,101.9
2024-05-24 15:02:06.515,21.5,101.9
2024-05-24 15:02:16.671,21.6,101.9
2024-05-24 15:02:27.145,21.6,101.9
2024-05-24 15:02:37.005,21.5,101.9
2024-05-24 15:02:47.124,21.5,101.9
2024-05-24 15:02:57.076,21.5,101.9
2024-05-24 15:03:07.160,21.4,101.9
2024-05-24 15:03:17.397,21.5,101.9
2024-05-24 15:03:27.783,21.4,101.9
2024-05-24 15:03:37.954,21.5,101.9
2024-05-24 15:03:48.055,21.6,101.9
2024-05-24 15:03:58.189,21.6,101.9
2024-05-24 15:04:08.362,21.6,101.9
2024-05-24 15:04:18.302,21.6,101.9
2024-05-24 15:04:28.132,21.6,101.9
2024-05-24 15:04:37.979,21.5,101.9
2024-05-24 15:04:48.070,21.5,101.9
2024-05-24 15:04:58.238,21.6,101.9
2024-05-24 15:05:08.154,21.5,101.9
2024-05-24 15:05:18.627,21.5,101.9
2024-05-24 15:05:28.689,21.5,101.9
2024-05-24 15:05:38.772,21.6,101.9
2024-05-24 15:05:49.086,21.5,101.9
2024-05-24 15:05:59.284,21.4,101.9
2024-05-24 15:06:09.384,21.4,101.9
2024-05-24 15:06:19.470,21.5,101.9
2024-05-24 15:06:29.530,21.5,101.9
2024-05-24 15:06:39.486,21.6,101.9
2024-05-24 15:06:49.670,21.5,101.9
2024-05-24 15:06:59.899,21.5,101.9
2024-05-24 15:07:09.795,21.5,101.9
2024-05-24 15:07:19.812,21.7,101.9
2024-05-24 15:07:29.766,21.6,101.9
2024-05-24 15:07:40.076,21.6,101.9
2024-05-24 15:07:49.850,21.5,101.9
2024-05-24 15:08:00.051,21.6,101.9
2024-05-24 15:08:10.106,21.5,101.9
2024-05-24 15:08:19.961,21.4,101.9
2024-05-24 15:08:30.148,21.5,101.9
2024-05-24 15:08:40.337,21.5,101.9
2024-05-24 15:08:50.603,21.5,101.9
2024-05-24 15:09:00.686,21.4,101.9
2024-05-24 15:09:10.855,21.3,101.9
2024-05-24 15:09:20.918,21.4,101.9
2024-05-24 15:09:31.118,21.5,101.9
2024-05-24 15:09:41.329,21.5,101.9
2024-05-24 15:09:51.416,21.5,101.9
2024-05-24 15:10:01.421,21.5,101.9
2024-05-24 15:10:11.461,21.5,101.9
2024-05-24 15:10:21.340,21.6,101.9
2024-05-24 15:10:31.442,21.6,101.9
2024-05-24 15:10:41.567,21.4,101.9
2024-05-24 15:10:51.560,21.4,101.9
2024-05-24 15:11:01.562,21.4,101.9
2024-05-24 15:11:11.498,21.5,101.9
2024-05-24 15:11:21.349,21.6,101.9
2024-05-24 15:11:31.193,21.5,101.9
2024-05-24 15:11:41.352,21.5,101.9
2024-05-24 15:11:51.395,21.5,101.9
2024-05-24 15:12:01.574,21.6,101.9
2024-05-24 15:12:11.408,21.6,101.9
2024-05-24 15:12:21.446,21.6,101.9
2024-05-24 15:12:31.276,21.5,101.9
2024-05-24 15:12:41.520,21.5,101.9
2024-05-24 15:12:51.592,21.5,101.9
2024-05-24 15:13:01.310,21.5,101.9
2024-05-24 15:13:11.421,21.5,101.9
2024-05-24 15:13:21.626,21.5,101.9
2024-05-24 15:13:31.502,21.6,101.9
2024-05-24 15:13:41.645,21.5,101.9
2024-05-24 15:13:51.646,21.5,101.9
2024-05-24 15:14:01.270,21.5,101.9
2024-05-24 15:14:11.178,21.5,101.9
2024-05-24 15:14:21.115,21.5,101.9
2024-05-24 15:14:31.051,21.5,101.9
2024-05-24 15:14:40.755,21.5,101.9
2024-05-24 15:14:50.880,21.5,101.9
2024-05-24 15:15:00.768,21.4,101.9
2024-05-24 15:15:10.706,21.4,101.9
2024-05-24 15:15:20.649,21.5,101.9
2024-05-24 15:15:30.655,21.5,101.9
2024-05-24 15:15:40.706,21.5,101.9
2024-05-24 15:15:50.804,21.6,101.9
2024-05-24 15:16:00.678,21.6,101.9
2024-05-24 15:16:10.423,21.6,101.9
2024-05-24 15:16:20.651,21.6,101.9
2024-05-24 15:16:30.860,21.5,101.9
2024-05-24 15:16:40.753,21.6,101.9
2024-05-24 15:16:50.866,21.5,101.9
2024-05-24 15:17:00.922,21.5,101.9
2024-05-24 15:17:11.274,21.6,101.9
2024-05-24 15:17:21.418,21.5,101.9
2024-05-24 15:17:31.292,21.5,101.9
2024-05-24 15:17:41.353,21.4,101.9
2024-05-24 15:17:51.491,21.5,101.9
2024-05-24 15:18:01.633,21.6,101.9
2024-05-24 15:18:11.328,21.5,101.9
2024-05-24 15:18:21.349,21.5,101.9
2024-05-24 15:18:31.463,21.6,101.9
2024-05-24 15:18:41.196,21.5,101.9
2024-05-24 15:18:51.189,21.4,101.9
2024-05-24 15:19:00.946,21.5,101.9
2024-05-24 15:19:10.795,21.4,101.9
2024-05-24 15:19:20.708,21.5,101.9
2024-05-24 15:19:30.562,21.5,101.9
2024-05-24 15:19:40.675,21.5,101.9
2024-05-24 15:19:50.515,21.4,101.9
2024-05-24 15:20:00.540,21.4,101.9
2024-05-24 15:20:10.660,21.5,101.9
2024-05-24 15:20:20.478,21.5,101.9
2024-05-24 15:20:30.386,21.5,101.9
2024-05-24 15:20:40.451,21.7,101.9
2024-05-24 15:20:50.119,21.6,101.9
2024-05-24 15:21:00.130,21.6,101.9
2024-05-24 15:21:10.069,21.6,101.9
2024-05-24 15:21:20.018,21.5,101.9
2024-05-24 15:21:30.068,21.5,101.9
2024-05-24 15:21:39.844,21.5,101.9
2024-05-24 15:21:50.186,21.5,101.9
2024-05-24 15:22:00.144,21.4,101.9
2024-05-24 15:22:09.925,21.4,101.9
2024-05-24 15:22:19.956,21.4,101.9
2024-05-24 15:22:29.813,21.4,101.9
2024-05-24 15:22:39.771,21.5,101.9
2024-05-24 15:22:49.841,21.5,101.9
2024-05-24 15:22:59.701,21.5,101.9
2024-05-24 15:23:09.519,21.5,101.9
2024-05-24 15:23:19.367,21.5,101.9
2024-05-24 15:23:29.585,21.5,101.9
2024-05-24 15:23:39.518,21.5,101.9
2024-05-24 15:23:49.446,21.5,101.9
2024-05-24 15:23:59.445,21.5,101.9
2024-05-24 15:24:09.375,21.5,101.9
2024-05-24 15:24:19.471,21.5,101.9
2024-05-24 15:24:29.669,21.5,101.9
2024-05-24 15:24:39.698,21.5,101.9
2024-05-24 15:24:49.654,21.5,101.9
2024-05-24 15:24:59.666,21.5,101.9
2024-05-24 15:25:09.600,21.4,101.9
2024-05-24 15:25:19.497,21.5,101.9
2024-05-24 15:25:29.437,21.5,101.9
2024-05-24 15:25:39.585,21.5,101.9
2024-05-24 15:25:49.394,21.6,101.9
2024-05-24 15:25:59.511,21.5,101.9
2024-05-24 15:26:09.280,21.4,101.9
2024-05-24 15:26:19.322,21.5,101.9
2024-05-24 15:26:29.088,21.5,101.9
2024-05-24 15:26:39.421,21.5,101.9
2024-05-24 15:26:49.269,21.5,101.9
2024-05-24 15:26:58.976,21.4,101.9
2024-05-24 15:27:08.900,21.4,101.9
2024-05-24 15:27:18.959,21.4,101.9
2024-05-24 15:27:29.036,21.5,101.9
2024-05-24 15:27:39.012,21.6,101.9
2024-05-24 15:27:48.911,21.5,101.9
2024-05-24 15:27:58.932,21.6,101.9
2024-05-24 15:28:08.962,21.5,101.9
2024-05-24 15:28:19.070,21.5,101.9
2024-05-24 15:28:29.001,21.5,101.9
2024-05-24 15:28:39.026,21.5,101.9
2024-05-24 15:28:48.971,21.4,101.9
2024-05-24 15:28:59.056,21.5,101.9
2024-05-24 15:29:08.956,21.5,101.9
2024-05-24 15:29:19.322,21.4,101.9
2024-05-24 15:29:29.368,21.5,101.9
2024-05-24 15:29:39.371,21.5,101.9
2024-05-24 15:29:49.142,21.5,101.9
2024-05-24 15:29:58.953,21.5,101.9
2024-05-24 15:30:08.830,21.5,101.9
2024-05-24 15:30:18.523,21.5,101.9
2024-05-24 15:30:28.610,21.5,101.9
2024-05-24 15:30:38.414,21.4,101.9
2024-05-24 15:30:48.431,21.4,101.9
2024-05-24 15:30:58.656,21.4,101.9
2024-05-24 15:31:08.121,21.4,101.9
2024-05-24 15:31:18.161,21.4,101.9
2024-05-24 15:31:28.165,21.5,101.9
2024-05-24 15:31:37.960,21.5,101.9
2024-05-24 15:31:47.897,21.5,101.9
2024-05-24 15:31:57.734,21.5,101.9
2024-05-24 15:32:07.577,21.5,101.9
2024-05-24 15:32:17.882,21.5,101.9
2024-05-24 15:32:27.812,21.6,101.9
2024-05-24 15:32:37.771,21.6,101.9
2024-05-24 15:32:47.580,21.5,101.9
2024-05-24 15:32:57.481,21.4,101.9
2024-05-24 15:33:07.376,21.5,101.9
2024-05-24 15:33:17.342,21.5,101.9
2024-05-24 15:33:27.302,21.5,101.9
2024-05-24 15:33:37.508,21.4,101.9
2024-05-24 15:33:47.368,21.6,101.9
2024-05-24 15:33:57.281,21.5,101.9
2024-05-24 15:34:07.225,21.5,101.9
2024-05-24 15:34:17.259,21.4,101.9
2024-05-24 15:34:27.322,21.5,101.9
2024-05-24 15:34:37.381,21.4,101.9
2024-05-24 15:34:47.401,21.5,101.9
2024-05-24 15:34:57.384,21.5,101.9
2024-05-24 15:35:07.298,21.5,101.9
2024-05-24 15:35:17.036,21.4,101.9
2024-05-24 15:35:27.006,21.4,101.9
2024-05-24 15:35:36.969,21.5,101.9
2024-05-24 15:35:46.891,21.5,101.9
2024-05-24 15:35:56.900,21.5,101.9
2024-05-24 15:36:06.929,21.4,101.9
2024-05-24 15:36:17.358,21.5,101.9
2024-05-24 15:36:27.180,21.5,101.9
2024-05-24 15:36:37.073,21.6,101.9
2024-05-24 15:36:46.964,21.5,101.9
2024-05-24 15:36:56.729,21.5,101.9
2024-05-24 15:37:06.497,21.5,101.9
2024-05-24 15:37:16.719,21.4,101.9
2024-05-24 15:37:26.497,21.4,101.9
2024-05-24 15:37:36.477,21.4,101.9
2024-05-24 15:37:46.402,21.5,101.9
2024-05-24 15:37:56.209,21.4,101.9
2024-05-24 15:38:06.264,21.5,101.9
2024-05-24 15:38:16.174,21.5,101.9
2024-05-24 15:38:25.955,21.5,101.9
2024-05-24 15:38:35.811,21.4,101.9
2024-05-24 15:38:45.781,21.3,101.9
2024-05-24 15:38:55.329,21.4,101.9
2024-05-24 15:39:05.190,21.5,101.9
2024-05-24 15:39:15.133,21.5,101.9
2024-05-24 15:39:24.999,21.5,101.9
2024-05-24 15:39:34.962,21.6,101.9
2024-05-24 15:39:44.599,21.4,101.9
2024-05-24 15:39:54.533,21.5,101.9
2024-05-24 15:40:04.046,21.5,101.9
2024-05-24 15:40:13.923,21.5,101.9
2024-05-24 15:40:23.728,21.4,101.9
2024-05-24 15:40:33.891,21.3,101.9
2024-05-24 15:40:43.717,21.4,101.9
2024-05-24 15:40:53.443,21.4,101.9
2024-05-24 15:41:03.392,21.4,101.9
2024-05-24 15:41:13.398,21.3,101.9
2024-05-24 15:41:23.502,21.4,101.9
2024-05-24 15:41:33.227,21.4,101.9
2024-05-24 15:41:43.091,21.5,101.9
2024-05-24 15:41:53.164,21.4,101.9
2024-05-24 15:42:02.886,21.4,101.9
2024-05-24 15:42:12.700,21.4,101.9
2024-05-24 15:42:22.469,21.5,101.9
2024-05-24 15:42:32.206,21.5,101.9
2024-05-24 15:42:41.824,21.4,101.9
2024-05-24 15:42:51.854,21.4,101.9
2024-05-24 15:43:01.354,21.3,101.9
2024-05-24 15:43:11.281,21.4,101.9
2024-05-24 15:43:21.095,21.4,101.9
2024-05-24 15:43:30.895,21.4,101.9
2024-05-24 15:43:40.726,21.4,101.9
2024-05-24 15:43:50.539,21.5,101.9
2024-05-24 15:44:00.199,21.4,101.9
2024-05-24 15:44:10.100,21.3,101.9
2024-05-24 15:44:20.049,21.3,101.9
2024-05-24 15:44:29.995,21.5,101.9
2024-05-24 15:44:40.125,21.5,101.9
2024-05-24 15:44:50.021,21.3,101.9
2024-05-24 15:44:59.989,21.4,101.9
2024-05-24 15:45:10.111,21.4,101.9
2024-05-24 15:45:19.903,21.3,101.9
2024-05-24 15:45:29.905,21.4,101.9
2024-05-24 15:45:39.473,21.5,101.9
2024-05-24 15:45:49.475,21.5,101.9
2024-05-24 15:45:59.452,21.5,101.9
2024-05-24 15:46:09.718,21.5,101.9
2024-05-24 15:46:19.599,21.4,101.9
2024-05-24 15:46:29.481,21.3,101.9
2024-05-24 15:46:39.557,21.4,101.9
2024-05-24 15:46:49.289,21.4,101.9
2024-05-24 15:46:59.087,21.5,101.9
2024-05-24 15:47:09.029,21.5,101.9
2024-05-24 15:47:19.011,21.5,101.9
2024-05-24 15:47:28.967,21.5,101.9
2024-05-24 15:47:38.856,21.4,101.9
2024-05-24 15:47:48.854,21.5,101.9
2024-05-24 15:47:58.879,21.5,101.9
2024-05-24 15:48:08.569,21.5,101.9
2024-05-24 15:48:18.485,21.4,101.9
2024-05-24 15:48:28.464,21.3,101.9
2024-05-24 15:48:38.300,21.4,101.9
2024-05-24 15:48:47.992,21.4,101.9
2024-05-24 15:48:57.868,21.4,101.9
2024-05-24 15:49:07.700,21.5,101.9
2024-05-24 15:49:17.531,21.4,101.9
2024-05-24 15:49:27.529,21.4,101.9
2024-05-24 15:49:37.231,21.4,101.9
2024-05-24 15:49:47.133,21.4,101.9
2024-05-24 15:49:57.044,21.5,101.9
2024-05-24 15:50:06.947,21.6,101.9
2024-05-24 15:50:16.564,21.5,101.9
2024-05-24 15:50:26.317,21.4,101.9
2024-05-24 15:50:35.931,21.5,101.9
2024-05-24 15:50:46.089,21.4,101.9
2024-05-24 15:50:55.865,21.5,101.9
2024-05-24 15:51:05.816,21.5,101.9
2024-05-24 15:51:15.696,21.5,101.9
2024-05-24 15:51:25.574,21.5,101.9
2024-05-24 15:51:35.498,21.5,101.9
2024-05-24 15:51:45.218,21.4,101.9
2024-05-24 15:51:55.308,21.5,101.9
2024-05-24 15:52:04.972,21.4,101.9
2024-05-24 15:52:14.772,21.3,101.9
2024-05-24 15:52:24.642,21.4,101.9
2024-05-24 15:52:34.452,21.5,101.9
2024-05-24 15:52:44.351,21.5,101.9
2024-05-24 15:52:53.891,21.4,101.9
2024-05-24 15:53:03.656,21.5,101.9
2024-05-24 15:53:13.279,21.5,101.9
2024-05-24 15:53:23.160,21.6,101.9
2024-05-24 15:53:33.232,21.4,101.9
2024-05-24 15:53:43.284,21.3,101.9
2024-05-24 15:53:53.222,21.4,101.9
2024-05-24 15:54:02.825,21.5,101.9
2024-05-24 15:54:12.802,21.4,101.9
2024-05-24 15:54:22.411,21.3,101.9
2024-05-24 15:54:32.242,21.4,101.9
2024-05-24 15:54:42.264,21.4,101.9
2024-05-24 15:54:52.147,21.6,101.9
2024-05-24 15:55:01.764,21.5,101.9
2024-05-24 15:55:11.674,21.5,101.9
2024-05-24 15:55:21.751,21.4,101.9
2024-05-24 15:55:31.561,21.5,101.9
2024-05-24 15:55:41.467,21.4,101.9
2024-05-24 15:55:51.472,21.5,101.9
2024-05-24 15:56:01.460,21.5,101.9
2024-05-24 15:56:11.320,21.5,101.9
2024-05-24 15:56:21.326,21.5,101.9
2024-05-24 15:56:30.703,21.6,101.9
2024-05-24 15:56:40.593,21.5,101.9
2024-05-24 15:56:50.562,21.5,101.9
2024-05-24 15:57:00.581,21.5,101.9
2024-05-24 15:57:10.661,21.6,101.9
2024-05-24 15:57:20.660,21.5,101.9
2024-05-24 15:57:30.663,21.5,101.9
2024-05-24 15:57:40.231,21.4,101.9
2024-05-24 15:57:49.965,21.4,101.9
2024-05-24 15:57:59.773,21.4,101.9
2024-05-24 15:58:09.647,21.4,101.9
2024-05-24 15:58:19.683,21.4,101.9
2024-05-24 15:58:29.254,21.3,101.9
2024-05-24 15:58:39.145,21.3,101.9
2024-05-24 15:58:48.859,21.3,101.9
2024-05-24 15:58:58.729,21.3,101.9
2024-05-24 15:59:08.587,21.4,101.9
2024-05-24 15:59:18.444,21.4,101.9
2024-05-24 15:59:28.337,21.4,101.9
2024-05-24 15:59:38.285,21.4,101.9
2024-05-24 15:59:48.171,21.4,101.9
2024-05-24 15:59:57.989,21.3,101.9
2024-05-24 16:00:07.751,21.3,101.9
2024-05-24 16:00:17.682,21.4,101.9
2024-05-24 16:00:27.205,21.3,101.9
2024-05-24 16:00:36.864,21.4,101.9
2024-05-24 16:00:46.486,21.4,101.9
2024-05-24 16:00:56.464,21.4,101.9
2024-05-24 16:01:06.288,21.5,101.9
2024-05-24 16:01:16.210,21.5,101.9
2024-05-24 16:01:26.131,21.5,101.9
2024-05-24 16:01:36.100,21.5,101.9
2024-05-24 16:01:45.793,21.5,101.9
2024-05-24 16:01:55.660,21.4,101.9
2024-05-24 16:02:05.652,21.4,101.9
2024-05-24 16:02:15.484,21.4,101.9
2024-05-24 16:02:25.256,21.5,101.9
2024-05-24 16:02:34.989,21.5,101.9
2024-05-24 16:02:44.792,21.5,101.9
2024-05-24 16:02:54.344,21.6,101.9
2024-05-24 16:03:04.082,21.5,101.9
2024-05-24 16:03:13.788,21.4,101.9
2024-05-24 16:03:23.778,21.4,101.9
2024-05-24 16:03:33.310,21.4,101.9
2024-05-24 16:03:43.402,21.4,101.9
2024-05-24 16:03:53.143,21.4,101.9
2024-05-24 16:04:02.859,21.4,101.9
2024-05-24 16:04:12.777,21.4,101.9
2024-05-24 16:04:22.663,21.4,101.9
2024-05-24 16:04:32.468,21.4,101.9
2024-05-24 16:04:42.020,21.5,101.9
2024-05-24 16:04:51.891,21.5,101.9
2024-05-24 16:05:01.765,21.4,101.9
2024-05-24 16:05:11.180,21.5,101.9
2024-05-24 16:05:20.959,21.5,101.9
2024-05-24 16:05:30.620,21.4,101.9
2024-05-24 16:05:40.448,21.3,101.9
2024-05-24 16:05:50.154,21.3,101.9
2024-05-24 16:06:00.152,21.3,101.9
2024-05-24 16:06:09.896,21.4,101.9
2024-05-24 16:06:19.838,21.4,101.9
2024-05-24 16:06:29.696,21.3,101.9
2024-05-24 16:06:39.386,21.5,101.9
2024-05-24 16:06:49.165,21.4,101.9
2024-05-24 16:06:59.111,21.4,101.9
2024-05-24 16:07:08.837,21.5,101.9
2024-05-24 16:07:18.732,21.6,101.9
2024-05-24 16:07:28.490,21.6,101.9
2024-05-24 16:07:38.307,21.6,101.9
2024-05-24 16:07:48.211,21.5,101.9
2024-05-24 16:07:58.062,21.5,101.9
2024-05-24 16:08:07.772,21.5,101.9
2024-05-24 16:08:17.517,21.6,101.9
2024-05-24 16:08:27.176,21.6,101.9
2024-05-24 16:08:37.034,21.6,101.9
2024-05-24 16:08:46.695,21.5,101.9
2024-05-24 16:08:56.643,21.6,101.9
2024-05-24 16:09:06.413,21.5,101.9
2024-05-24 16:09:15.965,21.5,101.9
2024-05-24 16:09:25.667,21.5,101.9
2024-05-24 16:09:35.654,21.5,101.9
2024-05-24 16:09:45.227,21.5,101.9
2024-05-24 16:09:55.183,21.4,101.9
2024-05-24 16:10:04.861,21.4,101.9
2024-05-24 16:10:14.629,21.4,101.9
2024-05-24 16:10:24.311,21.4,101.9
2024-05-24 16:10:34.111,21.3,101.9
2024-05-24 16:10:44.026,21.3,101.9
2024-05-24 16:10:53.746,21.4,101.9
2024-05-24 16:11:03.448,21.4,101.9
2024-05-24 16:11:13.087,21.5,101.9
2024-05-24 16:11:22.703,21.4,101.9
2024-05-24 16:11:32.675,21.5,101.9
2024-05-24 16:11:42.404,21.5,101.9
2024-05-24 16:11:52.195,21.5,101.9
2024-05-24 16:12:02.161,21.5,101.9
2024-05-24 16:12:11.988,21.3,101.9
2024-05-24 16:12:21.940,21.4,101.9
2024-05-24 16:12:31.850,21.4,101.9
2024-05-24 16:12:41.580,21.4,101.9
2024-05-24 16:12:51.502,21.5,101.9
2024-05-24 16:13:01.260,21.4,101.9
2024-05-24 16:13:11.211,21.5,101.9
2024-05-24 16:13:21.217,21.5,101.9
2024-05-24 16:13:30.999,21.4,101.9
2024-05-24 16:13:40.675,21.4,101.9
2024-05-24 16:13:50.664,21.4,101.9
2024-05-24 16:14:00.231,21.4,101.9
2024-05-24 16:14:09.919,21.5,101.9
2024-05-24 16:14:19.586,21.4,101.9
2024-05-24 16:14:29.211,21.4,101.9
2024-05-24 16:14:38.901,21.4,101.9
2024-05-24 16:14:48.516,21.5,101.9
2024-05-24 16:14:58.207,21.6,101.9
2024-05-24 16:15:08.029,21.6,101.9
2024-05-24 16:15:18.110,21.5,101.9
2024-05-24 16:15:27.634,21.4,101.9
2024-05-24 16:15:37.587,21.4,101.9
2024-05-24 16:15:47.265,21.4,101.9
2024-05-24 16:15:57.119,21.4,101.9
2024-05-24 16:16:07.124,21.4,101.9
2024-05-24 16:16:16.925,21.5,101.9
2024-05-24 16:16:26.688,21.5,101.9
2024-05-24 16:16:36.551,21.4,101.9
2024-05-24 16:16:46.408,21.5,101.9
2024-05-24 16:16:56.329,21.5,101.9
2024-05-24 16:17:06.447,21.5,101.9
2024-05-24 16:17:16.091,21.5,101.9
2024-05-24 16:17:25.740,21.5,101.9
2024-05-24 16:17:35.671,21.5,101.9
2024-05-24 16:17:45.761,21.5,101.9
2024-05-24 16:17:55.552,21.4,101.9
2024-05-24 16:18:05.352,21.3,101.9
2024-05-24 16:18:14.864,21.3,101.9
2024-05-24 16:18:24.412,21.3,101.9
2024-05-24 16:18:33.877,21.4,101.9
2024-05-24 16:18:43.947,21.4,101.9
2024-05-24 16:18:53.695,21.5,101.9
2024-05-24 16:19:03.508,21.5,101.9
2024-05-24 16:19:13.272,21.5,101.9
2024-05-24 16:19:23.301,21.4,101.9
2024-05-24 16:19:33.064,21.4,101.9
2024-05-24 16:19:42.792,21.4,101.9
2024-05-24 16:19:52.446,21.4,101.9
2024-05-24 16:20:02.282,21.3,101.9
2024-05-24 16:20:12.185,21.3,101.9
2024-05-24 16:20:21.775,21.4,101.9
2024-05-24 16:20:31.507,21.3,101.9
2024-05-24 16:20:41.375,21.5,101.9
2024-05-24 16:20:51.158,21.5,101.9
2024-05-24 16:21:00.946,21.5,101.9
2024-05-24 16:21:10.324,21.5,101.9
2024-05-24 16:21:19.813,21.4,101.9
2024-05-24 16:21:29.830,21.4,101.9
2024-05-24 16:21:39.558,21.4,101.9
2024-05-24 16:21:49.350,21.4,101.9
2024-05-24 16:21:59.230,21.4,101.9
2024-05-24 16:22:09.013,21.3,101.9
2024-05-24 16:22:18.715,21.2,101.9
2024-05-24 16:22:28.750,21.3,101.9
2024-05-24 16:22:38.603,21.3,101.9
2024-05-24 16:22:48.209,21.5,101.9
2024-05-24 16:22:58.114,21.5,101.9
2024-05-24 16:23:08.137,21.5,101.9
2024-05-24 16:23:18.162,21.5,101.9
2024-05-24 16:23:27.892,21.5,101.9
2024-05-24 16:23:37.629,21.4,101.9
2024-05-24 16:23:47.272,21.3,101.9
2024-05-24 16:23:56.996,21.3,101.9
2024-05-24 16:24:06.782,21.4,101.9
2024-05-24 16:24:16.434,21.4,101.9
2024-05-24 16:24:26.149,21.4,101.9
2024-05-24 16:24:36.047,21.3,101.9
2024-05-24 16:24:45.785,21.4,101.9
2024-05-24 16:24:55.363,21.3,101.9
2024-05-24 16:25:04.899,21.3,101.9
2024-05-24 16:25:14.765,21.3,101.9
2024-05-24 16:25:24.507,21.3,101.9
2024-05-24 16:25:34.156,21.3,101.9
2024-05-24 16:25:43.940,21.3,101.9
2024-05-24 16:25:53.804,21.4,101.9
2024-05-24 16:26:03.744,21.4,101.9
2024-05-24 16:26:13.715,21.4,101.9
2024-05-24 16:26:23.278,21.4,101.9
2024-05-24 16:26:32.757,21.5,101.9
2024-05-24 16:26:42.697,21.4,101.9
2024-05-24 16:26:52.480,21.4,101.9
2024-05-24 16:27:02.221,21.4,101.9
2024-05-24 16:27:11.754,21.4,101.9
2024-05-24 16:27:21.434,21.4,101.9
2024-05-24 16:27:31.166,21.5,101.9
2024-05-24 16:27:40.832,21.5,101.9
2024-05-24 16:27:50.828,21.6,101.9
2024-05-24 16:28:00.558,21.5,101.9
2024-05-24 16:28:10.293,21.5,101.9
2024-05-24 16:28:19.941,21.5,101.9
2024-05-24 16:28:29.875,21.5,101.9
2024-05-24 16:28:39.582,21.5,101.9
2024-05-24 16:28:49.389,21.5,101.9
2024-05-24 16:28:59.120,21.5,101.9
2024-05-24 16:29:08.774,21.5,101.9
2024-05-24 16:29:18.506,21.5,101.9
2024-05-24 16:29:28.332,21.5,101.9
2024-05-24 16:29:38.090,21.4,101.9
2024-05-24 16:29:48.019,21.5,101.9
2024-05-24 16:29:57.716,21.5,101.9
2024-05-24 16:30:07.355,21.5,101.9
2024-05-24 16:30:17.251,21.4,101.9
2024-05-24 16:30:26.942,21.4,101.9
2024-05-24 16:30:36.798,21.4,101.9
2024-05-24 16:30:46.460,21.3,101.9
2024-05-24 16:30:56.186,21.4,101.9
2024-05-24 16:31:06.103,21.3,101.9
2024-05-24 16:31:15.753,21.5,101.9
2024-05-24 16:31:25.617,21.6,101.9
2024-05-24 16:31:35.153,21.6,101.9
2024-05-24 16:31:44.703,21.6,101.9
2024-05-24 16:31:54.489,21.6,101.9
2024-05-24 16:32:03.900,21.6,101.9
2024-05-24 16:32:13.583,21.6,101.9
2024-05-24 16:32:23.274,21.4,101.9
2024-05-24 16:32:32.916,21.4,101.9
2024-05-24 16:32:42.775,21.4,101.9
2024-05-24 16:32:52.734,21.5,101.9
2024-05-24 16:33:02.423,21.3,101.9
2024-05-24 16:33:12.059,21.4,101.9
2024-05-24 16:33:21.692,21.4,101.9
2024-05-24 16:33:31.701,21.3,101.9
2024-05-24 16:33:41.624,21.5,101.9
2024-05-24 16:33:51.095,21.5,101.9
2024-05-24 16:34:00.818,21.5,101.9
2024-05-24 16:34:10.616,21.4,101.9
2024-05-24 16:34:20.144,21.4,101.9
2024-05-24 16:34:29.925,21.5,101.9
2024-05-24 16:34:39.660,21.4,101.9
2024-05-24 16:34:49.372,21.3,101.9
2024-05-24 16:34:59.060,21.5,101.9
2024-05-24 16:35:08.504,21.5,101.9
2024-05-24 16:35:17.878,21.6,101.9
2024-05-24 16:35:27.647,21.5,101.9
2024-05-24 16:35:37.423,21.5,101.9
2024-05-24 16:35:46.865,21.5,101.9
2024-05-24 16:35:56.857,21.5,101.9
2024-05-24 16:36:06.682,21.4,101.9
2024-05-24 16:36:16.365,21.4,101.9
2024-05-24 16:36:26.217,21.5,101.9
2024-05-24 16:36:35.875,21.4,101.9
2024-05-24 16:36:45.421,21.5,101.9
2024-05-24 16:36:55.171,21.6,101.9
2024-05-24 16:37:04.894,21.5,101.9
2024-05-24 16:37:14.621,21.5,101.9
2024-05-24 16:37:24.509,21.4,101.9
2024-05-24 16:37:34.284,21.4,101.9
2024-05-24 16:37:43.947,21.2,101.9
2024-05-24 16:37:53.793,21.2,101.9
2024-05-24 16:38:03.449,21.3,101.9
2024-05-24 16:38:13.163,21.2,101.9
2024-05-24 16:38:22.799,21.3,101.9
2024-05-24 16:38:32.555,21.2,101.9
2024-05-24 16:38:42.242,21.3,101.9
2024-05-24 16:38:51.812,21.2,101.9
2024-05-24 16:39:01.423,21.3,101.9
2024-05-24 16:39:11.080,21.4,101.9
2024-05-24 16:39:20.865,21.4,101.9
2024-05-24 16:39:30.720,21.4,101.9
2024-05-24 16:39:40.490,21.4,101.9
2024-05-24 16:39:50.125,21.5,101.9
2024-05-24 16:39:59.603,21.4,101.9
2024-05-24 16:40:09.245,21.4,101.9
2024-05-24 16:40:19.171,21.4,101.9
2024-05-24 16:40:28.887,21.5,101.9
2024-05-24 16:40:38.465,21.5,101.9
2024-05-24 16:40:47.934,21.5,101.9
2024-05-24 16:40:57.510,21.4,101.9
2024-05-24 16:41:06.950,21.4,101.9
2024-05-24 16:41:16.828,21.3,101.9
2024-05-24 16:41:26.524,21.3,101.9
2024-05-24 16:41:36.004,21.4,101.9
2024-05-24 16:41:45.881,21.3,101.9
2024-05-24 16:41:55.603,21.3,101.9
2024-05-24 16:42:05.008,21.2,101.9
2024-05-24 16:42:14.864,21.3,101.9
2024-05-24 16:42:24.549,21.3,101.9
2024-05-24 16:42:34.323,21.4,101.9
2024-05-24 16:42:44.059,21.5,101.9
2024-05-24 16:42:53.726,21.4,101.9
2024-05-24 16:43:03.460,21.4,101.9
2024-05-24 16:43:13.484,21.4,101.9
2024-05-24 16:43:23.164,21.4,101.9
2024-05-24 16:43:32.902,21.4,101.9
2024-05-24 16:43:42.801,21.4,101.9
2024-05-24 16:43:52.258,21.4,101.9
2024-05-24 16:44:02.092,21.3,101.9
2024-05-24 16:44:11.593,21.3,101.9
2024-05-24 16:44:21.471,21.3,101.9
2024-05-24 16:44:31.169,21.4,101.9
2024-05-24 16:44:40.776,21.4,101.9
2024-05-24 16:44:50.174,21.3,101.9
2024-05-24 16:44:59.921,21.4,101.9
2024-05-24 16:45:09.483,21.4,101.9
2024-05-24 16:45:19.355,21.3,101.9
2024-05-24 16:45:29.034,21.4,101.9
2024-05-24 16:45:38.658,21.5,101.9
2024-05-24 16:45:48.296,21.3,101.9
2024-05-24 16:45:58.118,21.4,101.9
2024-05-24 16:46:07.411,21.3,101.9
2024-05-24 16:46:17.267,21.3,101.9
2024-05-24 16:46:27.000,21.2,101.9
2024-05-24 16:46:36.742,21.3,101.9
2024-05-24 16:46:46.274,21.3,101.9
2024-05-24 16:46:56.096,21.4,101.9
2024-05-24 16:47:05.831,21.4,101.9
2024-05-24 16:47:15.382,21.4,101.9
2024-05-24 16:47:25.154,21.5,101.9
2024-05-24 16:47:34.928,21.5,101.9
2024-05-24 16:47:44.651,21.5,101.9
2024-05-24 16:47:54.194,21.5,101.9
2024-05-24 16:48:04.224,21.5,101.9
2024-05-24 16:48:13.985,21.4,101.9
2024-05-24 16:48:23.460,21.3,101.9
2024-05-24 16:48:33.012,21.3,101.9
2024-05-24 16:48:42.881,21.4,101.9
2024-05-24 16:48:52.665,21.4,101.9
2024-05-24 16:49:02.193,21.3,101.9
2024-05-24 16:49:11.914,21.3,101.9
2024-05-24 16:49:21.676,21.3,101.9
2024-05-24 16:49:31.174,21.4,101.9
2024-05-24 16:49:40.885,21.4,101.9
2024-05-24 16:49:50.556,21.4,101.9
2024-05-24 16:50:00.162,21.3,101.9
2024-05-24 16:50:10.093,21.3,101.9
2024-05-24 16:50:19.770,21.3,101.9
2024-05-24 16:50:29.618,21.4,101.9
2024-05-24 16:50:39.238,21.4,101.9
2024-05-24 16:50:48.611,21.4,101.9
2024-05-24 16:50:58.436,21.4,101.9
2024-05-24 16:51:08.343,21.6,101.9
2024-05-24 16:51:17.997,21.5,101.9
2024-05-24 16:51:27.659,21.6,101.9
2024-05-24 16:51:37.281,21.5,101.9
2024-05-24 16:51:46.896,21.4,101.9
2024-05-24 16:51:56.490,21.4,101.9
2024-05-24 16:52:06.197,21.4,101.9
2024-05-24 16:52:15.798,21.3,101.9
2024-05-24 16:52:25.727,21.3,101.9
2024-05-24 16:52:35.314,21.3,101.9
2024-05-24 16:52:44.859,21.3,101.9
2024-05-24 16:52:54.471,21.4,101.9
2024-05-24 16:53:04.251,21.4,101.9
2024-05-24 16:53:13.936,21.4,101.9
2024-05-24 16:53:23.631,21.5,101.9
2024-05-24 16:53:33.421,21.5,101.9
2024-05-24 16:53:42.782,21.4,101.9
2024-05-24 16:53:52.429,21.5,101.9
2024-05-24 16:54:02.376,21.5,101.9
2024-05-24 16:54:12.090,21.4,101.9
2024-05-24 16:54:21.897,21.4,101.9
2024-05-24 16:54:31.709,21.4,101.9
2024-05-24 16:54:41.274,21.4,101.9
2024-05-24 16:54:50.818,21.5,101.9
2024-05-24 16:55:00.579,21.5,101.9
2024-05-24 16:55:10.098,21.4,101.9
2024-05-24 16:55:19.844,21.4,101.9
2024-05-24 16:55:29.614,21.5,101.9
2024-05-24 16:55:39.368,21.4,101.9
2024-05-24 16:55:48.856,21.5,101.9
2024-05-24 16:55:58.678,21.3,101.9
2024-05-24 16:56:08.353,21.3,101.9
2024-05-24 16:56:18.055,21.4,101.9
2024-05-24 16:56:27.677,21.4,101.9
2024-05-24 16:56:37.406,21.4,101.9
2024-05-24 16:56:47.243,21.3,101.9
2024-05-24 16:56:56.905,21.3,101.9
2024-05-24 16:57:06.456,21.4,101.9
2024-05-24 16:57:16.231,21.3,101.9
2024-05-24 16:57:25.885,21.3,101.9
2024-05-24 16:57:35.642,21.3,101.9
2024-05-24 16:57:45.225,21.3,101.9
2024-05-24 16:57:55.033,21.4,101.9
2024-05-24 16:58:04.483,21.3,101.9
2024-05-24 16:58:14.116,21.3,101.9
2024-05-24 16:58:23.833,21.2,101.9
2024-05-24 16:58:33.591,21.2,101.9
2024-05-24 16:58:43.114,21.2,101.9
2024-05-24 16:58:52.788,21.3,101.9
2024-05-24 16:59:02.218,21.3,101.9
2024-05-24 16:59:11.646,21.3,101.9
2024-05-24 16:59:21.295,21.3,101.9
2024-05-24 16:59:30.981,21.4,101.9
2024-05-24 16:59:40.595,21.4,101.9
2024-05-24 16:59:50.415,21.4,101.9
2024-05-24 17:00:00.164,21.4,101.9
2024-05-24 17:00:09.698,21.5,101.9
2024-05-24 17:00:19.413,21.4,101.9
2024-05-24 17:00:29.038,21.4,101.9
2024-05-24 17:00:38.850,21.4,101.9
2024-05-24 17:00:48.334,21.3,101.9
2024-05-24 17:00:57.984,21.4,101.9
2024-05-24 17:01:07.797,21.4,101.9
2024-05-24 17:01:17.255,21.3,101.9
2024-05-24 17:01:26.961,21.2,101.9
2024-05-24 17:01:36.851,21.3,101.9
2024-05-24 17:01:46.484,21.3,101.9
2024-05-24 17:01:55.934,21.2,101.9
2024-05-24 17:02:05.566,21.3,101.9
2024-05-24 17:02:15.285,21.3,101.9
2024-05-24 17:02:24.778,21.4,101.9
2024-05-24 17:02:34.434,21.4,101.9
2024-05-24 17:02:44.272,21.3,101.9
2024-05-24 17:02:53.797,21.4,101.9
2024-05-24 17:03:03.289,21.5,101.9
2024-05-24 17:03:12.855,21.5,101.9
2024-05-24 17:03:22.714,21.5,101.9
2024-05-24 17:03:32.315,21.5,101.9
2024-05-24 17:03:41.975,21.4,101.9
2024-05-24 17:03:51.767,21.4,101.9
2024-05-24 17:04:01.516,21.5,101.9
2024-05-24 17:04:11.062,21.4,101.9
2024-05-24 17:04:20.760,21.4,101.9
2024-05-24 17:04:30.399,21.4,101.9
2024-05-24 17:04:40.233,21.5,101.9
2024-05-24 17:04:49.965,21.5,101.9
2024-05-24 17:04:59.425,21.4,101.9
2024-05-24 17:05:09.099,21.3,101.9
2024-05-24 17:05:18.849,21.4,101.9
2024-05-24 17:05:28.420,21.5,101.9
2024-05-24 17:05:38.009,21.4,101.9
2024-05-24 17:05:47.751,21.4,101.9
2024-05-24 17:05:57.344,21.4,101.9
2024-05-24 17:06:06.963,21.4,101.9
2024-05-24 17:06:16.638,21.3,101.9
2024-05-24 17:06:26.471,21.3,101.9
2024-05-24 17:06:36.233,21.3,101.9
2024-05-24 17:06:45.848,21.5,101.9
2024-05-24 17:06:55.443,21.5,101.9
2024-05-24 17:07:05.095,21.4,101.9
2024-05-24 17:07:14.876,21.2,101.9
2024-05-24 17:07:24.501,21.3,101.9
2024-05-24 17:07:33.957,21.3,101.9
2024-05-24 17:07:43.567,21.3,101.9
2024-05-24 17:07:53.347,21.3,101.9
2024-05-24 17:08:03.204,21.4,101.9
2024-05-24 17:08:12.824,21.4,101.9
2024-05-24 17:08:22.466,21.3,101.9
2024-05-24 17:08:32.318,21.3,101.9
2024-05-24 17:08:42.110,21.2,101.9
2024-05-24 17:08:51.927,21.3,101.9
2024-05-24 17:09:01.551,21.3,101.9
2024-05-24 17:09:11.149,21.3,101.9
2024-05-24 17:09:20.923,21.4,101.9
2024-05-24 17:09:30.169,21.4,101.9
2024-05-24 17:09:39.794,21.4,101.9
2024-05-24 17:09:49.392,21.5,101.9
2024-05-24 17:09:58.742,21.4,101.9
2024-05-24 17:10:08.449,21.3,101.9
2024-05-24 17:10:18.150,21.4,101.9
2024-05-24 17:10:27.851,21.4,101.9
2024-05-24 17:10:37.192,21.4,101.9
2024-05-24 17:10:47.021,21.4,101.9
2024-05-24 17:10:56.484,21.3,101.9
2024-05-24 17:11:06.182,21.3,101.9
2024-05-24 17:11:15.931,21.3,101.9
2024-05-24 17:11:25.443,21.3,101.9
2024-05-24 17:11:34.935,21.4,101.9
2024-05-24 17:11:44.465,21.4,101.9
2024-05-24 17:11:53.942,21.3,101.9
2024-05-24 17:12:03.498,21.4,101.9
2024-05-24 17:12:12.934,21.4,101.9
2024-05-24 17:12:22.514,21.3,101.9
2024-05-24 17:12:32.182,21.4,101.9
2024-05-24 17:12:41.843,21.4,101.9
2024-05-24 17:12:51.384,21.5,101.9
2024-05-24 17:13:01.083,21.5,101.9
2024-05-24 17:13:10.588,21.4,101.9
2024-05-24 17:13:20.231,21.4,101.9
2024-05-24 17:13:29.897,21.3,101.9
2024-05-24 17:13:39.464,21.4,101.9
2024-05-24 17:13:49.164,21.5,101.9
2024-05-24 17:13:58.899,21.4,101.9
2024-05-24 17:14:08.384,21.4,101.9
2024-05-24 17:14:17.845,21.4,101.9
2024-05-24 17:14:27.374,21.3,101.9
2024-05-24 17:14:37.003,21.3,101.9
2024-05-24 17:14:46.693,21.5,101.9
2024-05-24 17:14:56.109,21.4,101.9
2024-05-24 17:15:05.713,21.4,101.9
2024-05-24 17:15:15.273,21.4,101.9
2024-05-24 17:15:24.862,21.3,101.9
2024-05-24 17:15:34.430,21.3,101.9
2024-05-24 17:15:43.802,21.4,101.9
2024-05-24 17:15:53.312,21.4,101.9
2024-05-24 17:16:03.057,21.4,101.9
2024-05-24 17:16:12.858,21.3,101.9
2024-05-24 17:16:22.328,21.3,101.9
2024-05-24 17:16:31.851,21.3,101.9
2024-05-24 17:16:41.403,21.3,101.9
2024-05-24 17:16:51.035,21.3,101.9
2024-05-24 17:17:00.674,21.4,101.9
2024-05-24 17:17:10.656,21.4,101.9
2024-05-24 17:17:20.341,21.4,101.9
2024-05-24 17:17:30.001,21.5,101.9
2024-05-24 17:17:39.754,21.4,101.9
2024-05-24 17:17:49.650,21.3,101.9
2024-05-24 17:17:59.528,21.4,101.9
2024-05-24 17:18:09.024,21.4,101.9
2024-05-24 17:18:18.578,21.5,101.9
2024-05-24 17:18:28.296,21.4,101.9
2024-05-24 17:18:37.788,21.4,101.9
2024-05-24 17:18:47.367,21.4,101.9
2024-05-24 17:18:56.856,21.3,101.9
2024-05-24 17:19:06.459,21.4,101.9
2024-05-24 17:19:16.074,21.4,101.9
2024-05-24 17:19:25.676,21.3,101.9
2024-05-24 17:19:35.379,21.3,101.9
2024-05-24 17:19:45.110,21.3,101.9
2024-05-24 17:19:54.726,21.3,101.9
2024-05-24 17:20:04.273,21.3,101.9
2024-05-24 17:20:13.763,21.3,101.9
2024-05-24 17:20:23.300,21.4,101.9
2024-05-24 17:20:32.974,21.4,101.9
2024-05-24 17:20:42.569,21.4,101.9
2024-05-24 17:20:52.233,21.3,101.9
2024-05-24 17:21:02.055,21.3,101.9
2024-05-24 17:21:11.852,21.3,101.9
2024-05-24 17:21:21.617,21.4,101.9
2024-05-24 17:21:31.224,21.3,101.9
2024-05-24 17:21:40.602,21.3,101.9
2024-05-24 17:21:50.374,21.3,101.9
2024-05-24 17:22:00.087,21.4,101.9
2024-05-24 17:22:09.631,21.3,101.9
2024-05-24 17:22:19.404,21.2,101.9
2024-05-24 17:22:29.172,21.3,101.9
2024-05-24 17:22:38.880,21.3,101.9
2024-05-24 17:22:48.727,21.4,101.9
2024-05-24 17:22:58.268,21.4,101.9
2024-05-24 17:23:07.870,21.3,101.9
2024-05-24 17:23:17.641,21.3,101.9
2024-05-24 17:23:27.196,21.2,101.9
2024-05-24 17:23:36.775,21.2,101.9
2024-05-24 17:23:46.294,21.2,101.9
2024-05-24 17:23:55.883,21.2,101.9
2024-05-24 17:24:05.624,21.2,101.9
2024-05-24 17:24:15.168,21.4,101.9
2024-05-24 17:24:25.017,21.3,101.9
2024-05-24 17:24:34.548,21.4,101.9
2024-05-24 17:24:44.222,21.4,101.9
2024-05-24 17:24:53.803,21.3,101.9
2024-05-24 17:25:03.249,21.3,101.9
2024-05-24 17:25:12.801,21.3,101.9
2024-05-24 17:25:22.417,21.3,101.9
2024-05-24 17:25:31.931,21.2,101.9
2024-05-24 17:25:41.684,21.2,101.9
2024-05-24 17:25:51.225,21.3,101.9
2024-05-24 17:26:00.875,21.2,101.9
2024-05-24 17:26:10.542,21.3,101.9
2024-05-24 17:26:20.252,21.4,101.9
2024-05-24 17:26:29.758,21.4,101.9
2024-05-24 17:26:39.508,21.4,101.9
2024-05-24 17:26:48.943,21.4,101.9
2024-05-24 17:26:58.540,21.4,101.9
2024-05-24 17:27:08.182,21.4,101.9
2024-05-24 17:27:17.558,21.3,101.9
2024-05-24 17:27:27.151,21.3,101.9
2024-05-24 17:27:36.873,21.4,101.9
2024-05-24 17:27:46.506,21.5,101.9
2024-05-24 17:27:56.070,21.5,101.9
2024-05-24 17:28:05.623,21.4,101.9
2024-05-24 17:28:15.193,21.4,101.9
2024-05-24 17:28:25.057,21.4,101.9
2024-05-24 17:28:34.750,21.4,101.9
2024-05-24 17:28:44.390,21.3,101.9
2024-05-24 17:28:54.086,21.4,101.9
2024-05-24 17:29:03.834,21.2,101.9
2024-05-24 17:29:13.457,21.3,101.9
2024-05-24 17:29:22.989,21.4,101.9
2024-05-24 17:29:32.610,21.4,101.9
2024-05-24 17:29:42.236,21.4,101.9
2024-05-24 17:29:51.879,21.3,101.9
2024-05-24 17:30:01.398,21.3,101.9
2024-05-24 17:30:11.099,21.3,101.9
2024-05-24 17:30:20.778,21.3,101.9
2024-05-24 17:30:30.274,21.3,101.9
2024-05-24 17:30:39.906,21.3,101.9
2024-05-24 17:30:49.593,21.3,101.9
2024-05-24 17:30:59.194,21.4,101.9
2024-05-24 17:31:08.905,21.3,101.9
2024-05-24 17:31:18.553,21.3,101.9
2024-05-24 17:31:28.301,21.4,101.9
2024-05-24 17:31:37.792,21.4,101.9
2024-05-24 17:31:47.486,21.4,101.9
2024-05-24 17:31:56.949,21.4,101.9
2024-05-24 17:32:06.478,21.4,101.9
2024-05-24 17:32:15.996,21.3,101.9
2024-05-24 17:32:25.773,21.3,101.9
2024-05-24 17:32:35.556,21.3,101.9
2024-05-24 17:32:45.301,21.3,101.9
2024-05-24 17:32:54.921,21.3,101.9
2024-05-24 17:33:04.707,21.3,101.9
2024-05-24 17:33:14.190,21.2,101.9
2024-05-24 17:33:23.916,21.2,101.9
2024-05-24 17:33:33.702,21.4,101.9
2024-05-24 17:33:43.350,21.3,101.9
2024-05-24 17:33:53.033,21.2,101.9
2024-05-24 17:34:02.690,21.3,101.9
2024-05-24 17:34:12.150,21.3,101.9
2024-05-24 17:34:21.648,21.2,101.9
2024-05-24 17:34:31.662,21.3,101.9
2024-05-24 17:34:41.517,21.3,101.9
2024-05-24 17:34:51.155,21.3,101.9
2024-05-24 17:35:00.878,21.3,101.9
2024-05-24 17:35:10.316,21.3,101.9
2024-05-24 17:35:19.953,21.3,101.9
2024-05-24 17:35:29.820,21.3,101.9
2024-05-24 17:35:39.520,21.3,101.9
2024-05-24 17:35:49.146,21.2,101.9
2024-05-24 17:35:58.812,21.3,101.9
2024-05-24 17:36:08.352,21.2,101.9
2024-05-24 17:36:18.012,21.2,101.9
2024-05-24 17:36:27.717,21.3,101.9
2024-05-24 17:36:37.517,21.2,101.9
2024-05-24 17:36:47.075,21.2,101.9
2024-05-24 17:36:56.734,21.3,101.9
2024-05-24 17:37:06.250,21.3,101.9
2024-05-24 17:37:15.716,21.3,101.9
2024-05-24 17:37:25.518,21.2,101.9
2024-05-24 17:37:35.215,21.3,101.9
2024-05-24 17:37:44.870,21.2,101.9
2024-05-24 17:37:54.491,21.2,101.9
2024-05-24 17:38:04.176,21.3,101.9
2024-05-24 17:38:13.628,21.3,101.9
2024-05-24 17:38:23.020,21.4,101.9
2024-05-24 17:38:32.575,21.5,101.9
2024-05-24 17:38:42.346,21.4,101.9
2024-05-24 17:38:51.867,21.4,101.9
2024-05-24 17:39:01.449,21.2,101.9
2024-05-24 17:39:10.970,21.3,101.9
2024-05-24 17:39:20.628,21.2,101.9
2024-05-24 17:39:29.996,21.2,101.9
2024-05-24 17:39:39.718,21.2,101.9
2024-05-24 17:39:49.145,21.4,101.9
2024-05-24 17:39:58.783,21.3,101.9
2024-05-24 17:40:08.519,21.4,101.9
2024-05-24 17:40:18.101,21.4,101.9
2024-05-24 17:40:27.920,21.4,101.9
2024-05-24 17:40:37.550,21.4,101.9
2024-05-24 17:40:46.982,21.4,101.9
2024-05-24 17:40:56.592,21.4,101.9
2024-05-24 17:41:06.081,21.3,101.9
2024-05-24 17:41:15.862,21.4,101.9
2024-05-24 17:41:25.332,21.2,101.9
2024-05-24 17:41:35.038,21.3,101.9
2024-05-24 17:41:44.723,21.4,101.9
2024-05-24 17:41:54.328,21.4,101.9
2024-05-24 17:42:04.058,21.4,101.9
2024-05-24 17:42:13.723,21.4,101.9
2024-05-24 17:42:23.307,21.4,101.9
2024-05-24 17:42:32.866,21.4,101.9
2024-05-24 17:42:42.635,21.3,101.9
2024-05-24 17:42:52.028,21.3,101.9
2024-05-24 17:43:01.664,21.3,101.9
2024-05-24 17:43:11.334,21.3,101.9
2024-05-24 17:43:21.062,21.4,101.9
2024-05-24 17:43:30.255,21.4,101.9
2024-05-24 17:43:39.995,21.4,101.9
2024-05-24 17:43:49.630,21.4,101.9
2024-05-24 17:43:59.321,21.4,101.9
2024-05-24 17:44:08.915,21.4,101.9
2024-05-24 17:44:18.603,21.3,101.9
2024-05-24 17:44:28.138,21.4,101.9
2024-05-24 17:44:37.823,21.4,101.9
2024-05-24 17:44:47.764,21.3,101.9
2024-05-24 17:44:57.467,21.4,101.9
2024-05-24 17:45:06.928,21.3,101.9
2024-05-24 17:45:16.366,21.2,101.9
2024-05-24 17:45:25.989,21.3,101.9
2024-05-24 17:45:35.514,21.2,101.9
2024-05-24 17:45:45.126,21.3,101.9
2024-05-24 17:45:54.662,21.2,101.9
2024-05-24 17:46:04.244,21.3,101.9
2024-05-24 17:46:13.784,21.3,101.9
2024-05-24 17:46:23.376,21.2,101.9
2024-05-24 17:46:33.015,21.3,101.9
2024-05-24 17:46:42.612,21.2,101.9
2024-05-24 17:46:52.229,21.3,101.9
2024-05-24 17:47:01.950,21.3,101.9
2024-05-24 17:47:11.451,21.3,101.9
2024-05-24 17:47:21.165,21.2,101.9
2024-05-24 17:47:30.778,21.3,101.9
2024-05-24 17:47:40.274,21.4,101.9
2024-05-24 17:47:49.832,21.4,101.9
2024-05-24 17:47:59.497,21.3,101.9
2024-05-24 17:48:08.672,21.3,101.9
2024-05-24 17:48:18.384,21.2,101.9
2024-05-24 17:48:28.090,21.3,101.9
2024-05-24 17:48:37.884,21.3,101.9
2024-05-24 17:48:47.352,21.3,101.9
2024-05-24 17:48:57.080,21.3,101.9
2024-05-24 17:49:06.615,21.3,101.9
2024-05-24 17:49:16.229,21.4,101.9
2024-05-24 17:49:25.876,21.3,101.9
2024-05-24 17:49:35.438,21.3,101.9
2024-05-24 17:49:45.004,21.3,101.9
2024-05-24 17:49:54.363,21.4,101.9
2024-05-24 17:50:03.986,21.4,101.9
2024-05-24 17:50:13.510,21.3,101.9
2024-05-24 17:50:23.248,21.3,101.9
2024-05-24 17:50:32.844,21.4,101.9
2024-05-24 17:50:42.296,21.3,101.9
2024-05-24 17:50:52.015,21.3,101.9
2024-05-24 17:51:01.697,21.3,101.9
2024-05-24 17:51:11.169,21.3,101.9
2024-05-24 17:51:20.984,21.2,101.9
2024-05-24 17:51:30.305,21.3,101.9
2024-05-24 17:51:39.663,21.2,101.9
2024-05-24 17:51:49.020,21.2,101.9
2024-05-24 17:51:58.690,21.3,101.9
2024-05-24 17:52:08.208,21.3,101.9
2024-05-24 17:52:17.633,21.4,101.9
2024-05-24 17:52:27.246,21.4,101.9
2024-05-24 17:52:36.834,21.3,101.9
2024-05-24 17:52:46.630,21.4,101.9
2024-05-24 17:52:56.029,21.4,101.9
2024-05-24 17:53:05.509,21.4,101.9
2024-05-24 17:53:14.813,21.4,101.9
2024-05-24 17:53:24.436,21.4,101.9
2024-05-24 17:53:33.744,21.3,101.9
2024-05-24 17:53:43.593,21.3,101.9
2024-05-24 17:53:53.379,21.3,101.9
2024-05-24 17:54:02.779,21.3,101.9
2024-05-24 17:54:12.565,21.2,101.9
2024-05-24 17:54:22.122,21.2,101.9
2024-05-24 17:54:31.483,21.3,101.9
2024-05-24 17:54:40.895,21.4,101.9
2024-05-24 17:54:50.622,21.4,101.9
2024-05-24 17:55:00.105,21.4,101.9
2024-05-24 17:55:09.545,21.3,101.9
2024-05-24 17:55:18.945,21.2,101.9
2024-05-24 17:55:28.605,21.3,101.9
2024-05-24 17:55:38.176,21.3,101.9
2024-05-24 17:55:47.672,21.2,101.9
2024-05-24 17:55:57.120,21.2,101.9
2024-05-24 17:56:06.904,21.2,101.9
2024-05-24 17:56:16.621,21.2,101.9
2024-05-24 17:56:26.157,21.3,101.9
2024-05-24 17:56:35.763,21.4,101.9
2024-05-24 17:56:45.397,21.3,101.9
2024-05-24 17:56:55.018,21.3,101.9
2024-05-24 17:57:04.504,21.3,101.9
2024-05-24 17:57:14.064,21.2,101.9
2024-05-24 17:57:23.540,21.2,101.9
2024-05-24 17:57:33.072,21.3,101.9
2024-05-24 17:57:42.535,21.3,101.9
2024-05-24 17:57:52.134,21.3,101.9
2024-05-24 17:58:01.741,21.3,101.9
2024-05-24 17:58:11.296,21.3,101.9
2024-05-24 17:58:20.949,21.3,101.9
2024-05-24 17:58:30.502,21.3,101.9
2024-05-24 17:58:39.934,21.2,101.9
2024-05-24 17:58:49.692,21.3,101.9
2024-05-24 17:58:59.276,21.2,101.9
2024-05-24 17:59:08.836,21.3,101.9
2024-05-24 17:59:18.331,21.3,101.9
2024-05-24 17:59:28.315,21.3,101.9
2024-05-24 17:59:37.570,21.4,101.9
2024-05-24 17:59:46.968,21.3,101.9
2024-05-24 17:59:56.636,21.3,101.9
2024-05-24 18:00:06.258,21.3,101.9
2024-05-24 18:00:15.688,21.3,101.9
2024-05-24 18:00:25.458,21.3,101.9
2024-05-24 18:00:35.263,21.2,101.9
2024-05-24 18:00:44.681,21.4,101.9
2024-05-24 18:00:54.084,21.4,101.9
2024-05-24 18:01:03.537,21.4,101.9
2024-05-24 18:01:12.898,21.3,101.9
2024-05-24 18:01:22.453,21.3,101.9
2024-05-24 18:01:31.909,21.3,101.9
2024-05-24 18:01:41.528,21.2,101.9
2024-05-24 18:01:50.845,21.3,101.9
2024-05-24 18:02:00.454,21.4,101.9
2024-05-24 18:02:10.093,21.3,101.9
2024-05-24 18:02:19.699,21.3,101.9
2024-05-24 18:02:29.330,21.3,101.9
2024-05-24 18:02:38.880,21.3,101.9
2024-05-24 18:02:48.248,21.3,101.9
2024-05-24 18:02:57.882,21.2,101.9
2024-05-24 18:03:07.286,21.2,101.9
2024-05-24 18:03:16.899,21.3,101.9
2024-05-24 18:03:26.442,21.3,101.9
2024-05-24 18:03:36.113,21.3,101.9
2024-05-24 18:03:45.508,21.3,101.9
2024-05-24 18:03:54.964,21.3,101.9
2024-05-24 18:04:04.441,21.3,101.9
2024-05-24 18:04:14.091,21.2,101.9
2024-05-24 18:04:23.656,21.3,101.9
2024-05-24 18:04:33.142,21.4,101.9
2024-05-24 18:04:42.817,21.3,101.9
2024-05-24 18:04:52.400,21.4,101.9
2024-05-24 18:05:01.901,21.3,101.9
2024-05-24 18:05:11.604,21.3,101.9
2024-05-24 18:05:21.224,21.3,101.9
2024-05-24 18:05:30.806,21.2,101.9
2024-05-24 18:05:40.555,21.2,101.9
2024-05-24 18:05:50.054,21.2,101.9
2024-05-24 18:05:59.469,21.2,101.9
2024-05-24 18:06:09.231,21.2,101.9
2024-05-24 18:06:18.760,21.3,101.9
2024-05-24 18:06:28.051,21.4,101.9
2024-05-24 18:06:37.497,21.3,101.9
2024-05-24 18:06:47.083,21.4,101.9
2024-05-24 18:06:56.396,21.3,101.9
2024-05-24 18:07:06.168,21.3,101.9
2024-05-24 18:07:15.822,21.4,101.9
2024-05-24 18:07:25.355,21.4,101.9
2024-05-24 18:07:34.876,21.3,101.9
2024-05-24 18:07:44.498,21.3,101.9
2024-05-24 18:07:53.876,21.3,101.9
2024-05-24 18:08:03.390,21.3,101.9
2024-05-24 18:08:13.331,21.4,101.9
2024-05-24 18:08:22.594,21.4,101.9
2024-05-24 18:08:31.999,21.2,101.9
2024-05-24 18:08:41.490,21.3,101.9
2024-05-24 18:08:51.106,21.3,101.9
2024-05-24 18:09:00.627,21.4,101.9
2024-05-24 18:09:10.387,21.4,101.9
2024-05-24 18:09:19.975,21.4,101.9
2024-05-24 18:09:29.434,21.3,101.9
2024-05-24 18:09:38.887,21.4,101.9
2024-05-24 18:09:48.256,21.4,101.9
2024-05-24 18:09:57.935,21.3,101.9
2024-05-24 18:10:07.346,21.3,101.9
2024-05-24 18:10:16.840,21.3,101.9
2024-05-24 18:10:26.295,21.3,101.9
2024-05-24 18:10:36.009,21.3,101.9
2024-05-24 18:10:45.789,21.1,101.9
2024-05-24 18:10:55.414,21.1,101.9
2024-05-24 18:11:05.169,21.3,101.9
2024-05-24 18:11:14.559,21.2,101.9
2024-05-24 18:11:24.265,21.3,101.9
2024-05-24 18:11:33.538,21.3,101.9
2024-05-24 18:11:43.032,21.1,101.9
2024-05-24 18:11:52.690,21.2,101.9
2024-05-24 18:12:02.247,21.3,101.9
2024-05-24 18:12:11.842,21.3,101.9
2024-05-24 18:12:21.446,21.3,101.9
2024-05-24 18:12:31.054,21.3,101.9
2024-05-24 18:12:40.526,21.2,101.9
2024-05-24 18:12:49.890,21.3,101.9
2024-05-24 18:12:59.660,21.3,101.9
2024-05-24 18:13:09.231,21.3,101.9
2024-05-24 18:13:18.622,21.3,101.9
2024-05-24 18:13:28.036,21.3,101.9
2024-05-24 18:13:37.693,21.2,101.9
2024-05-24 18:13:47.174,21.2,101.9
2024-05-24 18:13:56.718,21.2,101.9
2024-05-24 18:14:06.158,21.3,101.9
2024-05-24 18:14:15.605,21.3,101.9
2024-05-24 18:14:25.128,21.3,101.9
2024-05-24 18:14:34.673,21.4,101.9
2024-05-24 18:14:44.216,21.4,101.9
2024-05-24 18:14:53.766,21.3,101.9
2024-05-24 18:15:03.253,21.2,101.9
2024-05-24 18:15:13.220,21.2,101.9
2024-05-24 18:15:22.506,21.2,101.9
2024-05-24 18:15:32.397,21.2,101.9
2024-05-24 18:15:41.657,21.2,101.9
2024-05-24 18:15:51.482,21.3,101.9
2024-05-24 18:16:01.205,21.3,101.9
2024-05-24 18:16:10.634,21.4,101.9
2024-05-24 18:16:20.137,21.3,101.9
2024-05-24 18:16:29.522,21.3,101.9
2024-05-24 18:16:38.979,21.4,101.9
2024-05-24 18:16:48.550,21.3,101.9
2024-05-24 18:16:58.008,21.3,101.9
2024-05-24 18:17:07.419,21.3,101.9
2024-05-24 18:17:16.966,21.2,101.9
2024-05-24 18:17:26.407,21.2,101.9
2024-05-24 18:17:36.087,21.3,101.9
2024-05-24 18:17:45.490,21.3,101.9
2024-05-24 18:17:55.415,21.2,101.9
2024-05-24 18:18:05.040,21.3,101.9
2024-05-24 18:18:14.564,21.3,101.9
2024-05-24 18:18:23.971,21.2,101.9
2024-05-24 18:18:33.428,21.3,101.9
2024-05-24 18:18:42.804,21.4,101.9
2024-05-24 18:18:52.379,21.4,101.9
2024-05-24 18:19:01.992,21.4,101.9
2024-05-24 18:19:11.622,21.3,101.9
2024-05-24 18:19:21.175,21.3,101.9
2024-05-24 18:19:30.635,21.2,101.9
2024-05-24 18:19:40.199,21.2,101.9
2024-05-24 18:19:49.702,21.3,101.9
2024-05-24 18:19:59.074,21.2,101.9
2024-05-24 18:20:08.691,21.2,101.9
2024-05-24 18:20:18.033,21.3,101.9
2024-05-24 18:20:27.630,21.3,101.9
2024-05-24 18:20:37.277,21.3,101.9
2024-05-24 18:20:46.657,21.4,101.9
2024-05-24 18:20:56.149,21.3,101.9
2024-05-24 18:21:05.698,21.3,101.9
2024-05-24 18:21:14.996,21.3,101.9
2024-05-24 18:21:24.489,21.3,101.9
2024-05-24 18:21:33.901,21.2,101.9
2024-05-24 18:21:43.432,21.2,101.9
2024-05-24 18:21:53.269,21.2,101.9
2024-05-24 18:22:02.851,21.2,101.9
2024-05-24 18:22:12.263,21.2,101.9
2024-05-24 18:22:21.839,21.3,101.9
2024-05-24 18:22:31.335,21.3,101.9
2024-05-24 18:22:40.895,21.4,101.9
2024-05-24 18:22:50.434,21.4,101.9
2024-05-24 18:23:00.149,21.4,101.9
2024-05-24 18:23:09.606,21.3,101.9
2024-05-24 18:23:19.203,21.4,101.9
2024-05-24 18:23:28.806,21.3,101.9
2024-05-24 18:23:38.383,21.3,101.9
2024-05-24 18:23:47.835,21.4,101.9
2024-05-24 18:23:57.467,21.4,101.9
2024-05-24 18:24:07.043,21.4,101.9
2024-05-24 18:24:16.590,21.4,101.9
2024-05-24 18:24:26.226,21.3,101.9
2024-05-24 18:24:35.828,21.4,101.9
2024-05-24 18:24:45.382,21.4,101.9
2024-05-24 18:24:54.959,21.4,101.9
2024-05-24 18:25:04.358,21.4,101.9
2024-05-24 18:25:13.931,21.5,101.9
2024-05-24 18:25:23.426,21.4,101.9
2024-05-24 18:25:32.792,21.4,101.9
2024-05-24 18:25:42.609,21.3,101.9
2024-05-24 18:25:52.272,21.3,101.9
2024-05-24 18:26:01.744,21.3,101.9
2024-05-24 18:26:11.213,21.2,101.9
2024-05-24 18:26:20.574,21.4,101.9
2024-05-24 18:26:30.131,21.3,101.9
2024-05-24 18:26:39.585,21.4,101.9
2024-05-24 18:26:49.163,21.3,101.9
2024-05-24 18:26:58.670,21.2,101.9
2024-05-24 18:27:08.177,21.3,101.9
2024-05-24 18:27:18.023,21.3,101.9
2024-05-24 18:27:27.346,21.3,101.9
2024-05-24 18:27:36.866,21.2,101.9
2024-05-24 18:27:46.370,21.1,101.9
2024-05-24 18:27:55.877,21.2,101.9
2024-05-24 18:28:05.543,21.3,101.9
2024-05-24 18:28:14.895,21.2,101.9
2024-05-24 18:28:24.491,21.3,101.9
2024-05-24 18:28:34.337,21.3,101.9
2024-05-24 18:28:43.844,21.4,101.9
2024-05-24 18:28:53.275,21.3,101.9
2024-05-24 18:29:02.835,21.3,101.9
2024-05-24 18:29:12.134,21.2,101.9
2024-05-24 18:29:21.784,21.2,101.9
2024-05-24 18:29:31.262,21.2,101.9
2024-05-24 18:29:40.893,21.2,101.9
2024-05-24 18:29:50.465,21.2,101.9
2024-05-24 18:30:00.060,21.2,101.9
2024-05-24 18:30:09.452,21.3,101.9
2024-05-24 18:30:18.997,21.3,101.9
2024-05-24 18:30:28.413,21.2,101.9
2024-05-24 18:30:38.190,21.2,101.9
2024-05-24 18:30:47.692,21.3,101.9
2024-05-24 18:30:57.642,21.3,101.9
2024-05-24 18:31:07.244,21.2,101.9
2024-05-24 18:31:16.842,21.2,101.9
2024-05-24 18:31:26.604,21.2,101.9
2024-05-24 18:31:36.079,21.2,101.9
2024-05-24 18:31:45.589,21.1,101.9
2024-05-24 18:31:55.158,21.2,101.9
2024-05-24 18:32:04.801,21.2,101.9
2024-05-24 18:32:14.227,21.3,101.9
2024-05-24 18:32:23.892,21.3,101.9
2024-05-24 18:32:33.307,21.3,101.9
2024-05-24 18:32:42.779,21.1,101.9
2024-05-24 18:32:52.442,21.2,101.9
2024-05-24 18:33:02.006,21.3,101.9
2024-05-24 18:33:11.716,21.3,101.9
2024-05-24 18:33:21.186,21.4,101.9
2024-05-24 18:33:30.909,21.4,101.9
2024-05-24 18:33:40.559,21.4,101.9
2024-05-24 18:33:50.235,21.3,101.9
2024-05-24 18:33:59.636,21.3,101.9
2024-05-24 18:34:09.375,21.3,101.9
2024-05-24 18:34:18.892,21.3,101.9
2024-05-24 18:34:28.185,21.2,101.9
2024-05-24 18:34:37.832,21.3,101.9
2024-05-24 18:34:47.454,21.3,101.9
2024-05-24 18:34:56.952,21.2,101.9
2024-05-24 18:35:06.388,21.2,101.9
2024-05-24 18:35:15.926,21.2,101.9
2024-05-24 18:35:25.457,21.1,101.9
2024-05-24 18:35:34.891,21.1,101.9
2024-05-24 18:35:44.589,21.1,101.9
2024-05-24 18:35:53.990,21.1,101.9
2024-05-24 18:36:03.690,21.2,101.9
2024-05-24 18:36:13.116,21.4,101.9
2024-05-24 18:36:22.608,21.2,101.9
2024-05-24 18:36:32.262,21.1,101.9
2024-05-24 18:36:41.924,21.2,101.9
2024-05-24 18:36:51.516,21.2,101.9
2024-05-24 18:37:00.944,21.3,101.9
2024-05-24 18:37:10.543,21.2,101.9
2024-05-24 18:37:19.834,21.3,101.9
2024-05-24 18:37:29.260,21.3,101.9
2024-05-24 18:37:38.782,21.3,101.9
2024-05-24 18:37:48.056,21.3,101.9
2024-05-24 18:37:57.717,21.3,101.9
2024-05-24 18:38:07.061,21.3,101.9
2024-05-24 18:38:16.738,21.3,101.9
2024-05-24 18:38:26.193,21.2,101.9
2024-05-24 18:38:35.778,21.3,101.9
2024-05-24 18:38:45.610,21.3,101.9
2024-05-24 18:38:55.569,21.4,101.9
2024-05-24 18:39:05.087,21.3,101.9
2024-05-24 18:39:14.589,21.3,101.9
2024-05-24 18:39:24.202,21.3,101.9
2024-05-24 18:39:33.737,21.3,101.9
2024-05-24 18:39:43.374,21.2,101.9
2024-05-24 18:39:52.932,21.3,101.9
2024-05-24 18:40:02.244,21.2,101.9
2024-05-24 18:40:11.671,21.2,101.9
2024-05-24 18:40:21.295,21.2,101.9
2024-05-24 18:40:30.853,21.2,101.9
2024-05-24 18:40:40.371,21.2,101.9
2024-05-24 18:40:49.846,21.4,101.9
2024-05-24 18:40:59.429,21.3,101.9
2024-05-24 18:41:08.876,21.3,101.9
2024-05-24 18:41:18.419,21.2,101.9
2024-05-24 18:41:27.902,21.3,101.9
2024-05-24 18:41:37.649,21.3,101.9
2024-05-24 18:41:47.256,21.3,101.9
2024-05-24 18:41:56.857,21.4,101.9
2024-05-24 18:42:06.378,21.4,101.9
2024-05-24 18:42:15.823,21.4,101.9
2024-05-24 18:42:25.416,21.4,101.9
2024-05-24 18:42:34.917,21.4,101.9
2024-05-24 18:42:44.307,21.4,101.9
2024-05-24 18:42:53.886,21.4,101.9
2024-05-24 18:43:03.513,21.3,101.9
2024-05-24 18:43:13.101,21.4,101.9
2024-05-24 18:43:22.470,21.3,101.9
2024-05-24 18:43:31.993,21.4,101.9
2024-05-24 18:43:41.388,21.4,101.9
2024-05-24 18:43:50.949,21.3,101.9
2024-05-24 18:44:00.298,21.3,101.9
2024-05-24 18:44:09.974,21.2,101.9
2024-05-24 18:44:19.568,21.3,101.9
2024-05-24 18:44:28.965,21.1,101.9
2024-05-24 18:44:38.525,21.2,101.9
2024-05-24 18:44:48.006,21.3,101.9
2024-05-24 18:44:57.531,21.2,101.9
2024-05-24 18:45:07.019,21.2,101.9
2024-05-24 18:45:16.605,21.2,101.9
2024-05-24 18:45:26.285,21.2,101.9
2024-05-24 18:45:35.695,21.2,101.9
2024-05-24 18:45:45.350,21.3,101.9
2024-05-24 18:45:54.775,21.3,101.9
2024-05-24 18:46:04.475,21.3,101.9
2024-05-24 18:46:13.898,21.3,101.9
2024-05-24 18:46:23.438,21.2,101.9
2024-05-24 18:46:32.924,21.3,101.9
2024-05-24 18:46:42.192,21.1,101.9
2024-05-24 18:46:51.666,21.3,101.9
2024-05-24 18:47:01.265,21.2,101.9
2024-05-24 18:47:10.531,21.1,101.9
2024-05-24 18:47:20.140,21.2,101.9
2024-05-24 18:47:29.764,21.2,101.9
2024-05-24 18:47:39.344,21.3,101.9
2024-05-24 18:47:48.878,21.3,101.9
2024-05-24 18:47:58.511,21.2,101.9
2024-05-24 18:48:08.012,21.3,101.9
2024-05-24 18:48:17.417,21.1,101.9
2024-05-24 18:48:27.084,21.2,101.9
2024-05-24 18:48:36.634,21.2,101.9
2024-05-24 18:48:46.230,21.3,101.9
2024-05-24 18:48:55.689,21.3,101.9
2024-05-24 18:49:05.046,21.3,101.9
2024-05-24 18:49:14.775,21.2,101.9
2024-05-24 18:49:24.448,21.2,101.9
2024-05-24 18:49:34.038,21.4,101.9
2024-05-24 18:49:43.561,21.4,101.9
2024-05-24 18:49:52.904,21.4,101.9
2024-05-24 18:50:02.364,21.4,101.9
2024-05-24 18:50:12.013,21.3,101.9
2024-05-24 18:50:21.455,21.2,101.9
2024-05-24 18:50:30.758,21.2,101.9
2024-05-24 18:50:40.365,21.2,101.9
2024-05-24 18:50:50.031,21.1,101.9
2024-05-24 18:50:59.535,21.2,101.9
2024-05-24 18:51:09.086,21.3,101.9
2024-05-24 18:51:18.712,21.3,101.9
2024-05-24 18:51:28.238,21.3,101.9
2024-05-24 18:51:38.063,21.3,101.9
2024-05-24 18:51:47.437,21.2,101.9
2024-05-24 18:51:57.191,21.2,101.9
2024-05-24 18:52:06.679,21.3,101.9
2024-05-24 18:52:16.352,21.3,101.9
2024-05-24 18:52:25.966,21.4,101.9
2024-05-24 18:52:35.544,21.4,101.9
2024-05-24 18:52:45.133,21.4,101.9
2024-05-24 18:52:54.827,21.4,101.9
2024-05-24 18:53:04.331,21.3,101.9
2024-05-24 18:53:13.881,21.2,101.9
2024-05-24 18:53:23.281,21.3,101.9
2024-05-24 18:53:33.063,21.3,101.9
2024-05-24 18:53:42.556,21.2,101.9
2024-05-24 18:53:52.299,21.2,101.9
2024-05-24 18:54:01.783,21.3,101.9
2024-05-24 18:54:11.383,21.3,101.9
2024-05-24 18:54:20.777,21.4,101.9
2024-05-24 18:54:30.385,21.3,101.9
2024-05-24 18:54:40.288,21.3,101.9
2024-05-24 18:54:49.686,21.3,101.9
2024-05-24 18:54:59.413,21.3,101.9
2024-05-24 18:55:09.155,21.3,101.9
2024-05-24 18:55:18.635,21.3,101.9
2024-05-24 18:55:28.368,21.3,101.9
2024-05-24 18:55:38.010,21.2,101.9
2024-05-24 18:55:47.434,21.2,101.9
2024-05-24 18:55:57.013,21.2,101.9
2024-05-24 18:56:06.522,21.3,101.9
2024-05-24 18:56:16.061,21.3,101.9
2024-05-24 18:56:25.776,21.3,101.9
2024-05-24 18:56:35.404,21.3,101.9
2024-05-24 18:56:44.735,21.3,101.9
2024-05-24 18:56:54.421,21.2,101.9
2024-05-24 18:57:03.805,21.3,101.9
2024-05-24 18:57:13.414,21.2,101.9
2024-05-24 18:57:22.980,21.2,101.9
2024-05-24 18:57:32.782,21.3,101.9
2024-05-24 18:57:42.364,21.3,101.9
2024-05-24 18:57:51.766,21.3,101.9
2024-05-24 18:58:01.382,21.3,101.9
2024-05-24 18:58:11.067,21.3,101.9
2024-05-24 18:58:20.661,21.3,101.9
2024-05-24 18:58:30.411,21.2,101.9
2024-05-24 18:58:39.849,21.2,101.9
2024-05-24 18:58:49.401,21.1,101.9
2024-05-24 18:58:59.199,21.2,101.9
2024-05-24 18:59:08.680,21.1,101.9
2024-05-24 18:59:18.295,21.2,101.9
2024-05-24 18:59:27.858,21.1,101.9
2024-05-24 18:59:37.426,21.2,101.9
2024-05-24 18:59:46.888,21.2,101.9
2024-05-24 18:59:56.339,21.2,101.9
2024-05-24 19:00:06.053,21.3,101.9
2024-05-24 19:00:15.373,21.2,101.9
2024-05-24 19:00:24.824,21.1,101.9
2024-05-24 19:00:34.524,21.1,101.9
2024-05-24 19:00:44.155,21.2,101.9
2024-05-24 19:00:53.568,21.3,101.9
2024-05-24 19:01:03.094,21.3,101.9
2024-05-24 19:01:12.471,21.3,101.9
2024-05-24 19:01:22.096,21.3,101.9
2024-05-24 19:01:31.674,21.3,101.9
2024-05-24 19:01:41.219,21.3,101.9
2024-05-24 19:01:50.621,21.2,101.9
2024-05-24 19:02:00.210,21.3,101.9
2024-05-24 19:02:09.809,21.3,101.9
2024-05-24 19:02:19.293,21.3,101.9
2024-05-24 19:02:28.935,21.3,101.9
2024-05-24 19:02:38.741,21.3,101.9
2024-05-24 19:02:48.521,21.3,101.9
2024-05-24 19:02:57.922,21.3,101.9
2024-05-24 19:03:07.465,21.3,101.9
2024-05-24 19:03:16.873,21.4,101.9
2024-05-24 19:03:26.628,21.3,101.9
2024-05-24 19:03:36.220,21.3,101.9
2024-05-24 19:03:45.888,21.4,101.9
2024-05-24 19:03:55.176,21.4,101.9
2024-05-24 19:04:04.707,21.4,101.9
2024-05-24 19:04:14.090,21.3,101.9
2024-05-24 19:04:23.586,21.2,101.9
2024-05-24 19:04:33.329,21.3,101.9
2024-05-24 19:04:42.952,21.3,101.9
2024-05-24 19:04:52.559,21.3,101.9
2024-05-24 19:05:01.952,21.4,101.9
2024-05-24 19:05:11.615,21.3,101.9
2024-05-24 19:05:21.336,21.3,101.9
2024-05-24 19:05:30.751,21.3,101.9
2024-05-24 19:05:40.495,21.4,101.9
2024-05-24 19:05:50.017,21.2,101.9
2024-05-24 19:05:59.414,21.3,101.9
2024-05-24 19:06:09.237,21.3,101.9
2024-05-24 19:06:18.424,21.3,101.9
2024-05-24 19:06:28.090,21.3,101.9
2024-05-24 19:06:37.507,21.3,101.9
2024-05-24 19:06:47.082,21.3,101.9
2024-05-24 19:06:56.489,21.3,101.9
2024-05-24 19:07:06.229,21.3,101.9
2024-05-24 19:07:15.903,21.3,101.9
2024-05-24 19:07:25.414,21.2,101.9
2024-05-24 19:07:34.879,21.3,101.9
2024-05-24 19:07:44.660,21.4,101.9
2024-05-24 19:07:54.297,21.4,101.9
2024-05-24 19:08:03.920,21.4,101.9
2024-05-24 19:08:13.490,21.4,101.9
2024-05-24 19:08:23.003,21.3,101.9
2024-05-24 19:08:32.660,21.3,101.9
2024-05-24 19:08:42.039,21.3,101.9
2024-05-24 19:08:51.455,21.3,101.9
2024-05-24 19:09:00.897,21.2,101.9
2024-05-24 19:09:10.635,21.2,101.9
2024-05-24 19:09:20.066,21.3,101.9
2024-05-24 19:09:29.641,21.3,101.9
2024-05-24 19:09:38.939,21.2,101.9
2024-05-24 19:09:48.543,21.3,101.9
2024-05-24 19:09:58.198,21.3,101.9
2024-05-24 19:10:07.625,21.3,101.9
2024-05-24 19:10:17.326,21.3,101.9
2024-05-24 19:10:26.845,21.3,101.9
2024-05-24 19:10:36.601,21.4,101.9
2024-05-24 19:10:46.085,21.3,101.9
2024-05-24 19:10:55.457,21.2,101.9
2024-05-24 19:11:04.992,21.2,101.9
2024-05-24 19:11:14.478,21.2,101.9
2024-05-24 19:11:23.998,21.2,101.9
2024-05-24 19:11:33.349,21.3,101.9
2024-05-24 19:11:43.003,21.3,101.9
2024-05-24 19:11:52.543,21.3,101.9
2024-05-24 19:12:02.198,21.3,101.9
2024-05-24 19:12:11.704,21.4,101.9
2024-05-24 19:12:21.221,21.3,101.9
2024-05-24 19:12:30.751,21.2,101.9
2024-05-24 19:12:40.273,21.3,101.9
2024-05-24 19:12:49.664,21.3,101.9
2024-05-24 19:12:59.178,21.3,101.9
2024-05-24 19:13:08.717,21.3,101.9
2024-05-24 19:13:18.196,21.2,101.9
2024-05-24 19:13:27.882,21.2,101.9
2024-05-24 19:13:37.455,21.3,101.9
2024-05-24 19:13:46.927,21.2,101.9
2024-05-24 19:13:56.424,21.1,101.9
2024-05-24 19:14:05.791,21.2,101.9
2024-05-24 19:14:15.435,21.2,101.9
2024-05-24 19:14:25.011,21.2,101.9
2024-05-24 19:14:34.439,21.1,101.9
2024-05-24 19:14:43.918,21.1,101.9
2024-05-24 19:14:53.451,21.2,101.9
2024-05-24 19:15:02.928,21.2,101.9
2024-05-24 19:15:12.409,21.2,101.9
2024-05-24 19:15:22.143,21.3,101.9
2024-05-24 19:15:31.726,21.2,101.9
2024-05-24 19:15:41.050,21.2,101.9
2024-05-24 19:15:50.566,21.2,101.9
2024-05-24 19:16:00.017,21.2,101.9
2024-05-24 19:16:09.502,21.3,101.9
2024-05-24 19:16:19.156,21.2,101.9
2024-05-24 19:16:28.647,21.2,101.9
2024-05-24 19:16:37.866,21.3,101.9
2024-05-24 19:16:47.472,21.3,101.9
2024-05-24 19:16:56.894,21.4,101.9
2024-05-24 19:17:06.309,21.5,101.9
2024-05-24 19:17:15.871,21.4,101.9
2024-05-24 19:17:25.519,21.4,101.9
2024-05-24 19:17:35.120,21.4,101.9
2024-05-24 19:17:44.533,21.4,101.9
2024-05-24 19:17:54.302,21.2,101.9
2024-05-24 19:18:03.722,21.3,101.9
2024-05-24 19:18:13.326,21.3,101.9
2024-05-24 19:18:22.953,21.3,101.9
2024-05-24 19:18:32.585,21.4,101.9
2024-05-24 19:18:42.221,21.3,101.9
2024-05-24 19:18:51.800,21.2,101.9
2024-05-24 19:19:01.437,21.3,101.9
2024-05-24 19:19:10.927,21.2,101.9
2024-05-24 19:19:20.576,21.3,101.9
2024-05-24 19:19:30.213,21.2,101.9
2024-05-24 19:19:39.869,21.1,101.9
2024-05-24 19:19:49.414,21.2,101.9
2024-05-24 19:19:59.217,21.2,101.9
2024-05-24 19:20:08.591,21.3,101.9
2024-05-24 19:20:18.112,21.3,101.9
2024-05-24 19:20:27.522,21.3,101.9
2024-05-24 19:20:36.966,21.2,101.9
2024-05-24 19:20:46.588,21.3,101.9
2024-05-24 19:20:56.105,21.2,101.9
2024-05-24 19:21:05.653,21.3,101.9
2024-05-24 19:21:15.094,21.3,101.9
2024-05-24 19:21:24.717,21.2,101.9
2024-05-24 19:21:34.131,21.2,101.9
2024-05-24 19:21:43.417,21.2,101.9
2024-05-24 19:21:52.892,21.2,101.9
2024-05-24 19:22:02.419,21.2,101.9
2024-05-24 19:22:12.119,21.3,101.9
2024-05-24 19:22:21.577,21.4,101.9
2024-05-24 19:22:31.155,21.4,101.9
2024-05-24 19:22:40.689,21.4,101.9
2024-05-24 19:22:50.304,21.2,101.9
2024-05-24 19:23:00.025,21.3,101.9
2024-05-24 19:23:09.484,21.3,101.9
2024-05-24 19:23:19.050,21.3,101.9
2024-05-24 19:23:28.714,21.2,101.9
2024-05-24 19:23:38.462,21.3,101.9
2024-05-24 19:23:47.945,21.4,101.9
2024-05-24 19:23:57.287,21.4,101.9
2024-05-24 19:24:07.020,21.4,101.9
2024-05-24 19:24:16.628,21.3,101.9
2024-05-24 19:24:26.067,21.2,101.9
2024-05-24 19:24:35.431,21.2,101.9
2024-05-24 19:24:45.055,21.3,101.9
2024-05-24 19:24:54.645,21.2,101.9
2024-05-24 19:25:04.506,21.3,101.9
2024-05-24 19:25:13.995,21.2,101.9
2024-05-24 19:25:23.718,21.3,101.9
2024-05-24 19:25:33.270,21.3,101.9
2024-05-24 19:25:42.696,21.3,101.9
2024-05-24 19:25:52.246,21.3,101.9
2024-05-24 19:26:01.676,21.3,101.9
2024-05-24 19:26:11.306,21.3,101.9
2024-05-24 19:26:20.864,21.2,101.9
2024-05-24 19:26:30.359,21.2,101.9
2024-05-24 19:26:39.971,21.2,101.9
2024-05-24 19:26:49.489,21.2,101.9
2024-05-24 19:26:59.187,21.1,101.9
2024-05-24 19:27:08.793,21.1,101.9
2024-05-24 19:27:18.409,21.2,101.9
2024-05-24 19:27:27.979,21.3,101.9
2024-05-24 19:27:37.569,21.3,101.9
2024-05-24 19:27:47.164,21.3,101.9
2024-05-24 19:27:56.676,21.3,101.9
2024-05-24 19:28:06.207,21.3,101.9
2024-05-24 19:28:15.823,21.3,101.9
2024-05-24 19:28:25.421,21.3,101.9
2024-05-24 19:28:34.967,21.4,101.9
2024-05-24 19:28:44.421,21.3,101.9
2024-05-24 19:28:53.868,21.3,101.9
2024-05-24 19:29:03.329,21.2,101.9
2024-05-24 19:29:13.159,21.1,101.9
2024-05-24 19:29:22.480,21.1,101.9
2024-05-24 19:29:32.020,21.2,101.9
2024-05-24 19:29:41.703,21.2,101.9
2024-05-24 19:29:51.383,21.2,101.9
2024-05-24 19:30:00.790,21.2,101.9
2024-05-24 19:30:10.456,21.2,101.9
2024-05-24 19:30:20.150,21.2,101.9
2024-05-24 19:30:29.861,21.2,101.9
2024-05-24 19:30:39.148,21.2,101.9
2024-05-24 19:30:48.775,21.3,101.9
2024-05-24 19:30:58.329,21.3,101.9
2024-05-24 19:31:07.815,21.3,101.9
2024-05-24 19:31:17.237,21.3,101.9
2024-05-24 19:31:26.684,21.2,101.9
2024-05-24 19:31:36.314,21.2,101.9
2024-05-24 19:31:45.929,21.3,101.9
2024-05-24 19:31:55.859,21.3,101.9
2024-05-24 19:32:05.427,21.4,101.9
2024-05-24 19:32:14.920,21.4,101.9
2024-05-24 19:32:24.345,21.3,101.9
2024-05-24 19:32:33.670,21.3,101.9
2024-05-24 19:32:43.061,21.2,101.9
2024-05-24 19:32:52.591,21.3,101.9
2024-05-24 19:33:02.069,21.4,101.9
2024-05-24 19:33:11.685,21.2,101.9
2024-05-24 19:33:21.215,21.3,101.9
2024-05-24 19:33:30.879,21.2,101.9
2024-05-24 19:33:40.180,21.2,101.9
2024-05-24 19:33:49.722,21.2,101.9
2024-05-24 19:33:59.108,21.3,101.9
2024-05-24 19:34:08.708,21.3,101.9
2024-05-24 19:34:18.182,21.2,101.9
2024-05-24 19:34:27.712,21.2,101.9
2024-05-24 19:34:37.052,21.2,101.9
2024-05-24 19:34:46.796,21.2,101.9
2024-05-24 19:34:56.061,21.2,101.9
2024-05-24 19:35:05.724,21.2,101.9
2024-05-24 19:35:15.453,21.2,101.9
2024-05-24 19:35:24.991,21.3,101.9
2024-05-24 19:35:34.712,21.2,101.9
2024-05-24 19:35:44.207,21.2,101.9
2024-05-24 19:35:53.496,21.2,101.9
2024-05-24 19:36:02.932,21.2,101.9
2024-05-24 19:36:12.376,21.1,101.9
2024-05-24 19:36:21.861,21.2,101.9
2024-05-24 19:36:31.336,21.1,101.9
2024-05-24 19:36:40.817,21.2,101.9
2024-05-24 19:36:50.528,21.2,101.9
2024-05-24 19:37:00.180,21.2,101.9
2024-05-24 19:37:09.512,21.2,101.9
2024-05-24 19:37:19.258,21.3,101.9
2024-05-24 19:37:28.721,21.3,101.9
2024-05-24 19:37:38.317,21.3,101.9
2024-05-24 19:37:47.839,21.2,101.9
2024-05-24 19:37:57.305,21.2,101.9
2024-05-24 19:38:06.960,21.2,101.9
2024-05-24 19:38:16.436,21.2,101.9
2024-05-24 19:38:25.894,21.2,101.9
2024-05-24 19:38:35.565,21.3,101.9
2024-05-24 19:38:45.109,21.3,101.9
2024-05-24 19:38:54.638,21.2,101.9
2024-05-24 19:39:04.202,21.2,101.9
2024-05-24 19:39:13.625,21.2,101.9
2024-05-24 19:39:23.248,21.2,101.9
2024-05-24 19:39:32.862,21.2,101.9
2024-05-24 19:39:42.411,21.2,101.9
2024-05-24 19:39:51.866,21.2,101.9
2024-05-24 19:40:01.279,21.2,101.9
2024-05-24 19:40:10.481,21.2,101.9
2024-05-24 19:40:20.171,21.2,101.9
2024-05-24 19:40:29.745,21.2,101.9
2024-05-24 19:40:39.293,21.3,101.9
2024-05-24 19:40:48.973,21.2,101.9
2024-05-24 19:40:58.500,21.3,101.9
2024-05-24 19:41:08.170,21.4,101.9
2024-05-24 19:41:17.843,21.3,101.9
2024-05-24 19:41:27.370,21.3,101.9
2024-05-24 19:41:36.933,21.3,101.9
2024-05-24 19:41:46.298,21.2,101.9
2024-05-24 19:41:55.987,21.3,101.9
2024-05-24 19:42:05.503,21.3,101.9
2024-05-24 19:42:15.145,21.4,101.9
2024-05-24 19:42:24.753,21.3,101.9
2024-05-24 19:42:34.199,21.3,101.9
2024-05-24 19:42:43.700,21.3,101.9
2024-05-24 19:42:53.361,21.2,101.9
2024-05-24 19:43:02.730,21.2,101.9
2024-05-24 19:43:12.258,21.2,101.9
2024-05-24 19:43:21.909,21.2,101.9
2024-05-24 19:43:31.248,21.3,101.9
2024-05-24 19:43:40.494,21.2,101.9
2024-05-24 19:43:49.882,21.3,101.9
2024-05-24 19:43:59.350,21.2,101.9
2024-05-24 19:44:08.893,21.1,101.9
2024-05-24 19:44:18.253,21.2,101.9
2024-05-24 19:44:27.767,21.3,101.9
2024-05-24 19:44:37.272,21.2,101.9
2024-05-24 19:44:46.829,21.2,101.9
2024-05-24 19:44:56.329,21.2,101.9
2024-05-24 19:45:05.754,21.3,101.9
2024-05-24 19:45:15.102,21.3,101.9
2024-05-24 19:45:24.563,21.3,101.9
2024-05-24 19:45:33.983,21.3,101.9
2024-05-24 19:45:43.539,21.2,101.9
2024-05-24 19:45:52.905,21.3,101.9
2024-05-24 19:46:02.323,21.2,101.9
2024-05-24 19:46:11.666,21.2,101.9
2024-05-24 19:46:21.322,21.2,101.9
2024-05-24 19:46:30.743,21.2,101.9
2024-05-24 19:46:40.421,21.4,101.9
2024-05-24 19:46:49.930,21.3,101.9
2024-05-24 19:46:59.321,21.2,101.9
2024-05-24 19:47:08.744,21.2,101.9
2024-05-24 19:47:18.200,21.3,101.9
2024-05-24 19:47:27.955,21.2,101.9
2024-05-24 19:47:37.428,21.3,101.9
2024-05-24 19:47:47.250,21.2,101.9
2024-05-24 19:47:56.766,21.3,101.9
2024-05-24 19:48:06.339,21.2,101.9
2024-05-24 19:48:15.696,21.3,101.9
2024-05-24 19:48:25.160,21.3,101.9
2024-05-24 19:48:34.615,21.3,101.9
2024-05-24 19:48:44.186,21.2,101.9
2024-05-24 19:48:53.659,21.2,101.9
2024-05-24 19:49:03.011,21.2,101.9
2024-05-24 19:49:12.681,21.1,101.9
2024-05-24 19:49:21.898,21.1,101.9
2024-05-24 19:49:31.345,21.2,101.9
2024-05-24 19:49:40.774,21.2,101.9
2024-05-24 19:49:50.230,21.3,101.9
2024-05-24 19:49:59.544,21.3,101.9
2024-05-24 19:50:09.008,21.2,101.9
2024-05-24 19:50:18.300,21.2,101.9
2024-05-24 19:50:27.801,21.2,101.9
2024-05-24 19:50:37.450,21.2,101.9
2024-05-24 19:50:46.925,21.1,101.9
2024-05-24 19:50:56.387,21.1,101.9
2024-05-24 19:51:05.659,21.2,101.9
2024-05-24 19:51:15.042,21.3,101.9
2024-05-24 19:51:24.398,21.4,101.9
2024-05-24 19:51:33.713,21.3,101.9
2024-05-24 19:51:43.119,21.3,101.9
2024-05-24 19:51:52.884,21.4,101.9
2024-05-24 19:52:02.308,21.4,101.9
2024-05-24 19:52:11.770,21.2,101.9
2024-05-24 19:52:21.067,21.2,101.9
2024-05-24 19:52:30.752,21.1,101.9
2024-05-24 19:52:40.334,21.2,101.9
2024-05-24 19:52:49.623,21.2,101.9
2024-05-24 19:52:59.193,21.3,101.9
2024-05-24 19:53:08.742,21.2,101.9
2024-05-24 19:53:18.121,21.2,101.9
2024-05-24 19:53:27.568,21.1,101.9
2024-05-24 19:53:37.021,21.2,101.9
2024-05-24 19:53:46.402,21.3,101.9
2024-05-24 19:53:55.831,21.2,101.9
2024-05-24 19:54:05.267,21.2,101.9
2024-05-24 19:54:14.604,21.2,101.9
2024-05-24 19:54:24.141,21.2,101.9
2024-05-24 19:54:33.505,21.2,101.9
2024-05-24 19:54:42.792,21.1,101.9
2024-05-24 19:54:52.175,21.2,101.9
2024-05-24 19:55:01.572,21.2,101.9
2024-05-24 19:55:10.970,21.2,101.9
2024-05-24 19:55:20.288,21.1,101.9
2024-05-24 19:55:29.584,21.2,101.9
2024-05-24 19:55:39.101,21.1,101.9
2024-05-24 19:55:48.820,21.2,101.9
2024-05-24 19:55:58.280,21.2,101.9
2024-05-24 19:56:07.776,21.2,101.9
2024-05-24 19:56:17.215,21.2,101.9
2024-05-24 19:56:26.886,21.0,101.9
2024-05-24 19:56:36.417,21.1,101.9
2024-05-24 19:56:45.719,21.2,101.9
2024-05-24 19:56:55.092,21.1,101.9
2024-05-24 19:57:04.827,21.1,101.9
2024-05-24 19:57:14.186,21.1,101.9
2024-05-24 19:57:23.674,21.3,101.9
2024-05-24 19:57:33.138,21.2,101.9
2024-05-24 19:57:42.620,21.3,101.9
2024-05-24 19:57:52.215,21.3,101.9
2024-05-24 19:58:01.889,21.3,101.9
2024-05-24 19:58:11.297,21.2,101.9
2024-05-24 19:58:20.571,21.2,101.9
2024-05-24 19:58:30.017,21.2,101.9
2024-05-24 19:58:39.423,21.3,101.9
2024-05-24 19:58:49.018,21.2,101.9
2024-05-24 19:58:58.417,21.2,101.9
2024-05-24 19:59:07.854,21.2,101.9
2024-05-24 19:59:17.101,21.2,101.9
2024-05-24 19:59:26.604,21.3,101.9
2024-05-24 19:59:36.121,21.2,101.9
2024-05-24 19:59:45.433,21.2,101.9
2024-05-24 19:59:54.879,21.2,101.9
2024-05-24 20:00:04.342,21.2,101.9
2024-05-24 20:00:13.846,21.3,101.9
2024-05-24 20:00:23.202,21.3,101.9
2024-05-24 20:00:32.748,21.3,101.9
2024-05-24 20:00:42.162,21.4,101.9
2024-05-24 20:00:51.654,21.3,101.9
2024-05-24 20:01:01.027,21.2,101.9
2024-05-24 20:01:10.680,21.2,101.9
2024-05-24 20:01:20.232,21.3,101.9
2024-05-24 20:01:29.677,21.2,101.9
2024-05-24 20:01:38.974,21.2,101.9
2024-05-24 20:01:48.528,21.2,101.9
2024-05-24 20:01:58.074,21.1,101.9
2024-05-24 20:02:07.633,21.1,101.9
2024-05-24 20:02:17.176,21.2,101.9
2024-05-24 20:02:26.813,21.2,101.9
2024-05-24 20:02:36.128,21.2,101.9
2024-05-24 20:02:45.764,21.3,101.9
2024-05-24 20:02:55.313,21.3,101.9
2024-05-24 20:03:04.829,21.4,101.9
2024-05-24 20:03:14.317,21.2,101.9
2024-05-24 20:03:23.731,21.1,101.9
2024-05-24 20:03:33.318,21.2,101.9
2024-05-24 20:03:42.741,21.2,101.9
2024-05-24 20:03:52.214,21.2,101.9
2024-05-24 20:04:01.572,21.2,101.9
2024-05-24 20:04:11.010,21.3,101.9
2024-05-24 20:04:20.417,21.3,101.9
2024-05-24 20:04:29.880,21.3,101.9
2024-05-24 20:04:39.496,21.2,101.9
2024-05-24 20:04:48.935,21.3,101.9
2024-05-24 20:04:58.413,21.2,101.9
2024-05-24 20:05:07.627,21.2,101.9
2024-05-24 20:05:17.026,21.2,101.9
2024-05-24 20:05:26.526,21.2,101.9
2024-05-24 20:05:35.948,21.2,101.9
2024-05-24 20:05:45.408,21.2,101.9
2024-05-24 20:05:55.152,21.2,101.9
2024-05-24 20:06:04.778,21.2,101.9
2024-05-24 20:06:14.312,21.2,101.9
2024-05-24 20:06:23.645,21.2,101.9
2024-05-24 20:06:33.085,21.2,101.9
2024-05-24 20:06:42.508,21.2,101.9
2024-05-24 20:06:52.026,21.2,101.9
2024-05-24 20:07:01.522,21.2,101.9
2024-05-24 20:07:10.868,21.3,101.9
2024-05-24 20:07:20.176,21.3,101.9
2024-05-24 20:07:29.657,21.2,101.9
2024-05-24 20:07:39.088,21.1,101.9
2024-05-24 20:07:48.524,21.1,101.9
2024-05-24 20:07:58.027,21.2,101.9
2024-05-24 20:08:07.559,21.3,101.9
2024-05-24 20:08:16.983,21.3,101.9
2024-05-24 20:08:26.349,21.2,101.9
2024-05-24 20:08:35.866,21.3,101.9
2024-05-24 20:08:45.250,21.2,101.9
2024-05-24 20:08:54.637,21.2,101.9
2024-05-24 20:09:04.123,21.1,101.9
2024-05-24 20:09:13.635,21.1,101.9
2024-05-24 20:09:23.163,21.1,101.9
2024-05-24 20:09:32.723,21.2,101.9
2024-05-24 20:09:42.196,21.3,101.9
2024-05-24 20:09:51.581,21.3,101.9
2024-05-24 20:10:01.120,21.3,101.9
2024-05-24 20:10:10.682,21.3,101.9
2024-05-24 20:10:19.945,21.3,101.9
2024-05-24 20:10:29.381,21.3,101.9
2024-05-24 20:10:38.806,21.2,101.9
2024-05-24 20:10:48.408,21.2,101.9
2024-05-24 20:10:57.834,21.2,101.9
2024-05-24 20:11:07.296,21.2,101.9
2024-05-24 20:11:16.850,21.1,101.9
2024-05-24 20:11:26.230,21.1,101.9
2024-05-24 20:11:35.740,21.1,101.9
2024-05-24 20:11:45.257,21.1,101.9
2024-05-24 20:11:54.566,21.2,101.9
2024-05-24 20:12:04.035,21.2,101.9
2024-05-24 20:12:13.496,21.1,101.9
2024-05-24 20:12:23.103,21.1,101.9
2024-05-24 20:12:32.431,21.1,101.9
2024-05-24 20:12:41.703,21.3,101.9
2024-05-24 20:12:51.180,21.1,101.9
2024-05-24 20:13:00.597,21.2,101.9
2024-05-24 20:13:10.210,21.2,101.9
2024-05-24 20:13:19.644,21.2,101.9
2024-05-24 20:13:28.901,21.2,101.9
2024-05-24 20:13:38.392,21.2,101.9
2024-05-24 20:13:47.744,21.3,101.9
2024-05-24 20:13:57.277,21.2,101.9
2024-05-24 20:14:06.662,21.3,101.9
2024-05-24 20:14:16.239,21.3,101.9
2024-05-24 20:14:25.740,21.2,101.9
2024-05-24 20:14:35.240,21.1,101.9
2024-05-24 20:14:44.848,21.1,101.9
2024-05-24 20:14:54.299,21.2,101.9
2024-05-24 20:15:03.748,21.1,101.9
2024-05-24 20:15:13.336,21.2,101.9
2024-05-24 20:15:22.790,21.2,101.9
2024-05-24 20:15:32.434,21.2,101.9
2024-05-24 20:15:41.899,21.3,101.9
2024-05-24 20:15:51.327,21.2,101.9
2024-05-24 20:16:00.696,21.2,101.9
2024-05-24 20:16:10.370,21.2,101.9
2024-05-24 20:16:19.944,21.3,101.9
2024-05-24 20:16:29.386,21.2,101.9
2024-05-24 20:16:38.884,21.3,101.9
2024-05-24 20:16:48.367,21.2,101.9
2024-05-24 20:16:57.685,21.3,101.9
2024-05-24 20:17:07.202,21.3,101.9
2024-05-24 20:17:16.802,21.2,101.9
2024-05-24 20:17:26.400,21.2,101.9
2024-05-24 20:17:35.564,21.2,101.9
2024-05-24 20:17:44.938,21.2,101.9
2024-05-24 20:17:54.429,21.3,101.9
2024-05-24 20:18:04.173,21.4,101.9
2024-05-24 20:18:13.665,21.3,101.9
2024-05-24 20:18:23.105,21.4,101.9
2024-05-24 20:18:32.506,21.3,101.9
2024-05-24 20:18:41.978,21.2,101.9
2024-05-24 20:18:51.237,21.2,101.9
2024-05-24 20:19:00.858,21.2,101.9
2024-05-24 20:19:10.265,21.2,101.9
2024-05-24 20:19:19.767,21.2,101.9
2024-05-24 20:19:29.379,21.2,101.9
2024-05-24 20:19:38.911,21.3,101.9
2024-05-24 20:19:48.240,21.3,101.9
2024-05-24 20:19:57.877,21.2,101.9
2024-05-24 20:20:07.369,21.2,101.9
2024-05-24 20:20:16.730,21.2,101.9
2024-05-24 20:20:26.209,21.2,101.9
2024-05-24 20:20:35.742,21.1,101.9
2024-05-24 20:20:45.158,21.2,101.9
2024-05-24 20:20:54.550,21.1,101.9
2024-05-24 20:21:03.896,21.1,101.9
2024-05-24 20:21:13.248,21.1,101.9
2024-05-24 20:21:22.916,21.2,101.9
2024-05-24 20:21:32.430,21.2,101.9
2024-05-24 20:21:41.832,21.3,101.9
2024-05-24 20:21:51.364,21.3,101.9
2024-05-24 20:22:00.880,21.2,101.9
2024-05-24 20:22:10.379,21.2,101.9
2024-05-24 20:22:19.801,21.3,101.9
2024-05-24 20:22:29.476,21.3,101.9
2024-05-24 20:22:38.767,21.3,101.9
2024-05-24 20:22:48.326,21.3,101.9
2024-05-24 20:22:57.736,21.2,101.9
2024-05-24 20:23:07.357,21.2,101.9
2024-05-24 20:23:16.883,21.2,101.9
2024-05-24 20:23:26.409,21.1,101.9
2024-05-24 20:23:35.794,21.2,101.9
2024-05-24 20:23:45.030,21.2,101.9
2024-05-24 20:23:54.555,21.1,101.9
2024-05-24 20:24:04.045,21.1,101.9
2024-05-24 20:24:13.380,21.2,101.9
2024-05-24 20:24:22.962,21.3,101.9
2024-05-24 20:24:32.356,21.2,101.9
2024-05-24 20:24:41.942,21.2,101.9
2024-05-24 20:24:51.362,21.2,101.9
2024-05-24 20:25:00.881,21.3,101.9
2024-05-24 20:25:10.291,21.2,101.9
2024-05-24 20:25:19.783,21.3,101.9
2024-05-24 20:25:29.325,21.2,101.9
2024-05-24 20:25:38.964,21.2,101.9
2024-05-24 20:25:48.426,21.3,101.9
2024-05-24 20:25:57.773,21.4,101.9
2024-05-24 20:26:07.007,21.3,101.9
2024-05-24 20:26:16.396,21.2,101.9
2024-05-24 20:26:25.728,21.2,101.9
2024-05-24 20:26:35.246,21.1,101.9
2024-05-24 20:26:44.799,21.1,101.9
2024-05-24 20:26:54.209,21.2,101.9
2024-05-24 20:27:03.810,21.2,101.9
2024-05-24 20:27:13.073,21.1,101.9
2024-05-24 20:27:22.380,21.1,101.9
2024-05-24 20:27:31.663,21.2,101.9
2024-05-24 20:27:41.072,21.3,101.9
2024-05-24 20:27:50.522,21.3,101.9
2024-05-24 20:28:00.026,21.2,101.9
2024-05-24 20:28:09.555,21.2,101.9
2024-05-24 20:28:18.989,21.2,101.9
2024-05-24 20:28:28.403,21.2,101.9
2024-05-24 20:28:37.936,21.1,101.9
2024-05-24 20:28:47.311,21.2,101.9
2024-05-24 20:28:56.780,21.2,101.9
2024-05-24 20:29:06.222,21.2,101.9
2024-05-24 20:29:15.737,21.2,101.9
2024-05-24 20:29:25.255,21.2,101.9
2024-05-24 20:29:34.716,21.2,101.9
2024-05-24 20:29:44.294,21.3,101.9
2024-05-24 20:29:53.901,21.3,101.9
2024-05-24 20:30:03.386,21.2,101.9
2024-05-24 20:30:12.846,21.3,101.9
2024-05-24 20:30:22.285,21.3,101.9
2024-05-24 20:30:31.725,21.3,101.9
2024-05-24 20:30:41.301,21.3,101.9
2024-05-24 20:30:50.882,21.3,101.9
2024-05-24 20:31:00.424,21.3,101.9
2024-05-24 20:31:09.947,21.2,101.9
2024-05-24 20:31:19.632,21.3,101.9
2024-05-24 20:31:29.133,21.2,101.9
2024-05-24 20:31:38.847,21.2,101.9
2024-05-24 20:31:48.225,21.2,101.9
2024-05-24 20:31:57.608,21.2,101.9
2024-05-24 20:32:06.969,21.1,101.9
2024-05-24 20:32:16.422,21.2,101.9
2024-05-24 20:32:25.742,21.3,101.9
2024-05-24 20:32:35.082,21.3,101.9
2024-05-24 20:32:44.441,21.2,101.9
2024-05-24 20:32:54.053,21.3,101.9
2024-05-24 20:33:03.356,21.2,101.9
2024-05-24 20:33:12.779,21.2,101.9
2024-05-24 20:33:22.500,21.2,101.9
2024-05-24 20:33:32.031,21.3,101.9
2024-05-24 20:33:41.427,21.3,101.9
2024-05-24 20:33:51.052,21.3,101.9
2024-05-24 20:34:00.562,21.3,101.9
2024-05-24 20:34:10.144,21.3,101.9
2024-05-24 20:34:19.442,21.3,101.9
2024-05-24 20:34:28.785,21.2,101.9
2024-05-24 20:34:38.226,21.3,101.9
2024-05-24 20:34:47.775,21.4,101.9
2024-05-24 20:34:57.355,21.3,101.9
2024-05-24 20:35:06.926,21.2,101.9
2024-05-24 20:35:16.371,21.1,101.9
2024-05-24 20:35:25.729,21.2,101.9
2024-05-24 20:35:35.158,21.1,101.9
2024-05-24 20:35:44.336,21.1,101.9
2024-05-24 20:35:53.954,21.2,101.9
2024-05-24 20:36:03.459,21.3,101.9
2024-05-24 20:36:12.709,21.3,101.9
2024-05-24 20:36:22.150,21.2,101.9
2024-05-24 20:36:31.544,21.2,101.9
2024-05-24 20:36:41.012,21.1,101.9
2024-05-24 20:36:50.487,21.1,101.9
2024-05-24 20:37:00.033,21.2,101.9
2024-05-24 20:37:09.642,21.2,101.9
2024-05-24 20:37:19.098,21.2,101.9
2024-05-24 20:37:28.437,21.2,101.9
2024-05-24 20:37:37.970,21.3,101.9
2024-05-24 20:37:47.500,21.3,101.9
2024-05-24 20:37:56.991,21.3,101.9
2024-05-24 20:38:06.362,21.3,101.9
2024-05-24 20:38:15.811,21.4,101.9
2024-05-24 20:38:25.270,21.4,101.9
2024-05-24 20:38:34.607,21.3,101.9
2024-05-24 20:38:43.861,21.3,101.9
2024-05-24 20:38:53.253,21.2,101.9
2024-05-24 20:39:02.787,21.2,101.9
2024-05-24 20:39:12.413,21.3,101.9
2024-05-24 20:39:21.983,21.3,101.9
2024-05-24 20:39:31.425,21.4,101.9
2024-05-24 20:39:41.030,21.1,101.9
2024-05-24 20:39:50.638,21.2,101.9
2024-05-24 20:39:59.903,21.2,101.9
2024-05-24 20:40:09.495,21.3,101.9
2024-05-24 20:40:18.825,21.3,101.9
2024-05-24 20:40:28.277,21.3,101.9
2024-05-24 20:40:37.573,21.4,101.9
2024-05-24 20:40:47.048,21.3,101.9
2024-05-24 20:40:56.643,21.2,101.9
2024-05-24 20:41:05.985,21.2,101.9
2024-05-24 20:41:15.569,21.2,101.9
2024-05-24 20:41:25.010,21.2,101.9
2024-05-24 20:41:34.518,21.2,101.9
2024-05-24 20:41:43.944,21.2,101.9
2024-05-24 20:41:53.581,21.1,101.9
2024-05-24 20:42:02.875,21.1,101.9
2024-05-24 20:42:12.241,21.0,101.9
2024-05-24 20:42:21.543,21.1,101.9
2024-05-24 20:42:30.954,21.0,101.9
2024-05-24 20:42:40.493,21.1,101.9
2024-05-24 20:42:50.093,21.1,101.9
2024-05-24 20:42:59.654,21.0,101.9
2024-05-24 20:43:09.187,21.1,101.9
2024-05-24 20:43:18.655,21.2,101.9
2024-05-24 20:43:28.104,21.2,101.9
2024-05-24 20:43:37.325,21.3,101.9
2024-05-24 20:43:46.680,21.3,101.9
2024-05-24 20:43:56.133,21.2,101.9
2024-05-24 20:44:05.552,21.3,101.9
2024-05-24 20:44:14.894,21.2,101.9
2024-05-24 20:44:24.456,21.2,101.9
2024-05-24 20:44:33.977,21.2,101.9
2024-05-24 20:44:43.475,21.2,101.9
2024-05-24 20:44:52.663,21.2,101.9
2024-05-24 20:45:02.308,21.2,101.9
2024-05-24 20:45:11.737,21.2,101.9
2024-05-24 20:45:21.276,21.1,101.9
2024-05-24 20:45:30.730,21.0,101.9
2024-05-24 20:45:40.196,21.0,101.9
2024-05-24 20:45:49.673,21.1,101.9
2024-05-24 20:45:58.998,21.2,101.9
2024-05-24 20:46:08.642,21.1,101.9
2024-05-24 20:46:18.008,21.2,101.9
2024-05-24 20:46:27.501,21.2,101.9
2024-05-24 20:46:36.919,21.2,101.9
2024-05-24 20:46:46.409,21.3,101.9
2024-05-24 20:46:55.898,21.2,101.9
2024-05-24 20:47:05.355,21.2,101.9
2024-05-24 20:47:14.802,21.3,101.9
2024-05-24 20:47:24.015,21.3,101.9
2024-05-24 20:47:33.567,21.2,101.9
2024-05-24 20:47:43.060,21.2,101.9
2024-05-24 20:47:52.408,21.2,101.9
2024-05-24 20:48:02.000,21.3,101.9
2024-05-24 20:48:11.503,21.3,101.9
2024-05-24 20:48:21.035,21.2,101.9
2024-05-24 20:48:30.560,21.1,101.9
2024-05-24 20:48:40.184,21.1,101.9
2024-05-24 20:48:49.628,21.2,101.9
2024-05-24 20:48:59.263,21.2,101.9
2024-05-24 20:49:08.739,21.3,101.9
2024-05-24 20:49:18.048,21.3,101.9
2024-05-24 20:49:27.444,21.3,101.9
2024-05-24 20:49:36.816,21.3,101.9
2024-05-24 20:49:46.338,21.2,101.9
2024-05-24 20:49:56.021,21.3,101.9
2024-05-24 20:50:05.449,21.3,101.9
2024-05-24 20:50:15.026,21.2,101.9
2024-05-24 20:50:24.602,21.3,101.9
2024-05-24 20:50:34.119,21.2,101.9
2024-05-24 20:50:43.729,21.2,101.9
2024-05-24 20:50:53.189,21.3,101.9
2024-05-24 20:51:02.460,21.2,101.9
2024-05-24 20:51:11.922,21.1,101.9
2024-05-24 20:51:21.442,21.2,101.9
2024-05-24 20:51:30.894,21.2,101.9
2024-05-24 20:51:40.296,21.2,101.9
2024-05-24 20:51:49.944,21.3,101.9
2024-05-24 20:51:59.456,21.3,101.9
2024-05-24 20:52:08.760,21.2,101.9
2024-05-24 20:52:18.294,21.2,101.9
2024-05-24 20:52:27.873,21.2,101.9
2024-05-24 20:52:37.438,21.2,101.9
2024-05-24 20:52:46.825,21.2,101.9
2024-05-24 20:52:56.292,21.3,101.9
2024-05-24 20:53:05.853,21.1,101.9
2024-05-24 20:53:15.449,21.2,101.9
2024-05-24 20:53:24.884,21.2,101.9
2024-05-24 20:53:34.417,21.1,101.9
2024-05-24 20:53:43.835,21.2,101.9
2024-05-24 20:53:53.387,21.3,101.9
2024-05-24 20:54:02.827,21.2,101.9
2024-05-24 20:54:12.402,21.2,101.9
2024-05-24 20:54:21.849,21.2,101.9
2024-05-24 20:54:31.465,21.1,101.9
2024-05-24 20:54:40.769,21.0,101.9
2024-05-24 20:54:50.211,21.1,101.9
2024-05-24 20:54:59.568,21.2,101.9
2024-05-24 20:55:09.315,21.3,101.9
2024-05-24 20:55:18.732,21.3,101.9
2024-05-24 20:55:28.008,21.2,101.9
2024-05-24 20:55:37.595,21.2,101.9
2024-05-24 20:55:47.155,21.3,101.9
2024-05-24 20:55:56.610,21.2,101.9
2024-05-24 20:56:06.236,21.3,101.9
2024-05-24 20:56:15.708,21.2,101.9
2024-05-24 20:56:25.291,21.3,101.9
2024-05-24 20:56:34.549,21.2,101.9
2024-05-24 20:56:44.098,21.1,101.9
2024-05-24 20:56:53.418,21.2,101.9
2024-05-24 20:57:02.779,21.2,101.9
2024-05-24 20:57:12.060,21.2,101.9
2024-05-24 20:57:21.711,21.2,101.9
2024-05-24 20:57:31.004,21.2,101.9
2024-05-24 20:57:40.442,21.1,101.9
2024-05-24 20:57:49.937,21.2,101.9
2024-05-24 20:57:59.358,21.2,101.9
2024-05-24 20:58:08.699,21.2,101.9
2024-05-24 20:58:18.137,21.3,101.9
2024-05-24 20:58:27.678,21.2,101.9
2024-05-24 20:58:37.264,21.2,101.9
2024-05-24 20:58:46.900,21.3,101.9
2024-05-24 20:58:56.280,21.2,101.9
2024-05-24 20:59:05.703,21.3,101.9
2024-05-24 20:59:15.193,21.3,101.9
2024-05-24 20:59:24.558,21.2,101.9
2024-05-24 20:59:33.958,21.2,101.9
2024-05-24 20:59:43.517,21.3,101.9
2024-05-24 20:59:53.109,21.3,101.9
2024-05-24 21:00:02.526,21.2,101.9
2024-05-24 21:00:12.188,21.2,101.9
2024-05-24 21:00:21.766,21.2,101.9
2024-05-24 21:00:31.417,21.1,101.9
2024-05-24 21:00:40.810,21.1,101.9
2024-05-24 21:00:50.264,21.3,101.9
2024-05-24 21:00:59.590,21.3,101.9
2024-05-24 21:01:09.110,21.3,101.9
2024-05-24 21:01:18.558,21.3,101.9
2024-05-24 21:01:28.153,21.2,101.9
2024-05-24 21:01:37.578,21.2,101.9
2024-05-24 21:01:47.181,21.2,101.9
2024-05-24 21:01:56.729,21.1,101.9
2024-05-24 21:02:06.104,21.2,101.9
2024-05-24 21:02:15.523,21.2,101.9
2024-05-24 21:02:25.125,21.3,101.9
2024-05-24 21:02:34.673,21.3,101.9
2024-05-24 21:02:44.158,21.2,101.9
2024-05-24 21:02:53.473,21.2,101.9
2024-05-24 21:03:03.166,21.2,101.9
2024-05-24 21:03:12.612,21.2,101.9
2024-05-24 21:03:22.132,21.3,101.9
2024-05-24 21:03:31.498,21.3,101.9
2024-05-24 21:03:41.059,21.2,101.9
2024-05-24 21:03:50.684,21.2,101.9
2024-05-24 21:04:00.062,21.2,101.9
2024-05-24 21:04:09.619,21.3,101.9
2024-05-24 21:04:19.088,21.3,101.9
2024-05-24 21:04:28.288,21.3,101.9
2024-05-24 21:04:37.597,21.2,101.9
2024-05-24 21:04:47.180,21.3,101.9
2024-05-24 21:04:56.628,21.3,101.9
2024-05-24 21:05:06.034,21.2,101.9
2024-05-24 21:05:15.757,21.0,101.9
2024-05-24 21:05:25.131,21.2,101.9
2024-05-24 21:05:34.601,21.3,101.9
2024-05-24 21:05:44.097,21.3,101.9
2024-05-24 21:05:53.517,21.1,101.9
2024-05-24 21:06:03.108,21.1,101.9
2024-05-24 21:06:12.466,21.2,101.9
2024-05-24 21:06:22.013,21.2,101.9
2024-05-24 21:06:31.520,21.3,101.9
2024-05-24 21:06:40.956,21.4,101.9
2024-05-24 21:06:50.539,21.3,101.9
2024-05-24 21:06:59.981,21.3,101.9
2024-05-24 21:07:09.379,21.3,101.9
2024-05-24 21:07:18.858,21.2,101.9
2024-05-24 21:07:28.214,21.2,101.9
2024-05-24 21:07:37.577,21.2,101.9
2024-05-24 21:07:47.351,21.0,101.9
2024-05-24 21:07:56.805,21.2,101.9
2024-05-24 21:08:06.132,21.2,101.9
2024-05-24 21:08:15.838,21.3,101.9
2024-05-24 21:08:25.119,21.2,101.9
2024-05-24 21:08:34.573,21.3,101.9
2024-05-24 21:08:43.820,21.3,101.9
2024-05-24 21:08:53.277,21.2,101.9
2024-05-24 21:09:02.798,21.2,101.9
2024-05-24 21:09:12.189,21.1,101.9
2024-05-24 21:09:21.708,21.1,101.9
2024-05-24 21:09:31.227,21.1,101.9
2024-05-24 21:09:40.605,21.1,101.9
2024-05-24 21:09:50.179,21.2,101.9
2024-05-24 21:09:59.643,21.1,101.9
2024-05-24 21:10:09.045,21.2,101.9
2024-05-24 21:10:18.614,21.1,101.9
2024-05-24 21:10:28.239,21.2,101.9
2024-05-24 21:10:37.876,21.2,101.9
2024-05-24 21:10:47.283,21.2,101.9
2024-05-24 21:10:56.819,21.2,101.9
2024-05-24 21:11:06.222,21.3,101.9
2024-05-24 21:11:15.698,21.2,101.9
2024-05-24 21:11:25.118,21.2,101.9
2024-05-24 21:11:34.606,21.2,101.9
2024-05-24 21:11:44.237,21.2,101.9
2024-05-24 21:11:53.647,21.1,101.9
2024-05-24 21:12:03.162,21.2,101.9
2024-05-24 21:12:12.696,21.1,101.9
2024-05-24 21:12:22.109,21.2,101.9
2024-05-24 21:12:31.800,21.1,101.9
2024-05-24 21:12:41.396,21.1,101.9
2024-05-24 21:12:50.724,21.2,101.9
2024-05-24 21:13:00.166,21.2,101.9
2024-05-24 21:13:09.743,21.1,101.9
2024-05-24 21:13:19.196,21.2,101.9
2024-05-24 21:13:28.795,21.2,101.9
2024-05-24 21:13:38.354,21.1,101.9
2024-05-24 21:13:47.729,21.1,101.9
2024-05-24 21:13:57.385,21.1,101.9
2024-05-24 21:14:06.712,21.1,101.9
2024-05-24 21:14:15.969,21.1,101.9
2024-05-24 21:14:25.458,21.1,101.9
2024-05-24 21:14:34.980,21.2,101.9
2024-05-24 21:14:44.616,21.1,101.9
2024-05-24 21:14:54.263,21.1,101.9
2024-05-24 21:15:03.834,21.2,101.9
2024-05-24 21:15:13.121,21.1,101.9
2024-05-24 21:15:22.624,21.2,101.9
2024-05-24 21:15:32.183,21.2,101.9
2024-05-24 21:15:41.440,21.2,101.9
2024-05-24 21:15:51.026,21.2,101.9
2024-05-24 21:16:00.628,21.2,101.9
2024-05-24 21:16:10.239,21.2,101.9
2024-05-24 21:16:19.659,21.3,101.9
2024-05-24 21:16:29.260,21.2,101.9
2024-05-24 21:16:38.781,21.1,101.9
2024-05-24 21:16:48.223,21.2,101.9
2024-05-24 21:16:57.706,21.2,101.9
2024-05-24 21:17:07.098,21.2,101.9
2024-05-24 21:17:16.608,21.2,101.9
2024-05-24 21:17:26.054,21.1,101.9
2024-05-24 21:17:35.561,21.1,101.9
2024-05-24 21:17:45.033,21.1,101.9
2024-05-24 21:17:54.656,21.2,101.9
2024-05-24 21:18:04.083,21.1,101.9
2024-05-24 21:18:13.587,21.2,101.9
2024-05-24 21:18:23.076,21.3,101.9
2024-05-24 21:18:32.460,21.2,101.9
2024-05-24 21:18:41.887,21.2,101.9
2024-05-24 21:18:51.352,21.1,101.9
2024-05-24 21:19:00.682,21.2,101.9
2024-05-24 21:19:10.062,21.3,101.9
2024-05-24 21:19:19.651,21.3,101.9
2024-05-24 21:19:29.048,21.3,101.9
2024-05-24 21:19:38.583,21.2,101.9
2024-05-24 21:19:48.028,21.2,101.9
2024-05-24 21:19:57.603,21.2,101.9
2024-05-24 21:20:07.287,21.0,101.9
2024-05-24 21:20:16.819,21.1,101.9
2024-05-24 21:20:26.239,21.1,101.9
2024-05-24 21:20:35.669,21.1,101.9
2024-05-24 21:20:44.985,21.1,101.9
2024-05-24 21:20:54.599,21.2,101.9
2024-05-24 21:21:04.171,21.3,101.9
2024-05-24 21:21:13.758,21.2,101.9
2024-05-24 21:21:23.077,21.0,101.9
2024-05-24 21:21:32.696,21.0,101.9
2024-05-24 21:21:42.082,21.0,101.9
2024-05-24 21:21:51.508,21.1,101.9
2024-05-24 21:22:01.129,21.0,101.9
2024-05-24 21:22:10.771,21.1,101.9
2024-05-24 21:22:20.097,21.2,101.9
2024-05-24 21:22:29.567,21.1,101.9
2024-05-24 21:22:38.976,21.1,101.9
2024-05-24 21:22:48.388,21.1,101.9
2024-05-24 21:22:57.716,21.2,101.9
2024-05-24 21:23:07.237,21.3,101.9
2024-05-24 21:23:16.607,21.1,101.9
2024-05-24 21:23:26.016,21.2,101.9
2024-05-24 21:23:35.371,21.3,101.9
2024-05-24 21:23:44.667,21.3,101.9
2024-05-24 21:23:54.204,21.2,101.9
2024-05-24 21:24:03.868,21.2,101.9
2024-05-24 21:24:13.119,21.2,101.9
2024-05-24 21:24:22.775,21.2,101.9
2024-05-24 21:24:32.302,21.2,101.9
2024-05-24 21:24:41.625,21.2,101.9
2024-05-24 21:24:51.288,21.2,101.9
2024-05-24 21:25:00.879,21.2,101.9
2024-05-24 21:25:10.181,21.1,101.9
2024-05-24 21:25:19.678,21.2,101.9
2024-05-24 21:25:29.159,21.1,101.9
2024-05-24 21:25:38.465,21.1,101.9
2024-05-24 21:25:48.113,21.2,101.9
2024-05-24 21:25:57.529,21.1,101.9
2024-05-24 21:26:06.888,21.1,101.9
2024-05-24 21:26:16.384,21.2,101.9
2024-05-24 21:26:25.627,21.2,101.9
2024-05-24 21:26:35.089,21.1,101.9
2024-05-24 21:26:44.715,21.2,101.9
2024-05-24 21:26:54.144,21.2,101.9
2024-05-24 21:27:03.874,21.1,101.9
2024-05-24 21:27:13.509,21.2,101.9
2024-05-24 21:27:22.898,21.2,101.9
2024-05-24 21:27:32.374,21.2,101.9
2024-05-24 21:27:41.927,21.2,101.9
2024-05-24 21:27:51.201,21.1,101.9
2024-05-24 21:28:00.777,21.2,101.9
2024-05-24 21:28:10.172,21.1,101.9
2024-05-24 21:28:19.453,21.0,101.9
2024-05-24 21:28:28.917,21.1,101.9
2024-05-24 21:28:38.394,21.1,101.9
2024-05-24 21:28:47.927,21.1,101.9
2024-05-24 21:28:57.217,21.2,101.9
2024-05-24 21:29:06.776,21.3,101.9
2024-05-24 21:29:16.233,21.2,101.9
2024-05-24 21:29:25.924,21.1,101.9
2024-05-24 21:29:35.393,21.2,101.9
2024-05-24 21:29:44.688,21.1,101.9
2024-05-24 21:29:54.356,21.1,101.9
2024-05-24 21:30:03.715,21.1,101.9
2024-05-24 21:30:13.218,21.1,101.9
2024-05-24 21:30:22.448,21.1,101.9
2024-05-24 21:30:31.739,21.1,101.9
2024-05-24 21:30:41.244,21.2,101.9
2024-05-24 21:30:50.664,21.2,101.9
2024-05-24 21:31:00.273,21.2,101.9
2024-05-24 21:31:09.444,21.2,101.9
2024-05-24 21:31:18.981,21.2,101.9
2024-05-24 21:31:28.446,21.3,101.9
2024-05-24 21:31:37.924,21.2,101.9
2024-05-24 21:31:47.517,21.2,101.9
2024-05-24 21:31:56.837,21.2,101.9
2024-05-24 21:32:06.293,21.1,101.9
2024-05-24 21:32:15.736,21.2,101.9
2024-05-24 21:32:25.281,21.1,101.9
2024-05-24 21:32:34.981,21.2,101.9
2024-05-24 21:32:44.474,21.1,101.9
2024-05-24 21:32:53.868,21.2,101.9
2024-05-24 21:33:03.481,21.1,101.9
2024-05-24 21:33:13.042,21.1,101.9
2024-05-24 21:33:22.584,21.2,101.9
2024-05-24 21:33:31.866,21.1,101.9
2024-05-24 21:33:41.303,21.2,101.9
2024-05-24 21:33:50.875,21.1,101.9
2024-05-24 21:34:00.275,21.2,101.9
2024-05-24 21:34:09.781,21.1,101.9
2024-05-24 21:34:19.321,21.1,101.9
2024-05-24 21:34:28.729,21.2,101.9
2024-05-24 21:34:38.361,21.2,101.9
2024-05-24 21:34:47.865,21.2,101.9
2024-05-24 21:34:57.514,21.2,101.9
2024-05-24 21:35:06.878,21.1,101.9
2024-05-24 21:35:16.282,21.2,101.9
2024-05-24 21:35:25.712,21.1,101.9
2024-05-24 21:35:35.308,21.1,101.9
2024-05-24 21:35:44.822,21.2,101.9
2024-05-24 21:35:54.409,21.1,101.9
2024-05-24 21:36:03.949,21.1,101.9
2024-05-24 21:36:13.231,21.2,101.9
2024-05-24 21:36:22.947,21.2,101.9
2024-05-24 21:36:32.428,21.1,101.9
2024-05-24 21:36:41.818,21.1,101.9
2024-05-24 21:36:51.433,21.1,101.9
2024-05-24 21:37:00.867,21.1,101.9
2024-05-24 21:37:10.238,21.2,101.9
2024-05-24 21:37:19.766,21.3,101.9
2024-05-24 21:37:29.269,21.2,101.9
2024-05-24 21:37:38.884,21.2,101.9
2024-05-24 21:37:48.432,21.2,101.9
2024-05-24 21:37:58.039,21.3,101.9
2024-05-24 21:38:07.393,21.2,101.9
2024-05-24 21:38:16.899,21.1,101.9
2024-05-24 21:38:26.521,21.1,101.9
2024-05-24 21:38:36.172,21.2,101.9
2024-05-24 21:38:45.432,21.2,101.9
2024-05-24 21:38:54.919,21.2,101.9
2024-05-24 21:39:04.467,21.3,101.9
2024-05-24 21:39:13.774,21.4,101.9
2024-05-24 21:39:23.180,21.4,101.9
2024-05-24 21:39:32.440,21.4,101.9
2024-05-24 21:39:41.783,21.4,101.9
2024-05-24 21:39:51.354,21.3,101.9
2024-05-24 21:40:00.691,21.3,101.9
2024-05-24 21:40:10.102,21.3,101.9
2024-05-24 21:40:19.693,21.3,101.9
2024-05-24 21:40:29.045,21.3,101.9
2024-05-24 21:40:38.533,21.2,101.9
2024-05-24 21:40:48.092,21.3,101.9
2024-05-24 21:40:57.448,21.3,101.9
2024-05-24 21:41:06.826,21.2,101.9
2024-05-24 21:41:16.524,21.2,101.9
2024-05-24 21:41:25.772,21.1,101.9
2024-05-24 21:41:35.425,21.1,101.9
2024-05-24 21:41:44.875,21.2,101.9
2024-05-24 21:41:54.389,21.3,101.9
2024-05-24 21:42:03.633,21.2,101.9
2024-05-24 21:42:13.127,21.2,101.9
2024-05-24 21:42:22.344,21.2,101.9
2024-05-24 21:42:31.627,21.2,101.9
2024-05-24 21:42:41.327,21.1,101.9
2024-05-24 21:42:50.990,21.1,101.9
2024-05-24 21:43:00.312,21.1,101.9
2024-05-24 21:43:09.853,21.1,101.9
2024-05-24 21:43:19.246,21.1,101.9
2024-05-24 21:43:28.827,21.1,101.9
2024-05-24 21:43:38.358,21.1,101.9
2024-05-24 21:43:47.595,21.2,101.9
2024-05-24 21:43:57.105,21.3,101.9
2024-05-24 21:44:06.326,21.2,101.9
2024-05-24 21:44:15.958,21.2,101.9
2024-05-24 21:44:25.453,21.2,101.9
2024-05-24 21:44:34.948,21.1,101.9
2024-05-24 21:44:44.279,21.1,101.9
2024-05-24 21:44:53.896,21.1,101.9
2024-05-24 21:45:03.372,21.2,101.9
2024-05-24 21:45:12.829,21.2,101.9
2024-05-24 21:45:22.344,21.2,101.9
2024-05-24 21:45:31.759,21.2,101.9
2024-05-24 21:45:41.050,21.2,101.9
2024-05-24 21:45:50.776,21.2,101.9
2024-05-24 21:46:00.063,21.2,101.9
2024-05-24 21:46:09.743,21.3,101.9
2024-05-24 21:46:19.300,21.3,101.9
2024-05-24 21:46:28.850,21.2,101.9
2024-05-24 21:46:38.282,21.2,101.9
2024-05-24 21:46:47.811,21.2,101.9
2024-05-24 21:46:57.336,21.3,101.9
2024-05-24 21:47:06.920,21.2,101.9
2024-05-24 21:47:16.280,21.2,101.9
2024-05-24 21:47:25.846,21.1,101.9
2024-05-24 21:47:35.351,21.0,101.9
2024-05-24 21:47:44.956,21.1,101.9
2024-05-24 21:47:54.343,21.2,101.9
2024-05-24 21:48:03.736,21.1,101.9
2024-05-24 21:48:12.984,21.2,101.9
2024-05-24 21:48:22.147,21.1,101.9
2024-05-24 21:48:31.303,21.1,101.9
2024-05-24 21:48:40.593,21.1,101.9
2024-05-24 21:48:49.728,21.3,101.9
2024-05-24 21:48:59.115,21.2,101.9
2024-05-24 21:49:08.493,21.1,101.9
2024-05-24 21:49:17.758,21.1,101.9
2024-05-24 21:49:27.137,21.2,101.9
2024-05-24 21:49:36.494,21.1,101.9
2024-05-24 21:49:45.783,21.2,101.9
2024-05-24 21:49:55.255,21.2,101.9
2024-05-24 21:50:04.441,21.2,101.9
2024-05-24 21:50:13.778,21.2,101.9
2024-05-24 21:50:23.089,21.2,101.9
2024-05-24 21:50:32.356,21.1,101.9
2024-05-24 21:50:41.627,21.2,101.9
2024-05-24 21:50:50.828,21.1,101.9
2024-05-24 21:51:00.172,21.2,101.9
2024-05-24 21:51:09.395,21.2,101.9
2024-05-24 21:51:18.373,21.2,101.9
2024-05-24 21:51:27.508,21.2,101.9
2024-05-24 21:51:36.751,21.1,101.9
2024-05-24 21:51:45.971,21.2,101.9
2024-05-24 21:51:55.170,21.3,101.9
2024-05-24 21:52:04.341,21.2,101.9
2024-05-24 21:52:13.449,21.2,101.9
2024-05-24 21:52:22.727,21.3,101.9
2024-05-24 21:52:31.873,21.2,101.9
2024-05-24 21:52:40.943,21.2,101.9
2024-05-24 21:52:50.275,21.1,101.9
2024-05-24 21:52:59.547,21.1,101.9
2024-05-24 21:53:08.830,21.1,101.9
2024-05-24 21:53:17.990,21.1,101.9
2024-05-24 21:53:27.353,21.2,101.9
2024-05-24 21:53:36.392,21.2,101.9
2024-05-24 21:53:45.724,21.2,101.9
2024-05-24 21:53:55.031,21.2,101.9
2024-05-24 21:54:04.160,21.2,101.9
2024-05-24 21:54:13.571,21.3,101.9
2024-05-24 21:54:22.726,21.2,101.9
2024-05-24 21:54:31.951,21.2,101.9
2024-05-24 21:54:41.244,21.2,101.9
2024-05-24 21:54:50.547,21.1,101.9
2024-05-24 21:54:59.601,21.1,101.9
2024-05-24 21:55:08.931,21.1,101.9
2024-05-24 21:55:18.141,21.2,101.9
2024-05-24 21:55:27.273,21.2,101.9
2024-05-24 21:55:36.602,21.3,101.9
2024-05-24 21:55:45.992,21.3,101.9
2024-05-24 21:55:55.296,21.2,101.9
2024-05-24 21:56:04.560,21.2,101.9
2024-05-24 21:56:13.909,21.1,101.9
2024-05-24 21:56:22.888,21.1,101.9
2024-05-24 21:56:32.178,21.2,101.9
2024-05-24 21:56:41.269,21.1,101.9
2024-05-24 21:56:50.576,21.1,101.9
2024-05-24 21:57:00.007,21.1,101.9
2024-05-24 21:57:09.254,21.2,101.9
2024-05-24 21:57:18.486,21.1,101.9
2024-05-24 21:57:27.533,21.2,101.9
2024-05-24 21:57:36.544,21.2,101.9
2024-05-24 21:57:45.831,21.2,101.9
2024-05-24 21:57:55.000,21.2,101.9
2024-05-24 21:58:04.243,21.1,101.9
2024-05-24 21:58:13.391,21.3,101.9
2024-05-24 21:58:22.718,21.2,101.9
2024-05-24 21:58:31.940,21.2,101.9
2024-05-24 21:58:41.255,21.2,101.9
2024-05-24 21:58:50.526,21.2,101.9
2024-05-24 21:58:59.833,21.2,101.9
2024-05-24 21:59:09.135,21.3,101.9
2024-05-24 21:59:18.529,21.2,101.9
2024-05-24 21:59:27.863,21.2,101.9
2024-05-24 21:59:37.113,21.2,101.9
2024-05-24 21:59:46.241,21.2,101.9
2024-05-24 21:59:55.452,21.2,101.9
2024-05-24 22:00:04.672,21.2,101.9
2024-05-24 22:00:13.904,21.0,101.9
2024-05-24 22:00:23.372,21.0,101.9
2024-05-24 22:00:32.551,21.0,101.9
2024-05-24 22:00:41.837,20.9,101.9
2024-05-24 22:00:51.291,21.0,101.9
2024-05-24 22:01:00.517,21.1,101.9
2024-05-24 22:01:09.690,21.1,101.9
2024-05-24 22:01:18.838,21.0,101.9
2024-05-24 22:01:27.969,21.0,101.9
2024-05-24 22:01:37.502,21.1,101.9
2024-05-24 22:01:46.651,21.2,101.9
2024-05-24 22:01:55.603,21.2,101.9
2024-05-24 22:02:04.841,21.2,101.9
2024-05-24 22:02:14.062,21.2,101.9
2024-05-24 22:02:23.398,21.3,101.9
2024-05-24 22:02:32.840,21.3,101.9
2024-05-24 22:02:42.277,21.2,101.9
2024-05-24 22:02:51.493,21.3,101.9
2024-05-24 22:03:00.894,21.3,101.9
2024-05-24 22:03:10.106,21.1,101.9
2024-05-24 22:03:19.298,21.2,101.9
2024-05-24 22:03:28.486,21.3,101.9
2024-05-24 22:03:37.699,21.2,101.9
2024-05-24 22:03:46.980,21.2,101.9
2024-05-24 22:03:56.223,21.2,101.9
2024-05-24 22:04:05.558,21.2,101.9
2024-05-24 22:04:14.520,21.2,101.9
2024-05-24 22:04:23.381,21.2,101.9
2024-05-24 22:04:32.744,21.3,101.9
2024-05-24 22:04:41.848,21.1,101.9
2024-05-24 22:04:51.122,21.2,101.9
2024-05-24 22:05:00.284,21.1,101.9
2024-05-24 22:05:09.330,21.1,101.9
2024-05-24 22:05:18.552,21.2,101.9
2024-05-24 22:05:27.881,21.2,101.9
2024-05-24 22:05:36.832,21.2,101.9
2024-05-24 22:05:45.940,21.2,101.9
2024-05-24 22:05:55.163,21.1,101.8
2024-05-24 22:06:04.396,21.1,101.9
2024-05-24 22:06:13.608,21.2,101.9
2024-05-24 22:06:22.788,21.3,101.9
2024-05-24 22:06:32.033,21.2,101.9
2024-05-24 22:06:41.370,21.3,101.9
2024-05-24 22:06:50.503,21.1,101.9
2024-05-24 22:06:59.747,21.2,101.9
2024-05-24 22:07:08.780,21.2,101.8
2024-05-24 22:07:18.041,21.2,101.8
2024-05-24 22:07:27.405,21.2,101.8
2024-05-24 22:07:36.785,21.2,101.8
2024-05-24 22:07:46.115,21.1,101.8
2024-05-24 22:07:55.526,21.1,101.8
2024-05-24 22:08:04.882,21.0,101.8
2024-05-24 22:08:14.191,21.1,101.9
2024-05-24 22:08:23.213,21.2,101.9
2024-05-24 22:08:32.371,21.1,101.9
2024-05-24 22:08:41.792,21.1,101.9
2024-05-24 22:08:50.957,21.1,101.9
2024-05-24 22:09:00.034,21.2,101.9
2024-05-24 22:09:09.301,21.1,101.8
2024-05-24 22:09:18.697,21.1,101.8
2024-05-24 22:09:27.791,21.1,101.8
2024-05-24 22:09:37.048,21.3,101.8
2024-05-24 22:09:46.357,21.3,101.8
2024-05-24 22:09:55.311,21.3,101.8
2024-05-24 22:10:04.550,21.2,101.8
2024-05-24 22:10:13.820,21.1,101.8
2024-05-24 22:10:23.009,21.1,101.8
2024-05-24 22:10:32.108,21.2,101.8
2024-05-24 22:10:41.366,21.2,101.9
2024-05-24 22:10:50.609,21.3,101.9
2024-05-24 22:10:59.829,21.1,101.9
2024-05-24 22:11:08.957,21.3,101.9
2024-05-24 22:11:18.276,21.2,101.9
2024-05-24 22:11:27.513,21.2,101.9
2024-05-24 22:11:36.910,21.2,101.9
2024-05-24 22:11:45.913,21.2,101.9
2024-05-24 22:11:55.051,21.2,101.9
2024-05-24 22:12:04.466,21.2,101.9
2024-05-24 22:12:13.628,21.1,101.9
2024-05-24 22:12:22.888,21.1,101.9
2024-05-24 22:12:32.141,21.1,101.9
2024-05-24 22:12:41.456,21.2,101.9
2024-05-24 22:12:50.741,21.1,101.9
2024-05-24 22:13:00.101,21.1,101.9
2024-05-24 22:13:09.332,21.2,101.9
2024-05-24 22:13:18.482,21.2,101.9
2024-05-24 22:13:27.866,21.3,101.9
2024-05-24 22:13:37.122,21.3,101.9
2024-05-24 22:13:46.329,21.2,101.9
2024-05-24 22:13:55.519,21.2,101.9
2024-05-24 22:14:04.954,21.3,101.9
2024-05-24 22:14:14.315,21.2,101.9
2024-05-24 22:14:23.545,21.0,101.9
2024-05-24 22:14:32.892,21.1,101.9
2024-05-24 22:14:42.066,21.0,101.9
2024-05-24 22:14:51.281,21.0,101.9
2024-05-24 22:15:00.315,21.1,101.9
2024-05-24 22:15:09.405,21.1,101.8
2024-05-24 22:15:18.659,21.2,101.8
2024-05-24 22:15:27.995,21.1,101.8
2024-05-24 22:15:37.448,21.1,101.8
2024-05-24 22:15:46.660,21.0,101.8
2024-05-24 22:15:55.771,21.0,101.8
2024-05-24 22:16:05.217,21.1,101.8
2024-05-24 22:16:14.409,21.1,101.8
2024-05-24 22:16:23.800,21.1,101.8
2024-05-24 22:16:32.899,21.1,101.8
2024-05-24 22:16:42.065,21.1,101.8
2024-05-24 22:16:51.465,21.2,101.8
2024-05-24 22:17:00.652,21.3,101.8
2024-05-24 22:17:09.838,21.2,101.8
2024-05-24 22:17:19.036,21.3,101.8
2024-05-24 22:17:28.365,21.2,101.8
2024-05-24 22:17:37.793,21.1,101.8
2024-05-24 22:17:47.003,21.2,101.8
2024-05-24 22:17:56.218,21.2,101.8
2024-05-24 22:18:05.357,21.2,101.8
2024-05-24 22:18:14.552,21.2,101.8
2024-05-24 22:18:23.900,21.2,101.8
2024-05-24 22:18:33.048,21.2,101.8
2024-05-24 22:18:42.241,21.1,101.8
2024-05-24 22:18:51.461,21.1,101.8
2024-05-24 22:19:00.731,21.1,101.8
2024-05-24 22:19:09.813,21.2,101.8
2024-05-24 22:19:19.022,21.1,101.8
2024-05-24 22:19:28.159,21.2,101.8
2024-05-24 22:19:37.602,21.2,101.8
2024-05-24 22:19:47.003,21.1,101.8
2024-05-24 22:19:56.308,21.2,101.8
2024-05-24 22:20:05.354,21.3,101.8
2024-05-24 22:20:14.418,21.2,101.8
2024-05-24 22:20:23.567,21.1,101.8
2024-05-24 22:20:32.898,21.2,101.8
2024-05-24 22:20:42.220,21.2,101.8
2024-05-24 22:20:51.597,21.2,101.8
2024-05-24 22:21:00.761,21.1,101.8
2024-05-24 22:21:10.052,21.2,101.8
2024-05-24 22:21:19.240,21.1,101.8
2024-05-24 22:21:28.393,21.2,101.8
2024-05-24 22:21:37.396,21.2,101.8
2024-05-24 22:21:46.691,21.3,101.8
2024-05-24 22:21:55.802,21.2,101.8
2024-05-24 22:22:04.882,21.0,101.8
2024-05-24 22:22:14.290,21.0,101.8
2024-05-24 22:22:23.586,21.1,101.8
2024-05-24 22:22:32.709,21.0,101.8
2024-05-24 22:22:41.956,21.2,101.8
2024-05-24 22:22:51.327,21.3,101.8
2024-05-24 22:23:00.430,21.2,101.8
2024-05-24 22:23:09.759,21.2,101.8
2024-05-24 22:23:19.110,21.2,101.8
2024-05-24 22:23:28.431,21.2,101.8
2024-05-24 22:23:37.791,21.2,101.8
2024-05-24 22:23:47.012,21.3,101.8
2024-05-24 22:23:56.297,21.3,101.8
2024-05-24 22:24:05.215,21.3,101.8
2024-05-24 22:24:14.599,21.2,101.8
2024-05-24 22:24:23.958,21.2,101.8
2024-05-24 22:24:33.178,21.1,101.8
2024-05-24 22:24:42.375,21.1,101.8
2024-05-24 22:24:51.669,21.2,101.8
2024-05-24 22:25:00.973,21.2,101.8
2024-05-24 22:25:10.063,21.2,101.8
2024-05-24 22:25:19.473,21.1,101.8
2024-05-24 22:25:28.693,21.1,101.8
2024-05-24 22:25:37.721,21.1,101.8
2024-05-24 22:25:47.110,21.0,101.8
2024-05-24 22:25:56.492,21.1,101.8
2024-05-24 22:26:05.742,21.2,101.8
2024-05-24 22:26:14.842,21.2,101.8
2024-05-24 22:26:23.908,21.1,101.8
2024-05-24 22:26:32.988,21.2,101.8
2024-05-24 22:26:42.183,21.1,101.8
2024-05-24 22:26:51.507,21.1,101.8
2024-05-24 22:27:00.484,21.1,101.8
2024-05-24 22:27:09.806,21.1,101.8
2024-05-24 22:27:19.136,21.1,101.8
2024-05-24 22:27:28.367,21.1,101.8
2024-05-24 22:27:37.780,21.1,101.8
2024-05-24 22:27:46.890,21.0,101.8
2024-05-24 22:27:56.181,21.1,101.8
2024-05-24 22:28:05.518,21.3,101.8
2024-05-24 22:28:14.681,21.2,101.8
2024-05-24 22:28:23.950,21.3,101.8
2024-05-24 22:28:32.915,21.2,101.8
2024-05-24 22:28:42.143,21.1,101.8
2024-05-24 22:28:51.366,21.0,101.8
2024-05-24 22:29:00.408,21.0,101.8
2024-05-24 22:29:09.596,21.0,101.8
2024-05-24 22:29:18.919,21.1,101.8
2024-05-24 22:29:28.186,21.1,101.8
2024-05-24 22:29:37.608,21.0,101.8
2024-05-24 22:29:46.917,21.1,101.8
2024-05-24 22:29:55.998,21.1,101.8
2024-05-24 22:30:05.494,21.0,101.8
2024-05-24 22:30:14.756,21.1,101.8
2024-05-24 22:30:23.952,21.2,101.8
2024-05-24 22:30:33.030,21.3,101.8
2024-05-24 22:30:42.497,21.2,101.8
2024-05-24 22:30:51.711,21.0,101.8
2024-05-24 22:31:00.909,21.1,101.8
2024-05-24 22:31:10.239,21.2,101.8
2024-05-24 22:31:19.402,21.2,101.8
2024-05-24 22:31:28.639,21.3,101.8
2024-05-24 22:31:37.761,21.2,101.8
2024-05-24 22:31:46.935,21.2,101.8
2024-05-24 22:31:56.160,21.2,101.8
2024-05-24 22:32:05.397,21.2,101.8
2024-05-24 22:32:14.593,21.2,101.8
2024-05-24 22:32:23.762,21.3,101.8
2024-05-24 22:32:32.878,21.3,101.8
2024-05-24 22:32:42.186,21.3,101.8
2024-05-24 22:32:51.513,21.2,101.8
2024-05-24 22:33:00.714,21.2,101.8
2024-05-24 22:33:09.914,21.2,101.8
2024-05-24 22:33:19.127,21.2,101.8
2024-05-24 22:33:28.463,21.1,101.8
2024-05-24 22:33:37.707,21.1,101.8
2024-05-24 22:33:46.864,21.1,101.8
2024-05-24 22:33:56.231,21.0,101.8
2024-05-24 22:34:05.544,21.1,101.8
2024-05-24 22:34:14.846,21.1,101.8
2024-05-24 22:34:24.020,21.2,101.8
2024-05-24 22:34:33.194,21.2,101.8
2024-05-24 22:34:42.567,21.2,101.8
2024-05-24 22:34:51.831,21.1,101.8
2024-05-24 22:35:01.030,21.2,101.8
2024-05-24 22:35:10.287,21.2,101.8
2024-05-24 22:35:19.510,21.2,101.8
2024-05-24 22:35:28.618,21.2,101.8
2024-05-24 22:35:37.912,21.2,101.8
2024-05-24 22:35:47.056,21.2,101.8
2024-05-24 22:35:56.403,21.2,101.8
2024-05-24 22:36:05.510,21.3,101.8
2024-05-24 22:36:14.924,21.2,101.8
2024-05-24 22:36:24.112,21.2,101.8
2024-05-24 22:36:33.393,21.2,101.8
2024-05-24 22:36:42.654,21.2,101.8
2024-05-24 22:36:51.822,21.2,101.8
2024-05-24 22:37:01.332,21.3,101.8
2024-05-24 22:37:10.693,21.3,101.8
2024-05-24 22:37:20.100,21.3,101.8
2024-05-24 22:37:29.317,21.2,101.8
2024-05-24 22:37:38.685,21.2,101.8
2024-05-24 22:37:47.943,21.3,101.8
2024-05-24 22:37:57.197,21.2,101.8
2024-05-24 22:38:06.539,21.1,101.8
2024-05-24 22:38:15.732,21.1,101.8
2024-05-24 22:38:24.907,21.1,101.8
2024-05-24 22:38:34.228,21.2,101.8
2024-05-24 22:38:43.517,21.2,101.8
2024-05-24 22:38:52.727,21.2,101.8
2024-05-24 22:39:01.984,21.3,101.8
2024-05-24 22:39:11.249,21.3,101.8
2024-05-24 22:39:20.374,21.2,101.8
2024-05-24 22:39:29.732,21.2,101.8
2024-05-24 22:39:38.836,21.2,101.8
2024-05-24 22:39:47.934,21.2,101.8
2024-05-24 22:39:57.157,21.2,101.8
2024-05-24 22:40:06.496,21.2,101.8
2024-05-24 22:40:15.544,21.1,101.8
2024-05-24 22:40:24.900,21.1,101.8
2024-05-24 22:40:34.167,21.2,101.8
2024-05-24 22:40:43.374,21.1,101.8
2024-05-24 22:40:52.536,21.2,101.8
2024-05-24 22:41:01.852,21.1,101.8
2024-05-24 22:41:11.213,21.1,101.8
2024-05-24 22:41:20.364,21.1,101.8
2024-05-24 22:41:29.472,21.1,101.8
2024-05-24 22:41:38.619,21.1,101.8
2024-05-24 22:41:47.900,21.0,101.8
2024-05-24 22:41:57.003,20.9,101.8
2024-05-24 22:42:06.379,21.1,101.8
2024-05-24 22:42:15.506,21.0,101.8
2024-05-24 22:42:24.740,21.1,101.8
2024-05-24 22:42:34.141,21.1,101.8
2024-05-24 22:42:43.319,21.2,101.8
2024-05-24 22:42:52.525,21.1,101.8
2024-05-24 22:43:01.809,21.0,101.8
2024-05-24 22:43:10.927,21.1,101.8
2024-05-24 22:43:20.098,21.1,101.8
2024-05-24 22:43:29.414,21.2,101.8
2024-05-24 22:43:38.769,21.2,101.8
2024-05-24 22:43:48.046,21.2,101.8
2024-05-24 22:43:57.243,21.2,101.8
2024-05-24 22:44:06.566,21.1,101.8
2024-05-24 22:44:15.828,21.1,101.8
2024-05-24 22:44:25.198,21.2,101.8
2024-05-24 22:44:34.420,21.2,101.8
2024-05-24 22:44:43.631,21.2,101.8
2024-05-24 22:44:52.829,21.2,101.8
2024-05-24 22:45:02.043,21.1,101.8
2024-05-24 22:45:11.121,21.1,101.8
2024-05-24 22:45:20.485,21.1,101.8
2024-05-24 22:45:29.859,21.1,101.8
2024-05-24 22:45:39.207,21.1,101.8
2024-05-24 22:45:48.562,21.1,101.8
2024-05-24 22:45:57.555,21.0,101.8
2024-05-24 22:46:07.007,21.1,101.8
2024-05-24 22:46:16.248,21.2,101.8
2024-05-24 22:46:25.618,21.2,101.8
2024-05-24 22:46:34.987,21.1,101.8
2024-05-24 22:46:44.222,21.1,101.8
2024-05-24 22:46:53.497,21.2,101.8
2024-05-24 22:47:02.702,21.2,101.8
2024-05-24 22:47:12.010,21.2,101.8
2024-05-24 22:47:21.327,21.2,101.8
2024-05-24 22:47:30.604,21.1,101.8
2024-05-24 22:47:39.755,21.1,101.8
2024-05-24 22:47:48.951,21.1,101.8
2024-05-24 22:47:58.143,21.1,101.8
2024-05-24 22:48:07.291,21.1,101.8
2024-05-24 22:48:16.444,21.2,101.8
2024-05-24 22:48:25.609,21.2,101.8
2024-05-24 22:48:34.860,21.1,101.8
2024-05-24 22:48:44.132,21.2,101.8
2024-05-24 22:48:53.400,21.1,101.8
2024-05-24 22:49:02.666,21.0,101.8
2024-05-24 22:49:11.863,21.1,101.8
2024-05-24 22:49:21.142,21.1,101.8
2024-05-24 22:49:30.403,21.1,101.8
2024-05-24 22:49:39.482,21.1,101.8
2024-05-24 22:49:48.716,21.2,101.8
2024-05-24 22:49:57.891,21.0,101.8
2024-05-24 22:50:07.138,21.0,101.8
2024-05-24 22:50:16.340,21.1,101.8
2024-05-24 22:50:25.437,21.2,101.8
2024-05-24 22:50:34.790,21.1,101.8
2024-05-24 22:50:43.947,21.1,101.8
2024-05-24 22:50:52.897,21.1,101.8
2024-05-24 22:51:02.276,21.1,101.8
2024-05-24 22:51:11.265,21.1,101.8
2024-05-24 22:51:20.527,21.2,101.8
2024-05-24 22:51:29.826,21.2,101.8
2024-05-24 22:51:39.110,21.1,101.8
2024-05-24 22:51:48.395,21.2,101.8
2024-05-24 22:51:57.631,21.3,101.8
2024-05-24 22:52:06.843,21.2,101.8
2024-05-24 22:52:16.194,21.3,101.8
2024-05-24 22:52:25.439,21.2,101.8
2024-05-24 22:52:34.653,21.1,101.8
2024-05-24 22:52:43.896,21.2,101.8
2024-05-24 22:52:52.943,21.2,101.8
2024-05-24 22:53:02.253,21.2,101.8
2024-05-24 22:53:11.527,21.3,101.8
2024-05-24 22:53:20.816,21.3,101.8
2024-05-24 22:53:30.078,21.2,101.8
2024-05-24 22:53:39.148,21.3,101.8
2024-05-24 22:53:48.427,21.2,101.8
2024-05-24 22:53:57.703,21.3,101.8
2024-05-24 22:54:06.876,21.2,101.8
2024-05-24 22:54:16.073,21.3,101.8
2024-05-24 22:54:25.231,21.2,101.8
2024-05-24 22:54:34.639,21.3,101.8
2024-05-24 22:54:43.879,21.4,101.8
2024-05-24 22:54:53.138,21.2,101.8
2024-05-24 22:55:02.345,21.2,101.8
2024-05-24 22:55:11.536,21.1,101.8
2024-05-24 22:55:20.760,21.1,101.8
2024-05-24 22:55:30.167,21.1,101.8
2024-05-24 22:55:39.270,21.1,101.8
2024-05-24 22:55:48.416,21.2,101.8
2024-05-24 22:55:57.715,21.2,101.8
2024-05-24 22:56:06.973,21.2,101.8
2024-05-24 22:56:16.216,21.1,101.8
2024-05-24 22:56:25.524,21.2,101.8
2024-05-24 22:56:34.762,21.2,101.8
2024-05-24 22:56:43.959,21.2,101.8
2024-05-24 22:56:53.316,21.2,101.8
2024-05-24 22:57:02.582,21.2,101.8
2024-05-24 22:57:11.854,21.2,101.8
2024-05-24 22:57:20.972,21.2,101.8
2024-05-24 22:57:30.210,21.2,101.8
2024-05-24 22:57:39.567,21.2,101.8
2024-05-24 22:57:48.539,21.2,101.8
2024-05-24 22:57:57.796,21.2,101.8
2024-05-24 22:58:07.177,21.2,101.8
2024-05-24 22:58:16.423,21.1,101.8
2024-05-24 22:58:25.708,21.1,101.8
2024-05-24 22:58:35.033,21.1,101.8
2024-05-24 22:58:44.234,21.1,101.8
2024-05-24 22:58:53.596,21.1,101.8
2024-05-24 22:59:02.813,21.2,101.8
2024-05-24 22:59:12.107,21.1,101.8
2024-05-24 22:59:21.376,21.2,101.8
2024-05-24 22:59:30.673,21.3,101.8
2024-05-24 22:59:39.963,21.4,101.8
2024-05-24 22:59:49.205,21.3,101.8
2024-05-24 22:59:58.536,21.2,101.8
2024-05-24 23:00:07.641,21.1,101.8
2024-05-24 23:00:16.690,21.2,101.8
2024-05-24 23:00:25.815,21.3,101.8
2024-05-24 23:00:34.962,21.2,101.8
2024-05-24 23:00:44.353,21.2,101.8
2024-05-24 23:00:53.758,21.1,101.8
2024-05-24 23:01:03.130,21.1,101.8
2024-05-24 23:01:12.207,21.2,101.8
2024-05-24 23:01:21.693,21.2,101.8
2024-05-24 23:01:30.868,21.2,101.8
2024-05-24 23:01:40.222,21.2,101.8
2024-05-24 23:01:49.410,21.1,101.8
2024-05-24 23:01:58.584,21.2,101.8
2024-05-24 23:02:07.863,21.1,101.8
2024-05-24 23:02:17.222,21.1,101.8
2024-05-24 23:02:26.553,21.3,101.8
2024-05-24 23:02:35.753,21.2,101.8
2024-05-24 23:02:45.286,21.3,101.8
2024-05-24 23:02:54.550,21.1,101.8
2024-05-24 23:03:03.798,21.1,101.8
2024-05-24 23:03:12.953,21.1,101.8
2024-05-24 23:03:21.915,21.1,101.8
2024-05-24 23:03:31.140,21.2,101.8
2024-05-24 23:03:40.316,21.3,101.8
2024-05-24 23:03:49.538,21.3,101.8
2024-05-24 23:03:58.867,21.2,101.8
2024-05-24 23:04:08.221,21.1,101.8
2024-05-24 23:04:17.559,21.1,101.8
2024-05-24 23:04:26.932,21.0,101.8
2024-05-24 23:04:36.115,21.1,101.8
2024-05-24 23:04:45.314,21.1,101.8
2024-05-24 23:04:54.497,21.2,101.8
2024-05-24 23:05:03.761,21.1,101.8
2024-05-24 23:05:13.096,21.1,101.8
2024-05-24 23:05:22.333,21.1,101.8
2024-05-24 23:05:31.612,21.2,101.8
2024-05-24 23:05:40.845,21.2,101.8
2024-05-24 23:05:50.012,21.3,101.8
2024-05-24 23:05:59.273,21.3,101.8
2024-05-24 23:06:08.457,21.1,101.8
2024-05-24 23:06:17.852,21.1,101.8
2024-05-24 23:06:27.162,21.1,101.8
2024-05-24 23:06:36.369,21.1,101.8
2024-05-24 23:06:45.564,21.1,101.8
2024-05-24 23:06:54.764,21.1,101.8
2024-05-24 23:07:04.048,21.1,101.8
2024-05-24 23:07:13.206,21.2,101.8
2024-05-24 23:07:22.307,21.1,101.8
2024-05-24 23:07:31.611,21.1,101.8
2024-05-24 23:07:40.948,21.2,101.8
2024-05-24 23:07:50.243,21.1,101.8
2024-05-24 23:07:59.562,21.1,101.8
2024-05-24 23:08:08.884,21.1,101.8
2024-05-24 23:08:18.324,21.2,101.8
2024-05-24 23:08:27.428,21.2,101.8
2024-05-24 23:08:36.762,21.2,101.8
2024-05-24 23:08:46.159,21.1,101.8
2024-05-24 23:08:55.292,21.2,101.8
2024-05-24 23:09:04.603,21.1,101.8
2024-05-24 23:09:13.790,21.1,101.8
2024-05-24 23:09:23.069,21.2,101.8
2024-05-24 23:09:32.278,21.2,101.8
2024-05-24 23:09:41.412,21.2,101.8
2024-05-24 23:09:50.865,21.2,101.8
2024-05-24 23:10:00.227,21.2,101.8
2024-05-24 23:10:09.477,21.1,101.8
2024-05-24 23:10:18.724,21.2,101.8
2024-05-24 23:10:27.785,21.2,101.8
2024-05-24 23:10:37.006,21.1,101.8
2024-05-24 23:10:46.421,21.1,101.8
2024-05-24 23:10:55.653,21.1,101.8
2024-05-24 23:11:04.904,21.1,101.8
2024-05-24 23:11:14.457,21.2,101.8
2024-05-24 23:11:23.625,21.2,101.8
2024-05-24 23:11:33.123,21.2,101.8
2024-05-24 23:11:42.372,21.2,101.8
2024-05-24 23:11:51.746,21.2,101.8
2024-05-24 23:12:01.287,21.2,101.8
2024-05-24 23:12:10.599,21.2,101.8
2024-05-24 23:12:19.857,21.2,101.8
2024-05-24 23:12:28.985,21.2,101.8
2024-05-24 23:12:38.110,21.2,101.8
2024-05-24 23:12:47.314,21.1,101.8
2024-05-24 23:12:56.305,21.1,101.8
2024-05-24 23:13:05.702,21.1,101.8
2024-05-24 23:13:14.879,21.1,101.8
2024-05-24 23:13:24.239,21.2,101.8
2024-05-24 23:13:33.488,21.2,101.8
2024-05-24 23:13:42.767,21.2,101.8
2024-05-24 23:13:51.937,21.2,101.8
2024-05-24 23:14:01.210,21.3,101.8
2024-05-24 23:14:10.380,21.2,101.8
2024-05-24 23:14:19.965,21.1,101.8
2024-05-24 23:14:29.368,21.1,101.8
2024-05-24 23:14:38.748,21.1,101.8
2024-05-24 23:14:47.944,21.2,101.8
2024-05-24 23:14:57.054,21.1,101.8
2024-05-24 23:15:06.392,21.1,101.8
2024-05-24 23:15:15.667,21.2,101.8
2024-05-24 23:15:24.741,21.1,101.8
2024-05-24 23:15:33.964,21.1,101.8
2024-05-24 23:15:43.100,21.2,101.8
2024-05-24 23:15:52.463,21.1,101.8
2024-05-24 23:16:01.598,21.1,101.8
2024-05-24 23:16:10.887,21.1,101.8
2024-05-24 23:16:20.253,21.0,101.8
2024-05-24 23:16:29.387,21.2,101.8
2024-05-24 23:16:38.574,21.2,101.8
2024-05-24 23:16:47.978,21.1,101.8
2024-05-24 23:16:57.236,21.1,101.8
2024-05-24 23:17:06.431,21.1,101.8
2024-05-24 23:17:15.628,21.0,101.8
2024-05-24 23:17:25.002,21.1,101.8
2024-05-24 23:17:34.374,21.1,101.8
2024-05-24 23:17:43.677,21.2,101.8
2024-05-24 23:17:52.778,21.3,101.8
2024-05-24 23:18:01.895,21.3,101.8
2024-05-24 23:18:11.114,21.3,101.8
2024-05-24 23:18:20.363,21.2,101.8
2024-05-24 23:18:29.453,21.1,101.8
2024-05-24 23:18:38.850,21.1,101.8
2024-05-24 23:18:48.100,21.2,101.8
2024-05-24 23:18:57.510,21.2,101.8
2024-05-24 23:19:06.688,21.1,101.8
2024-05-24 23:19:15.945,21.2,101.8
2024-05-24 23:19:25.238,21.2,101.8
2024-05-24 23:19:34.504,21.1,101.8
2024-05-24 23:19:43.832,21.2,101.8
2024-05-24 23:19:53.165,21.2,101.8
2024-05-24 23:20:02.500,21.1,101.8
2024-05-24 23:20:11.966,21.0,101.8
2024-05-24 23:20:21.209,21.1,101.8
2024-05-24 23:20:30.445,21.2,101.8
2024-05-24 23:20:39.469,21.3,101.8
2024-05-24 23:20:48.812,21.1,101.8
2024-05-24 23:20:57.990,21.3,101.8
2024-05-24 23:21:07.270,21.3,101.8
2024-05-24 23:21:16.545,21.3,101.8
2024-05-24 23:21:25.834,21.2,101.8
2024-05-24 23:21:34.894,21.3,101.8
2024-05-24 23:21:44.311,21.2,101.8
2024-05-24 23:21:53.362,21.1,101.8
2024-05-24 23:22:02.752,21.1,101.8
2024-05-24 23:22:12.061,21.1,101.8
2024-05-24 23:22:21.408,21.0,101.8
2024-05-24 23:22:30.707,21.0,101.8
2024-05-24 23:22:39.933,21.1,101.8
2024-05-24 23:22:49.089,21.1,101.8
2024-05-24 23:22:58.328,21.0,101.8
2024-05-24 23:23:07.563,21.1,101.8
2024-05-24 23:23:16.798,21.1,101.8
2024-05-24 23:23:25.890,21.1,101.8
2024-05-24 23:23:35.064,21.0,101.8
2024-05-24 23:23:44.488,21.1,101.8
2024-05-24 23:23:53.712,21.1,101.8
2024-05-24 23:24:02.906,21.1,101.8
2024-05-24 23:24:12.216,21.1,101.8
2024-05-24 23:24:21.371,21.1,101.8
2024-05-24 23:24:30.478,21.1,101.8
2024-05-24 23:24:39.805,21.1,101.8
2024-05-24 23:24:48.956,21.1,101.8
2024-05-24 23:24:58.328,21.0,101.8
2024-05-24 23:25:07.568,21.1,101.8
2024-05-24 23:25:16.850,21.1,101.8
2024-05-24 23:25:26.080,21.2,101.8
2024-05-24 23:25:35.196,21.1,101.8
2024-05-24 23:25:44.332,21.2,101.8
2024-05-24 23:25:53.605,21.2,101.8
2024-05-24 23:26:02.915,21.3,101.8
2024-05-24 23:26:12.037,21.3,101.8
2024-05-24 23:26:21.330,21.2,101.8
2024-05-24 23:26:30.425,21.1,101.8
2024-05-24 23:26:39.567,21.1,101.8
2024-05-24 23:26:48.839,21.1,101.8
2024-05-24 23:26:58.111,21.1,101.8
2024-05-24 23:27:07.321,21.2,101.8
2024-05-24 23:27:16.499,21.2,101.8
2024-05-24 23:27:25.876,21.1,101.8
2024-05-24 23:27:35.120,21.1,101.8
2024-05-24 23:27:44.425,21.0,101.8
2024-05-24 23:27:53.662,21.1,101.8
2024-05-24 23:28:02.830,21.1,101.8
2024-05-24 23:28:11.904,21.2,101.8
2024-05-24 23:28:21.106,21.2,101.8
2024-05-24 23:28:30.295,21.2,101.8
2024-05-24 23:28:39.642,21.2,101.8
2024-05-24 23:28:48.905,21.2,101.8
2024-05-24 23:28:58.106,21.2,101.8
2024-05-24 23:29:07.372,21.3,101.8
2024-05-24 23:29:16.715,21.2,101.8
2024-05-24 23:29:26.025,21.2,101.8
2024-05-24 23:29:35.314,21.2,101.8
2024-05-24 23:29:44.595,21.3,101.8
2024-05-24 23:29:53.981,21.3,101.8
2024-05-24 23:30:03.185,21.3,101.8
2024-05-24 23:30:12.498,21.2,101.8
2024-05-24 23:30:21.760,21.1,101.8
2024-05-24 23:30:30.986,21.2,101.8
2024-05-24 23:30:40.091,21.2,101.8
2024-05-24 23:30:49.231,21.1,101.8
2024-05-24 23:30:58.546,21.1,101.8
2024-05-24 23:31:07.848,21.1,101.8
2024-05-24 23:31:17.169,21.1,101.8
2024-05-24 23:31:26.300,21.2,101.8
2024-05-24 23:31:35.501,21.1,101.8
2024-05-24 23:31:44.749,21.1,101.8
2024-05-24 23:31:54.148,21.2,101.8
2024-05-24 23:32:03.530,21.1,101.8
2024-05-24 23:32:12.842,21.1,101.8
2024-05-24 23:32:22.236,21.1,101.8
2024-05-24 23:32:31.621,21.1,101.8
2024-05-24 23:32:40.891,21.1,101.8
2024-05-24 23:32:49.999,21.1,101.8
2024-05-24 23:32:59.423,21.2,101.8
2024-05-24 23:33:08.652,21.2,101.8
2024-05-24 23:33:17.909,21.2,101.8
2024-05-24 23:33:27.195,21.2,101.8
2024-05-24 23:33:36.280,21.1,101.8
2024-05-24 23:33:45.643,21.2,101.8
2024-05-24 23:33:54.755,21.2,101.8
2024-05-24 23:34:03.917,21.1,101.8
2024-05-24 23:34:13.298,21.1,101.8
2024-05-24 23:34:22.451,21.1,101.8
2024-05-24 23:34:31.835,21.0,101.8
2024-05-24 23:34:41.095,21.1,101.8
2024-05-24 23:34:50.435,21.1,101.8
2024-05-24 23:34:59.655,21.1,101.8
2024-05-24 23:35:09.065,21.2,101.8
2024-05-24 23:35:18.414,21.3,101.8
2024-05-24 23:35:27.824,21.2,101.8
2024-05-24 23:35:36.924,21.3,101.8
2024-05-24 23:35:46.009,21.2,101.8
2024-05-24 23:35:55.327,21.2,101.8
2024-05-24 23:36:04.582,21.2,101.8
2024-05-24 23:36:13.822,21.2,101.8
2024-05-24 23:36:23.114,21.2,101.8
2024-05-24 23:36:32.330,21.1,101.8
2024-05-24 23:36:41.333,21.1,101.8
2024-05-24 23:36:50.545,21.1,101.8
2024-05-24 23:36:59.711,21.1,101.8
2024-05-24 23:37:08.901,21.1,101.8
2024-05-24 23:37:18.204,21.1,101.8
2024-05-24 23:37:27.556,21.0,101.8
2024-05-24 23:37:36.789,21.1,101.8
2024-05-24 23:37:45.726,21.2,101.8
2024-05-24 23:37:54.978,21.1,101.8
2024-05-24 23:38:04.249,21.1,101.8
2024-05-24 23:38:13.506,21.1,101.8
2024-05-24 23:38:22.324,21.1,101.8
2024-05-24 23:38:31.424,21.1,101.8
2024-05-24 23:38:40.498,21.2,101.8
2024-05-24 23:38:49.752,21.2,101.8
2024-05-24 23:38:58.953,21.1,101.8
2024-05-24 23:39:08.178,21.1,101.8
2024-05-24 23:39:17.343,21.1,101.8
2024-05-24 23:39:26.479,21.0,101.8
2024-05-24 23:39:35.620,21.1,101.8
2024-05-24 23:39:44.760,21.2,101.8
2024-05-24 23:39:53.948,21.2,101.8
2024-05-24 23:40:03.087,21.2,101.8
2024-05-24 23:40:12.382,21.1,101.8
2024-05-24 23:40:21.595,21.2,101.8
2024-05-24 23:40:30.811,21.2,101.8
2024-05-24 23:40:40.114,21.2,101.8
2024-05-24 23:40:49.416,21.1,101.8
2024-05-24 23:40:58.678,21.3,101.8
2024-05-24 23:41:07.946,21.1,101.8
2024-05-24 23:41:17.241,21.1,101.8
2024-05-24 23:41:26.496,21.1,101.8
2024-05-24 23:41:35.764,21.0,101.8
2024-05-24 23:41:44.821,21.0,101.8
2024-05-24 23:41:53.984,21.1,101.8
2024-05-24 23:42:03.371,21.1,101.8
2024-05-24 23:42:12.710,21.2,101.8
2024-05-24 23:42:21.932,21.1,101.8
2024-05-24 23:42:30.994,21.2,101.8
2024-05-24 23:42:40.154,21.2,101.8
2024-05-24 23:42:49.390,21.2,101.8
2024-05-24 23:42:58.533,21.1,101.8
2024-05-24 23:43:07.915,21.0,101.8
2024-05-24 23:43:17.142,20.9,101.8
2024-05-24 23:43:26.523,21.1,101.8
2024-05-24 23:43:35.948,21.0,101.8
2024-05-24 23:43:45.173,21.0,101.8
2024-05-24 23:43:54.366,21.0,101.8
2024-05-24 23:44:03.817,21.0,101.8
2024-05-24 23:44:13.011,21.1,101.8
2024-05-24 23:44:22.163,21.1,101.8
2024-05-24 23:44:31.482,21.1,101.8
2024-05-24 23:44:40.723,21.1,101.8
2024-05-24 23:44:49.906,21.1,101.8
2024-05-24 23:44:59.249,21.0,101.8
2024-05-24 23:45:08.557,21.1,101.8
2024-05-24 23:45:17.717,21.0,101.8
2024-05-24 23:45:27.010,21.1,101.8
2024-05-24 23:45:36.297,21.1,101.8
2024-05-24 23:45:45.629,21.1,101.8
2024-05-24 23:45:54.775,21.1,101.8
2024-05-24 23:46:03.965,21.2,101.8
2024-05-24 23:46:13.111,21.2,101.8
2024-05-24 23:46:22.295,21.2,101.8
2024-05-24 23:46:31.440,21.2,101.8
2024-05-24 23:46:40.723,21.2,101.8
2024-05-24 23:46:49.767,21.2,101.8
2024-05-24 23:46:59.105,21.3,101.8
2024-05-24 23:47:08.277,21.3,101.8
2024-05-24 23:47:17.595,21.3,101.8
2024-05-24 23:47:26.875,21.1,101.8
2024-05-24 23:47:36.103,21.2,101.8
2024-05-24 23:47:45.265,21.1,101.8
2024-05-24 23:47:54.591,21.2,101.8
2024-05-24 23:48:03.853,21.1,101.8
2024-05-24 23:48:12.795,21.0,101.8
2024-05-24 23:48:21.343,21.1,101.8
2024-05-24 23:48:29.979,21.1,101.8
2024-05-24 23:48:38.519,21.1,101.8
2024-05-24 23:48:47.188,21.2,101.8
2024-05-24 23:48:56.009,21.2,101.8
2024-05-24 23:49:04.775,21.2,101.8
2024-05-24 23:49:13.405,21.2,101.8
2024-05-24 23:49:22.033,21.2,101.8
2024-05-24 23:49:30.863,21.2,101.8
2024-05-24 23:49:39.607,21.2,101.8
2024-05-24 23:49:48.432,21.2,101.8
2024-05-24 23:49:57.050,21.1,101.8
2024-05-24 23:50:05.777,21.1,101.8
2024-05-24 23:50:14.541,21.2,101.8
2024-05-24 23:50:23.229,21.2,101.8
2024-05-24 23:50:31.822,21.2,101.8
2024-05-24 23:50:40.376,21.1,101.8
2024-05-24 23:50:49.142,21.1,101.8
2024-05-24 23:50:57.970,21.2,101.8
2024-05-24 23:51:06.654,21.1,101.8
2024-05-24 23:51:15.369,21.2,101.8
2024-05-24 23:51:24.166,21.2,101.8
2024-05-24 23:51:32.887,21.1,101.8
2024-05-24 23:51:41.440,21.1,101.8
2024-05-24 23:51:50.161,21.0,101.8
2024-05-24 23:51:59.033,21.1,101.8
2024-05-24 23:52:07.614,21.0,101.8
2024-05-24 23:52:16.298,21.1,101.8
2024-05-24 23:52:25.002,21.1,101.8
2024-05-24 23:52:33.761,21.1,101.8
2024-05-24 23:52:42.587,21.1,101.8
2024-05-24 23:52:51.391,21.1,101.8
2024-05-24 23:52:59.981,21.1,101.8
2024-05-24 23:53:08.659,21.0,101.8
2024-05-24 23:53:17.395,21.2,101.8
2024-05-24 23:53:25.982,21.0,101.8
2024-05-24 23:53:34.588,21.2,101.8
2024-05-24 23:53:43.260,21.2,101.8
2024-05-24 23:53:52.153,21.2,101.8
2024-05-24 23:54:00.755,21.2,101.8
2024-05-24 23:54:09.480,21.1,101.8
2024-05-24 23:54:18.262,21.2,101.8
2024-05-24 23:54:27.098,21.2,101.8
2024-05-24 23:54:35.699,21.1,101.8
2024-05-24 23:54:44.411,21.1,101.8
2024-05-24 23:54:52.861,21.2,101.8
2024-05-24 23:55:01.522,21.1,101.8
2024-05-24 23:55:10.213,21.2,101.8
2024-05-24 23:55:19.030,21.2,101.8
2024-05-24 23:55:27.693,21.1,101.8
2024-05-24 23:55:36.475,21.0,101.8
2024-05-24 23:55:45.101,21.1,101.8
2024-05-24 23:55:53.639,21.1,101.8
2024-05-24 23:56:02.602,21.0,101.8
2024-05-24 23:56:11.435,21.1,101.8
2024-05-24 23:56:20.212,21.2,101.8
2024-05-24 23:56:28.956,21.3,101.8
2024-05-24 23:56:37.648,21.2,101.8
2024-05-24 23:56:46.558,21.2,101.8
2024-05-24 23:56:55.385,21.2,101.8
2024-05-24 23:57:04.064,21.1,101.8
2024-05-24 23:57:13.036,21.1,101.8
2024-05-24 23:57:21.811,21.1,101.8
2024-05-24 23:57:30.424,21.2,101.8
2024-05-24 23:57:39.084,21.2,101.8
2024-05-24 23:57:47.757,21.1,101.8
2024-05-24 23:57:56.424,21.2,101.8
2024-05-24 23:58:04.959,21.0,101.8
2024-05-24 23:58:13.739,21.2,101.8
2024-05-24 23:58:22.325,21.2,101.8
2024-05-24 23:58:31.049,21.1,101.8
2024-05-24 23:58:39.683,21.1,101.8
2024-05-24 23:58:48.397,21.2,101.8
2024-05-24 23:58:57.170,21.3,101.8
2024-05-24 23:59:05.876,21.2,101.8
2024-05-24 23:59:14.464,21.1,101.8
2024-05-24 23:59:23.084,21.1,101.8
2024-05-24 23:59:31.704,21.1,101.8
2024-05-24 23:59:40.358,21.1,101.8
2024-05-24 23:59:49.017,21.1,101.8
2024-05-24 23:59:57.885,21.1,101.8
2024-05-25 00:00:06.455,21.2,101.8
2024-05-25 00:00:14.959,21.1,101.8
2024-05-25 00:00:23.842,21.1,101.8
2024-05-25 00:00:32.554,21.1,101.8
2024-05-25 00:00:41.091,21.2,101.8
2024-05-25 00:00:49.904,21.1,101.8
2024-05-25 00:00:58.663,21.0,101.8
2024-05-25 00:01:07.383,20.9,101.8
2024-05-25 00:01:16.017,21.0,101.8
2024-05-25 00:01:24.697,21.1,101.8
2024-05-25 00:01:33.507,21.0,101.8
2024-05-25 00:01:42.077,21.1,101.8
2024-05-25 00:01:50.734,21.0,101.8
2024-05-25 00:01:59.516,21.2,101.8
2024-05-25 00:02:08.212,21.2,101.8
2024-05-25 00:02:16.861,21.0,101.8
2024-05-25 00:02:25.454,20.9,101.8
2024-05-25 00:02:34.250,21.1,101.8
2024-05-25 00:02:43.090,21.1,101.8
2024-05-25 00:02:51.770,21.2,101.8
2024-05-25 00:03:00.401,21.3,101.8
2024-05-25 00:03:08.993,21.3,101.8
2024-05-25 00:03:17.553,21.2,101.8
2024-05-25 00:03:26.288,21.3,101.8
2024-05-25 00:03:34.928,21.2,101.8
2024-05-25 00:03:43.707,21.1,101.8
2024-05-25 00:03:52.484,21.1,101.8
2024-05-25 00:04:01.443,21.1,101.8
2024-05-25 00:04:10.124,21.1,101.8
2024-05-25 00:04:18.469,21.1,101.8
2024-05-25 00:04:27.253,21.1,101.8
2024-05-25 00:04:36.035,21.1,101.8
2024-05-25 00:04:44.470,21.0,101.8
2024-05-25 00:04:53.151,21.1,101.8
2024-05-25 00:05:01.812,21.0,101.8
2024-05-25 00:05:10.391,21.0,101.8
2024-05-25 00:05:19.278,21.1,101.8
2024-05-25 00:05:27.960,21.1,101.8
2024-05-25 00:05:36.774,21.1,101.8
2024-05-25 00:05:45.502,21.0,101.8
2024-05-25 00:05:54.302,21.0,101.8
2024-05-25 00:06:02.944,21.1,101.8
2024-05-25 00:06:11.920,21.2,101.8
2024-05-25 00:06:20.524,21.0,101.8
2024-05-25 00:06:29.158,21.1,101.8
2024-05-25 00:06:38.116,21.1,101.8
2024-05-25 00:06:46.805,21.1,101.8
2024-05-25 00:06:55.654,21.1,101.8
2024-05-25 00:07:04.352,21.2,101.8
2024-05-25 00:07:12.952,21.2,101.8
2024-05-25 00:07:21.614,21.2,101.8
2024-05-25 00:07:30.306,21.2,101.8
2024-05-25 00:07:39.123,21.1,101.8
2024-05-25 00:07:47.814,21.2,101.8
2024-05-25 00:07:56.500,21.2,101.8
2024-05-25 00:08:05.096,21.2,101.8
2024-05-25 00:08:13.699,21.2,101.8
2024-05-25 00:08:22.500,21.1,101.8
2024-05-25 00:08:31.126,21.1,101.8
2024-05-25 00:08:39.839,21.3,101.8
2024-05-25 00:08:48.716,21.2,101.8
2024-05-25 00:08:57.506,21.2,101.8
2024-05-25 00:09:06.002,21.3,101.8
2024-05-25 00:09:14.659,21.3,101.8
2024-05-25 00:09:23.444,21.3,101.8
2024-05-25 00:09:32.158,21.3,101.8
2024-05-25 00:09:40.941,21.2,101.8
2024-05-25 00:09:49.500,21.2,101.8
2024-05-25 00:09:58.223,21.2,101.8
2024-05-25 00:10:06.913,21.1,101.8
2024-05-25 00:10:15.562,21.1,101.8
2024-05-25 00:10:24.433,21.0,101.8
2024-05-25 00:10:33.260,21.1,101.8
2024-05-25 00:10:41.836,21.1,101.8
2024-05-25 00:10:50.660,21.2,101.8
2024-05-25 00:10:59.411,21.2,101.8
2024-05-25 00:11:08.223,21.1,101.8
2024-05-25 00:11:16.966,21.2,101.8
2024-05-25 00:11:25.647,21.1,101.8
2024-05-25 00:11:34.345,21.1,101.8
2024-05-25 00:11:43.006,21.1,101.8
2024-05-25 00:11:51.581,21.0,101.8
2024-05-25 00:12:00.391,21.1,101.8
2024-05-25 00:12:09.044,21.2,101.8
2024-05-25 00:12:17.684,21.1,101.8
2024-05-25 00:12:26.243,21.2,101.8
2024-05-25 00:12:35.050,21.3,101.8
2024-05-25 00:12:43.816,21.3,101.8
2024-05-25 00:12:52.464,21.3,101.8
2024-05-25 00:13:01.078,21.1,101.8
2024-05-25 00:13:09.731,21.1,101.8
2024-05-25 00:13:18.384,21.0,101.8
2024-05-25 00:13:27.226,21.1,101.8
2024-05-25 00:13:35.899,21.1,101.8
2024-05-25 00:13:44.718,21.1,101.8
2024-05-25 00:13:53.615,21.1,101.8
2024-05-25 00:14:02.236,21.1,101.8
2024-05-25 00:14:10.803,21.3,101.8
2024-05-25 00:14:19.380,21.3,101.8
2024-05-25 00:14:28.202,21.3,101.8
2024-05-25 00:14:36.907,21.3,101.8
2024-05-25 00:14:45.575,21.4,101.8
2024-05-25 00:14:54.165,21.3,101.8
2024-05-25 00:15:02.888,21.2,101.8
2024-05-25 00:15:11.797,21.2,101.8
2024-05-25 00:15:20.593,21.1,101.8
2024-05-25 00:15:29.482,21.1,101.8
2024-05-25 00:15:37.958,21.1,101.8
2024-05-25 00:15:46.525,21.0,101.8
2024-05-25 00:15:54.960,21.0,101.8
2024-05-25 00:16:03.781,21.0,101.8
2024-05-25 00:16:12.417,21.1,101.8
2024-05-25 00:16:21.216,21.1,101.8
2024-05-25 00:16:29.839,21.1,101.8
2024-05-25 00:16:38.498,21.1,101.8
2024-05-25 00:16:47.235,21.1,101.8
2024-05-25 00:16:55.921,21.2,101.8
2024-05-25 00:17:04.572,21.2,101.8
2024-05-25 00:17:13.213,21.2,101.8
2024-05-25 00:17:22.032,21.2,101.8
2024-05-25 00:17:30.736,21.2,101.8
2024-05-25 00:17:39.549,21.3,101.8
2024-05-25 00:17:48.330,21.3,101.8
2024-05-25 00:17:57.115,21.3,101.8
2024-05-25 00:18:05.700,21.2,101.8
2024-05-25 00:18:14.373,21.3,101.8
2024-05-25 00:18:23.253,21.2,101.8
2024-05-25 00:18:31.930,21.2,101.8
2024-05-25 00:18:40.799,21.2,101.8
2024-05-25 00:18:49.440,21.2,101.8
2024-05-25 00:18:57.991,21.1,101.8
2024-05-25 00:19:06.544,21.2,101.8
2024-05-25 00:19:15.309,21.2,101.8
2024-05-25 00:19:23.964,21.2,101.8
2024-05-25 00:19:32.783,21.2,101.8
2024-05-25 00:19:41.474,21.1,101.8
2024-05-25 00:19:49.926,21.2,101.8
2024-05-25 00:19:58.678,21.2,101.8
2024-05-25 00:20:07.299,21.2,101.8
2024-05-25 00:20:16.003,21.2,101.8
2024-05-25 00:20:24.564,21.1,101.8
2024-05-25 00:20:33.502,21.1,101.8
2024-05-25 00:20:42.254,21.2,101.8
2024-05-25 00:20:50.877,21.2,101.8
2024-05-25 00:20:59.698,21.2,101.8
2024-05-25 00:21:08.305,21.2,101.8
2024-05-25 00:21:16.962,21.2,101.8
2024-05-25 00:21:25.852,21.2,101.8
2024-05-25 00:21:34.623,21.3,101.8
2024-05-25 00:21:43.343,21.2,101.8
2024-05-25 00:21:52.020,21.2,101.8
2024-05-25 00:22:00.746,21.1,101.8
2024-05-25 00:22:09.302,21.2,101.8
2024-05-25 00:22:17.984,21.1,101.8
2024-05-25 00:22:26.714,21.1,101.8
2024-05-25 00:22:35.515,21.0,101.8
2024-05-25 00:22:44.136,21.1,101.8
2024-05-25 00:22:52.831,21.2,101.8
2024-05-25 00:23:01.532,21.1,101.8
2024-05-25 00:23:10.282,21.1,101.8
2024-05-25 00:23:18.839,21.2,101.8
2024-05-25 00:23:27.601,21.3,101.8
2024-05-25 00:23:36.262,21.2,101.8
2024-05-25 00:23:45.133,21.2,101.8
2024-05-25 00:23:53.871,21.2,101.8
2024-05-25 00:24:02.613,21.1,101.8
2024-05-25 00:24:11.231,21.2,101.8
2024-05-25 00:24:19.847,21.1,101.8
2024-05-25 00:24:28.549,21.1,101.8
2024-05-25 00:24:37.242,21.1,101.8
2024-05-25 00:24:45.510,21.1,101.8
2024-05-25 00:24:54.245,21.2,101.8
2024-05-25 00:25:02.849,21.1,101.8
2024-05-25 00:25:11.550,21.2,101.8
2024-05-25 00:25:20.159,21.2,101.8
2024-05-25 00:25:28.895,21.2,101.8
2024-05-25 00:25:37.713,21.2,101.8
2024-05-25 00:25:46.256,21.1,101.8
2024-05-25 00:25:55.037,21.2,101.8
2024-05-25 00:26:03.831,21.1,101.8
2024-05-25 00:26:12.546,21.1,101.8
2024-05-25 00:26:21.163,21.1,101.8
2024-05-25 00:26:29.825,21.0,101.8
2024-05-25 00:26:38.390,21.1,101.8
2024-05-25 00:26:47.238,21.0,101.8
2024-05-25 00:26:56.073,21.0,101.8
2024-05-25 00:27:04.587,21.1,101.8
2024-05-25 00:27:13.245,21.1,101.8
2024-05-25 00:27:21.930,21.0,101.8
2024-05-25 00:27:30.758,21.0,101.8
2024-05-25 00:27:39.290,21.0,101.8
2024-05-25 00:27:47.917,21.1,101.8
2024-05-25 00:27:56.704,21.1,101.8
2024-05-25 00:28:05.580,21.2,101.8
2024-05-25 00:28:14.257,21.2,101.8
2024-05-25 00:28:22.725,21.3,101.8
2024-05-25 00:28:31.281,21.3,101.8
2024-05-25 00:28:40.056,21.3,101.8
2024-05-25 00:28:48.807,21.2,101.8
2024-05-25 00:28:57.514,21.2,101.8
2024-05-25 00:29:06.266,21.2,101.8
2024-05-25 00:29:14.774,21.2,101.8
2024-05-25 00:29:23.526,21.1,101.8
2024-05-25 00:29:32.341,21.1,101.8
2024-05-25 00:29:41.146,21.1,101.8
2024-05-25 00:29:49.893,21.0,101.8
2024-05-25 00:29:58.661,21.1,101.8
2024-05-25 00:30:07.408,21.1,101.8
2024-05-25 00:30:16.076,21.1,101.8
2024-05-25 00:30:24.751,21.1,101.8
2024-05-25 00:30:33.575,21.1,101.8
2024-05-25 00:30:42.284,21.1,101.8
2024-05-25 00:30:50.826,21.1,101.8
2024-05-25 00:30:59.561,21.0,101.8
2024-05-25 00:31:08.262,21.0,101.8
2024-05-25 00:31:16.898,21.1,101.8
2024-05-25 00:31:25.565,21.1,101.8
2024-05-25 00:31:34.297,21.1,101.8
2024-05-25 00:31:43.027,21.1,101.8
2024-05-25 00:31:51.732,21.2,101.8
2024-05-25 00:32:00.451,21.1,101.8
2024-05-25 00:32:09.065,21.1,101.8
2024-05-25 00:32:17.977,21.1,101.8
2024-05-25 00:32:26.715,21.1,101.8
2024-05-25 00:32:35.474,21.1,101.8
2024-05-25 00:32:44.209,21.2,101.8
2024-05-25 00:32:52.825,21.1,101.8
2024-05-25 00:33:01.538,21.1,101.8
2024-05-25 00:33:10.089,21.0,101.8
2024-05-25 00:33:18.550,21.2,101.8
2024-05-25 00:33:27.277,21.1,101.8
2024-05-25 00:33:36.061,21.1,101.8
2024-05-25 00:33:44.831,21.0,101.8
2024-05-25 00:33:53.642,21.1,101.8
2024-05-25 00:34:02.323,21.0,101.8
2024-05-25 00:34:10.855,20.9,101.8
2024-05-25 00:34:19.403,21.0,101.8
2024-05-25 00:34:28.043,21.1,101.8
2024-05-25 00:34:36.729,21.1,101.8
2024-05-25 00:34:45.332,21.1,101.8
2024-05-25 00:34:53.953,21.1,101.8
2024-05-25 00:35:02.776,21.1,101.8
2024-05-25 00:35:11.431,21.1,101.8
2024-05-25 00:35:19.996,21.2,101.8
2024-05-25 00:35:28.956,21.3,101.8
2024-05-25 00:35:37.698,21.1,101.8
2024-05-25 00:35:46.471,21.1,101.8
2024-05-25 00:35:55.090,21.0,101.8
2024-05-25 00:36:03.875,21.1,101.8
2024-05-25 00:36:12.508,21.1,101.8
2024-05-25 00:36:21.278,21.1,101.8
2024-05-25 00:36:29.883,21.1,101.8
2024-05-25 00:36:38.570,21.1,101.8
2024-05-25 00:36:47.298,21.2,101.8
2024-05-25 00:36:56.077,21.1,101.8
2024-05-25 00:37:04.792,21.2,101.8
2024-05-25 00:37:13.519,21.2,101.8
2024-05-25 00:37:22.268,21.2,101.8
2024-05-25 00:37:31.028,21.1,101.8
2024-05-25 00:37:39.694,21.1,101.8
2024-05-25 00:37:48.368,21.1,101.8
2024-05-25 00:37:57.146,21.2,101.8
2024-05-25 00:38:05.748,21.1,101.8
2024-05-25 00:38:14.453,21.1,101.8
2024-05-25 00:38:23.124,21.1,101.8
2024-05-25 00:38:31.832,21.1,101.8
2024-05-25 00:38:40.639,21.1,101.8
2024-05-25 00:38:49.130,21.1,101.8
2024-05-25 00:38:57.778,21.1,101.8
2024-05-25 00:39:06.503,21.2,101.8
2024-05-25 00:39:15.324,21.1,101.8
2024-05-25 00:39:23.908,21.2,101.8
2024-05-25 00:39:32.584,21.1,101.8
2024-05-25 00:39:41.402,21.1,101.8
2024-05-25 00:39:50.039,21.2,101.8
2024-05-25 00:39:58.756,21.2,101.8
2024-05-25 00:40:07.357,21.1,101.8
2024-05-25 00:40:16.042,21.2,101.8
2024-05-25 00:40:24.784,21.2,101.8
2024-05-25 00:40:33.600,21.2,101.8
2024-05-25 00:40:42.289,21.2,101.8
2024-05-25 00:40:50.874,21.3,101.8
2024-05-25 00:40:59.688,21.1,101.8
2024-05-25 00:41:08.342,21.1,101.8
2024-05-25 00:41:17.141,21.1,101.8
2024-05-25 00:41:25.953,21.2,101.8
2024-05-25 00:41:34.587,21.0,101.8
2024-05-25 00:41:43.445,20.9,101.8
2024-05-25 00:41:52.128,21.0,101.8
2024-05-25 00:42:00.799,21.0,101.8
2024-05-25 00:42:09.458,21.1,101.8
2024-05-25 00:42:18.078,21.2,101.8
2024-05-25 00:42:26.523,21.2,101.8
2024-05-25 00:42:35.371,21.2,101.8
2024-05-25 00:42:44.013,21.1,101.8
2024-05-25 00:42:52.783,21.1,101.8
2024-05-25 00:43:01.664,21.0,101.8
2024-05-25 00:43:10.331,21.1,101.8
2024-05-25 00:43:19.026,21.2,101.8
2024-05-25 00:43:27.977,21.1,101.8
2024-05-25 00:43:36.672,21.1,101.8
2024-05-25 00:43:45.323,21.2,101.8
2024-05-25 00:43:54.049,21.1,101.8
2024-05-25 00:44:02.720,21.1,101.8
2024-05-25 00:44:11.415,21.1,101.8
2024-05-25 00:44:20.221,21.3,101.8
2024-05-25 00:44:28.760,21.3,101.8
2024-05-25 00:44:37.416,21.2,101.8
2024-05-25 00:44:46.064,21.2,101.8
2024-05-25 00:44:54.796,21.2,101.8
2024-05-25 00:45:03.455,21.1,101.8
2024-05-25 00:45:12.339,21.2,101.8
2024-05-25 00:45:21.135,21.2,101.8
2024-05-25 00:45:29.939,21.2,101.8
2024-05-25 00:45:38.622,21.2,101.8
2024-05-25 00:45:47.302,21.2,101.8
2024-05-25 00:45:56.090,21.3,101.8
2024-05-25 00:46:04.817,21.2,101.8
2024-05-25 00:46:13.547,21.2,101.8
2024-05-25 00:46:22.512,21.0,101.8
2024-05-25 00:46:31.272,21.0,101.8
2024-05-25 00:46:39.949,21.0,101.8
2024-05-25 00:46:48.738,21.0,101.8
2024-05-25 00:46:57.402,21.0,101.8
2024-05-25 00:47:05.949,21.0,101.8
2024-05-25 00:47:14.663,21.1,101.8
2024-05-25 00:47:23.331,21.2,101.8
2024-05-25 00:47:31.970,21.2,101.8
2024-05-25 00:47:40.614,21.2,101.8
2024-05-25 00:47:49.536,21.2,101.8
2024-05-25 00:47:58.376,21.2,101.8
2024-05-25 00:48:07.138,21.2,101.8
2024-05-25 00:48:15.923,21.2,101.8
2024-05-25 00:48:24.529,21.2,101.8
2024-05-25 00:48:33.274,21.1,101.8
2024-05-25 00:48:42.044,21.0,101.8
2024-05-25 00:48:50.797,21.1,101.8
2024-05-25 00:48:59.386,21.1,101.8
2024-05-25 00:49:07.939,21.1,101.8
2024-05-25 00:49:16.653,21.1,101.8
2024-05-25 00:49:25.413,21.1,101.8
2024-05-25 00:49:34.163,21.2,101.8
2024-05-25 00:49:42.891,21.2,101.8
2024-05-25 00:49:51.622,21.2,101.8
2024-05-25 00:50:00.395,21.2,101.8
2024-05-25 00:50:09.181,21.2,101.8
2024-05-25 00:50:17.889,21.2,101.8
2024-05-25 00:50:26.557,21.2,101.8
2024-05-25 00:50:35.265,21.1,101.8
2024-05-25 00:50:43.945,21.1,101.8
2024-05-25 00:50:52.872,21.2,101.8
2024-05-25 00:51:01.467,21.1,101.8
2024-05-25 00:51:10.068,21.1,101.8
2024-05-25 00:51:18.771,21.1,101.8
2024-05-25 00:51:27.464,21.2,101.8
2024-05-25 00:51:36.150,21.0,101.8
2024-05-25 00:51:44.983,21.0,101.8
2024-05-25 00:51:53.692,21.1,101.8
2024-05-25 00:52:02.428,21.2,101.8
2024-05-25 00:52:11.165,21.1,101.8
2024-05-25 00:52:19.845,21.1,101.8
2024-05-25 00:52:28.431,21.1,101.8
2024-05-25 00:52:37.026,21.1,101.8
2024-05-25 00:52:45.718,21.2,101.8
2024-05-25 00:52:54.273,21.1,101.8
2024-05-25 00:53:02.833,21.2,101.8
2024-05-25 00:53:11.590,21.0,101.8
2024-05-25 00:53:20.196,21.1,101.8
2024-05-25 00:53:29.040,21.1,101.8
2024-05-25 00:53:37.739,21.1,101.8
2024-05-25 00:53:46.575,21.2,101.8
2024-05-25 00:53:55.285,21.2,101.8
2024-05-25 00:54:04.046,21.2,101.8
2024-05-25 00:54:12.831,21.1,101.8
2024-05-25 00:54:21.607,21.1,101.8
2024-05-25 00:54:30.414,21.1,101.8
2024-05-25 00:54:39.197,21.1,101.8
2024-05-25 00:54:47.913,21.2,101.8
2024-05-25 00:54:56.555,21.2,101.8
2024-05-25 00:55:05.185,21.3,101.8
2024-05-25 00:55:14.003,21.1,101.8
2024-05-25 00:55:22.750,21.1,101.8
2024-05-25 00:55:31.443,21.1,101.8
2024-05-25 00:55:40.150,21.2,101.8
2024-05-25 00:55:49.055,21.2,101.8
2024-05-25 00:55:57.972,21.2,101.8
2024-05-25 00:56:06.667,21.2,101.8
2024-05-25 00:56:15.512,21.3,101.8
2024-05-25 00:56:24.063,21.2,101.8
2024-05-25 00:56:32.731,21.1,101.8
2024-05-25 00:56:41.439,21.1,101.8
2024-05-25 00:56:49.984,21.0,101.8
2024-05-25 00:56:58.807,21.1,101.8
2024-05-25 00:57:07.710,21.1,101.8
2024-05-25 00:57:16.387,21.2,101.8
2024-05-25 00:57:25.012,21.2,101.8
2024-05-25 00:57:33.742,21.2,101.8
2024-05-25 00:57:42.538,21.3,101.8
2024-05-25 00:57:51.335,21.3,101.8
2024-05-25 00:57:59.780,21.2,101.8
2024-05-25 00:58:08.483,21.2,101.8
2024-05-25 00:58:17.038,21.2,101.8
2024-05-25 00:58:25.616,21.1,101.8
2024-05-25 00:58:34.291,21.2,101.8
2024-05-25 00:58:43.027,21.2,101.8
2024-05-25 00:58:51.683,21.2,101.8
2024-05-25 00:59:00.304,21.0,101.8
2024-05-25 00:59:08.729,21.1,101.8
2024-05-25 00:59:17.357,21.2,101.8
2024-05-25 00:59:26.123,21.1,101.8
2024-05-25 00:59:34.787,21.2,101.8
2024-05-25 00:59:43.602,21.2,101.8
2024-05-25 00:59:52.262,21.1,101.8
2024-05-25 01:00:00.838,21.1,101.8
2024-05-25 01:00:09.681,21.2,101.8
2024-05-25 01:00:18.330,21.2,101.8
2024-05-25 01:00:27.018,21.2,101.8
2024-05-25 01:00:35.808,21.2,101.8
2024-05-25 01:00:44.526,21.1,101.8
2024-05-25 01:00:53.209,21.2,101.8
2024-05-25 01:01:02.150,21.2,101.8
2024-05-25 01:01:10.775,21.2,101.8
2024-05-25 01:01:19.500,21.2,101.8
2024-05-25 01:01:28.353,21.2,101.8
2024-05-25 01:01:37.046,21.1,101.8
2024-05-25 01:01:45.741,21.2,101.8
2024-05-25 01:01:54.453,21.2,101.8
2024-05-25 01:02:03.109,21.1,101.8
2024-05-25 01:02:11.820,21.1,101.8
2024-05-25 01:02:20.530,21.3,101.8
2024-05-25 01:02:29.225,21.3,101.8
2024-05-25 01:02:37.993,21.2,101.8
2024-05-25 01:02:46.675,21.2,101.8
2024-05-25 01:02:55.292,21.1,101.8
2024-05-25 01:03:03.796,21.1,101.8
2024-05-25 01:03:12.460,21.1,101.8
2024-05-25 01:03:21.206,21.2,101.8
2024-05-25 01:03:30.012,21.2,101.8
2024-05-25 01:03:38.626,21.2,101.8
2024-05-25 01:03:47.595,21.0,101.8
2024-05-25 01:03:56.230,21.2,101.8
2024-05-25 01:04:04.889,21.2,101.8
2024-05-25 01:04:13.676,21.2,101.8
2024-05-25 01:04:22.386,21.1,101.8
2024-05-25 01:04:31.191,21.1,101.8
2024-05-25 01:04:39.911,21.1,101.8
2024-05-25 01:04:48.604,21.2,101.8
2024-05-25 01:04:57.093,21.1,101.8
2024-05-25 01:05:05.691,21.2,101.8
2024-05-25 01:05:14.423,21.3,101.8
2024-05-25 01:05:23.097,21.2,101.8
2024-05-25 01:05:31.645,21.2,101.8
2024-05-25 01:05:40.300,21.2,101.8
2024-05-25 01:05:48.887,21.1,101.8
2024-05-25 01:05:57.602,21.1,101.8
2024-05-25 01:06:06.427,21.1,101.8
2024-05-25 01:06:15.081,21.2,101.8
2024-05-25 01:06:23.871,21.1,101.8
2024-05-25 01:06:32.380,21.1,101.8
2024-05-25 01:06:41.164,21.0,101.8
2024-05-25 01:06:49.908,21.0,101.8
2024-05-25 01:06:58.584,21.1,101.8
2024-05-25 01:07:07.251,21.2,101.8
2024-05-25 01:07:16.024,21.2,101.8
2024-05-25 01:07:24.749,21.2,101.8
2024-05-25 01:07:33.203,21.3,101.8
2024-05-25 01:07:41.988,21.2,101.8
2024-05-25 01:07:50.674,21.3,101.8
2024-05-25 01:07:59.270,21.3,101.8
2024-05-25 01:08:07.869,21.2,101.8
2024-05-25 01:08:16.720,21.2,101.8
2024-05-25 01:08:25.286,21.1,101.8
2024-05-25 01:08:34.137,21.0,101.8
2024-05-25 01:08:42.758,21.1,101.8
2024-05-25 01:08:51.663,21.1,101.8
2024-05-25 01:09:00.344,21.1,101.8
2024-05-25 01:09:09.023,21.1,101.8
2024-05-25 01:09:17.609,21.0,101.8
2024-05-25 01:09:26.168,21.2,101.8
2024-05-25 01:09:35.010,21.2,101.8
2024-05-25 01:09:43.590,21.1,101.8
2024-05-25 01:09:52.392,21.2,101.8
2024-05-25 01:10:01.003,21.2,101.8
2024-05-25 01:10:09.500,21.2,101.8
2024-05-25 01:10:18.068,21.3,101.8
2024-05-25 01:10:27.013,21.2,101.8
2024-05-25 01:10:35.545,21.2,101.8
2024-05-25 01:10:44.316,21.3,101.8
2024-05-25 01:10:53.016,21.2,101.8
2024-05-25 01:11:01.543,21.2,101.8
2024-05-25 01:11:10.110,21.1,101.8
2024-05-25 01:11:18.806,21.2,101.8
2024-05-25 01:11:27.372,21.1,101.8
2024-05-25 01:11:36.117,21.1,101.8
2024-05-25 01:11:44.956,21.2,101.8
2024-05-25 01:11:53.638,21.1,101.8
2024-05-25 01:12:02.266,21.2,101.8
2024-05-25 01:12:10.932,21.3,101.8
2024-05-25 01:12:19.650,21.2,101.8
2024-05-25 01:12:28.482,21.2,101.8
2024-05-25 01:12:37.099,21.2,101.8
2024-05-25 01:12:45.792,21.2,101.8
2024-05-25 01:12:54.338,21.2,101.8
2024-05-25 01:13:03.084,21.1,101.8
2024-05-25 01:13:11.828,21.0,101.8
2024-05-25 01:13:20.463,21.1,101.8
2024-05-25 01:13:29.119,21.2,101.8
2024-05-25 01:13:37.822,21.2,101.8
2024-05-25 01:13:46.473,21.2,101.8
2024-05-25 01:13:55.142,21.2,101.8
2024-05-25 01:14:03.903,21.1,101.8
2024-05-25 01:14:12.675,21.1,101.8
2024-05-25 01:14:21.409,21.1,101.8
2024-05-25 01:14:30.191,21.2,101.8
2024-05-25 01:14:39.034,21.1,101.8
2024-05-25 01:14:47.738,21.1,101.8
2024-05-25 01:14:56.426,21.1,101.8
2024-05-25 01:15:05.051,21.1,101.7
2024-05-25 01:15:13.686,21.2,101.7
2024-05-25 01:15:22.596,21.2,101.7
2024-05-25 01:15:31.260,21.0,101.7
2024-05-25 01:15:40.073,21.1,101.7
2024-05-25 01:15:48.739,21.2,101.7
2024-05-25 01:15:57.498,21.3,101.7
2024-05-25 01:16:06.056,21.1,101.7
2024-05-25 01:16:14.689,21.1,101.7
2024-05-25 01:16:23.384,21.1,101.7
2024-05-25 01:16:32.119,21.2,101.7
2024-05-25 01:16:40.761,21.2,101.7
2024-05-25 01:16:49.455,21.0,101.7
2024-05-25 01:16:58.192,21.1,101.7
2024-05-25 01:17:06.974,21.2,101.7
2024-05-25 01:17:15.728,21.2,101.7
2024-05-25 01:17:24.422,21.2,101.7
2024-05-25 01:17:33.107,21.1,101.7
2024-05-25 01:17:41.813,21.2,101.7
2024-05-25 01:17:50.607,21.1,101.7
2024-05-25 01:17:59.413,20.9,101.7
2024-05-25 01:18:08.133,21.0,101.7
2024-05-25 01:18:16.850,20.9,101.7
2024-05-25 01:18:25.578,21.1,101.7
2024-05-25 01:18:34.328,21.1,101.7
2024-05-25 01:18:43.039,21.1,101.7
2024-05-25 01:18:51.630,21.1,101.7
2024-05-25 01:19:00.449,21.1,101.7
2024-05-25 01:19:09.128,21.1,101.7
2024-05-25 01:19:17.802,21.1,101.7
2024-05-25 01:19:26.271,21.1,101.7
2024-05-25 01:19:34.998,21.1,101.7
2024-05-25 01:19:43.663,21.2,101.7
2024-05-25 01:19:52.603,21.3,101.7
2024-05-25 01:20:01.369,21.3,101.7
2024-05-25 01:20:10.073,21.3,101.7
2024-05-25 01:20:18.936,21.2,101.7
2024-05-25 01:20:27.527,21.2,101.7
2024-05-25 01:20:36.136,21.2,101.7
2024-05-25 01:20:44.935,21.2,101.7
2024-05-25 01:20:53.690,21.2,101.7
2024-05-25 01:21:02.425,21.2,101.7
2024-05-25 01:21:11.192,21.1,101.7
2024-05-25 01:21:19.844,21.1,101.7
2024-05-25 01:21:28.390,21.1,101.7
2024-05-25 01:21:36.970,21.2,101.7
2024-05-25 01:21:45.719,21.2,101.7
2024-05-25 01:21:54.620,21.3,101.7
2024-05-25 01:22:03.252,21.2,101.7
2024-05-25 01:22:11.989,21.2,101.7
2024-05-25 01:22:20.423,21.3,101.7
2024-05-25 01:22:29.224,21.3,101.7
2024-05-25 01:22:38.048,21.2,101.7
2024-05-25 01:22:46.850,21.2,101.7
2024-05-25 01:22:55.561,21.1,101.7
2024-05-25 01:23:04.209,21.1,101.7
2024-05-25 01:23:12.973,21.1,101.7
2024-05-25 01:23:21.562,21.1,101.7
2024-05-25 01:23:30.401,21.3,101.7
2024-05-25 01:23:39.035,21.1,101.7
2024-05-25 01:23:47.776,21.2,101.7
2024-05-25 01:23:56.664,21.2,101.7
2024-05-25 01:24:05.469,21.1,101.7
2024-05-25 01:24:14.210,21.1,101.7
2024-05-25 01:24:22.897,21.0,101.7
2024-05-25 01:24:31.661,21.2,101.7
2024-05-25 01:24:40.395,21.2,101.7
2024-05-25 01:24:49.037,21.1,101.7
2024-05-25 01:24:57.701,21.1,101.7
2024-05-25 01:25:06.350,21.0,101.7
2024-05-25 01:25:15.063,21.1,101.7
2024-05-25 01:25:23.782,21.0,101.7
2024-05-25 01:25:32.480,21.2,101.7
2024-05-25 01:25:41.306,21.2,101.7
2024-05-25 01:25:50.071,21.3,101.7
2024-05-25 01:25:58.518,21.2,101.7
2024-05-25 01:26:07.243,21.1,101.7
2024-05-25 01:26:15.844,21.1,101.7
2024-05-25 01:26:24.574,21.2,101.7
2024-05-25 01:26:33.179,21.1,101.7
2024-05-25 01:26:41.996,21.2,101.7
2024-05-25 01:26:50.639,21.1,101.7
2024-05-25 01:26:59.412,21.2,101.7
2024-05-25 01:27:08.173,21.2,101.7
2024-05-25 01:27:16.849,21.2,101.7
2024-05-25 01:27:25.550,21.2,101.7
2024-05-25 01:27:34.194,21.3,101.7
2024-05-25 01:27:42.763,21.3,101.7
2024-05-25 01:27:51.656,21.3,101.7
2024-05-25 01:28:00.470,21.3,101.7
2024-05-25 01:28:09.035,21.3,101.7
2024-05-25 01:28:17.725,21.2,101.7
2024-05-25 01:28:26.455,21.2,101.7
2024-05-25 01:28:35.171,21.2,101.7
2024-05-25 01:28:43.683,21.2,101.7
2024-05-25 01:28:52.407,21.2,101.7
2024-05-25 01:29:01.051,21.1,101.7
2024-05-25 01:29:09.674,21.2,101.7
2024-05-25 01:29:18.427,21.2,101.7
2024-05-25 01:29:27.202,21.2,101.7
2024-05-25 01:29:35.909,21.1,101.7
2024-05-25 01:29:44.814,21.2,101.7
2024-05-25 01:29:53.509,21.1,101.7
2024-05-25 01:30:02.215,21.2,101.7
2024-05-25 01:30:10.902,21.2,101.7
2024-05-25 01:30:19.705,21.2,101.7
2024-05-25 01:30:28.377,21.1,101.7
2024-05-25 01:30:37.172,21.1,101.7
2024-05-25 01:30:45.984,21.1,101.7
2024-05-25 01:30:54.697,21.2,101.7
2024-05-25 01:31:03.493,21.2,101.7
2024-05-25 01:31:12.178,21.2,101.7
2024-05-25 01:31:20.865,21.2,101.7
2024-05-25 01:31:29.529,21.2,101.7
2024-05-25 01:31:38.202,21.1,101.7
2024-05-25 01:31:46.666,21.2,101.7
2024-05-25 01:31:55.321,21.3,101.7
2024-05-25 01:32:04.139,21.2,101.7
2024-05-25 01:32:12.733,21.2,101.7
2024-05-25 01:32:21.616,21.2,101.7
2024-05-25 01:32:30.367,21.2,101.7
2024-05-25 01:32:39.078,21.2,101.7
2024-05-25 01:32:47.621,21.1,101.7
2024-05-25 01:32:56.365,21.1,101.7
2024-05-25 01:33:05.113,21.1,101.7
2024-05-25 01:33:13.873,21.1,101.7
2024-05-25 01:33:22.582,21.1,101.7
2024-05-25 01:33:31.250,21.1,101.7
2024-05-25 01:33:40.030,21.2,101.7
2024-05-25 01:33:48.636,21.1,101.7
2024-05-25 01:33:57.424,21.1,101.7
2024-05-25 01:34:06.067,21.1,101.7
2024-05-25 01:34:14.732,21.1,101.7
2024-05-25 01:34:23.391,21.1,101.7
2024-05-25 01:34:32.162,21.1,101.7
2024-05-25 01:34:40.939,21.1,101.7
2024-05-25 01:34:49.501,21.1,101.7
2024-05-25 01:34:58.312,21.2,101.7
2024-05-25 01:35:07.063,21.1,101.7
2024-05-25 01:35:15.730,21.1,101.7
2024-05-25 01:35:24.478,21.1,101.7
2024-05-25 01:35:33.172,21.2,101.7
2024-05-25 01:35:41.951,21.3,101.7
2024-05-25 01:35:50.666,21.2,101.7
2024-05-25 01:35:59.260,21.2,101.7
2024-05-25 01:36:07.902,21.1,101.7
2024-05-25 01:36:16.563,21.2,101.7
2024-05-25 01:36:25.222,21.1,101.7
2024-05-25 01:36:33.875,21.2,101.7
2024-05-25 01:36:42.585,21.2,101.7
2024-05-25 01:36:51.326,21.1,101.7
2024-05-25 01:37:00.036,21.2,101.7
2024-05-25 01:37:08.720,21.2,101.7
2024-05-25 01:37:17.355,21.1,101.7
2024-05-25 01:37:25.865,21.2,101.7
2024-05-25 01:37:34.672,21.3,101.7
2024-05-25 01:37:43.377,21.2,101.7
2024-05-25 01:37:51.901,21.2,101.7
2024-05-25 01:38:00.672,21.2,101.7
2024-05-25 01:38:09.421,21.2,101.7
2024-05-25 01:38:18.040,21.2,101.7
2024-05-25 01:38:26.712,21.2,101.7
2024-05-25 01:38:35.455,21.2,101.7
2024-05-25 01:38:43.948,21.2,101.7
2024-05-25 01:38:52.531,21.1,101.7
2024-05-25 01:39:01.137,21.2,101.7
2024-05-25 01:39:09.805,21.2,101.7
2024-05-25 01:39:18.525,21.1,101.7
2024-05-25 01:39:27.181,21.1,101.7
2024-05-25 01:39:35.845,21.1,101.7
2024-05-25 01:39:44.500,21.1,101.7
2024-05-25 01:39:53.240,21.2,101.7
2024-05-25 01:40:01.791,21.1,101.7
2024-05-25 01:40:10.501,21.2,101.7
2024-05-25 01:40:19.256,21.2,101.7
2024-05-25 01:40:28.072,21.3,101.7
2024-05-25 01:40:36.736,21.2,101.7
2024-05-25 01:40:45.393,21.2,101.7
2024-05-25 01:40:54.167,21.1,101.7
2024-05-25 01:41:02.786,21.0,101.7
2024-05-25 01:41:11.444,21.0,101.7
2024-05-25 01:41:20.179,21.0,101.7
2024-05-25 01:41:28.862,21.2,101.7
2024-05-25 01:41:37.549,21.2,101.7
2024-05-25 01:41:46.066,21.1,101.7
2024-05-25 01:41:54.766,21.1,101.7
2024-05-25 01:42:03.473,21.2,101.7
2024-05-25 01:42:12.128,21.2,101.7
2024-05-25 01:42:20.766,21.1,101.7
2024-05-25 01:42:29.524,21.1,101.7
2024-05-25 01:42:38.167,21.1,101.7
2024-05-25 01:42:46.747,21.2,101.7
2024-05-25 01:42:55.354,21.1,101.7
2024-05-25 01:43:03.997,21.0,101.7
2024-05-25 01:43:12.810,21.1,101.7
2024-05-25 01:43:21.396,21.2,101.7
2024-05-25 01:43:30.085,21.2,101.7
2024-05-25 01:43:38.656,21.2,101.7
2024-05-25 01:43:47.154,21.2,101.7
2024-05-25 01:43:55.935,21.3,101.7
2024-05-25 01:44:04.504,21.2,101.7
2024-05-25 01:44:13.321,21.3,101.7
2024-05-25 01:44:21.849,21.3,101.7
2024-05-25 01:44:30.439,21.3,101.7
2024-05-25 01:44:39.213,21.2,101.7
2024-05-25 01:44:47.804,21.2,101.7
2024-05-25 01:44:56.625,21.1,101.7
2024-05-25 01:45:05.263,21.2,101.7
2024-05-25 01:45:13.850,21.2,101.7
2024-05-25 01:45:22.545,21.2,101.7
2024-05-25 01:45:31.301,21.2,101.7
2024-05-25 01:45:40.045,21.2,101.7
2024-05-25 01:45:48.684,21.3,101.7
2024-05-25 01:45:57.327,21.2,101.7
2024-05-25 01:46:05.962,21.1,101.7
2024-05-25 01:46:14.488,21.1,101.7
2024-05-25 01:46:23.250,21.2,101.7
2024-05-25 01:46:31.765,21.1,101.7
2024-05-25 01:46:40.356,21.1,101.7
2024-05-25 01:46:48.904,21.1,101.7
2024-05-25 01:46:57.566,21.1,101.7
2024-05-25 01:47:06.434,21.0,101.7
2024-05-25 01:47:15.202,21.0,101.7
2024-05-25 01:47:23.938,21.1,101.7
2024-05-25 01:47:32.559,21.0,101.7
2024-05-25 01:47:41.150,21.1,101.7
2024-05-25 01:47:49.760,21.2,101.7
2024-05-25 01:47:58.448,21.2,101.7
2024-05-25 01:48:07.124,21.3,101.7
2024-05-25 01:48:15.740,21.2,101.7
2024-05-25 01:48:23.706,21.2,101.7
2024-05-25 01:48:31.908,21.1,101.7
2024-05-25 01:48:40.075,21.2,101.7
2024-05-25 01:48:48.186,21.2,101.7
2024-05-25 01:48:56.217,21.2,101.7
2024-05-25 01:49:04.394,21.2,101.7
2024-05-25 01:49:12.673,21.2,101.7
2024-05-25 01:49:20.839,21.2,101.7
2024-05-25 01:49:29.038,21.2,101.7
2024-05-25 01:49:37.200,21.2,101.7
2024-05-25 01:49:45.392,21.1,101.7
2024-05-25 01:49:53.513,21.2,101.7
2024-05-25 01:50:01.681,21.1,101.7
2024-05-25 01:50:09.832,21.0,101.7
2024-05-25 01:50:18.176,21.1,101.7
2024-05-25 01:50:26.391,21.1,101.7
2024-05-25 01:50:34.543,21.1,101.7
2024-05-25 01:50:42.723,21.2,101.7
2024-05-25 01:50:50.768,21.2,101.7
2024-05-25 01:50:58.848,21.2,101.7
2024-05-25 01:51:07.191,21.1,101.7
2024-05-25 01:51:15.295,21.2,101.7
2024-05-25 01:51:23.402,21.2,101.7
2024-05-25 01:51:31.578,21.2,101.7
2024-05-25 01:51:39.712,21.2,101.7
2024-05-25 01:51:47.818,21.1,101.7
2024-05-25 01:51:55.816,21.1,101.7
2024-05-25 01:52:03.880,21.1,101.7
2024-05-25 01:52:12.059,21.1,101.7
2024-05-25 01:52:20.235,21.1,101.7
2024-05-25 01:52:28.401,21.2,101.7
2024-05-25 01:52:36.464,21.1,101.7
2024-05-25 01:52:44.587,21.1,101.7
2024-05-25 01:52:52.653,21.1,101.7
2024-05-25 01:53:00.877,21.1,101.7
2024-05-25 01:53:09.017,21.0,101.7
2024-05-25 01:53:17.132,21.0,101.7
2024-05-25 01:53:25.287,21.0,101.7
2024-05-25 01:53:33.449,21.0,101.7
2024-05-25 01:53:41.684,21.0,101.7
2024-05-25 01:53:49.688,21.0,101.7
2024-05-25 01:53:57.888,21.1,101.7
2024-05-25 01:54:06.111,21.1,101.7
2024-05-25 01:54:14.293,21.1,101.7
2024-05-25 01:54:22.447,21.2,101.7
2024-05-25 01:54:30.705,21.2,101.7
2024-05-25 01:54:38.871,21.2,101.7
2024-05-25 01:54:47.120,21.2,101.7
2024-05-25 01:54:55.230,21.1,101.7
2024-05-25 01:55:03.360,21.2,101.7
2024-05-25 01:55:11.577,21.1,101.7
2024-05-25 01:55:19.784,21.1,101.7
2024-05-25 01:55:27.856,21.2,101.7
2024-05-25 01:55:36.044,21.2,101.7
2024-05-25 01:55:44.092,21.1,101.7
2024-05-25 01:55:52.305,21.1,101.7
2024-05-25 01:56:00.522,21.2,101.7
2024-05-25 01:56:08.637,21.2,101.7
2024-05-25 01:56:16.932,21.2,101.7
2024-05-25 01:56:24.929,21.2,101.7
2024-05-25 01:56:33.100,21.2,101.7
2024-05-25 01:56:41.299,21.2,101.7
2024-05-25 01:56:49.446,21.2,101.7
2024-05-25 01:56:57.779,21.2,101.7
2024-05-25 01:57:05.893,21.2,101.7
2024-05-25 01:57:13.945,21.0,101.7
2024-05-25 01:57:21.978,21.1,101.7
2024-05-25 01:57:30.002,21.1,101.7
2024-05-25 01:57:38.146,21.1,101.7
2024-05-25 01:57:46.257,21.1,101.7
2024-05-25 01:57:54.627,21.2,101.7
2024-05-25 01:58:02.722,21.3,101.7
2024-05-25 01:58:10.899,21.3,101.7
2024-05-25 01:58:19.113,21.2,101.7
2024-05-25 01:58:27.195,21.2,101.7
2024-05-25 01:58:35.434,21.2,101.7
2024-05-25 01:58:43.476,21.2,101.7
2024-05-25 01:58:51.734,21.2,101.7
2024-05-25 01:58:59.744,21.2,101.7
2024-05-25 01:59:07.863,21.2,101.7
2024-05-25 01:59:15.871,21.1,101.7
2024-05-25 01:59:24.113,21.0,101.7
2024-05-25 01:59:32.216,21.0,101.7
2024-05-25 01:59:40.264,21.1,101.7
2024-05-25 01:59:48.294,21.1,101.7
2024-05-25 01:59:56.393,21.2,101.7
2024-05-25 02:00:04.543,21.1,101.7
2024-05-25 02:00:12.743,21.1,101.7
2024-05-25 02:00:20.818,21.1,101.7
2024-05-25 02:00:29.058,21.1,101.7
2024-05-25 02:00:37.151,21.2,101.7
2024-05-25 02:00:45.308,21.1,101.7
2024-05-25 02:00:53.452,21.1,101.7
2024-05-25 02:01:01.441,21.2,101.7
2024-05-25 02:01:09.643,21.2,101.7
2024-05-25 02:01:17.662,21.2,101.7
2024-05-25 02:01:25.839,21.2,101.7
2024-05-25 02:01:33.865,21.2,101.7
2024-05-25 02:01:41.901,21.2,101.7
2024-05-25 02:01:50.172,21.1,101.7
2024-05-25 02:01:58.225,21.2,101.7
2024-05-25 02:02:06.494,21.2,101.7
2024-05-25 02:02:14.524,21.2,101.7
2024-05-25 02:02:22.805,21.1,101.7
2024-05-25 02:02:30.893,21.1,101.7
2024-05-25 02:02:39.127,21.3,101.7
2024-05-25 02:02:47.212,21.2,101.7
2024-05-25 02:02:55.412,21.1,101.7
2024-05-25 02:03:03.646,21.2,101.7
2024-05-25 02:03:11.805,21.2,101.7
2024-05-25 02:03:19.956,21.2,101.7
2024-05-25 02:03:28.204,21.1,101.7
2024-05-25 02:03:36.168,21.2,101.7
2024-05-25 02:03:44.347,21.3,101.7
2024-05-25 02:03:52.506,21.2,101.7
2024-05-25 02:04:00.889,21.2,101.7
2024-05-25 02:04:08.992,21.2,101.7
2024-05-25 02:04:17.305,21.1,101.7
2024-05-25 02:04:25.380,21.1,101.7
2024-05-25 02:04:33.625,21.0,101.7
2024-05-25 02:04:41.802,21.0,101.7
2024-05-25 02:04:49.797,21.1,101.7
2024-05-25 02:04:57.807,21.2,101.7
2024-05-25 02:05:06.028,21.3,101.7
2024-05-25 02:05:14.355,21.1,101.7
2024-05-25 02:05:22.453,21.2,101.7
2024-05-25 02:05:30.513,21.1,101.7
2024-05-25 02:05:38.759,21.1,101.7
2024-05-25 02:05:47.002,21.2,101.7
2024-05-25 02:05:55.337,21.2,101.7
2024-05-25 02:06:03.432,21.2,101.7
2024-05-25 02:06:11.663,21.2,101.7
2024-05-25 02:06:19.832,21.2,101.7
2024-05-25 02:06:27.940,21.2,101.7
2024-05-25 02:06:36.218,21.3,101.7
2024-05-25 02:06:44.476,21.3,101.7
2024-05-25 02:06:52.585,21.2,101.7
2024-05-25 02:07:00.688,21.1,101.7
2024-05-25 02:07:08.760,21.1,101.7
2024-05-25 02:07:16.804,21.1,101.7
2024-05-25 02:07:24.976,21.2,101.7
2024-05-25 02:07:33.118,21.3,101.7
2024-05-25 02:07:41.159,21.3,101.7
2024-05-25 02:07:49.323,21.3,101.7
2024-05-25 02:07:57.604,21.3,101.7
2024-05-25 02:08:05.720,21.1,101.7
2024-05-25 02:08:13.863,21.1,101.7
2024-05-25 02:08:21.833,21.2,101.7
2024-05-25 02:08:29.914,21.1,101.7
2024-05-25 02:08:38.049,21.2,101.7
2024-05-25 02:08:46.247,21.3,101.7
2024-05-25 02:08:54.398,21.2,101.7
2024-05-25 02:09:02.663,21.1,101.7
2024-05-25 02:09:10.780,21.2,101.7
2024-05-25 02:09:18.970,21.3,101.7
2024-05-25 02:09:27.266,21.3,101.7
2024-05-25 02:09:35.453,21.2,101.7
2024-05-25 02:09:43.584,21.2,101.7
2024-05-25 02:09:51.607,21.3,101.7
2024-05-25 02:09:59.737,21.3,101.7
2024-05-25 02:10:07.800,21.3,101.7
2024-05-25 02:10:15.866,21.3,101.7
2024-05-25 02:10:24.120,21.3,101.7
2024-05-25 02:10:32.281,21.2,101.7
2024-05-25 02:10:40.529,21.1,101.7
2024-05-25 02:10:48.621,21.1,101.7
2024-05-25 02:10:56.766,21.2,101.7
2024-05-25 02:11:04.957,21.2,101.7
2024-05-25 02:11:13.022,21.2,101.7
2024-05-25 02:11:20.979,21.2,101.7
2024-05-25 02:11:29.145,21.2,101.7
2024-05-25 02:11:37.128,21.2,101.7
2024-05-25 02:11:45.209,21.3,101.7
2024-05-25 02:11:53.291,21.3,101.7
2024-05-25 02:12:01.494,21.2,101.7
2024-05-25 02:12:09.690,21.2,101.7
2024-05-25 02:12:17.936,21.1,101.7
2024-05-25 02:12:26.136,21.1,101.7
2024-05-25 02:12:34.377,21.1,101.7
2024-05-25 02:12:42.442,21.1,101.7
2024-05-25 02:12:50.529,21.2,101.7
2024-05-25 02:12:58.641,21.2,101.7
2024-05-25 02:13:06.806,21.2,101.7
2024-05-25 02:13:14.911,21.1,101.7
2024-05-25 02:13:23.148,21.2,101.7
2024-05-25 02:13:31.327,21.2,101.7
2024-05-25 02:13:39.450,21.1,101.7
2024-05-25 02:13:47.611,21.2,101.7
2024-05-25 02:13:55.824,21.2,101.7
2024-05-25 02:14:03.952,21.1,101.7
2024-05-25 02:14:12.080,21.1,101.7
2024-05-25 02:14:20.359,21.2,101.7
2024-05-25 02:14:28.506,21.2,101.7
2024-05-25 02:14:36.743,21.2,101.7
2024-05-25 02:14:44.933,21.3,101.7
2024-05-25 02:14:53.188,21.2,101.7
2024-05-25 02:15:01.361,21.2,101.7
2024-05-25 02:15:09.619,21.2,101.7
2024-05-25 02:15:17.799,21.2,101.7
2024-05-25 02:15:26.052,21.2,101.7
2024-05-25 02:15:34.278,21.1,101.7
2024-05-25 02:15:42.451,21.1,101.7
2024-05-25 02:15:50.490,21.2,101.7
2024-05-25 02:15:58.726,21.1,101.7
2024-05-25 02:16:06.866,21.2,101.7
2024-05-25 02:16:15.082,21.1,101.7
2024-05-25 02:16:23.277,21.1,101.7
2024-05-25 02:16:31.236,21.1,101.7
2024-05-25 02:16:39.387,21.2,101.7
2024-05-25 02:16:47.563,21.2,101.7
2024-05-25 02:16:55.676,21.2,101.7
2024-05-25 02:17:03.797,21.2,101.7
2024-05-25 02:17:11.973,21.3,101.7
2024-05-25 02:17:20.240,21.2,101.7
2024-05-25 02:17:28.316,21.1,101.7
2024-05-25 02:17:36.643,21.1,101.7
2024-05-25 02:17:44.785,21.1,101.7
2024-05-25 02:17:52.992,21.1,101.7
2024-05-25 02:18:01.086,21.0,101.7
2024-05-25 02:18:09.259,21.1,101.7
2024-05-25 02:18:17.326,21.1,101.7
2024-05-25 02:18:25.567,21.1,101.7
2024-05-25 02:18:33.722,21.1,101.7
2024-05-25 02:18:42.026,21.1,101.7
2024-05-25 02:18:50.252,21.0,101.7
2024-05-25 02:18:58.442,21.0,101.7
2024-05-25 02:19:06.603,21.1,101.7
2024-05-25 02:19:14.788,21.2,101.7
2024-05-25 02:19:22.732,21.2,101.7
2024-05-25 02:19:30.994,21.2,101.7
2024-05-25 02:19:39.298,21.2,101.7
2024-05-25 02:19:47.475,21.2,101.7
2024-05-25 02:19:55.611,21.2,101.7
2024-05-25 02:20:03.903,21.3,101.7
2024-05-25 02:20:11.942,21.3,101.7
2024-05-25 02:20:19.873,21.3,101.7
2024-05-25 02:20:28.038,21.3,101.7
2024-05-25 02:20:36.294,21.2,101.7
2024-05-25 02:20:44.464,21.2,101.7
2024-05-25 02:20:52.728,21.2,101.7
2024-05-25 02:21:00.966,21.3,101.7
2024-05-25 02:21:09.110,21.1,101.7
2024-05-25 02:21:17.341,21.1,101.7
2024-05-25 02:21:25.424,21.1,101.7
2024-05-25 02:21:33.427,21.0,101.7
2024-05-25 02:21:42.011,21.0,101.7
2024-05-25 02:21:50.105,21.0,101.7
2024-05-25 02:21:58.438,21.1,101.7
2024-05-25 02:22:06.997,21.2,101.7
2024-05-25 02:22:15.101,21.2,101.7
2024-05-25 02:22:23.247,21.2,101.7
2024-05-25 02:22:31.384,21.2,101.7
2024-05-25 02:22:39.561,21.3,101.7
2024-05-25 02:22:47.741,21.3,101.7
2024-05-25 02:22:55.924,21.3,101.7
2024-05-25 02:23:04.116,21.3,101.7
2024-05-25 02:23:12.245,21.3,101.7
2024-05-25 02:23:20.513,21.2,101.7
2024-05-25 02:23:28.669,21.2,101.7
2024-05-25 02:23:36.832,21.2,101.7
2024-05-25 02:23:44.856,21.3,101.7
2024-05-25 02:23:53.106,21.3,101.7
2024-05-25 02:24:01.321,21.3,101.7
2024-05-25 02:24:09.490,21.3,101.7
2024-05-25 02:24:17.559,21.1,101.7
2024-05-25 02:24:25.773,21.3,101.7
2024-05-25 02:24:33.916,21.2,101.7
2024-05-25 02:24:42.193,21.2,101.7
2024-05-25 02:24:50.393,21.2,101.7
2024-05-25 02:24:58.425,21.1,101.7
2024-05-25 02:25:06.471,21.1,101.7
2024-05-25 02:25:14.603,21.2,101.7
2024-05-25 02:25:22.572,21.2,101.7
2024-05-25 02:25:30.803,21.1,101.7
2024-05-25 02:25:38.968,21.2,101.7
2024-05-25 02:25:47.276,21.2,101.7
2024-05-25 02:25:55.296,21.2,101.7
2024-05-25 02:26:03.354,21.1,101.7
2024-05-25 02:26:11.351,21.1,101.7
2024-05-25 02:26:19.575,21.1,101.7
2024-05-25 02:26:27.776,21.1,101.7
2024-05-25 02:26:35.946,21.2,101.7
2024-05-25 02:26:43.939,21.2,101.7
2024-05-25 02:26:52.101,21.3,101.7
2024-05-25 02:27:00.118,21.2,101.7
2024-05-25 02:27:08.210,21.3,101.7
2024-05-25 02:27:16.571,21.1,101.7
2024-05-25 02:27:24.770,21.1,101.7
2024-05-25 02:27:33.024,21.1,101.7
2024-05-25 02:27:41.081,21.1,101.7
2024-05-25 02:27:49.294,21.1,101.7
2024-05-25 02:27:57.490,21.1,101.7
2024-05-25 02:28:05.658,21.1,101.7
2024-05-25 02:28:13.786,21.2,101.7
2024-05-25 02:28:22.000,21.1,101.7
2024-05-25 02:28:30.333,21.1,101.7
2024-05-25 02:28:38.424,21.1,101.7
2024-05-25 02:28:46.495,21.1,101.7
2024-05-25 02:28:54.557,21.2,101.7
2024-05-25 02:29:02.656,21.2,101.7
2024-05-25 02:29:10.894,21.1,101.7
2024-05-25 02:29:18.999,21.1,101.7
2024-05-25 02:29:27.119,21.1,101.7
2024-05-25 02:29:35.276,21.2,101.7
2024-05-25 02:29:43.574,21.3,101.7
2024-05-25 02:29:51.802,21.3,101.7
2024-05-25 02:29:59.917,21.4,101.7
2024-05-25 02:30:08.177,21.3,101.7
2024-05-25 02:30:16.310,21.3,101.7
2024-05-25 02:30:24.495,21.3,101.7
2024-05-25 02:30:32.607,21.2,101.7
2024-05-25 02:30:40.673,21.1,101.7
2024-05-25 02:30:48.884,21.1,101.7
2024-05-25 02:30:57.118,21.1,101.7
2024-05-25 02:31:05.432,21.1,101.7
2024-05-25 02:31:13.515,21.1,101.7
2024-05-25 02:31:21.543,21.1,101.7
2024-05-25 02:31:29.727,21.1,101.7
2024-05-25 02:31:38.050,21.1,101.7
2024-05-25 02:31:46.363,21.1,101.7
2024-05-25 02:31:54.452,21.1,101.7
2024-05-25 02:32:02.703,21.1,101.7
2024-05-25 02:32:10.810,21.3,101.7
2024-05-25 02:32:19.002,21.2,101.7
2024-05-25 02:32:27.195,21.1,101.7
2024-05-25 02:32:35.315,21.2,101.7
2024-05-25 02:32:43.524,21.2,101.7
2024-05-25 02:32:51.479,21.1,101.7
2024-05-25 02:32:59.511,21.2,101.7
2024-05-25 02:33:07.772,21.2,101.7
2024-05-25 02:33:16.000,21.2,101.7
2024-05-25 02:33:24.182,21.2,101.7
2024-05-25 02:33:32.236,21.2,101.7
2024-05-25 02:33:40.568,21.2,101.7
2024-05-25 02:33:48.653,21.2,101.7
2024-05-25 02:33:56.820,21.2,101.7
2024-05-25 02:34:04.968,21.2,101.7
2024-05-25 02:34:13.116,21.2,101.7
2024-05-25 02:34:21.353,21.2,101.7
2024-05-25 02:34:29.639,21.2,101.7
2024-05-25 02:34:37.874,21.3,101.7
2024-05-25 02:34:46.133,21.3,101.7
2024-05-25 02:34:54.337,21.2,101.7
2024-05-25 02:35:02.566,21.2,101.7
2024-05-25 02:35:10.813,21.1,101.7
2024-05-25 02:35:19.015,21.1,101.7
2024-05-25 02:35:27.135,21.2,101.7
2024-05-25 02:35:35.387,21.1,101.7
2024-05-25 02:35:43.545,21.2,101.7
2024-05-25 02:35:51.774,21.2,101.7
2024-05-25 02:35:59.915,21.1,101.7
2024-05-25 02:36:08.091,21.1,101.7
2024-05-25 02:36:16.089,21.1,101.7
2024-05-25 02:36:24.329,21.2,101.7
2024-05-25 02:36:32.496,21.3,101.7
2024-05-25 02:36:40.768,21.2,101.7
2024-05-25 02:36:48.967,21.2,101.7
2024-05-25 02:36:57.052,21.2,101.7
2024-05-25 02:37:05.088,21.2,101.7
2024-05-25 02:37:13.214,21.2,101.7
2024-05-25 02:37:21.233,21.2,101.7
2024-05-25 02:37:29.348,21.2,101.7
2024-05-25 02:37:37.459,21.2,101.7
2024-05-25 02:37:45.481,21.3,101.7
2024-05-25 02:37:53.728,21.3,101.7
2024-05-25 02:38:01.934,21.3,101.7
2024-05-25 02:38:09.999,21.2,101.7
2024-05-25 02:38:18.111,21.1,101.7
2024-05-25 02:38:26.115,21.1,101.7
2024-05-25 02:38:34.283,21.1,101.7
2024-05-25 02:38:42.540,21.1,101.7
2024-05-25 02:38:50.670,21.1,101.7
2024-05-25 02:38:58.998,21.3,101.7
2024-05-25 02:39:07.187,21.2,101.7
2024-05-25 02:39:15.185,21.2,101.7
2024-05-25 02:39:23.358,21.2,101.7
2024-05-25 02:39:31.570,21.2,101.7
2024-05-25 02:39:39.551,21.2,101.7
2024-05-25 02:39:47.599,21.2,101.7
2024-05-25 02:39:55.596,21.2,101.7
2024-05-25 02:40:03.738,21.1,101.7
2024-05-25 02:40:11.941,21.1,101.7
2024-05-25 02:40:20.126,21.0,101.7
2024-05-25 02:40:28.248,21.0,101.7
2024-05-25 02:40:36.453,21.1,101.7
2024-05-25 02:40:44.644,21.1,101.7
2024-05-25 02:40:52.770,21.1,101.7
2024-05-25 02:41:00.900,21.1,101.7
2024-05-25 02:41:09.115,21.2,101.7
2024-05-25 02:41:17.112,21.2,101.7
2024-05-25 02:41:25.267,21.2,101.7
2024-05-25 02:41:33.506,21.2,101.7
2024-05-25 02:41:41.637,21.1,101.7
2024-05-25 02:41:49.832,21.1,101.7
2024-05-25 02:41:57.978,21.2,101.7
2024-05-25 02:42:06.202,21.2,101.7
2024-05-25 02:42:14.457,21.1,101.7
2024-05-25 02:42:22.638,21.2,101.7
2024-05-25 02:42:30.622,21.2,101.7
2024-05-25 02:42:38.749,21.2,101.7
2024-05-25 02:42:46.998,21.3,101.7
2024-05-25 02:42:55.085,21.3,101.7
2024-05-25 02:43:03.242,21.3,101.7
2024-05-25 02:43:11.385,21.2,101.7
2024-05-25 02:43:19.570,21.2,101.7
2024-05-25 02:43:27.738,21.1,101.7
2024-05-25 02:43:35.884,21.2,101.7
2024-05-25 02:43:44.200,21.2,101.7
2024-05-25 02:43:52.370,21.1,101.7
2024-05-25 02:44:00.361,21.1,101.7
2024-05-25 02:44:08.264,21.2,101.7
2024-05-25 02:44:16.478,21.2,101.7
2024-05-25 02:44:24.660,21.3,101.7
2024-05-25 02:44:32.967,21.3,101.7
2024-05-25 02:44:41.111,21.3,101.7
2024-05-25 02:44:49.160,21.3,101.7
2024-05-25 02:44:57.246,21.3,101.7
2024-05-25 02:45:05.583,21.2,101.7
2024-05-25 02:45:13.705,21.1,101.7
2024-05-25 02:45:21.953,21.1,101.7
2024-05-25 02:45:30.008,21.2,101.7
2024-05-25 02:45:38.148,21.2,101.7
2024-05-25 02:45:46.394,21.3,101.7
2024-05-25 02:45:54.668,21.3,101.7
2024-05-25 02:46:02.725,21.2,101.7
2024-05-25 02:46:11.010,21.2,101.7
2024-05-25 02:46:19.157,21.3,101.7
2024-05-25 02:46:27.306,21.2,101.7
2024-05-25 02:46:35.464,21.2,101.7
2024-05-25 02:46:43.568,21.1,101.7
2024-05-25 02:46:51.670,21.2,101.7
2024-05-25 02:46:59.862,21.1,101.7
2024-05-25 02:47:08.082,21.1,101.7
2024-05-25 02:47:16.198,21.2,101.7
2024-05-25 02:47:24.360,21.1,101.7
2024-05-25 02:47:32.362,21.1,101.7
2024-05-25 02:47:40.455,21.2,101.7
2024-05-25 02:47:48.706,21.2,101.7
2024-05-25 02:47:56.904,21.2,101.7
2024-05-25 02:48:05.060,21.2,101.7
2024-05-25 02:48:13.259,21.2,101.7
2024-05-25 02:48:21.430,21.2,101.7
2024-05-25 02:48:29.620,21.2,101.7
2024-05-25 02:48:37.779,21.2,101.7
2024-05-25 02:48:46.019,21.1,101.7
2024-05-25 02:48:54.171,21.2,101.7
2024-05-25 02:49:02.345,21.2,101.7
2024-05-25 02:49:10.487,21.2,101.7
2024-05-25 02:49:18.707,21.2,101.7
2024-05-25 02:49:26.883,21.1,101.7
2024-05-25 02:49:35.135,21.1,101.7
2024-05-25 02:49:43.328,21.2,101.7
2024-05-25 02:49:51.363,21.2,101.7
2024-05-25 02:49:59.439,21.2,101.7
2024-05-25 02:50:07.552,21.2,101.7
2024-05-25 02:50:15.607,21.3,101.7
2024-05-25 02:50:23.777,21.3,101.7
2024-05-25 02:50:31.855,21.3,101.7
2024-05-25 02:50:39.961,21.3,101.7
2024-05-25 02:50:48.050,21.2,101.7
2024-05-25 02:50:56.323,21.2,101.7
2024-05-25 02:51:04.610,21.2,101.7
2024-05-25 02:51:12.711,21.2,101.7
2024-05-25 02:51:20.830,21.2,101.7
2024-05-25 02:51:29.080,21.3,101.7
2024-05-25 02:51:37.197,21.3,101.7
2024-05-25 02:51:45.366,21.3,101.7
2024-05-25 02:51:53.539,21.2,101.7
2024-05-25 02:52:01.804,21.2,101.7
2024-05-25 02:52:09.988,21.2,101.7
2024-05-25 02:52:18.151,21.2,101.7
2024-05-25 02:52:26.368,21.3,101.7
2024-05-25 02:52:34.397,21.1,101.7
2024-05-25 02:52:42.530,21.1,101.7
2024-05-25 02:52:50.662,21.1,101.7
2024-05-25 02:52:58.744,21.2,101.7
2024-05-25 02:53:06.733,21.2,101.7
2024-05-25 02:53:15.034,21.2,101.7
2024-05-25 02:53:23.248,21.1,101.7
2024-05-25 02:53:31.280,21.1,101.7
2024-05-25 02:53:39.474,21.1,101.7
2024-05-25 02:53:47.485,21.1,101.7
2024-05-25 02:53:55.759,21.2,101.7
2024-05-25 02:54:03.888,21.2,101.7
2024-05-25 02:54:12.107,21.3,101.7
2024-05-25 02:54:20.180,21.3,101.7
2024-05-25 02:54:28.466,21.3,101.7
2024-05-25 02:54:36.776,21.3,101.7
2024-05-25 02:54:44.944,21.3,101.7
2024-05-25 02:54:53.095,21.3,101.7
2024-05-25 02:55:01.300,21.2,101.7
2024-05-25 02:55:09.473,21.2,101.7
2024-05-25 02:55:17.560,21.0,101.7
2024-05-25 02:55:25.683,21.1,101.7
2024-05-25 02:55:33.658,21.1,101.7
2024-05-25 02:55:41.921,21.1,101.7
2024-05-25 02:55:50.254,21.2,101.7
2024-05-25 02:55:58.408,21.2,101.7
2024-05-25 02:56:06.563,21.2,101.7
2024-05-25 02:56:14.697,21.1,101.7
2024-05-25 02:56:22.836,21.2,101.7
2024-05-25 02:56:30.939,21.2,101.7
2024-05-25 02:56:39.059,21.2,101.7
2024-05-25 02:56:47.170,21.1,101.7
2024-05-25 02:56:55.347,21.1,101.7
2024-05-25 02:57:03.291,21.2,101.7
2024-05-25 02:57:11.428,21.2,101.7
2024-05-25 02:57:19.553,21.3,101.7
2024-05-25 02:57:27.647,21.3,101.7
2024-05-25 02:57:35.759,21.2,101.7
2024-05-25 02:57:43.868,21.2,101.7
2024-05-25 02:57:52.104,21.1,101.7
2024-05-25 02:58:00.210,21.2,101.7
2024-05-25 02:58:08.534,21.2,101.7
2024-05-25 02:58:16.630,21.2,101.7
2024-05-25 02:58:24.646,21.2,101.7
2024-05-25 02:58:32.781,21.1,101.7
2024-05-25 02:58:40.784,21.2,101.7
2024-05-25 02:58:48.989,21.2,101.7
2024-05-25 02:58:57.131,21.3,101.7
2024-05-25 02:59:05.314,21.2,101.7
2024-05-25 02:59:13.430,21.2,101.7
2024-05-25 02:59:21.523,21.1,101.7
2024-05-25 02:59:29.609,21.1,101.7
2024-05-25 02:59:37.717,21.1,101.7
2024-05-25 02:59:46.084,21.1,101.7
2024-05-25 02:59:54.273,21.1,101.7
2024-05-25 03:00:02.264,21.2,101.7
2024-05-25 03:00:10.423,21.1,101.7
2024-05-25 03:00:18.626,21.1,101.7
2024-05-25 03:00:26.559,21.2,101.7
2024-05-25 03:00:34.586,21.2,101.7
2024-05-25 03:00:42.849,21.2,101.7
2024-05-25 03:00:51.182,21.2,101.7
2024-05-25 03:00:59.253,21.2,101.7
2024-05-25 03:01:07.590,21.2,101.7
2024-05-25 03:01:15.579,21.1,101.7
2024-05-25 03:01:23.839,21.2,101.7
2024-05-25 03:01:31.969,21.1,101.7
2024-05-25 03:01:40.231,21.2,101.7
2024-05-25 03:01:48.397,21.2,101.7
2024-05-25 03:01:56.607,21.2,101.7
2024-05-25 03:02:04.685,21.3,101.7
2024-05-25 03:02:12.620,21.1,101.7
2024-05-25 03:02:20.846,21.1,101.7
2024-05-25 03:02:29.093,21.1,101.7
2024-05-25 03:02:37.126,21.1,101.7
2024-05-25 03:02:45.340,21.2,101.7
2024-05-25 03:02:53.559,21.2,101.7
2024-05-25 03:03:01.697,21.3,101.7
2024-05-25 03:03:09.860,21.3,101.7
2024-05-25 03:03:17.996,21.3,101.7
2024-05-25 03:03:26.101,21.2,101.7
2024-05-25 03:03:34.208,21.3,101.7
2024-05-25 03:03:42.470,21.3,101.7
2024-05-25 03:03:50.438,21.3,101.7
2024-05-25 03:03:58.598,21.3,101.7
2024-05-25 03:04:06.695,21.2,101.7
2024-05-25 03:04:14.765,21.2,101.7
2024-05-25 03:04:22.876,21.2,101.7
2024-05-25 03:04:30.974,21.2,101.7
2024-05-25 03:04:39.225,21.1,101.7
2024-05-25 03:04:47.326,21.2,101.7
2024-05-25 03:04:55.425,21.2,101.7
2024-05-25 03:05:03.573,21.2,101.7
2024-05-25 03:05:11.657,21.2,101.7
2024-05-25 03:05:19.791,21.3,101.7
2024-05-25 03:05:28.011,21.1,101.7
2024-05-25 03:05:36.092,21.1,101.7
2024-05-25 03:05:44.195,21.1,101.7
2024-05-25 03:05:52.317,21.1,101.7
2024-05-25 03:06:00.347,21.2,101.7
2024-05-25 03:06:08.720,21.2,101.7
2024-05-25 03:06:16.906,21.3,101.7
2024-05-25 03:06:25.143,21.2,101.7
2024-05-25 03:06:33.253,21.2,101.7
2024-05-25 03:06:41.395,21.1,101.7
2024-05-25 03:06:49.451,21.2,101.7
2024-05-25 03:06:57.514,21.2,101.7
2024-05-25 03:07:05.706,21.2,101.7
2024-05-25 03:07:13.896,21.2,101.7
2024-05-25 03:07:22.088,21.1,101.7
2024-05-25 03:07:30.078,21.2,101.7
2024-05-25 03:07:38.313,21.1,101.7
2024-05-25 03:07:46.454,21.2,101.7
2024-05-25 03:07:54.702,21.2,101.7
2024-05-25 03:08:02.782,21.3,101.7
2024-05-25 03:08:10.778,21.3,101.7
2024-05-25 03:08:18.927,21.3,101.7
2024-05-25 03:08:27.109,21.3,101.7
2024-05-25 03:08:35.300,21.2,101.7
2024-05-25 03:08:43.546,21.2,101.7
2024-05-25 03:08:51.639,21.3,101.7
2024-05-25 03:08:59.759,21.3,101.7
2024-05-25 03:09:07.952,21.3,101.7
2024-05-25 03:09:16.039,21.2,101.7
2024-05-25 03:09:24.209,21.3,101.7
2024-05-25 03:09:32.415,21.3,101.7
2024-05-25 03:09:40.513,21.2,101.7
2024-05-25 03:09:48.556,21.2,101.7
2024-05-25 03:09:56.725,21.2,101.7
2024-05-25 03:10:04.638,21.2,101.7
2024-05-25 03:10:12.837,21.2,101.7
2024-05-25 03:10:21.008,21.2,101.7
2024-05-25 03:10:29.215,21.2,101.7
2024-05-25 03:10:37.442,21.1,101.7
2024-05-25 03:10:45.643,21.2,101.7
2024-05-25 03:10:53.734,21.2,101.7
2024-05-25 03:11:01.951,21.2,101.7
2024-05-25 03:11:10.128,21.2,101.7
2024-05-25 03:11:18.294,21.3,101.7
2024-05-25 03:11:26.519,21.3,101.7
2024-05-25 03:11:34.721,21.3,101.7
2024-05-25 03:11:42.634,21.3,101.7
2024-05-25 03:11:50.844,21.3,101.7
2024-05-25 03:11:59.029,21.3,101.7
2024-05-25 03:12:07.118,21.3,101.7
2024-05-25 03:12:15.319,21.4,101.7
2024-05-25 03:12:23.464,21.2,101.7
2024-05-25 03:12:31.816,21.2,101.7
2024-05-25 03:12:40.020,21.2,101.7
2024-05-25 03:12:48.031,21.2,101.7
2024-05-25 03:12:56.199,21.2,101.7
2024-05-25 03:13:04.365,21.3,101.7
2024-05-25 03:13:12.410,21.2,101.7
2024-05-25 03:13:20.477,21.1,101.7
2024-05-25 03:13:28.512,21.2,101.7
2024-05-25 03:13:36.637,21.1,101.7
2024-05-25 03:13:44.771,21.2,101.7
2024-05-25 03:13:52.783,21.2,101.7
2024-05-25 03:14:00.954,21.1,101.7
2024-05-25 03:14:09.098,21.1,101.7
2024-05-25 03:14:17.194,21.2,101.7
2024-05-25 03:14:25.414,21.2,101.7
2024-05-25 03:14:33.512,21.1,101.7
2024-05-25 03:14:41.763,21.1,101.7
2024-05-25 03:14:49.928,21.2,101.7
2024-05-25 03:14:58.233,21.2,101.7
2024-05-25 03:15:06.423,21.2,101.7
2024-05-25 03:15:14.615,21.2,101.7
2024-05-25 03:15:22.781,21.3,101.7
2024-05-25 03:15:30.891,21.3,101.7
2024-05-25 03:15:39.063,21.2,101.7
2024-05-25 03:15:47.272,21.3,101.7
2024-05-25 03:15:55.452,21.2,101.7
2024-05-25 03:16:03.545,21.2,101.7
2024-05-25 03:16:11.718,21.2,101.7
2024-05-25 03:16:20.053,21.1,101.7
2024-05-25 03:16:28.243,21.1,101.7
2024-05-25 03:16:36.459,21.1,101.7
2024-05-25 03:16:44.596,21.1,101.7
2024-05-25 03:16:52.834,21.1,101.7
2024-05-25 03:17:00.908,21.3,101.7
2024-05-25 03:17:09.035,21.3,101.7
2024-05-25 03:17:17.109,21.2,101.7
2024-05-25 03:17:25.325,21.2,101.7
2024-05-25 03:17:33.445,21.2,101.7
2024-05-25 03:17:41.538,21.2,101.7
2024-05-25 03:17:49.770,21.1,101.7
2024-05-25 03:17:57.876,21.2,101.7
2024-05-25 03:18:06.048,21.1,101.7
2024-05-25 03:18:14.187,21.1,101.7
2024-05-25 03:18:22.146,21.1,101.7
2024-05-25 03:18:30.301,21.1,101.7
2024-05-25 03:18:38.294,21.0,101.7
2024-05-25 03:18:46.376,21.2,101.7
2024-05-25 03:18:54.594,21.2,101.7
2024-05-25 03:19:02.803,21.2,101.7
2024-05-25 03:19:10.990,21.2,101.7
2024-05-25 03:19:19.014,21.2,101.7
2024-05-25 03:19:27.185,21.2,101.7
2024-05-25 03:19:35.264,21.2,101.7
2024-05-25 03:19:43.392,21.2,101.7
2024-05-25 03:19:51.533,21.3,101.7
2024-05-25 03:19:59.547,21.4,101.7
2024-05-25 03:20:07.748,21.4,101.7
2024-05-25 03:20:15.744,21.4,101.7
2024-05-25 03:20:23.954,21.2,101.7
2024-05-25 03:20:32.119,21.1,101.7
2024-05-25 03:20:40.253,21.2,101.7
2024-05-25 03:20:48.529,21.1,101.7
2024-05-25 03:20:56.701,21.1,101.7
2024-05-25 03:21:04.817,21.1,101.7
2024-05-25 03:21:12.886,21.2,101.7
2024-05-25 03:21:20.968,21.1,101.7
2024-05-25 03:21:29.180,21.2,101.7
2024-05-25 03:21:37.272,21.2,101.7
2024-05-25 03:21:45.554,21.1,101.7
2024-05-25 03:21:53.594,21.1,101.7
2024-05-25 03:22:01.717,21.2,101.7
2024-05-25 03:22:09.898,21.2,101.7
2024-05-25 03:22:18.215,21.1,101.7
2024-05-25 03:22:26.305,21.1,101.7
2024-05-25 03:22:34.601,21.1,101.7
2024-05-25 03:22:42.835,21.1,101.7
2024-05-25 03:22:50.954,21.2,101.7
2024-05-25 03:22:59.020,21.2,101.7
2024-05-25 03:23:07.219,21.2,101.7
2024-05-25 03:23:15.356,21.3,101.7
2024-05-25 03:23:23.491,21.3,101.7
2024-05-25 03:23:31.650,21.2,101.7
2024-05-25 03:23:39.691,21.2,101.7
2024-05-25 03:23:47.849,21.3,101.7
2024-05-25 03:23:55.972,21.3,101.7
2024-05-25 03:24:04.076,21.2,101.7
2024-05-25 03:24:12.102,21.1,101.7
2024-05-25 03:24:20.483,21.1,101.7
2024-05-25 03:24:28.584,21.2,101.7
2024-05-25 03:24:36.682,21.1,101.7
2024-05-25 03:24:44.804,21.2,101.7
2024-05-25 03:24:52.914,21.2,101.7
2024-05-25 03:25:00.917,21.1,101.7
2024-05-25 03:25:09.037,21.2,101.7
2024-05-25 03:25:17.128,21.0,101.7
2024-05-25 03:25:25.166,21.1,101.7
2024-05-25 03:25:33.283,21.1,101.7
2024-05-25 03:25:41.365,21.0,101.7
2024-05-25 03:25:49.444,21.1,101.7
2024-05-25 03:25:57.678,21.1,101.7
2024-05-25 03:26:05.821,21.2,101.7
2024-05-25 03:26:13.879,21.1,101.7
2024-05-25 03:26:22.021,21.1,101.7
2024-05-25 03:26:30.166,21.0,101.7
2024-05-25 03:26:38.472,21.1,101.7
2024-05-25 03:26:46.515,21.1,101.7
2024-05-25 03:26:54.688,21.1,101.7
2024-05-25 03:27:02.727,21.0,101.7
2024-05-25 03:27:10.869,21.2,101.7
2024-05-25 03:27:19.117,21.2,101.7
2024-05-25 03:27:27.220,21.2,101.7
2024-05-25 03:27:35.305,21.2,101.7
2024-05-25 03:27:43.427,21.2,101.7
2024-05-25 03:27:51.635,21.2,101.7
2024-05-25 03:27:59.772,21.3,101.7
2024-05-25 03:28:07.748,21.3,101.7
2024-05-25 03:28:15.941,21.3,101.7
2024-05-25 03:28:24.051,21.2,101.7
2024-05-25 03:28:32.323,21.2,101.7
2024-05-25 03:28:40.480,21.2,101.7
2024-05-25 03:28:48.846,21.2,101.7
2024-05-25 03:28:56.859,21.2,101.7
2024-05-25 03:29:04.944,21.1,101.7
2024-05-25 03:29:13.073,21.2,101.7
2024-05-25 03:29:21.134,21.2,101.7
2024-05-25 03:29:29.373,21.2,101.7
2024-05-25 03:29:37.549,21.3,101.7
2024-05-25 03:29:45.700,21.2,101.7
2024-05-25 03:29:53.853,21.2,101.7
2024-05-25 03:30:01.975,21.1,101.7
2024-05-25 03:30:10.180,21.1,101.7
2024-05-25 03:30:18.513,21.1,101.7
2024-05-25 03:30:26.683,21.2,101.7
2024-05-25 03:30:34.721,21.3,101.7
2024-05-25 03:30:42.909,21.3,101.7
2024-05-25 03:30:51.072,21.2,101.7
2024-05-25 03:30:59.292,21.3,101.7
2024-05-25 03:31:07.427,21.2,101.7
2024-05-25 03:31:15.548,21.1,101.7
2024-05-25 03:31:23.704,21.1,101.7
2024-05-25 03:31:31.844,21.1,101.7
2024-05-25 03:31:39.996,21.0,101.7
2024-05-25 03:31:48.227,21.1,101.7
2024-05-25 03:31:56.222,21.1,101.7
2024-05-25 03:32:04.409,21.0,101.7
2024-05-25 03:32:12.473,21.2,101.7
2024-05-25 03:32:20.627,21.1,101.7
2024-05-25 03:32:28.837,21.2,101.7
2024-05-25 03:32:36.916,21.2,101.7
2024-05-25 03:32:45.162,21.3,101.7
2024-05-25 03:32:53.279,21.2,101.7
2024-05-25 03:33:01.430,21.2,101.7
2024-05-25 03:33:09.724,21.2,101.7
2024-05-25 03:33:17.695,21.3,101.7
2024-05-25 03:33:25.837,21.3,101.7
2024-05-25 03:33:33.908,21.3,101.7
2024-05-25 03:33:42.062,21.2,101.7
2024-05-25 03:33:49.994,21.2,101.7
2024-05-25 03:33:58.015,21.2,101.7
2024-05-25 03:34:06.105,21.1,101.7
2024-05-25 03:34:14.225,21.2,101.7
2024-05-25 03:34:22.441,21.1,101.7
2024-05-25 03:34:30.667,21.1,101.7
2024-05-25 03:34:38.874,21.2,101.7
2024-05-25 03:34:46.923,21.2,101.7
2024-05-25 03:34:54.897,21.3,101.7
2024-05-25 03:35:02.947,21.3,101.7
2024-05-25 03:35:11.040,21.3,101.7
2024-05-25 03:35:18.962,21.3,101.7
2024-05-25 03:35:27.098,21.3,101.7
2024-05-25 03:35:35.165,21.3,101.7
2024-05-25 03:35:43.416,21.2,101.7
2024-05-25 03:35:51.538,21.3,101.7
2024-05-25 03:35:59.586,21.3,101.7
2024-05-25 03:36:07.656,21.3,101.7
2024-05-25 03:36:15.972,21.2,101.7
2024-05-25 03:36:24.008,21.1,101.7
2024-05-25 03:36:32.118,21.1,101.7
2024-05-25 03:36:40.400,21.0,101.7
2024-05-25 03:36:48.409,21.0,101.7
2024-05-25 03:36:56.435,21.0,101.7
2024-05-25 03:37:04.425,21.1,101.7
2024-05-25 03:37:12.410,21.1,101.7
2024-05-25 03:37:20.445,21.2,101.7
2024-05-25 03:37:28.555,21.2,101.7
2024-05-25 03:37:36.577,21.3,101.7
2024-05-25 03:37:44.865,21.3,101.7
2024-05-25 03:37:52.929,21.3,101.7
2024-05-25 03:38:01.218,21.3,101.7
2024-05-25 03:38:09.329,21.3,101.7
2024-05-25 03:38:17.294,21.3,101.7
2024-05-25 03:38:25.582,21.4,101.7
2024-05-25 03:38:33.572,21.2,101.7
2024-05-25 03:38:41.725,21.2,101.7
2024-05-25 03:38:49.881,21.3,101.7
2024-05-25 03:38:57.952,21.4,101.7
2024-05-25 03:39:06.138,21.3,101.7
2024-05-25 03:39:14.400,21.1,101.7
2024-05-25 03:39:22.377,21.1,101.7
2024-05-25 03:39:30.416,21.0,101.7
2024-05-25 03:39:38.516,21.0,101.7
2024-05-25 03:39:46.635,21.1,101.7
2024-05-25 03:39:54.888,21.1,101.7
2024-05-25 03:40:02.947,21.1,101.7
2024-05-25 03:40:11.033,21.0,101.7
2024-05-25 03:40:19.111,21.1,101.7
2024-05-25 03:40:27.013,21.2,101.7
2024-05-25 03:40:35.067,21.3,101.7
2024-05-25 03:40:43.181,21.2,101.7
2024-05-25 03:40:51.432,21.3,101.7
2024-05-25 03:40:59.505,21.2,101.7
2024-05-25 03:41:07.639,21.2,101.7
2024-05-25 03:41:15.894,21.2,101.7
2024-05-25 03:41:24.023,21.2,101.7
2024-05-25 03:41:32.014,21.2,101.7
2024-05-25 03:41:40.283,21.2,101.7
2024-05-25 03:41:48.343,21.2,101.7
2024-05-25 03:41:56.464,21.2,101.7
2024-05-25 03:42:04.643,21.2,101.7
2024-05-25 03:42:12.956,21.2,101.7
2024-05-25 03:42:21.176,21.2,101.7
2024-05-25 03:42:29.385,21.2,101.7
2024-05-25 03:42:37.547,21.2,101.7
2024-05-25 03:42:45.626,21.2,101.7
2024-05-25 03:42:53.692,21.2,101.7
2024-05-25 03:43:01.662,21.2,101.7
2024-05-25 03:43:09.852,21.2,101.7
2024-05-25 03:43:18.042,21.2,101.7
2024-05-25 03:43:26.227,21.1,101.7
2024-05-25 03:43:34.459,21.1,101.7
2024-05-25 03:43:42.473,21.1,101.7
2024-05-25 03:43:50.660,21.1,101.7
2024-05-25 03:43:58.809,21.1,101.7
2024-05-25 03:44:06.868,21.2,101.7
2024-05-25 03:44:15.041,21.1,101.7
2024-05-25 03:44:23.101,21.2,101.7
2024-05-25 03:44:31.315,21.2,101.7
2024-05-25 03:44:39.487,21.2,101.7
2024-05-25 03:44:47.682,21.2,101.7
2024-05-25 03:44:55.789,21.2,101.7
2024-05-25 03:45:03.896,21.3,101.7
2024-05-25 03:45:11.971,21.2,101.7
2024-05-25 03:45:20.180,21.2,101.7
2024-05-25 03:45:28.471,21.2,101.7
2024-05-25 03:45:36.590,21.2,101.7
2024-05-25 03:45:44.664,21.2,101.7
2024-05-25 03:45:52.781,21.2,101.7
2024-05-25 03:46:01.049,21.1,101.7
2024-05-25 03:46:09.134,21.2,101.7
2024-05-25 03:46:17.301,21.2,101.7
2024-05-25 03:46:25.430,21.1,101.7
2024-05-25 03:46:33.378,21.2,101.7
2024-05-25 03:46:41.480,21.1,101.7
2024-05-25 03:46:49.671,21.1,101.7
2024-05-25 03:46:57.734,21.1,101.7
2024-05-25 03:47:06.014,21.2,101.7
2024-05-25 03:47:14.138,21.2,101.7
2024-05-25 03:47:22.291,21.2,101.7
2024-05-25 03:47:30.480,21.3,101.7
2024-05-25 03:47:38.611,21.3,101.7
2024-05-25 03:47:46.882,21.2,101.7
2024-05-25 03:47:55.165,21.3,101.7
2024-05-25 03:48:03.167,21.1,101.7
2024-05-25 03:48:11.411,21.1,101.7
2024-05-25 03:48:18.583,21.2,101.7
2024-05-25 03:48:25.903,21.2,101.7
2024-05-25 03:48:33.312,21.2,101.7
2024-05-25 03:48:40.487,21.2,101.7
2024-05-25 03:48:47.694,21.3,101.7
2024-05-25 03:48:55.108,21.2,101.7
2024-05-25 03:49:02.356,21.2,101.7
2024-05-25 03:49:09.499,21.2,101.7
2024-05-25 03:49:16.727,21.3,101.7
2024-05-25 03:49:24.117,21.3,101.7
2024-05-25 03:49:31.282,21.3,101.7
2024-05-25 03:49:38.604,21.2,101.7
2024-05-25 03:49:45.659,21.1,101.7
2024-05-25 03:49:53.050,21.2,101.7
2024-05-25 03:50:00.323,21.1,101.7
2024-05-25 03:50:07.601,21.2,101.7
2024-05-25 03:50:14.918,21.2,101.7
2024-05-25 03:50:22.184,21.1,101.7
2024-05-25 03:50:29.559,21.1,101.7
2024-05-25 03:50:36.878,21.0,101.7
2024-05-25 03:50:44.003,21.0,101.7
2024-05-25 03:50:51.264,21.0,101.7
2024-05-25 03:50:58.359,20.9,101.7
2024-05-25 03:51:05.512,21.1,101.7
2024-05-25 03:51:12.808,21.2,101.7
2024-05-25 03:51:20.043,21.2,101.7
2024-05-25 03:51:27.380,21.3,101.7
2024-05-25 03:51:34.673,21.2,101.7
2024-05-25 03:51:42.022,21.0,101.7
2024-05-25 03:51:49.293,21.0,101.7
2024-05-25 03:51:56.569,21.1,101.7
2024-05-25 03:52:03.886,21.1,101.7
2024-05-25 03:52:11.039,21.2,101.7
2024-05-25 03:52:18.004,21.2,101.7
2024-05-25 03:52:25.263,21.3,101.7
2024-05-25 03:52:32.493,21.2,101.7
2024-05-25 03:52:39.767,21.3,101.7
2024-05-25 03:52:46.963,21.2,101.7
2024-05-25 03:52:54.287,21.1,101.7
2024-05-25 03:53:01.648,21.2,101.7
2024-05-25 03:53:08.811,21.1,101.7
2024-05-25 03:53:15.996,21.1,101.7
2024-05-25 03:53:23.191,21.1,101.7
2024-05-25 03:53:30.524,21.1,101.7
2024-05-25 03:53:37.762,21.1,101.7
2024-05-25 03:53:45.134,21.1,101.7
2024-05-25 03:53:52.369,21.0,101.7
2024-05-25 03:53:59.600,21.0,101.7
2024-05-25 03:54:06.857,21.1,101.7
2024-05-25 03:54:14.249,21.2,101.7
2024-05-25 03:54:21.610,21.1,101.7
2024-05-25 03:54:28.737,21.1,101.7
2024-05-25 03:54:35.963,21.1,101.7
2024-05-25 03:54:43.327,21.1,101.7
2024-05-25 03:54:50.487,21.1,101.7
2024-05-25 03:54:57.834,21.1,101.7
2024-05-25 03:55:04.970,21.1,101.7
2024-05-25 03:55:12.205,21.2,101.7
2024-05-25 03:55:19.498,21.1,101.7
2024-05-25 03:55:26.750,21.2,101.7
2024-05-25 03:55:34.022,21.2,101.7
2024-05-25 03:55:41.271,21.2,101.7
2024-05-25 03:55:48.459,21.2,101.7
2024-05-25 03:55:55.663,21.1,101.7
2024-05-25 03:56:02.887,21.2,101.7
2024-05-25 03:56:10.143,21.1,101.7
2024-05-25 03:56:17.431,21.2,101.7
2024-05-25 03:56:24.659,21.2,101.7
2024-05-25 03:56:31.904,21.2,101.7
2024-05-25 03:56:39.119,21.2,101.7
2024-05-25 03:56:46.473,21.2,101.7
2024-05-25 03:56:53.563,21.2,101.7
2024-05-25 03:57:00.897,21.2,101.7
2024-05-25 03:57:08.260,21.2,101.7
2024-05-25 03:57:15.498,21.2,101.7
2024-05-25 03:57:22.750,21.2,101.7
2024-05-25 03:57:30.063,21.2,101.7
2024-05-25 03:57:37.275,21.2,101.7
2024-05-25 03:57:44.525,21.2,101.7
2024-05-25 03:57:51.660,21.2,101.7
2024-05-25 03:57:58.968,21.1,101.7
2024-05-25 03:58:06.228,21.1,101.7
2024-05-25 03:58:13.548,21.1,101.7
2024-05-25 03:58:20.831,21.2,101.7
2024-05-25 03:58:28.085,21.1,101.7
2024-05-25 03:58:35.275,21.1,101.7
2024-05-25 03:58:42.334,21.3,101.7
2024-05-25 03:58:49.642,21.2,101.7
2024-05-25 03:58:56.829,21.1,101.7
2024-05-25 03:59:04.087,21.2,101.7
2024-05-25 03:59:11.415,21.2,101.7
2024-05-25 03:59:18.578,21.1,101.7
2024-05-25 03:59:25.722,21.1,101.7
2024-05-25 03:59:33.144,21.2,101.7
2024-05-25 03:59:40.406,21.1,101.7
2024-05-25 03:59:47.754,21.2,101.7
2024-05-25 03:59:54.915,21.2,101.7
2024-05-25 04:00:02.102,21.2,101.7
2024-05-25 04:00:09.520,21.3,101.7
2024-05-25 04:00:16.601,21.3,101.7
2024-05-25 04:00:23.885,21.2,101.7
2024-05-25 04:00:31.216,21.2,101.7
2024-05-25 04:00:38.416,21.3,101.7
2024-05-25 04:00:45.664,21.3,101.7
2024-05-25 04:00:52.883,21.2,101.7
2024-05-25 04:01:00.077,21.1,101.7
2024-05-25 04:01:07.434,21.2,101.7
2024-05-25 04:01:14.565,21.1,101.7
2024-05-25 04:01:21.790,21.2,101.7
2024-05-25 04:01:29.209,21.1,101.7
2024-05-25 04:01:36.483,21.1,101.7
2024-05-25 04:01:43.664,21.2,101.7
2024-05-25 04:01:50.794,21.2,101.7
2024-05-25 04:01:58.092,21.2,101.7
2024-05-25 04:02:05.352,21.1,101.7
2024-05-25 04:02:12.460,21.2,101.7
2024-05-25 04:02:19.735,21.1,101.7
2024-05-25 04:02:26.816,21.1,101.7
2024-05-25 04:02:34.132,21.2,101.7
2024-05-25 04:02:41.444,21.2,101.7
2024-05-25 04:02:48.704,21.2,101.7
2024-05-25 04:02:55.970,21.1,101.7
2024-05-25 04:03:03.203,21.1,101.7
2024-05-25 04:03:10.553,21.0,101.7
2024-05-25 04:03:17.741,21.1,101.7
2024-05-25 04:03:25.019,21.1,101.7
2024-05-25 04:03:32.359,21.1,101.7
2024-05-25 04:03:39.694,21.1,101.7
2024-05-25 04:03:46.980,21.2,101.7
2024-05-25 04:03:54.113,21.2,101.7
2024-05-25 04:04:01.492,21.3,101.7
2024-05-25 04:04:08.788,21.3,101.7
2024-05-25 04:04:16.099,21.3,101.7
2024-05-25 04:04:23.396,21.3,101.7
2024-05-25 04:04:30.690,21.2,101.7
2024-05-25 04:04:37.992,21.2,101.7
2024-05-25 04:04:45.289,21.2,101.7
2024-05-25 04:04:52.480,21.2,101.7
2024-05-25 04:04:59.808,21.2,101.7
2024-05-25 04:05:07.008,21.1,101.7
2024-05-25 04:05:14.203,21.1,101.7
2024-05-25 04:05:21.574,21.2,101.7
2024-05-25 04:05:28.854,21.1,101.7
2024-05-25 04:05:36.076,21.1,101.7
2024-05-25 04:05:43.370,21.1,101.7
2024-05-25 04:05:50.654,21.3,101.7
2024-05-25 04:05:58.048,21.3,101.7
2024-05-25 04:06:05.332,21.2,101.7
2024-05-25 04:06:12.651,21.3,101.7
2024-05-25 04:06:19.983,21.3,101.7
2024-05-25 04:06:27.172,21.3,101.7
2024-05-25 04:06:34.408,21.4,101.7
2024-05-25 04:06:41.705,21.4,101.7
2024-05-25 04:06:48.996,21.2,101.7
2024-05-25 04:06:56.263,21.1,101.7
2024-05-25 04:07:03.508,21.1,101.7
2024-05-25 04:07:10.713,21.2,101.7
2024-05-25 04:07:17.985,21.1,101.7
2024-05-25 04:07:25.216,21.2,101.7
2024-05-25 04:07:32.577,21.2,101.7
2024-05-25 04:07:39.751,21.2,101.7
2024-05-25 04:07:47.074,21.2,101.7
2024-05-25 04:07:54.199,21.2,101.7
2024-05-25 04:08:01.631,21.1,101.7
2024-05-25 04:08:08.857,21.0,101.7
2024-05-25 04:08:16.057,21.1,101.7
2024-05-25 04:08:23.368,21.2,101.7
2024-05-25 04:08:30.694,21.2,101.7
2024-05-25 04:08:37.888,21.2,101.7
2024-05-25 04:08:45.095,21.1,101.7
2024-05-25 04:08:52.254,21.2,101.7
2024-05-25 04:08:59.682,21.3,101.7
2024-05-25 04:09:07.137,21.2,101.7
2024-05-25 04:09:14.383,21.2,101.7
2024-05-25 04:09:21.675,21.2,101.7
2024-05-25 04:09:28.896,21.3,101.7
2024-05-25 04:09:36.127,21.2,101.7
2024-05-25 04:09:43.442,21.1,101.7
2024-05-25 04:09:50.695,21.1,101.7
2024-05-25 04:09:58.003,21.0,101.7
2024-05-25 04:10:05.100,21.0,101.7
2024-05-25 04:10:12.281,21.1,101.7
2024-05-25 04:10:19.478,21.2,101.7
2024-05-25 04:10:26.725,21.2,101.7
2024-05-25 04:10:33.980,21.2,101.7
2024-05-25 04:10:41.351,21.3,101.7
2024-05-25 04:10:48.557,21.1,101.7
2024-05-25 04:10:55.867,21.2,101.7
2024-05-25 04:11:03.281,21.2,101.7
2024-05-25 04:11:10.550,21.2,101.7
2024-05-25 04:11:17.873,21.1,101.7
2024-05-25 04:11:25.140,21.2,101.7
2024-05-25 04:11:32.396,21.3,101.7
2024-05-25 04:11:39.814,21.2,101.7
2024-05-25 04:11:46.939,21.2,101.7
2024-05-25 04:11:54.286,21.1,101.7
2024-05-25 04:12:01.581,21.2,101.7
2024-05-25 04:12:08.879,21.3,101.7
2024-05-25 04:12:16.339,21.2,101.7
2024-05-25 04:12:23.818,21.2,101.7
2024-05-25 04:12:31.056,21.2,101.7
2024-05-25 04:12:38.087,21.2,101.7
2024-05-25 04:12:45.462,21.2,101.7
2024-05-25 04:12:52.750,21.2,101.7
2024-05-25 04:13:00.062,21.1,101.7
2024-05-25 04:13:07.320,21.1,101.7
2024-05-25 04:13:14.335,21.2,101.7
2024-05-25 04:13:21.685,21.2,101.7
2024-05-25 04:13:28.923,21.2,101.7
2024-05-25 04:13:36.211,21.2,101.7
2024-05-25 04:13:43.515,21.0,101.7
2024-05-25 04:13:50.842,21.0,101.7
2024-05-25 04:13:58.221,21.0,101.7
2024-05-25 04:14:05.329,21.1,101.7
2024-05-25 04:14:12.637,21.2,101.7
2024-05-25 04:14:19.897,21.2,101.7
2024-05-25 04:14:27.252,21.1,101.7
2024-05-25 04:14:34.630,21.1,101.7
2024-05-25 04:14:41.822,21.1,101.7
2024-05-25 04:14:49.123,21.1,101.7
2024-05-25 04:14:56.419,21.1,101.7
2024-05-25 04:15:03.703,21.1,101.7
2024-05-25 04:15:10.907,21.0,101.7
2024-05-25 04:15:18.269,21.0,101.7
2024-05-25 04:15:25.481,21.0,101.7
2024-05-25 04:15:32.727,21.0,101.7
2024-05-25 04:15:40.001,21.1,101.7
2024-05-25 04:15:47.212,21.1,101.7
2024-05-25 04:15:54.515,21.1,101.7
2024-05-25 04:16:01.736,21.1,101.7
2024-05-25 04:16:09.113,21.0,101.7
2024-05-25 04:16:16.462,21.1,101.7
2024-05-25 04:16:23.743,21.1,101.7
2024-05-25 04:16:30.890,21.2,101.7
2024-05-25 04:16:38.175,21.3,101.7
2024-05-25 04:16:45.406,21.2,101.7
2024-05-25 04:16:52.755,21.2,101.7
2024-05-25 04:16:59.961,21.3,101.7
2024-05-25 04:17:07.401,21.2,101.7
2024-05-25 04:17:14.622,21.3,101.7
2024-05-25 04:17:22.011,21.2,101.7
2024-05-25 04:17:29.191,21.3,101.7
2024-05-25 04:17:36.324,21.3,101.7
2024-05-25 04:17:43.569,21.3,101.7
2024-05-25 04:17:50.814,21.3,101.7
2024-05-25 04:17:57.870,21.2,101.7
2024-05-25 04:18:05.173,21.2,101.7
2024-05-25 04:18:12.591,21.2,101.7
2024-05-25 04:18:19.791,21.2,101.7
2024-05-25 04:18:27.170,21.2,101.7
2024-05-25 04:18:34.353,21.2,101.7
2024-05-25 04:18:41.648,21.2,101.7
2024-05-25 04:18:48.949,21.1,101.7
2024-05-25 04:18:56.315,21.1,101.7
2024-05-25 04:19:03.579,21.0,101.7
2024-05-25 04:19:11.058,21.1,101.7
2024-05-25 04:19:18.349,21.2,101.7
2024-05-25 04:19:25.632,21.2,101.7
2024-05-25 04:19:32.848,21.2,101.7
2024-05-25 04:19:40.281,21.2,101.7
2024-05-25 04:19:47.625,21.1,101.7
2024-05-25 04:19:54.743,21.2,101.7
2024-05-25 04:20:02.039,21.2,101.7
2024-05-25 04:20:09.333,21.2,101.7
2024-05-25 04:20:16.583,21.2,101.7
2024-05-25 04:20:23.961,21.2,101.7
2024-05-25 04:20:31.340,21.1,101.7
2024-05-25 04:20:38.663,21.2,101.7
2024-05-25 04:20:45.948,21.0,101.7
2024-05-25 04:20:53.337,21.0,101.7
2024-05-25 04:21:00.744,21.0,101.7
2024-05-25 04:21:08.014,20.9,101.7
2024-05-25 04:21:15.446,21.0,101.7
2024-05-25 04:21:22.763,20.9,101.7
2024-05-25 04:21:30.068,21.0,101.7
2024-05-25 04:21:37.411,21.0,101.7
2024-05-25 04:21:44.603,21.0,101.7
2024-05-25 04:21:51.937,21.0,101.7
2024-05-25 04:21:59.198,21.2,101.7
2024-05-25 04:22:06.380,21.1,101.7
2024-05-25 04:22:13.621,21.2,101.7
2024-05-25 04:22:20.958,21.1,101.7
2024-05-25 04:22:28.198,21.1,101.7
2024-05-25 04:22:35.329,21.1,101.7
2024-05-25 04:22:42.651,21.2,101.7
2024-05-25 04:22:49.842,21.3,101.7
2024-05-25 04:22:57.268,21.3,101.7
2024-05-25 04:23:04.723,21.3,101.7
2024-05-25 04:23:12.042,21.3,101.7
2024-05-25 04:23:19.359,21.2,101.7
2024-05-25 04:23:26.795,21.2,101.7
2024-05-25 04:23:34.043,21.2,101.7
2024-05-25 04:23:41.324,21.2,101.7
2024-05-25 04:23:48.623,21.2,101.7
2024-05-25 04:23:55.988,21.2,101.7
2024-05-25 04:24:03.327,21.2,101.7
2024-05-25 04:24:10.607,21.2,101.7
2024-05-25 04:24:17.916,21.2,101.7
2024-05-25 04:24:25.196,21.3,101.7
2024-05-25 04:24:32.316,21.2,101.7
2024-05-25 04:24:39.746,21.2,101.7
2024-05-25 04:24:47.014,21.1,101.7
2024-05-25 04:24:54.468,21.1,101.7
2024-05-25 04:25:01.736,21.2,101.7
2024-05-25 04:25:09.207,21.2,101.7
2024-05-25 04:25:16.543,21.2,101.7
2024-05-25 04:25:23.604,21.3,101.7
2024-05-25 04:25:31.006,21.2,101.7
2024-05-25 04:25:38.385,21.2,101.7
2024-05-25 04:25:45.755,21.3,101.7
2024-05-25 04:25:53.170,21.3,101.7
2024-05-25 04:26:00.476,21.3,101.7
2024-05-25 04:26:07.916,21.3,101.7
2024-05-25 04:26:15.278,21.3,101.7
2024-05-25 04:26:22.579,21.3,101.7
2024-05-25 04:26:29.784,21.3,101.7
2024-05-25 04:26:37.158,21.3,101.7
2024-05-25 04:26:44.362,21.3,101.7
2024-05-25 04:26:51.642,21.3,101.7
2024-05-25 04:26:58.784,21.3,101.7
2024-05-25 04:27:06.062,21.2,101.7
2024-05-25 04:27:13.423,21.2,101.7
2024-05-25 04:27:20.722,21.1,101.7
2024-05-25 04:27:27.987,21.1,101.7
2024-05-25 04:27:35.383,21.2,101.7
2024-05-25 04:27:42.608,21.3,101.7
2024-05-25 04:27:49.801,21.3,101.7
2024-05-25 04:27:57.169,21.2,101.7
2024-05-25 04:28:04.305,21.2,101.7
2024-05-25 04:28:11.552,21.2,101.7
2024-05-25 04:28:18.864,21.2,101.7
2024-05-25 04:28:26.329,21.2,101.7
2024-05-25 04:28:33.544,21.2,101.7
2024-05-25 04:28:40.944,21.1,101.7
2024-05-25 04:28:48.041,21.1,101.7
2024-05-25 04:28:55.298,21.2,101.7
2024-05-25 04:29:02.418,21.1,101.7
2024-05-25 04:29:09.931,21.2,101.7
2024-05-25 04:29:17.148,21.4,101.7
2024-05-25 04:29:24.247,21.3,101.7
2024-05-25 04:29:31.636,21.2,101.7
2024-05-25 04:29:38.869,21.3,101.7
2024-05-25 04:29:46.117,21.2,101.7
2024-05-25 04:29:53.440,21.2,101.7
2024-05-25 04:30:00.721,21.1,101.7
2024-05-25 04:30:08.005,21.1,101.7
2024-05-25 04:30:15.198,21.2,101.7
2024-05-25 04:30:22.557,21.2,101.7
2024-05-25 04:30:29.654,21.1,101.7
2024-05-25 04:30:37.026,21.2,101.7
2024-05-25 04:30:44.192,21.2,101.7
2024-05-25 04:30:51.503,21.2,101.7
2024-05-25 04:30:58.701,21.1,101.7
2024-05-25 04:31:06.093,21.1,101.7
2024-05-25 04:31:13.376,21.1,101.7
2024-05-25 04:31:20.554,21.2,101.7
2024-05-25 04:31:27.900,21.2,101.7
2024-05-25 04:31:35.193,21.2,101.7
2024-05-25 04:31:42.449,21.3,101.7
2024-05-25 04:31:49.909,21.2,101.7
2024-05-25 04:31:57.175,21.2,101.7
2024-05-25 04:32:04.579,21.2,101.7
2024-05-25 04:32:11.913,21.1,101.7
2024-05-25 04:32:19.311,21.1,101.7
2024-05-25 04:32:26.641,21.1,101.7
2024-05-25 04:32:33.803,21.2,101.7
2024-05-25 04:32:41.086,21.3,101.7
2024-05-25 04:32:48.426,21.3,101.7
2024-05-25 04:32:55.592,21.2,101.7
2024-05-25 04:33:02.890,21.3,101.7
2024-05-25 04:33:10.184,21.2,101.7
2024-05-25 04:33:17.547,21.2,101.7
2024-05-25 04:33:24.822,21.2,101.7
2024-05-25 04:33:32.182,21.3,101.7
2024-05-25 04:33:39.634,21.2,101.7
2024-05-25 04:33:46.777,21.2,101.7
2024-05-25 04:33:54.270,21.2,101.7
2024-05-25 04:34:01.578,21.3,101.7
2024-05-25 04:34:08.902,21.3,101.7
2024-05-25 04:34:16.260,21.3,101.7
2024-05-25 04:34:23.604,21.3,101.7
2024-05-25 04:34:30.891,21.2,101.7
2024-05-25 04:34:38.178,21.2,101.7
2024-05-25 04:34:45.362,21.3,101.7
2024-05-25 04:34:52.835,21.2,101.7
2024-05-25 04:35:00.149,21.1,101.7
2024-05-25 04:35:07.403,21.2,101.7
2024-05-25 04:35:14.720,21.2,101.7
2024-05-25 04:35:22.044,21.2,101.7
2024-05-25 04:35:29.288,21.2,101.7
2024-05-25 04:35:36.622,21.2,101.7
2024-05-25 04:35:43.777,21.2,101.7
2024-05-25 04:35:50.948,21.3,101.7
2024-05-25 04:35:58.284,21.3,101.7
2024-05-25 04:36:05.482,21.2,101.7
2024-05-25 04:36:12.716,21.3,101.7
2024-05-25 04:36:19.984,21.2,101.7
2024-05-25 04:36:27.377,21.2,101.7
2024-05-25 04:36:34.796,21.2,101.7
2024-05-25 04:36:42.174,21.2,101.7
2024-05-25 04:36:49.466,21.3,101.7
2024-05-25 04:36:56.910,21.2,101.7
2024-05-25 04:37:04.236,21.2,101.7
2024-05-25 04:37:11.616,21.1,101.7
2024-05-25 04:37:18.925,21.1,101.7
2024-05-25 04:37:26.359,21.1,101.7
2024-05-25 04:37:33.702,21.1,101.7
2024-05-25 04:37:41.076,21.2,101.7
2024-05-25 04:37:48.293,21.3,101.7
2024-05-25 04:37:55.608,21.2,101.7
2024-05-25 04:38:03.002,21.2,101.7
2024-05-25 04:38:10.262,21.3,101.7
2024-05-25 04:38:17.314,21.3,101.7
2024-05-25 04:38:24.693,21.3,101.7
2024-05-25 04:38:32.096,21.4,101.7
2024-05-25 04:38:39.319,21.3,101.7
2024-05-25 04:38:46.744,21.2,101.7
2024-05-25 04:38:54.051,21.3,101.7
2024-05-25 04:39:01.273,21.4,101.7
2024-05-25 04:39:08.624,21.3,101.7
2024-05-25 04:39:16.011,21.2,101.7
2024-05-25 04:39:23.278,21.2,101.7
2024-05-25 04:39:30.499,21.2,101.7
2024-05-25 04:39:37.669,21.2,101.7
2024-05-25 04:39:45.117,21.2,101.7
2024-05-25 04:39:52.426,21.2,101.7
2024-05-25 04:39:59.558,21.1,101.7
2024-05-25 04:40:06.975,21.2,101.7
2024-05-25 04:40:14.280,21.2,101.7
2024-05-25 04:40:21.653,21.2,101.7
2024-05-25 04:40:28.998,21.1,101.7
2024-05-25 04:40:36.025,21.0,101.7
2024-05-25 04:40:43.408,21.1,101.7
2024-05-25 04:40:50.610,21.1,101.7
2024-05-25 04:40:57.804,21.1,101.7
2024-05-25 04:41:05.052,21.1,101.7
2024-05-25 04:41:12.323,21.1,101.7
2024-05-25 04:41:19.669,21.3,101.7
2024-05-25 04:41:27.014,21.2,101.7
2024-05-25 04:41:34.367,21.2,101.7
2024-05-25 04:41:41.700,21.3,101.7
2024-05-25 04:41:48.968,21.3,101.7
2024-05-25 04:41:56.451,21.2,101.7
2024-05-25 04:42:03.761,21.2,101.7
2024-05-25 04:42:11.167,21.2,101.7
2024-05-25 04:42:18.490,21.2,101.7
2024-05-25 04:42:25.826,21.1,101.7
2024-05-25 04:42:33.223,21.2,101.7
2024-05-25 04:42:40.537,21.2,101.7
2024-05-25 04:42:47.919,21.3,101.7
2024-05-25 04:42:55.112,21.3,101.7
2024-05-25 04:43:02.515,21.3,101.7
2024-05-25 04:43:09.737,21.3,101.7
2024-05-25 04:43:17.063,21.3,101.7
2024-05-25 04:43:24.252,21.2,101.7
2024-05-25 04:43:31.640,21.2,101.7
2024-05-25 04:43:38.980,21.2,101.7
2024-05-25 04:43:46.400,21.2,101.7
2024-05-25 04:43:53.616,21.2,101.7
2024-05-25 04:44:00.942,21.2,101.7
2024-05-25 04:44:08.148,21.3,101.7
2024-05-25 04:44:15.481,21.1,101.7
2024-05-25 04:44:22.772,21.2,101.7
2024-05-25 04:44:30.087,21.2,101.7
2024-05-25 04:44:37.346,21.2,101.7
2024-05-25 04:44:44.509,21.2,101.7
2024-05-25 04:44:51.994,21.3,101.7
2024-05-25 04:44:59.185,21.2,101.7
2024-05-25 04:45:06.525,21.2,101.7
2024-05-25 04:45:13.952,21.3,101.7
2024-05-25 04:45:21.417,21.2,101.7
2024-05-25 04:45:28.634,21.2,101.7
2024-05-25 04:45:36.030,21.2,101.7
2024-05-25 04:45:43.379,21.3,101.7
2024-05-25 04:45:50.700,21.3,101.7
2024-05-25 04:45:58.053,21.2,101.7
2024-05-25 04:46:05.391,21.2,101.7
2024-05-25 04:46:12.697,21.2,101.7
2024-05-25 04:46:20.006,21.1,101.7
2024-05-25 04:46:27.363,21.2,101.7
2024-05-25 04:46:34.640,21.2,101.7
2024-05-25 04:46:42.061,21.1,101.7
2024-05-25 04:46:49.315,21.1,101.7
2024-05-25 04:46:56.593,21.1,101.7
2024-05-25 04:47:03.911,21.2,101.7
2024-05-25 04:47:11.003,21.2,101.7
2024-05-25 04:47:18.389,21.2,101.7
2024-05-25 04:47:25.642,21.2,101.7
2024-05-25 04:47:32.976,21.2,101.7
2024-05-25 04:47:40.301,21.1,101.7
2024-05-25 04:47:47.550,21.2,101.7
2024-05-25 04:47:55.026,21.2,101.7
2024-05-25 04:48:02.427,21.2,101.7
2024-05-25 04:48:09.847,21.2,101.7
2024-05-25 04:48:17.141,21.1,101.7
2024-05-25 04:48:24.689,21.2,101.7
2024-05-25 04:48:31.999,21.3,101.7
2024-05-25 04:48:39.158,21.3,101.7
2024-05-25 04:48:46.443,21.2,101.7
2024-05-25 04:48:53.875,21.2,101.7
2024-05-25 04:49:01.176,21.3,101.7
2024-05-25 04:49:08.480,21.3,101.7
2024-05-25 04:49:15.789,21.2,101.7
2024-05-25 04:49:22.946,21.3,101.7
2024-05-25 04:49:30.103,21.3,101.7
2024-05-25 04:49:37.506,21.4,101.7
2024-05-25 04:49:44.847,21.4,101.7
2024-05-25 04:49:51.985,21.4,101.7
2024-05-25 04:49:59.236,21.4,101.7
2024-05-25 04:50:06.545,21.4,101.7
2024-05-25 04:50:13.730,21.3,101.7
2024-05-25 04:50:21.000,21.3,101.7
2024-05-25 04:50:28.262,21.2,101.7
2024-05-25 04:50:35.597,21.3,101.7
2024-05-25 04:50:42.849,21.3,101.7
2024-05-25 04:50:50.229,21.3,101.7
2024-05-25 04:50:57.446,21.2,101.7
2024-05-25 04:51:04.736,21.2,101.7
2024-05-25 04:51:11.954,21.3,101.7
2024-05-25 04:51:19.227,21.2,101.7
2024-05-25 04:51:26.652,21.3,101.7
2024-05-25 04:51:34.051,21.3,101.7
2024-05-25 04:51:41.425,21.2,101.7
2024-05-25 04:51:48.831,21.3,101.7
2024-05-25 04:51:56.284,21.2,101.7
2024-05-25 04:52:03.554,21.1,101.7
2024-05-25 04:52:10.875,21.1,101.7
2024-05-25 04:52:18.283,21.2,101.7
2024-05-25 04:52:25.524,21.1,101.7
2024-05-25 04:52:32.970,21.1,101.7
2024-05-25 04:52:40.216,21.1,101.7
2024-05-25 04:52:47.620,21.1,101.7
2024-05-25 04:52:54.919,21.2,101.7
2024-05-25 04:53:02.243,21.1,101.7
2024-05-25 04:53:09.680,21.1,101.7
2024-05-25 04:53:17.027,21.2,101.7
2024-05-25 04:53:24.297,21.1,101.7
2024-05-25 04:53:31.588,21.1,101.7
2024-05-25 04:53:38.869,21.1,101.7
2024-05-25 04:53:46.257,21.1,101.7
2024-05-25 04:53:53.524,21.2,101.7
2024-05-25 04:54:00.957,21.2,101.7
2024-05-25 04:54:08.239,21.2,101.7
2024-05-25 04:54:15.598,21.2,101.7
2024-05-25 04:54:22.983,21.3,101.7
2024-05-25 04:54:30.151,21.2,101.7
2024-05-25 04:54:37.486,21.2,101.7
2024-05-25 04:54:44.867,21.2,101.7
2024-05-25 04:54:52.115,21.2,101.7
2024-05-25 04:54:59.462,21.1,101.7
2024-05-25 04:55:06.723,21.1,101.7
2024-05-25 04:55:14.056,21.1,101.7
2024-05-25 04:55:21.465,21.1,101.7
2024-05-25 04:55:28.841,21.1,101.7
2024-05-25 04:55:35.946,21.1,101.7
2024-05-25 04:55:43.323,21.1,101.7
2024-05-25 04:55:50.744,21.2,101.7
2024-05-25 04:55:58.054,21.2,101.7
2024-05-25 04:56:05.275,21.1,101.7
2024-05-25 04:56:12.473,21.2,101.7
2024-05-25 04:56:19.692,21.2,101.7
2024-05-25 04:56:27.178,21.3,101.7
2024-05-25 04:56:34.513,21.4,101.7
2024-05-25 04:56:41.805,21.4,101.7
2024-05-25 04:56:49.105,21.3,101.7
2024-05-25 04:56:56.510,21.4,101.7
2024-05-25 04:57:03.858,21.4,101.7
2024-05-25 04:57:11.079,21.4,101.7
2024-05-25 04:57:18.406,21.3,101.7
2024-05-25 04:57:25.771,21.2,101.7
2024-05-25 04:57:33.014,21.3,101.7
2024-05-25 04:57:40.483,21.3,101.7
2024-05-25 04:57:47.884,21.2,101.7
2024-05-25 04:57:55.275,21.2,101.7
2024-05-25 04:58:02.530,21.2,101.7
2024-05-25 04:58:09.936,21.2,101.7
2024-05-25 04:58:17.091,21.2,101.7
2024-05-25 04:58:24.370,21.2,101.7
2024-05-25 04:58:31.564,21.2,101.7
2024-05-25 04:58:38.845,21.3,101.7
2024-05-25 04:58:46.159,21.2,101.7
2024-05-25 04:58:53.401,21.1,101.7
2024-05-25 04:59:00.650,21.1,101.7
2024-05-25 04:59:07.911,21.2,101.7
2024-05-25 04:59:15.288,21.1,101.7
2024-05-25 04:59:22.530,21.1,101.7
2024-05-25 04:59:29.814,21.3,101.7
2024-05-25 04:59:37.065,21.2,101.7
2024-05-25 04:59:44.262,21.2,101.7
2024-05-25 04:59:51.535,21.2,101.7
2024-05-25 04:59:58.822,21.2,101.7
2024-05-25 05:00:06.190,21.2,101.7
2024-05-25 05:00:13.475,21.2,101.7
2024-05-25 05:00:20.839,21.2,101.7
2024-05-25 05:00:28.193,21.1,101.7
2024-05-25 05:00:35.547,21.2,101.7
2024-05-25 05:00:42.930,21.2,101.7
2024-05-25 05:00:50.264,21.2,101.7
2024-05-25 05:00:57.558,21.2,101.7
2024-05-25 05:01:04.916,21.2,101.7
2024-05-25 05:01:12.158,21.3,101.7
2024-05-25 05:01:19.376,21.3,101.7
2024-05-25 05:01:26.706,21.3,101.7
2024-05-25 05:01:34.001,21.3,101.7
2024-05-25 05:01:41.227,21.3,101.7
2024-05-25 05:01:48.569,21.3,101.7
2024-05-25 05:01:55.886,21.3,101.7
2024-05-25 05:02:03.087,21.3,101.7
2024-05-25 05:02:10.568,21.2,101.7
2024-05-25 05:02:17.934,21.3,101.7
2024-05-25 05:02:25.357,21.2,101.7
2024-05-25 05:02:32.636,21.2,101.7
2024-05-25 05:02:39.986,21.3,101.7
2024-05-25 05:02:47.305,21.2,101.7
2024-05-25 05:02:54.595,21.3,101.7
2024-05-25 05:03:01.995,21.2,101.7
2024-05-25 05:03:09.415,21.2,101.7
2024-05-25 05:03:16.748,21.3,101.7
2024-05-25 05:03:24.123,21.3,101.7
2024-05-25 05:03:31.531,21.3,101.7
2024-05-25 05:03:38.615,21.3,101.7
2024-05-25 05:03:45.903,21.2,101.7
2024-05-25 05:03:53.219,21.2,101.7
2024-05-25 05:04:00.426,21.3,101.7
2024-05-25 05:04:07.699,21.3,101.7
2024-05-25 05:04:15.054,21.3,101.7
2024-05-25 05:04:22.382,21.3,101.7
2024-05-25 05:04:29.726,21.3,101.7
2024-05-25 05:04:37.103,21.4,101.7
2024-05-25 05:04:44.374,21.3,101.7
2024-05-25 05:04:51.621,21.2,101.7
2024-05-25 05:04:59.032,21.3,101.7
2024-05-25 05:05:06.467,21.4,101.7
2024-05-25 05:05:13.854,21.3,101.7
2024-05-25 05:05:21.149,21.2,101.7
2024-05-25 05:05:28.565,21.3,101.7
2024-05-25 05:05:35.948,21.3,101.7
2024-05-25 05:05:43.203,21.3,101.7
2024-05-25 05:05:50.672,21.2,101.7
2024-05-25 05:05:58.100,21.3,101.7
2024-05-25 05:06:05.480,21.3,101.7
2024-05-25 05:06:12.787,21.3,101.7
2024-05-25 05:06:20.209,21.3,101.7
2024-05-25 05:06:27.508,21.3,101.7
2024-05-25 05:06:34.865,21.2,101.7
2024-05-25 05:06:42.307,21.2,101.7
2024-05-25 05:06:49.708,21.2,101.7
2024-05-25 05:06:57.186,21.2,101.7
2024-05-25 05:07:04.365,21.1,101.7
2024-05-25 05:07:11.697,21.1,101.7
2024-05-25 05:07:18.903,21.1,101.7
2024-05-25 05:07:26.101,21.1,101.7
2024-05-25 05:07:33.409,21.1,101.7
2024-05-25 05:07:40.637,21.1,101.7
2024-05-25 05:07:47.961,21.2,101.7
2024-05-25 05:07:55.229,21.2,101.7
2024-05-25 05:08:02.531,21.2,101.7
2024-05-25 05:08:09.850,21.2,101.7
2024-05-25 05:08:17.190,21.2,101.7
2024-05-25 05:08:24.527,21.2,101.7
2024-05-25 05:08:31.903,21.3,101.7
2024-05-25 05:08:39.100,21.3,101.7
2024-05-25 05:08:46.570,21.2,101.7
2024-05-25 05:08:53.868,21.3,101.7
2024-05-25 05:09:01.026,21.2,101.7
2024-05-25 05:09:08.307,21.2,101.7
2024-05-25 05:09:15.555,21.1,101.7
2024-05-25 05:09:22.747,21.2,101.7
2024-05-25 05:09:30.045,21.2,101.7
2024-05-25 05:09:37.174,21.2,101.7
2024-05-25 05:09:44.366,21.2,101.7
2024-05-25 05:09:51.835,21.1,101.7
2024-05-25 05:09:59.174,21.1,101.7
2024-05-25 05:10:06.625,21.2,101.7
2024-05-25 05:10:14.042,21.2,101.7
2024-05-25 05:10:21.311,21.3,101.7
2024-05-25 05:10:28.556,21.3,101.7
2024-05-25 05:10:35.822,21.4,101.7
2024-05-25 05:10:43.106,21.4,101.7
2024-05-25 05:10:50.474,21.4,101.7
2024-05-25 05:10:57.798,21.3,101.7
2024-05-25 05:11:05.110,21.3,101.7
2024-05-25 05:11:12.370,21.3,101.7
2024-05-25 05:11:19.740,21.3,101.7
2024-05-25 05:11:26.880,21.3,101.7
2024-05-25 05:11:34.038,21.3,101.7
2024-05-25 05:11:41.400,21.3,101.7
2024-05-25 05:11:48.665,21.3,101.7
2024-05-25 05:11:55.989,21.3,101.7
2024-05-25 05:12:03.529,21.4,101.7
2024-05-25 05:12:10.925,21.4,101.7
2024-05-25 05:12:18.039,21.4,101.7
2024-05-25 05:12:25.398,21.3,101.7
2024-05-25 05:12:32.701,21.3,101.7
2024-05-25 05:12:39.952,21.3,101.7
2024-05-25 05:12:47.216,21.2,101.7
2024-05-25 05:12:54.501,21.2,101.7
2024-05-25 05:13:01.801,21.3,101.7
2024-05-25 05:13:09.094,21.4,101.7
2024-05-25 05:13:16.340,21.2,101.7
2024-05-25 05:13:23.618,21.2,101.7
2024-05-25 05:13:31.014,21.2,101.7
2024-05-25 05:13:38.227,21.3,101.7
2024-05-25 05:13:45.688,21.3,101.7
2024-05-25 05:13:53.012,21.3,101.7
2024-05-25 05:14:00.232,21.3,101.7
2024-05-25 05:14:07.535,21.2,101.7
2024-05-25 05:14:14.854,21.3,101.7
2024-05-25 05:14:22.154,21.4,101.7
2024-05-25 05:14:29.563,21.4,101.7
2024-05-25 05:14:36.788,21.4,101.7
2024-05-25 05:14:44.088,21.4,101.7
2024-05-25 05:14:51.369,21.4,101.7
2024-05-25 05:14:58.780,21.4,101.7
2024-05-25 05:15:05.923,21.4,101.7
2024-05-25 05:15:13.208,21.3,101.7
2024-05-25 05:15:20.416,21.3,101.7
2024-05-25 05:15:27.770,21.3,101.7
2024-05-25 05:15:35.164,21.2,101.7
2024-05-25 05:15:42.462,21.3,101.7
2024-05-25 05:15:49.904,21.3,101.7
2024-05-25 05:15:57.255,21.4,101.7
2024-05-25 05:16:04.568,21.3,101.7
2024-05-25 05:16:11.791,21.3,101.7
2024-05-25 05:16:19.139,21.4,101.7
2024-05-25 05:16:26.350,21.3,101.7
2024-05-25 05:16:33.650,21.4,101.7
2024-05-25 05:16:40.929,21.5,101.7
2024-05-25 05:16:48.216,21.4,101.7
2024-05-25 05:16:55.620,21.3,101.7
2024-05-25 05:17:02.739,21.3,101.7
2024-05-25 05:17:10.022,21.2,101.7
2024-05-25 05:17:17.409,21.1,101.7
2024-05-25 05:17:24.527,21.1,101.7
2024-05-25 05:17:31.926,21.2,101.7
2024-05-25 05:17:39.296,21.3,101.7
2024-05-25 05:17:46.569,21.4,101.7
2024-05-25 05:17:53.876,21.3,101.7
2024-05-25 05:18:01.244,21.4,101.7
2024-05-25 05:18:08.602,21.4,101.7
2024-05-25 05:18:15.871,21.4,101.7
2024-05-25 05:18:23.128,21.3,101.7
2024-05-25 05:18:30.374,21.3,101.7
2024-05-25 05:18:37.684,21.2,101.7
2024-05-25 05:18:45.145,21.3,101.7
2024-05-25 05:18:52.282,21.2,101.7
2024-05-25 05:18:59.592,21.2,101.7
2024-05-25 05:19:06.766,21.2,101.7
2024-05-25 05:19:14.206,21.3,101.7
2024-05-25 05:19:21.552,21.3,101.7
2024-05-25 05:19:29.016,21.3,101.7
2024-05-25 05:19:36.334,21.4,101.7
2024-05-25 05:19:43.664,21.4,101.7
2024-05-25 05:19:50.946,21.3,101.7
2024-05-25 05:19:58.331,21.2,101.7
2024-05-25 05:20:05.560,21.3,101.7
2024-05-25 05:20:12.877,21.2,101.7
2024-05-25 05:20:20.165,21.3,101.7
2024-05-25 05:20:27.362,21.4,101.7
2024-05-25 05:20:34.805,21.4,101.7
2024-05-25 05:20:42.107,21.4,101.7
2024-05-25 05:20:49.442,21.3,101.7
2024-05-25 05:20:56.728,21.2,101.7
2024-05-25 05:21:04.145,21.2,101.7
2024-05-25 05:21:11.469,21.1,101.7
2024-05-25 05:21:18.710,21.3,101.7
2024-05-25 05:21:25.972,21.4,101.7
2024-05-25 05:21:33.161,21.4,101.7
2024-05-25 05:21:40.549,21.2,101.7
2024-05-25 05:21:47.860,21.3,101.7
2024-05-25 05:21:55.153,21.3,101.7
2024-05-25 05:22:02.387,21.3,101.7
2024-05-25 05:22:09.779,21.3,101.7
2024-05-25 05:22:17.094,21.4,101.7
2024-05-25 05:22:24.295,21.4,101.7
2024-05-25 05:22:31.671,21.5,101.7
2024-05-25 05:22:39.013,21.5,101.7
2024-05-25 05:22:46.159,21.5,101.7
2024-05-25 05:22:53.338,21.4,101.7
2024-05-25 05:23:00.602,21.4,101.7
2024-05-25 05:23:07.791,21.4,101.7
2024-05-25 05:23:15.115,21.3,101.7
2024-05-25 05:23:22.344,21.3,101.7
2024-05-25 05:23:29.659,21.3,101.7
2024-05-25 05:23:37.124,21.3,101.7
2024-05-25 05:23:44.401,21.4,101.7
2024-05-25 05:23:51.722,21.4,101.7
2024-05-25 05:23:58.932,21.4,101.7
2024-05-25 05:24:06.205,21.3,101.7
2024-05-25 05:24:13.542,21.4,101.7
2024-05-25 05:24:20.746,21.3,101.7
2024-05-25 05:24:28.105,21.3,101.7
2024-05-25 05:24:35.328,21.3,101.7
2024-05-25 05:24:42.679,21.4,101.7
2024-05-25 05:24:50.029,21.4,101.7
2024-05-25 05:24:57.252,21.3,101.7
2024-05-25 05:25:04.493,21.3,101.7
2024-05-25 05:25:11.764,21.4,101.7
2024-05-25 05:25:19.140,21.3,101.7
2024-05-25 05:25:26.482,21.3,101.7
2024-05-25 05:25:33.794,21.2,101.7
2024-05-25 05:25:41.085,21.3,101.7
2024-05-25 05:25:48.441,21.4,101.7
2024-05-25 05:25:55.678,21.4,101.7
2024-05-25 05:26:03.044,21.5,101.7
2024-05-25 05:26:10.329,21.4,101.7
2024-05-25 05:26:17.638,21.4,101.7
2024-05-25 05:26:24.976,21.4,101.7
2024-05-25 05:26:32.289,21.4,101.7
2024-05-25 05:26:39.473,21.4,101.7
2024-05-25 05:26:46.842,21.4,101.7
2024-05-25 05:26:54.184,21.3,101.7
2024-05-25 05:27:01.392,21.3,101.7
2024-05-25 05:27:08.626,21.3,101.7
2024-05-25 05:27:15.837,21.3,101.7
2024-05-25 05:27:23.327,21.3,101.7
2024-05-25 05:27:30.639,21.3,101.7
2024-05-25 05:27:38.040,21.3,101.7
2024-05-25 05:27:45.432,21.2,101.7
2024-05-25 05:27:52.671,21.3,101.7
2024-05-25 05:27:59.971,21.4,101.7
2024-05-25 05:28:07.274,21.4,101.7
2024-05-25 05:28:14.617,21.4,101.7
2024-05-25 05:28:21.802,21.4,101.7
2024-05-25 05:28:29.035,21.3,101.7
2024-05-25 05:28:36.360,21.4,101.7
2024-05-25 05:28:43.663,21.5,101.7
2024-05-25 05:28:51.038,21.4,101.7
2024-05-25 05:28:58.289,21.3,101.7
2024-05-25 05:29:05.739,21.3,101.7
2024-05-25 05:29:12.919,21.4,101.7
2024-05-25 05:29:20.384,21.4,101.7
2024-05-25 05:29:27.737,21.4,101.7
2024-05-25 05:29:35.083,21.4,101.7
2024-05-25 05:29:42.382,21.4,101.7
2024-05-25 05:29:49.794,21.4,101.7
2024-05-25 05:29:57.296,21.4,101.7
2024-05-25 05:30:04.546,21.4,101.7
2024-05-25 05:30:11.774,21.3,101.7
2024-05-25 05:30:19.169,21.4,101.7
2024-05-25 05:30:26.547,21.4,101.7
2024-05-25 05:30:33.858,21.3,101.7
2024-05-25 05:30:41.054,21.4,101.7
2024-05-25 05:30:48.302,21.3,101.7
2024-05-25 05:30:55.458,21.3,101.7
2024-05-25 05:31:02.742,21.4,101.7
2024-05-25 05:31:09.919,21.4,101.7
2024-05-25 05:31:17.227,21.4,101.7
2024-05-25 05:31:24.497,21.3,101.7
2024-05-25 05:31:31.810,21.3,101.7
2024-05-25 05:31:39.208,21.3,101.7
2024-05-25 05:31:46.582,21.4,101.7
2024-05-25 05:31:54.059,21.3,101.7
2024-05-25 05:32:01.432,21.4,101.7
2024-05-25 05:32:08.743,21.4,101.7
2024-05-25 05:32:16.000,21.3,101.7
2024-05-25 05:32:23.394,21.5,101.7
2024-05-25 05:32:30.707,21.4,101.7
2024-05-25 05:32:37.938,21.4,101.7
2024-05-25 05:32:45.112,21.3,101.7
2024-05-25 05:32:52.306,21.2,101.7
2024-05-25 05:32:59.790,21.3,101.7
2024-05-25 05:33:06.962,21.4,101.7
2024-05-25 05:33:14.320,21.3,101.7
2024-05-25 05:33:21.676,21.3,101.7
2024-05-25 05:33:29.097,21.4,101.7
2024-05-25 05:33:36.381,21.4,101.7
2024-05-25 05:33:43.740,21.4,101.7
2024-05-25 05:33:50.930,21.4,101.7
2024-05-25 05:33:58.213,21.3,101.7
2024-05-25 05:34:05.533,21.3,101.7
2024-05-25 05:34:12.778,21.2,101.7
2024-05-25 05:34:20.093,21.2,101.7
2024-05-25 05:34:27.475,21.2,101.7
2024-05-25 05:34:34.919,21.2,101.7
2024-05-25 05:34:42.142,21.3,101.7
2024-05-25 05:34:49.373,21.3,101.7
2024-05-25 05:34:56.740,21.4,101.7
2024-05-25 05:35:04.126,21.4,101.7
2024-05-25 05:35:11.420,21.3,101.7
2024-05-25 05:35:18.639,21.4,101.7
2024-05-25 05:35:26.096,21.4,101.7
2024-05-25 05:35:33.221,21.4,101.7
2024-05-25 05:35:40.443,21.4,101.7
2024-05-25 05:35:47.741,21.5,101.7
2024-05-25 05:35:55.013,21.4,101.7
2024-05-25 05:36:02.486,21.4,101.7
2024-05-25 05:36:09.788,21.4,101.7
2024-05-25 05:36:17.016,21.3,101.7
2024-05-25 05:36:24.350,21.3,101.7
2024-05-25 05:36:31.612,21.3,101.7
2024-05-25 05:36:38.791,21.3,101.7
2024-05-25 05:36:46.025,21.3,101.7
2024-05-25 05:36:53.207,21.3,101.7
2024-05-25 05:37:00.522,21.3,101.7
2024-05-25 05:37:07.873,21.2,101.7
2024-05-25 05:37:15.233,21.2,101.7
2024-05-25 05:37:22.544,21.2,101.7
2024-05-25 05:37:29.727,21.4,101.7
2024-05-25 05:37:37.055,21.4,101.7
2024-05-25 05:37:44.311,21.3,101.7
2024-05-25 05:37:51.603,21.4,101.7
2024-05-25 05:37:58.905,21.4,101.7
2024-05-25 05:38:06.177,21.4,101.7
2024-05-25 05:38:13.482,21.4,101.7
2024-05-25 05:38:20.747,21.3,101.7
2024-05-25 05:38:28.313,21.3,101.7
2024-05-25 05:38:35.616,21.2,101.7
2024-05-25 05:38:42.889,21.3,101.7
2024-05-25 05:38:50.303,21.4,101.7
2024-05-25 05:38:57.726,21.3,101.7
2024-05-25 05:39:04.994,21.3,101.7
2024-05-25 05:39:12.264,21.4,101.7
2024-05-25 05:39:19.593,21.4,101.7
2024-05-25 05:39:26.944,21.3,101.7
2024-05-25 05:39:34.256,21.3,101.7
2024-05-25 05:39:41.609,21.3,101.7
2024-05-25 05:39:49.006,21.2,101.7
2024-05-25 05:39:56.413,21.2,101.7
2024-05-25 05:40:03.720,21.3,101.7
2024-05-25 05:40:11.039,21.2,101.7
2024-05-25 05:40:18.467,21.2,101.7
2024-05-25 05:40:25.873,21.3,101.7
2024-05-25 05:40:33.253,21.2,101.7
2024-05-25 05:40:40.570,21.2,101.7
2024-05-25 05:40:47.825,21.3,101.7
2024-05-25 05:40:55.075,21.4,101.7
2024-05-25 05:41:02.343,21.4,101.7
2024-05-25 05:41:09.672,21.3,101.7
2024-05-25 05:41:16.979,21.3,101.7
2024-05-25 05:41:24.323,21.2,101.7
2024-05-25 05:41:31.645,21.3,101.7
2024-05-25 05:41:38.795,21.3,101.7
2024-05-25 05:41:46.137,21.4,101.7
2024-05-25 05:41:53.527,21.3,101.7
2024-05-25 05:42:00.960,21.3,101.7
2024-05-25 05:42:08.205,21.3,101.7
2024-05-25 05:42:15.655,21.4,101.7
2024-05-25 05:42:22.956,21.3,101.7
2024-05-25 05:42:30.349,21.3,101.7
2024-05-25 05:42:37.655,21.3,101.7
2024-05-25 05:42:44.999,21.4,101.7
2024-05-25 05:42:52.305,21.4,101.7
2024-05-25 05:42:59.617,21.4,101.7
2024-05-25 05:43:06.973,21.4,101.7
2024-05-25 05:43:14.300,21.4,101.7
2024-05-25 05:43:21.612,21.5,101.7
2024-05-25 05:43:28.832,21.4,101.7
2024-05-25 05:43:36.275,21.4,101.7
2024-05-25 05:43:43.531,21.3,101.7
2024-05-25 05:43:50.935,21.3,101.7
2024-05-25 05:43:58.209,21.4,101.7
2024-05-25 05:44:05.478,21.2,101.7
2024-05-25 05:44:12.827,21.4,101.7
2024-05-25 05:44:20.173,21.4,101.7
2024-05-25 05:44:27.552,21.4,101.7
2024-05-25 05:44:34.773,21.4,101.7
2024-05-25 05:44:42.044,21.4,101.7
2024-05-25 05:44:49.318,21.4,101.7
2024-05-25 05:44:56.450,21.5,101.7
2024-05-25 05:45:03.860,21.4,101.7
2024-05-25 05:45:11.153,21.4,101.7
2024-05-25 05:45:18.470,21.5,101.7
2024-05-25 05:45:25.783,21.4,101.7
2024-05-25 05:45:33.216,21.4,101.7
2024-05-25 05:45:40.427,21.5,101.7
2024-05-25 05:45:47.771,21.4,101.7
2024-05-25 05:45:55.102,21.3,101.7
2024-05-25 05:46:02.458,21.4,101.7
2024-05-25 05:46:09.765,21.3,101.7
2024-05-25 05:46:17.148,21.3,101.7
2024-05-25 05:46:24.405,21.3,101.7
2024-05-25 05:46:31.718,21.4,101.7
2024-05-25 05:46:38.994,21.4,101.7
2024-05-25 05:46:46.365,21.4,101.7
2024-05-25 05:46:53.678,21.3,101.7
2024-05-25 05:47:00.999,21.2,101.7
2024-05-25 05:47:08.162,21.2,101.7
2024-05-25 05:47:15.589,21.2,101.7
2024-05-25 05:47:23.023,21.3,101.7
2024-05-25 05:47:30.411,21.3,101.7
2024-05-25 05:47:37.703,21.3,101.7
2024-05-25 05:47:45.013,21.4,101.7
2024-05-25 05:47:52.367,21.3,101.7
2024-05-25 05:47:59.525,21.4,101.7
2024-05-25 05:48:06.863,21.3,101.7
2024-05-25 05:48:14.591,21.3,101.7
2024-05-25 05:48:23.417,21.2,101.7
2024-05-25 05:48:32.169,21.4,101.7
2024-05-25 05:48:40.795,21.4,101.7
2024-05-25 05:48:49.468,21.4,101.7
2024-05-25 05:48:58.285,21.4,101.7
2024-05-25 05:49:07.011,21.5,101.7
2024-05-25 05:49:15.649,21.5,101.7
2024-05-25 05:49:24.351,21.4,101.7
2024-05-25 05:49:33.033,21.4,101.7
2024-05-25 05:49:41.754,21.3,101.7
2024-05-25 05:49:50.466,21.3,101.7
2024-05-25 05:49:59.143,21.4,101.7
2024-05-25 05:50:07.754,21.4,101.7
2024-05-25 05:50:16.468,21.4,101.7
2024-05-25 05:50:25.124,21.4,101.7
2024-05-25 05:50:33.822,21.4,101.7
2024-05-25 05:50:42.570,21.4,101.7
2024-05-25 05:50:51.236,21.3,101.7
2024-05-25 05:51:00.049,21.3,101.7
2024-05-25 05:51:08.817,21.4,101.7
2024-05-25 05:51:17.463,21.4,101.7
2024-05-25 05:51:26.213,21.5,101.7
2024-05-25 05:51:34.893,21.4,101.7
2024-05-25 05:51:43.673,21.3,101.7
2024-05-25 05:51:52.480,21.4,101.7
2024-05-25 05:52:01.259,21.4,101.7
2024-05-25 05:52:09.920,21.3,101.7
2024-05-25 05:52:18.669,21.3,101.7
2024-05-25 05:52:27.259,21.3,101.7
2024-05-25 05:52:35.924,21.4,101.7
2024-05-25 05:52:44.694,21.3,101.7
2024-05-25 05:52:53.459,21.4,101.7
2024-05-25 05:53:02.264,21.3,101.7
2024-05-25 05:53:11.075,21.3,101.7
2024-05-25 05:53:19.908,21.3,101.7
2024-05-25 05:53:28.541,21.4,101.7
2024-05-25 05:53:37.104,21.4,101.7
2024-05-25 05:53:45.961,21.5,101.7
2024-05-25 05:53:54.572,21.4,101.7
2024-05-25 05:54:03.336,21.3,101.7
2024-05-25 05:54:12.031,21.4,101.7
2024-05-25 05:54:20.856,21.4,101.7
2024-05-25 05:54:29.528,21.4,101.7
2024-05-25 05:54:38.150,21.4,101.7
2024-05-25 05:54:46.852,21.5,101.7
2024-05-25 05:54:55.488,21.4,101.7
2024-05-25 05:55:04.265,21.5,101.7
2024-05-25 05:55:13.075,21.5,101.7
2024-05-25 05:55:21.854,21.4,101.7
2024-05-25 05:55:30.459,21.4,101.7
2024-05-25 05:55:39.214,21.3,101.7
2024-05-25 05:55:47.811,21.4,101.7
2024-05-25 05:55:56.556,21.4,101.7
2024-05-25 05:56:05.445,21.4,101.7
2024-05-25 05:56:14.156,21.4,101.7
2024-05-25 05:56:22.751,21.4,101.7
2024-05-25 05:56:31.448,21.4,101.7
2024-05-25 05:56:40.268,21.4,101.7
2024-05-25 05:56:48.919,21.5,101.7
2024-05-25 05:56:57.685,21.5,101.7
2024-05-25 05:57:06.436,21.5,101.7
2024-05-25 05:57:15.195,21.5,101.7
2024-05-25 05:57:23.973,21.4,101.7
2024-05-25 05:57:32.717,21.5,101.7
2024-05-25 05:57:41.402,21.4,101.7
2024-05-25 05:57:50.067,21.4,101.7
2024-05-25 05:57:58.808,21.4,101.7
2024-05-25 05:58:07.516,21.4,101.7
2024-05-25 05:58:16.321,21.4,101.7
2024-05-25 05:58:25.123,21.5,101.7
2024-05-25 05:58:33.986,21.3,101.7
2024-05-25 05:58:42.775,21.3,101.7
2024-05-25 05:58:51.487,21.4,101.7
2024-05-25 05:58:59.962,21.4,101.7
2024-05-25 05:59:08.559,21.4,101.7
2024-05-25 05:59:17.183,21.3,101.7
2024-05-25 05:59:25.956,21.3,101.7
2024-05-25 05:59:34.727,21.4,101.7
2024-05-25 05:59:43.515,21.4,101.7
2024-05-25 05:59:52.184,21.4,101.7
2024-05-25 06:00:00.822,21.4,101.7
2024-05-25 06:00:09.536,21.4,101.7
2024-05-25 06:00:18.219,21.4,101.7
2024-05-25 06:00:26.897,21.4,101.7
2024-05-25 06:00:35.631,21.3,101.7
2024-05-25 06:00:44.345,21.3,101.7
2024-05-25 06:00:53.076,21.3,101.7
2024-05-25 06:01:01.795,21.2,101.7
2024-05-25 06:01:10.424,21.2,101.7
2024-05-25 06:01:18.970,21.3,101.7
2024-05-25 06:01:27.845,21.2,101.7
2024-05-25 06:01:36.464,21.3,101.7
2024-05-25 06:01:45.083,21.4,101.7
2024-05-25 06:01:53.949,21.4,101.7
2024-05-25 06:02:02.718,21.5,101.7
2024-05-25 06:02:11.374,21.4,101.7
2024-05-25 06:02:20.019,21.4,101.7
2024-05-25 06:02:28.610,21.3,101.7
2024-05-25 06:02:37.302,21.2,101.7
2024-05-25 06:02:45.947,21.3,101.7
2024-05-25 06:02:54.525,21.3,101.7
2024-05-25 06:03:03.300,21.3,101.7
2024-05-25 06:03:12.180,21.3,101.7
2024-05-25 06:03:21.004,21.3,101.7
2024-05-25 06:03:29.675,21.4,101.7
2024-05-25 06:03:38.359,21.4,101.7
2024-05-25 06:03:47.094,21.4,101.7
2024-05-25 06:03:55.864,21.4,101.7
2024-05-25 06:04:04.512,21.4,101.7
2024-05-25 06:04:13.136,21.4,101.7
2024-05-25 06:04:21.907,21.4,101.7
2024-05-25 06:04:30.551,21.5,101.7
2024-05-25 06:04:39.293,21.5,101.7
2024-05-25 06:04:47.968,21.5,101.7
2024-05-25 06:04:56.737,21.4,101.7
2024-05-25 06:05:05.528,21.5,101.7
2024-05-25 06:05:14.211,21.3,101.7
2024-05-25 06:05:22.896,21.3,101.7
2024-05-25 06:05:31.647,21.4,101.7
2024-05-25 06:05:40.272,21.4,101.7
2024-05-25 06:05:48.939,21.4,101.7
2024-05-25 06:05:57.611,21.4,101.7
2024-05-25 06:06:06.435,21.4,101.7
2024-05-25 06:06:15.047,21.3,101.7
2024-05-25 06:06:23.829,21.3,101.7
2024-05-25 06:06:32.412,21.3,101.7
2024-05-25 06:06:41.067,21.4,101.7
2024-05-25 06:06:49.964,21.3,101.7
2024-05-25 06:06:58.832,21.3,101.7
2024-05-25 06:07:07.391,21.4,101.7
2024-05-25 06:07:16.111,21.3,101.7
2024-05-25 06:07:24.727,21.3,101.7
2024-05-25 06:07:33.367,21.3,101.7
2024-05-25 06:07:42.261,21.4,101.7
2024-05-25 06:07:50.903,21.4,101.7
2024-05-25 06:07:59.596,21.4,101.7
2024-05-25 06:08:08.159,21.4,101.7
2024-05-25 06:08:16.863,21.4,101.7
2024-05-25 06:08:25.404,21.4,101.7
2024-05-25 06:08:34.106,21.4,101.7
2024-05-25 06:08:42.811,21.3,101.7
2024-05-25 06:08:51.492,21.3,101.7
2024-05-25 06:09:00.217,21.3,101.7
2024-05-25 06:09:08.915,21.4,101.7
2024-05-25 06:09:17.603,21.5,101.7
2024-05-25 06:09:26.270,21.4,101.7
2024-05-25 06:09:34.874,21.3,101.7
2024-05-25 06:09:43.418,21.4,101.7
2024-05-25 06:09:52.082,21.4,101.7
2024-05-25 06:10:00.945,21.4,101.7
2024-05-25 06:10:09.650,21.3,101.7
2024-05-25 06:10:18.439,21.4,101.7
2024-05-25 06:10:27.085,21.4,101.7
2024-05-25 06:10:35.910,21.4,101.7
2024-05-25 06:10:44.440,21.5,101.7
2024-05-25 06:10:53.033,21.4,101.7
2024-05-25 06:11:01.746,21.4,101.7
2024-05-25 06:11:10.487,21.4,101.7
2024-05-25 06:11:19.059,21.4,101.7
2024-05-25 06:11:27.770,21.3,101.7
2024-05-25 06:11:36.470,21.2,101.7
2024-05-25 06:11:45.064,21.3,101.7
2024-05-25 06:11:53.689,21.3,101.7
2024-05-25 06:12:02.573,21.4,101.7
2024-05-25 06:12:11.343,21.4,101.7
2024-05-25 06:12:20.111,21.4,101.7
2024-05-25 06:12:28.891,21.3,101.7
2024-05-25 06:12:37.378,21.4,101.7
2024-05-25 06:12:46.161,21.5,101.7
2024-05-25 06:12:54.969,21.5,101.7
2024-05-25 06:13:03.623,21.4,101.7
2024-05-25 06:13:12.412,21.5,101.7
2024-05-25 06:13:21.004,21.5,101.7
2024-05-25 06:13:29.781,21.4,101.7
2024-05-25 06:13:38.441,21.4,101.7
2024-05-25 06:13:47.001,21.4,101.7
2024-05-25 06:13:55.562,21.4,101.7
2024-05-25 06:14:04.165,21.4,101.7
2024-05-25 06:14:12.934,21.4,101.7
2024-05-25 06:14:21.462,21.4,101.7
2024-05-25 06:14:30.117,21.4,101.7
2024-05-25 06:14:38.763,21.3,101.7
2024-05-25 06:14:47.520,21.3,101.7
2024-05-25 06:14:56.189,21.3,101.7
2024-05-25 06:15:04.873,21.3,101.7
2024-05-25 06:15:13.509,21.3,101.7
2024-05-25 06:15:22.121,21.3,101.7
2024-05-25 06:15:30.853,21.4,101.7
2024-05-25 06:15:39.370,21.4,101.7
2024-05-25 06:15:48.008,21.5,101.7
2024-05-25 06:15:56.663,21.5,101.7
2024-05-25 06:16:05.324,21.5,101.7
2024-05-25 06:16:13.988,21.3,101.7
2024-05-25 06:16:22.617,21.4,101.7
2024-05-25 06:16:31.266,21.4,101.7
2024-05-25 06:16:39.827,21.4,101.7
2024-05-25 06:16:48.485,21.4,101.7
2024-05-25 06:16:57.260,21.6,101.7
2024-05-25 06:17:05.836,21.4,101.7
2024-05-25 06:17:14.491,21.4,101.7
2024-05-25 06:17:23.305,21.4,101.7
2024-05-25 06:17:31.781,21.5,101.7
2024-05-25 06:17:40.366,21.4,101.7
2024-05-25 06:17:49.152,21.4,101.7
2024-05-25 06:17:57.816,21.5,101.7
2024-05-25 06:18:06.453,21.4,101.7
2024-05-25 06:18:14.991,21.4,101.7
2024-05-25 06:18:23.684,21.4,101.7
2024-05-25 06:18:32.365,21.4,101.7
2024-05-25 06:18:40.978,21.4,101.7
2024-05-25 06:18:49.608,21.3,101.7
2024-05-25 06:18:58.249,21.4,101.7
2024-05-25 06:19:06.904,21.5,101.7
2024-05-25 06:19:15.415,21.5,101.7
2024-05-25 06:19:24.027,21.4,101.7
2024-05-25 06:19:32.537,21.4,101.7
2024-05-25 06:19:41.211,21.4,101.7
2024-05-25 06:19:49.902,21.4,101.7
2024-05-25 06:19:58.558,21.4,101.7
2024-05-25 06:20:07.017,21.4,101.7
2024-05-25 06:20:15.727,21.4,101.7
2024-05-25 06:20:24.589,21.5,101.7
2024-05-25 06:20:33.128,21.5,101.7
2024-05-25 06:20:41.765,21.5,101.7
2024-05-25 06:20:50.380,21.4,101.7
2024-05-25 06:20:59.015,21.4,101.7
2024-05-25 06:21:07.624,21.5,101.7
2024-05-25 06:21:16.183,21.4,101.7
2024-05-25 06:21:24.793,21.4,101.7
2024-05-25 06:21:33.551,21.3,101.7
2024-05-25 06:21:42.196,21.3,101.7
2024-05-25 06:21:50.792,21.3,101.7
2024-05-25 06:21:59.570,21.3,101.7
2024-05-25 06:22:08.250,21.4,101.7
2024-05-25 06:22:16.843,21.4,101.7
2024-05-25 06:22:25.483,21.4,101.7
2024-05-25 06:22:33.974,21.4,101.7
2024-05-25 06:22:42.650,21.3,101.7
2024-05-25 06:22:51.250,21.3,101.7
2024-05-25 06:22:59.936,21.4,101.7
2024-05-25 06:23:08.444,21.4,101.7
2024-05-25 06:23:17.058,21.4,101.7
2024-05-25 06:23:25.585,21.3,101.7
2024-05-25 06:23:34.400,21.3,101.7
2024-05-25 06:23:43.057,21.4,101.7
2024-05-25 06:23:51.655,21.3,101.7
2024-05-25 06:24:00.296,21.4,101.7
2024-05-25 06:24:08.896,21.4,101.7
2024-05-25 06:24:17.481,21.4,101.7
2024-05-25 06:24:26.162,21.4,101.7
2024-05-25 06:24:34.838,21.3,101.7
2024-05-25 06:24:43.221,21.3,101.7
2024-05-25 06:24:52.016,21.4,101.7
2024-05-25 06:25:00.626,21.4,101.7
2024-05-25 06:25:09.206,21.4,101.7
2024-05-25 06:25:17.691,21.4,101.7
2024-05-25 06:25:26.327,21.3,101.7
2024-05-25 06:25:34.840,21.4,101.7
2024-05-25 06:25:43.574,21.5,101.7
2024-05-25 06:25:52.156,21.5,101.7
2024-05-25 06:26:00.845,21.4,101.7
2024-05-25 06:26:09.405,21.4,101.7
2024-05-25 06:26:17.971,21.4,101.7
2024-05-25 06:26:26.494,21.4,101.7
2024-05-25 06:26:35.187,21.4,101.7
2024-05-25 06:26:43.903,21.3,101.7
2024-05-25 06:26:52.292,21.3,101.7
2024-05-25 06:27:00.903,21.2,101.7
2024-05-25 06:27:09.483,21.2,101.7
2024-05-25 06:27:18.098,21.3,101.7
2024-05-25 06:27:26.703,21.3,101.7
2024-05-25 06:27:35.386,21.3,101.7
2024-05-25 06:27:44.029,21.4,101.7
2024-05-25 06:27:52.530,21.4,101.7
2024-05-25 06:28:01.070,21.5,101.7
2024-05-25 06:28:09.639,21.5,101.7
2024-05-25 06:28:18.231,21.4,101.7
2024-05-25 06:28:26.752,21.4,101.7
2024-05-25 06:28:35.433,21.4,101.7
2024-05-25 06:28:43.898,21.3,101.7
2024-05-25 06:28:52.474,21.4,101.7
2024-05-25 06:29:01.076,21.4,101.7
2024-05-25 06:29:09.676,21.4,101.7
2024-05-25 06:29:18.253,21.4,101.7
2024-05-25 06:29:26.922,21.3,101.7
2024-05-25 06:29:35.466,21.4,101.7
2024-05-25 06:29:44.115,21.4,101.7
2024-05-25 06:29:52.678,21.4,101.7
2024-05-25 06:30:01.279,21.3,101.7
2024-05-25 06:30:10.016,21.4,101.7
2024-05-25 06:30:18.570,21.3,101.7
2024-05-25 06:30:27.066,21.3,101.7
2024-05-25 06:30:35.823,21.3,101.7
2024-05-25 06:30:44.433,21.3,101.7
2024-05-25 06:30:53.016,21.3,101.7
2024-05-25 06:31:01.727,21.3,101.7
2024-05-25 06:31:10.192,21.2,101.7
2024-05-25 06:31:18.638,21.2,101.7
2024-05-25 06:31:27.215,21.3,101.7
2024-05-25 06:31:35.833,21.4,101.7
2024-05-25 06:31:44.318,21.5,101.7
2024-05-25 06:31:52.987,21.4,101.7
2024-05-25 06:32:01.405,21.4,101.7
2024-05-25 06:32:10.055,21.5,101.7
2024-05-25 06:32:18.635,21.4,101.7
2024-05-25 06:32:27.338,21.5,101.7
2024-05-25 06:32:35.980,21.3,101.7
2024-05-25 06:32:44.717,21.4,101.7
2024-05-25 06:32:53.252,21.3,101.7
2024-05-25 06:33:01.739,21.5,101.7
2024-05-25 06:33:10.381,21.5,101.7
2024-05-25 06:33:18.934,21.5,101.7
2024-05-25 06:33:27.514,21.5,101.7
2024-05-25 06:33:36.070,21.4,101.7
2024-05-25 06:33:44.578,21.4,101.7
2024-05-25 06:33:53.188,21.4,101.7
2024-05-25 06:34:01.686,21.3,101.7
2024-05-25 06:34:10.303,21.4,101.7
2024-05-25 06:34:18.972,21.6,101.7
2024-05-25 06:34:27.544,21.4,101.7
2024-05-25 06:34:35.995,21.5,101.7
2024-05-25 06:34:44.571,21.5,101.7
2024-05-25 06:34:53.121,21.5,101.7
2024-05-25 06:35:01.766,21.4,101.7
2024-05-25 06:35:10.474,21.5,101.7
2024-05-25 06:35:19.086,21.4,101.7
2024-05-25 06:35:27.489,21.5,101.7
2024-05-25 06:35:36.066,21.5,101.7
2024-05-25 06:35:44.610,21.4,101.7
2024-05-25 06:35:53.280,21.4,101.7
2024-05-25 06:36:01.964,21.4,101.7
2024-05-25 06:36:10.576,21.5,101.7
2024-05-25 06:36:19.096,21.4,101.7
2024-05-25 06:36:27.800,21.4,101.7
2024-05-25 06:36:36.576,21.2,101.7
2024-05-25 06:36:45.144,21.4,101.7
2024-05-25 06:36:53.749,21.4,101.7
2024-05-25 06:37:02.398,21.4,101.7
2024-05-25 06:37:10.956,21.3,101.7
2024-05-25 06:37:19.496,21.3,101.7
2024-05-25 06:37:27.940,21.5,101.7
2024-05-25 06:37:36.589,21.5,101.7
2024-05-25 06:37:45.200,21.4,101.7
2024-05-25 06:37:53.839,21.5,101.7
2024-05-25 06:38:02.536,21.5,101.7
2024-05-25 06:38:10.999,21.4,101.7
2024-05-25 06:38:19.671,21.4,101.7
2024-05-25 06:38:28.153,21.5,101.7
2024-05-25 06:38:36.705,21.4,101.7
2024-05-25 06:38:45.250,21.4,101.7
2024-05-25 06:38:53.907,21.4,101.7
2024-05-25 06:39:02.489,21.3,101.7
2024-05-25 06:39:11.184,21.4,101.7
2024-05-25 06:39:19.679,21.4,101.7
2024-05-25 06:39:28.243,21.4,101.7
2024-05-25 06:39:36.949,21.4,101.7
2024-05-25 06:39:45.410,21.6,101.7
2024-05-25 06:39:53.948,21.5,101.7
2024-05-25 06:40:02.558,21.5,101.7
2024-05-25 06:40:11.203,21.4,101.7
2024-05-25 06:40:19.653,21.4,101.7
2024-05-25 06:40:28.139,21.3,101.7
2024-05-25 06:40:36.658,21.3,101.7
2024-05-25 06:40:45.194,21.4,101.7
2024-05-25 06:40:53.652,21.4,101.7
2024-05-25 06:41:02.253,21.3,101.7
2024-05-25 06:41:10.913,21.3,101.7
2024-05-25 06:41:19.604,21.2,101.7
2024-05-25 06:41:28.086,21.2,101.7
2024-05-25 06:41:36.681,21.2,101.7
2024-05-25 06:41:45.196,21.3,101.7
2024-05-25 06:41:53.793,21.3,101.7
2024-05-25 06:42:02.569,21.4,101.7
2024-05-25 06:42:11.118,21.3,101.7
2024-05-25 06:42:19.592,21.3,101.7
2024-05-25 06:42:28.120,21.3,101.7
2024-05-25 06:42:36.920,21.3,101.7
2024-05-25 06:42:45.385,21.3,101.7
2024-05-25 06:42:53.955,21.4,101.7
2024-05-25 06:43:02.518,21.4,101.7
2024-05-25 06:43:10.971,21.4,101.7
2024-05-25 06:43:19.657,21.4,101.7
2024-05-25 06:43:28.120,21.3,101.7
2024-05-25 06:43:36.576,21.3,101.7
2024-05-25 06:43:45.043,21.2,101.7
2024-05-25 06:43:53.512,21.2,101.7
2024-05-25 06:44:01.909,21.2,101.7
2024-05-25 06:44:10.480,21.4,101.7
2024-05-25 06:44:19.140,21.4,101.7
2024-05-25 06:44:27.799,21.4,101.7
2024-05-25 06:44:36.268,21.3,101.7
2024-05-25 06:44:44.839,21.3,101.7
2024-05-25 06:44:53.284,21.4,101.7
2024-05-25 06:45:01.780,21.4,101.7
2024-05-25 06:45:10.314,21.4,101.7
2024-05-25 06:45:18.807,21.5,101.7
2024-05-25 06:45:27.375,21.5,101.7
2024-05-25 06:45:36.020,21.5,101.7
2024-05-25 06:45:44.551,21.4,101.7
2024-05-25 06:45:52.962,21.4,101.7
2024-05-25 06:46:01.537,21.4,101.7
2024-05-25 06:46:10.208,21.4,101.7
2024-05-25 06:46:18.631,21.3,101.7
2024-05-25 06:46:26.996,21.3,101.7
2024-05-25 06:46:35.644,21.4,101.7
2024-05-25 06:46:44.133,21.3,101.7
2024-05-25 06:46:52.588,21.3,101.7
2024-05-25 06:47:01.230,21.3,101.7
2024-05-25 06:47:09.691,21.3,101.7
2024-05-25 06:47:18.338,21.3,101.7
2024-05-25 06:47:26.896,21.3,101.7
2024-05-25 06:47:35.477,21.4,101.7
2024-05-25 06:47:43.873,21.4,101.7
2024-05-25 06:47:52.548,21.4,101.7
2024-05-25 06:48:01.055,21.4,101.7
2024-05-25 06:48:09.588,21.3,101.7
2024-05-25 06:48:18.114,21.4,101.7
2024-05-25 06:48:26.659,21.4,101.7
2024-05-25 06:48:35.129,21.5,101.7
2024-05-25 06:48:43.684,21.5,101.7
2024-05-25 06:48:52.087,21.3,101.7
2024-05-25 06:49:00.614,21.3,101.7
2024-05-25 06:49:09.012,21.3,101.7
2024-05-25 06:49:17.434,21.4,101.7
2024-05-25 06:49:26.142,21.3,101.7
2024-05-25 06:49:34.709,21.4,101.7
2024-05-25 06:49:43.265,21.4,101.7
2024-05-25 06:49:51.747,21.3,101.7
2024-05-25 06:50:00.241,21.4,101.7
2024-05-25 06:50:08.650,21.4,101.7
2024-05-25 06:50:17.197,21.4,101.7
2024-05-25 06:50:25.719,21.4,101.7
2024-05-25 06:50:34.092,21.3,101.7
2024-05-25 06:50:42.730,21.2,101.7
2024-05-25 06:50:51.388,21.3,101.7
2024-05-25 06:50:59.937,21.3,101.7
2024-05-25 06:51:08.476,21.4,101.7
2024-05-25 06:51:17.025,21.3,101.7
2024-05-25 06:51:25.427,21.4,101.7
2024-05-25 06:51:33.964,21.4,101.7
2024-05-25 06:51:42.511,21.4,101.7
2024-05-25 06:51:50.992,21.4,101.7
2024-05-25 06:51:59.569,21.3,101.7
2024-05-25 06:52:08.062,21.3,101.7
2024-05-25 06:52:16.391,21.4,101.7
2024-05-25 06:52:24.831,21.4,101.7
2024-05-25 06:52:33.409,21.4,101.7
2024-05-25 06:52:41.941,21.4,101.7
2024-05-25 06:52:50.531,21.4,101.7
2024-05-25 06:52:58.969,21.3,101.7
2024-05-25 06:53:07.552,21.3,101.7
2024-05-25 06:53:16.061,21.4,101.7
2024-05-25 06:53:24.567,21.5,101.7
2024-05-25 06:53:33.048,21.4,101.7
2024-05-25 06:53:41.572,21.4,101.7
2024-05-25 06:53:50.210,21.4,101.7
2024-05-25 06:53:58.724,21.4,101.7
2024-05-25 06:54:07.268,21.4,101.7
2024-05-25 06:54:15.762,21.4,101.7
2024-05-25 06:54:24.305,21.3,101.7
2024-05-25 06:54:32.943,21.3,101.7
2024-05-25 06:54:41.566,21.4,101.7
2024-05-25 06:54:50.027,21.4,101.7
2024-05-25 06:54:58.432,21.4,101.7
2024-05-25 06:55:07.057,21.3,101.7
2024-05-25 06:55:15.486,21.5,101.7
2024-05-25 06:55:24.016,21.5,101.7
2024-05-25 06:55:32.440,21.5,101.7
2024-05-25 06:55:40.930,21.4,101.7
2024-05-25 06:55:49.222,21.4,101.7
2024-05-25 06:55:57.605,21.4,101.7
2024-05-25 06:56:06.201,21.3,101.7
2024-05-25 06:56:14.733,21.3,101.7
2024-05-25 06:56:23.305,21.4,101.7
2024-05-25 06:56:31.744,21.3,101.7
2024-05-25 06:56:40.108,21.4,101.7
2024-05-25 06:56:48.600,21.5,101.7
2024-05-25 06:56:57.159,21.5,101.7
2024-05-25 06:57:05.740,21.5,101.7
2024-05-25 06:57:14.339,21.5,101.7
2024-05-25 06:57:22.930,21.5,101.7
2024-05-25 06:57:31.642,21.5,101.7
2024-05-25 06:57:40.123,21.4,101.7
2024-05-25 06:57:48.733,21.4,101.7
2024-05-25 06:57:57.095,21.4,101.7
2024-05-25 06:58:05.578,21.4,101.7
2024-05-25 06:58:14.201,21.3,101.7
2024-05-25 06:58:22.557,21.3,101.7
2024-05-25 06:58:31.158,21.4,101.7
2024-05-25 06:58:39.624,21.3,101.7
2024-05-25 06:58:48.094,21.4,101.7
2024-05-25 06:58:56.572,21.4,101.7
2024-05-25 06:59:04.964,21.4,101.7
2024-05-25 06:59:13.467,21.4,101.7
2024-05-25 06:59:22.124,21.4,101.7
2024-05-25 06:59:30.755,21.4,101.7
2024-05-25 06:59:39.277,21.4,101.7
2024-05-25 06:59:47.857,21.3,101.7
2024-05-25 06:59:56.313,21.3,101.7
2024-05-25 07:00:04.728,21.3,101.7
2024-05-25 07:00:13.117,21.3,101.7
2024-05-25 07:00:21.500,21.3,101.7
2024-05-25 07:00:30.123,21.3,101.7
2024-05-25 07:00:38.720,21.3,101.7
2024-05-25 07:00:47.066,21.2,101.7
2024-05-25 07:00:55.546,21.2,101.7
2024-05-25 07:01:04.096,21.2,101.7
2024-05-25 07:01:12.554,21.3,101.7
2024-05-25 07:01:21.083,21.4,101.7
2024-05-25 07:01:29.631,21.4,101.7
2024-05-25 07:01:38.100,21.4,101.7
2024-05-25 07:01:46.677,21.4,101.7
2024-05-25 07:01:55.188,21.3,101.7
2024-05-25 07:02:03.772,21.2,101.7
2024-05-25 07:02:12.286,21.3,101.7
2024-05-25 07:02:20.724,21.4,101.7
2024-05-25 07:02:29.387,21.3,101.7
2024-05-25 07:02:37.802,21.3,101.7
2024-05-25 07:02:46.392,21.3,101.7
2024-05-25 07:02:54.974,21.3,101.7
2024-05-25 07:03:03.500,21.3,101.7
2024-05-25 07:03:11.851,21.3,101.7
2024-05-25 07:03:20.440,21.4,101.7
2024-05-25 07:03:28.940,21.4,101.7
2024-05-25 07:03:37.560,21.3,101.7
2024-05-25 07:03:46.517,21.4,101.7
2024-05-25 07:03:57.463,21.4,101.7
2024-05-25 07:04:08.208,21.3,101.7
2024-05-25 07:04:31.523,21.3,101.7
2024-05-25 07:05:06.880,21.3,101.7
2024-05-25 07:05:39.367,21.3,101.7
2024-05-25 07:06:10.989,21.4,101.7
2024-05-25 07:06:42.636,21.3,101.7
2024-05-25 07:07:12.647,21.3,101.7
2024-05-25 07:07:43.975,21.3,101.7
2024-05-25 07:08:14.522,21.3,101.7
2024-05-25 07:08:45.513,21.4,101.7
2024-05-25 07:09:15.734,21.4,101.7
2024-05-25 07:09:45.817,21.3,101.7
2024-05-25 07:10:17.104,21.5,101.7
2024-05-25 07:10:46.439,21.5,101.7
2024-05-25 07:11:16.850,21.5,101.7
2024-05-25 07:11:47.243,21.4,101.7
2024-05-25 07:12:17.279,21.4,101.7
2024-05-25 07:12:47.403,21.4,101.7
2024-05-25 07:13:17.801,21.3,101.7
2024-05-25 07:13:48.616,21.3,101.7
2024-05-25 07:14:18.147,21.3,101.7
2024-05-25 07:14:49.070,21.3,101.7
2024-05-25 07:15:18.897,21.3,101.7
2024-05-25 07:15:49.836,21.5,101.7
2024-05-25 07:16:21.125,21.5,101.7
2024-05-25 07:16:51.174,21.4,101.7
2024-05-25 07:17:20.932,21.4,101.7
2024-05-25 07:17:51.685,21.4,101.7
2024-05-25 07:18:21.910,21.3,101.7
2024-05-25 07:18:52.761,21.2,101.7
2024-05-25 07:19:22.173,21.4,101.7
2024-05-25 07:19:53.709,21.4,101.7
2024-05-25 07:20:23.130,21.4,101.7
2024-05-25 07:20:54.073,21.4,101.7
2024-05-25 07:21:25.497,21.3,101.7
2024-05-25 07:21:55.921,21.4,101.7
2024-05-25 07:22:25.452,21.4,101.7
2024-05-25 07:22:54.924,21.3,101.7
2024-05-25 07:23:25.157,21.4,101.7
2024-05-25 07:23:54.712,21.4,101.7
2024-05-25 07:24:25.350,21.3,101.7
2024-05-25 07:24:55.590,21.4,101.7
2024-05-25 07:25:26.343,21.4,101.7
2024-05-25 07:25:56.615,21.3,101.7
2024-05-25 07:26:26.202,21.4,101.7
2024-05-25 07:26:56.776,21.3,101.7
2024-05-25 07:27:27.287,21.3,101.7
2024-05-25 07:27:57.369,21.4,101.7
2024-05-25 07:28:27.185,21.5,101.7
2024-05-25 07:28:57.155,21.4,101.7
2024-05-25 07:29:27.271,21.3,101.7
2024-05-25 07:29:57.859,21.3,101.7
2024-05-25 07:30:28.158,21.3,101.7
2024-05-25 07:30:56.785,21.3,101.7
2024-05-25 07:31:27.694,21.3,101.7
2024-05-25 07:31:57.810,21.4,101.7
2024-05-25 07:32:27.135,21.4,101.7
2024-05-25 07:32:57.331,21.4,101.7
2024-05-25 07:33:27.075,21.4,101.7
2024-05-25 07:33:57.305,21.3,101.7
2024-05-25 07:34:26.912,21.4,101.7
2024-05-25 07:34:55.809,21.4,101.7
2024-05-25 07:35:26.350,21.4,101.7
2024-05-25 07:35:56.414,21.4,101.7
2024-05-25 07:36:26.801,21.4,101.7
2024-05-25 07:36:56.655,21.3,101.7
2024-05-25 07:37:27.128,21.4,101.7
2024-05-25 07:37:57.154,21.4,101.7
2024-05-25 07:38:27.783,21.3,101.7
2024-05-25 07:38:56.978,21.3,101.7
2024-05-25 07:39:27.276,21.4,101.7
2024-05-25 07:39:56.877,21.4,101.7
2024-05-25 07:40:27.151,21.4,101.7
2024-05-25 07:40:57.181,21.4,101.7
2024-05-25 07:41:26.429,21.5,101.7
2024-05-25 07:41:56.815,21.4,101.7
2024-05-25 07:42:26.973,21.3,101.7
2024-05-25 07:42:56.809,21.4,101.7
2024-05-25 07:43:27.066,21.4,101.7
2024-05-25 07:43:57.614,21.3,101.7
2024-05-25 07:44:27.790,21.4,101.7
2024-05-25 07:44:57.545,21.3,101.7
2024-05-25 07:45:27.821,21.4,101.7
2024-05-25 07:45:57.520,21.4,101.7
2024-05-25 07:46:27.376,21.3,101.7
2024-05-25 07:46:56.517,21.3,101.7
2024-05-25 07:47:26.778,21.5,101.7
2024-05-25 07:47:56.314,21.4,101.7
2024-05-25 07:48:25.748,21.3,101.7
2024-05-25 07:48:54.787,21.3,101.7
2024-05-25 07:49:24.675,21.3,101.7
2024-05-25 07:49:54.823,21.4,101.7
2024-05-25 07:50:24.060,21.2,101.7
2024-05-25 07:50:54.357,21.4,101.7
2024-05-25 07:51:23.555,21.4,101.7
2024-05-25 07:51:52.842,21.4,101.7
2024-05-25 07:52:22.782,21.3,101.7
2024-05-25 07:52:53.014,21.3,101.7
2024-05-25 07:53:22.816,21.4,101.7
2024-05-25 07:53:51.503,21.3,101.7
2024-05-25 07:54:21.336,21.4,101.7
2024-05-25 07:54:50.874,21.3,101.7
2024-05-25 07:55:20.623,21.2,101.7
2024-05-25 07:55:50.105,21.3,101.7
2024-05-25 07:56:19.760,21.4,101.7
2024-05-25 07:56:48.300,21.3,101.7
2024-05-25 07:57:18.609,21.4,101.7
2024-05-25 07:57:48.552,21.4,101.7
2024-05-25 07:58:17.885,21.4,101.7
2024-05-25 07:58:47.624,21.4,101.7
2024-05-25 07:59:17.187,21.5,101.7
2024-05-25 07:59:46.443,21.5,101.7
2024-05-25 08:00:15.120,21.4,101.7
2024-05-25 08:00:45.524,21.4,101.7
2024-05-25 08:01:14.917,21.5,101.7
2024-05-25 08:01:44.217,21.5,101.7
2024-05-25 08:02:13.514,21.4,101.7
2024-05-25 08:02:42.697,21.4,101.7
2024-05-25 08:03:12.112,21.3,101.7
2024-05-25 08:03:41.010,21.4,101.7
2024-05-25 08:04:11.249,21.3,101.7
2024-05-25 08:04:40.645,21.3,101.7
2024-05-25 08:05:09.263,21.4,101.7
2024-05-25 08:05:38.972,21.5,101.7
2024-05-25 08:06:09.091,21.3,101.7
2024-05-25 08:06:38.590,21.4,101.7
2024-05-25 08:07:06.661,21.4,101.7
2024-05-25 08:07:36.372,21.4,101.7
2024-05-25 08:08:06.633,21.3,101.7
2024-05-25 08:08:36.150,21.4,101.7
2024-05-25 08:09:05.304,21.4,101.7
2024-05-25 08:09:35.090,21.4,101.7
2024-05-25 08:10:04.252,21.4,101.7
2024-05-25 08:10:33.732,21.5,101.7
2024-05-25 08:11:02.381,21.5,101.7
2024-05-25 08:11:31.516,21.4,101.7
2024-05-25 08:12:00.746,21.5,101.7
2024-05-25 08:12:29.588,21.3,101.7
2024-05-25 08:12:58.723,21.4,101.7
2024-05-25 08:13:27.849,21.3,101.7
2024-05-25 08:13:56.879,21.3,101.7
2024-05-25 08:14:25.836,21.3,101.7
2024-05-25 08:14:55.270,21.4,101.7
2024-05-25 08:15:24.412,21.4,101.7
2024-05-25 08:15:54.176,21.3,101.7
2024-05-25 08:16:23.332,21.4,101.7
2024-05-25 08:16:52.860,21.3,101.7
2024-05-25 08:17:21.337,21.4,101.7
2024-05-25 08:17:50.332,21.4,101.7
2024-05-25 08:18:19.432,21.4,101.7
2024-05-25 08:18:49.040,21.4,101.7
2024-05-25 08:19:17.877,21.5,101.7
2024-05-25 08:19:48.058,21.4,101.7
2024-05-25 08:20:16.286,21.3,101.7
2024-05-25 08:20:45.499,21.3,101.7
2024-05-25 08:21:15.284,21.3,101.7
2024-05-25 08:21:43.766,21.3,101.7
2024-05-25 08:22:12.443,21.4,101.7
2024-05-25 08:22:41.702,21.5,101.7
2024-05-25 08:23:10.650,21.2,101.7
2024-05-25 08:23:39.130,21.5,101.7
2024-05-25 08:24:08.799,21.4,101.7
2024-05-25 08:24:37.426,21.4,101.7
2024-05-25 08:25:06.190,21.4,101.7
2024-05-25 08:25:35.958,21.5,101.7
2024-05-25 08:26:05.740,21.5,101.7
2024-05-25 08:26:34.319,21.5,101.7
2024-05-25 08:27:03.057,21.4,101.7
2024-05-25 08:27:32.363,21.4,101.7
2024-05-25 08:28:01.008,21.3,101.7
2024-05-25 08:28:30.316,21.4,101.7
2024-05-25 08:28:59.461,21.3,101.7
2024-05-25 08:29:28.621,21.5,101.7
2024-05-25 08:29:57.350,21.4,101.7
2024-05-25 08:30:26.522,21.4,101.7
2024-05-25 08:30:55.505,21.4,101.7
2024-05-25 08:31:25.083,21.6,101.7
2024-05-25 08:31:53.785,21.4,101.7
2024-05-25 08:32:22.496,21.4,101.7
2024-05-25 08:32:51.357,21.3,101.7
2024-05-25 08:33:20.409,21.5,101.7
2024-05-25 08:33:49.122,21.4,101.7
2024-05-25 08:34:17.759,21.4,101.7
2024-05-25 08:34:47.196,21.4,101.7
2024-05-25 08:35:15.602,21.4,101.7
2024-05-25 08:35:44.447,21.5,101.7
2024-05-25 08:36:12.921,21.4,101.7
2024-05-25 08:36:41.106,21.4,101.7
2024-05-25 08:37:10.626,21.5,101.7
2024-05-25 08:37:40.288,21.4,101.7
2024-05-25 08:38:08.673,21.4,101.7
2024-05-25 08:38:37.427,21.4,101.7
2024-05-25 08:39:06.417,21.4,101.7
2024-05-25 08:39:34.506,21.4,101.7
2024-05-25 08:40:03.904,21.4,101.7
2024-05-25 08:40:32.337,21.4,101.7
2024-05-25 08:41:01.750,21.3,101.7
2024-05-25 08:41:29.822,21.5,101.7
2024-05-25 08:41:58.714,21.4,101.7
2024-05-25 08:42:26.653,21.4,101.7
2024-05-25 08:42:55.638,21.3,101.7
2024-05-25 08:43:23.645,21.4,101.7
2024-05-25 08:43:52.905,21.3,101.7
2024-05-25 08:44:20.654,21.4,101.7
2024-05-25 08:44:49.685,21.4,101.7
2024-05-25 08:45:19.521,21.3,101.7
2024-05-25 08:45:48.529,21.4,101.7
2024-05-25 08:46:16.945,21.4,101.7
2024-05-25 08:46:45.293,21.5,101.7
2024-05-25 08:47:13.293,21.4,101.7
2024-05-25 08:47:42.252,21.4,101.7
2024-05-25 08:48:10.357,21.4,101.7
2024-05-25 08:48:38.795,21.5,101.7
2024-05-25 08:49:06.906,21.5,101.7
2024-05-25 08:49:35.842,21.4,101.7
2024-05-25 08:50:04.552,21.5,101.7
2024-05-25 08:50:33.226,21.5,101.7
2024-05-25 08:51:02.454,21.3,101.7
2024-05-25 08:51:30.676,21.5,101.7
2024-05-25 08:51:58.996,21.5,101.7
2024-05-25 08:52:27.966,21.5,101.7
2024-05-25 08:52:56.789,21.4,101.7
2024-05-25 08:53:25.022,21.5,101.7
2024-05-25 08:53:53.497,21.4,101.7
2024-05-25 08:54:22.301,21.5,101.7
2024-05-25 08:54:50.643,21.5,101.7
2024-05-25 08:55:19.140,21.5,101.7
2024-05-25 08:55:47.483,21.5,101.7
2024-05-25 08:56:16.076,21.5,101.7
2024-05-25 08:56:44.844,21.5,101.7
2024-05-25 08:57:12.449,21.4,101.7
2024-05-25 08:57:40.769,21.4,101.7
2024-05-25 08:58:09.195,21.4,101.7
2024-05-25 08:58:38.514,21.4,101.7
2024-05-25 08:59:06.205,21.5,101.7
2024-05-25 08:59:35.537,21.5,101.7
2024-05-25 09:00:03.343,21.4,101.7
2024-05-25 09:00:31.652,21.5,101.7
2024-05-25 09:01:00.233,21.5,101.7
2024-05-25 09:01:28.906,21.4,101.7
2024-05-25 09:01:57.722,21.5,101.7
2024-05-25 09:02:26.606,21.5,101.7
2024-05-25 09:02:54.541,21.5,101.7
2024-05-25 09:03:22.696,21.6,101.7
2024-05-25 09:03:52.242,21.5,101.7
2024-05-25 09:04:20.229,21.6,101.7
2024-05-25 09:04:48.242,21.5,101.7
2024-05-25 09:05:17.769,21.5,101.7
2024-05-25 09:05:46.459,21.4,101.7
2024-05-25 09:06:14.269,21.6,101.7
2024-05-25 09:06:43.893,21.5,101.7
2024-05-25 09:07:12.293,21.5,101.7
2024-05-25 09:07:40.718,21.6,101.7
2024-05-25 09:08:10.028,21.4,101.7
2024-05-25 09:08:38.522,21.6,101.7
2024-05-25 09:09:06.724,21.6,101.7
2024-05-25 09:09:34.570,21.5,101.7
2024-05-25 09:10:02.639,21.6,101.7
2024-05-25 09:10:31.362,21.5,101.7
2024-05-25 09:10:59.035,21.5,101.7
2024-05-25 09:11:27.317,21.4,101.7
2024-05-25 09:11:55.566,21.6,101.7
2024-05-25 09:12:24.125,21.5,101.7
2024-05-25 09:12:51.423,21.5,101.8
2024-05-25 09:13:21.483,21.5,101.8
2024-05-25 09:13:49.385,21.5,101.7
2024-05-25 09:14:18.283,21.6,101.7
2024-05-25 09:14:45.940,21.5,101.8
2024-05-25 09:15:13.960,21.6,101.8
2024-05-25 09:15:42.029,21.5,101.8
2024-05-25 09:16:10.262,21.6,101.8
2024-05-25 09:16:38.836,21.7,101.8
2024-05-25 09:17:07.960,21.6,101.8
2024-05-25 09:17:36.405,21.5,101.8
2024-05-25 09:18:05.009,21.6,101.8
2024-05-25 09:18:33.117,21.5,101.8
2024-05-25 09:19:00.865,21.5,101.8
2024-05-25 09:19:29.198,21.5,101.8
2024-05-25 09:19:57.523,21.5,101.8
2024-05-25 09:20:25.880,21.5,101.8
2024-05-25 09:20:54.031,21.6,101.8
2024-05-25 09:21:21.715,21.6,101.8
2024-05-25 09:21:50.415,21.6,101.8
2024-05-25 09:22:19.215,21.5,101.8
2024-05-25 09:22:47.914,21.6,101.8
2024-05-25 09:23:14.970,21.6,101.8
2024-05-25 09:23:43.605,21.5,101.8
2024-05-25 09:24:11.688,21.5,101.8
2024-05-25 09:24:40.127,21.6,101.8
2024-05-25 09:25:08.259,21.5,101.8
2024-05-25 09:25:37.059,21.5,101.8
2024-05-25 09:26:05.632,21.5,101.8
2024-05-25 09:26:33.913,21.5,101.8
2024-05-25 09:27:01.495,21.5,101.8
2024-05-25 09:27:29.339,21.5,101.8
2024-05-25 09:27:57.859,21.6,101.8
2024-05-25 09:28:26.044,21.5,101.8
2024-05-25 09:28:54.899,21.5,101.8
2024-05-25 09:29:23.560,21.6,101.8
2024-05-25 09:29:51.407,21.5,101.8
2024-05-25 09:30:19.666,21.5,101.8
2024-05-25 09:30:47.341,21.6,101.8
2024-05-25 09:31:15.466,21.5,101.8
2024-05-25 09:31:43.448,21.4,101.8
2024-05-25 09:32:11.357,21.6,101.8
2024-05-25 09:32:39.597,21.6,101.8
2024-05-25 09:33:07.838,21.6,101.8
2024-05-25 09:33:36.244,21.5,101.8
2024-05-25 09:34:05.033,21.5,101.8
2024-05-25 09:34:33.904,21.5,101.8
2024-05-25 09:35:02.102,21.5,101.8
2024-05-25 09:35:30.244,21.6,101.8
2024-05-25 09:35:58.745,21.7,101.8
2024-05-25 09:36:28.469,21.6,101.8
2024-05-25 09:36:56.621,21.6,101.8
2024-05-25 09:37:24.752,21.7,101.8
2024-05-25 09:37:52.676,21.7,101.8
2024-05-25 09:38:21.556,21.6,101.8
2024-05-25 09:38:49.669,21.6,101.8
2024-05-25 09:39:17.138,21.6,101.8
2024-05-25 09:39:45.002,21.6,101.8
2024-05-25 09:40:13.121,21.5,101.8
2024-05-25 09:40:41.617,21.6,101.8
2024-05-25 09:41:09.994,21.6,101.8
2024-05-25 09:41:36.881,21.7,101.8
2024-05-25 09:42:04.422,21.6,101.8
2024-05-25 09:42:32.625,21.7,101.8
2024-05-25 09:42:59.954,21.7,101.8
2024-05-25 09:43:28.501,21.7,101.8
2024-05-25 09:43:57.238,21.5,101.8
2024-05-25 09:44:25.090,21.6,101.8
2024-05-25 09:44:52.890,21.5,101.8
2024-05-25 09:45:20.238,21.7,101.8
2024-05-25 09:45:48.626,21.6,101.8
2024-05-25 09:46:17.060,21.5,101.8
2024-05-25 09:46:45.134,21.5,101.8
2024-05-25 09:47:14.259,21.6,101.8
2024-05-25 09:47:41.859,21.6,101.8
2024-05-25 09:48:10.172,21.7,101.8
2024-05-25 09:48:38.861,21.6,101.8
2024-05-25 09:49:06.656,21.5,101.8
2024-05-25 09:49:35.144,21.6,101.8
2024-05-25 09:50:03.532,21.7,101.8
2024-05-25 09:50:31.063,21.6,101.8
2024-05-25 09:51:00.557,21.6,101.8
2024-05-25 09:51:27.916,21.6,101.8
2024-05-25 09:51:56.710,21.7,101.8
2024-05-25 09:52:24.948,21.6,101.8
2024-05-25 09:52:52.678,21.6,101.8
2024-05-25 09:53:20.172,21.7,101.8
2024-05-25 09:53:48.964,21.5,101.8
2024-05-25 09:54:16.158,21.5,101.8
2024-05-25 09:54:44.522,21.6,101.8
2024-05-25 09:55:11.938,21.7,101.8
2024-05-25 09:55:40.228,21.5,101.8
2024-05-25 09:56:07.903,21.5,101.8
2024-05-25 09:56:35.944,21.5,101.8
2024-05-25 09:57:03.078,21.6,101.8
2024-05-25 09:57:31.135,21.7,101.8
2024-05-25 09:58:00.292,21.6,101.8
2024-05-25 09:58:28.523,21.5,101.8
2024-05-25 09:58:57.207,21.6,101.8
2024-05-25 09:59:25.565,21.7,101.8
2024-05-25 09:59:53.301,21.6,101.8
2024-05-25 10:00:21.096,21.6,101.8
2024-05-25 10:00:49.283,21.5,101.8
2024-05-25 10:01:17.435,21.6,101.8
2024-05-25 10:01:45.334,21.6,101.8
2024-05-25 10:02:12.519,21.6,101.8
2024-05-25 10:02:40.896,21.6,101.8
2024-05-25 10:03:09.289,21.5,101.8
2024-05-25 10:03:37.061,21.6,101.8
2024-05-25 10:04:05.442,21.6,101.8
2024-05-25 10:04:33.788,21.6,101.8
2024-05-25 10:05:02.312,21.6,101.8
2024-05-25 10:05:30.309,21.5,101.8
2024-05-25 10:05:57.874,21.6,101.8
2024-05-25 10:06:25.102,21.6,101.8
2024-05-25 10:06:53.716,21.5,101.8
2024-05-25 10:07:22.120,21.6,101.8
2024-05-25 10:07:50.632,21.7,101.8
2024-05-25 10:08:18.907,21.6,101.8
2024-05-25 10:08:45.622,21.7,101.8
2024-05-25 10:09:13.602,21.6,101.8
2024-05-25 10:09:41.554,21.6,101.8
2024-05-25 10:10:09.412,21.5,101.8
2024-05-25 10:10:36.982,21.7,101.8
2024-05-25 10:11:05.178,21.6,101.8
2024-05-25 10:11:33.023,21.6,101.8
2024-05-25 10:12:01.033,21.7,101.8
2024-05-25 10:12:28.285,21.6,101.8
2024-05-25 10:12:55.884,21.6,101.8
2024-05-25 10:13:24.132,21.6,101.8
2024-05-25 10:13:52.465,21.7,101.8
2024-05-25 10:14:20.278,21.7,101.8
2024-05-25 10:14:47.964,21.5,101.8
2024-05-25 10:15:16.060,21.6,101.8
2024-05-25 10:15:43.134,21.6,101.8
2024-05-25 10:16:11.479,21.7,101.8
2024-05-25 10:16:37.749,21.6,101.8
2024-05-25 10:17:06.271,21.6,101.8
2024-05-25 10:17:34.376,21.6,101.8
2024-05-25 10:18:02.650,21.6,101.8
2024-05-25 10:18:30.972,21.7,101.8
2024-05-25 10:18:58.931,21.6,101.8
2024-05-25 10:19:27.213,21.6,101.8
2024-05-25 10:19:55.218,21.6,101.8
2024-05-25 10:20:23.683,21.7,101.8
2024-05-25 10:20:51.882,21.7,101.8
2024-05-25 10:21:20.889,21.7,101.8
2024-05-25 10:21:49.136,21.7,101.8
2024-05-25 10:22:17.502,21.6,101.8
2024-05-25 10:22:45.639,21.7,101.8
2024-05-25 10:23:13.973,21.6,101.8
2024-05-25 10:23:42.605,21.6,101.8
2024-05-25 10:24:10.361,21.8,101.8
2024-05-25 10:24:38.445,21.8,101.8
2024-05-25 10:25:05.793,21.7,101.8
2024-05-25 10:25:34.564,21.8,101.8
2024-05-25 10:26:02.787,21.7,101.8
2024-05-25 10:26:30.653,21.7,101.8
2024-05-25 10:26:58.830,21.7,101.8
2024-05-25 10:27:26.985,21.7,101.8
2024-05-25 10:27:55.513,21.7,101.8
2024-05-25 10:28:23.114,21.7,101.8
2024-05-25 10:28:51.386,21.7,101.8
2024-05-25 10:29:19.442,21.6,101.8
2024-05-25 10:29:47.791,21.7,101.8
2024-05-25 10:30:15.724,21.6,101.8
2024-05-25 10:30:43.886,21.7,101.8
2024-05-25 10:31:11.395,21.6,101.8
2024-05-25 10:31:39.667,21.6,101.8
2024-05-25 10:32:07.885,21.6,101.8
2024-05-25 10:32:35.608,21.7,101.8
2024-05-25 10:33:03.101,21.5,101.8
2024-05-25 10:33:31.128,21.7,101.8
2024-05-25 10:33:59.689,21.8,101.8
2024-05-25 10:34:27.595,21.7,101.8
2024-05-25 10:34:55.674,21.7,101.8
2024-05-25 10:35:23.184,21.8,101.8
2024-05-25 10:35:51.578,21.6,101.8
2024-05-25 10:36:19.308,21.5,101.8
2024-05-25 10:36:47.938,21.7,101.8
2024-05-25 10:37:15.389,21.6,101.8
2024-05-25 10:37:42.661,21.7,101.8
2024-05-25 10:38:10.811,21.6,101.8
2024-05-25 10:38:38.526,21.6,101.8
2024-05-25 10:39:05.825,21.6,101.8
2024-05-25 10:39:33.937,21.8,101.8
2024-05-25 10:40:01.796,21.7,101.8
2024-05-25 10:40:28.922,21.7,101.8
2024-05-25 10:40:55.846,21.8,101.8
2024-05-25 10:41:24.490,21.7,101.8
2024-05-25 10:41:52.379,21.6,101.8
2024-05-25 10:42:20.337,21.7,101.8
2024-05-25 10:42:48.019,21.6,101.8
2024-05-25 10:43:16.274,21.6,101.8
2024-05-25 10:43:44.213,21.6,101.8
2024-05-25 10:44:12.589,21.8,101.8
2024-05-25 10:44:40.338,21.6,101.8
2024-05-25 10:45:07.790,21.7,101.8
2024-05-25 10:45:34.407,21.6,101.8
2024-05-25 10:46:02.687,21.6,101.8
2024-05-25 10:46:30.833,21.7,101.8
2024-05-25 10:46:58.008,21.6,101.8
2024-05-25 10:47:26.286,21.5,101.8
2024-05-25 10:47:54.006,21.6,101.8
2024-05-25 10:48:21.755,21.6,101.8
2024-05-25 10:48:49.765,21.7,101.8
2024-05-25 10:49:18.043,21.8,101.8
2024-05-25 10:49:45.805,21.7,101.8
2024-05-25 10:50:13.550,21.6,101.8
2024-05-25 10:50:41.230,21.6,101.8
2024-05-25 10:51:09.501,21.7,101.8
2024-05-25 10:51:38.140,21.6,101.8
2024-05-25 10:52:06.308,21.6,101.8
2024-05-25 10:52:34.544,21.6,101.8
2024-05-25 10:53:01.640,21.6,101.8
2024-05-25 10:53:29.718,21.6,101.8
2024-05-25 10:53:56.836,21.5,101.8
2024-05-25 10:54:24.090,21.5,101.8
2024-05-25 10:54:51.918,21.6,101.8
2024-05-25 10:55:19.632,21.7,101.8
2024-05-25 10:55:47.459,21.6,101.8
2024-05-25 10:56:14.835,21.7,101.8
2024-05-25 10:56:42.356,21.8,101.8
2024-05-25 10:57:10.255,21.5,101.8
2024-05-25 10:57:38.074,21.6,101.8
2024-05-25 10:58:05.318,21.5,101.8
2024-05-25 10:58:32.774,21.7,101.8
2024-05-25 10:59:00.514,21.7,101.8
2024-05-25 10:59:29.002,21.7,101.8
2024-05-25 10:59:57.345,21.5,101.8
2024-05-25 11:00:24.831,21.5,101.8
2024-05-25 11:00:52.991,21.6,101.8
2024-05-25 11:01:20.847,21.6,101.8
2024-05-25 11:01:48.076,21.7,101.8
2024-05-25 11:02:14.943,21.7,101.8
2024-05-25 11:02:42.723,21.6,101.8
2024-05-25 11:03:10.151,21.6,101.8
2024-05-25 11:03:39.267,21.6,101.8
2024-05-25 11:04:07.293,21.6,101.8
2024-05-25 11:04:35.424,21.5,101.8
2024-05-25 11:05:03.484,21.5,101.8
2024-05-25 11:05:30.633,21.7,101.8
2024-05-25 11:05:57.886,21.6,101.8
2024-05-25 11:06:26.409,21.6,101.8
2024-05-25 11:06:53.564,21.6,101.8
2024-05-25 11:07:20.415,21.6,101.8
2024-05-25 11:07:47.788,21.6,101.8
2024-05-25 11:08:16.292,21.7,101.8
2024-05-25 11:08:43.441,21.7,101.8
2024-05-25 11:09:12.657,21.6,101.8
2024-05-25 11:09:40.890,21.5,101.8
2024-05-25 11:10:08.770,21.5,101.8
2024-05-25 11:10:38.166,21.5,101.8
2024-05-25 11:11:06.048,21.5,101.8
2024-05-25 11:11:33.564,21.6,101.8
2024-05-25 11:12:01.324,21.6,101.8
2024-05-25 11:12:29.241,21.6,101.8
2024-05-25 11:12:56.511,21.8,101.8
2024-05-25 11:13:25.419,21.7,101.8
2024-05-25 11:13:53.086,21.6,101.8
2024-05-25 11:14:20.984,21.7,101.8
2024-05-25 11:14:49.079,21.6,101.8
2024-05-25 11:15:16.881,21.6,101.8
2024-05-25 11:15:44.387,21.7,101.8
2024-05-25 11:16:11.812,21.5,101.8
2024-05-25 11:16:39.244,21.5,101.8
2024-05-25 11:17:07.082,21.6,101.8
2024-05-25 11:17:34.164,21.7,101.8
2024-05-25 11:18:02.455,21.7,101.8
2024-05-25 11:18:30.261,21.6,101.8
2024-05-25 11:18:58.119,21.5,101.8
2024-05-25 11:19:25.241,21.6,101.8
2024-05-25 11:19:53.680,21.6,101.8
2024-05-25 11:20:21.222,21.5,101.8
2024-05-25 11:20:49.165,21.5,101.8
2024-05-25 11:21:17.801,21.7,101.8
2024-05-25 11:21:45.898,21.5,101.8
2024-05-25 11:22:13.538,21.7,101.8
2024-05-25 11:22:41.740,21.7,101.8
2024-05-25 11:23:09.885,21.6,101.8
2024-05-25 11:23:37.604,21.6,101.8
2024-05-25 11:24:05.227,21.6,101.8
2024-05-25 11:24:32.538,21.6,101.8
2024-05-25 11:25:00.291,21.6,101.8
2024-05-25 11:25:27.864,21.8,101.8
2024-05-25 11:25:55.673,21.7,101.8
2024-05-25 11:26:24.224,21.7,101.8
2024-05-25 11:26:52.281,21.6,101.8
2024-05-25 11:27:21.633,21.6,101.8
2024-05-25 11:27:49.291,21.6,101.8
2024-05-25 11:28:16.960,21.7,101.8
2024-05-25 11:28:45.131,21.6,101.8
2024-05-25 11:29:12.230,21.6,101.8
2024-05-25 11:29:39.807,21.6,101.8
2024-05-25 11:30:07.516,21.5,101.8
2024-05-25 11:30:35.334,21.6,101.8
2024-05-25 11:31:02.040,21.7,101.8
2024-05-25 11:31:28.784,21.7,101.8
2024-05-25 11:31:56.448,21.6,101.8
2024-05-25 11:32:24.350,21.5,101.8
2024-05-25 11:32:52.421,21.6,101.8
2024-05-25 11:33:20.003,21.6,101.8
2024-05-25 11:33:47.863,21.6,101.8
2024-05-25 11:34:16.128,21.5,101.8
2024-05-25 11:34:44.324,21.6,101.8
2024-05-25 11:35:12.395,21.5,101.8
2024-05-25 11:35:39.963,21.6,101.8
2024-05-25 11:36:07.463,21.6,101.8
2024-05-25 11:36:35.906,21.6,101.8
2024-05-25 11:37:03.082,21.5,101.8
2024-05-25 11:37:31.621,21.5,101.8
2024-05-25 11:37:59.283,21.5,101.8
2024-05-25 11:38:27.226,21.5,101.8
2024-05-25 11:38:54.398,21.5,101.8
2024-05-25 11:39:22.941,21.7,101.8
2024-05-25 11:39:50.859,21.6,101.8
2024-05-25 11:40:17.674,21.5,101.8
2024-05-25 11:40:45.674,21.6,101.8
2024-05-25 11:41:13.503,21.5,101.8
2024-05-25 11:41:41.843,21.5,101.8
2024-05-25 11:42:09.453,21.5,101.8
2024-05-25 11:42:37.027,21.5,101.8
2024-05-25 11:43:04.963,21.6,101.8
2024-05-25 11:43:32.184,21.6,101.8
2024-05-25 11:44:00.066,21.6,101.8
2024-05-25 11:44:27.871,21.6,101.8
2024-05-25 11:44:55.777,21.5,101.8
2024-05-25 11:45:23.754,21.6,101.8
2024-05-25 11:45:50.890,21.5,101.8
2024-05-25 11:46:19.377,21.6,101.8
2024-05-25 11:46:47.241,21.6,101.8
2024-05-25 11:47:15.138,21.5,101.8
2024-05-25 11:47:42.771,21.7,101.8
2024-05-25 11:48:10.759,21.6,101.8
2024-05-25 11:48:38.433,21.5,101.8
2024-05-25 11:49:06.704,21.5,101.8
2024-05-25 11:49:33.870,21.6,101.8
2024-05-25 11:50:02.670,21.5,101.8
2024-05-25 11:50:30.959,21.6,101.8
2024-05-25 11:50:58.473,21.6,101.8
2024-05-25 11:51:26.709,21.5,101.8
2024-05-25 11:51:54.044,21.7,101.8
2024-05-25 11:52:21.939,21.6,101.8
2024-05-25 11:52:50.255,21.6,101.8
2024-05-25 11:53:17.231,21.7,101.8
2024-05-25 11:53:44.623,21.7,101.8
2024-05-25 11:54:12.062,21.7,101.8
2024-05-25 11:54:40.119,21.6,101.8
2024-05-25 11:55:07.310,21.7,101.8
2024-05-25 11:55:35.217,21.4,101.8
2024-05-25 11:56:02.581,21.6,101.8
2024-05-25 11:56:29.901,21.6,101.8
2024-05-25 11:56:57.679,21.6,101.8
2024-05-25 11:57:25.035,21.5,101.8
2024-05-25 11:57:53.559,21.7,101.8
2024-05-25 11:58:21.575,21.8,101.8
2024-05-25 11:58:49.440,21.6,101.8
2024-05-25 11:59:16.192,21.5,101.8
2024-05-25 11:59:45.217,21.6,101.8
2024-05-25 12:00:11.782,21.7,101.8
2024-05-25 12:00:40.011,21.6,101.8
2024-05-25 12:01:08.205,21.5,101.8
2024-05-25 12:01:36.754,21.6,101.8
2024-05-25 12:02:04.331,21.5,101.8
2024-05-25 12:02:31.406,21.7,101.8
2024-05-25 12:02:59.256,21.6,101.8
2024-05-25 12:03:26.813,21.6,101.8
2024-05-25 12:03:54.093,21.5,101.8
2024-05-25 12:04:21.737,21.7,101.8
2024-05-25 12:04:49.722,21.6,101.8
2024-05-25 12:05:17.617,21.5,101.8
2024-05-25 12:05:45.445,21.5,101.8
2024-05-25 12:06:12.901,21.6,101.8
2024-05-25 12:06:40.782,21.7,101.8
2024-05-25 12:07:07.950,21.7,101.8
2024-05-25 12:07:34.685,21.6,101.8
2024-05-25 12:08:03.063,21.6,101.8
2024-05-25 12:08:31.280,21.6,101.8
2024-05-25 12:08:59.168,21.6,101.8
2024-05-25 12:09:26.937,21.6,101.8
2024-05-25 12:09:55.807,21.6,101.8
2024-05-25 12:10:22.885,21.6,101.8
2024-05-25 12:10:50.610,21.7,101.8
2024-05-25 12:11:18.398,21.7,101.8
2024-05-25 12:11:45.757,21.8,101.8
2024-05-25 12:12:13.567,21.6,101.8
2024-05-25 12:12:41.232,21.7,101.8
2024-05-25 12:13:09.933,21.8,101.8
2024-05-25 12:13:37.735,21.7,101.8
2024-05-25 12:14:05.472,21.4,101.8
2024-05-25 12:14:33.498,21.6,101.8
2024-05-25 12:15:00.915,21.6,101.8
2024-05-25 12:15:27.968,21.7,101.8
2024-05-25 12:15:55.140,21.6,101.8
2024-05-25 12:16:22.671,21.6,101.8
2024-05-25 12:16:50.373,21.6,101.8
2024-05-25 12:17:18.129,21.6,101.8
2024-05-25 12:17:46.969,21.6,101.8
2024-05-25 12:18:14.766,21.6,101.8
2024-05-25 12:18:43.976,21.7,101.8
2024-05-25 12:19:11.550,21.6,101.8
2024-05-25 12:19:38.578,21.4,101.8
2024-05-25 12:20:06.723,21.5,101.8
2024-05-25 12:20:33.934,21.6,101.8
2024-05-25 12:21:00.047,21.7,101.8
2024-05-25 12:21:27.316,21.6,101.8
2024-05-25 12:21:55.202,21.5,101.8
2024-05-25 12:22:23.594,21.5,101.8
2024-05-25 12:22:51.551,21.7,101.8
2024-05-25 12:23:19.262,21.6,101.8
2024-05-25 12:23:46.700,21.5,101.8
2024-05-25 12:24:15.038,21.5,101.8
2024-05-25 12:24:42.162,21.6,101.8
2024-05-25 12:25:09.567,21.7,101.8
2024-05-25 12:25:36.615,21.7,101.8
2024-05-25 12:26:04.271,21.7,101.8
2024-05-25 12:26:31.891,21.7,101.8
2024-05-25 12:26:59.153,21.7,101.8
2024-05-25 12:27:27.034,21.7,101.8
2024-05-25 12:27:54.317,21.6,101.8
2024-05-25 12:28:22.297,21.7,101.8
2024-05-25 12:28:49.426,21.7,101.8
2024-05-25 12:29:17.572,21.6,101.8
2024-05-25 12:29:44.408,21.6,101.8
2024-05-25 12:30:12.290,21.7,101.8
2024-05-25 12:30:40.210,21.5,101.8
2024-05-25 12:31:08.002,21.5,101.8
2024-05-25 12:31:36.854,21.6,101.8
2024-05-25 12:32:04.866,21.7,101.8
2024-05-25 12:32:32.903,21.6,101.8
2024-05-25 12:33:00.659,21.5,101.8
2024-05-25 12:33:29.132,21.6,101.8
2024-05-25 12:33:57.636,21.6,101.8
2024-05-25 12:34:24.221,21.5,101.8
2024-05-25 12:34:51.415,21.4,101.8
2024-05-25 12:35:19.275,21.5,101.8
2024-05-25 12:35:45.807,21.4,101.8
2024-05-25 12:36:13.654,21.6,101.8
2024-05-25 12:36:41.474,21.7,101.8
2024-05-25 12:37:09.215,21.6,101.8
2024-05-25 12:37:38.521,21.5,101.8
2024-05-25 12:38:05.105,21.5,101.8
2024-05-25 12:38:33.290,21.6,101.8
2024-05-25 12:39:00.711,21.5,101.8
2024-05-25 12:39:28.261,21.5,101.8
2024-05-25 12:39:57.528,21.4,101.8
2024-05-25 12:40:25.343,21.4,101.8
2024-05-25 12:40:52.917,21.6,101.8
2024-05-25 12:41:20.236,21.7,101.8
2024-05-25 12:41:48.070,21.5,101.8
2024-05-25 12:42:16.466,21.5,101.8
2024-05-25 12:42:43.558,21.4,101.8
2024-05-25 12:43:10.467,21.4,101.8
2024-05-25 12:43:38.701,21.5,101.8
2024-05-25 12:44:05.946,21.5,101.8
2024-05-25 12:44:34.451,21.5,101.8
2024-05-25 12:45:02.066,21.6,101.8
2024-05-25 12:45:29.520,21.5,101.8
2024-05-25 12:45:55.873,21.5,101.8
2024-05-25 12:46:24.515,21.6,101.8
2024-05-25 12:46:52.591,21.5,101.8
2024-05-25 12:47:20.209,21.5,101.8
2024-05-25 12:47:48.005,21.4,101.8
2024-05-25 12:48:15.590,21.5,101.8
2024-05-25 12:48:42.668,21.6,101.8
2024-05-25 12:49:14.131,21.5,101.8
2024-05-25 12:49:40.390,21.5,101.8
2024-05-25 12:50:07.502,21.7,101.8
2024-05-25 12:50:34.967,21.6,101.8
2024-05-25 12:51:02.760,21.5,101.8
2024-05-25 12:51:30.721,21.6,101.8
2024-05-25 12:51:58.851,21.4,101.8
2024-05-25 12:52:26.486,21.4,101.8
2024-05-25 12:52:53.968,21.4,101.8
2024-05-25 12:53:21.192,21.6,101.8
2024-05-25 12:53:48.808,21.5,101.8
2024-05-25 12:54:16.490,21.5,101.8
2024-05-25 12:54:43.808,21.5,101.8
2024-05-25 12:55:12.401,21.5,101.8
2024-05-25 12:55:40.492,21.7,101.8
2024-05-25 12:56:08.293,21.5,101.8
2024-05-25 12:56:36.245,21.6,101.8
2024-05-25 12:57:03.399,21.6,101.8
2024-05-25 12:57:30.419,21.6,101.8
2024-05-25 12:57:58.226,21.5,101.8
2024-05-25 12:58:26.086,21.5,101.8
2024-05-25 12:58:54.032,21.5,101.8
2024-05-25 12:59:21.221,21.6,101.8
2024-05-25 12:59:48.802,21.5,101.8
2024-05-25 13:00:16.357,21.6,101.8
2024-05-25 13:00:43.779,21.5,101.8
2024-05-25 13:01:11.702,21.5,101.8
2024-05-25 13:01:39.212,21.5,101.8
2024-05-25 13:02:05.932,21.5,101.8
2024-05-25 13:02:32.895,21.5,101.8
2024-05-25 13:03:00.986,21.6,101.8
2024-05-25 13:03:28.942,21.6,101.8
2024-05-25 13:03:56.948,21.6,101.8
2024-05-25 13:04:24.247,21.6,101.8
2024-05-25 13:04:52.327,21.5,101.8
2024-05-25 13:05:20.110,21.6,101.8
2024-05-25 13:05:48.115,21.7,101.8
2024-05-25 13:06:15.149,21.7,101.8
2024-05-25 13:06:42.493,21.6,101.8
2024-05-25 13:07:09.979,21.6,101.8
2024-05-25 13:07:38.057,21.4,101.8
2024-05-25 13:08:04.947,21.4,101.8
2024-05-25 13:08:33.457,21.7,101.8
2024-05-25 13:09:01.340,21.6,101.8
2024-05-25 13:09:29.301,21.5,101.8
2024-05-25 13:09:57.151,21.4,101.8
2024-05-25 13:10:24.837,21.4,101.8
2024-05-25 13:10:51.621,21.5,101.8
2024-05-25 13:11:19.316,21.4,101.8
2024-05-25 13:11:47.722,21.5,101.8
2024-05-25 13:12:15.665,21.4,101.8
2024-05-25 13:12:43.583,21.5,101.8
2024-05-25 13:13:11.132,21.5,101.8
2024-05-25 13:13:39.128,21.6,101.8
2024-05-25 13:14:07.457,21.4,101.8
2024-05-25 13:14:35.789,21.5,101.8
2024-05-25 13:15:02.975,21.6,101.8
2024-05-25 13:15:31.034,21.4,101.8
2024-05-25 13:15:58.988,21.3,101.8
2024-05-25 13:16:26.933,21.5,101.8
2024-05-25 13:16:54.569,21.4,101.8
2024-05-25 13:17:22.257,21.4,101.8
2024-05-25 13:17:49.542,21.5,101.8
2024-05-25 13:18:17.673,21.5,101.8
2024-05-25 13:18:45.900,21.5,101.8
2024-05-25 13:19:14.211,21.4,101.8
2024-05-25 13:19:41.564,21.4,101.8
2024-05-25 13:20:09.202,21.3,101.8
2024-05-25 13:20:37.189,21.4,101.8
2024-05-25 13:21:05.464,21.4,101.8
2024-05-25 13:21:33.152,21.4,101.8
2024-05-25 13:22:01.319,21.4,101.8
2024-05-25 13:22:28.302,21.3,101.8
2024-05-25 13:22:56.191,21.3,101.8
2024-05-25 13:23:24.753,21.5,101.8
2024-05-25 13:23:52.758,21.6,101.8
2024-05-25 13:24:20.422,21.4,101.8
2024-05-25 13:24:48.263,21.3,101.8
2024-05-25 13:25:15.942,21.4,101.8
2024-05-25 13:25:43.223,21.4,101.8
2024-05-25 13:26:11.796,21.4,101.8
2024-05-25 13:26:39.276,21.3,101.8
2024-05-25 13:27:06.442,21.3,101.8
2024-05-25 13:27:34.014,21.3,101.8
2024-05-25 13:28:01.891,21.5,101.8
2024-05-25 13:28:29.250,21.4,101.8
2024-05-25 13:28:57.211,21.4,101.8
2024-05-25 13:29:24.885,21.3,101.8
2024-05-25 13:29:52.339,21.5,101.8
2024-05-25 13:30:19.973,21.4,101.8
2024-05-25 13:30:48.271,21.5,101.8
2024-05-25 13:31:15.779,21.4,101.8
2024-05-25 13:31:42.829,21.4,101.8
2024-05-25 13:32:10.910,21.3,101.8
2024-05-25 13:32:37.785,21.3,101.8
2024-05-25 13:33:04.815,21.4,101.8
2024-05-25 13:33:32.324,21.5,101.8
2024-05-25 13:34:00.575,21.5,101.8
2024-05-25 13:34:28.866,21.5,101.8
2024-05-25 13:34:56.982,21.5,101.8
2024-05-25 13:35:24.913,21.5,101.8
2024-05-25 13:35:52.105,21.6,101.8
2024-05-25 13:36:19.534,21.5,101.8
2024-05-25 13:36:47.518,21.6,101.8
2024-05-25 13:37:15.515,21.5,101.8
2024-05-25 13:37:43.092,21.3,101.8
2024-05-25 13:38:09.757,21.4,101.8
2024-05-25 13:38:37.472,21.3,101.8
2024-05-25 13:39:05.482,21.5,101.8
2024-05-25 13:39:33.758,21.5,101.8
2024-05-25 13:40:01.626,21.5,101.8
2024-05-25 13:40:29.476,21.4,101.8
2024-05-25 13:40:57.228,21.3,101.8
2024-05-25 13:41:25.001,21.5,101.8
2024-05-25 13:41:53.752,21.4,101.8
2024-05-25 13:42:20.915,21.3,101.8
2024-05-25 13:42:48.290,21.5,101.8
2024-05-25 13:43:16.359,21.4,101.8
2024-05-25 13:43:44.236,21.4,101.8
2024-05-25 13:44:11.195,21.5,101.8
2024-05-25 13:44:39.327,21.5,101.8
2024-05-25 13:45:06.165,21.6,101.8
2024-05-25 13:45:33.608,21.6,101.8
2024-05-25 13:46:01.236,21.5,101.8
2024-05-25 13:46:29.639,21.4,101.8
2024-05-25 13:46:57.697,21.5,101.8
2024-05-25 13:47:24.927,21.5,101.8
2024-05-25 13:47:53.329,21.4,101.8
2024-05-25 13:48:20.141,21.5,101.8
2024-05-25 13:48:48.152,21.5,101.8
2024-05-25 13:49:15.569,21.5,101.8
2024-05-25 13:49:43.444,21.5,101.8
2024-05-25 13:50:11.684,21.5,101.8
2024-05-25 13:50:40.061,21.5,101.8
2024-05-25 13:51:08.076,21.5,101.8
2024-05-25 13:51:34.970,21.5,101.8
2024-05-25 13:52:02.494,21.4,101.8
2024-05-25 13:52:30.231,21.5,101.8
2024-05-25 13:52:57.511,21.5,101.8
2024-05-25 13:53:24.776,21.5,101.8
2024-05-25 13:53:53.465,21.4,101.8
2024-05-25 13:54:20.795,21.4,101.8
2024-05-25 13:54:48.033,21.3,101.8
2024-05-25 13:55:15.913,21.4,101.8
2024-05-25 13:55:43.439,21.3,101.8
2024-05-25 13:56:11.071,21.4,101.8
2024-05-25 13:56:38.875,21.5,101.8
2024-05-25 13:57:06.656,21.4,101.8
2024-05-25 13:57:34.394,21.5,101.8
2024-05-25 13:58:02.381,21.5,101.8
2024-05-25 13:58:29.956,21.4,101.8
2024-05-25 13:58:57.607,21.5,101.8
2024-05-25 13:59:25.811,21.4,101.8
2024-05-25 13:59:53.752,21.3,101.8
2024-05-25 14:00:21.380,21.4,101.8
2024-05-25 14:00:49.017,21.3,101.8
2024-05-25 14:01:17.580,21.4,101.8
2024-05-25 14:01:45.103,21.6,101.8
2024-05-25 14:02:12.404,21.5,101.8
2024-05-25 14:02:41.041,21.3,101.8
2024-05-25 14:03:07.671,21.5,101.8
2024-05-25 14:03:35.450,21.4,101.8
2024-05-25 14:04:03.294,21.5,101.8
2024-05-25 14:04:31.328,21.4,101.8
2024-05-25 14:04:59.290,21.5,101.8
2024-05-25 14:05:26.901,21.4,101.8
2024-05-25 14:05:54.326,21.3,101.8
2024-05-25 14:06:22.832,21.3,101.8
2024-05-25 14:06:50.194,21.4,101.8
2024-05-25 14:07:18.321,21.4,101.8
2024-05-25 14:07:46.152,21.4,101.8
2024-05-25 14:08:13.670,21.3,101.8
2024-05-25 14:08:40.771,21.4,101.8
2024-05-25 14:09:09.430,21.3,101.8
2024-05-25 14:09:37.542,21.4,101.8
2024-05-25 14:10:04.817,21.5,101.8
2024-05-25 14:10:32.723,21.5,101.8
2024-05-25 14:11:00.410,21.4,101.8
2024-05-25 14:11:28.492,21.3,101.8
2024-05-25 14:11:55.776,21.3,101.8
2024-05-25 14:12:23.102,21.4,101.8
2024-05-25 14:12:51.081,21.4,101.8
2024-05-25 14:13:18.689,21.4,101.8
2024-05-25 14:13:46.773,21.2,101.8
2024-05-25 14:14:13.636,21.3,101.8
2024-05-25 14:14:41.460,21.3,101.8
2024-05-25 14:15:09.463,21.5,101.8
2024-05-25 14:15:37.332,21.4,101.8
2024-05-25 14:16:04.853,21.3,101.8
2024-05-25 14:16:31.834,21.3,101.8
2024-05-25 14:16:59.759,21.3,101.8
2024-05-25 14:17:28.156,21.5,101.8
2024-05-25 14:17:56.277,21.3,101.8
2024-05-25 14:18:23.754,21.3,101.8
2024-05-25 14:18:51.224,21.4,101.8
2024-05-25 14:19:18.366,21.4,101.8
2024-05-25 14:19:45.488,21.5,101.8
2024-05-25 14:20:14.137,21.5,101.8
2024-05-25 14:20:41.122,21.3,101.8
2024-05-25 14:21:08.803,21.2,101.8
2024-05-25 14:21:37.065,21.3,101.8
2024-05-25 14:22:04.076,21.3,101.8
2024-05-25 14:22:32.787,21.3,101.8
2024-05-25 14:23:00.786,21.4,101.8
2024-05-25 14:23:29.140,21.3,101.8
2024-05-25 14:23:56.987,21.3,101.8
2024-05-25 14:24:24.420,21.3,101.8
2024-05-25 14:24:51.647,21.3,101.8
2024-05-25 14:25:19.289,21.4,101.8
2024-05-25 14:25:47.212,21.3,101.8
2024-05-25 14:26:15.571,21.3,101.8
2024-05-25 14:26:43.222,21.3,101.8
2024-05-25 14:27:10.641,21.3,101.8
2024-05-25 14:27:38.768,21.3,101.8
2024-05-25 14:28:06.786,21.2,101.8
2024-05-25 14:28:34.324,21.3,101.8
2024-05-25 14:29:02.151,21.2,101.8
2024-05-25 14:29:29.613,21.2,101.8
2024-05-25 14:29:58.638,21.3,101.8
2024-05-25 14:30:26.677,21.3,101.8
2024-05-25 14:30:54.364,21.3,101.8
2024-05-25 14:31:22.058,21.3,101.8
2024-05-25 14:31:50.073,21.3,101.8
2024-05-25 14:32:17.811,21.4,101.8
2024-05-25 14:32:45.121,21.2,101.8
2024-05-25 14:33:13.487,21.3,101.8
2024-05-25 14:33:40.763,21.4,101.8
2024-05-25 14:34:08.326,21.4,101.8
2024-05-25 14:34:36.701,21.3,101.8
2024-05-25 14:35:04.405,21.2,101.8
2024-05-25 14:35:32.518,21.2,101.8
2024-05-25 14:36:00.887,21.3,101.8
2024-05-25 14:36:28.351,21.3,101.8
2024-05-25 14:36:56.101,21.3,101.8
2024-05-25 14:37:24.018,21.4,101.8
2024-05-25 14:37:52.161,21.2,101.8
2024-05-25 14:38:20.285,21.2,101.8
2024-05-25 14:38:48.037,21.2,101.8
2024-05-25 14:39:15.351,21.4,101.8
2024-05-25 14:39:42.783,21.3,101.8
2024-05-25 14:40:09.618,21.3,101.8
2024-05-25 14:40:37.828,21.4,101.8
2024-05-25 14:41:06.086,21.2,101.8
2024-05-25 14:41:33.989,21.2,101.8
2024-05-25 14:42:03.260,21.3,101.8
2024-05-25 14:42:31.020,21.3,101.8
2024-05-25 14:42:57.502,21.4,101.8
2024-05-25 14:43:24.895,21.4,101.8
2024-05-25 14:43:52.386,21.3,101.8
2024-05-25 14:44:20.179,21.2,101.8
2024-05-25 14:44:47.634,21.2,101.8
2024-05-25 14:45:15.965,21.2,101.8
2024-05-25 14:45:44.437,21.2,101.8
2024-05-25 14:46:11.455,21.2,101.8
2024-05-25 14:46:39.253,21.2,101.8
2024-05-25 14:47:06.901,21.4,101.8
2024-05-25 14:47:35.164,21.3,101.8
2024-05-25 14:48:03.572,21.4,101.8
2024-05-25 14:48:31.083,21.2,101.8
2024-05-25 14:48:59.355,21.2,101.8
2024-05-25 14:49:27.131,21.2,101.8
2024-05-25 14:49:54.756,21.2,101.8
2024-05-25 14:50:22.668,21.1,101.8
2024-05-25 14:50:49.844,21.2,101.8
2024-05-25 14:51:17.137,21.3,101.8
2024-05-25 14:51:45.602,21.3,101.8
2024-05-25 14:52:12.786,21.3,101.8
2024-05-25 14:52:40.440,21.2,101.8
2024-05-25 14:53:08.447,21.2,101.8
2024-05-25 14:53:36.595,21.3,101.8
2024-05-25 14:54:04.240,21.2,101.8
2024-05-25 14:54:32.172,21.2,101.8
2024-05-25 14:54:59.229,21.2,101.8
2024-05-25 14:55:27.535,21.2,101.8
2024-05-25 14:55:55.814,21.3,101.8
2024-05-25 14:56:23.307,21.3,101.8
2024-05-25 14:56:50.822,21.2,101.8
2024-05-25 14:57:18.594,21.3,101.8
2024-05-25 14:57:46.812,21.2,101.8
2024-05-25 14:58:15.176,21.3,101.8
2024-05-25 14:58:43.120,21.2,101.8
2024-05-25 14:59:11.149,21.2,101.8
2024-05-25 14:59:38.895,21.2,101.8
2024-05-25 15:00:05.933,21.2,101.8
2024-05-25 15:00:33.783,21.2,101.8
2024-05-25 15:01:01.751,21.2,101.8
2024-05-25 15:01:30.171,21.3,101.8
2024-05-25 15:01:57.894,21.2,101.8
2024-05-25 15:02:25.934,21.2,101.8
2024-05-25 15:02:54.193,21.2,101.8
2024-05-25 15:03:22.139,21.2,101.8
2024-05-25 15:03:50.031,21.2,101.8
2024-05-25 15:04:18.638,21.2,101.8
2024-05-25 15:04:46.376,21.4,101.8
2024-05-25 15:05:14.365,21.4,101.8
2024-05-25 15:05:42.020,21.4,101.8
2024-05-25 15:06:10.208,21.4,101.8
2024-05-25 15:06:38.328,21.4,101.8
2024-05-25 15:07:06.237,21.2,101.8
2024-05-25 15:07:33.073,21.2,101.8
2024-05-25 15:08:02.094,21.3,101.8
2024-05-25 15:08:29.752,21.1,101.8
2024-05-25 15:08:57.343,21.2,101.8
2024-05-25 15:09:24.876,21.3,101.8
2024-05-25 15:09:53.237,21.2,101.8
2024-05-25 15:10:21.474,21.1,101.8
2024-05-25 15:10:48.925,21.2,101.8
2024-05-25 15:11:16.921,21.1,101.8
2024-05-25 15:11:45.521,21.2,101.8
2024-05-25 15:12:12.849,21.2,101.8
2024-05-25 15:12:40.531,21.2,101.8
2024-05-25 15:13:08.048,21.2,101.8
2024-05-25 15:13:35.171,21.2,101.8
2024-05-25 15:14:02.804,21.0,101.8
2024-05-25 15:14:30.273,21.1,101.8
2024-05-25 15:14:58.874,21.1,101.8
2024-05-25 15:15:26.509,21.1,101.8
2024-05-25 15:15:54.096,21.2,101.8
2024-05-25 15:16:21.965,21.3,101.8
2024-05-25 15:16:49.139,21.2,101.8
2024-05-25 15:17:17.515,21.1,101.8
2024-05-25 15:17:44.796,21.2,101.8
2024-05-25 15:18:12.232,21.2,101.8
2024-05-25 15:18:40.774,21.3,101.8
2024-05-25 15:19:08.571,21.2,101.8
2024-05-25 15:19:34.619,21.2,101.8
2024-05-25 15:20:03.233,21.1,101.8
2024-05-25 15:20:30.777,21.1,101.8
2024-05-25 15:20:59.041,21.1,101.8
2024-05-25 15:21:26.359,20.9,101.8
2024-05-25 15:21:54.301,21.1,101.8
2024-05-25 15:22:21.815,21.2,101.8
2024-05-25 15:22:49.870,21.1,101.8
2024-05-25 15:23:18.406,21.0,101.8
2024-05-25 15:23:46.180,21.0,101.8
2024-05-25 15:24:14.423,21.2,101.8
2024-05-25 15:24:43.118,21.1,101.8
2024-05-25 15:25:10.508,21.2,101.8
2024-05-25 15:25:37.931,21.2,101.8
2024-05-25 15:26:06.039,21.2,101.8
2024-05-25 15:26:33.349,21.2,101.8
2024-05-25 15:27:00.947,21.2,101.8
2024-05-25 15:27:27.491,21.1,101.8
2024-05-25 15:27:54.823,20.9,101.8
2024-05-25 15:28:22.469,21.1,101.8
2024-05-25 15:28:49.763,21.0,101.8
2024-05-25 15:29:17.062,21.1,101.8
2024-05-25 15:29:45.234,21.1,101.8
2024-05-25 15:30:12.423,21.0,101.8
2024-05-25 15:30:39.620,21.0,101.8
2024-05-25 15:31:06.589,21.2,101.8
2024-05-25 15:31:33.749,21.3,101.8
2024-05-25 15:32:01.512,21.1,101.8
2024-05-25 15:32:28.933,21.1,101.8
2024-05-25 15:32:56.050,21.1,101.8
2024-05-25 15:33:23.057,21.2,101.8
2024-05-25 15:33:50.546,21.2,101.8
2024-05-25 15:34:17.563,21.2,101.8
2024-05-25 15:34:45.332,21.2,101.8
2024-05-25 15:35:13.652,21.1,101.8
2024-05-25 15:35:41.171,21.2,101.8
2024-05-25 15:36:09.165,21.1,101.8
2024-05-25 15:36:37.093,21.0,101.8
2024-05-25 15:37:04.845,21.1,101.8
2024-05-25 15:37:33.477,21.2,101.8
2024-05-25 15:38:01.566,21.1,101.8
2024-05-25 15:38:28.851,20.9,101.8
2024-05-25 15:38:57.654,21.1,101.8
2024-05-25 15:39:25.674,21.2,101.8
2024-05-25 15:39:53.893,21.2,101.8
2024-05-25 15:40:20.930,21.1,101.8
2024-05-25 15:40:49.067,21.1,101.8
2024-05-25 15:41:15.923,21.2,101.8
2024-05-25 15:41:44.230,21.1,101.8
2024-05-25 15:42:11.669,20.9,101.8
2024-05-25 15:42:38.700,21.2,101.8
2024-05-25 15:43:06.819,21.2,101.8
2024-05-25 15:43:34.966,21.2,101.8
2024-05-25 15:44:03.262,21.0,101.8
2024-05-25 15:44:30.617,21.1,101.8
2024-05-25 15:44:58.630,21.1,101.8
2024-05-25 15:45:24.809,21.0,101.8
2024-05-25 15:45:52.108,21.2,101.8
2024-05-25 15:46:20.093,21.1,101.8
2024-05-25 15:46:47.777,21.0,101.8
2024-05-25 15:47:14.636,21.1,101.8
2024-05-25 15:47:42.133,21.2,101.8
2024-05-25 15:48:09.070,21.2,101.8
2024-05-25 15:48:36.595,21.2,101.8
2024-05-25 15:49:03.629,21.1,101.8
2024-05-25 15:49:32.474,21.1,101.8
2024-05-25 15:49:59.889,21.0,101.8
2024-05-25 15:50:28.248,21.0,101.8
2024-05-25 15:50:56.421,21.1,101.8
2024-05-25 15:51:24.242,21.0,101.8
2024-05-25 15:51:52.004,21.0,101.8
2024-05-25 15:52:20.648,21.1,101.8
2024-05-25 15:52:48.020,21.1,101.8
2024-05-25 15:53:16.264,21.1,101.8
2024-05-25 15:53:43.378,21.0,101.8
2024-05-25 15:54:11.246,21.0,101.8
2024-05-25 15:54:38.605,21.0,101.8
2024-05-25 15:55:06.373,21.1,101.8
2024-05-25 15:55:34.365,21.1,101.8
2024-05-25 15:56:02.076,21.2,101.8
2024-05-25 15:56:30.158,21.1,101.8
2024-05-25 15:56:57.958,21.0,101.8
2024-05-25 15:57:25.841,21.0,101.8
2024-05-25 15:57:53.438,21.0,101.8
2024-05-25 15:58:21.085,20.9,101.8
2024-05-25 15:58:49.236,21.1,101.8
2024-05-25 15:59:16.851,20.9,101.8
2024-05-25 15:59:44.934,21.0,101.8
2024-05-25 16:00:12.228,21.1,101.8
2024-05-25 16:00:40.246,20.9,101.8
2024-05-25 16:01:08.306,20.9,101.8
2024-05-25 16:01:36.151,20.9,101.8
2024-05-25 16:02:03.984,21.1,101.8
2024-05-25 16:02:31.739,21.1,101.8
2024-05-25 16:02:58.598,20.9,101.8
2024-05-25 16:03:26.770,20.9,101.8
2024-05-25 16:03:54.049,21.0,101.8
2024-05-25 16:04:23.325,21.0,101.8
2024-05-25 16:04:50.361,21.1,101.8
2024-05-25 16:05:18.190,21.0,101.8
2024-05-25 16:05:46.014,21.1,101.8
2024-05-25 16:06:14.591,20.9,101.8
2024-05-25 16:06:41.760,20.9,101.8
2024-05-25 16:07:09.186,21.0,101.8
2024-05-25 16:07:36.560,21.1,101.8
2024-05-25 16:08:04.915,21.0,101.8
2024-05-25 16:08:32.680,21.1,101.8
2024-05-25 16:09:01.273,21.1,101.8
2024-05-25 16:09:28.226,20.9,101.8
2024-05-25 16:09:56.386,20.9,101.8
2024-05-25 16:10:24.817,21.0,101.8
2024-05-25 16:10:52.908,20.9,101.8
2024-05-25 16:11:21.277,20.8,101.8
2024-05-25 16:11:49.034,20.9,101.8
2024-05-25 16:12:16.884,21.0,101.8
2024-05-25 16:12:45.847,21.2,101.8
2024-05-25 16:13:13.609,21.1,101.8
2024-05-25 16:13:41.149,21.0,101.8
2024-05-25 16:14:09.821,20.9,101.8
2024-05-25 16:14:37.963,21.0,101.8
2024-05-25 16:15:05.610,21.0,101.8
2024-05-25 16:15:34.188,21.0,101.8
2024-05-25 16:16:01.197,21.1,101.8
2024-05-25 16:16:28.467,20.9,101.8
2024-05-25 16:16:56.284,20.9,101.8
2024-05-25 16:17:24.403,20.9,101.8
2024-05-25 16:17:51.847,20.9,101.8
2024-05-25 16:18:19.226,21.0,101.8
2024-05-25 16:18:45.980,20.9,101.8
2024-05-25 16:19:13.816,20.9,101.8
2024-05-25 16:19:41.118,21.0,101.8
2024-05-25 16:20:09.184,20.9,101.8
2024-05-25 16:20:37.398,20.9,101.8
2024-05-25 16:21:05.124,20.8,101.8
2024-05-25 16:21:33.145,20.9,101.8
2024-05-25 16:22:00.295,21.0,101.8
2024-05-25 16:22:28.979,21.0,101.8
2024-05-25 16:22:57.411,21.0,101.8
2024-05-25 16:23:25.144,20.9,101.8
2024-05-25 16:23:53.805,21.0,101.8
2024-05-25 16:24:21.534,21.0,101.8
2024-05-25 16:24:48.661,21.0,101.8
2024-05-25 16:25:16.846,21.1,101.8
2024-05-25 16:25:44.513,20.9,101.8
2024-05-25 16:26:13.955,20.9,101.8
2024-05-25 16:26:41.429,20.8,101.8
2024-05-25 16:27:10.081,20.9,101.8
2024-05-25 16:27:37.573,20.9,101.8
2024-05-25 16:28:06.094,20.9,101.8
2024-05-25 16:28:33.884,20.8,101.8
2024-05-25 16:29:01.532,20.9,101.8
2024-05-25 16:29:29.628,20.9,101.8
2024-05-25 16:29:57.740,20.8,101.8
2024-05-25 16:30:25.698,20.8,101.8
2024-05-25 16:30:53.488,20.9,101.8
2024-05-25 16:31:21.349,20.9,101.8
2024-05-25 16:31:49.127,20.9,101.8
2024-05-25 16:32:17.915,20.9,101.8
2024-05-25 16:32:45.632,20.9,101.8
2024-05-25 16:33:13.581,21.0,101.8
2024-05-25 16:33:41.474,20.9,101.8
2024-05-25 16:34:09.490,20.9,101.8
2024-05-25 16:34:36.858,20.9,101.8
2024-05-25 16:35:05.224,20.9,101.8
2024-05-25 16:35:32.699,20.9,101.8
2024-05-25 16:36:00.623,21.0,101.8
2024-05-25 16:36:26.725,20.9,101.8
2024-05-25 16:36:54.799,20.9,101.8
2024-05-25 16:37:22.670,20.8,101.8
2024-05-25 16:37:50.144,20.9,101.8
2024-05-25 16:38:18.651,20.9,101.8
2024-05-25 16:38:46.374,21.0,101.8
2024-05-25 16:39:14.964,20.9,101.8
2024-05-25 16:39:42.174,20.9,101.8
2024-05-25 16:40:08.846,21.0,101.8
2024-05-25 16:40:37.302,20.9,101.8
2024-05-25 16:41:05.156,20.9,101.8
2024-05-25 16:41:33.061,20.9,101.8
2024-05-25 16:42:01.561,20.9,101.8
2024-05-25 16:42:29.606,20.9,101.8
2024-05-25 16:42:57.301,20.9,101.8
2024-05-25 16:43:24.930,20.9,101.8
2024-05-25 16:43:53.478,20.9,101.8
2024-05-25 16:44:20.947,21.0,101.8
2024-05-25 16:44:49.542,21.0,101.8
2024-05-25 16:45:17.827,21.0,101.8
2024-05-25 16:45:45.840,20.9,101.8
2024-05-25 16:46:13.667,20.8,101.8
2024-05-25 16:46:42.513,20.8,101.8
2024-05-25 16:47:10.504,20.8,101.8
2024-05-25 16:47:38.360,21.0,101.8
2024-05-25 16:48:06.198,21.0,101.8
2024-05-25 16:48:33.160,20.8,101.8
2024-05-25 16:49:00.857,20.9,101.8
2024-05-25 16:49:29.032,20.9,101.8
2024-05-25 16:49:56.889,20.9,101.8
2024-05-25 16:50:24.726,20.9,101.8
2024-05-25 16:50:52.092,20.8,101.8
2024-05-25 16:51:19.714,20.9,101.8
2024-05-25 16:51:47.647,20.8,101.8
2024-05-25 16:52:15.173,20.7,101.8
2024-05-25 16:52:42.951,20.8,101.8
2024-05-25 16:53:10.424,20.9,101.8
2024-05-25 16:53:38.294,20.9,101.8
2024-05-25 16:54:06.071,21.0,101.8
2024-05-25 16:54:34.448,20.9,101.8
2024-05-25 16:55:03.501,20.8,101.8
2024-05-25 16:55:31.062,20.9,101.8
2024-05-25 16:55:58.289,20.8,101.8
2024-05-25 16:56:26.750,20.9,101.8
2024-05-25 16:56:54.080,21.0,101.8
2024-05-25 16:57:21.573,20.9,101.8
2024-05-25 16:57:49.861,21.0,101.8
2024-05-25 16:58:17.993,20.9,101.8
2024-05-25 16:58:45.856,20.9,101.8
2024-05-25 16:59:14.222,20.8,101.8
2024-05-25 16:59:41.475,20.9,101.8
2024-05-25 17:00:09.214,20.9,101.8
2024-05-25 17:00:37.719,20.8,101.8
2024-05-25 17:01:04.788,20.9,101.8
2024-05-25 17:01:32.681,20.8,101.8
2024-05-25 17:02:00.725,21.1,101.8
2024-05-25 17:02:28.191,21.0,101.8
2024-05-25 17:02:56.287,20.9,101.8
2024-05-25 17:03:24.169,21.0,101.8
2024-05-25 17:03:52.484,20.8,101.8
2024-05-25 17:04:20.472,20.9,101.8
2024-05-25 17:04:47.995,20.9,101.8
2024-05-25 17:05:16.612,20.9,101.8
2024-05-25 17:05:43.647,20.9,101.8
2024-05-25 17:06:11.414,20.9,101.8
2024-05-25 17:06:39.405,21.0,101.8
2024-05-25 17:07:07.994,20.9,101.8
2024-05-25 17:07:35.770,20.9,101.8
2024-05-25 17:08:03.166,20.8,101.8
2024-05-25 17:08:29.919,20.9,101.8
2024-05-25 17:08:58.418,20.8,101.8
2024-05-25 17:09:25.659,20.7,101.8
2024-05-25 17:09:54.628,20.8,101.8
2024-05-25 17:10:21.946,20.9,101.8
2024-05-25 17:10:48.738,20.8,101.8
2024-05-25 17:11:17.003,20.9,101.8
2024-05-25 17:11:44.662,20.9,101.8
2024-05-25 17:12:13.325,20.9,101.8
2024-05-25 17:12:40.258,20.9,101.8
2024-05-25 17:13:07.632,20.8,101.8
2024-05-25 17:13:35.725,21.0,101.8
2024-05-25 17:14:03.730,20.9,101.8
2024-05-25 17:14:31.629,20.8,101.8
2024-05-25 17:14:58.890,20.9,101.8
2024-05-25 17:15:26.764,20.9,101.8
2024-05-25 17:15:54.192,20.7,101.8
2024-05-25 17:16:22.041,20.7,101.8
2024-05-25 17:16:49.948,20.8,101.8
2024-05-25 17:17:17.935,20.9,101.8
2024-05-25 17:17:45.938,21.0,101.8
2024-05-25 17:18:13.345,20.9,101.8
2024-05-25 17:18:41.458,20.9,101.8
2024-05-25 17:19:09.637,20.9,101.8
2024-05-25 17:19:36.656,20.9,101.8
2024-05-25 17:20:03.936,20.8,101.8
2024-05-25 17:20:32.394,21.0,101.8
2024-05-25 17:21:00.572,21.0,101.8
2024-05-25 17:21:28.696,20.9,101.8
2024-05-25 17:21:56.975,20.9,101.8
2024-05-25 17:22:25.384,20.8,101.8
2024-05-25 17:22:53.002,20.8,101.8
2024-05-25 17:23:19.895,20.9,101.8
2024-05-25 17:23:46.900,20.8,101.8
2024-05-25 17:24:14.689,20.8,101.8
2024-05-25 17:24:42.901,20.8,101.8
2024-05-25 17:25:10.486,21.0,101.8
2024-05-25 17:25:38.558,21.0,101.8
2024-05-25 17:26:05.307,20.9,101.8
2024-05-25 17:26:33.321,20.9,101.8
2024-05-25 17:27:00.055,20.8,101.8
2024-05-25 17:27:27.934,20.9,101.8
2024-05-25 17:27:56.120,20.9,101.8
2024-05-25 17:28:24.358,20.7,101.8
2024-05-25 17:28:52.255,20.9,101.8
2024-05-25 17:29:20.057,20.8,101.8
2024-05-25 17:29:48.415,21.0,101.8
2024-05-25 17:30:15.690,21.0,101.8
2024-05-25 17:30:43.826,20.8,101.8
2024-05-25 17:31:11.005,20.9,101.8
2024-05-25 17:31:38.146,20.7,101.8
2024-05-25 17:32:06.078,20.9,101.8
2024-05-25 17:32:33.450,20.9,101.8
2024-05-25 17:33:01.657,20.9,101.8
2024-05-25 17:33:28.818,20.8,101.8
2024-05-25 17:33:56.502,20.8,101.8
2024-05-25 17:34:24.589,20.9,101.8
2024-05-25 17:34:52.796,20.9,101.8
2024-05-25 17:35:20.904,20.9,101.8
2024-05-25 17:35:48.613,20.9,101.8
2024-05-25 17:36:16.019,20.9,101.8
2024-05-25 17:36:43.250,20.9,101.8
2024-05-25 17:37:11.396,20.8,101.8
2024-05-25 17:37:39.022,20.8,101.8
2024-05-25 17:38:06.810,20.8,101.8
2024-05-25 17:38:34.690,20.8,101.8
2024-05-25 17:39:01.119,20.8,101.8
2024-05-25 17:39:28.475,20.8,101.8
2024-05-25 17:39:56.302,20.7,101.8
2024-05-25 17:40:24.132,20.8,101.8
2024-05-25 17:40:51.254,20.9,101.8
2024-05-25 17:41:20.456,20.9,101.8
2024-05-25 17:41:47.934,20.9,101.8
2024-05-25 17:42:15.938,20.8,101.8
2024-05-25 17:42:43.085,20.9,101.8
2024-05-25 17:43:11.662,21.0,101.8
2024-05-25 17:43:39.858,20.9,101.8
2024-05-25 17:44:08.176,21.0,101.8
2024-05-25 17:44:35.786,20.9,101.8
2024-05-25 17:45:03.545,20.8,101.8
2024-05-25 17:45:30.915,20.9,101.8
2024-05-25 17:45:58.432,20.9,101.8
2024-05-25 17:46:25.962,20.9,101.8
2024-05-25 17:46:53.371,20.8,101.8
2024-05-25 17:47:21.794,20.9,101.8
2024-05-25 17:47:49.660,20.9,101.8
2024-05-25 17:48:17.596,21.0,101.8
2024-05-25 17:48:46.254,20.9,101.8
2024-05-25 17:49:14.112,20.9,101.8
2024-05-25 17:49:42.565,20.9,101.8
2024-05-25 17:50:10.594,20.8,101.8
2024-05-25 17:50:38.728,20.9,101.8
2024-05-25 17:51:07.064,20.9,101.8
2024-05-25 17:51:34.569,20.8,101.8
2024-05-25 17:52:02.337,21.0,101.8
2024-05-25 17:52:29.899,20.9,101.8
2024-05-25 17:52:57.940,20.9,101.8
2024-05-25 17:53:26.189,21.0,101.8
2024-05-25 17:53:54.690,20.9,101.8
2024-05-25 17:54:22.745,20.9,101.8
2024-05-25 17:54:50.705,21.0,101.8
2024-05-25 17:55:18.336,21.0,101.8
2024-05-25 17:55:45.226,21.0,101.8
2024-05-25 17:56:12.781,20.9,101.8
2024-05-25 17:56:40.998,21.0,101.8
2024-05-25 17:57:09.175,21.0,101.8
2024-05-25 17:57:36.397,20.9,101.8
2024-05-25 17:58:04.218,20.8,101.8
2024-05-25 17:58:31.871,20.9,101.8
2024-05-25 17:59:00.038,20.9,101.8
2024-05-25 17:59:28.060,20.9,101.8
2024-05-25 17:59:56.905,20.8,101.8
2024-05-25 18:00:24.615,20.9,101.8
2024-05-25 18:00:50.695,20.9,101.8
2024-05-25 18:01:18.805,20.8,101.8
2024-05-25 18:01:46.716,20.9,101.8
2024-05-25 18:02:14.069,20.7,101.8
2024-05-25 18:02:42.871,20.9,101.8
2024-05-25 18:03:10.525,20.9,101.8
2024-05-25 18:03:38.398,20.8,101.8
2024-05-25 18:04:06.205,20.7,101.8
2024-05-25 18:04:34.101,20.9,101.8
2024-05-25 18:05:02.555,20.9,101.8
2024-05-25 18:05:30.266,20.8,101.8
2024-05-25 18:05:58.156,20.7,101.8
2024-05-25 18:06:25.540,20.9,101.8
2024-05-25 18:06:53.136,20.8,101.8
2024-05-25 18:07:21.405,20.7,101.8
2024-05-25 18:07:48.681,20.8,101.8
2024-05-25 18:08:14.407,20.9,101.8
2024-05-25 18:08:43.793,20.9,101.8
2024-05-25 18:09:11.149,20.9,101.8
2024-05-25 18:09:39.689,20.9,101.8
2024-05-25 18:10:07.176,21.0,101.8
2024-05-25 18:10:36.452,20.9,101.8
2024-05-25 18:11:03.936,20.9,101.8
2024-05-25 18:11:31.676,20.9,101.8
2024-05-25 18:11:59.288,20.8,101.8
2024-05-25 18:12:27.561,20.9,101.8
2024-05-25 18:12:54.972,20.8,101.8
2024-05-25 18:13:22.889,20.8,101.8
2024-05-25 18:13:50.630,20.8,101.8
2024-05-25 18:14:18.250,20.9,101.8
2024-05-25 18:14:46.203,20.9,101.8
2024-05-25 18:15:14.610,20.9,101.8
2024-05-25 18:15:41.322,20.9,101.8
2024-05-25 18:16:08.898,20.9,101.8
2024-05-25 18:16:36.657,20.8,101.8
2024-05-25 18:17:04.449,20.9,101.8
2024-05-25 18:17:32.511,20.8,101.8
2024-05-25 18:17:59.017,20.8,101.8
2024-05-25 18:18:26.632,20.9,101.8
2024-05-25 18:18:54.318,20.9,101.8
2024-05-25 18:19:23.090,21.0,101.8
2024-05-25 18:19:50.967,20.9,101.8
2024-05-25 18:20:18.897,20.7,101.8
2024-05-25 18:20:46.999,20.8,101.8
2024-05-25 18:21:15.393,20.8,101.8
2024-05-25 18:21:42.860,21.0,101.8
2024-05-25 18:22:10.203,20.9,101.8
2024-05-25 18:22:37.674,20.9,101.8
2024-05-25 18:23:05.242,21.1,101.8
2024-05-25 18:23:33.624,20.9,101.8
2024-05-25 18:24:01.377,20.8,101.8
2024-05-25 18:24:29.917,20.9,101.8
2024-05-25 18:24:57.510,20.9,101.8
2024-05-25 18:25:25.329,21.0,101.8
2024-05-25 18:25:53.394,20.9,101.8
2024-05-25 18:26:20.617,20.9,101.8
2024-05-25 18:26:48.680,20.9,101.8
2024-05-25 18:27:16.955,21.0,101.8
2024-05-25 18:27:45.181,20.9,101.8
2024-05-25 18:28:12.422,20.8,101.8
2024-05-25 18:28:40.137,20.9,101.8
2024-05-25 18:29:07.393,21.0,101.8
2024-05-25 18:29:34.904,21.0,101.8
2024-05-25 18:30:03.992,20.8,101.8
2024-05-25 18:30:32.242,20.9,101.8
2024-05-25 18:31:00.118,21.0,101.8
2024-05-25 18:31:27.605,21.0,101.8
2024-05-25 18:31:55.279,21.0,101.8
2024-05-25 18:32:23.439,21.0,101.8
2024-05-25 18:32:50.938,20.9,101.8
2024-05-25 18:33:18.178,20.9,101.8
2024-05-25 18:33:45.646,21.0,101.8
2024-05-25 18:34:12.949,20.9,101.8
2024-05-25 18:34:41.231,21.0,101.8
2024-05-25 18:35:08.785,21.0,101.8
2024-05-25 18:35:36.300,20.8,101.8
2024-05-25 18:36:05.128,20.9,101.8
2024-05-25 18:36:33.664,21.0,101.8
2024-05-25 18:37:01.823,20.9,101.8
2024-05-25 18:37:29.126,21.0,101.8
2024-05-25 18:37:56.841,21.1,101.8
2024-05-25 18:38:24.161,21.0,101.8
2024-05-25 18:38:52.842,20.9,101.8
2024-05-25 18:39:19.718,20.9,101.8
2024-05-25 18:39:46.873,20.9,101.8
2024-05-25 18:40:13.639,20.9,101.8
2024-05-25 18:40:41.165,21.0,101.8
2024-05-25 18:41:10.350,20.9,101.8
2024-05-25 18:41:37.117,20.9,101.8
2024-05-25 18:42:05.241,20.8,101.8
2024-05-25 18:42:32.829,20.9,101.8
2024-05-25 18:43:00.563,21.0,101.8
2024-05-25 18:43:28.354,21.0,101.8
2024-05-25 18:43:56.116,21.0,101.8
2024-05-25 18:44:24.350,21.0,101.8
2024-05-25 18:44:51.764,21.0,101.8
2024-05-25 18:45:20.271,20.9,101.8
2024-05-25 18:45:47.304,20.9,101.8
2024-05-25 18:46:15.090,21.0,101.8
2024-05-25 18:46:43.555,21.0,101.8
2024-05-25 18:47:11.850,21.0,101.8
2024-05-25 18:47:39.684,20.9,101.8
2024-05-25 18:48:08.386,20.9,101.8
2024-05-25 18:48:35.592,20.9,101.8
2024-05-25 18:49:04.159,20.9,101.8
2024-05-25 18:49:35.239,20.9,101.8
2024-05-25 18:50:00.453,21.0,101.8
2024-05-25 18:50:27.502,20.9,101.8
2024-05-25 18:50:54.670,20.8,101.8
2024-05-25 18:51:22.236,21.0,101.8
2024-05-25 18:51:50.474,20.9,101.8
2024-05-25 18:52:17.932,20.9,101.8
2024-05-25 18:52:45.778,21.0,101.8
2024-05-25 18:53:13.714,21.0,101.8
2024-05-25 18:53:41.142,21.0,101.8
2024-05-25 18:54:08.221,20.9,101.8
2024-05-25 18:54:36.622,20.9,101.8
2024-05-25 18:55:04.077,21.1,101.8
2024-05-25 18:55:31.384,21.0,101.8
2024-05-25 18:55:59.359,21.1,101.8
2024-05-25 18:56:27.400,21.1,101.8
2024-05-25 18:56:54.867,21.1,101.8
2024-05-25 18:57:22.803,21.1,101.8
2024-05-25 18:57:50.076,21.2,101.8
2024-05-25 18:58:17.952,21.0,101.8
2024-05-25 18:58:45.620,21.0,101.8
2024-05-25 18:59:14.324,20.9,101.8
2024-05-25 18:59:41.775,21.1,101.8
2024-05-25 19:00:09.589,20.9,101.8
2024-05-25 19:00:37.446,20.9,101.8
2024-05-25 19:01:05.145,20.9,101.8
2024-05-25 19:01:33.407,21.0,101.8
2024-05-25 19:02:00.797,21.0,101.8
2024-05-25 19:02:29.271,21.1,101.8
2024-05-25 19:02:57.472,21.1,101.8
2024-05-25 19:03:25.823,21.1,101.8
2024-05-25 19:03:53.956,21.0,101.8
2024-05-25 19:04:21.915,20.9,101.8
2024-05-25 19:04:49.698,21.0,101.8
2024-05-25 19:05:17.285,21.0,101.8
2024-05-25 19:05:45.116,20.9,101.8
2024-05-25 19:06:12.502,20.9,101.8
2024-05-25 19:06:40.409,21.0,101.8
2024-05-25 19:07:08.453,21.0,101.8
2024-05-25 19:07:35.700,21.0,101.8
2024-05-25 19:08:03.606,21.0,101.8
2024-05-25 19:08:31.208,21.1,101.8
2024-05-25 19:08:58.948,21.2,101.8
2024-05-25 19:09:26.756,21.1,101.8
2024-05-25 19:09:54.108,21.0,101.8
2024-05-25 19:10:21.652,21.1,101.8
2024-05-25 19:10:49.295,21.1,101.8
2024-05-25 19:11:17.183,21.0,101.8
2024-05-25 19:11:45.193,21.0,101.8
2024-05-25 19:12:12.966,21.0,101.8
2024-05-25 19:12:40.315,21.1,101.8
2024-05-25 19:13:07.559,21.0,101.8
2024-05-25 19:13:34.979,21.0,101.8
2024-05-25 19:14:02.149,21.1,101.8
2024-05-25 19:14:29.678,20.9,101.8
2024-05-25 19:14:57.568,21.0,101.8
2024-05-25 19:15:25.755,21.1,101.8
2024-05-25 19:15:53.723,21.2,101.8
2024-05-25 19:16:22.221,21.1,101.8
2024-05-25 19:16:50.461,21.0,101.8
2024-05-25 19:17:17.601,21.0,101.8
2024-05-25 19:17:45.402,21.0,101.8
2024-05-25 19:18:14.125,20.9,101.8
2024-05-25 19:18:40.901,21.1,101.8
2024-05-25 19:19:07.798,21.0,101.8
2024-05-25 19:19:36.747,20.9,101.8
2024-05-25 19:20:04.083,21.1,101.8
2024-05-25 19:20:31.681,21.0,101.8
2024-05-25 19:20:59.328,21.1,101.8
2024-05-25 19:21:27.380,21.0,101.8
2024-05-25 19:21:55.234,20.9,101.8
2024-05-25 19:22:23.215,20.9,101.8
2024-05-25 19:22:50.890,21.0,101.8
2024-05-25 19:23:19.092,21.0,101.8
2024-05-25 19:23:47.173,21.0,101.8
2024-05-25 19:24:14.319,20.9,101.8
2024-05-25 19:24:41.960,20.9,101.8
2024-05-25 19:25:09.700,21.0,101.8
2024-05-25 19:25:37.000,21.0,101.8
2024-05-25 19:26:05.334,21.0,101.8
2024-05-25 19:26:32.611,21.1,101.8
2024-05-25 19:26:59.460,21.0,101.8
2024-05-25 19:27:26.793,21.0,101.8
2024-05-25 19:27:53.792,21.0,101.8
2024-05-25 19:28:21.485,20.9,101.8
2024-05-25 19:28:49.162,21.1,101.8
2024-05-25 19:29:17.112,21.1,101.8
2024-05-25 19:29:44.006,21.0,101.8
2024-05-25 19:30:11.657,21.0,101.8
2024-05-25 19:30:38.902,21.0,101.8
2024-05-25 19:31:08.058,21.0,101.8
2024-05-25 19:31:35.932,21.0,101.8
2024-05-25 19:32:04.214,20.9,101.8
2024-05-25 19:32:31.704,20.9,101.8
2024-05-25 19:32:59.737,21.0,101.8
2024-05-25 19:33:28.006,21.1,101.8
2024-05-25 19:33:55.968,21.0,101.8
2024-05-25 19:34:23.937,20.9,101.8
2024-05-25 19:34:51.548,21.0,101.8
2024-05-25 19:35:19.556,21.1,101.8
2024-05-25 19:35:47.304,21.1,101.8
2024-05-25 19:36:15.531,21.0,101.8
2024-05-25 19:36:43.176,21.1,101.8
2024-05-25 19:37:11.796,21.2,101.8
2024-05-25 19:37:39.588,21.0,101.8
2024-05-25 19:38:06.553,21.1,101.8
2024-05-25 19:38:34.380,21.0,101.8
2024-05-25 19:39:02.109,21.1,101.8
2024-05-25 19:39:29.533,21.0,101.8
2024-05-25 19:39:57.325,21.0,101.8
2024-05-25 19:40:24.186,20.9,101.8
2024-05-25 19:40:51.373,21.1,101.8
2024-05-25 19:41:19.837,21.0,101.8
2024-05-25 19:41:47.566,21.0,101.8
2024-05-25 19:42:15.106,21.0,101.8
2024-05-25 19:42:43.117,21.0,101.8
2024-05-25 19:43:11.191,21.0,101.8
2024-05-25 19:43:38.881,21.0,101.8
2024-05-25 19:44:07.071,20.9,101.8
2024-05-25 19:44:35.147,21.0,101.8
2024-05-25 19:45:03.268,21.1,101.8
2024-05-25 19:45:31.231,21.1,101.8
2024-05-25 19:45:58.568,21.1,101.8
2024-05-25 19:46:26.699,21.1,101.8
2024-05-25 19:46:55.033,21.1,101.8
2024-05-25 19:47:23.487,21.0,101.8
2024-05-25 19:47:50.441,20.8,101.8
2024-05-25 19:48:18.267,20.9,101.8
2024-05-25 19:48:45.137,20.9,101.8
2024-05-25 19:49:12.658,21.0,101.8
2024-05-25 19:49:40.903,21.1,101.8
2024-05-25 19:50:08.248,20.9,101.8
2024-05-25 19:50:35.800,20.9,101.8
2024-05-25 19:51:02.786,20.9,101.8
2024-05-25 19:51:30.617,21.0,101.8
2024-05-25 19:51:58.346,21.0,101.8
2024-05-25 19:52:25.797,21.0,101.8
2024-05-25 19:52:53.776,21.0,101.8
2024-05-25 19:53:21.578,21.0,101.8
2024-05-25 19:53:50.873,21.0,101.8
2024-05-25 19:54:18.163,20.9,101.8
2024-05-25 19:54:47.522,21.0,101.8
2024-05-25 19:55:15.159,20.9,101.8
2024-05-25 19:55:43.418,20.9,101.8
2024-05-25 19:56:11.169,21.0,101.8
2024-05-25 19:56:38.230,21.0,101.8
2024-05-25 19:57:05.428,20.9,101.8
2024-05-25 19:57:33.286,21.0,101.8
2024-05-25 19:58:01.562,21.0,101.8
2024-05-25 19:58:29.453,21.0,101.8
2024-05-25 19:58:57.264,21.0,101.8
2024-05-25 19:59:25.212,21.0,101.8
2024-05-25 19:59:52.417,20.9,101.8
2024-05-25 20:00:20.382,20.9,101.8
2024-05-25 20:00:48.011,21.0,101.8
2024-05-25 20:01:16.540,20.8,101.8
2024-05-25 20:01:44.535,21.0,101.8
2024-05-25 20:02:12.318,20.9,101.8
2024-05-25 20:02:41.149,20.9,101.8
2024-05-25 20:03:08.487,21.1,101.8
2024-05-25 20:03:35.807,21.1,101.8
2024-05-25 20:04:03.850,21.0,101.8
2024-05-25 20:04:31.463,21.0,101.8
2024-05-25 20:04:58.684,21.0,101.8
2024-05-25 20:05:26.974,21.0,101.8
2024-05-25 20:05:54.083,21.0,101.8
2024-05-25 20:06:20.868,21.0,101.8
2024-05-25 20:06:48.411,21.0,101.8
2024-05-25 20:07:16.051,20.9,101.8
2024-05-25 20:07:43.585,21.0,101.8
2024-05-25 20:08:12.928,21.0,101.8
2024-05-25 20:08:40.572,21.0,101.8
2024-05-25 20:09:08.378,20.9,101.8
2024-05-25 20:09:36.046,20.9,101.8
2024-05-25 20:10:03.748,21.0,101.8
2024-05-25 20:10:31.595,21.0,101.8
2024-05-25 20:10:59.668,21.0,101.8
2024-05-25 20:11:27.655,21.1,101.8
2024-05-25 20:11:54.424,20.9,101.8
2024-05-25 20:12:22.463,20.9,101.8
2024-05-25 20:12:49.738,20.8,101.8
2024-05-25 20:13:17.701,21.0,101.8
2024-05-25 20:13:45.294,20.9,101.8
2024-05-25 20:14:13.493,21.1,101.8
2024-05-25 20:14:40.462,21.0,101.8
2024-05-25 20:15:09.280,21.1,101.8
2024-05-25 20:15:37.411,21.1,101.8
2024-05-25 20:16:05.436,21.0,101.8
2024-05-25 20:16:33.250,21.0,101.8
2024-05-25 20:17:01.607,20.9,101.8
2024-05-25 20:17:29.064,21.0,101.8
2024-05-25 20:17:57.926,21.0,101.8
2024-05-25 20:18:25.774,21.0,101.8
2024-05-25 20:18:54.152,21.0,101.8
2024-05-25 20:19:22.330,21.2,101.8
2024-05-25 20:19:49.112,21.0,101.8
2024-05-25 20:20:16.691,21.0,101.8
2024-05-25 20:20:43.656,21.1,101.8
2024-05-25 20:21:10.503,21.0,101.8
2024-05-25 20:21:37.581,20.8,101.8
2024-05-25 20:22:05.759,21.0,101.8
2024-05-25 20:22:32.923,20.9,101.8
2024-05-25 20:22:59.805,21.0,101.8
2024-05-25 20:23:27.276,20.9,101.8
2024-05-25 20:23:54.442,21.0,101.8
2024-05-25 20:24:22.275,20.9,101.8
2024-05-25 20:24:49.363,20.9,101.8
2024-05-25 20:25:17.858,21.0,101.8
2024-05-25 20:25:45.403,20.9,101.8
2024-05-25 20:26:12.981,21.1,101.8
2024-05-25 20:26:40.755,20.9,101.8
2024-05-25 20:27:08.171,21.0,101.8
2024-05-25 20:27:36.029,20.8,101.8
2024-05-25 20:28:05.050,20.9,101.8
2024-05-25 20:28:33.264,20.9,101.8
2024-05-25 20:29:01.100,20.9,101.8
2024-05-25 20:29:29.152,20.9,101.8
2024-05-25 20:29:56.380,21.0,101.8
2024-05-25 20:30:24.225,21.1,101.8
2024-05-25 20:30:52.187,21.0,101.8
2024-05-25 20:31:19.725,21.1,101.8
2024-05-25 20:31:48.565,21.0,101.8
2024-05-25 20:32:16.030,21.1,101.8
2024-05-25 20:32:43.646,21.0,101.8
2024-05-25 20:33:11.587,21.0,101.8
2024-05-25 20:33:38.388,21.1,101.8
2024-05-25 20:34:06.256,21.0,101.8
2024-05-25 20:34:34.101,21.0,101.8
2024-05-25 20:35:01.519,21.0,101.8
2024-05-25 20:35:28.747,20.9,101.8
2024-05-25 20:35:56.722,20.9,101.8
2024-05-25 20:36:24.456,20.9,101.8
2024-05-25 20:36:52.682,21.0,101.8
2024-05-25 20:37:20.628,21.0,101.8
2024-05-25 20:37:48.422,21.0,101.8
2024-05-25 20:38:15.554,21.0,101.8
2024-05-25 20:38:43.601,20.9,101.8
2024-05-25 20:39:11.255,21.1,101.8
2024-05-25 20:39:39.491,21.0,101.8
2024-05-25 20:40:08.393,21.1,101.8
2024-05-25 20:40:36.111,21.0,101.8
2024-05-25 20:41:03.761,20.9,101.8
2024-05-25 20:41:32.120,21.0,101.8
2024-05-25 20:41:59.345,21.0,101.8
2024-05-25 20:42:27.365,21.0,101.8
2024-05-25 20:42:54.502,20.9,101.8
2024-05-25 20:43:22.003,21.0,101.8
2024-05-25 20:43:50.064,20.9,101.8
2024-05-25 20:44:17.016,21.0,101.8
2024-05-25 20:44:44.319,21.0,101.8
2024-05-25 20:45:11.574,21.0,101.8
2024-05-25 20:45:39.610,20.9,101.8
2024-05-25 20:46:06.930,21.0,101.8
2024-05-25 20:46:35.558,21.0,101.8
2024-05-25 20:47:03.364,20.9,101.8
2024-05-25 20:47:31.313,21.0,101.8
2024-05-25 20:47:59.182,21.0,101.8
2024-05-25 20:48:26.793,21.1,101.8
2024-05-25 20:48:54.210,21.0,101.8
2024-05-25 20:49:21.845,21.0,101.8
2024-05-25 20:49:48.817,21.0,101.8
2024-05-25 20:50:15.765,20.9,101.8
2024-05-25 20:50:43.656,21.0,101.8
2024-05-25 20:51:11.654,21.1,101.8
2024-05-25 20:51:39.160,21.0,101.8
2024-05-25 20:52:05.773,20.9,101.8
2024-05-25 20:52:32.641,21.0,101.8
2024-05-25 20:53:00.849,20.9,101.8
2024-05-25 20:53:28.386,21.0,101.8
2024-05-25 20:53:56.597,20.9,101.8
2024-05-25 20:54:24.422,21.1,101.8
2024-05-25 20:54:51.709,21.1,101.8
2024-05-25 20:55:19.777,21.1,101.8
2024-05-25 20:55:47.216,21.1,101.8
2024-05-25 20:56:15.081,21.1,101.8
2024-05-25 20:56:42.761,21.1,101.8
2024-05-25 20:57:10.850,21.0,101.8
2024-05-25 20:57:37.780,20.9,101.8
2024-05-25 20:58:05.456,21.0,101.8
2024-05-25 20:58:33.859,21.0,101.8
2024-05-25 20:59:01.122,20.9,101.8
2024-05-25 20:59:29.031,21.0,101.8
2024-05-25 20:59:56.027,20.9,101.8
2024-05-25 21:00:23.361,21.1,101.8
2024-05-25 21:00:52.283,21.1,101.8
2024-05-25 21:01:19.482,21.0,101.8
2024-05-25 21:01:47.503,21.0,101.8
2024-05-25 21:02:15.800,21.0,101.8
2024-05-25 21:02:43.054,21.0,101.8
2024-05-25 21:03:10.428,21.0,101.8
2024-05-25 21:03:38.578,21.1,101.8
2024-05-25 21:04:06.249,21.1,101.8
2024-05-25 21:04:33.718,21.1,101.8
2024-05-25 21:05:01.675,21.0,101.8
2024-05-25 21:05:29.446,21.1,101.8
2024-05-25 21:05:56.172,20.9,101.8
2024-05-25 21:06:23.336,21.0,101.8
2024-05-25 21:06:50.860,21.0,101.8
2024-05-25 21:07:18.691,21.0,101.8
2024-05-25 21:07:45.740,21.1,101.8
2024-05-25 21:08:12.933,21.0,101.8
2024-05-25 21:08:39.970,21.0,101.8
2024-05-25 21:09:08.200,21.0,101.8
2024-05-25 21:09:36.400,20.9,101.8
2024-05-25 21:10:04.367,20.9,101.8
2024-05-25 21:10:32.547,21.1,101.8
2024-05-25 21:11:00.155,20.9,101.8
2024-05-25 21:11:28.033,21.0,101.8
2024-05-25 21:11:56.034,21.0,101.8
2024-05-25 21:12:24.222,20.8,101.8
2024-05-25 21:12:52.461,21.0,101.8
2024-05-25 21:13:20.689,20.9,101.8
2024-05-25 21:13:48.934,20.9,101.8
2024-05-25 21:14:17.272,21.0,101.8
2024-05-25 21:14:44.726,21.0,101.8
2024-05-25 21:15:13.309,21.1,101.8
2024-05-25 21:15:40.894,21.0,101.8
2024-05-25 21:16:08.209,21.1,101.8
2024-05-25 21:16:36.112,21.0,101.8
2024-05-25 21:17:03.131,21.0,101.8
2024-05-25 21:17:31.323,21.0,101.8
2024-05-25 21:17:58.845,21.0,101.8
2024-05-25 21:18:26.779,21.1,101.8
2024-05-25 21:18:54.043,21.0,101.8
2024-05-25 21:19:21.697,21.0,101.8
2024-05-25 21:19:50.089,21.1,101.8
2024-05-25 21:20:18.599,21.0,101.8
2024-05-25 21:20:45.631,21.0,101.8
2024-05-25 21:21:13.139,21.1,101.8
2024-05-25 21:21:41.754,21.1,101.8
2024-05-25 21:22:09.208,21.0,101.8
2024-05-25 21:22:36.364,21.0,101.8
2024-05-25 21:23:03.848,21.1,101.8
2024-05-25 21:23:31.731,20.9,101.8
2024-05-25 21:23:59.450,20.9,101.8
2024-05-25 21:24:27.385,21.0,101.8
2024-05-25 21:24:55.462,21.1,101.8
2024-05-25 21:25:23.290,21.1,101.8
2024-05-25 21:25:50.487,21.0,101.8
2024-05-25 21:26:18.943,21.0,101.8
2024-05-25 21:26:45.726,20.9,101.8
2024-05-25 21:27:13.933,21.1,101.8
2024-05-25 21:27:41.996,21.1,101.8
2024-05-25 21:28:09.350,21.0,101.8
2024-05-25 21:28:37.800,21.1,101.8
2024-05-25 21:29:04.946,21.1,101.8
2024-05-25 21:29:32.533,21.0,101.8
2024-05-25 21:29:59.807,21.1,101.8
2024-05-25 21:30:27.809,21.2,101.8
2024-05-25 21:30:55.029,21.0,101.8
2024-05-25 21:31:21.839,21.2,101.8
2024-05-25 21:31:49.722,21.1,101.8
2024-05-25 21:32:17.245,21.1,101.8
2024-05-25 21:32:44.160,21.1,101.8
2024-05-25 21:33:12.258,21.0,101.8
2024-05-25 21:33:39.766,20.9,101.8
2024-05-25 21:34:07.306,20.9,101.8
2024-05-25 21:34:36.203,21.0,101.8
2024-05-25 21:35:03.498,21.1,101.8
2024-05-25 21:35:31.010,21.0,101.8
2024-05-25 21:35:58.756,20.9,101.8
2024-05-25 21:36:26.696,21.0,101.8
2024-05-25 21:36:54.537,21.0,101.8
2024-05-25 21:37:22.454,20.9,101.8
2024-05-25 21:37:50.842,20.9,101.8
2024-05-25 21:38:18.370,20.8,101.8
2024-05-25 21:38:46.395,20.9,101.8
2024-05-25 21:39:14.632,21.1,101.8
2024-05-25 21:39:42.233,21.0,101.8
2024-05-25 21:40:09.409,20.9,101.8
2024-05-25 21:40:37.230,20.9,101.8
2024-05-25 21:41:05.348,20.9,101.8
2024-05-25 21:41:32.784,21.0,101.8
2024-05-25 21:42:00.722,20.9,101.8
2024-05-25 21:42:28.553,21.0,101.8
2024-05-25 21:42:56.136,20.9,101.8
2024-05-25 21:43:24.342,20.8,101.8
2024-05-25 21:43:51.514,20.9,101.8
2024-05-25 21:44:19.322,21.1,101.8
2024-05-25 21:44:46.520,20.9,101.8
2024-05-25 21:45:14.327,21.0,101.8
2024-05-25 21:45:42.129,20.9,101.8
2024-05-25 21:46:09.908,20.9,101.8
2024-05-25 21:46:37.388,21.0,101.8
2024-05-25 21:47:06.672,21.0,101.8
2024-05-25 21:47:34.133,20.9,101.8
2024-05-25 21:48:02.576,20.9,101.8
2024-05-25 21:48:29.853,21.0,101.8
2024-05-25 21:48:57.388,21.1,101.8
2024-05-25 21:49:25.641,21.0,101.8
2024-05-25 21:49:52.296,21.1,101.8
2024-05-25 21:50:20.076,21.0,101.8
2024-05-25 21:50:47.794,20.9,101.8
2024-05-25 21:51:16.188,21.0,101.8
2024-05-25 21:51:44.711,20.9,101.8
2024-05-25 21:52:11.237,21.0,101.8
2024-05-25 21:52:39.153,20.9,101.8
2024-05-25 21:53:07.075,20.9,101.8
2024-05-25 21:53:34.710,21.1,101.8
2024-05-25 21:54:02.524,21.0,101.8
2024-05-25 21:54:29.848,21.2,101.8
2024-05-25 21:54:57.966,21.1,101.8
2024-05-25 21:55:25.102,21.1,101.8
2024-05-25 21:55:52.409,21.0,101.8
2024-05-25 21:56:20.387,21.1,101.8
2024-05-25 21:56:48.867,20.8,101.8
2024-05-25 21:57:16.748,21.0,101.8
2024-05-25 21:57:43.666,21.1,101.8
2024-05-25 21:58:11.064,21.0,101.8
2024-05-25 21:58:39.030,21.1,101.8
2024-05-25 21:59:06.854,21.1,101.8
2024-05-25 21:59:33.833,21.0,101.8
2024-05-25 22:00:01.361,21.1,101.8
2024-05-25 22:00:30.044,20.9,101.8
2024-05-25 22:00:57.904,21.0,101.8
2024-05-25 22:01:27.382,21.0,101.8
2024-05-25 22:01:53.567,21.0,101.8
2024-05-25 22:02:21.912,21.0,101.8
2024-05-25 22:02:49.347,21.1,101.8
2024-05-25 22:03:18.150,21.0,101.8
2024-05-25 22:03:45.913,21.0,101.8
2024-05-25 22:04:13.422,21.0,101.8
2024-05-25 22:04:41.498,21.1,101.8
2024-05-25 22:05:08.547,21.0,101.8
2024-05-25 22:05:36.741,21.1,101.8
2024-05-25 22:06:04.184,21.1,101.8
2024-05-25 22:06:31.996,21.1,101.8
2024-05-25 22:06:59.997,20.9,101.8
2024-05-25 22:07:27.549,21.1,101.8
2024-05-25 22:07:56.096,21.0,101.8
2024-05-25 22:08:23.830,21.0,101.8
2024-05-25 22:08:51.178,21.0,101.8
2024-05-25 22:09:19.571,21.0,101.8
2024-05-25 22:09:47.369,21.0,101.8
2024-05-25 22:10:14.730,21.0,101.8
2024-05-25 22:10:43.126,21.0,101.8
2024-05-25 22:11:11.657,21.0,101.8
2024-05-25 22:11:38.724,21.0,101.8
2024-05-25 22:12:06.186,20.9,101.8
2024-05-25 22:12:33.676,21.1,101.8
2024-05-25 22:13:02.079,21.0,101.8
2024-05-25 22:13:29.422,21.0,101.8
2024-05-25 22:13:56.762,21.0,101.8
2024-05-25 22:14:24.310,20.9,101.8
2024-05-25 22:14:52.315,21.0,101.8
2024-05-25 22:15:20.189,20.9,101.8
2024-05-25 22:15:46.727,20.9,101.8
2024-05-25 22:16:15.607,21.0,101.8
2024-05-25 22:16:43.637,21.0,101.8
2024-05-25 22:17:11.242,20.9,101.8
2024-05-25 22:17:39.616,21.1,101.8
2024-05-25 22:18:07.369,21.0,101.8
2024-05-25 22:18:35.356,20.9,101.8
2024-05-25 22:19:03.128,21.0,101.8
2024-05-25 22:19:31.325,20.9,101.8
2024-05-25 22:19:59.264,20.9,101.8
2024-05-25 22:20:27.372,21.1,101.8
2024-05-25 22:20:54.955,21.0,101.8
2024-05-25 22:21:22.592,21.1,101.8
2024-05-25 22:21:49.861,21.1,101.8
2024-05-25 22:22:17.566,20.9,101.8
2024-05-25 22:22:45.434,21.0,101.8
2024-05-25 22:23:12.849,21.1,101.8
2024-05-25 22:23:40.263,21.1,101.8
2024-05-25 22:24:08.931,20.9,101.8
2024-05-25 22:24:37.280,21.0,101.8
2024-05-25 22:25:04.912,21.0,101.8
2024-05-25 22:25:32.564,21.0,101.8
2024-05-25 22:26:01.294,20.9,101.8
2024-05-25 22:26:29.243,21.0,101.8
2024-05-25 22:26:56.303,21.1,101.8
2024-05-25 22:27:24.023,21.0,101.8
2024-05-25 22:27:51.465,21.0,101.8
2024-05-25 22:28:18.664,21.0,101.8
2024-05-25 22:28:46.322,21.1,101.8
2024-05-25 22:29:13.544,20.9,101.8
2024-05-25 22:29:40.641,20.8,101.8
2024-05-25 22:30:07.686,20.9,101.8
2024-05-25 22:30:35.793,20.9,101.8
2024-05-25 22:31:02.203,21.1,101.8
2024-05-25 22:31:29.973,21.0,101.8
2024-05-25 22:31:58.657,20.9,101.8
2024-05-25 22:32:24.851,20.9,101.8
2024-05-25 22:32:52.788,20.9,101.8
2024-05-25 22:33:20.003,21.0,101.8
2024-05-25 22:33:47.666,20.9,101.8
2024-05-25 22:34:15.076,20.8,101.8
2024-05-25 22:34:43.494,20.9,101.8
2024-05-25 22:35:11.370,20.9,101.8
2024-05-25 22:35:39.365,20.9,101.8
2024-05-25 22:36:06.964,21.0,101.8
2024-05-25 22:36:36.214,21.0,101.8
2024-05-25 22:37:03.094,21.1,101.8
2024-05-25 22:37:31.166,21.0,101.8
2024-05-25 22:37:59.217,20.9,101.8
2024-05-25 22:38:26.492,21.1,101.8
2024-05-25 22:38:54.372,21.0,101.8
2024-05-25 22:39:23.179,20.9,101.8
2024-05-25 22:39:51.456,21.0,101.8
2024-05-25 22:40:19.383,21.0,101.8
2024-05-25 22:40:47.702,20.9,101.8
2024-05-25 22:41:15.669,20.9,101.8
2024-05-25 22:41:43.653,21.1,101.8
2024-05-25 22:42:10.664,21.2,101.8
2024-05-25 22:42:38.295,21.0,101.8
2024-05-25 22:43:06.019,21.0,101.8
2024-05-25 22:43:34.452,21.0,101.8
2024-05-25 22:44:01.640,21.0,101.8
2024-05-25 22:44:28.760,21.0,101.8
2024-05-25 22:44:55.813,21.1,101.8
2024-05-25 22:45:22.620,20.9,101.8
2024-05-25 22:45:50.298,20.9,101.8
2024-05-25 22:46:17.213,20.9,101.8
2024-05-25 22:46:45.095,20.9,101.8
2024-05-25 22:47:13.008,20.9,101.8
2024-05-25 22:47:41.723,21.0,101.8
2024-05-25 22:48:08.305,21.1,101.8
2024-05-25 22:48:36.607,21.1,101.8
2024-05-25 22:49:04.337,21.0,101.8
2024-05-25 22:49:32.134,20.9,101.8
2024-05-25 22:49:59.887,20.9,101.8
2024-05-25 22:50:28.003,20.9,101.8
2024-05-25 22:50:55.294,20.8,101.8
2024-05-25 22:51:24.002,21.1,101.8
2024-05-25 22:51:51.751,21.0,101.8
2024-05-25 22:52:20.181,21.1,101.8
2024-05-25 22:52:47.418,21.0,101.8
2024-05-25 22:53:15.263,20.9,101.8
2024-05-25 22:53:42.251,20.9,101.8
2024-05-25 22:54:10.014,20.9,101.8
2024-05-25 22:54:37.354,21.0,101.8
2024-05-25 22:55:04.336,20.9,101.8
2024-05-25 22:55:32.508,20.9,101.8
2024-05-25 22:56:00.872,21.0,101.8
2024-05-25 22:56:28.926,20.9,101.8
2024-05-25 22:56:56.163,21.0,101.8
2024-05-25 22:57:24.272,21.0,101.8
2024-05-25 22:57:52.118,20.9,101.8
2024-05-25 22:58:19.322,21.0,101.8
2024-05-25 22:58:47.030,20.9,101.8
2024-05-25 22:59:14.670,20.9,101.8
2024-05-25 22:59:41.350,20.8,101.8
2024-05-25 23:00:09.912,21.0,101.8
2024-05-25 23:00:37.531,21.0,101.8
2024-05-25 23:01:04.535,20.9,101.8
2024-05-25 23:01:32.370,20.9,101.8
2024-05-25 23:02:00.754,21.0,101.8
2024-05-25 23:02:28.621,21.0,101.8
2024-05-25 23:02:55.795,21.0,101.8
2024-05-25 23:03:22.805,20.9,101.8
2024-05-25 23:03:51.029,20.9,101.8
2024-05-25 23:04:18.933,21.0,101.8
2024-05-25 23:04:46.739,20.9,101.8
2024-05-25 23:05:14.202,21.0,101.8
2024-05-25 23:05:42.799,20.9,101.8
2024-05-25 23:06:10.317,21.0,101.8
2024-05-25 23:06:39.798,20.9,101.8
2024-05-25 23:07:07.996,21.0,101.8
2024-05-25 23:07:34.916,21.0,101.8
2024-05-25 23:08:02.212,20.9,101.8
2024-05-25 23:08:30.037,20.9,101.8
2024-05-25 23:08:58.021,21.0,101.8
2024-05-25 23:09:25.471,21.0,101.8
2024-05-25 23:09:53.506,21.0,101.8
2024-05-25 23:10:21.470,20.9,101.8
2024-05-25 23:10:49.918,21.0,101.8
2024-05-25 23:11:17.391,21.0,101.8
2024-05-25 23:11:45.005,21.0,101.8
2024-05-25 23:12:13.067,20.9,101.8
2024-05-25 23:12:40.689,20.9,101.8
2024-05-25 23:13:08.908,21.0,101.8
2024-05-25 23:13:35.939,21.0,101.8
2024-05-25 23:14:05.585,20.9,101.8
2024-05-25 23:14:31.894,21.0,101.8
2024-05-25 23:14:59.711,20.9,101.8
2024-05-25 23:15:28.156,21.1,101.8
2024-05-25 23:15:55.308,21.1,101.8
2024-05-25 23:16:23.485,20.9,101.8
2024-05-25 23:16:51.210,20.9,101.8
2024-05-25 23:17:18.803,20.9,101.8
2024-05-25 23:17:46.581,20.9,101.8
2024-05-25 23:18:14.119,20.9,101.8
2024-05-25 23:18:43.053,21.0,101.8
2024-05-25 23:19:08.876,21.0,101.8
2024-05-25 23:19:35.999,20.9,101.8
2024-05-25 23:20:03.091,21.0,101.8
2024-05-25 23:20:30.272,21.0,101.8
2024-05-25 23:20:57.846,21.0,101.8
2024-05-25 23:21:26.461,21.0,101.8
2024-05-25 23:21:53.849,21.0,101.8
2024-05-25 23:22:21.294,21.0,101.8
2024-05-25 23:22:48.489,21.1,101.8
2024-05-25 23:23:15.522,20.9,101.8
2024-05-25 23:23:42.811,21.0,101.8
2024-05-25 23:24:10.678,21.0,101.8
2024-05-25 23:24:38.797,21.1,101.8
2024-05-25 23:25:05.765,20.9,101.8
2024-05-25 23:25:33.374,20.8,101.8
2024-05-25 23:26:00.617,20.9,101.8
2024-05-25 23:26:27.951,21.0,101.8
2024-05-25 23:26:55.444,21.1,101.8
2024-05-25 23:27:23.618,20.9,101.8
2024-05-25 23:27:51.245,20.9,101.8
2024-05-25 23:28:18.909,21.0,101.8
2024-05-25 23:28:46.924,21.1,101.8
2024-05-25 23:29:14.350,21.0,101.8
2024-05-25 23:29:42.006,21.0,101.8
2024-05-25 23:30:10.382,21.0,101.8
2024-05-25 23:30:38.843,20.8,101.8
2024-05-25 23:31:06.007,21.0,101.8
2024-05-25 23:31:34.010,21.1,101.8
2024-05-25 23:32:02.191,21.0,101.8
2024-05-25 23:32:29.222,20.9,101.8
2024-05-25 23:32:56.735,20.9,101.8
2024-05-25 23:33:24.189,21.0,101.8
2024-05-25 23:33:52.480,20.9,101.8
2024-05-25 23:34:19.695,21.0,101.8
2024-05-25 23:34:47.888,21.1,101.8
2024-05-25 23:35:15.538,21.1,101.8
2024-05-25 23:35:45.176,21.0,101.8
2024-05-25 23:36:13.295,21.0,101.8
2024-05-25 23:36:40.925,21.1,101.8
2024-05-25 23:37:09.722,21.1,101.8
2024-05-25 23:37:36.798,21.0,101.8
2024-05-25 23:38:04.976,21.0,101.8
2024-05-25 23:38:32.697,21.0,101.8
2024-05-25 23:39:00.409,21.1,101.8
2024-05-25 23:39:27.861,21.1,101.8
2024-05-25 23:39:55.733,20.9,101.8
2024-05-25 23:40:22.002,21.0,101.8
2024-05-25 23:40:50.854,20.9,101.8
2024-05-25 23:41:18.300,21.0,101.8
2024-05-25 23:41:46.564,21.0,101.8
2024-05-25 23:42:14.388,20.8,101.8
2024-05-25 23:42:42.342,20.8,101.8
2024-05-25 23:43:09.858,21.0,101.8
2024-05-25 23:43:37.377,20.9,101.8
2024-05-25 23:44:04.816,20.9,101.8
2024-05-25 23:44:31.553,21.0,101.8
2024-05-25 23:45:00.185,21.1,101.8
2024-05-25 23:45:27.693,21.0,101.8
2024-05-25 23:45:56.276,20.9,101.8
2024-05-25 23:46:23.656,20.9,101.8
2024-05-25 23:46:51.260,20.8,101.8
2024-05-25 23:47:18.485,20.9,101.8
2024-05-25 23:47:46.194,21.0,101.8
2024-05-25 23:48:13.895,20.9,101.8
2024-05-25 23:48:41.140,21.0,101.8
2024-05-25 23:49:08.281,21.0,101.8
2024-05-25 23:49:35.988,21.0,101.8
2024-05-25 23:50:03.293,20.8,101.8
2024-05-25 23:50:31.300,21.0,101.8
2024-05-25 23:50:57.838,20.9,101.8
2024-05-25 23:51:24.219,20.9,101.8
2024-05-25 23:51:52.429,20.9,101.8
2024-05-25 23:52:19.141,21.0,101.8
2024-05-25 23:52:45.893,21.0,101.8
2024-05-25 23:53:14.671,21.1,101.8
2024-05-25 23:53:42.452,20.9,101.8
2024-05-25 23:54:09.205,21.1,101.8
2024-05-25 23:54:37.765,21.2,101.8
2024-05-25 23:55:06.027,21.1,101.8
2024-05-25 23:55:33.598,21.1,101.8
2024-05-25 23:56:01.595,21.0,101.8
2024-05-25 23:56:29.729,21.0,101.8
2024-05-25 23:56:57.061,20.9,101.8
2024-05-25 23:57:25.657,20.8,101.8
2024-05-25 23:57:53.729,20.9,101.8
2024-05-25 23:58:20.931,21.0,101.8
2024-05-25 23:58:49.233,20.8,101.8
2024-05-25 23:59:17.572,20.8,101.8
2024-05-25 23:59:45.082,20.8,101.8
2024-05-26 00:00:13.365,21.0,101.8
2024-05-26 00:00:41.079,20.9,101.8
2024-05-26 00:01:08.696,20.8,101.8
2024-05-26 00:01:36.551,20.8,101.8
2024-05-26 00:02:03.548,21.0,101.8
2024-05-26 00:02:31.728,21.0,101.8
2024-05-26 00:02:58.105,21.1,101.8
2024-05-26 00:03:26.223,21.0,101.8
2024-05-26 00:03:54.523,20.9,101.8
2024-05-26 00:04:22.323,20.9,101.8
2024-05-26 00:04:50.466,21.0,101.8
2024-05-26 00:05:18.062,21.0,101.8
2024-05-26 00:05:45.291,21.1,101.8
2024-05-26 00:06:13.956,21.0,101.8
2024-05-26 00:06:41.701,21.0,101.8
2024-05-26 00:07:09.425,20.9,101.8
2024-05-26 00:07:36.651,20.9,101.8
2024-05-26 00:08:03.510,20.9,101.8
2024-05-26 00:08:30.676,21.0,101.8
2024-05-26 00:08:59.284,21.0,101.8
2024-05-26 00:09:27.542,21.0,101.8
2024-05-26 00:09:55.353,21.0,101.8
2024-05-26 00:10:23.521,21.1,101.8
2024-05-26 00:10:50.987,20.9,101.8
2024-05-26 00:11:18.036,20.9,101.8
2024-05-26 00:11:45.943,20.9,101.8
2024-05-26 00:12:12.549,21.0,101.8
2024-05-26 00:12:40.387,20.8,101.8
2024-05-26 00:13:06.514,21.1,101.8
2024-05-26 00:13:35.019,20.9,101.8
2024-05-26 00:14:02.059,21.0,101.8
2024-05-26 00:14:29.621,20.9,101.8
2024-05-26 00:14:57.551,21.0,101.8
2024-05-26 00:15:24.656,20.9,101.8
2024-05-26 00:15:54.083,21.0,101.8
2024-05-26 00:16:19.353,20.9,101.8
2024-05-26 00:16:47.269,21.0,101.8
2024-05-26 00:17:15.021,21.0,101.8
2024-05-26 00:17:42.185,21.0,101.8
2024-05-26 00:18:09.506,21.0,101.8
2024-05-26 00:18:36.622,21.0,101.8
2024-05-26 00:19:04.899,20.9,101.8
2024-05-26 00:19:32.228,20.8,101.8
2024-05-26 00:19:58.733,20.9,101.8
2024-05-26 00:20:26.220,20.9,101.8
2024-05-26 00:20:53.989,21.0,101.8
2024-05-26 00:21:21.388,20.9,101.8
2024-05-26 00:21:49.050,21.0,101.8
2024-05-26 00:22:16.327,21.0,101.8
2024-05-26 00:22:44.359,21.0,101.8
2024-05-26 00:23:12.207,21.0,101.8
2024-05-26 00:23:41.217,20.9,101.8
2024-05-26 00:24:09.066,21.0,101.8
2024-05-26 00:24:36.717,20.9,101.8
2024-05-26 00:25:04.909,21.1,101.8
2024-05-26 00:25:32.026,20.9,101.8
2024-05-26 00:25:59.477,21.1,101.8
2024-05-26 00:26:28.466,21.0,101.8
2024-05-26 00:26:55.792,21.0,101.8
2024-05-26 00:27:23.426,21.0,101.8
2024-05-26 00:27:51.735,20.9,101.8
2024-05-26 00:28:20.151,21.0,101.8
2024-05-26 00:28:47.833,20.8,101.8
2024-05-26 00:29:15.747,20.9,101.8
2024-05-26 00:29:43.438,21.0,101.8
2024-05-26 00:30:12.038,20.9,101.8
2024-05-26 00:30:39.919,21.0,101.8
2024-05-26 00:31:08.092,20.9,101.8
2024-05-26 00:31:36.295,21.0,101.8
2024-05-26 00:32:04.359,20.9,101.8
2024-05-26 00:32:31.611,20.9,101.8
2024-05-26 00:32:59.109,20.9,101.8
2024-05-26 00:33:26.947,21.0,101.8
2024-05-26 00:33:55.385,20.9,101.8
2024-05-26 00:34:23.482,21.0,101.8
2024-05-26 00:34:51.103,21.0,101.8
2024-05-26 00:35:18.436,21.0,101.8
2024-05-26 00:35:45.693,21.0,101.8
2024-05-26 00:36:14.170,21.0,101.8
2024-05-26 00:36:41.016,21.0,101.8
2024-05-26 00:37:07.966,21.0,101.8
2024-05-26 00:37:36.044,20.9,101.8
2024-05-26 00:38:04.533,20.8,101.8
2024-05-26 00:38:32.331,20.9,101.8
2024-05-26 00:39:00.434,21.0,101.8
2024-05-26 00:39:27.550,21.1,101.8
2024-05-26 00:39:55.741,21.1,101.8
2024-05-26 00:40:22.547,21.0,101.8
2024-05-26 00:40:50.822,20.9,101.8
2024-05-26 00:41:17.988,20.9,101.8
2024-05-26 00:41:45.623,21.0,101.8
2024-05-26 00:42:14.247,20.8,101.8
2024-05-26 00:42:42.390,20.9,101.8
2024-05-26 00:43:10.108,21.0,101.8
2024-05-26 00:43:38.486,20.9,101.8
2024-05-26 00:44:06.090,21.0,101.8
2024-05-26 00:44:34.371,21.0,101.8
2024-05-26 00:45:01.885,21.1,101.8
2024-05-26 00:45:29.369,21.0,101.8
2024-05-26 00:45:57.768,20.9,101.8
2024-05-26 00:46:25.434,21.0,101.8
2024-05-26 00:46:53.468,20.9,101.8
2024-05-26 00:47:21.268,20.8,101.8
2024-05-26 00:47:48.865,20.8,101.8
2024-05-26 00:48:17.395,21.0,101.8
2024-05-26 00:48:45.300,21.0,101.8
2024-05-26 00:49:12.779,21.1,101.8
2024-05-26 00:49:40.257,21.0,101.8
2024-05-26 00:50:07.712,20.9,101.8
2024-05-26 00:50:36.023,21.0,101.8
2024-05-26 00:51:03.353,21.0,101.8
2024-05-26 00:51:31.009,20.9,101.8
2024-05-26 00:51:59.228,20.9,101.8
2024-05-26 00:52:27.033,20.9,101.8
2024-05-26 00:52:56.231,21.0,101.8
2024-05-26 00:53:23.417,21.0,101.8
2024-05-26 00:53:50.905,20.9,101.8
2024-05-26 00:54:18.970,20.9,101.8
2024-05-26 00:54:46.816,20.8,101.8
2024-05-26 00:55:15.018,21.0,101.8
2024-05-26 00:55:41.898,21.0,101.8
2024-05-26 00:56:09.849,21.0,101.8
2024-05-26 00:56:37.672,21.0,101.8
2024-05-26 00:57:04.855,21.1,101.8
2024-05-26 00:57:32.216,20.9,101.8
2024-05-26 00:58:00.581,21.0,101.8
2024-05-26 00:58:28.693,20.9,101.8
2024-05-26 00:58:55.865,20.9,101.8
2024-05-26 00:59:23.451,21.0,101.8
2024-05-26 00:59:51.849,21.0,101.8
2024-05-26 01:00:20.014,21.0,101.8
2024-05-26 01:00:47.794,20.9,101.8
2024-05-26 01:01:15.988,21.0,101.8
2024-05-26 01:01:44.291,20.8,101.8
2024-05-26 01:02:11.471,21.1,101.8
2024-05-26 01:02:40.583,20.9,101.8
2024-05-26 01:03:08.486,21.0,101.8
2024-05-26 01:03:36.208,20.7,101.8
2024-05-26 01:04:03.814,20.9,101.8
2024-05-26 01:04:32.102,20.9,101.8
2024-05-26 01:05:00.493,21.1,101.8
2024-05-26 01:05:28.873,21.0,101.8
2024-05-26 01:05:55.530,21.1,101.8
2024-05-26 01:06:23.509,21.0,101.8
2024-05-26 01:06:51.251,20.9,101.8
2024-05-26 01:07:19.493,20.9,101.8
2024-05-26 01:07:47.081,21.0,101.8
2024-05-26 01:08:14.487,20.9,101.8
2024-05-26 01:08:42.379,20.9,101.8
2024-05-26 01:09:09.706,21.0,101.8
2024-05-26 01:09:38.568,20.9,101.8
2024-05-26 01:10:06.162,21.0,101.8
2024-05-26 01:10:34.212,20.9,101.8
2024-05-26 01:11:01.994,20.8,101.8
2024-05-26 01:11:29.977,20.9,101.8
2024-05-26 01:11:57.554,20.9,101.8
2024-05-26 01:12:25.264,20.9,101.8
2024-05-26 01:12:52.629,20.9,101.8
2024-05-26 01:13:20.402,20.9,101.8
2024-05-26 01:13:47.694,21.0,101.8
2024-05-26 01:14:15.542,20.8,101.8
2024-05-26 01:14:43.249,20.9,101.8
2024-05-26 01:15:11.226,20.9,101.8
2024-05-26 01:15:39.456,21.0,101.8
2024-05-26 01:16:07.116,20.9,101.8
2024-05-26 01:16:34.142,21.0,101.8
2024-05-26 01:17:01.376,20.9,101.8
2024-05-26 01:17:28.437,20.9,101.8
2024-05-26 01:17:56.978,20.9,101.8
2024-05-26 01:18:23.335,21.0,101.8
2024-05-26 01:18:51.040,20.9,101.8
2024-05-26 01:19:17.997,21.0,101.8
2024-05-26 01:19:46.384,21.0,101.8
2024-05-26 01:20:14.117,20.9,101.8
2024-05-26 01:20:40.897,20.9,101.8
2024-05-26 01:21:07.891,20.9,101.8
2024-05-26 01:21:35.204,20.8,101.8
2024-05-26 01:22:02.985,20.9,101.7
2024-05-26 01:22:30.386,21.0,101.7
2024-05-26 01:22:59.099,21.0,101.7
2024-05-26 01:23:27.059,20.9,101.7
2024-05-26 01:23:54.755,20.9,101.7
2024-05-26 01:24:22.627,21.0,101.7
2024-05-26 01:24:50.353,20.9,101.7
2024-05-26 01:25:17.080,20.8,101.7
2024-05-26 01:25:44.879,20.9,101.7
2024-05-26 01:26:12.699,21.0,101.7
2024-05-26 01:26:40.660,20.9,101.7
2024-05-26 01:27:08.807,20.9,101.8
2024-05-26 01:27:37.880,20.9,101.8
2024-05-26 01:28:05.619,20.8,101.8
2024-05-26 01:28:32.890,20.9,101.8
2024-05-26 01:29:01.333,21.1,101.8
2024-05-26 01:29:27.560,20.9,101.8
2024-05-26 01:29:55.278,20.7,101.8
2024-05-26 01:30:22.687,20.9,101.8
2024-05-26 01:30:50.327,21.0,101.8
2024-05-26 01:31:18.383,20.8,101.8
2024-05-26 01:31:45.456,20.9,101.8
2024-05-26 01:32:12.882,21.0,101.8
2024-05-26 01:32:40.007,21.0,101.8
2024-05-26 01:33:07.658,21.1,101.8
2024-05-26 01:33:34.393,21.0,101.8
2024-05-26 01:34:02.485,20.9,101.8
2024-05-26 01:34:30.056,20.8,101.8
2024-05-26 01:34:57.676,21.0,101.8
2024-05-26 01:35:26.332,20.9,101.8
2024-05-26 01:35:54.715,20.9,101.8
2024-05-26 01:36:22.104,20.9,101.8
2024-05-26 01:36:50.482,21.0,101.8
2024-05-26 01:37:19.135,21.0,101.8
2024-05-26 01:37:46.623,21.0,101.8
2024-05-26 01:38:14.748,21.0,101.8
2024-05-26 01:38:42.820,20.9,101.7
2024-05-26 01:39:09.629,20.9,101.7
2024-05-26 01:39:37.644,20.9,101.7
2024-05-26 01:40:06.113,20.9,101.7
2024-05-26 01:40:33.958,20.9,101.7
2024-05-26 01:41:02.658,20.9,101.7
2024-05-26 01:41:29.148,20.8,101.7
2024-05-26 01:41:56.354,20.9,101.7
2024-05-26 01:42:23.968,21.0,101.7
2024-05-26 01:42:51.537,20.9,101.7
2024-05-26 01:43:19.338,20.9,101.7
2024-05-26 01:43:46.939,20.9,101.7
2024-05-26 01:44:15.402,20.8,101.7
2024-05-26 01:44:43.331,20.7,101.7
2024-05-26 01:45:10.717,20.8,101.7
2024-05-26 01:45:39.131,20.8,101.7
2024-05-26 01:46:06.375,20.7,101.7
2024-05-26 01:46:33.763,20.9,101.7
2024-05-26 01:47:02.439,20.9,101.7
2024-05-26 01:47:30.229,21.0,101.7
2024-05-26 01:47:57.880,20.9,101.7
2024-05-26 01:48:26.053,20.9,101.7
2024-05-26 01:48:53.489,20.9,101.7
2024-05-26 01:49:20.861,20.9,101.7
2024-05-26 01:49:48.379,20.8,101.7
2024-05-26 01:50:16.549,20.8,101.7
2024-05-26 01:50:42.817,20.8,101.7
2024-05-26 01:51:10.823,20.9,101.7
2024-05-26 01:51:37.904,21.0,101.7
2024-05-26 01:52:06.079,21.0,101.7
2024-05-26 01:52:34.143,21.0,101.7
2024-05-26 01:53:01.243,21.0,101.7
2024-05-26 01:53:28.581,20.9,101.7
2024-05-26 01:53:56.625,21.0,101.7
2024-05-26 01:54:24.656,20.8,101.7
2024-05-26 01:54:52.402,21.0,101.7
2024-05-26 01:55:20.051,20.9,101.7
2024-05-26 01:55:48.180,20.9,101.7
2024-05-26 01:56:16.713,20.9,101.7
2024-05-26 01:56:43.940,20.9,101.7
2024-05-26 01:57:11.690,21.0,101.7
2024-05-26 01:57:39.696,20.9,101.7
2024-05-26 01:58:06.131,21.1,101.7
2024-05-26 01:58:33.099,21.1,101.7
2024-05-26 01:59:01.560,21.1,101.7
2024-05-26 01:59:28.721,21.0,101.7
2024-05-26 01:59:56.677,20.9,101.7
2024-05-26 02:00:23.737,21.0,101.7
2024-05-26 02:00:52.282,21.0,101.7
2024-05-26 02:01:19.824,21.0,101.7
2024-05-26 02:01:47.691,20.9,101.7
2024-05-26 02:02:14.723,21.0,101.7
2024-05-26 02:02:43.262,21.0,101.7
2024-05-26 02:03:10.861,20.9,101.7
2024-05-26 02:03:38.327,20.9,101.7
2024-05-26 02:04:05.916,21.0,101.7
2024-05-26 02:04:33.874,20.9,101.7
2024-05-26 02:05:01.480,21.0,101.7
2024-05-26 02:05:28.959,20.9,101.7
2024-05-26 02:05:56.669,20.9,101.7
2024-05-26 02:06:24.898,21.0,101.7
2024-05-26 02:06:52.013,20.9,101.7
2024-05-26 02:07:19.040,20.8,101.7
2024-05-26 02:07:45.922,20.9,101.7
2024-05-26 02:08:13.945,20.9,101.7
2024-05-26 02:08:41.696,20.9,101.7
2024-05-26 02:09:07.448,20.9,101.7
2024-05-26 02:09:35.843,21.0,101.7
2024-05-26 02:10:03.123,21.0,101.7
2024-05-26 02:10:30.419,20.9,101.7
2024-05-26 02:10:57.964,20.9,101.7
2024-05-26 02:11:25.810,20.9,101.7
2024-05-26 02:11:53.681,21.0,101.7
2024-05-26 02:12:20.818,21.0,101.7
2024-05-26 02:12:48.159,20.9,101.7
2024-05-26 02:13:16.571,20.8,101.7
2024-05-26 02:13:42.416,21.0,101.7
2024-05-26 02:14:10.679,21.0,101.7
2024-05-26 02:14:37.662,20.9,101.7
2024-05-26 02:15:05.445,21.0,101.7
2024-05-26 02:15:32.032,21.1,101.7
2024-05-26 02:15:59.667,21.0,101.7
2024-05-26 02:16:27.735,20.9,101.7
2024-05-26 02:16:55.324,21.0,101.7
2024-05-26 02:17:22.866,21.0,101.7
2024-05-26 02:17:50.074,20.8,101.7
2024-05-26 02:18:18.734,20.8,101.7
2024-05-26 02:18:45.380,21.0,101.7
2024-05-26 02:19:13.551,21.0,101.7
2024-05-26 02:19:41.929,21.0,101.7
2024-05-26 02:20:09.021,20.9,101.7
2024-05-26 02:20:38.349,20.9,101.7
2024-05-26 02:21:05.521,20.9,101.7
2024-05-26 02:21:32.948,20.9,101.7
2024-05-26 02:22:00.616,21.0,101.7
2024-05-26 02:22:28.772,20.9,101.7
2024-05-26 02:22:56.700,20.7,101.7
2024-05-26 02:23:24.688,20.9,101.7
2024-05-26 02:23:52.269,21.1,101.7
2024-05-26 02:24:20.475,21.0,101.7
2024-05-26 02:24:48.716,21.1,101.7
2024-05-26 02:25:16.544,20.9,101.7
2024-05-26 02:25:44.097,21.0,101.7
2024-05-26 02:26:11.978,20.9,101.7
2024-05-26 02:26:39.799,20.8,101.7
2024-05-26 02:27:07.027,20.8,101.7
2024-05-26 02:27:35.309,20.9,101.7
2024-05-26 02:28:02.980,20.8,101.7
2024-05-26 02:28:30.471,20.9,101.7
2024-05-26 02:29:00.051,20.9,101.7
2024-05-26 02:29:28.040,21.0,101.7
2024-05-26 02:29:55.714,21.0,101.7
2024-05-26 02:30:23.412,20.9,101.7
2024-05-26 02:30:50.225,20.9,101.7
2024-05-26 02:31:18.117,20.9,101.7
2024-05-26 02:31:46.028,20.9,101.7
2024-05-26 02:32:13.420,20.9,101.7
2024-05-26 02:32:41.264,21.0,101.7
2024-05-26 02:33:09.205,20.9,101.7
2024-05-26 02:33:37.129,20.8,101.7
2024-05-26 02:34:05.175,20.9,101.7
2024-05-26 02:34:32.187,20.9,101.7
2024-05-26 02:35:00.719,21.0,101.7
2024-05-26 02:35:28.654,20.8,101.7
2024-05-26 02:35:57.001,20.9,101.7
2024-05-26 02:36:24.767,20.8,101.7
2024-05-26 02:36:52.086,20.8,101.7
2024-05-26 02:37:20.081,20.8,101.7
2024-05-26 02:37:47.555,20.9,101.7
2024-05-26 02:38:15.106,21.0,101.7
2024-05-26 02:38:44.101,20.9,101.7
2024-05-26 02:39:10.423,20.8,101.7
2024-05-26 02:39:38.844,20.9,101.7
2024-05-26 02:40:06.364,21.0,101.7
2024-05-26 02:40:34.754,20.9,101.7
2024-05-26 02:41:02.642,20.9,101.7
2024-05-26 02:41:30.600,20.8,101.7
2024-05-26 02:41:57.846,21.0,101.7
2024-05-26 02:42:25.792,21.0,101.7
2024-05-26 02:42:53.364,21.0,101.7
2024-05-26 02:43:21.762,20.9,101.7
2024-05-26 02:43:49.628,21.0,101.7
2024-05-26 02:44:17.847,20.9,101.7
2024-05-26 02:44:45.796,21.0,101.7
2024-05-26 02:45:13.764,21.0,101.7
2024-05-26 02:45:41.351,21.0,101.7
2024-05-26 02:46:09.202,20.8,101.7
2024-05-26 02:46:37.425,20.9,101.7
2024-05-26 02:47:05.360,21.0,101.7
2024-05-26 02:47:32.315,21.0,101.7
2024-05-26 02:48:01.136,21.0,101.7
2024-05-26 02:48:28.290,20.9,101.7
2024-05-26 02:48:56.969,20.8,101.7
2024-05-26 02:49:24.454,21.0,101.7
2024-05-26 02:49:52.663,20.8,101.7
2024-05-26 02:50:20.539,20.8,101.7
2024-05-26 02:50:48.915,21.0,101.7
2024-05-26 02:51:16.273,21.0,101.7
2024-05-26 02:51:44.461,20.9,101.7
2024-05-26 02:52:11.399,21.0,101.7
2024-05-26 02:52:39.446,20.9,101.7
2024-05-26 02:53:12.711,20.7,101.7
2024-05-26 02:53:35.914,20.9,101.7
2024-05-26 02:54:02.871,20.8,101.7
2024-05-26 02:54:30.689,21.0,101.7
2024-05-26 02:54:58.781,20.9,101.7
2024-05-26 02:55:27.185,20.9,101.7
2024-05-26 02:55:54.354,21.0,101.7
2024-05-26 02:56:22.959,20.9,101.7
2024-05-26 02:56:50.217,20.8,101.7
2024-05-26 02:57:18.974,20.9,101.7
2024-05-26 02:57:47.646,20.7,101.7
2024-05-26 02:58:15.815,20.9,101.7
2024-05-26 02:58:44.578,20.8,101.7
2024-05-26 02:59:11.522,20.9,101.7
2024-05-26 02:59:38.719,21.0,101.7
2024-05-26 03:00:06.270,21.1,101.7
2024-05-26 03:00:34.422,21.0,101.7
2024-05-26 03:01:01.597,21.0,101.7
2024-05-26 03:01:29.080,20.9,101.7
2024-05-26 03:01:56.586,21.0,101.7
2024-05-26 03:02:23.451,20.8,101.7
2024-05-26 03:02:51.176,20.7,101.7
2024-05-26 03:03:18.670,20.9,101.7
2024-05-26 03:03:46.528,20.8,101.7
2024-05-26 03:04:13.596,20.9,101.7
2024-05-26 03:04:40.955,20.9,101.7
2024-05-26 03:05:08.125,20.9,101.7
2024-05-26 03:05:36.642,20.8,101.7
2024-05-26 03:06:03.356,20.9,101.7
2024-05-26 03:06:31.266,20.7,101.7
2024-05-26 03:06:57.869,20.9,101.7
2024-05-26 03:07:25.465,21.0,101.7
2024-05-26 03:07:52.857,20.9,101.7
2024-05-26 03:08:19.867,20.9,101.7
2024-05-26 03:08:48.052,21.0,101.7
2024-05-26 03:09:16.136,20.9,101.7
2024-05-26 03:09:43.236,21.0,101.7
2024-05-26 03:10:11.548,21.0,101.7
2024-05-26 03:10:39.182,21.0,101.7
2024-05-26 03:11:06.796,21.1,101.7
2024-05-26 03:11:34.482,20.9,101.7
2024-05-26 03:12:01.682,20.8,101.7
2024-05-26 03:12:29.493,21.0,101.7
2024-05-26 03:12:57.705,20.8,101.7
2024-05-26 03:13:25.253,20.8,101.7
2024-05-26 03:13:53.135,20.9,101.7
2024-05-26 03:14:20.634,21.1,101.7
2024-05-26 03:14:47.977,21.1,101.7
2024-05-26 03:15:15.474,20.9,101.7
2024-05-26 03:15:44.208,21.0,101.7
2024-05-26 03:16:12.057,20.8,101.7
2024-05-26 03:16:40.095,20.8,101.7
2024-05-26 03:17:07.505,20.9,101.7
2024-05-26 03:17:35.971,20.9,101.7
2024-05-26 03:18:04.451,21.0,101.7
2024-05-26 03:18:32.949,20.9,101.7
2024-05-26 03:19:00.773,20.9,101.7
2024-05-26 03:19:28.248,20.8,101.7
2024-05-26 03:19:55.822,20.9,101.7
2024-05-26 03:20:23.167,20.8,101.7
2024-05-26 03:20:51.059,21.0,101.7
2024-05-26 03:21:18.150,20.9,101.7
2024-05-26 03:21:45.748,20.9,101.7
2024-05-26 03:22:12.532,20.9,101.7
2024-05-26 03:22:38.595,20.7,101.7
2024-05-26 03:23:05.994,20.8,101.7
2024-05-26 03:23:34.465,21.1,101.7
2024-05-26 03:24:01.929,20.8,101.7
2024-05-26 03:24:29.908,20.8,101.7
2024-05-26 03:24:57.320,20.8,101.7
2024-05-26 03:25:26.265,21.0,101.7
2024-05-26 03:25:53.648,20.8,101.7
2024-05-26 03:26:21.384,20.9,101.7
2024-05-26 03:26:48.348,20.9,101.7
2024-05-26 03:27:16.869,20.9,101.7
2024-05-26 03:27:44.959,20.9,101.7
2024-05-26 03:28:12.857,20.8,101.7
2024-05-26 03:28:41.183,20.9,101.7
2024-05-26 03:29:09.423,20.9,101.7
2024-05-26 03:29:37.063,21.0,101.7
2024-05-26 03:30:05.175,21.0,101.7
2024-05-26 03:30:32.491,21.0,101.7
2024-05-26 03:31:00.203,21.0,101.7
2024-05-26 03:31:28.230,20.9,101.7
2024-05-26 03:31:55.978,20.9,101.7
2024-05-26 03:32:23.739,20.9,101.7
2024-05-26 03:32:51.886,20.9,101.7
2024-05-26 03:33:20.773,20.9,101.7
2024-05-26 03:33:48.319,20.9,101.7
2024-05-26 03:34:15.727,20.9,101.7
2024-05-26 03:34:43.736,20.8,101.7
2024-05-26 03:35:11.534,20.9,101.7
2024-05-26 03:35:40.170,21.0,101.7
2024-05-26 03:36:08.019,20.9,101.7
2024-05-26 03:36:35.640,20.9,101.7
2024-05-26 03:37:04.218,21.1,101.7
2024-05-26 03:37:32.029,21.0,101.7
2024-05-26 03:37:59.314,21.1,101.7
2024-05-26 03:38:27.863,21.0,101.7
2024-05-26 03:38:55.315,20.9,101.7
2024-05-26 03:39:22.773,21.0,101.7
2024-05-26 03:39:49.516,21.0,101.7
2024-05-26 03:40:16.706,21.0,101.7
2024-05-26 03:40:44.296,20.9,101.7
2024-05-26 03:41:12.318,20.8,101.7
2024-05-26 03:41:39.414,21.1,101.7
2024-05-26 03:42:07.435,20.9,101.7
2024-05-26 03:42:34.663,20.9,101.7
2024-05-26 03:43:01.915,20.9,101.7
2024-05-26 03:43:29.158,20.9,101.7
2024-05-26 03:43:56.962,20.9,101.7
2024-05-26 03:44:25.262,21.0,101.7
2024-05-26 03:44:53.039,20.9,101.7
2024-05-26 03:45:21.193,20.9,101.7
2024-05-26 03:45:48.108,21.0,101.7
2024-05-26 03:46:14.861,21.0,101.7
2024-05-26 03:46:41.974,21.1,101.7
2024-05-26 03:47:10.005,20.9,101.7
2024-05-26 03:47:36.877,20.9,101.7
2024-05-26 03:48:04.717,20.8,101.7
2024-05-26 03:48:32.016,20.9,101.7
2024-05-26 03:48:59.783,20.9,101.7
2024-05-26 03:49:27.697,20.9,101.7
2024-05-26 03:49:56.758,21.1,101.7
2024-05-26 03:50:24.360,21.0,101.7
2024-05-26 03:50:51.850,21.0,101.7
2024-05-26 03:51:19.836,20.9,101.7
2024-05-26 03:51:47.995,21.0,101.7
2024-05-26 03:52:15.690,20.9,101.7
2024-05-26 03:52:42.791,20.9,101.7
2024-05-26 03:53:09.975,20.9,101.7
2024-05-26 03:53:37.909,20.8,101.7
2024-05-26 03:54:06.316,21.0,101.7
2024-05-26 03:54:34.503,21.0,101.7
2024-05-26 03:55:02.466,20.8,101.7
2024-05-26 03:55:29.998,20.8,101.7
2024-05-26 03:55:57.269,20.8,101.7
2024-05-26 03:56:25.223,21.0,101.7
2024-05-26 03:56:52.264,21.1,101.7
2024-05-26 03:57:20.140,21.0,101.7
2024-05-26 03:57:48.193,21.0,101.7
2024-05-26 03:58:15.721,21.0,101.7
2024-05-26 03:58:42.859,20.8,101.7
2024-05-26 03:59:10.048,21.0,101.7
2024-05-26 03:59:38.097,21.0,101.7
2024-05-26 04:00:04.609,20.9,101.7
2024-05-26 04:00:32.194,20.9,101.7
2024-05-26 04:01:00.383,20.8,101.7
2024-05-26 04:01:26.847,20.9,101.7
2024-05-26 04:01:54.486,20.9,101.7
2024-05-26 04:02:21.705,20.9,101.7
2024-05-26 04:02:49.053,21.0,101.7
2024-05-26 04:03:16.711,20.9,101.7
2024-05-26 04:03:45.038,20.9,101.7
2024-05-26 04:04:12.416,20.9,101.7
2024-05-26 04:04:39.823,21.0,101.7
2024-05-26 04:05:07.414,20.9,101.7
2024-05-26 04:05:35.302,21.0,101.7
2024-05-26 04:06:02.549,21.0,101.7
2024-05-26 04:06:29.714,21.0,101.7
2024-05-26 04:06:57.346,20.9,101.7
2024-05-26 04:07:24.846,20.8,101.7
2024-05-26 04:07:51.888,21.1,101.7
2024-05-26 04:08:19.012,21.0,101.7
2024-05-26 04:08:47.199,20.8,101.7
2024-05-26 04:09:15.004,20.9,101.7
2024-05-26 04:09:42.218,21.0,101.7
2024-05-26 04:10:10.631,20.8,101.7
2024-05-26 04:10:39.389,20.7,101.7
2024-05-26 04:11:07.777,20.9,101.7
2024-05-26 04:11:35.750,20.8,101.7
2024-05-26 04:12:03.336,21.0,101.7
2024-05-26 04:12:29.854,20.9,101.7
2024-05-26 04:12:57.124,20.9,101.7
2024-05-26 04:13:24.868,20.9,101.7
2024-05-26 04:13:53.354,21.0,101.7
2024-05-26 04:14:21.109,21.0,101.7
2024-05-26 04:14:47.972,20.9,101.7
2024-05-26 04:15:15.628,20.9,101.7
2024-05-26 04:15:43.842,21.1,101.7
2024-05-26 04:16:11.635,20.9,101.7
2024-05-26 04:16:39.644,20.9,101.7
2024-05-26 04:17:07.257,21.0,101.7
2024-05-26 04:17:35.393,20.9,101.7
2024-05-26 04:18:03.610,20.9,101.7
2024-05-26 04:18:30.021,20.8,101.7
2024-05-26 04:18:58.517,20.9,101.7
2024-05-26 04:19:26.483,20.8,101.7
2024-05-26 04:19:54.116,20.9,101.7
2024-05-26 04:20:21.920,20.9,101.7
2024-05-26 04:20:50.136,20.8,101.7
2024-05-26 04:21:17.970,20.9,101.7
2024-05-26 04:21:45.568,20.9,101.7
2024-05-26 04:22:13.103,21.0,101.7
2024-05-26 04:22:40.526,21.0,101.7
2024-05-26 04:23:07.860,20.8,101.7
2024-05-26 04:23:35.309,21.0,101.7
2024-05-26 04:24:03.045,20.9,101.7
2024-05-26 04:24:31.141,20.9,101.7
2024-05-26 04:24:57.995,21.0,101.7
2024-05-26 04:25:25.679,21.1,101.7
2024-05-26 04:25:54.355,20.9,101.7
2024-05-26 04:26:21.021,20.8,101.7
2024-05-26 04:26:48.633,20.9,101.7
2024-05-26 04:27:16.322,20.9,101.7
2024-05-26 04:27:44.408,20.9,101.7
2024-05-26 04:28:12.353,20.9,101.7
2024-05-26 04:28:38.781,21.0,101.7
2024-05-26 04:29:07.192,21.0,101.7
2024-05-26 04:29:35.224,21.0,101.7
2024-05-26 04:30:02.697,21.0,101.7
2024-05-26 04:30:29.766,20.9,101.7
2024-05-26 04:30:57.815,21.0,101.7
2024-05-26 04:31:26.419,21.0,101.7
2024-05-26 04:31:54.166,21.0,101.7
2024-05-26 04:32:22.058,21.0,101.7
2024-05-26 04:32:49.518,21.0,101.6
2024-05-26 04:33:18.078,20.9,101.6
2024-05-26 04:33:46.059,21.0,101.6
2024-05-26 04:34:13.503,21.1,101.6
2024-05-26 04:34:40.919,21.0,101.6
2024-05-26 04:35:08.084,21.1,101.6
2024-05-26 04:35:36.112,20.9,101.6
2024-05-26 04:36:03.196,20.9,101.6
2024-05-26 04:36:31.508,21.0,101.6
2024-05-26 04:36:59.513,21.0,101.6
2024-05-26 04:37:26.518,21.0,101.6
2024-05-26 04:37:54.270,21.0,101.7
2024-05-26 04:38:22.297,21.0,101.7
2024-05-26 04:38:50.799,20.9,101.7
2024-05-26 04:39:17.619,21.0,101.7
2024-05-26 04:39:44.527,21.0,101.7
2024-05-26 04:40:12.465,21.1,101.7
2024-05-26 04:40:39.929,21.0,101.7
2024-05-26 04:41:07.673,21.2,101.7
2024-05-26 04:41:35.584,21.0,101.7
2024-05-26 04:42:03.054,20.9,101.7
2024-05-26 04:42:31.035,21.0,101.7
2024-05-26 04:42:59.084,21.1,101.7
2024-05-26 04:43:27.102,20.9,101.7
2024-05-26 04:43:54.289,21.0,101.7
2024-05-26 04:44:21.428,21.0,101.7
2024-05-26 04:44:48.540,20.8,101.7
2024-05-26 04:45:18.234,21.0,101.7
2024-05-26 04:45:45.762,21.0,101.7
2024-05-26 04:46:13.416,20.9,101.7
2024-05-26 04:46:41.748,20.8,101.7
2024-05-26 04:47:08.885,21.0,101.7
2024-05-26 04:47:36.495,21.0,101.7
2024-05-26 04:48:03.764,20.9,101.7
2024-05-26 04:48:31.752,20.9,101.7
2024-05-26 04:48:58.465,21.1,101.7
2024-05-26 04:49:27.215,20.9,101.7
2024-05-26 04:49:54.610,21.0,101.7
2024-05-26 04:50:21.705,21.0,101.7
2024-05-26 04:50:49.572,21.1,101.6
2024-05-26 04:51:18.006,20.9,101.6
2024-05-26 04:51:45.539,21.1,101.6
2024-05-26 04:52:12.900,20.9,101.6
2024-05-26 04:52:40.237,21.0,101.6
2024-05-26 04:53:09.155,21.1,101.6
2024-05-26 04:53:36.574,21.1,101.6
2024-05-26 04:54:04.530,20.9,101.6
2024-05-26 04:54:32.371,20.9,101.6
2024-05-26 04:55:00.149,21.1,101.6
2024-05-26 04:55:27.998,21.0,101.6
2024-05-26 04:55:56.570,21.0,101.6
2024-05-26 04:56:24.632,21.1,101.6
2024-05-26 04:56:52.806,21.0,101.6
2024-05-26 04:57:21.366,21.0,101.6
2024-05-26 04:57:48.874,21.1,101.6
2024-05-26 04:58:16.738,20.9,101.6
2024-05-26 04:58:43.759,21.0,101.6
2024-05-26 04:59:11.873,21.0,101.6
2024-05-26 04:59:38.955,21.0,101.6
2024-05-26 05:00:06.395,21.0,101.6
2024-05-26 05:00:33.022,21.0,101.6
2024-05-26 05:01:01.161,21.1,101.6
2024-05-26 05:01:27.913,21.0,101.6
2024-05-26 05:01:55.215,21.1,101.6
2024-05-26 05:02:22.702,21.0,101.6
2024-05-26 05:02:51.220,21.0,101.6
2024-05-26 05:03:18.907,21.0,101.6
2024-05-26 05:03:45.929,21.1,101.6
2024-05-26 05:04:12.851,21.2,101.6
2024-05-26 05:04:41.237,20.9,101.6
2024-05-26 05:05:08.583,21.1,101.6
2024-05-26 05:05:36.552,20.9,101.6
2024-05-26 05:06:04.316,20.9,101.6
2024-05-26 05:06:31.892,21.1,101.6
2024-05-26 05:06:59.560,21.1,101.6
2024-05-26 05:07:27.094,20.9,101.6
2024-05-26 05:07:55.049,21.0,101.6
2024-05-26 05:08:21.877,20.9,101.6
2024-05-26 05:08:49.434,21.0,101.6
2024-05-26 05:09:17.452,21.0,101.6
2024-05-26 05:09:44.809,21.1,101.6
2024-05-26 05:10:12.351,21.0,101.6
2024-05-26 05:10:40.380,21.2,101.6
2024-05-26 05:11:07.937,21.0,101.6
2024-05-26 05:11:35.332,21.0,101.6
2024-05-26 05:12:02.495,21.1,101.6
2024-05-26 05:12:29.801,21.0,101.6
2024-05-26 05:12:58.481,21.0,101.6
2024-05-26 05:13:25.699,21.2,101.6
2024-05-26 05:13:52.225,21.1,101.6
2024-05-26 05:14:19.366,21.0,101.6
2024-05-26 05:14:48.096,21.0,101.6
2024-05-26 05:15:14.365,21.1,101.6
2024-05-26 05:15:42.673,21.1,101.6
2024-05-26 05:16:10.723,21.1,101.6
2024-05-26 05:16:38.379,21.0,101.6
2024-05-26 05:17:06.030,21.2,101.6
2024-05-26 05:17:33.705,21.0,101.6
2024-05-26 05:18:01.457,21.2,101.6
2024-05-26 05:18:28.505,21.2,101.6
2024-05-26 05:18:56.759,21.1,101.6
2024-05-26 05:19:24.522,21.0,101.6
2024-05-26 05:19:52.137,21.2,101.6
2024-05-26 05:20:21.361,21.1,101.6
2024-05-26 05:20:49.271,21.1,101.6
2024-05-26 05:21:17.204,20.9,101.6
2024-05-26 05:21:45.262,21.0,101.6
2024-05-26 05:22:12.869,21.2,101.6
2024-05-26 05:22:40.249,21.2,101.6
2024-05-26 05:23:07.204,21.1,101.6
2024-05-26 05:23:35.623,21.1,101.6
2024-05-26 05:24:02.007,21.2,101.7
2024-05-26 05:24:29.616,21.2,101.7
2024-05-26 05:24:57.019,21.2,101.7
2024-05-26 05:25:24.341,21.1,101.7
2024-05-26 05:25:51.833,21.0,101.6
2024-05-26 05:26:19.703,21.1,101.6
2024-05-26 05:26:47.876,21.2,101.6
2024-05-26 05:27:14.950,21.2,101.6
2024-05-26 05:27:42.755,21.1,101.6
2024-05-26 05:28:09.826,21.0,101.6
2024-05-26 05:28:37.454,21.2,101.6
2024-05-26 05:29:04.740,21.1,101.6
2024-05-26 05:29:32.535,21.1,101.6
2024-05-26 05:29:59.350,21.1,101.6
2024-05-26 05:30:27.528,21.1,101.6
2024-05-26 05:30:55.202,21.2,101.6
2024-05-26 05:31:22.706,21.1,101.6
2024-05-26 05:31:49.623,21.1,101.6
2024-05-26 05:32:17.595,21.1,101.6
2024-05-26 05:32:44.944,21.1,101.6
2024-05-26 05:33:14.066,21.2,101.6
2024-05-26 05:33:41.037,21.1,101.6
2024-05-26 05:34:08.909,21.3,101.6
2024-05-26 05:34:37.579,21.2,101.6
2024-05-26 05:35:05.000,21.2,101.6
2024-05-26 05:35:31.095,21.1,101.6
2024-05-26 05:35:59.007,21.2,101.6
2024-05-26 05:36:26.591,21.1,101.6
2024-05-26 05:36:54.026,21.3,101.6
2024-05-26 05:37:22.118,21.1,101.6
2024-05-26 05:37:49.418,21.1,101.6
2024-05-26 05:38:17.108,21.2,101.6
2024-05-26 05:38:44.167,21.1,101.6
2024-05-26 05:39:12.666,21.2,101.6
2024-05-26 05:39:40.094,21.2,101.6
2024-05-26 05:40:07.691,21.1,101.6
2024-05-26 05:40:35.924,21.0,101.6
2024-05-26 05:41:03.675,21.2,101.6
2024-05-26 05:41:31.126,21.2,101.6
2024-05-26 05:41:58.260,21.2,101.6
2024-05-26 05:42:26.334,21.1,101.6
2024-05-26 05:42:54.219,21.1,101.6
2024-05-26 05:43:21.092,21.1,101.6
2024-05-26 05:43:48.380,21.2,101.6
2024-05-26 05:44:15.753,21.1,101.6
2024-05-26 05:44:43.795,21.1,101.6
2024-05-26 05:45:11.830,21.3,101.6
2024-05-26 05:45:39.387,21.3,101.6
2024-05-26 05:46:07.357,21.1,101.6
2024-05-26 05:46:35.607,21.2,101.6
2024-05-26 05:47:02.340,21.1,101.6
2024-05-26 05:47:29.922,21.1,101.6
2024-05-26 05:47:58.083,21.2,101.6
2024-05-26 05:48:25.206,21.2,101.6
2024-05-26 05:48:52.959,21.0,101.6
2024-05-26 05:49:20.429,21.1,101.6
2024-05-26 05:49:46.601,21.2,101.6
2024-05-26 05:50:15.228,21.1,101.6
2024-05-26 05:50:42.298,21.0,101.6
2024-05-26 05:51:08.931,21.2,101.6
2024-05-26 05:51:36.710,21.0,101.6
2024-05-26 05:52:03.362,21.1,101.6
2024-05-26 05:52:31.307,21.2,101.6
2024-05-26 05:52:59.652,21.3,101.6
2024-05-26 05:53:27.276,21.2,101.6
2024-05-26 05:53:55.123,21.3,101.6
2024-05-26 05:54:22.991,21.2,101.6
2024-05-26 05:54:50.789,21.2,101.6
2024-05-26 05:55:19.270,21.4,101.6
2024-05-26 05:55:47.012,21.4,101.6
2024-05-26 05:56:14.478,21.3,101.6
2024-05-26 05:56:42.308,21.1,101.6
2024-05-26 05:57:09.752,21.4,101.6
2024-05-26 05:57:37.222,21.2,101.6
2024-05-26 05:58:05.014,21.4,101.6
2024-05-26 05:58:32.690,21.3,101.6
2024-05-26 05:59:00.378,21.2,101.6
2024-05-26 05:59:28.553,21.2,101.6
2024-05-26 05:59:56.072,21.2,101.6
2024-05-26 06:00:24.008,21.3,101.6
2024-05-26 06:00:51.238,21.2,101.6
2024-05-26 06:01:20.046,21.2,101.6
2024-05-26 06:01:47.277,21.2,101.6
2024-05-26 06:02:13.571,21.2,101.6
2024-05-26 06:02:41.738,21.2,101.6
2024-05-26 06:03:08.313,21.3,101.6
2024-05-26 06:03:35.816,21.3,101.6
2024-05-26 06:04:04.261,21.2,101.6
2024-05-26 06:04:32.438,21.2,101.6
2024-05-26 06:05:00.048,21.2,101.6
2024-05-26 06:05:27.352,21.3,101.6
2024-05-26 06:05:54.795,21.3,101.6
2024-05-26 06:06:23.323,21.3,101.6
2024-05-26 06:06:51.058,21.2,101.6
2024-05-26 06:07:18.692,21.3,101.6
2024-05-26 06:07:46.937,21.3,101.6
2024-05-26 06:08:15.405,21.3,101.6
2024-05-26 06:08:42.572,21.2,101.6
2024-05-26 06:09:10.092,21.2,101.6
2024-05-26 06:09:38.024,21.3,101.6
2024-05-26 06:10:06.420,21.2,101.6
2024-05-26 06:10:34.564,21.3,101.6
2024-05-26 06:11:02.747,21.3,101.6
2024-05-26 06:11:29.950,21.3,101.6
2024-05-26 06:11:57.674,21.3,101.6
2024-05-26 06:12:25.162,21.3,101.6
2024-05-26 06:12:53.351,21.2,101.6
2024-05-26 06:13:21.348,21.2,101.6
2024-05-26 06:13:48.757,21.3,101.6
2024-05-26 06:14:16.417,21.3,101.6
2024-05-26 06:14:43.424,21.4,101.6
2024-05-26 06:15:12.154,21.4,101.6
2024-05-26 06:15:38.443,21.4,101.6
2024-05-26 06:16:05.606,21.4,101.6
2024-05-26 06:16:33.133,21.4,101.6
2024-05-26 06:17:00.865,21.5,101.6
2024-05-26 06:17:27.124,21.5,101.6
2024-05-26 06:17:54.881,21.4,101.6
2024-05-26 06:18:20.397,21.4,101.6
2024-05-26 06:18:47.829,21.3,101.6
2024-05-26 06:19:16.147,21.4,101.6
2024-05-26 06:19:43.124,21.4,101.6
2024-05-26 06:20:11.317,21.5,101.6
2024-05-26 06:20:37.814,21.4,101.6
2024-05-26 06:21:05.666,21.6,101.6
2024-05-26 06:21:33.902,21.4,101.6
2024-05-26 06:22:00.824,21.5,101.6
2024-05-26 06:22:29.026,21.5,101.6
2024-05-26 06:22:55.130,21.5,101.6
2024-05-26 06:23:22.621,21.5,101.6
2024-05-26 06:23:50.948,21.4,101.6
2024-05-26 06:24:18.176,21.5,101.6
2024-05-26 06:24:46.143,21.4,101.6
2024-05-26 06:25:12.572,21.5,101.6
2024-05-26 06:25:39.482,21.4,101.6
2024-05-26 06:26:07.796,21.4,101.6
2024-05-26 06:26:35.738,21.5,101.6
2024-05-26 06:27:03.811,21.4,101.6
2024-05-26 06:27:30.646,21.6,101.6
2024-05-26 06:27:57.711,21.6,101.6
2024-05-26 06:28:24.671,21.5,101.6
2024-05-26 06:28:52.779,21.5,101.6
2024-05-26 06:29:19.863,21.5,101.6
2024-05-26 06:29:47.651,21.5,101.6
2024-05-26 06:30:14.527,21.5,101.6
2024-05-26 06:30:42.917,21.5,101.6
2024-05-26 06:31:09.603,21.6,101.6
2024-05-26 06:31:36.511,21.4,101.6
2024-05-26 06:32:04.658,21.6,101.6
2024-05-26 06:32:32.269,21.5,101.6
2024-05-26 06:32:59.306,21.6,101.6
2024-05-26 06:33:27.690,21.6,101.6
2024-05-26 06:33:55.584,21.6,101.6
2024-05-26 06:34:23.530,21.7,101.6
2024-05-26 06:34:49.315,21.6,101.6
2024-05-26 06:35:16.859,21.6,101.6
2024-05-26 06:35:44.365,21.6,101.6
2024-05-26 06:36:12.166,21.6,101.6
2024-05-26 06:36:39.538,21.6,101.6
2024-05-26 06:37:07.232,21.8,101.6
2024-05-26 06:37:34.209,21.8,101.6
2024-05-26 06:38:02.421,21.8,101.6
2024-05-26 06:38:29.826,21.8,101.6
2024-05-26 06:38:57.945,21.7,101.6
2024-05-26 06:39:25.826,21.6,101.6
2024-05-26 06:39:52.732,21.7,101.6
2024-05-26 06:40:19.708,21.5,101.6
2024-05-26 06:40:46.263,21.5,101.6
2024-05-26 06:41:14.147,21.7,101.6
2024-05-26 06:41:40.200,21.6,101.6
2024-05-26 06:42:08.972,21.7,101.6
2024-05-26 06:42:36.352,21.7,101.6
2024-05-26 06:43:04.179,21.8,101.6
2024-05-26 06:43:32.146,21.7,101.6
2024-05-26 06:43:59.569,21.8,101.6
2024-05-26 06:44:27.222,21.7,101.6
2024-05-26 06:44:55.687,21.7,101.6
2024-05-26 06:45:23.552,21.8,101.6
2024-05-26 06:45:50.882,21.7,101.6
2024-05-26 06:46:19.252,21.6,101.6
2024-05-26 06:46:46.847,21.8,101.6
2024-05-26 06:47:14.912,21.8,101.6
2024-05-26 06:47:43.362,21.7,101.6
2024-05-26 06:48:10.539,21.6,101.6
2024-05-26 06:48:37.573,21.8,101.6
2024-05-26 06:49:06.305,21.6,101.6
2024-05-26 06:49:33.990,21.6,101.6
2024-05-26 06:50:01.629,21.7,101.6
2024-05-26 06:50:30.262,21.8,101.6
2024-05-26 06:50:57.731,21.8,101.6
2024-05-26 06:51:25.672,22.0,101.6
2024-05-26 06:51:53.750,21.9,101.6
2024-05-26 06:52:20.664,21.9,101.6
2024-05-26 06:52:49.105,21.8,101.6
2024-05-26 06:53:17.002,21.8,101.6
2024-05-26 06:53:44.205,21.7,101.6
2024-05-26 06:54:11.115,21.8,101.6
2024-05-26 06:54:38.717,21.8,101.6
2024-05-26 06:55:04.431,22.0,101.6
2024-05-26 06:55:32.347,22.0,101.6
2024-05-26 06:55:58.939,21.9,101.6
2024-05-26 06:56:27.484,21.9,101.6
2024-05-26 06:56:54.738,21.7,101.6
2024-05-26 06:57:22.646,21.8,101.6
2024-05-26 06:57:50.232,21.9,101.6
2024-05-26 06:58:17.691,21.9,101.6
2024-05-26 06:58:45.862,21.8,101.6
2024-05-26 06:59:12.749,21.8,101.6
2024-05-26 06:59:40.818,21.9,101.6
2024-05-26 07:00:07.855,22.0,101.6
2024-05-26 07:00:35.026,22.0,101.6
2024-05-26 07:01:02.850,21.8,101.6
2024-05-26 07:01:30.764,21.9,101.6
2024-05-26 07:01:58.928,22.0,101.6
2024-05-26 07:02:26.934,22.0,101.6
2024-05-26 07:02:54.240,22.0,101.6
2024-05-26 07:03:21.383,22.0,101.6
2024-05-26 07:03:49.213,21.8,101.6
2024-05-26 07:04:16.379,21.9,101.6
2024-05-26 07:04:44.099,21.9,101.6
2024-05-26 07:05:11.571,21.9,101.6
2024-05-26 07:05:39.079,21.9,101.6
2024-05-26 07:06:07.454,21.8,101.6
2024-05-26 07:06:33.461,22.0,101.6
2024-05-26 07:06:59.952,21.9,101.6
2024-05-26 07:07:26.876,21.9,101.6
2024-05-26 07:07:54.213,22.0,101.6
2024-05-26 07:08:22.666,21.9,101.6
2024-05-26 07:08:49.927,21.9,101.6
2024-05-26 07:09:17.426,21.9,101.6
2024-05-26 07:09:45.520,22.0,101.6
2024-05-26 07:10:11.536,22.0,101.6
2024-05-26 07:10:40.130,21.9,101.6
2024-05-26 07:11:08.826,21.9,101.6
2024-05-26 07:11:36.661,21.9,101.6
2024-05-26 07:12:03.746,21.9,101.6
2024-05-26 07:12:30.988,22.0,101.6
2024-05-26 07:12:58.500,22.0,101.6
2024-05-26 07:13:27.182,21.9,101.6
2024-05-26 07:13:54.785,21.9,101.6
2024-05-26 07:14:22.377,21.8,101.6
2024-05-26 07:14:49.923,21.9,101.6
2024-05-26 07:15:17.924,22.0,101.6
2024-05-26 07:15:44.952,21.9,101.6
2024-05-26 07:16:12.328,21.9,101.6
2024-05-26 07:16:40.176,21.8,101.6
2024-05-26 07:17:07.220,21.9,101.6
2024-05-26 07:17:34.839,21.8,101.6
2024-05-26 07:18:01.924,21.8,101.6
2024-05-26 07:18:31.816,21.7,101.6
2024-05-26 07:18:59.382,21.9,101.6
2024-05-26 07:19:27.196,22.0,101.6
2024-05-26 07:19:54.039,21.8,101.6
2024-05-26 07:20:22.542,21.8,101.6
2024-05-26 07:20:49.714,21.8,101.6
2024-05-26 07:21:17.576,21.9,101.6
2024-05-26 07:21:45.206,21.9,101.6
2024-05-26 07:22:12.673,21.9,101.6
2024-05-26 07:22:41.048,21.9,101.6
2024-05-26 07:23:08.494,21.8,101.6
2024-05-26 07:23:36.095,21.9,101.6
2024-05-26 07:24:04.412,21.9,101.6
2024-05-26 07:24:30.944,21.8,101.6
2024-05-26 07:24:57.812,21.9,101.6
2024-05-26 07:25:25.400,21.8,101.6
2024-05-26 07:25:54.041,21.9,101.6
2024-05-26 07:26:21.326,21.8,101.6
2024-05-26 07:26:48.672,21.8,101.6
2024-05-26 07:27:15.619,21.8,101.6
2024-05-26 07:27:42.847,21.8,101.6
2024-05-26 07:28:11.034,21.8,101.6
2024-05-26 07:28:38.211,21.8,101.6
2024-05-26 07:29:07.307,21.7,101.6
2024-05-26 07:29:34.280,21.8,101.6
2024-05-26 07:30:01.947,21.7,101.6
2024-05-26 07:30:29.552,21.7,101.6
2024-05-26 07:30:56.955,21.8,101.6
2024-05-26 07:31:24.242,21.9,101.6
2024-05-26 07:31:51.513,21.8,101.6
2024-05-26 07:32:20.096,21.9,101.6
2024-05-26 07:32:47.636,21.8,101.6
2024-05-26 07:33:15.313,21.9,101.6
2024-05-26 07:33:44.002,21.9,101.6
2024-05-26 07:34:11.827,21.8,101.6
2024-05-26 07:34:39.716,21.8,101.6
2024-05-26 07:35:07.584,21.9,101.6
2024-05-26 07:35:35.239,21.8,101.6
2024-05-26 07:36:01.968,21.7,101.6
2024-05-26 07:36:29.133,21.8,101.6
2024-05-26 07:36:56.479,21.7,101.6
2024-05-26 07:37:23.551,21.7,101.6
2024-05-26 07:37:52.154,21.8,101.6
2024-05-26 07:38:20.377,21.8,101.6
2024-05-26 07:38:48.541,21.7,101.6
2024-05-26 07:39:16.168,21.8,101.6
2024-05-26 07:39:44.812,21.8,101.6
2024-05-26 07:40:11.535,21.8,101.6
2024-05-26 07:40:38.825,21.9,101.6
2024-05-26 07:41:05.692,21.8,101.6
2024-05-26 07:41:33.474,21.8,101.6
2024-05-26 07:42:01.715,21.8,101.6
2024-05-26 07:42:29.118,21.8,101.6
2024-05-26 07:42:57.901,21.8,101.6
2024-05-26 07:43:25.236,21.6,101.6
2024-05-26 07:43:52.969,21.7,101.6
2024-05-26 07:44:19.718,21.7,101.6
2024-05-26 07:44:47.615,21.6,101.6
2024-05-26 07:45:15.148,21.7,101.6
2024-05-26 07:45:43.724,21.7,101.6
2024-05-26 07:46:10.931,21.8,101.6
2024-05-26 07:46:39.582,21.7,101.6
2024-05-26 07:47:06.375,21.6,101.6
2024-05-26 07:47:34.144,21.7,101.6
2024-05-26 07:48:00.825,21.5,101.6
2024-05-26 07:48:28.908,21.7,101.6
2024-05-26 07:48:57.191,21.7,101.6
2024-05-26 07:49:24.789,21.8,101.6
2024-05-26 07:49:50.859,21.8,101.6
2024-05-26 07:50:18.895,21.7,101.6
2024-05-26 07:50:45.912,21.8,101.6
2024-05-26 07:51:13.014,21.8,101.6
2024-05-26 07:51:40.711,21.9,101.6
2024-05-26 07:52:08.497,21.9,101.6
2024-05-26 07:52:36.000,21.9,101.6
2024-05-26 07:53:03.227,21.9,101.6
2024-05-26 07:53:30.260,21.9,101.6
2024-05-26 07:53:56.304,21.8,101.6
2024-05-26 07:54:24.244,21.7,101.6
2024-05-26 07:54:51.856,21.7,101.6
2024-05-26 07:55:18.848,21.9,101.6
2024-05-26 07:55:46.377,21.8,101.6
2024-05-26 07:56:14.207,21.8,101.6
2024-05-26 07:56:39.983,22.0,101.6
2024-05-26 07:57:08.537,22.1,101.6
2024-05-26 07:57:35.595,22.0,101.6
2024-05-26 07:58:03.796,21.9,101.6
2024-05-26 07:58:30.954,22.0,101.6
2024-05-26 07:58:58.757,22.0,101.6
2024-05-26 07:59:25.494,21.9,101.6
2024-05-26 07:59:53.481,21.9,101.6
2024-05-26 08:00:22.482,21.9,101.6
2024-05-26 08:00:46.557,21.9,101.6
2024-05-26 08:01:13.754,21.8,101.6
2024-05-26 08:01:41.460,21.8,101.6
2024-05-26 08:02:08.649,21.9,101.6
2024-05-26 08:02:34.844,22.0,101.6
2024-05-26 08:03:01.916,21.9,101.6
2024-05-26 08:03:28.928,21.8,101.6
2024-05-26 08:03:56.262,21.9,101.6
2024-05-26 08:04:23.661,21.9,101.6
2024-05-26 08:04:51.871,21.9,101.6
2024-05-26 08:05:20.046,21.9,101.6
2024-05-26 08:05:47.346,21.8,101.6
2024-05-26 08:06:15.136,21.8,101.6
2024-05-26 08:06:41.690,21.8,101.6
2024-05-26 08:07:09.048,21.9,101.6
2024-05-26 08:07:37.056,21.8,101.6
2024-05-26 08:08:03.800,21.8,101.6
2024-05-26 08:08:30.273,21.9,101.6
2024-05-26 08:08:58.006,21.8,101.6
2024-05-26 08:09:26.213,21.9,101.6
2024-05-26 08:09:53.269,21.8,101.6
2024-05-26 08:10:21.509,21.8,101.6
2024-05-26 08:10:49.063,21.9,101.6
2024-05-26 08:11:16.607,22.0,101.6
2024-05-26 08:11:44.264,21.9,101.6
2024-05-26 08:12:12.178,21.9,101.6
2024-05-26 08:12:39.491,21.9,101.6
2024-05-26 08:13:07.216,21.8,101.6
2024-05-26 08:13:35.323,22.0,101.6
2024-05-26 08:14:04.168,21.9,101.6
2024-05-26 08:14:32.442,21.8,101.6
2024-05-26 08:15:00.642,21.9,101.6
2024-05-26 08:15:28.109,21.8,101.6
2024-05-26 08:15:55.291,21.9,101.6
2024-05-26 08:16:22.811,21.8,101.6
2024-05-26 08:16:50.260,21.9,101.6
2024-05-26 08:17:17.237,22.0,101.6
2024-05-26 08:17:45.153,21.9,101.6
2024-05-26 08:18:12.128,21.8,101.6
2024-05-26 08:18:40.348,21.9,101.6
2024-05-26 08:19:08.164,21.9,101.6
2024-05-26 08:19:34.992,21.8,101.6
2024-05-26 08:20:02.635,21.8,101.6
2024-05-26 08:20:30.428,21.8,101.6
2024-05-26 08:20:58.200,21.8,101.6
2024-05-26 08:21:25.589,21.8,101.6
2024-05-26 08:21:52.650,21.9,101.6
2024-05-26 08:22:20.080,21.8,101.6
2024-05-26 08:22:48.625,21.9,101.6
2024-05-26 08:23:15.992,21.9,101.6
2024-05-26 08:23:43.045,21.9,101.6
2024-05-26 08:24:09.823,21.8,101.6
2024-05-26 08:24:37.730,22.0,101.6
2024-05-26 08:25:04.898,22.0,101.6
2024-05-26 08:25:32.101,22.0,101.6
2024-05-26 08:25:59.148,21.8,101.6
2024-05-26 08:26:26.497,21.8,101.6
2024-05-26 08:26:54.563,21.8,101.6
2024-05-26 08:27:22.850,22.0,101.6
2024-05-26 08:27:49.925,21.9,101.6
2024-05-26 08:28:17.876,21.9,101.6
2024-05-26 08:28:43.992,22.0,101.6
2024-05-26 08:29:11.303,22.0,101.6
2024-05-26 08:29:37.690,21.9,101.6
2024-05-26 08:30:05.707,21.9,101.6
2024-05-26 08:30:33.295,21.9,101.6
2024-05-26 08:31:01.751,21.9,101.6
2024-05-26 08:31:28.833,21.8,101.6
2024-05-26 08:31:57.050,21.7,101.6
2024-05-26 08:32:24.216,21.8,101.6
2024-05-26 08:32:51.818,21.8,101.6
2024-05-26 08:33:20.247,21.7,101.6
2024-05-26 08:33:46.000,21.8,101.6
2024-05-26 08:34:14.165,21.9,101.6
2024-05-26 08:34:40.704,21.9,101.6
2024-05-26 08:35:08.070,21.7,101.6
2024-05-26 08:35:35.896,21.7,101.6
2024-05-26 08:36:03.573,21.9,101.6
2024-05-26 08:36:31.142,21.9,101.6
2024-05-26 08:36:59.367,21.8,101.6
2024-05-26 08:37:26.998,21.8,101.6
2024-05-26 08:37:55.148,21.8,101.6
2024-05-26 08:38:22.608,21.9,101.6
2024-05-26 08:38:50.682,21.8,101.6
2024-05-26 08:39:18.101,21.8,101.6
2024-05-26 08:39:45.408,21.8,101.6
2024-05-26 08:40:12.441,21.9,101.6
2024-05-26 08:40:41.189,21.8,101.6
2024-05-26 08:41:08.056,21.7,101.6
2024-05-26 08:41:36.701,21.7,101.6
2024-05-26 08:42:03.411,21.9,101.6
2024-05-26 08:42:31.376,21.8,101.6
2024-05-26 08:42:59.899,21.7,101.6
2024-05-26 08:43:27.115,21.7,101.6
2024-05-26 08:43:54.398,21.7,101.6
2024-05-26 08:44:22.104,21.8,101.6
2024-05-26 08:44:49.809,21.8,101.6
2024-05-26 08:45:18.304,21.7,101.6
2024-05-26 08:45:46.418,21.7,101.6
2024-05-26 08:46:13.562,21.7,101.6
2024-05-26 08:46:41.128,21.7,101.6
2024-05-26 08:47:09.225,21.7,101.6
2024-05-26 08:47:36.867,21.7,101.6
2024-05-26 08:48:04.782,21.7,101.6
2024-05-26 08:48:33.031,21.8,101.6
2024-05-26 08:49:01.127,21.7,101.6
2024-05-26 08:49:29.415,21.9,101.6
2024-05-26 08:49:56.948,21.6,101.6
2024-05-26 08:50:24.541,21.6,101.6
2024-05-26 08:50:52.945,21.8,101.6
2024-05-26 08:51:20.825,21.6,101.6
2024-05-26 08:51:47.653,21.6,101.6
2024-05-26 08:52:15.068,21.7,101.6
2024-05-26 08:52:43.415,21.7,101.6
2024-05-26 08:53:09.399,21.6,101.6
2024-05-26 08:53:37.281,21.8,101.6
2024-05-26 08:54:04.618,21.7,101.6
2024-05-26 08:54:31.945,21.7,101.6
2024-05-26 08:54:58.709,21.7,101.6
2024-05-26 08:55:26.366,21.7,101.6
2024-05-26 08:55:53.468,21.7,101.6
2024-05-26 08:56:21.123,21.8,101.6
2024-05-26 08:56:49.772,21.7,101.6
2024-05-26 08:57:16.784,21.6,101.6
2024-05-26 08:57:45.466,21.6,101.6
2024-05-26 08:58:12.346,21.7,101.6
2024-05-26 08:58:39.747,21.7,101.6
2024-05-26 08:59:07.328,21.7,101.6
2024-05-26 08:59:34.010,21.6,101.6
2024-05-26 09:00:01.227,21.6,101.6
2024-05-26 09:00:29.580,21.8,101.6
2024-05-26 09:00:56.784,21.7,101.6
2024-05-26 09:01:24.832,21.7,101.6
2024-05-26 09:01:53.505,21.8,101.6
2024-05-26 09:02:21.823,21.8,101.6
2024-05-26 09:02:49.544,21.8,101.6
2024-05-26 09:03:18.367,21.8,101.6
2024-05-26 09:03:45.036,21.7,101.6
2024-05-26 09:04:11.973,21.7,101.6
2024-05-26 09:04:39.488,21.7,101.6
2024-05-26 09:05:07.006,21.8,101.6
2024-05-26 09:05:34.793,21.8,101.6
2024-05-26 09:06:02.425,21.8,101.6
2024-05-26 09:06:29.797,21.9,101.6
2024-05-26 09:06:57.412,21.8,101.6
2024-05-26 09:07:24.384,21.7,101.6
2024-05-26 09:07:51.971,21.7,101.6
2024-05-26 09:08:18.221,21.7,101.6
2024-05-26 09:08:45.034,21.8,101.6
2024-05-26 09:09:13.572,21.7,101.6
2024-05-26 09:09:40.059,21.9,101.6
2024-05-26 09:10:06.850,21.8,101.6
2024-05-26 09:10:33.991,21.9,101.6
2024-05-26 09:11:01.472,21.9,101.6
2024-05-26 09:11:28.965,21.7,101.6
2024-05-26 09:11:55.560,21.8,101.6
2024-05-26 09:12:22.059,21.7,101.6
2024-05-26 09:12:49.592,21.7,101.6
2024-05-26 09:13:17.184,21.8,101.6
2024-05-26 09:13:44.798,21.7,101.6
2024-05-26 09:14:12.182,21.7,101.6
2024-05-26 09:14:40.034,21.7,101.6
2024-05-26 09:15:07.576,21.7,101.6
2024-05-26 09:15:35.937,21.8,101.6
2024-05-26 09:16:03.954,21.7,101.6
2024-05-26 09:16:31.826,21.6,101.6
2024-05-26 09:16:59.708,21.7,101.6
2024-05-26 09:17:27.362,21.9,101.6
2024-05-26 09:17:54.833,21.7,101.6
2024-05-26 09:18:22.499,21.9,101.6
2024-05-26 09:18:49.867,21.7,101.6
2024-05-26 09:19:17.566,21.7,101.6
2024-05-26 09:19:45.474,21.7,101.6
2024-05-26 09:20:12.788,21.8,101.6
2024-05-26 09:20:42.541,21.7,101.6
2024-05-26 09:21:09.688,21.6,101.6
2024-05-26 09:21:37.381,21.7,101.6
2024-05-26 09:22:05.408,21.8,101.6
2024-05-26 09:22:33.280,21.7,101.5
2024-05-26 09:23:01.082,21.6,101.5
2024-05-26 09:23:29.059,21.6,101.5
2024-05-26 09:23:55.549,21.7,101.5
2024-05-26 09:24:23.357,21.6,101.5
2024-05-26 09:24:51.069,21.8,101.5
2024-05-26 09:25:18.727,21.8,101.5
2024-05-26 09:25:46.821,21.7,101.5
2024-05-26 09:26:13.805,21.6,101.5
2024-05-26 09:26:41.428,21.7,101.5
2024-05-26 09:27:09.816,21.8,101.5
2024-05-26 09:27:37.579,21.6,101.5
2024-05-26 09:28:05.954,21.7,101.5
2024-05-26 09:28:32.791,21.6,101.5
2024-05-26 09:29:00.797,21.6,101.5
2024-05-26 09:29:28.420,21.7,101.5
2024-05-26 09:29:55.168,21.7,101.5
2024-05-26 09:30:22.987,21.6,101.5
2024-05-26 09:30:50.302,21.5,101.5
2024-05-26 09:31:18.647,21.5,101.5
2024-05-26 09:31:46.060,21.6,101.5
2024-05-26 09:32:13.702,21.6,101.5
2024-05-26 09:32:42.497,21.5,101.5
2024-05-26 09:33:10.037,21.6,101.5
2024-05-26 09:33:38.080,21.6,101.5
2024-05-26 09:34:04.624,21.5,101.5
2024-05-26 09:34:31.950,21.4,101.5
2024-05-26 09:34:59.822,21.5,101.5
2024-05-26 09:35:27.520,21.6,101.5
2024-05-26 09:35:54.217,21.5,101.5
2024-05-26 09:36:22.131,21.5,101.5
2024-05-26 09:36:50.253,21.5,101.5
2024-05-26 09:37:16.418,21.5,101.5
2024-05-26 09:37:45.105,21.5,101.5
2024-05-26 09:38:12.632,21.6,101.5
2024-05-26 09:38:38.646,21.5,101.5
2024-05-26 09:39:07.235,21.4,101.5
2024-05-26 09:39:34.082,21.4,101.5
2024-05-26 09:40:01.900,21.5,101.5
2024-05-26 09:40:29.500,21.4,101.5
2024-05-26 09:40:57.389,21.5,101.5
2024-05-26 09:41:24.812,21.5,101.5
2024-05-26 09:41:50.774,21.4,101.5
2024-05-26 09:42:19.124,21.4,101.5
2024-05-26 09:42:46.895,21.3,101.5
2024-05-26 09:43:15.729,21.3,101.5
2024-05-26 09:43:42.729,21.4,101.5
2024-05-26 09:44:10.879,21.4,101.5
2024-05-26 09:44:38.996,21.4,101.5
2024-05-26 09:45:06.151,21.4,101.5
2024-05-26 09:45:32.963,21.3,101.5
2024-05-26 09:46:01.241,21.3,101.6
2024-05-26 09:46:28.098,21.4,101.5
2024-05-26 09:46:55.153,21.4,101.5
2024-05-26 09:47:22.948,21.5,101.5
2024-05-26 09:47:50.579,21.5,101.5
2024-05-26 09:48:16.563,21.6,101.5
2024-05-26 09:48:45.444,21.5,101.5
2024-05-26 09:49:13.573,21.4,101.5
2024-05-26 09:49:41.729,21.4,101.6
2024-05-26 09:50:09.533,21.5,101.6
2024-05-26 09:50:37.010,21.5,101.5
2024-05-26 09:51:05.041,21.4,101.5
2024-05-26 09:51:32.951,21.4,101.6
2024-05-26 09:51:59.955,21.5,101.5
2024-05-26 09:52:27.820,21.4,101.5
2024-05-26 09:52:55.949,21.4,101.5
2024-05-26 09:53:23.384,21.4,101.5
2024-05-26 09:53:50.416,21.5,101.5
2024-05-26 09:54:18.313,21.5,101.5
2024-05-26 09:54:45.775,21.4,101.5
2024-05-26 09:55:12.370,21.3,101.5
2024-05-26 09:55:39.899,21.3,101.5
2024-05-26 09:56:07.290,21.5,101.6
2024-05-26 09:56:36.063,21.3,101.6
2024-05-26 09:57:03.987,21.5,101.6
2024-05-26 09:57:33.021,21.3,101.6
2024-05-26 09:57:59.796,21.4,101.6
2024-05-26 09:58:27.405,21.4,101.6
2024-05-26 09:58:56.292,21.3,101.6
2024-05-26 09:59:23.450,21.3,101.6
2024-05-26 09:59:51.522,21.4,101.6
2024-05-26 10:00:19.042,21.3,101.6
2024-05-26 10:00:46.776,21.3,101.6
2024-05-26 10:01:13.827,21.5,101.6
2024-05-26 10:01:41.669,21.3,101.6
2024-05-26 10:02:09.778,21.3,101.6
2024-05-26 10:02:37.670,21.4,101.6
2024-05-26 10:03:05.669,21.3,101.6
2024-05-26 10:03:34.565,21.3,101.6
2024-05-26 10:04:02.671,21.4,101.6
2024-05-26 10:04:29.764,21.4,101.6
2024-05-26 10:04:57.904,21.2,101.6
2024-05-26 10:05:26.237,21.3,101.6
2024-05-26 10:05:54.022,21.4,101.6
2024-05-26 10:06:22.468,21.3,101.6
2024-05-26 10:06:50.619,21.3,101.6
2024-05-26 10:07:18.356,21.4,101.6
2024-05-26 10:07:45.545,21.3,101.6
2024-05-26 10:08:14.561,21.4,101.6
2024-05-26 10:08:43.115,21.3,101.6
2024-05-26 10:09:10.925,21.2,101.6
2024-05-26 10:09:38.404,21.3,101.6
2024-05-26 10:10:05.795,21.3,101.6
2024-05-26 10:10:34.298,21.2,101.6
2024-05-26 10:11:02.358,21.4,101.6
2024-05-26 10:11:29.602,21.3,101.6
2024-05-26 10:11:58.336,21.3,101.6
2024-05-26 10:12:25.669,21.4,101.6
2024-05-26 10:12:53.915,21.3,101.6
2024-05-26 10:13:21.344,21.5,101.6
2024-05-26 10:13:48.865,21.5,101.6
2024-05-26 10:14:16.036,21.4,101.6
2024-05-26 10:14:43.034,21.3,101.5
2024-05-26 10:15:11.310,21.3,101.5
2024-05-26 10:15:39.622,21.4,101.5
2024-05-26 10:16:06.476,21.3,101.5
2024-05-26 10:16:33.808,21.3,101.5
2024-05-26 10:17:01.530,21.3,101.5
2024-05-26 10:17:29.968,21.4,101.5
2024-05-26 10:17:57.685,21.2,101.5
2024-05-26 10:18:25.633,21.3,101.5
2024-05-26 10:18:53.502,21.4,101.5
2024-05-26 10:19:21.391,21.4,101.5
2024-05-26 10:19:49.872,21.2,101.5
2024-05-26 10:20:17.867,21.3,101.5
2024-05-26 10:20:46.135,21.2,101.5
2024-05-26 10:21:13.228,21.4,101.5
2024-05-26 10:21:41.650,21.3,101.5
2024-05-26 10:22:08.198,21.2,101.5
2024-05-26 10:22:35.603,21.3,101.5
2024-05-26 10:23:03.352,21.3,101.5
2024-05-26 10:23:30.846,21.2,101.5
2024-05-26 10:23:58.616,21.3,101.5
2024-05-26 10:24:26.839,21.2,101.5
2024-05-26 10:24:53.738,21.2,101.5
2024-05-26 10:25:20.941,21.3,101.5
2024-05-26 10:25:48.404,21.3,101.5
2024-05-26 10:26:16.605,21.1,101.5
2024-05-26 10:26:43.220,21.2,101.5
2024-05-26 10:27:10.415,21.2,101.5
2024-05-26 10:27:38.855,21.3,101.5
2024-05-26 10:28:06.096,21.2,101.5
2024-05-26 10:28:35.139,21.3,101.5
2024-05-26 10:29:02.758,21.3,101.5
2024-05-26 10:29:29.496,21.2,101.5
2024-05-26 10:29:57.506,21.1,101.5
2024-05-26 10:30:25.442,21.2,101.5
2024-05-26 10:30:52.731,21.3,101.5
2024-05-26 10:31:19.705,21.2,101.5
2024-05-26 10:31:47.529,21.3,101.5
2024-05-26 10:32:14.919,21.2,101.5
2024-05-26 10:32:42.181,21.1,101.5
2024-05-26 10:33:09.187,21.2,101.5
2024-05-26 10:33:36.767,21.2,101.5
2024-05-26 10:34:04.989,21.2,101.5
2024-05-26 10:34:32.660,21.2,101.5
2024-05-26 10:35:00.201,21.3,101.5
2024-05-26 10:35:27.695,21.3,101.5
2024-05-26 10:35:55.498,21.0,101.5
2024-05-26 10:36:23.921,21.1,101.5
2024-05-26 10:36:52.507,21.1,101.5
2024-05-26 10:37:19.696,21.2,101.5
2024-05-26 10:37:48.047,21.2,101.5
2024-05-26 10:38:16.467,21.3,101.5
2024-05-26 10:38:43.281,21.3,101.5
2024-05-26 10:39:11.921,21.2,101.5
2024-05-26 10:39:40.435,21.1,101.5
2024-05-26 10:40:09.105,21.2,101.5
2024-05-26 10:40:35.724,21.2,101.5
2024-05-26 10:41:03.550,21.3,101.5
2024-05-26 10:41:30.786,21.3,101.5
2024-05-26 10:41:58.588,21.3,101.5
2024-05-26 10:42:26.183,21.2,101.5
2024-05-26 10:42:54.365,21.3,101.5
2024-05-26 10:43:22.184,21.1,101.5
2024-05-26 10:43:49.483,21.2,101.5
2024-05-26 10:44:16.608,21.1,101.5
2024-05-26 10:44:44.899,21.1,101.5
2024-05-26 10:45:12.544,21.2,101.5
2024-05-26 10:45:38.891,21.1,101.5
2024-05-26 10:46:06.331,21.2,101.5
2024-05-26 10:46:34.571,21.3,101.5
2024-05-26 10:47:02.401,21.2,101.5
2024-05-26 10:47:30.376,21.3,101.5
2024-05-26 10:47:58.141,21.2,101.5
2024-05-26 10:48:27.181,21.3,101.5
2024-05-26 10:48:54.757,21.2,101.5
2024-05-26 10:49:21.714,21.0,101.5
2024-05-26 10:49:49.996,21.1,101.5
2024-05-26 10:50:17.755,21.0,101.5
2024-05-26 10:50:44.759,21.1,101.5
2024-05-26 10:51:12.050,21.1,101.5
2024-05-26 10:51:40.591,21.1,101.5
2024-05-26 10:52:08.769,21.2,101.5
2024-05-26 10:52:36.478,21.3,101.5
2024-05-26 10:53:05.273,21.1,101.5
2024-05-26 10:53:32.558,21.0,101.5
2024-05-26 10:54:00.044,21.2,101.5
2024-05-26 10:54:27.709,21.2,101.5
2024-05-26 10:54:55.120,21.1,101.5
2024-05-26 10:55:22.917,21.1,101.5
2024-05-26 10:55:49.844,21.0,101.5
2024-05-26 10:56:17.378,21.1,101.5
2024-05-26 10:56:44.517,21.2,101.5
2024-05-26 10:57:12.990,21.1,101.5
2024-05-26 10:57:39.687,21.0,101.5
2024-05-26 10:58:07.670,21.2,101.5
2024-05-26 10:58:35.718,21.0,101.5
2024-05-26 10:59:03.111,21.0,101.5
2024-05-26 10:59:30.558,21.2,101.5
2024-05-26 10:59:56.487,21.2,101.5
2024-05-26 11:00:24.045,21.1,101.5
2024-05-26 11:00:52.081,21.1,101.5
2024-05-26 11:01:19.780,21.1,101.5
2024-05-26 11:01:47.355,21.0,101.5
2024-05-26 11:02:16.068,21.0,101.5
2024-05-26 11:02:42.701,21.1,101.5
2024-05-26 11:03:09.840,21.1,101.5
2024-05-26 11:03:37.005,21.2,101.5
2024-05-26 11:04:04.485,21.1,101.5
2024-05-26 11:04:31.743,21.1,101.5
2024-05-26 11:04:59.740,21.1,101.5
2024-05-26 11:05:26.727,21.1,101.5
2024-05-26 11:05:53.751,21.1,101.5
2024-05-26 11:06:21.040,21.1,101.5
2024-05-26 11:06:47.909,21.0,101.5
2024-05-26 11:07:15.230,21.1,101.5
2024-05-26 11:07:43.569,21.2,101.5
2024-05-26 11:08:10.751,21.2,101.5
2024-05-26 11:08:37.496,21.2,101.5
2024-05-26 11:09:05.726,21.2,101.5
2024-05-26 11:09:33.594,21.1,101.5
2024-05-26 11:10:00.831,21.1,101.5
2024-05-26 11:10:28.010,21.2,101.5
2024-05-26 11:10:55.600,21.2,101.5
2024-05-26 11:11:24.182,21.1,101.5
2024-05-26 11:11:52.441,21.0,101.5
2024-05-26 11:12:20.370,21.0,101.5
2024-05-26 11:12:47.772,21.2,101.5
2024-05-26 11:13:15.637,21.1,101.5
2024-05-26 11:13:44.691,21.2,101.5
2024-05-26 11:14:10.358,21.2,101.5
2024-05-26 11:14:38.814,21.1,101.5
2024-05-26 11:15:05.805,21.0,101.5
2024-05-26 11:15:33.440,21.1,101.5
2024-05-26 11:16:00.876,21.1,101.5
2024-05-26 11:16:28.913,21.1,101.5
2024-05-26 11:16:57.238,21.1,101.5
2024-05-26 11:17:25.116,21.1,101.5
2024-05-26 11:17:53.363,21.1,101.5
2024-05-26 11:18:20.392,21.1,101.5
2024-05-26 11:18:47.744,21.1,101.5
2024-05-26 11:19:15.759,21.1,101.5
2024-05-26 11:19:43.395,21.1,101.5
2024-05-26 11:20:11.016,21.1,101.5
2024-05-26 11:20:38.753,20.9,101.5
2024-05-26 11:21:05.644,21.1,101.5
2024-05-26 11:21:33.259,21.1,101.5
2024-05-26 11:22:01.521,21.1,101.5
2024-05-26 11:22:29.119,21.0,101.5
2024-05-26 11:22:57.040,21.1,101.5
2024-05-26 11:23:25.165,21.0,101.5
2024-05-26 11:23:53.689,21.1,101.5
2024-05-26 11:24:21.399,21.0,101.5
2024-05-26 11:24:49.581,21.2,101.5
2024-05-26 11:25:17.477,21.1,101.5
2024-05-26 11:25:44.690,21.2,101.5
2024-05-26 11:26:13.206,21.2,101.5
2024-05-26 11:26:40.763,21.1,101.5
2024-05-26 11:27:08.645,21.2,101.5
2024-05-26 11:27:35.834,21.2,101.5
2024-05-26 11:28:02.717,21.1,101.5
2024-05-26 11:28:30.440,21.0,101.5
2024-05-26 11:28:58.300,21.1,101.5
2024-05-26 11:29:25.787,21.2,101.5
2024-05-26 11:29:51.786,21.2,101.5
2024-05-26 11:30:19.059,21.2,101.5
2024-05-26 11:30:46.232,21.1,101.5
2024-05-26 11:31:13.354,21.2,101.5
2024-05-26 11:31:41.348,21.2,101.5
2024-05-26 11:32:09.426,21.1,101.5
2024-05-26 11:32:36.284,21.1,101.5
2024-05-26 11:33:02.951,21.2,101.5
2024-05-26 11:33:29.854,21.1,101.5
2024-05-26 11:33:57.955,21.2,101.5
2024-05-26 11:34:24.553,21.2,101.5
2024-05-26 11:34:51.970,21.1,101.5
2024-05-26 11:35:20.053,21.1,101.5
2024-05-26 11:35:47.459,21.2,101.5
2024-05-26 11:36:14.504,21.0,101.5
2024-05-26 11:36:42.823,21.1,101.5
2024-05-26 11:37:10.678,21.2,101.5
2024-05-26 11:37:37.873,21.2,101.5
2024-05-26 11:38:04.577,21.0,101.5
2024-05-26 11:38:32.156,21.1,101.5
2024-05-26 11:39:00.488,21.1,101.5
2024-05-26 11:39:28.833,21.2,101.5
2024-05-26 11:39:56.620,21.1,101.5
2024-05-26 11:40:23.626,21.1,101.5
2024-05-26 11:40:57.613,21.0,101.5
2024-05-26 11:41:22.878,21.1,101.5
2024-05-26 11:41:50.415,21.0,101.5
2024-05-26 11:42:19.521,21.1,101.5
2024-05-26 11:42:47.462,21.1,101.5
2024-05-26 11:43:15.969,21.1,101.5
2024-05-26 11:43:43.534,21.2,101.5
2024-05-26 11:44:11.906,21.2,101.5
2024-05-26 11:44:39.111,21.1,101.5
2024-05-26 11:45:07.398,21.2,101.5
2024-05-26 11:45:35.905,21.2,101.5
2024-05-26 11:46:03.254,21.0,101.5
2024-05-26 11:46:30.980,21.0,101.5
2024-05-26 11:46:57.835,21.2,101.5
2024-05-26 11:47:25.299,21.1,101.5
2024-05-26 11:47:52.064,21.1,101.5
2024-05-26 11:48:19.530,21.2,101.5
2024-05-26 11:48:47.310,21.1,101.5
2024-05-26 11:49:14.833,21.1,101.5
2024-05-26 11:49:43.283,21.1,101.5
2024-05-26 11:50:11.356,21.0,101.5
2024-05-26 11:50:39.175,21.1,101.5
2024-05-26 11:51:06.557,21.1,101.5
2024-05-26 11:51:33.489,21.1,101.5
2024-05-26 11:52:01.059,21.1,101.5
2024-05-26 11:52:28.116,21.1,101.5
2024-05-26 11:52:56.370,21.1,101.5
2024-05-26 11:53:23.626,21.0,101.5
2024-05-26 11:53:51.759,21.0,101.5
2024-05-26 11:54:19.022,21.0,101.5
2024-05-26 11:54:46.854,21.1,101.5
2024-05-26 11:55:14.884,21.1,101.5
2024-05-26 11:55:43.715,21.1,101.5
2024-05-26 11:56:09.258,21.0,101.5
2024-05-26 11:56:36.603,21.0,101.5
2024-05-26 11:57:04.347,21.2,101.5
2024-05-26 11:57:32.442,21.1,101.5
2024-05-26 11:57:59.461,21.1,101.5
2024-05-26 11:58:27.649,21.1,101.5
2024-05-26 11:58:55.913,21.2,101.5
2024-05-26 11:59:21.737,21.1,101.5
2024-05-26 11:59:49.407,21.0,101.5
2024-05-26 12:00:17.701,20.9,101.5
2024-05-26 12:00:45.497,21.1,101.5
2024-05-26 12:01:12.633,20.9,101.5
2024-05-26 12:01:41.399,21.1,101.5
2024-05-26 12:02:08.419,21.1,101.5
2024-05-26 12:02:36.560,20.9,101.5
2024-05-26 12:03:04.425,21.1,101.5
2024-05-26 12:03:32.186,21.1,101.5
2024-05-26 12:03:59.383,21.0,101.5
2024-05-26 12:04:26.693,21.0,101.5
2024-05-26 12:04:54.368,21.1,101.5
2024-05-26 12:05:22.975,21.0,101.5
2024-05-26 12:05:50.987,20.9,101.5
2024-05-26 12:06:18.793,20.9,101.5
2024-05-26 12:06:45.487,21.0,101.5
2024-05-26 12:07:13.561,21.0,101.5
2024-05-26 12:07:42.458,21.0,101.5
2024-05-26 12:08:09.092,21.0,101.5
2024-05-26 12:08:37.154,21.1,101.5
2024-05-26 12:09:04.051,21.1,101.5
2024-05-26 12:09:31.394,21.0,101.5
2024-05-26 12:09:59.112,21.1,101.5
2024-05-26 12:10:26.943,21.0,101.5
2024-05-26 12:10:54.756,21.1,101.5
2024-05-26 12:11:22.118,21.1,101.5
2024-05-26 12:11:49.562,20.9,101.5
2024-05-26 12:12:17.709,20.9,101.5
2024-05-26 12:12:44.835,21.1,101.5
2024-05-26 12:13:13.156,21.1,101.5
2024-05-26 12:13:41.355,21.0,101.5
2024-05-26 12:14:09.554,21.1,101.5
2024-05-26 12:14:36.861,21.1,101.5
2024-05-26 12:15:04.536,21.0,101.5
2024-05-26 12:15:32.219,21.1,101.5
2024-05-26 12:15:59.871,21.1,101.5
2024-05-26 12:16:26.488,21.1,101.5
2024-05-26 12:16:54.497,21.1,101.5
2024-05-26 12:17:22.603,20.9,101.5
2024-05-26 12:17:48.586,21.0,101.5
2024-05-26 12:18:17.630,21.1,101.5
2024-05-26 12:18:45.236,20.9,101.5
2024-05-26 12:19:13.135,21.0,101.5
2024-05-26 12:19:40.445,20.9,101.5
2024-05-26 12:20:08.124,21.1,101.5
2024-05-26 12:20:35.347,21.0,101.5
2024-05-26 12:21:02.307,21.1,101.5
2024-05-26 12:21:30.895,21.0,101.5
2024-05-26 12:21:59.217,21.1,101.5
2024-05-26 12:22:26.673,21.1,101.5
2024-05-26 12:22:54.436,21.1,101.5
2024-05-26 12:23:21.549,21.1,101.5
2024-05-26 12:23:49.487,21.0,101.5
2024-05-26 12:24:15.441,21.0,101.5
2024-05-26 12:24:42.453,21.1,101.5
2024-05-26 12:25:10.582,21.0,101.5
2024-05-26 12:25:37.012,21.1,101.5
2024-05-26 12:26:04.940,21.1,101.5
2024-05-26 12:26:32.484,21.1,101.5
2024-05-26 12:26:59.986,20.9,101.5
2024-05-26 12:27:28.365,21.0,101.5
2024-05-26 12:27:55.146,21.0,101.5
2024-05-26 12:28:23.516,21.1,101.5
2024-05-26 12:28:50.810,20.9,101.5
2024-05-26 12:29:18.581,21.1,101.5
2024-05-26 12:29:46.939,21.1,101.5
2024-05-26 12:30:14.941,21.0,101.5
2024-05-26 12:30:42.959,21.0,101.5
2024-05-26 12:31:12.089,21.0,101.5
2024-05-26 12:31:39.518,20.9,101.5
2024-05-26 12:32:06.995,20.9,101.5
2024-05-26 12:32:35.088,21.0,101.5
2024-05-26 12:33:01.525,21.0,101.5
2024-05-26 12:33:29.286,21.0,101.5
2024-05-26 12:33:57.341,20.9,101.5
2024-05-26 12:34:25.207,21.0,101.5
2024-05-26 12:34:52.666,21.0,101.5
2024-05-26 12:35:20.403,20.9,101.5
2024-05-26 12:35:47.828,21.0,101.5
2024-05-26 12:36:16.308,21.0,101.5
2024-05-26 12:36:43.231,20.9,101.5
2024-05-26 12:37:11.373,21.1,101.5
2024-05-26 12:37:38.337,21.0,101.5
2024-05-26 12:38:06.316,21.0,101.5
2024-05-26 12:38:33.348,21.0,101.5
2024-05-26 12:39:00.330,21.0,101.5
2024-05-26 12:39:27.898,20.9,101.5
2024-05-26 12:39:55.755,21.0,101.5
2024-05-26 12:40:23.473,20.9,101.5
2024-05-26 12:40:50.447,21.1,101.4
2024-05-26 12:41:17.854,21.0,101.4
2024-05-26 12:41:45.436,21.0,101.4
2024-05-26 12:42:12.887,21.0,101.4
2024-05-26 12:42:40.285,21.0,101.4
2024-05-26 12:43:08.314,20.9,101.4
2024-05-26 12:43:35.734,21.0,101.4
2024-05-26 12:44:04.606,21.1,101.4
2024-05-26 12:44:32.793,21.0,101.4
2024-05-26 12:45:00.698,20.9,101.4
2024-05-26 12:45:27.936,20.9,101.4
2024-05-26 12:45:55.678,21.1,101.4
2024-05-26 12:46:23.635,20.9,101.4
2024-05-26 12:46:51.418,21.1,101.4
2024-05-26 12:47:18.437,21.0,101.4
2024-05-26 12:47:45.542,21.0,101.4
2024-05-26 12:48:12.125,20.9,101.4
2024-05-26 12:48:39.669,21.0,101.4
2024-05-26 12:49:07.077,21.1,101.4
2024-05-26 12:49:35.569,20.9,101.4
2024-05-26 12:50:03.627,21.0,101.4
2024-05-26 12:50:31.061,21.0,101.4
2024-05-26 12:50:59.001,21.0,101.4
2024-05-26 12:51:26.640,21.0,101.4
2024-05-26 12:51:53.946,21.0,101.4
2024-05-26 12:52:22.178,21.0,101.4
2024-05-26 12:52:50.256,21.0,101.4
2024-05-26 12:53:17.761,21.1,101.4
2024-05-26 12:53:46.099,21.1,101.4
2024-05-26 12:54:13.382,21.0,101.4
2024-05-26 12:54:40.781,21.0,101.4
2024-05-26 12:55:07.981,20.9,101.4
2024-05-26 12:55:35.153,21.0,101.4
2024-05-26 12:56:02.264,21.0,101.4
2024-05-26 12:56:29.901,21.0,101.4
2024-05-26 12:56:59.644,20.8,101.4
2024-05-26 12:57:26.754,20.8,101.4
2024-05-26 12:57:55.411,20.9,101.4
2024-05-26 12:58:23.039,21.0,101.4
2024-05-26 12:58:50.728,21.0,101.4
2024-05-26 12:59:18.931,21.0,101.4
2024-05-26 12:59:46.088,21.0,101.4
2024-05-26 13:00:14.746,21.1,101.4
2024-05-26 13:00:42.253,21.0,101.4
2024-05-26 13:01:09.144,20.9,101.4
2024-05-26 13:01:36.168,21.0,101.4
2024-05-26 13:02:02.836,21.0,101.4
2024-05-26 13:02:31.414,21.0,101.4
2024-05-26 13:02:58.623,21.1,101.4
2024-05-26 13:03:26.524,21.1,101.4
2024-05-26 13:03:54.479,21.0,101.4
2024-05-26 13:04:22.366,21.1,101.4
2024-05-26 13:04:48.689,21.1,101.4
2024-05-26 13:05:16.923,21.0,101.4
2024-05-26 13:05:44.420,21.1,101.4
2024-05-26 13:06:12.676,21.0,101.4
2024-05-26 13:06:40.915,21.0,101.4
2024-05-26 13:07:09.042,21.2,101.4
2024-05-26 13:07:35.881,21.2,101.4
2024-05-26 13:08:03.162,20.9,101.4
2024-05-26 13:08:30.198,21.0,101.4
2024-05-26 13:08:56.801,21.1,101.4
2024-05-26 13:09:24.584,21.0,101.4
2024-05-26 13:09:52.143,21.2,101.4
2024-05-26 13:10:19.635,21.1,101.4
2024-05-26 13:10:46.219,21.0,101.4
2024-05-26 13:11:13.791,21.0,101.4
2024-05-26 13:11:41.480,21.1,101.4
2024-05-26 13:12:09.362,21.1,101.4
2024-05-26 13:12:36.316,21.1,101.4
2024-05-26 13:13:03.585,21.0,101.4
2024-05-26 13:13:31.527,21.1,101.4
2024-05-26 13:13:58.992,21.0,101.4
2024-05-26 13:14:26.578,21.0,101.4
2024-05-26 13:14:54.361,21.0,101.4
2024-05-26 13:15:22.535,21.0,101.4
2024-05-26 13:15:50.654,21.0,101.4
2024-05-26 13:16:18.017,20.9,101.4
2024-05-26 13:16:45.455,21.1,101.4
2024-05-26 13:17:13.291,21.1,101.4
2024-05-26 13:17:41.196,21.1,101.4
2024-05-26 13:18:09.077,21.1,101.4
2024-05-26 13:18:36.608,21.0,101.4
2024-05-26 13:19:04.299,21.1,101.4
2024-05-26 13:19:32.860,21.2,101.4
2024-05-26 13:19:59.731,21.1,101.4
2024-05-26 13:20:27.442,20.9,101.4
2024-05-26 13:20:54.631,21.1,101.4
2024-05-26 13:21:21.929,21.0,101.4
2024-05-26 13:21:49.868,21.0,101.4
2024-05-26 13:22:17.679,21.0,101.4
2024-05-26 13:22:44.592,21.0,101.4
2024-05-26 13:23:12.217,21.0,101.4
2024-05-26 13:23:39.618,21.0,101.4
2024-05-26 13:24:07.158,21.1,101.4
2024-05-26 13:24:34.289,21.0,101.4
2024-05-26 13:25:01.805,21.1,101.4
2024-05-26 13:25:29.088,21.1,101.4
2024-05-26 13:25:56.187,21.1,101.4
2024-05-26 13:26:24.590,21.2,101.4
2024-05-26 13:26:51.182,21.1,101.4
2024-05-26 13:27:18.008,21.2,101.4
2024-05-26 13:27:44.482,21.0,101.4
2024-05-26 13:28:12.692,21.1,101.4
2024-05-26 13:28:39.431,21.1,101.4
2024-05-26 13:29:06.463,21.1,101.4
2024-05-26 13:29:32.998,21.0,101.4
2024-05-26 13:30:00.316,21.0,101.4
2024-05-26 13:30:27.411,21.0,101.4
2024-05-26 13:30:55.018,21.0,101.4
2024-05-26 13:31:22.168,21.1,101.4
2024-05-26 13:31:49.844,21.1,101.4
2024-05-26 13:32:17.864,21.2,101.4
2024-05-26 13:32:45.052,20.9,101.4
2024-05-26 13:33:13.131,21.1,101.4
2024-05-26 13:33:40.719,21.0,101.4
2024-05-26 13:34:07.466,21.1,101.4
2024-05-26 13:34:35.892,21.1,101.4
2024-05-26 13:35:04.444,21.0,101.4
2024-05-26 13:35:32.293,21.1,101.4
2024-05-26 13:35:59.055,21.1,101.4
2024-05-26 13:36:26.702,21.2,101.4
2024-05-26 13:36:54.795,21.2,101.4
2024-05-26 13:37:22.305,21.1,101.3
2024-05-26 13:37:50.390,21.1,101.3
2024-05-26 13:38:18.119,21.1,101.3
2024-05-26 13:38:46.025,21.1,101.3
2024-05-26 13:39:13.320,21.1,101.3
2024-05-26 13:39:41.777,21.1,101.3
2024-05-26 13:40:09.549,21.2,101.3
2024-05-26 13:40:36.872,21.0,101.3
2024-05-26 13:41:03.959,21.1,101.3
2024-05-26 13:41:31.299,21.0,101.3
2024-05-26 13:41:58.903,21.1,101.3
2024-05-26 13:42:25.704,21.2,101.3
2024-05-26 13:42:53.526,21.1,101.3
2024-05-26 13:43:21.296,21.3,101.3
2024-05-26 13:43:50.207,21.2,101.3
2024-05-26 13:44:17.012,21.3,101.3
2024-05-26 13:44:45.223,21.2,101.4
2024-05-26 13:45:12.084,21.3,101.4
2024-05-26 13:45:39.900,21.1,101.4
2024-05-26 13:46:08.227,21.2,101.4
2024-05-26 13:46:35.265,21.3,101.4
2024-05-26 13:47:03.376,21.3,101.4
2024-05-26 13:47:28.814,21.2,101.4
2024-05-26 13:47:55.793,21.2,101.4
2024-05-26 13:48:23.903,21.2,101.4
2024-05-26 13:48:51.508,21.3,101.4
2024-05-26 13:49:19.547,21.2,101.4
2024-05-26 13:49:45.999,21.3,101.3
2024-05-26 13:50:14.557,21.1,101.3
2024-05-26 13:50:40.867,21.0,101.3
2024-05-26 13:51:08.580,21.2,101.3
2024-05-26 13:51:35.911,21.2,101.3
2024-05-26 13:52:03.492,21.1,101.3
2024-05-26 13:52:30.857,21.2,101.3
2024-05-26 13:52:58.407,21.3,101.3
2024-05-26 13:53:26.011,21.1,101.3
2024-05-26 13:53:53.971,21.2,101.3
2024-05-26 13:54:20.624,21.2,101.3
2024-05-26 13:54:48.807,21.3,101.3
2024-05-26 13:55:16.558,21.3,101.3
2024-05-26 13:55:44.749,21.2,101.3
2024-05-26 13:56:12.630,21.2,101.3
2024-05-26 13:56:40.495,21.2,101.3
2024-05-26 13:57:08.455,21.2,101.3
2024-05-26 13:57:36.070,21.2,101.3
2024-05-26 13:58:03.733,21.3,101.3
2024-05-26 13:58:31.089,21.2,101.3
2024-05-26 13:58:59.119,21.2,101.3
2024-05-26 13:59:25.625,21.3,101.3
2024-05-26 13:59:53.816,21.1,101.3
2024-05-26 14:00:20.024,21.0,101.3
2024-05-26 14:00:47.142,21.2,101.3
2024-05-26 14:01:15.375,21.1,101.3
2024-05-26 14:01:42.613,21.1,101.3
2024-05-26 14:02:10.086,21.2,101.3
2024-05-26 14:02:36.652,21.2,101.3
2024-05-26 14:03:03.647,21.2,101.3
2024-05-26 14:03:30.607,21.2,101.3
2024-05-26 14:03:58.332,21.2,101.3
2024-05-26 14:04:25.337,21.2,101.3
2024-05-26 14:04:52.928,21.3,101.3
2024-05-26 14:05:20.105,21.2,101.3
2024-05-26 14:05:47.803,21.2,101.3
2024-05-26 14:06:15.033,21.1,101.3
2024-05-26 14:06:43.269,21.3,101.3
2024-05-26 14:07:09.809,21.3,101.3
2024-05-26 14:07:37.149,21.1,101.3
2024-05-26 14:08:04.213,21.1,101.3
2024-05-26 14:08:30.807,21.2,101.3
2024-05-26 14:08:57.739,21.1,101.3
2024-05-26 14:09:26.258,21.1,101.3
2024-05-26 14:09:54.287,21.1,101.3
2024-05-26 14:10:21.624,21.1,101.3
2024-05-26 14:10:49.895,21.1,101.3
2024-05-26 14:11:17.867,21.2,101.3
2024-05-26 14:11:45.205,21.1,101.3
2024-05-26 14:12:14.029,21.1,101.3
2024-05-26 14:12:41.629,21.2,101.3
2024-05-26 14:13:08.548,21.2,101.3
2024-05-26 14:13:36.169,21.1,101.3
2024-05-26 14:14:03.917,21.2,101.3
2024-05-26 14:14:30.793,21.1,101.3
2024-05-26 14:14:58.793,21.1,101.3
2024-05-26 14:15:26.464,21.1,101.3
2024-05-26 14:15:53.024,21.1,101.3
2024-05-26 14:16:20.034,21.2,101.3
2024-05-26 14:16:47.403,21.3,101.3
2024-05-26 14:17:15.256,21.2,101.3
2024-05-26 14:17:42.758,21.1,101.3
2024-05-26 14:18:10.143,21.0,101.3
2024-05-26 14:18:37.795,21.1,101.3
2024-05-26 14:19:06.238,21.1,101.3
2024-05-26 14:19:34.086,21.2,101.3
2024-05-26 14:20:01.297,21.2,101.3
2024-05-26 14:20:29.397,21.2,101.3
2024-05-26 14:20:56.438,21.1,101.3
2024-05-26 14:21:23.132,21.1,101.3
2024-05-26 14:21:50.963,21.0,101.3
2024-05-26 14:22:18.320,21.1,101.3
2024-05-26 14:22:46.160,21.2,101.3
2024-05-26 14:23:14.357,21.1,101.3
2024-05-26 14:23:42.812,21.0,101.3
2024-05-26 14:24:10.385,21.0,101.3
2024-05-26 14:24:38.143,21.0,101.3
2024-05-26 14:25:05.442,21.1,101.3
2024-05-26 14:25:32.816,21.2,101.3
2024-05-26 14:26:00.301,21.2,101.3
2024-05-26 14:26:28.456,21.1,101.3
2024-05-26 14:26:56.451,21.2,101.3
2024-05-26 14:27:25.045,21.1,101.3
2024-05-26 14:27:52.368,21.1,101.3
2024-05-26 14:28:20.406,21.0,101.3
2024-05-26 14:28:48.003,21.1,101.3
2024-05-26 14:29:15.523,21.1,101.3
2024-05-26 14:29:43.423,21.1,101.3
2024-05-26 14:30:10.874,21.1,101.3
2024-05-26 14:30:38.168,21.2,101.3
2024-05-26 14:31:04.910,21.1,101.3
2024-05-26 14:31:33.293,21.1,101.3
2024-05-26 14:31:59.928,21.1,101.3
2024-05-26 14:32:27.622,21.2,101.3
2024-05-26 14:32:55.493,21.0,101.3
2024-05-26 14:33:23.641,21.1,101.3
2024-05-26 14:33:51.464,21.0,101.3
2024-05-26 14:34:19.095,21.1,101.3
2024-05-26 14:34:46.093,21.1,101.3
2024-05-26 14:35:14.010,21.1,101.3
2024-05-26 14:35:42.184,21.0,101.3
2024-05-26 14:36:09.954,21.1,101.3
2024-05-26 14:36:38.805,21.2,101.3
2024-05-26 14:37:06.532,21.2,101.3
2024-05-26 14:37:33.759,21.1,101.3
2024-05-26 14:38:01.636,21.1,101.3
2024-05-26 14:38:29.585,21.0,101.3
2024-05-26 14:38:56.778,21.1,101.3
2024-05-26 14:39:24.922,21.0,101.3
2024-05-26 14:39:52.692,21.0,101.3
2024-05-26 14:40:20.720,20.9,101.3
2024-05-26 14:40:48.705,21.1,101.3
2024-05-26 14:41:15.924,21.0,101.3
2024-05-26 14:41:42.767,21.0,101.3
2024-05-26 14:42:10.590,21.1,101.3
2024-05-26 14:42:38.619,21.1,101.3
2024-05-26 14:43:05.653,21.0,101.3
2024-05-26 14:43:33.071,20.8,101.3
2024-05-26 14:44:01.771,21.1,101.3
2024-05-26 14:44:28.229,21.0,101.3
2024-05-26 14:44:55.574,21.1,101.3
2024-05-26 14:45:23.145,21.0,101.3
2024-05-26 14:45:50.139,20.9,101.3
2024-05-26 14:46:18.513,21.1,101.3
2024-05-26 14:46:46.602,21.0,101.3
2024-05-26 14:47:14.080,21.0,101.3
2024-05-26 14:47:41.244,21.1,101.3
2024-05-26 14:48:09.985,21.0,101.3
2024-05-26 14:48:37.079,21.0,101.3
2024-05-26 14:49:04.543,21.0,101.3
2024-05-26 14:49:33.434,21.1,101.3
2024-05-26 14:50:01.513,20.9,101.3
2024-05-26 14:50:29.797,21.0,101.3
2024-05-26 14:50:56.158,21.1,101.3
2024-05-26 14:51:24.260,21.0,101.3
2024-05-26 14:51:51.540,21.0,101.3
2024-05-26 14:52:19.066,21.0,101.3
2024-05-26 14:52:48.436,20.9,101.3
2024-05-26 14:53:16.284,21.0,101.3
2024-05-26 14:53:43.972,21.0,101.3
2024-05-26 14:54:13.335,21.0,101.3
2024-05-26 14:54:41.669,21.0,101.4
2024-05-26 14:55:08.229,20.9,101.4
2024-05-26 14:55:34.805,21.0,101.4
2024-05-26 14:56:01.734,20.9,101.4
2024-05-26 14:56:30.078,21.0,101.4
2024-05-26 14:56:58.521,20.9,101.4
2024-05-26 14:57:26.028,21.0,101.4
2024-05-26 14:57:53.670,20.9,101.4
2024-05-26 14:58:20.604,21.0,101.4
2024-05-26 14:58:48.654,21.0,101.4
2024-05-26 14:59:15.643,21.0,101.4
2024-05-26 14:59:44.763,20.9,101.4
2024-05-26 15:00:10.968,20.9,101.5
2024-05-26 15:00:38.510,20.9,101.5
2024-05-26 15:01:06.458,20.9,101.5
2024-05-26 15:01:35.074,20.8,101.5
2024-05-26 15:02:02.540,20.9,101.5
2024-05-26 15:02:31.759,20.7,101.5
2024-05-26 15:02:59.118,20.8,101.5
2024-05-26 15:03:26.282,21.0,101.5
2024-05-26 15:03:54.472,20.8,101.5
2024-05-26 15:04:22.619,20.9,101.5
2024-05-26 15:04:49.993,20.8,101.5
2024-05-26 15:05:18.080,20.9,101.5
2024-05-26 15:05:45.940,20.9,101.5
2024-05-26 15:06:14.489,20.9,101.5
2024-05-26 15:06:42.193,20.8,101.5
2024-05-26 15:07:10.160,20.9,101.5
2024-05-26 15:07:37.447,20.9,101.5
2024-05-26 15:08:05.255,20.9,101.5
2024-05-26 15:08:33.005,20.7,101.5
2024-05-26 15:09:01.812,20.8,101.5
2024-05-26 15:09:29.862,20.8,101.5
2024-05-26 15:09:57.838,20.8,101.5
2024-05-26 15:10:25.877,21.0,101.5
2024-05-26 15:10:54.050,20.8,101.5
2024-05-26 15:11:21.979,20.6,101.5
2024-05-26 15:11:49.046,20.6,101.5
2024-05-26 15:12:17.000,20.7,101.5
2024-05-26 15:12:45.171,20.7,101.5
2024-05-26 15:13:12.669,20.8,101.5
2024-05-26 15:13:41.284,20.8,101.5
2024-05-26 15:14:09.070,20.7,101.5
2024-05-26 15:14:36.269,20.8,101.5
2024-05-26 15:15:04.227,20.9,101.5
2024-05-26 15:15:32.761,20.6,101.5
2024-05-26 15:16:00.807,20.8,101.5
2024-05-26 15:16:29.050,20.7,101.5
2024-05-26 15:16:57.157,20.8,101.5
2024-05-26 15:17:24.369,20.8,101.5
2024-05-26 15:17:53.308,20.7,101.5
2024-05-26 15:18:22.416,20.8,101.5
2024-05-26 15:18:49.574,20.7,101.5
2024-05-26 15:19:18.267,20.6,101.5
2024-05-26 15:19:45.964,20.7,101.5
2024-05-26 15:20:13.647,20.7,101.5
2024-05-26 15:20:41.521,20.6,101.5
2024-05-26 15:21:09.237,20.7,101.5
2024-05-26 15:21:37.207,20.6,101.5
2024-05-26 15:22:04.927,20.5,101.5
2024-05-26 15:22:32.989,20.7,101.5
2024-05-26 15:23:01.051,20.7,101.5
2024-05-26 15:23:28.215,20.7,101.5
2024-05-26 15:23:56.321,20.7,101.5
2024-05-26 15:24:23.461,20.7,101.5
2024-05-26 15:24:51.248,20.7,101.5
2024-05-26 15:25:18.282,20.6,101.5
2024-05-26 15:25:46.817,20.7,101.5
2024-05-26 15:26:14.537,20.7,101.5
2024-05-26 15:26:41.983,20.6,101.5
2024-05-26 15:27:10.836,20.7,101.5
2024-05-26 15:27:38.656,20.6,101.5
2024-05-26 15:28:05.950,20.6,101.5
2024-05-26 15:28:33.419,20.5,101.5
2024-05-26 15:29:01.955,20.5,101.5
2024-05-26 15:29:29.868,20.6,101.5
2024-05-26 15:29:57.547,20.7,101.5
2024-05-26 15:30:25.060,20.7,101.5
2024-05-26 15:30:53.328,20.6,101.5
2024-05-26 15:31:21.192,20.6,101.5
2024-05-26 15:31:49.397,20.7,101.5
2024-05-26 15:32:16.950,20.6,101.5
2024-05-26 15:32:44.852,20.6,101.4
2024-05-26 15:33:12.605,20.6,101.4
2024-05-26 15:33:40.544,20.7,101.4
2024-05-26 15:34:08.574,20.7,101.4
2024-05-26 15:34:36.217,20.6,101.4
2024-05-26 15:35:03.815,20.7,101.4
2024-05-26 15:35:32.048,20.6,101.4
2024-05-26 15:36:00.298,20.6,101.4
2024-05-26 15:36:27.709,20.6,101.4
2024-05-26 15:36:55.361,20.6,101.4
2024-05-26 15:37:22.896,20.6,101.4
2024-05-26 15:37:50.460,20.7,101.4
2024-05-26 15:38:17.854,20.6,101.4
2024-05-26 15:38:46.189,20.8,101.4
2024-05-26 15:39:14.972,20.8,101.4
2024-05-26 15:39:42.834,20.7,101.4
2024-05-26 15:40:10.880,20.7,101.4
2024-05-26 15:40:39.603,20.9,101.4
2024-05-26 15:41:07.552,20.6,101.4
2024-05-26 15:41:35.822,20.8,101.4
2024-05-26 15:42:04.512,20.9,101.4
2024-05-26 15:42:31.091,20.9,101.4
2024-05-26 15:42:58.499,20.7,101.4
2024-05-26 15:43:26.819,20.7,101.4
2024-05-26 15:43:54.826,20.6,101.4
2024-05-26 15:44:22.696,20.7,101.4
2024-05-26 15:44:50.191,20.7,101.4
2024-05-26 15:45:17.843,20.7,101.4
2024-05-26 15:45:44.937,20.7,101.4
2024-05-26 15:46:12.440,20.6,101.4
2024-05-26 15:46:40.464,20.6,101.4
2024-05-26 15:47:07.923,20.7,101.4
2024-05-26 15:47:36.172,20.8,101.4
2024-05-26 15:48:03.700,20.8,101.5
2024-05-26 15:48:32.088,20.9,101.5
2024-05-26 15:49:00.012,20.7,101.5
2024-05-26 15:49:27.627,20.7,101.5
2024-05-26 15:49:55.662,20.8,101.5
2024-05-26 15:50:23.823,20.8,101.5
2024-05-26 15:50:52.034,20.8,101.5
2024-05-26 15:51:19.451,20.6,101.5
2024-05-26 15:51:47.557,20.7,101.5
2024-05-26 15:52:14.585,20.7,101.5
2024-05-26 15:52:41.186,20.7,101.5
2024-05-26 15:53:08.547,20.7,101.5
2024-05-26 15:53:36.020,20.7,101.5
2024-05-26 15:54:04.410,20.7,101.5
2024-05-26 15:54:31.934,20.7,101.5
2024-05-26 15:55:00.261,20.7,101.5
2024-05-26 15:55:27.779,20.8,101.5
2024-05-26 15:55:55.596,20.8,101.5
2024-05-26 15:56:23.278,20.6,101.5
2024-05-26 15:56:50.663,20.8,101.5
2024-05-26 15:57:18.535,20.7,101.5
2024-05-26 15:57:46.424,20.7,101.5
2024-05-26 15:58:14.003,20.7,101.5
2024-05-26 15:58:41.237,20.7,101.5
2024-05-26 15:59:09.029,20.6,101.5
2024-05-26 15:59:37.565,20.9,101.5
2024-05-26 16:00:05.100,20.8,101.5
2024-05-26 16:00:33.229,20.8,101.5
2024-05-26 16:01:00.815,20.7,101.5
2024-05-26 16:01:28.598,20.7,101.5
2024-05-26 16:01:55.649,20.7,101.5
2024-05-26 16:02:24.148,20.7,101.5
2024-05-26 16:02:51.194,20.6,101.5
2024-05-26 16:03:18.149,20.7,101.5
2024-05-26 16:03:45.132,20.8,101.5
2024-05-26 16:04:14.055,20.8,101.5
2024-05-26 16:04:41.941,20.6,101.5
2024-05-26 16:05:09.702,20.6,101.5
2024-05-26 16:05:36.641,20.6,101.5
2024-05-26 16:06:03.740,20.7,101.5
2024-05-26 16:06:31.621,20.8,101.5
2024-05-26 16:06:59.371,20.8,101.5
2024-05-26 16:07:26.850,20.7,101.5
2024-05-26 16:07:54.542,20.8,101.5
2024-05-26 16:08:21.769,20.8,101.5
2024-05-26 16:08:50.373,20.8,101.5
2024-05-26 16:09:18.508,20.8,101.5
2024-05-26 16:09:45.861,20.8,101.5
2024-05-26 16:10:13.706,21.0,101.5
2024-05-26 16:10:42.134,20.7,101.5
2024-05-26 16:11:10.149,20.8,101.5
2024-05-26 16:11:36.585,20.8,101.5
2024-05-26 16:12:04.802,20.7,101.5
2024-05-26 16:12:33.343,20.7,101.5
2024-05-26 16:13:01.381,20.8,101.5
2024-05-26 16:13:29.360,20.8,101.5
2024-05-26 16:13:56.690,20.9,101.5
2024-05-26 16:14:23.643,20.8,101.5
2024-05-26 16:14:51.159,20.7,101.5
2024-05-26 16:15:19.636,20.8,101.5
2024-05-26 16:15:47.445,20.8,101.5
2024-05-26 16:16:15.489,20.8,101.5
2024-05-26 16:16:43.106,20.7,101.5
2024-05-26 16:17:10.581,20.7,101.5
2024-05-26 16:17:38.176,20.8,101.5
2024-05-26 16:18:05.718,20.8,101.5
2024-05-26 16:18:33.345,20.8,101.5
2024-05-26 16:19:00.989,20.8,101.5
2024-05-26 16:19:29.356,20.8,101.5
2024-05-26 16:19:56.598,20.7,101.5
2024-05-26 16:20:23.854,20.8,101.5
2024-05-26 16:20:51.228,21.0,101.5
2024-05-26 16:21:18.888,21.0,101.5
2024-05-26 16:21:47.737,20.8,101.5
2024-05-26 16:22:15.345,20.7,101.5
2024-05-26 16:22:42.671,20.8,101.5
2024-05-26 16:23:11.137,20.8,101.5
2024-05-26 16:23:38.751,20.9,101.5
2024-05-26 16:24:06.476,21.0,101.5
2024-05-26 16:24:34.782,20.8,101.5
2024-05-26 16:25:02.835,20.7,101.5
2024-05-26 16:25:31.462,20.7,101.5
2024-05-26 16:25:59.660,20.8,101.5
2024-05-26 16:26:26.380,20.9,101.5
2024-05-26 16:26:54.676,20.8,101.5
2024-05-26 16:27:22.854,20.8,101.5
2024-05-26 16:27:50.568,20.8,101.5
2024-05-26 16:28:18.672,20.9,101.5
2024-05-26 16:28:46.204,20.7,101.5
2024-05-26 16:29:14.199,20.8,101.5
2024-05-26 16:29:41.016,20.8,101.5
2024-05-26 16:30:09.029,20.9,101.5
2024-05-26 16:30:36.746,20.9,101.5
2024-05-26 16:31:04.733,20.9,101.5
2024-05-26 16:31:32.597,20.8,101.5
2024-05-26 16:32:00.422,20.8,101.5
2024-05-26 16:32:28.272,21.0,101.5
2024-05-26 16:32:54.939,20.9,101.5
2024-05-26 16:33:23.377,20.9,101.5
2024-05-26 16:33:49.305,20.9,101.5
2024-05-26 16:34:16.958,20.8,101.5
2024-05-26 16:34:44.614,20.8,101.5
2024-05-26 16:35:12.076,20.7,101.5
2024-05-26 16:35:39.556,20.8,101.5
2024-05-26 16:36:06.932,20.8,101.5
2024-05-26 16:36:35.834,20.9,101.5
2024-05-26 16:37:02.967,20.9,101.5
2024-05-26 16:37:29.599,20.9,101.5
2024-05-26 16:37:57.665,21.0,101.5
2024-05-26 16:38:24.619,20.9,101.5
2024-05-26 16:38:51.065,20.8,101.5
2024-05-26 16:39:18.451,20.8,101.5
2024-05-26 16:39:46.302,20.8,101.5
2024-05-26 16:40:14.185,20.9,101.5
2024-05-26 16:40:41.574,20.9,101.5
2024-05-26 16:41:09.665,20.9,101.5
2024-05-26 16:41:37.463,20.8,101.5
2024-05-26 16:42:03.765,20.9,101.5
2024-05-26 16:42:31.881,21.0,101.5
2024-05-26 16:42:59.255,20.9,101.5
2024-05-26 16:43:26.783,21.0,101.5
2024-05-26 16:43:54.235,20.9,101.5
2024-05-26 16:44:22.782,20.8,101.5
2024-05-26 16:44:50.589,21.0,101.5
2024-05-26 16:45:18.815,20.8,101.5
2024-05-26 16:45:45.798,20.8,101.5
2024-05-26 16:46:13.937,20.7,101.5
2024-05-26 16:46:41.794,20.8,101.5
2024-05-26 16:47:09.448,20.9,101.5
2024-05-26 16:47:37.684,20.9,101.5
2024-05-26 16:48:05.965,20.9,101.5
2024-05-26 16:48:33.224,20.9,101.5
2024-05-26 16:49:00.540,21.0,101.5
2024-05-26 16:49:28.861,21.1,101.5
2024-05-26 16:49:56.219,21.0,101.5
2024-05-26 16:50:24.127,20.8,101.5
2024-05-26 16:50:52.193,20.8,101.5
2024-05-26 16:51:20.628,21.0,101.5
2024-05-26 16:51:47.694,20.8,101.5
2024-05-26 16:52:16.071,20.9,101.5
2024-05-26 16:52:43.200,20.8,101.5
2024-05-26 16:53:09.929,20.9,101.5
2024-05-26 16:53:38.617,20.9,101.5
2024-05-26 16:54:04.478,21.0,101.5
2024-05-26 16:54:31.453,21.0,101.5
2024-05-26 16:55:00.927,20.9,101.5
2024-05-26 16:55:28.566,21.0,101.5
2024-05-26 16:55:56.017,20.9,101.5
2024-05-26 16:56:23.967,20.8,101.5
2024-05-26 16:56:51.323,20.9,101.5
2024-05-26 16:57:20.682,20.9,101.5
2024-05-26 16:57:45.811,21.0,101.5
2024-05-26 16:58:14.088,21.1,101.5
2024-05-26 16:58:40.805,20.9,101.5
2024-05-26 16:59:08.922,20.9,101.5
2024-05-26 16:59:36.978,21.0,101.5
2024-05-26 17:00:04.994,21.0,101.5
2024-05-26 17:00:31.659,20.9,101.5
2024-05-26 17:00:58.855,21.0,101.5
2024-05-26 17:01:26.523,20.9,101.5
2024-05-26 17:01:53.098,20.9,101.5
2024-05-26 17:02:20.950,20.9,101.5
2024-05-26 17:02:48.421,21.1,101.5
2024-05-26 17:03:15.658,21.0,101.5
2024-05-26 17:03:43.523,20.9,101.5
2024-05-26 17:04:11.502,21.0,101.5
2024-05-26 17:04:39.144,21.1,101.5
2024-05-26 17:05:07.299,21.0,101.5
2024-05-26 17:05:35.254,21.0,101.5
2024-05-26 17:06:04.028,21.1,101.5
2024-05-26 17:06:32.267,21.0,101.5
2024-05-26 17:07:00.022,21.0,101.5
2024-05-26 17:07:27.609,21.1,101.5
2024-05-26 17:07:55.199,21.0,101.5
2024-05-26 17:08:21.867,21.0,101.5
2024-05-26 17:08:50.060,21.1,101.5
2024-05-26 17:09:17.039,21.0,101.5
2024-05-26 17:09:43.305,21.0,101.5
2024-05-26 17:10:11.031,20.8,101.5
2024-05-26 17:10:38.693,20.9,101.5
2024-05-26 17:11:06.738,21.0,101.5
2024-05-26 17:11:34.531,21.0,101.5
2024-05-26 17:12:02.867,20.9,101.5
2024-05-26 17:12:30.181,20.9,101.5
2024-05-26 17:12:57.253,20.8,101.5
2024-05-26 17:13:25.190,20.8,101.5
2024-05-26 17:13:53.204,20.9,101.5
2024-05-26 17:14:20.869,20.9,101.5
2024-05-26 17:14:49.617,20.9,101.5
2024-05-26 17:15:16.336,21.0,101.5
2024-05-26 17:15:43.395,20.9,101.5
2024-05-26 17:16:11.534,21.0,101.5
2024-05-26 17:16:39.243,20.9,101.5
2024-05-26 17:17:07.079,20.9,101.5
2024-05-26 17:17:35.322,21.1,101.5
2024-05-26 17:18:02.853,21.0,101.5
2024-05-26 17:18:30.864,21.0,101.5
2024-05-26 17:18:58.799,21.1,101.5
2024-05-26 17:19:26.665,21.1,101.5
2024-05-26 17:19:54.611,21.0,101.5
2024-05-26 17:20:22.434,21.0,101.5
2024-05-26 17:20:50.476,20.9,101.5
2024-05-26 17:21:18.165,20.9,101.5
2024-05-26 17:21:45.906,21.0,101.5
2024-05-26 17:22:14.783,21.0,101.5
2024-05-26 17:22:42.872,20.8,101.5
2024-05-26 17:23:10.310,20.9,101.5
2024-05-26 17:23:37.789,20.9,101.5
2024-05-26 17:24:04.704,20.9,101.5
2024-05-26 17:24:32.116,21.0,101.5
2024-05-26 17:25:00.165,20.9,101.5
2024-05-26 17:25:28.399,20.9,101.5
2024-05-26 17:25:56.863,21.0,101.5
2024-05-26 17:26:24.623,21.0,101.5
2024-05-26 17:26:52.020,20.9,101.5
2024-05-26 17:27:18.791,21.0,101.5
2024-05-26 17:27:45.019,20.9,101.5
2024-05-26 17:28:13.066,20.9,101.5
2024-05-26 17:28:40.811,20.9,101.5
2024-05-26 17:29:08.877,20.9,101.5
2024-05-26 17:29:36.180,20.9,101.5
2024-05-26 17:30:03.924,21.1,101.5
2024-05-26 17:30:31.461,20.9,101.5
2024-05-26 17:30:59.632,20.9,101.5
2024-05-26 17:31:27.551,21.0,101.5
2024-05-26 17:31:55.399,21.0,101.5
2024-05-26 17:32:22.940,21.0,101.5
2024-05-26 17:32:50.127,21.0,101.6
2024-05-26 17:33:18.550,20.9,101.6
2024-05-26 17:33:45.612,21.0,101.6
2024-05-26 17:34:13.344,21.0,101.6
2024-05-26 17:34:40.011,20.8,101.6
2024-05-26 17:35:08.235,21.0,101.6
2024-05-26 17:35:36.258,21.0,101.6
2024-05-26 17:36:03.911,21.0,101.6
2024-05-26 17:36:30.525,20.9,101.6
2024-05-26 17:36:58.785,20.8,101.6
2024-05-26 17:37:26.437,20.9,101.6
2024-05-26 17:37:53.305,21.0,101.6
2024-05-26 17:38:21.708,21.0,101.6
2024-05-26 17:38:49.242,21.0,101.6
2024-05-26 17:39:16.877,20.9,101.6
2024-05-26 17:39:44.600,20.9,101.6
2024-05-26 17:40:12.540,20.9,101.6
2024-05-26 17:40:39.903,21.1,101.6
2024-05-26 17:41:08.061,21.2,101.6
2024-05-26 17:41:35.812,21.1,101.6
2024-05-26 17:42:04.027,20.9,101.6
2024-05-26 17:42:31.460,21.0,101.6
2024-05-26 17:42:59.743,21.0,101.6
2024-05-26 17:43:27.410,21.1,101.6
2024-05-26 17:43:53.729,21.0,101.6
2024-05-26 17:44:20.776,21.0,101.6
2024-05-26 17:44:48.443,21.0,101.6
2024-05-26 17:45:15.533,20.9,101.6
2024-05-26 17:45:43.876,21.0,101.6
2024-05-26 17:46:10.427,21.0,101.6
2024-05-26 17:46:37.330,20.9,101.6
2024-05-26 17:47:05.349,21.0,101.6
2024-05-26 17:47:32.952,21.0,101.6
2024-05-26 17:48:01.462,21.0,101.6
2024-05-26 17:48:29.008,21.0,101.6
2024-05-26 17:48:55.908,21.1,101.6
2024-05-26 17:49:24.382,21.1,101.6
2024-05-26 17:49:52.338,21.0,101.6
2024-05-26 17:50:19.994,21.0,101.6
2024-05-26 17:50:47.975,21.0,101.6
2024-05-26 17:51:15.352,20.9,101.6
2024-05-26 17:51:43.452,20.9,101.6
2024-05-26 17:52:09.617,20.9,101.6
2024-05-26 17:52:37.938,21.0,101.6
2024-05-26 17:53:05.444,21.0,101.6
2024-05-26 17:53:33.107,20.9,101.6
2024-05-26 17:54:01.611,21.0,101.6
2024-05-26 17:54:30.068,21.0,101.6
2024-05-26 17:54:58.461,21.0,101.6
2024-05-26 17:55:25.647,20.9,101.6
2024-05-26 17:55:53.976,21.0,101.6
2024-05-26 17:56:21.880,20.9,101.6
2024-05-26 17:56:49.384,21.0,101.6
2024-05-26 17:57:17.291,21.1,101.6
2024-05-26 17:57:45.067,21.1,101.6
2024-05-26 17:58:13.386,21.0,101.6
2024-05-26 17:58:40.524,21.1,101.6
2024-05-26 17:59:08.914,21.0,101.6
2024-05-26 17:59:36.399,21.0,101.6
2024-05-26 18:00:03.873,21.1,101.6
2024-05-26 18:00:31.325,21.0,101.6
2024-05-26 18:00:58.409,21.1,101.6
2024-05-26 18:01:25.478,21.0,101.6
2024-05-26 18:01:53.726,21.0,101.6
2024-05-26 18:02:22.211,21.0,101.6
2024-05-26 18:02:49.737,21.0,101.6
2024-05-26 18:03:18.105,20.9,101.6
2024-05-26 18:03:45.411,20.9,101.6
2024-05-26 18:04:13.376,20.9,101.6
2024-05-26 18:04:40.391,21.0,101.6
2024-05-26 18:05:07.825,21.1,101.6
2024-05-26 18:05:35.448,21.1,101.6
2024-05-26 18:06:03.564,21.0,101.6
2024-05-26 18:06:31.806,20.9,101.6
2024-05-26 18:06:59.504,21.0,101.6
2024-05-26 18:07:27.592,21.0,101.6
2024-05-26 18:07:54.234,20.9,101.6
2024-05-26 18:08:23.443,21.0,101.6
2024-05-26 18:08:50.528,21.0,101.6
2024-05-26 18:09:18.259,20.8,101.6
2024-05-26 18:09:45.768,20.8,101.6
2024-05-26 18:10:13.608,21.0,101.6
2024-05-26 18:10:41.307,21.0,101.6
2024-05-26 18:11:09.667,20.9,101.6
2024-05-26 18:11:36.962,21.0,101.6
2024-05-26 18:12:04.553,20.8,101.6
2024-05-26 18:12:32.951,20.9,101.6
2024-05-26 18:13:00.849,21.1,101.6
2024-05-26 18:13:28.972,21.0,101.6
2024-05-26 18:13:56.840,21.0,101.6
2024-05-26 18:14:23.800,21.0,101.6
2024-05-26 18:14:52.685,21.1,101.6
2024-05-26 18:15:20.021,21.0,101.6
2024-05-26 18:15:47.839,21.0,101.6
2024-05-26 18:16:15.421,21.0,101.6
2024-05-26 18:16:43.605,20.9,101.6
2024-05-26 18:17:11.144,20.9,101.6
2024-05-26 18:17:38.835,21.1,101.6
2024-05-26 18:18:07.661,21.0,101.6
2024-05-26 18:18:34.525,21.0,101.6
2024-05-26 18:19:02.553,20.9,101.6
2024-05-26 18:19:30.203,21.0,101.6
2024-05-26 18:19:57.214,20.9,101.6
2024-05-26 18:20:24.534,20.9,101.6
2024-05-26 18:20:52.600,20.9,101.6
2024-05-26 18:21:19.946,21.0,101.6
2024-05-26 18:21:48.068,21.0,101.6
2024-05-26 18:22:15.434,21.0,101.6
2024-05-26 18:22:43.459,20.9,101.6
2024-05-26 18:23:11.616,21.0,101.6
2024-05-26 18:23:38.765,21.0,101.6
2024-05-26 18:24:04.999,20.9,101.6
2024-05-26 18:24:33.119,21.0,101.6
2024-05-26 18:25:00.810,21.0,101.6
2024-05-26 18:25:28.275,20.8,101.6
2024-05-26 18:25:54.679,21.1,101.6
2024-05-26 18:26:22.533,21.0,101.6
2024-05-26 18:26:50.410,20.9,101.6
2024-05-26 18:27:18.678,20.9,101.6
2024-05-26 18:27:46.907,20.9,101.6
2024-05-26 18:28:14.443,20.9,101.6
2024-05-26 18:28:42.228,20.7,101.6
2024-05-26 18:29:10.498,20.8,101.6
2024-05-26 18:29:38.483,20.9,101.6
2024-05-26 18:30:05.091,20.8,101.6
2024-05-26 18:30:33.824,20.9,101.6
2024-05-26 18:31:01.879,20.9,101.6
2024-05-26 18:31:29.445,20.9,101.6
2024-05-26 18:31:57.376,20.8,101.6
2024-05-26 18:32:25.381,20.9,101.6
2024-05-26 18:32:52.756,20.9,101.6
2024-05-26 18:33:20.419,20.9,101.6
2024-05-26 18:33:47.597,20.9,101.6
2024-05-26 18:34:15.583,20.9,101.6
2024-05-26 18:34:42.816,20.9,101.6
2024-05-26 18:35:10.520,20.8,101.6
2024-05-26 18:35:39.634,21.0,101.6
2024-05-26 18:36:06.789,20.8,101.6
2024-05-26 18:36:34.534,21.0,101.6
2024-05-26 18:37:01.103,21.0,101.6
2024-05-26 18:37:28.141,21.0,101.6
2024-05-26 18:37:55.593,20.8,101.6
2024-05-26 18:38:24.893,20.8,101.6
2024-05-26 18:38:52.180,20.9,101.6
2024-05-26 18:39:19.484,21.0,101.6
2024-05-26 18:39:47.518,21.0,101.6
2024-05-26 18:40:14.043,20.9,101.6
2024-05-26 18:40:42.448,20.9,101.6
2024-05-26 18:41:11.051,20.8,101.6
2024-05-26 18:41:37.881,21.0,101.6
2024-05-26 18:42:05.117,20.9,101.6
2024-05-26 18:42:32.386,20.9,101.6
2024-05-26 18:42:59.994,21.0,101.6
2024-05-26 18:43:28.055,21.0,101.6
2024-05-26 18:43:57.124,20.9,101.6
2024-05-26 18:44:23.673,20.9,101.6
2024-05-26 18:44:51.630,20.8,101.6
2024-05-26 18:45:19.789,20.9,101.6
2024-05-26 18:45:47.066,20.9,101.6
2024-05-26 18:46:15.091,21.0,101.6
2024-05-26 18:46:42.727,21.0,101.6
2024-05-26 18:47:10.483,20.9,101.6
2024-05-26 18:47:37.758,21.0,101.6
2024-05-26 18:48:04.897,21.1,101.6
2024-05-26 18:48:32.859,21.1,101.6
2024-05-26 18:49:00.655,21.0,101.6
2024-05-26 18:49:28.910,20.8,101.6
2024-05-26 18:49:56.545,20.9,101.6
2024-05-26 18:50:24.672,20.9,101.6
2024-05-26 18:50:52.472,20.9,101.6
2024-05-26 18:51:21.244,20.8,101.6
2024-05-26 18:51:49.013,20.8,101.6
2024-05-26 18:52:17.781,21.0,101.6
2024-05-26 18:52:45.552,20.9,101.6
2024-05-26 18:53:13.545,21.1,101.6
2024-05-26 18:53:41.564,20.9,101.6
2024-05-26 18:54:09.197,20.8,101.6
2024-05-26 18:54:36.487,21.0,101.6
2024-05-26 18:55:03.875,21.0,101.6
2024-05-26 18:55:31.768,21.0,101.6
2024-05-26 18:55:59.940,20.9,101.6
2024-05-26 18:56:27.002,20.8,101.6
2024-05-26 18:56:54.078,20.7,101.6
2024-05-26 18:57:22.128,20.9,101.6
2024-05-26 18:57:49.780,20.9,101.6
2024-05-26 18:58:16.611,20.9,101.6
2024-05-26 18:58:43.732,20.9,101.6
2024-05-26 18:59:12.286,20.9,101.6
2024-05-26 18:59:40.148,20.9,101.6
2024-05-26 19:00:07.582,21.0,101.6
2024-05-26 19:00:34.839,20.9,101.6
2024-05-26 19:01:02.082,21.0,101.6
2024-05-26 19:01:30.706,21.0,101.6
2024-05-26 19:01:58.262,20.9,101.6
2024-05-26 19:02:26.453,21.0,101.6
2024-05-26 19:02:54.221,20.8,101.6
2024-05-26 19:03:21.711,20.8,101.6
2024-05-26 19:03:49.647,20.8,101.6
2024-05-26 19:04:17.071,20.9,101.6
2024-05-26 19:04:44.373,20.9,101.6
2024-05-26 19:05:11.625,21.0,101.6
2024-05-26 19:05:38.571,20.9,101.6
2024-05-26 19:06:06.559,21.0,101.6
2024-05-26 19:06:34.667,21.0,101.6
2024-05-26 19:07:02.054,21.0,101.6
2024-05-26 19:07:28.177,21.0,101.6
2024-05-26 19:07:55.711,21.0,101.6
2024-05-26 19:08:22.449,20.9,101.6
2024-05-26 19:08:50.269,21.0,101.6
2024-05-26 19:09:18.033,21.0,101.6
2024-05-26 19:09:45.585,21.0,101.6
2024-05-26 19:10:13.966,21.0,101.6
2024-05-26 19:10:41.452,21.1,101.6
2024-05-26 19:11:09.279,21.0,101.6
2024-05-26 19:11:36.603,21.0,101.6
2024-05-26 19:12:05.321,21.0,101.6
2024-05-26 19:12:31.779,21.1,101.6
2024-05-26 19:12:58.937,20.9,101.6
2024-05-26 19:13:25.268,21.0,101.6
2024-05-26 19:13:53.604,21.1,101.6
2024-05-26 19:14:21.462,21.0,101.6
2024-05-26 19:14:48.442,21.0,101.6
2024-05-26 19:15:15.628,21.0,101.6
2024-05-26 19:15:43.822,21.0,101.6
2024-05-26 19:16:10.805,21.0,101.6
2024-05-26 19:16:38.723,20.9,101.6
2024-05-26 19:17:06.682,20.9,101.6
2024-05-26 19:17:33.251,20.9,101.6
2024-05-26 19:18:01.005,20.9,101.6
2024-05-26 19:18:28.481,20.9,101.6
2024-05-26 19:18:56.593,21.0,101.6
2024-05-26 19:19:23.645,21.0,101.6
2024-05-26 19:19:52.050,21.0,101.6
2024-05-26 19:20:19.632,21.0,101.6
2024-05-26 19:20:47.824,21.1,101.6
2024-05-26 19:21:15.287,21.0,101.6
2024-05-26 19:21:43.059,21.0,101.6
2024-05-26 19:22:11.048,20.9,101.6
2024-05-26 19:22:38.850,21.0,101.6
2024-05-26 19:23:06.401,21.0,101.6
2024-05-26 19:23:34.421,21.1,101.6
2024-05-26 19:24:02.448,21.0,101.6
2024-05-26 19:24:29.656,21.0,101.6
2024-05-26 19:24:57.803,20.9,101.6
2024-05-26 19:25:26.183,21.0,101.6
2024-05-26 19:25:53.425,20.9,101.6
2024-05-26 19:26:21.893,20.9,101.6
2024-05-26 19:26:49.573,20.9,101.6
2024-05-26 19:27:17.888,21.1,101.6
2024-05-26 19:27:45.542,20.8,101.6
2024-05-26 19:28:14.433,21.0,101.6
2024-05-26 19:28:41.310,21.1,101.6
2024-05-26 19:29:08.859,20.9,101.6
2024-05-26 19:29:37.063,20.8,101.6
2024-05-26 19:30:04.785,20.9,101.6
2024-05-26 19:30:32.718,20.8,101.6
2024-05-26 19:31:01.146,20.7,101.6
2024-05-26 19:31:28.685,20.9,101.6
2024-05-26 19:31:56.120,21.0,101.6
2024-05-26 19:32:24.290,21.0,101.6
2024-05-26 19:32:51.725,21.0,101.6
2024-05-26 19:33:18.830,21.0,101.6
2024-05-26 19:33:47.095,20.8,101.6
2024-05-26 19:34:15.922,20.9,101.6
2024-05-26 19:34:43.570,21.0,101.6
2024-05-26 19:35:11.609,20.9,101.6
2024-05-26 19:35:39.166,21.0,101.6
2024-05-26 19:36:08.078,20.9,101.6
2024-05-26 19:36:35.968,20.9,101.6
2024-05-26 19:37:03.327,21.0,101.6
2024-05-26 19:37:31.670,21.0,101.6
2024-05-26 19:37:59.956,20.9,101.6
2024-05-26 19:38:27.604,21.0,101.6
2024-05-26 19:38:55.648,20.9,101.6
2024-05-26 19:39:22.289,21.0,101.6
2024-05-26 19:39:49.332,20.9,101.6
2024-05-26 19:40:18.236,21.0,101.6
2024-05-26 19:40:45.710,21.0,101.6
2024-05-26 19:41:13.452,20.9,101.6
2024-05-26 19:41:41.997,20.7,101.6
2024-05-26 19:42:08.746,20.9,101.6
2024-05-26 19:42:37.237,20.9,101.6
2024-05-26 19:43:03.918,21.0,101.6
2024-05-26 19:43:31.252,21.0,101.6
2024-05-26 19:43:58.171,20.8,101.6
2024-05-26 19:44:26.084,20.8,101.6
2024-05-26 19:44:54.176,20.9,101.6
2024-05-26 19:45:21.586,20.9,101.6
2024-05-26 19:45:48.535,20.9,101.6
2024-05-26 19:46:15.881,21.1,101.6
2024-05-26 19:46:43.264,21.1,101.6
2024-05-26 19:47:11.381,21.1,101.6
2024-05-26 19:47:37.552,21.0,101.6
2024-05-26 19:48:05.573,21.1,101.6
2024-05-26 19:48:33.457,20.9,101.6
2024-05-26 19:49:01.544,21.0,101.6
2024-05-26 19:49:28.699,21.0,101.6
2024-05-26 19:49:56.331,20.9,101.6
2024-05-26 19:50:24.662,20.9,101.6
2024-05-26 19:50:52.374,21.0,101.6
2024-05-26 19:51:18.888,21.0,101.6
2024-05-26 19:51:46.266,21.0,101.6
2024-05-26 19:52:12.752,20.9,101.6
2024-05-26 19:52:41.223,20.9,101.6
2024-05-26 19:53:08.899,21.0,101.6
2024-05-26 19:53:36.606,21.1,101.6
2024-05-26 19:54:04.818,21.0,101.6
2024-05-26 19:54:33.187,21.0,101.6
2024-05-26 19:55:00.831,20.9,101.6
2024-05-26 19:55:28.942,21.0,101.6
2024-05-26 19:55:56.458,21.0,101.6
2024-05-26 19:56:23.573,20.8,101.6
2024-05-26 19:56:51.188,20.8,101.6
2024-05-26 19:57:19.364,21.0,101.6
2024-05-26 19:57:47.682,21.1,101.6
2024-05-26 19:58:14.767,21.0,101.6
2024-05-26 19:58:42.751,20.9,101.6
2024-05-26 19:59:09.426,21.0,101.6
2024-05-26 19:59:36.125,20.9,101.6
2024-05-26 20:00:04.659,20.9,101.6
2024-05-26 20:00:31.680,20.8,101.6
2024-05-26 20:00:59.658,20.8,101.6
2024-05-26 20:01:27.442,21.1,101.6
2024-05-26 20:01:55.050,21.0,101.6
2024-05-26 20:02:22.990,20.9,101.7
2024-05-26 20:02:51.244,20.9,101.7
2024-05-26 20:03:18.802,21.0,101.7
2024-05-26 20:03:46.551,21.1,101.7
2024-05-26 20:04:14.835,21.0,101.7
2024-05-26 20:04:42.825,20.8,101.7
2024-05-26 20:05:11.191,20.8,101.7
2024-05-26 20:05:38.050,21.0,101.7
2024-05-26 20:06:06.442,21.0,101.7
2024-05-26 20:06:34.639,21.0,101.7
2024-05-26 20:07:02.859,21.0,101.7
2024-05-26 20:07:30.329,20.9,101.7
2024-05-26 20:07:57.427,20.9,101.7
2024-05-26 20:08:25.495,21.0,101.7
2024-05-26 20:08:52.416,21.0,101.7
2024-05-26 20:09:19.863,20.9,101.7
2024-05-26 20:09:47.675,21.1,101.7
2024-05-26 20:10:15.066,21.0,101.7
2024-05-26 20:10:43.524,20.8,101.7
2024-05-26 20:11:11.581,20.8,101.7
2024-05-26 20:11:39.446,20.9,101.7
2024-05-26 20:12:07.280,20.9,101.7
2024-05-26 20:12:34.907,20.8,101.7
2024-05-26 20:13:03.157,21.0,101.7
2024-05-26 20:13:30.765,21.0,101.7
2024-05-26 20:13:58.509,20.8,101.7
2024-05-26 20:14:26.568,21.0,101.7
2024-05-26 20:14:54.732,21.0,101.7
2024-05-26 20:15:21.847,21.1,101.7
2024-05-26 20:15:50.270,21.1,101.7
2024-05-26 20:16:18.371,20.9,101.6
2024-05-26 20:16:45.613,21.0,101.7
2024-05-26 20:17:13.345,20.9,101.6
2024-05-26 20:17:41.040,21.1,101.6
2024-05-26 20:18:08.290,21.0,101.7
2024-05-26 20:18:36.480,21.0,101.7
2024-05-26 20:19:04.803,20.9,101.7
2024-05-26 20:19:32.873,21.0,101.7
2024-05-26 20:20:00.804,21.0,101.7
2024-05-26 20:20:28.161,21.1,101.7
2024-05-26 20:20:55.671,21.0,101.7
2024-05-26 20:21:22.881,21.1,101.7
2024-05-26 20:21:50.467,21.1,101.7
2024-05-26 20:22:17.449,21.0,101.7
2024-05-26 20:22:44.825,21.0,101.7
2024-05-26 20:23:13.220,20.8,101.7
2024-05-26 20:23:41.242,20.9,101.7
2024-05-26 20:24:08.511,20.9,101.7
2024-05-26 20:24:36.530,21.1,101.7
2024-05-26 20:25:05.238,21.2,101.7
2024-05-26 20:25:33.116,21.2,101.7
2024-05-26 20:26:01.104,21.1,101.7
2024-05-26 20:26:30.039,21.1,101.7
2024-05-26 20:26:57.642,21.1,101.7
2024-05-26 20:27:24.617,21.1,101.7
2024-05-26 20:27:51.462,21.1,101.7
2024-05-26 20:28:19.759,21.0,101.7
2024-05-26 20:28:47.119,21.0,101.7
2024-05-26 20:29:14.769,20.9,101.7
2024-05-26 20:29:43.047,21.0,101.7
2024-05-26 20:30:11.145,21.0,101.7
2024-05-26 20:30:39.833,20.9,101.7
2024-05-26 20:31:07.476,20.9,101.7
2024-05-26 20:31:34.723,20.9,101.7
2024-05-26 20:32:02.283,21.0,101.7
2024-05-26 20:32:29.819,21.0,101.7
2024-05-26 20:32:56.969,21.0,101.7
2024-05-26 20:33:24.029,20.9,101.7
2024-05-26 20:33:51.082,20.9,101.7
2024-05-26 20:34:18.457,20.9,101.7
2024-05-26 20:34:45.986,20.9,101.7
2024-05-26 20:35:13.738,21.0,101.7
2024-05-26 20:35:42.093,21.1,101.7
2024-05-26 20:36:09.566,21.0,101.7
2024-05-26 20:36:37.194,21.0,101.7
2024-05-26 20:37:06.226,21.0,101.7
2024-05-26 20:37:34.165,20.9,101.7
2024-05-26 20:38:01.952,20.9,101.7
2024-05-26 20:38:29.245,21.1,101.7
2024-05-26 20:38:56.555,20.9,101.7
2024-05-26 20:39:24.663,21.0,101.7
2024-05-26 20:39:52.368,20.9,101.7
2024-05-26 20:40:19.852,21.0,101.7
2024-05-26 20:40:47.616,21.0,101.7
2024-05-26 20:41:15.061,21.0,101.7
2024-05-26 20:41:43.277,20.9,101.7
2024-05-26 20:42:10.710,21.0,101.7
2024-05-26 20:42:37.864,21.0,101.7
2024-05-26 20:43:05.702,21.0,101.7
2024-05-26 20:43:33.449,20.9,101.7
2024-05-26 20:44:01.871,20.9,101.7
2024-05-26 20:44:28.453,21.1,101.7
2024-05-26 20:44:57.022,21.0,101.7
2024-05-26 20:45:24.969,21.1,101.7
2024-05-26 20:45:51.755,21.0,101.7
2024-05-26 20:46:20.080,21.1,101.7
2024-05-26 20:46:47.708,21.1,101.7
2024-05-26 20:47:14.574,21.1,101.7
2024-05-26 20:47:42.306,21.0,101.7
2024-05-26 20:48:10.836,20.9,101.7
2024-05-26 20:48:38.141,21.0,101.7
2024-05-26 20:49:05.687,21.0,101.7
2024-05-26 20:49:33.390,21.1,101.7
2024-05-26 20:50:01.665,21.0,101.7
2024-05-26 20:50:29.262,21.0,101.7
2024-05-26 20:50:57.365,21.0,101.7
2024-05-26 20:51:24.541,20.9,101.7
2024-05-26 20:51:52.288,20.8,101.7
2024-05-26 20:52:20.414,21.0,101.7
2024-05-26 20:52:47.775,20.8,101.7
2024-05-26 20:53:16.938,21.0,101.7
2024-05-26 20:53:45.074,21.0,101.7
2024-05-26 20:54:12.665,20.9,101.7
2024-05-26 20:54:40.158,21.0,101.7
2024-05-26 20:55:08.316,21.0,101.7
2024-05-26 20:55:35.734,21.0,101.7
2024-05-26 20:56:03.394,21.1,101.7
2024-05-26 20:56:32.116,21.0,101.7
2024-05-26 20:56:59.923,20.9,101.7
2024-05-26 20:57:28.014,21.0,101.7
2024-05-26 20:57:55.481,21.0,101.7
2024-05-26 20:58:22.814,21.0,101.7
2024-05-26 20:58:51.923,20.9,101.7
2024-05-26 20:59:19.754,20.9,101.7
2024-05-26 20:59:47.263,20.9,101.7
2024-05-26 21:00:15.125,21.0,101.7
2024-05-26 21:00:43.192,21.0,101.7
2024-05-26 21:01:11.353,20.9,101.7
2024-05-26 21:01:37.847,21.0,101.7
2024-05-26 21:02:04.946,20.9,101.7
2024-05-26 21:02:32.709,20.9,101.7
2024-05-26 21:02:59.933,21.0,101.7
2024-05-26 21:03:28.336,20.9,101.7
2024-05-26 21:03:55.991,21.0,101.7
2024-05-26 21:04:22.688,20.9,101.7
2024-05-26 21:04:50.860,20.9,101.7
2024-05-26 21:05:18.848,20.9,101.7
2024-05-26 21:05:46.611,21.0,101.7
2024-05-26 21:06:13.458,20.9,101.7
2024-05-26 21:06:40.458,21.0,101.7
2024-05-26 21:07:08.213,21.0,101.7
2024-05-26 21:07:36.565,21.0,101.7
2024-05-26 21:08:04.414,21.0,101.7
2024-05-26 21:08:32.036,20.9,101.7
2024-05-26 21:08:59.349,21.0,101.7
2024-05-26 21:09:27.073,21.0,101.7
2024-05-26 21:09:54.392,21.0,101.7
2024-05-26 21:10:21.597,21.0,101.7
2024-05-26 21:10:50.284,21.1,101.7
2024-05-26 21:11:17.332,21.1,101.7
2024-05-26 21:11:45.372,21.1,101.7
2024-05-26 21:12:12.865,20.9,101.7
2024-05-26 21:12:42.200,21.0,101.7
2024-05-26 21:13:09.901,21.0,101.7
2024-05-26 21:13:37.626,20.9,101.7
2024-05-26 21:14:05.608,21.0,101.7
2024-05-26 21:14:33.931,20.9,101.7
2024-05-26 21:15:01.655,21.1,101.7
2024-05-26 21:15:30.447,21.0,101.7
2024-05-26 21:15:57.933,21.0,101.7
2024-05-26 21:16:25.200,20.9,101.7
2024-05-26 21:16:53.131,21.1,101.7
2024-05-26 21:17:20.862,21.0,101.7
2024-05-26 21:17:48.215,21.1,101.7
2024-05-26 21:18:15.988,20.9,101.7
2024-05-26 21:18:43.929,21.1,101.7
2024-05-26 21:19:11.787,20.9,101.7
2024-05-26 21:19:39.261,21.0,101.7
2024-05-26 21:20:06.962,21.0,101.7
2024-05-26 21:20:33.501,21.0,101.7
2024-05-26 21:21:01.499,20.9,101.7
2024-05-26 21:21:30.669,20.9,101.7
2024-05-26 21:21:58.430,21.0,101.7
2024-05-26 21:22:26.000,21.0,101.7
2024-05-26 21:22:53.556,21.0,101.7
2024-05-26 21:23:20.574,21.0,101.7
2024-05-26 21:23:49.135,21.1,101.7
2024-05-26 21:24:15.724,21.2,101.7
2024-05-26 21:24:42.790,20.9,101.7
2024-05-26 21:25:09.987,21.0,101.7
2024-05-26 21:25:37.814,21.1,101.7
2024-05-26 21:26:04.956,21.0,101.7
2024-05-26 21:26:32.850,21.0,101.7
2024-05-26 21:27:00.098,20.9,101.7
2024-05-26 21:27:27.371,20.9,101.7
2024-05-26 21:27:55.087,20.9,101.7
2024-05-26 21:28:22.789,21.0,101.7
2024-05-26 21:28:49.934,21.1,101.7
2024-05-26 21:29:17.395,21.0,101.7
2024-05-26 21:29:45.116,20.9,101.7
2024-05-26 21:30:13.199,21.1,101.7
2024-05-26 21:30:40.913,21.2,101.7
2024-05-26 21:31:07.924,21.2,101.7
2024-05-26 21:31:35.640,21.2,101.7
2024-05-26 21:32:03.034,21.1,101.7
2024-05-26 21:32:30.472,20.9,101.7
2024-05-26 21:32:59.252,21.0,101.7
2024-05-26 21:33:26.097,20.9,101.7
2024-05-26 21:33:53.099,21.0,101.7
2024-05-26 21:34:19.946,21.0,101.7
2024-05-26 21:34:47.975,21.0,101.7
2024-05-26 21:35:14.226,21.0,101.7
2024-05-26 21:35:41.296,21.0,101.7
2024-05-26 21:36:08.914,21.1,101.7
2024-05-26 21:36:36.077,21.0,101.7
2024-05-26 21:37:03.485,21.1,101.7
2024-05-26 21:37:31.432,20.9,101.7
2024-05-26 21:37:58.754,21.1,101.7
2024-05-26 21:38:26.262,21.1,101.7
2024-05-26 21:38:53.572,20.9,101.7
2024-05-26 21:39:22.082,21.1,101.7
2024-05-26 21:39:50.156,21.0,101.7
2024-05-26 21:40:16.906,20.9,101.7
2024-05-26 21:40:44.066,21.0,101.7
2024-05-26 21:41:10.830,21.0,101.7
2024-05-26 21:41:39.573,21.0,101.7
2024-05-26 21:42:06.226,20.9,101.7
2024-05-26 21:42:33.825,21.0,101.7
2024-05-26 21:43:00.778,20.8,101.7
2024-05-26 21:43:27.332,20.9,101.7
2024-05-26 21:43:54.755,20.9,101.7
2024-05-26 21:44:23.716,20.8,101.7
2024-05-26 21:44:51.415,20.9,101.7
2024-05-26 21:45:18.348,20.9,101.7
2024-05-26 21:45:46.464,21.1,101.7
2024-05-26 21:46:13.021,21.0,101.7
2024-05-26 21:46:41.374,20.9,101.7
2024-05-26 21:47:08.315,21.0,101.7
2024-05-26 21:47:36.154,21.1,101.7
2024-05-26 21:48:04.230,20.9,101.7
2024-05-26 21:48:30.967,20.9,101.7
2024-05-26 21:48:58.047,20.9,101.7
2024-05-26 21:49:26.034,21.0,101.7
2024-05-26 21:49:53.629,21.1,101.7
2024-05-26 21:50:21.721,20.9,101.7
2024-05-26 21:50:50.173,21.0,101.7
2024-05-26 21:51:18.727,21.0,101.7
2024-05-26 21:51:46.255,21.1,101.7
2024-05-26 21:52:14.077,21.2,101.7
2024-05-26 21:52:42.926,21.2,101.7
2024-05-26 21:53:10.145,21.0,101.7
2024-05-26 21:53:38.126,20.9,101.7
2024-05-26 21:54:05.533,20.9,101.7
2024-05-26 21:54:33.192,21.0,101.7
2024-05-26 21:55:01.523,21.0,101.7
2024-05-26 21:55:29.199,21.0,101.7
2024-05-26 21:55:57.869,21.1,101.7
2024-05-26 21:56:24.989,21.0,101.7
2024-05-26 21:56:52.907,20.9,101.7
2024-05-26 21:57:20.509,21.0,101.7
2024-05-26 21:57:48.666,21.0,101.7
2024-05-26 21:58:22.347,20.8,101.7
2024-05-26 21:58:44.906,21.0,101.7
2024-05-26 21:59:12.924,20.9,101.7
2024-05-26 21:59:40.767,21.1,101.7
2024-05-26 22:00:08.918,21.0,101.7
2024-05-26 22:00:36.750,21.1,101.7
2024-05-26 22:01:04.970,21.0,101.7
2024-05-26 22:01:33.355,21.0,101.7
2024-05-26 22:02:01.082,21.0,101.7
2024-05-26 22:02:27.819,20.9,101.7
2024-05-26 22:02:55.925,20.9,101.7
2024-05-26 22:03:23.237,21.0,101.7
2024-05-26 22:03:50.122,21.0,101.7
2024-05-26 22:04:18.782,21.0,101.7
2024-05-26 22:04:45.620,21.0,101.7
2024-05-26 22:05:13.049,20.9,101.7
2024-05-26 22:05:39.855,20.9,101.7
2024-05-26 22:06:08.169,21.0,101.7
2024-05-26 22:06:35.642,21.1,101.7
2024-05-26 22:07:04.887,21.1,101.7
2024-05-26 22:07:32.803,20.9,101.7
2024-05-26 22:08:00.619,21.0,101.7
2024-05-26 22:08:28.533,21.1,101.7
2024-05-26 22:08:55.692,21.0,101.7
2024-05-26 22:09:23.205,20.9,101.7
2024-05-26 22:09:51.258,20.9,101.7
2024-05-26 22:10:19.335,20.9,101.7
2024-05-26 22:10:46.833,21.0,101.7
2024-05-26 22:11:13.819,21.0,101.7
2024-05-26 22:11:41.807,21.0,101.7
2024-05-26 22:12:08.668,21.0,101.7
2024-05-26 22:12:35.902,20.8,101.7
2024-05-26 22:13:04.227,21.0,101.7
2024-05-26 22:13:31.597,21.0,101.7
2024-05-26 22:13:59.622,21.0,101.7
2024-05-26 22:14:27.951,20.9,101.7
2024-05-26 22:14:55.473,21.0,101.7
2024-05-26 22:15:23.549,20.9,101.7
2024-05-26 22:15:50.545,20.9,101.7
2024-05-26 22:16:17.493,20.9,101.7
2024-05-26 22:16:44.696,20.8,101.7
2024-05-26 22:17:12.889,21.0,101.7
2024-05-26 22:17:40.174,20.9,101.7
2024-05-26 22:18:07.225,20.9,101.7
2024-05-26 22:18:33.887,21.0,101.7
2024-05-26 22:19:01.494,21.0,101.7
2024-05-26 22:19:28.807,21.0,101.7
2024-05-26 22:19:56.743,20.9,101.7
2024-05-26 22:20:24.270,21.0,101.7
2024-05-26 22:20:51.706,20.9,101.7
2024-05-26 22:21:19.406,21.0,101.7
2024-05-26 22:21:47.460,20.9,101.7
2024-05-26 22:22:15.716,21.0,101.7
2024-05-26 22:22:43.824,20.9,101.7
2024-05-26 22:23:11.301,20.9,101.7
2024-05-26 22:23:38.919,20.9,101.7
2024-05-26 22:24:07.031,20.9,101.7
2024-05-26 22:24:33.983,20.8,101.7
2024-05-26 22:25:01.237,20.8,101.7
2024-05-26 22:25:28.499,20.8,101.7
2024-05-26 22:25:56.062,20.9,101.7
2024-05-26 22:26:23.423,21.0,101.7
2024-05-26 22:26:50.929,21.0,101.7
2024-05-26 22:27:18.640,20.9,101.7
2024-05-26 22:27:46.148,21.0,101.7
2024-05-26 22:28:13.411,20.9,101.7
2024-05-26 22:28:40.971,20.9,101.7
2024-05-26 22:29:08.477,20.8,101.7
2024-05-26 22:29:35.897,21.1,101.7
2024-05-26 22:30:03.773,21.0,101.7
2024-05-26 22:30:30.926,21.0,101.7
2024-05-26 22:30:58.601,21.0,101.7
2024-05-26 22:31:25.373,21.0,101.7
2024-05-26 22:31:53.176,20.9,101.7
2024-05-26 22:32:20.346,21.0,101.7
2024-05-26 22:32:48.609,20.9,101.7
2024-05-26 22:33:16.239,20.9,101.7
2024-05-26 22:33:44.496,20.9,101.7
2024-05-26 22:34:12.077,21.0,101.7
2024-05-26 22:34:39.878,20.9,101.7
2024-05-26 22:35:07.704,21.0,101.7
2024-05-26 22:35:34.897,20.9,101.7
2024-05-26 22:36:02.791,21.0,101.7
2024-05-26 22:36:29.785,21.1,101.7
2024-05-26 22:36:57.853,21.0,101.7
2024-05-26 22:37:25.193,20.9,101.7
2024-05-26 22:37:53.382,20.9,101.7
2024-05-26 22:38:21.447,21.0,101.7
2024-05-26 22:38:49.558,21.0,101.7
2024-05-26 22:39:18.048,21.0,101.7
2024-05-26 22:39:45.843,20.9,101.7
2024-05-26 22:40:13.240,20.9,101.7
2024-05-26 22:40:40.670,20.8,101.7
2024-05-26 22:41:07.775,21.0,101.7
2024-05-26 22:41:34.147,21.0,101.7
2024-05-26 22:42:00.923,20.9,101.7
2024-05-26 22:42:28.269,20.9,101.7
2024-05-26 22:42:55.093,21.2,101.7
2024-05-26 22:43:23.104,20.9,101.7
2024-05-26 22:43:50.133,21.1,101.7
2024-05-26 22:44:17.631,21.1,101.7
2024-05-26 22:44:45.818,21.1,101.7
2024-05-26 22:45:13.900,21.0,101.7
2024-05-26 22:45:41.991,21.1,101.7
2024-05-26 22:46:10.693,21.1,101.7
2024-05-26 22:46:38.495,20.9,101.7
2024-05-26 22:47:06.554,20.9,101.7
2024-05-26 22:47:35.069,21.0,101.7
2024-05-26 22:48:02.742,20.9,101.7
2024-05-26 22:48:30.823,20.9,101.7
2024-05-26 22:48:59.025,20.9,101.7
2024-05-26 22:49:27.112,20.9,101.7
2024-05-26 22:49:55.272,21.0,101.7
2024-05-26 22:50:23.416,21.0,101.7
2024-05-26 22:50:50.843,21.0,101.7
2024-05-26 22:51:18.605,21.1,101.7
2024-05-26 22:51:46.406,21.1,101.7
2024-05-26 22:52:13.852,21.0,101.7
2024-05-26 22:52:42.523,21.1,101.7
2024-05-26 22:53:10.482,20.9,101.7
2024-05-26 22:53:38.812,20.9,101.7
2024-05-26 22:54:06.981,21.1,101.7
2024-05-26 22:54:34.857,21.0,101.7
2024-05-26 22:55:03.337,21.0,101.7
2024-05-26 22:55:30.132,20.8,101.7
2024-05-26 22:55:57.628,20.9,101.7
2024-05-26 22:56:25.836,21.0,101.7
2024-05-26 22:56:53.832,20.9,101.7
2024-05-26 22:57:21.549,21.0,101.7
2024-05-26 22:57:49.416,20.9,101.7
2024-05-26 22:58:17.340,20.9,101.7
2024-05-26 22:58:44.984,20.9,101.7
2024-05-26 22:59:13.058,20.9,101.7
2024-05-26 22:59:40.902,21.0,101.7
2024-05-26 23:00:07.939,21.1,101.7
2024-05-26 23:00:34.955,20.9,101.7
2024-05-26 23:01:02.801,21.0,101.7
2024-05-26 23:01:32.315,21.1,101.7
2024-05-26 23:01:59.344,21.1,101.7
2024-05-26 23:02:27.228,21.0,101.7
2024-05-26 23:02:55.097,20.9,101.7
2024-05-26 23:03:23.108,20.9,101.7
2024-05-26 23:03:51.239,20.9,101.7
2024-05-26 23:04:18.565,21.1,101.7
2024-05-26 23:04:46.262,21.0,101.7
2024-05-26 23:05:12.709,21.0,101.7
2024-05-26 23:05:41.118,21.0,101.7
2024-05-26 23:06:08.072,21.0,101.7
2024-05-26 23:06:35.785,21.0,101.7
2024-05-26 23:07:04.097,21.0,101.7
2024-05-26 23:07:31.189,20.8,101.7
2024-05-26 23:07:57.870,20.9,101.7
2024-05-26 23:08:24.959,21.1,101.7
2024-05-26 23:08:52.919,21.1,101.7
2024-05-26 23:09:20.502,21.0,101.7
2024-05-26 23:09:48.305,21.0,101.7
2024-05-26 23:10:16.268,20.9,101.7
2024-05-26 23:10:44.561,21.0,101.7
2024-05-26 23:11:12.608,20.9,101.7
2024-05-26 23:11:40.032,21.0,101.7
2024-05-26 23:12:07.907,21.0,101.7
2024-05-26 23:12:36.303,21.0,101.7
2024-05-26 23:13:04.155,21.0,101.7
2024-05-26 23:13:31.594,21.0,101.7
2024-05-26 23:14:00.013,21.0,101.7
2024-05-26 23:14:26.869,21.0,101.7
2024-05-26 23:14:53.579,21.1,101.7
2024-05-26 23:15:22.548,21.0,101.7
2024-05-26 23:15:49.925,21.0,101.7
2024-05-26 23:16:17.189,21.0,101.7
2024-05-26 23:16:45.116,21.0,101.7
2024-05-26 23:17:12.291,21.1,101.7
2024-05-26 23:17:39.977,21.0,101.7
2024-05-26 23:18:07.307,21.1,101.7
2024-05-26 23:18:34.785,20.8,101.7
2024-05-26 23:19:02.785,20.9,101.7
2024-05-26 23:19:30.262,21.0,101.7
2024-05-26 23:19:57.062,20.9,101.7
2024-05-26 23:20:24.397,20.9,101.7
2024-05-26 23:20:52.665,20.9,101.7
2024-05-26 23:21:20.244,21.0,101.7
2024-05-26 23:21:47.987,21.0,101.7
2024-05-26 23:22:16.315,21.0,101.7
2024-05-26 23:22:44.306,21.0,101.7
2024-05-26 23:23:12.393,20.8,101.7
2024-05-26 23:23:40.192,20.9,101.7
2024-05-26 23:24:08.355,21.1,101.7
2024-05-26 23:24:36.435,21.1,101.7
2024-05-26 23:25:04.298,20.9,101.7
2024-05-26 23:25:32.666,21.0,101.7
2024-05-26 23:26:00.769,21.0,101.7
2024-05-26 23:26:28.032,21.1,101.7
2024-05-26 23:26:55.709,21.1,101.7
2024-05-26 23:27:24.243,20.9,101.7
2024-05-26 23:27:51.981,20.9,101.7
2024-05-26 23:28:18.765,20.9,101.7
2024-05-26 23:28:46.569,20.9,101.7
2024-05-26 23:29:14.074,21.0,101.7
2024-05-26 23:29:41.440,21.0,101.7
2024-05-26 23:30:10.382,21.0,101.7
2024-05-26 23:30:36.717,21.1,101.7
2024-05-26 23:31:04.703,21.0,101.7
2024-05-26 23:31:31.938,21.0,101.7
2024-05-26 23:31:59.830,21.0,101.7
2024-05-26 23:32:27.354,20.9,101.7
2024-05-26 23:32:55.396,21.0,101.7
2024-05-26 23:33:23.931,21.0,101.7
2024-05-26 23:33:50.538,21.0,101.7
2024-05-26 23:34:19.128,21.1,101.7
2024-05-26 23:34:47.447,21.1,101.7
2024-05-26 23:35:15.959,21.1,101.7
2024-05-26 23:35:43.376,21.0,101.7
2024-05-26 23:36:11.145,20.9,101.7
2024-05-26 23:36:38.548,21.1,101.7
2024-05-26 23:37:05.727,20.9,101.7
2024-05-26 23:37:33.441,21.0,101.7
2024-05-26 23:38:01.263,21.0,101.7
2024-05-26 23:38:28.766,21.0,101.7
2024-05-26 23:38:56.468,21.0,101.7
2024-05-26 23:39:24.534,21.0,101.7
2024-05-26 23:39:52.433,20.8,101.7
2024-05-26 23:40:19.719,21.0,101.7
2024-05-26 23:40:47.519,21.0,101.7
2024-05-26 23:41:14.618,20.9,101.7
2024-05-26 23:41:42.247,21.0,101.7
2024-05-26 23:42:09.346,20.9,101.7
2024-05-26 23:42:37.342,20.8,101.7
2024-05-26 23:43:05.349,21.0,101.7
2024-05-26 23:43:33.654,20.9,101.7
2024-05-26 23:44:00.851,20.9,101.7
2024-05-26 23:44:27.876,21.0,101.7
2024-05-26 23:44:55.715,21.0,101.7
2024-05-26 23:45:22.926,20.9,101.7
2024-05-26 23:45:50.242,20.9,101.7
2024-05-26 23:46:18.829,20.9,101.7
2024-05-26 23:46:46.226,21.0,101.7
2024-05-26 23:47:13.249,21.0,101.7
2024-05-26 23:47:40.576,20.9,101.7
2024-05-26 23:48:07.859,21.1,101.7
2024-05-26 23:48:35.300,21.0,101.7
2024-05-26 23:49:02.862,21.0,101.7
2024-05-26 23:49:30.165,21.0,101.7
2024-05-26 23:49:57.159,21.0,101.7
2024-05-26 23:50:24.921,20.9,101.7
2024-05-26 23:50:52.270,20.9,101.7
2024-05-26 23:51:19.301,21.0,101.7
2024-05-26 23:51:46.274,21.0,101.7
2024-05-26 23:52:13.996,21.0,101.7
2024-05-26 23:52:42.406,21.0,101.7
2024-05-26 23:53:09.785,21.1,101.7
2024-05-26 23:53:38.021,21.0,101.7
2024-05-26 23:54:06.578,21.0,101.7
2024-05-26 23:54:33.370,21.0,101.7
2024-05-26 23:55:01.799,21.1,101.7
2024-05-26 23:55:28.502,21.0,101.7
2024-05-26 23:55:56.471,21.1,101.7
2024-05-26 23:56:24.291,21.0,101.7
2024-05-26 23:56:51.566,21.0,101.7
2024-05-26 23:57:18.937,21.1,101.7
2024-05-26 23:57:47.673,20.9,101.7
2024-05-26 23:58:14.457,20.9,101.7
2024-05-26 23:58:42.677,21.0,101.7
2024-05-26 23:59:10.317,21.0,101.7
2024-05-26 23:59:38.121,21.0,101.7
2024-05-27 00:00:05.846,21.0,101.7
2024-05-27 00:00:33.274,20.9,101.7
2024-05-27 00:01:01.073,21.0,101.7
2024-05-27 00:01:29.465,21.1,101.7
2024-05-27 00:01:57.610,21.0,101.7
2024-05-27 00:02:25.540,21.0,101.7
2024-05-27 00:02:54.193,21.0,101.7
2024-05-27 00:03:21.918,21.0,101.7
2024-05-27 00:03:49.666,21.0,101.7
2024-05-27 00:04:17.750,21.0,101.7
2024-05-27 00:04:45.547,21.0,101.7
2024-05-27 00:05:13.120,20.9,101.7
2024-05-27 00:05:41.300,20.9,101.7
2024-05-27 00:06:09.055,20.9,101.7
2024-05-27 00:06:36.349,21.0,101.7
2024-05-27 00:07:03.312,20.9,101.7
2024-05-27 00:07:31.184,20.8,101.7
2024-05-27 00:07:59.185,20.8,101.7
2024-05-27 00:08:27.079,20.9,101.7
2024-05-27 00:08:54.212,21.0,101.7
2024-05-27 00:09:22.702,21.1,101.7
2024-05-27 00:09:49.369,20.9,101.7
2024-05-27 00:10:16.982,21.0,101.7
2024-05-27 00:10:44.313,20.9,101.7
2024-05-27 00:11:11.912,20.9,101.7
2024-05-27 00:11:39.950,21.0,101.7
2024-05-27 00:12:08.179,20.9,101.7
2024-05-27 00:12:36.004,20.9,101.7
2024-05-27 00:13:04.003,21.0,101.7
2024-05-27 00:13:31.983,21.0,101.7
2024-05-27 00:13:58.633,21.0,101.7
2024-05-27 00:14:27.398,21.1,101.7
2024-05-27 00:14:54.393,21.0,101.7
2024-05-27 00:15:22.253,21.0,101.7
2024-05-27 00:15:50.711,20.9,101.7
2024-05-27 00:16:18.599,20.9,101.7
2024-05-27 00:16:46.717,21.1,101.7
2024-05-27 00:17:13.815,21.1,101.7
2024-05-27 00:17:42.110,21.0,101.7
2024-05-27 00:18:09.989,21.0,101.7
2024-05-27 00:18:37.034,20.9,101.7
2024-05-27 00:19:05.099,20.9,101.7
2024-05-27 00:19:33.292,20.9,101.7
2024-05-27 00:20:01.447,21.1,101.7
2024-05-27 00:20:28.947,21.0,101.7
2024-05-27 00:20:56.124,21.0,101.7
2024-05-27 00:21:23.796,21.0,101.7
2024-05-27 00:21:50.960,21.1,101.7
2024-05-27 00:22:18.548,21.0,101.7
2024-05-27 00:22:45.941,21.0,101.7
2024-05-27 00:23:13.271,21.0,101.7
2024-05-27 00:23:40.421,21.0,101.7
2024-05-27 00:24:07.372,21.0,101.7
2024-05-27 00:24:35.467,20.9,101.7
2024-05-27 00:25:03.084,20.9,101.7
2024-05-27 00:25:30.630,20.9,101.7
2024-05-27 00:25:58.093,21.0,101.7
2024-05-27 00:26:25.819,21.1,101.7
2024-05-27 00:26:53.904,20.9,101.7
2024-05-27 00:27:21.800,20.9,101.7
2024-05-27 00:27:49.144,20.9,101.7
2024-05-27 00:28:16.791,21.0,101.7
2024-05-27 00:28:44.910,21.0,101.7
2024-05-27 00:29:12.554,20.9,101.7
2024-05-27 00:29:40.388,21.0,101.7
2024-05-27 00:30:08.729,21.0,101.7
2024-05-27 00:30:36.385,20.9,101.7
2024-05-27 00:31:03.746,20.8,101.7
2024-05-27 00:31:31.567,21.0,101.7
2024-05-27 00:31:59.419,20.9,101.7
2024-05-27 00:32:27.489,21.0,101.7
2024-05-27 00:32:55.346,21.0,101.7
2024-05-27 00:33:23.707,20.8,101.7
2024-05-27 00:33:51.458,21.0,101.7
2024-05-27 00:34:18.539,20.9,101.7
2024-05-27 00:34:45.924,21.0,101.7
2024-05-27 00:35:13.258,21.0,101.7
2024-05-27 00:35:40.509,21.0,101.7
2024-05-27 00:36:07.838,21.0,101.7
2024-05-27 00:36:35.897,21.1,101.7
2024-05-27 00:37:03.997,21.0,101.7
2024-05-27 00:37:31.183,21.0,101.7
2024-05-27 00:37:59.477,20.9,101.7
2024-05-27 00:38:27.354,20.9,101.7
2024-05-27 00:38:55.252,20.9,101.7
2024-05-27 00:39:23.633,21.1,101.7
2024-05-27 00:39:52.198,21.1,101.7
2024-05-27 00:40:19.827,21.1,101.7
2024-05-27 00:40:47.399,21.0,101.7
2024-05-27 00:41:14.823,21.0,101.7
2024-05-27 00:41:43.038,20.8,101.7
2024-05-27 00:42:10.484,20.9,101.7
2024-05-27 00:42:38.457,20.8,101.7
2024-05-27 00:43:06.100,20.9,101.7
2024-05-27 00:43:34.167,20.9,101.7
2024-05-27 00:44:01.184,20.9,101.7
2024-05-27 00:44:29.513,21.0,101.7
2024-05-27 00:44:57.280,20.9,101.7
2024-05-27 00:45:25.676,21.0,101.7
2024-05-27 00:45:53.356,21.0,101.7
2024-05-27 00:46:21.119,21.0,101.7
2024-05-27 00:46:48.953,21.0,101.7
2024-05-27 00:47:16.554,21.0,101.7
2024-05-27 00:47:44.947,21.0,101.7
2024-05-27 00:48:11.247,20.8,101.7
2024-05-27 00:48:39.140,21.0,101.7
2024-05-27 00:49:05.928,20.9,101.7
2024-05-27 00:49:32.885,20.9,101.7
2024-05-27 00:49:59.831,20.9,101.7
2024-05-27 00:50:27.194,20.9,101.7
2024-05-27 00:50:54.522,21.0,101.7
2024-05-27 00:51:22.096,21.1,101.7
2024-05-27 00:51:50.262,21.1,101.7
2024-05-27 00:52:18.397,21.0,101.7
2024-05-27 00:52:46.214,20.9,101.7
2024-05-27 00:53:13.612,21.0,101.7
2024-05-27 00:53:41.746,20.9,101.7
2024-05-27 00:54:10.241,20.9,101.7
2024-05-27 00:54:38.424,20.9,101.7
2024-05-27 00:55:06.301,21.0,101.7
2024-05-27 00:55:33.654,21.0,101.7
2024-05-27 00:56:01.782,21.0,101.7
2024-05-27 00:56:29.743,21.1,101.7
2024-05-27 00:56:56.738,21.1,101.7
2024-05-27 00:57:25.321,20.9,101.7
2024-05-27 00:57:52.928,21.0,101.7
2024-05-27 00:58:21.106,20.9,101.7
2024-05-27 00:58:49.482,20.9,101.7
2024-05-27 00:59:17.646,20.9,101.7
2024-05-27 00:59:45.546,20.9,101.7
2024-05-27 01:00:12.321,20.9,101.7
2024-05-27 01:00:40.706,20.9,101.7
2024-05-27 01:01:08.137,21.0,101.7
2024-05-27 01:01:35.094,21.0,101.7
2024-05-27 01:02:03.939,21.0,101.7
2024-05-27 01:02:31.901,21.1,101.7
2024-05-27 01:02:59.914,20.9,101.7
2024-05-27 01:03:27.237,21.0,101.7
2024-05-27 01:03:54.787,20.9,101.7
2024-05-27 01:04:23.133,21.0,101.7
2024-05-27 01:04:49.705,21.0,101.7
2024-05-27 01:05:17.957,21.0,101.7
2024-05-27 01:05:45.005,21.1,101.7
2024-05-27 01:06:12.147,21.0,101.7
2024-05-27 01:06:39.412,21.0,101.7
2024-05-27 01:07:07.220,21.0,101.7
2024-05-27 01:07:34.977,20.9,101.7
2024-05-27 01:08:02.050,21.0,101.7
2024-05-27 01:08:29.642,20.9,101.7
2024-05-27 01:08:57.800,21.0,101.7
2024-05-27 01:09:25.452,21.0,101.7
2024-05-27 01:09:53.142,20.9,101.7
2024-05-27 01:10:20.681,20.9,101.7
2024-05-27 01:10:48.912,21.0,101.7
2024-05-27 01:11:16.253,21.1,101.7
2024-05-27 01:11:43.564,21.0,101.7
2024-05-27 01:12:11.423,21.0,101.7
2024-05-27 01:12:39.769,21.0,101.7
2024-05-27 01:13:08.200,21.0,101.7
2024-05-27 01:13:35.753,21.0,101.7
2024-05-27 01:14:03.357,20.9,101.7
2024-05-27 01:14:31.086,21.0,101.7
2024-05-27 01:14:58.423,21.1,101.7
2024-05-27 01:15:25.168,21.0,101.7
2024-05-27 01:15:52.495,21.0,101.7
2024-05-27 01:16:21.001,21.0,101.7
2024-05-27 01:16:48.884,21.0,101.7
2024-05-27 01:17:16.670,21.0,101.7
2024-05-27 01:17:43.980,21.0,101.7
2024-05-27 01:18:11.746,21.0,101.7
2024-05-27 01:18:38.823,20.9,101.7
2024-05-27 01:19:06.909,21.0,101.7
2024-05-27 01:19:34.261,20.9,101.7
2024-05-27 01:20:02.546,21.0,101.7
2024-05-27 01:20:30.252,21.1,101.7
2024-05-27 01:20:56.653,21.0,101.7
2024-05-27 01:21:25.375,21.1,101.7
2024-05-27 01:21:52.480,20.9,101.7
2024-05-27 01:22:19.565,21.0,101.7
2024-05-27 01:22:47.836,21.0,101.7
2024-05-27 01:23:15.189,21.2,101.7
2024-05-27 01:23:42.814,20.9,101.7
2024-05-27 01:24:10.858,21.0,101.7
2024-05-27 01:24:38.492,20.9,101.7
2024-05-27 01:25:06.653,20.9,101.7
2024-05-27 01:25:34.043,20.9,101.7
2024-05-27 01:26:01.972,21.1,101.7
2024-05-27 01:26:29.548,21.0,101.7
2024-05-27 01:26:57.600,20.9,101.7
2024-05-27 01:27:25.270,21.0,101.7
2024-05-27 01:27:52.760,20.8,101.7
2024-05-27 01:28:21.503,20.9,101.7
2024-05-27 01:28:49.630,21.0,101.7
2024-05-27 01:29:17.470,20.9,101.7
2024-05-27 01:29:45.285,20.9,101.7
2024-05-27 01:30:12.657,21.1,101.7
2024-05-27 01:30:39.492,21.1,101.7
2024-05-27 01:31:07.439,20.9,101.7
2024-05-27 01:31:35.148,21.0,101.7
2024-05-27 01:32:03.914,21.0,101.7
2024-05-27 01:32:31.434,21.0,101.7
2024-05-27 01:32:59.956,20.9,101.7
2024-05-27 01:33:27.604,21.1,101.7
2024-05-27 01:33:55.485,20.9,101.7
2024-05-27 01:34:23.224,20.9,101.7
2024-05-27 01:34:50.959,21.1,101.7
2024-05-27 01:35:19.364,20.9,101.7
2024-05-27 01:35:46.155,21.1,101.7
2024-05-27 01:36:13.714,21.0,101.7
2024-05-27 01:36:41.718,21.0,101.7
2024-05-27 01:37:09.571,20.9,101.7
2024-05-27 01:37:37.264,21.1,101.7
2024-05-27 01:38:04.997,20.9,101.7
2024-05-27 01:38:32.168,20.9,101.7
2024-05-27 01:39:00.665,21.0,101.7
2024-05-27 01:39:28.425,21.1,101.7
2024-05-27 01:39:56.469,20.9,101.7
2024-05-27 01:40:24.398,21.1,101.7
2024-05-27 01:40:52.377,21.0,101.7
2024-05-27 01:41:20.090,21.0,101.7
2024-05-27 01:41:47.959,20.9,101.7
2024-05-27 01:42:15.808,21.0,101.7
2024-05-27 01:42:43.457,20.9,101.7
2024-05-27 01:43:11.801,20.9,101.7
2024-05-27 01:43:39.618,21.0,101.7
2024-05-27 01:44:07.502,20.9,101.7
2024-05-27 01:44:35.405,20.9,101.7
2024-05-27 01:45:02.227,21.1,101.7
2024-05-27 01:45:28.618,20.9,101.7
2024-05-27 01:45:56.305,21.0,101.7
2024-05-27 01:46:23.866,21.0,101.7
2024-05-27 01:46:51.494,20.9,101.7
2024-05-27 01:47:18.983,21.0,101.7
2024-05-27 01:47:46.183,21.0,101.7
2024-05-27 01:48:15.232,21.0,101.7
2024-05-27 01:48:42.883,21.0,101.7
2024-05-27 01:49:11.674,21.0,101.7
2024-05-27 01:49:38.782,21.0,101.7
2024-05-27 01:50:06.826,21.0,101.7
2024-05-27 01:50:34.214,21.1,101.7
2024-05-27 01:51:02.896,21.1,101.7
2024-05-27 01:51:30.108,21.0,101.7
2024-05-27 01:51:58.214,21.1,101.7
2024-05-27 01:52:26.387,21.0,101.7
2024-05-27 01:52:53.524,21.0,101.7
2024-05-27 01:53:20.588,21.0,101.7
2024-05-27 01:53:47.361,21.1,101.7
2024-05-27 01:54:15.103,21.0,101.7
2024-05-27 01:54:41.949,21.1,101.7
2024-05-27 01:55:09.410,21.0,101.7
2024-05-27 01:55:37.518,21.0,101.7
2024-05-27 01:56:05.656,21.0,101.7
2024-05-27 01:56:32.060,21.1,101.7
2024-05-27 01:57:00.035,21.0,101.7
2024-05-27 01:57:29.037,20.9,101.7
2024-05-27 01:57:56.833,20.8,101.7
2024-05-27 01:58:23.876,21.0,101.7
2024-05-27 01:58:49.911,20.9,101.7
2024-05-27 01:59:16.993,20.9,101.7
2024-05-27 01:59:44.776,20.8,101.7
2024-05-27 02:00:13.060,21.0,101.7
2024-05-27 02:00:40.865,20.9,101.7
2024-05-27 02:01:08.550,20.9,101.7
2024-05-27 02:01:35.414,21.0,101.7
2024-05-27 02:02:03.821,21.0,101.7
2024-05-27 02:02:31.913,21.0,101.7
2024-05-27 02:03:00.285,21.1,101.7
2024-05-27 02:03:28.599,20.9,101.7
2024-05-27 02:03:56.471,21.0,101.7
2024-05-27 02:04:25.111,21.0,101.7
2024-05-27 02:04:53.045,20.9,101.7
2024-05-27 02:05:20.618,21.0,101.7
2024-05-27 02:05:48.089,21.0,101.7
2024-05-27 02:06:15.341,20.9,101.7
2024-05-27 02:06:42.694,20.8,101.7
2024-05-27 02:07:10.110,20.9,101.7
2024-05-27 02:07:37.728,21.1,101.7
2024-05-27 02:08:05.885,20.9,101.7
2024-05-27 02:08:33.134,21.0,101.7
2024-05-27 02:09:00.436,21.1,101.7
2024-05-27 02:09:27.665,21.1,101.8
2024-05-27 02:09:55.534,21.1,101.8
2024-05-27 02:10:24.624,21.1,101.7
2024-05-27 02:10:52.195,20.9,101.7
2024-05-27 02:11:19.131,21.0,101.7
2024-05-27 02:11:47.506,20.9,101.8
2024-05-27 02:12:15.253,21.0,101.8
2024-05-27 02:12:42.729,20.9,101.7
2024-05-27 02:13:10.006,20.9,101.7
2024-05-27 02:13:38.027,20.8,101.7
2024-05-27 02:14:05.513,20.8,101.7
2024-05-27 02:14:34.031,21.0,101.7
2024-05-27 02:15:01.855,21.0,101.7
2024-05-27 02:15:29.058,20.9,101.7
2024-05-27 02:15:56.762,21.0,101.7
2024-05-27 02:16:24.222,21.0,101.7
2024-05-27 02:16:52.531,20.9,101.8
2024-05-27 02:17:20.583,20.9,101.8
2024-05-27 02:17:48.765,20.9,101.8
2024-05-27 02:18:16.105,21.0,101.8
2024-05-27 02:18:43.056,21.1,101.8
2024-05-27 02:19:11.923,21.1,101.8
2024-05-27 02:19:39.218,21.1,101.8
2024-05-27 02:20:07.012,21.2,101.8
2024-05-27 02:20:34.534,21.0,101.8
2024-05-27 02:21:01.816,20.9,101.8
2024-05-27 02:21:30.268,21.0,101.8
2024-05-27 02:21:57.032,21.1,101.8
2024-05-27 02:22:24.660,21.0,101.8
2024-05-27 02:22:52.560,21.1,101.8
2024-05-27 02:23:20.805,20.9,101.8
2024-05-27 02:23:47.856,20.9,101.8
2024-05-27 02:24:17.073,21.0,101.8
2024-05-27 02:24:44.024,20.9,101.8
2024-05-27 02:25:12.532,20.9,101.8
2024-05-27 02:25:39.630,21.0,101.8
2024-05-27 02:26:07.134,21.0,101.8
2024-05-27 02:26:35.202,21.0,101.8
2024-05-27 02:27:03.054,21.0,101.8
2024-05-27 02:27:31.697,20.9,101.8
2024-05-27 02:27:59.077,20.9,101.8
2024-05-27 02:28:26.671,21.0,101.8
2024-05-27 02:28:53.998,20.9,101.8
2024-05-27 02:29:21.614,21.0,101.8
2024-05-27 02:29:49.347,20.9,101.8
2024-05-27 02:30:17.411,21.0,101.8
2024-05-27 02:30:44.428,21.0,101.8
2024-05-27 02:31:12.840,20.9,101.8
2024-05-27 02:31:40.635,21.0,101.8
2024-05-27 02:32:08.515,21.0,101.8
2024-05-27 02:32:36.217,21.0,101.8
2024-05-27 02:33:04.033,21.0,101.8
2024-05-27 02:33:32.196,21.0,101.8
2024-05-27 02:33:59.990,21.0,101.8
2024-05-27 02:34:27.113,21.0,101.8
2024-05-27 02:34:54.932,21.0,101.8
2024-05-27 02:35:22.655,21.0,101.8
2024-05-27 02:35:50.435,21.0,101.8
2024-05-27 02:36:17.769,20.8,101.8
2024-05-27 02:36:46.006,20.8,101.8
2024-05-27 02:37:13.612,21.0,101.8
2024-05-27 02:37:42.190,20.9,101.8
2024-05-27 02:38:09.620,21.0,101.8
2024-05-27 02:38:37.637,20.9,101.8
2024-05-27 02:39:04.706,21.0,101.8
2024-05-27 02:39:31.327,21.0,101.8
2024-05-27 02:39:57.988,21.0,101.8
2024-05-27 02:40:26.546,21.1,101.8
2024-05-27 02:40:53.683,21.0,101.8
2024-05-27 02:41:20.966,20.9,101.8
2024-05-27 02:41:48.906,20.9,101.8
2024-05-27 02:42:17.267,20.9,101.8
2024-05-27 02:42:44.980,21.1,101.8
2024-05-27 02:43:12.935,21.1,101.8
2024-05-27 02:43:40.267,21.1,101.8
2024-05-27 02:44:08.634,21.0,101.8
2024-05-27 02:44:36.573,21.0,101.8
2024-05-27 02:45:03.396,21.1,101.8
2024-05-27 02:45:30.482,21.1,101.8
2024-05-27 02:45:58.220,21.0,101.8
2024-05-27 02:46:26.491,20.9,101.8
2024-05-27 02:46:53.733,20.9,101.8
2024-05-27 02:47:21.219,21.0,101.8
2024-05-27 02:47:48.983,21.0,101.8
2024-05-27 02:48:16.660,21.0,101.8
2024-05-27 02:48:44.684,21.0,101.8
2024-05-27 02:49:12.121,21.0,101.8
2024-05-27 02:49:40.226,21.0,101.8
2024-05-27 02:50:08.737,21.0,101.8
2024-05-27 02:50:36.259,21.1,101.8
2024-05-27 02:51:03.271,21.0,101.8
2024-05-27 02:51:31.917,21.0,101.8
2024-05-27 02:51:57.622,21.0,101.8
2024-05-27 02:52:25.625,21.0,101.8
2024-05-27 02:52:53.399,21.2,101.8
2024-05-27 02:53:20.325,21.0,101.8
2024-05-27 02:53:48.884,21.1,101.8
2024-05-27 02:54:16.863,20.9,101.8
2024-05-27 02:54:44.464,20.9,101.8
2024-05-27 02:55:11.548,20.9,101.8
2024-05-27 02:55:38.901,21.0,101.8
2024-05-27 02:56:06.480,21.0,101.8
2024-05-27 02:56:32.929,21.0,101.8
2024-05-27 02:57:00.929,21.0,101.8
2024-05-27 02:57:28.264,21.0,101.8
2024-05-27 02:57:55.949,20.9,101.8
2024-05-27 02:58:22.962,20.9,101.8
2024-05-27 02:58:50.677,20.9,101.8
2024-05-27 02:59:18.105,21.0,101.8
2024-05-27 02:59:46.412,21.0,101.8
2024-05-27 03:00:14.246,21.0,101.8
2024-05-27 03:00:41.212,21.0,101.8
2024-05-27 03:01:09.434,21.0,101.8
2024-05-27 03:01:36.760,20.9,101.8
2024-05-27 03:02:04.375,20.9,101.8
2024-05-27 03:02:31.187,20.9,101.8
2024-05-27 03:02:59.057,21.0,101.8
2024-05-27 03:03:27.369,21.0,101.8
2024-05-27 03:03:53.458,21.0,101.8
2024-05-27 03:04:21.440,20.9,101.8
2024-05-27 03:04:49.126,21.0,101.8
2024-05-27 03:05:16.175,21.0,101.8
2024-05-27 03:05:44.288,21.0,101.8
2024-05-27 03:06:11.567,21.0,101.8
2024-05-27 03:06:39.188,20.9,101.8
2024-05-27 03:07:06.794,20.8,101.8
2024-05-27 03:07:34.253,21.0,101.8
2024-05-27 03:08:02.880,20.9,101.8
2024-05-27 03:08:30.650,20.9,101.8
2024-05-27 03:08:57.245,21.1,101.8
2024-05-27 03:09:25.047,21.1,101.8
2024-05-27 03:09:52.321,20.9,101.8
2024-05-27 03:10:19.819,20.9,101.8
2024-05-27 03:10:48.258,21.0,101.8
2024-05-27 03:11:16.246,20.9,101.8
2024-05-27 03:11:44.013,21.0,101.8
2024-05-27 03:12:11.608,21.0,101.8
2024-05-27 03:12:39.709,21.0,101.8
2024-05-27 03:13:07.289,20.9,101.8
2024-05-27 03:13:35.505,20.9,101.8
2024-05-27 03:14:03.538,21.0,101.8
2024-05-27 03:14:30.752,20.8,101.8
2024-05-27 03:14:58.948,21.0,101.8
2024-05-27 03:15:28.441,21.0,101.8
2024-05-27 03:15:55.819,21.0,101.8
2024-05-27 03:16:24.231,20.9,101.8
2024-05-27 03:16:51.401,20.9,101.8
2024-05-27 03:17:19.709,21.0,101.8
2024-05-27 03:17:47.928,21.0,101.8
2024-05-27 03:18:15.766,20.9,101.8
2024-05-27 03:18:43.685,21.0,101.8
2024-05-27 03:19:11.912,21.0,101.8
2024-05-27 03:19:40.393,21.0,101.8
2024-05-27 03:20:07.588,21.0,101.8
2024-05-27 03:20:34.809,20.9,101.8
2024-05-27 03:21:02.709,21.0,101.8
2024-05-27 03:21:30.835,20.9,101.8
2024-05-27 03:21:58.948,20.9,101.8
2024-05-27 03:22:26.656,20.9,101.8
2024-05-27 03:22:54.171,21.0,101.8
2024-05-27 03:23:22.480,21.1,101.8
2024-05-27 03:23:49.932,21.0,101.8
2024-05-27 03:24:17.977,20.9,101.8
2024-05-27 03:24:45.658,21.0,101.8
2024-05-27 03:25:13.384,20.9,101.8
2024-05-27 03:25:41.241,21.1,101.8
2024-05-27 03:26:10.162,20.9,101.8
2024-05-27 03:26:37.784,21.0,101.8
2024-05-27 03:27:05.873,20.9,101.8
2024-05-27 03:27:33.902,21.0,101.8
2024-05-27 03:28:02.544,21.1,101.8
2024-05-27 03:28:29.419,21.0,101.8
2024-05-27 03:28:56.472,20.9,101.8
2024-05-27 03:29:23.685,21.0,101.8
2024-05-27 03:29:51.338,21.1,101.8
2024-05-27 03:30:18.972,20.9,101.8
2024-05-27 03:30:46.467,20.9,101.8
2024-05-27 03:31:14.164,20.9,101.8
2024-05-27 03:31:42.098,21.0,101.8
2024-05-27 03:32:10.585,20.9,101.8
2024-05-27 03:32:37.725,21.1,101.8
2024-05-27 03:33:05.494,21.0,101.8
2024-05-27 03:33:33.223,20.9,101.8
2024-05-27 03:34:00.962,20.9,101.8
2024-05-27 03:34:29.240,20.9,101.8
2024-05-27 03:34:57.655,21.0,101.8
2024-05-27 03:35:25.615,21.0,101.8
2024-05-27 03:35:53.255,21.1,101.8
2024-05-27 03:36:20.610,20.9,101.8
2024-05-27 03:36:49.211,20.9,101.8
2024-05-27 03:37:16.830,20.9,101.8
2024-05-27 03:37:44.697,20.9,101.8
2024-05-27 03:38:11.805,21.0,101.8
2024-05-27 03:38:39.285,21.1,101.8
2024-05-27 03:39:07.048,21.0,101.8
2024-05-27 03:39:34.564,20.9,101.8
2024-05-27 03:40:01.939,21.0,101.8
2024-05-27 03:40:30.200,21.1,101.8
2024-05-27 03:40:57.024,20.9,101.8
2024-05-27 03:41:24.482,21.0,101.8
2024-05-27 03:41:52.293,20.9,101.8
2024-05-27 03:42:21.073,21.1,101.8
2024-05-27 03:42:48.228,20.9,101.8
2024-05-27 03:43:14.912,21.0,101.8
2024-05-27 03:43:41.905,21.0,101.8
2024-05-27 03:44:09.342,21.1,101.8
2024-05-27 03:44:37.539,21.0,101.8
2024-05-27 03:45:05.706,21.0,101.8
2024-05-27 03:45:33.790,20.9,101.8
2024-05-27 03:46:01.161,21.0,101.8
2024-05-27 03:46:28.836,21.0,101.8
2024-05-27 03:46:56.819,21.0,101.8
2024-05-27 03:47:24.385,20.9,101.8
2024-05-27 03:47:51.527,20.9,101.8
2024-05-27 03:48:19.086,21.0,101.8
2024-05-27 03:48:46.329,21.0,101.8
2024-05-27 03:49:14.430,21.0,101.8
2024-05-27 03:49:41.841,20.9,101.8
2024-05-27 03:50:08.935,20.9,101.8
2024-05-27 03:50:36.688,20.9,101.8
2024-05-27 03:51:04.430,20.9,101.8
2024-05-27 03:51:31.741,20.9,101.8
2024-05-27 03:51:59.829,21.0,101.8
2024-05-27 03:52:26.919,21.0,101.8
2024-05-27 03:52:54.576,20.9,101.8
2024-05-27 03:53:23.037,20.9,101.8
2024-05-27 03:53:50.761,21.0,101.8
2024-05-27 03:54:18.278,21.1,101.8
2024-05-27 03:54:45.205,20.9,101.8
2024-05-27 03:55:13.000,20.8,101.8
2024-05-27 03:55:40.336,21.0,101.8
2024-05-27 03:56:07.944,20.8,101.8
2024-05-27 03:56:36.189,21.0,101.8
2024-05-27 03:57:03.733,20.9,101.8
2024-05-27 03:57:32.145,21.1,101.8
2024-05-27 03:57:59.578,21.0,101.8
2024-05-27 03:58:27.553,21.1,101.8
2024-05-27 03:58:54.716,21.1,101.8
2024-05-27 03:59:22.473,21.0,101.8
2024-05-27 03:59:50.064,20.8,101.8
2024-05-27 04:00:18.030,21.0,101.8
2024-05-27 04:00:45.794,21.1,101.8
2024-05-27 04:01:13.080,21.0,101.8
2024-05-27 04:01:41.969,21.1,101.8
2024-05-27 04:02:08.509,21.1,101.8
2024-05-27 04:02:35.662,21.0,101.8
2024-05-27 04:03:04.148,21.0,101.8
2024-05-27 04:03:31.666,21.0,101.8
2024-05-27 04:04:00.049,21.1,101.8
2024-05-27 04:04:29.128,21.0,101.8
2024-05-27 04:04:57.118,20.9,101.8
2024-05-27 04:05:25.789,21.0,101.8
2024-05-27 04:05:52.821,21.0,101.8
2024-05-27 04:06:20.573,21.0,101.8
2024-05-27 04:06:48.538,21.1,101.8
2024-05-27 04:07:15.960,21.0,101.8
2024-05-27 04:07:42.802,21.0,101.8
2024-05-27 04:08:11.241,20.9,101.8
2024-05-27 04:08:37.811,21.0,101.8
2024-05-27 04:09:05.838,20.9,101.8
2024-05-27 04:09:33.912,20.9,101.8
2024-05-27 04:10:01.235,20.9,101.8
2024-05-27 04:10:29.064,20.9,101.8
2024-05-27 04:10:57.049,20.9,101.8
2024-05-27 04:11:23.827,20.9,101.8
2024-05-27 04:11:51.597,20.9,101.8
2024-05-27 04:12:19.143,21.0,101.8
2024-05-27 04:12:47.118,20.8,101.8
2024-05-27 04:13:13.843,20.9,101.8
2024-05-27 04:13:42.037,21.0,101.8
2024-05-27 04:14:08.767,20.9,101.8
2024-05-27 04:14:36.708,20.9,101.8
2024-05-27 04:15:04.705,20.9,101.8
2024-05-27 04:15:32.436,21.0,101.8
2024-05-27 04:15:59.028,21.0,101.8
2024-05-27 04:16:26.620,21.0,101.8
2024-05-27 04:16:53.787,20.8,101.8
2024-05-27 04:17:22.160,21.0,101.8
2024-05-27 04:17:50.050,21.0,101.8
2024-05-27 04:18:17.876,21.0,101.8
2024-05-27 04:18:45.894,21.0,101.8
2024-05-27 04:19:13.042,21.0,101.8
2024-05-27 04:19:40.818,21.0,101.8
2024-05-27 04:20:09.103,21.1,101.8
2024-05-27 04:20:36.179,21.1,101.8
2024-05-27 04:21:03.712,21.2,101.8
2024-05-27 04:21:32.094,21.0,101.8
2024-05-27 04:21:59.625,20.9,101.8
2024-05-27 04:22:27.378,20.9,101.8
2024-05-27 04:22:55.328,20.8,101.8
2024-05-27 04:23:23.379,21.0,101.8
2024-05-27 04:23:50.384,21.0,101.8
2024-05-27 04:24:18.113,20.9,101.8
2024-05-27 04:24:45.333,20.9,101.8
2024-05-27 04:25:13.042,20.9,101.8
2024-05-27 04:25:41.382,20.9,101.8
2024-05-27 04:26:08.970,21.0,101.8
2024-05-27 04:26:37.478,21.0,101.8
2024-05-27 04:27:05.386,21.1,101.8
2024-05-27 04:27:33.991,20.9,101.8
2024-05-27 04:28:02.240,20.9,101.8
2024-05-27 04:28:30.066,20.9,101.8
2024-05-27 04:28:56.934,20.9,101.8
2024-05-27 04:29:24.498,21.1,101.8
2024-05-27 04:29:52.702,21.1,101.8
2024-05-27 04:30:20.202,21.0,101.8
2024-05-27 04:30:47.779,21.0,101.8
2024-05-27 04:31:16.095,20.9,101.8
2024-05-27 04:31:43.241,20.9,101.8
2024-05-27 04:32:10.710,21.0,101.8
2024-05-27 04:32:37.822,21.0,101.8
2024-05-27 04:33:05.434,21.0,101.8
2024-05-27 04:33:33.276,21.0,101.8
2024-05-27 04:34:01.364,21.0,101.8
2024-05-27 04:34:29.012,20.9,101.8
2024-05-27 04:34:57.318,20.9,101.8
2024-05-27 04:35:24.783,21.0,101.8
2024-05-27 04:35:53.213,21.0,101.8
2024-05-27 04:36:18.848,20.9,101.8
2024-05-27 04:36:47.579,21.1,101.8
2024-05-27 04:37:13.984,20.8,101.8
2024-05-27 04:37:42.783,20.9,101.8
2024-05-27 04:38:10.385,21.0,101.8
2024-05-27 04:38:39.804,21.1,101.8
2024-05-27 04:39:06.529,21.1,101.8
2024-05-27 04:39:34.133,20.9,101.8
2024-05-27 04:40:01.917,20.9,101.8
2024-05-27 04:40:29.755,21.1,101.8
2024-05-27 04:40:57.719,21.0,101.8
2024-05-27 04:41:24.942,21.0,101.8
2024-05-27 04:41:51.980,21.0,101.8
2024-05-27 04:42:19.744,20.9,101.8
2024-05-27 04:42:47.635,21.0,101.8
2024-05-27 04:43:15.282,21.0,101.8
2024-05-27 04:43:42.518,20.9,101.8
2024-05-27 04:44:09.668,21.0,101.8
2024-05-27 04:44:36.667,21.1,101.8
2024-05-27 04:45:04.741,21.2,101.8
2024-05-27 04:45:31.375,21.1,101.8
2024-05-27 04:46:00.524,21.1,101.8
2024-05-27 04:46:28.637,21.1,101.8
2024-05-27 04:46:57.163,21.2,101.8
2024-05-27 04:47:24.037,21.0,101.8
2024-05-27 04:47:53.564,21.0,101.8
2024-05-27 04:48:20.380,21.1,101.8
2024-05-27 04:48:48.588,21.1,101.8
2024-05-27 04:49:17.490,21.0,101.8
2024-05-27 04:49:44.973,21.1,101.8
2024-05-27 04:50:12.951,21.1,101.8
2024-05-27 04:50:40.786,21.0,101.8
2024-05-27 04:51:09.585,21.0,101.8
2024-05-27 04:51:37.219,21.0,101.8
2024-05-27 04:52:05.369,21.2,101.8
2024-05-27 04:52:33.364,21.2,101.8
2024-05-27 04:53:01.797,21.1,101.8
2024-05-27 04:53:29.377,21.2,101.8
2024-05-27 04:53:57.516,21.1,101.8
2024-05-27 04:54:25.625,21.0,101.8
2024-05-27 04:54:53.323,21.1,101.8
2024-05-27 04:55:21.173,21.1,101.8
2024-05-27 04:55:48.038,21.1,101.8
2024-05-27 04:56:16.263,21.1,101.8
2024-05-27 04:56:44.121,21.1,101.8
2024-05-27 04:57:12.257,21.0,101.8
2024-05-27 04:57:39.204,21.1,101.8
2024-05-27 04:58:07.179,21.1,101.8
2024-05-27 04:58:33.595,21.2,101.8
2024-05-27 04:59:01.026,21.1,101.8
2024-05-27 04:59:29.847,21.2,101.8
2024-05-27 04:59:56.072,21.1,101.8
2024-05-27 05:00:23.781,21.1,101.8
2024-05-27 05:00:52.773,21.2,101.8
2024-05-27 05:01:19.042,21.2,101.8
2024-05-27 05:01:47.239,21.2,101.8
2024-05-27 05:02:14.974,21.1,101.8
2024-05-27 05:02:42.565,21.2,101.8
2024-05-27 05:03:10.607,21.2,101.8
2024-05-27 05:03:37.458,21.2,101.8
2024-05-27 05:04:07.133,21.1,101.8
2024-05-27 05:04:33.787,21.0,101.8
2024-05-27 05:05:01.548,21.1,101.8
2024-05-27 05:05:29.459,21.1,101.8
2024-05-27 05:05:57.697,21.1,101.8
2024-05-27 05:06:24.848,21.1,101.8
2024-05-27 05:06:53.383,21.2,101.8
2024-05-27 05:07:20.585,21.1,101.8
2024-05-27 05:07:49.438,21.2,101.8
2024-05-27 05:08:16.623,21.2,101.8
2024-05-27 05:08:44.302,21.1,101.8
2024-05-27 05:09:12.348,21.1,101.8
2024-05-27 05:09:40.409,21.1,101.8
2024-05-27 05:10:07.951,21.2,101.8
2024-05-27 05:10:36.086,21.2,101.8
2024-05-27 05:11:03.261,21.2,101.8
2024-05-27 05:11:32.302,21.0,101.8
2024-05-27 05:11:59.401,21.1,101.8
2024-05-27 05:12:27.413,21.1,101.8
2024-05-27 05:12:55.097,21.1,101.8
2024-05-27 05:13:24.270,21.1,101.8
2024-05-27 05:13:50.976,21.2,101.8
2024-05-27 05:14:18.459,21.1,101.8
2024-05-27 05:14:46.322,21.2,101.8
2024-05-27 05:15:14.181,21.0,101.8
2024-05-27 05:15:41.002,21.1,101.8
2024-05-27 05:16:08.849,21.1,101.8
2024-05-27 05:16:36.995,21.1,101.8
2024-05-27 05:17:05.499,21.3,101.8
2024-05-27 05:17:33.557,21.1,101.8
2024-05-27 05:18:02.102,21.1,101.8
2024-05-27 05:18:30.008,21.3,101.8
2024-05-27 05:18:58.096,21.1,101.8
2024-05-27 05:19:25.801,21.2,101.8
2024-05-27 05:19:53.439,21.1,101.8
2024-05-27 05:20:21.231,21.3,101.8
2024-05-27 05:20:48.962,21.2,101.8
2024-05-27 05:21:17.271,21.2,101.8
2024-05-27 05:21:44.617,21.2,101.8
2024-05-27 05:22:12.388,21.2,101.8
2024-05-27 05:22:39.827,21.2,101.8
2024-05-27 05:23:07.304,21.2,101.8
2024-05-27 05:23:34.745,21.4,101.8
2024-05-27 05:24:01.983,21.1,101.8
2024-05-27 05:24:29.872,21.2,101.8
2024-05-27 05:24:57.177,21.1,101.8
2024-05-27 05:25:24.866,21.3,101.8
2024-05-27 05:25:52.042,21.2,101.8
2024-05-27 05:26:19.857,21.3,101.8
2024-05-27 05:26:47.459,21.2,101.8
2024-05-27 05:27:14.617,21.3,101.8
2024-05-27 05:27:42.895,21.1,101.8
2024-05-27 05:28:11.017,21.2,101.8
2024-05-27 05:28:38.226,21.2,101.8
2024-05-27 05:29:05.322,21.4,101.8
2024-05-27 05:29:32.889,21.4,101.8
2024-05-27 05:30:00.876,21.1,101.8
2024-05-27 05:30:27.977,21.2,101.8
2024-05-27 05:30:55.765,21.3,101.8
2024-05-27 05:31:23.989,21.2,101.8
2024-05-27 05:31:51.746,21.2,101.8
2024-05-27 05:32:19.379,21.2,101.8
2024-05-27 05:32:47.532,21.2,101.8
2024-05-27 05:33:14.997,21.2,101.8
2024-05-27 05:33:44.262,21.3,101.8
2024-05-27 05:34:11.951,21.4,101.8
2024-05-27 05:34:39.904,21.2,101.8
2024-05-27 05:35:06.981,21.2,101.8
2024-05-27 05:35:33.421,21.2,101.8
2024-05-27 05:36:01.014,21.3,101.8
2024-05-27 05:36:28.872,21.3,101.8
2024-05-27 05:36:56.972,21.4,101.8
2024-05-27 05:37:24.467,21.3,101.8
2024-05-27 05:37:52.415,21.2,101.8
2024-05-27 05:38:20.466,21.4,101.8
2024-05-27 05:38:49.252,21.2,101.8
2024-05-27 05:39:17.047,21.2,101.8
2024-05-27 05:39:45.003,21.2,101.8
2024-05-27 05:40:12.735,21.3,101.8
2024-05-27 05:40:40.585,21.2,101.8
2024-05-27 05:41:08.367,21.3,101.8
2024-05-27 05:41:36.275,21.3,101.8
2024-05-27 05:42:04.091,21.3,101.8
2024-05-27 05:42:30.587,21.2,101.8
2024-05-27 05:42:58.832,21.3,101.8
2024-05-27 05:43:27.302,21.2,101.9
2024-05-27 05:43:54.512,21.4,101.9
2024-05-27 05:44:22.264,21.4,101.9
2024-05-27 05:44:49.818,21.4,101.9
2024-05-27 05:45:17.318,21.3,101.9
2024-05-27 05:45:44.999,21.3,101.9
2024-05-27 05:46:13.721,21.4,101.9
2024-05-27 05:46:40.840,21.4,101.9
2024-05-27 05:47:08.423,21.4,101.9
2024-05-27 05:47:35.820,21.5,101.9
2024-05-27 05:48:04.111,21.4,101.9
2024-05-27 05:48:30.522,21.3,101.9
2024-05-27 05:48:58.608,21.3,101.9
2024-05-27 05:49:26.023,21.3,101.9
2024-05-27 05:49:53.454,21.4,101.9
2024-05-27 05:50:19.786,21.5,101.9
2024-05-27 05:50:46.973,21.3,101.9
2024-05-27 05:51:15.872,21.3,101.9
2024-05-27 05:51:43.953,21.3,101.9
2024-05-27 05:52:10.768,21.4,101.9
2024-05-27 05:52:39.025,21.3,101.9
2024-05-27 05:53:07.788,21.5,101.9
2024-05-27 05:53:36.313,21.3,101.9
2024-05-27 05:54:04.227,21.4,101.9
2024-05-27 05:54:32.272,21.4,101.9
2024-05-27 05:55:00.862,21.4,101.9
2024-05-27 05:55:29.249,21.5,101.9
2024-05-27 05:55:55.963,21.4,101.9
2024-05-27 05:56:24.079,21.5,101.9
2024-05-27 05:56:50.925,21.4,101.9
2024-05-27 05:57:17.830,21.4,101.9
2024-05-27 05:57:46.612,21.4,101.9
2024-05-27 05:58:13.725,21.5,101.9
2024-05-27 05:58:40.286,21.5,101.9
2024-05-27 05:59:07.025,21.5,101.9
2024-05-27 05:59:33.845,21.5,101.9
2024-05-27 06:00:01.308,21.5,101.9
2024-05-27 06:00:29.167,21.4,101.9
2024-05-27 06:00:56.429,21.5,101.9
2024-05-27 06:01:24.187,21.3,101.9
2024-05-27 06:01:52.011,21.3,101.9
2024-05-27 06:02:18.278,21.5,101.9
2024-05-27 06:02:46.437,21.6,101.9
2024-05-27 06:03:14.756,21.4,101.9
2024-05-27 06:03:42.199,21.4,101.9
2024-05-27 06:04:09.784,21.4,101.9
2024-05-27 06:04:36.663,21.4,101.9
2024-05-27 06:05:04.578,21.4,101.9
2024-05-27 06:05:32.751,21.6,101.9
2024-05-27 06:06:00.240,21.4,101.9
2024-05-27 06:06:27.639,21.6,101.9
2024-05-27 06:06:55.028,21.5,101.9
2024-05-27 06:07:23.453,21.4,101.9
2024-05-27 06:07:51.431,21.5,101.9
2024-05-27 06:08:18.701,21.4,101.9
2024-05-27 06:08:45.727,21.6,101.9
2024-05-27 06:09:12.951,21.5,101.9
2024-05-27 06:09:40.698,21.5,101.9
2024-05-27 06:10:08.962,21.5,101.9
2024-05-27 06:10:36.536,21.6,101.9
2024-05-27 06:11:04.292,21.5,101.9
2024-05-27 06:11:32.325,21.5,101.9
2024-05-27 06:11:59.009,21.6,101.9
2024-05-27 06:12:26.721,21.6,101.9
2024-05-27 06:12:55.647,21.5,101.9
2024-05-27 06:13:23.636,21.6,101.9
2024-05-27 06:13:51.598,21.6,101.9
2024-05-27 06:14:19.688,21.6,101.9
2024-05-27 06:14:47.475,21.5,101.9
2024-05-27 06:15:15.397,21.7,101.9
2024-05-27 06:15:43.508,21.7,101.9
2024-05-27 06:16:11.611,21.7,101.9
2024-05-27 06:16:39.169,21.7,101.9
2024-05-27 06:17:07.617,21.5,101.9
2024-05-27 06:17:35.206,21.6,101.9
2024-05-27 06:18:02.752,21.7,101.9
2024-05-27 06:18:30.195,21.6,101.9
2024-05-27 06:18:57.659,21.8,101.9
2024-05-27 06:19:24.280,21.6,101.9
2024-05-27 06:19:51.542,21.5,101.9
2024-05-27 06:20:19.330,21.5,101.9
2024-05-27 06:20:47.462,21.6,101.9
2024-05-27 06:21:16.020,21.6,101.9
2024-05-27 06:21:43.952,21.7,101.9
2024-05-27 06:22:12.601,21.8,101.9
2024-05-27 06:22:40.233,21.8,101.9
2024-05-27 06:23:06.677,21.7,101.9
2024-05-27 06:23:35.054,21.6,101.9
2024-05-27 06:24:01.949,21.7,101.9
2024-05-27 06:24:28.485,21.8,101.9
2024-05-27 06:24:57.567,21.7,101.9
2024-05-27 06:25:25.404,21.7,101.9
2024-05-27 06:25:53.771,21.7,101.9
2024-05-27 06:26:21.023,21.6,101.9
2024-05-27 06:26:49.038,21.6,101.9
2024-05-27 06:27:17.498,21.7,101.9
2024-05-27 06:27:45.384,21.8,101.9
2024-05-27 06:28:13.318,21.8,101.9
2024-05-27 06:28:41.567,21.8,101.9
2024-05-27 06:29:08.287,21.9,101.9
2024-05-27 06:29:34.942,21.8,101.9
2024-05-27 06:30:00.717,21.8,101.9
2024-05-27 06:30:28.057,21.7,101.9
2024-05-27 06:30:54.988,21.8,101.9
2024-05-27 06:31:22.935,21.8,101.9
2024-05-27 06:31:49.415,21.7,101.9
2024-05-27 06:32:17.218,21.7,101.9
2024-05-27 06:32:44.536,21.7,101.9
2024-05-27 06:33:12.482,21.8,101.9
2024-05-27 06:33:40.049,21.9,101.9
2024-05-27 06:34:07.688,21.9,101.9
2024-05-27 06:34:34.349,21.9,101.9
2024-05-27 06:35:01.701,21.8,101.9
2024-05-27 06:35:29.437,21.7,101.9
2024-05-27 06:35:57.202,21.9,101.9
2024-05-27 06:36:23.836,21.9,101.9
2024-05-27 06:36:50.804,21.8,101.9
2024-05-27 06:37:17.470,22.0,101.9
2024-05-27 06:37:45.485,21.9,101.9
2024-05-27 06:38:12.939,22.0,101.9
2024-05-27 06:38:39.863,21.9,101.9
2024-05-27 06:39:07.595,22.0,101.9
2024-05-27 06:39:34.924,22.0,101.9
2024-05-27 06:40:02.607,21.9,101.9
2024-05-27 06:40:29.591,22.0,101.9
2024-05-27 06:40:57.572,21.9,101.9
2024-05-27 06:41:25.385,21.9,101.9
2024-05-27 06:41:52.903,21.9,101.9
2024-05-27 06:42:20.078,21.9,101.9
2024-05-27 06:42:48.077,22.0,101.9
2024-05-27 06:43:15.322,22.0,101.9
2024-05-27 06:43:42.753,22.0,101.9
2024-05-27 06:44:09.979,22.0,101.9
2024-05-27 06:44:36.879,22.0,101.9
2024-05-27 06:45:03.964,22.1,101.9
2024-05-27 06:45:32.159,22.0,101.9
2024-05-27 06:45:59.186,22.0,101.9
2024-05-27 06:46:26.635,22.0,101.9
2024-05-27 06:46:54.619,21.9,101.9
2024-05-27 06:47:23.215,21.9,101.9
2024-05-27 06:47:51.143,22.1,101.9
2024-05-27 06:48:18.023,22.1,101.9
2024-05-27 06:48:45.368,22.0,101.9
2024-05-27 06:49:13.237,22.1,101.9
2024-05-27 06:49:40.149,21.9,101.9
2024-05-27 06:50:08.373,22.0,101.9
2024-05-27 06:50:35.806,22.0,101.9
2024-05-27 06:51:03.369,22.0,101.9
2024-05-27 06:51:31.029,22.0,101.9
2024-05-27 06:51:58.627,22.2,101.9
2024-05-27 06:52:26.373,22.1,101.9
2024-05-27 06:52:54.878,22.1,101.9
2024-05-27 06:53:22.472,22.0,101.9
2024-05-27 06:53:50.140,22.1,101.9
2024-05-27 06:54:17.956,22.1,101.9
2024-05-27 06:54:45.007,22.0,101.9
2024-05-27 06:55:12.218,22.0,101.9
2024-05-27 06:55:40.208,21.9,101.9
2024-05-27 06:56:07.504,22.1,101.9
2024-05-27 06:56:33.613,22.0,101.9
2024-05-27 06:57:01.708,22.0,101.9
2024-05-27 06:57:27.961,22.2,101.9
2024-05-27 06:57:55.483,22.1,101.9
2024-05-27 06:58:22.928,22.1,101.9
2024-05-27 06:58:50.121,22.1,101.9
2024-05-27 06:59:17.371,22.0,101.9
2024-05-27 06:59:43.827,22.1,101.9
2024-05-27 07:00:11.534,22.1,101.9
2024-05-27 07:00:39.198,22.2,101.9
2024-05-27 07:01:06.447,22.0,101.9
2024-05-27 07:01:33.487,22.1,101.9
2024-05-27 07:02:01.309,22.2,101.9
2024-05-27 07:02:29.083,22.1,101.9
2024-05-27 07:02:56.341,22.2,101.9
2024-05-27 07:03:24.064,22.2,101.9
2024-05-27 07:03:51.996,22.3,101.9
2024-05-27 07:04:20.249,22.1,101.9
2024-05-27 07:04:47.734,22.0,101.9
2024-05-27 07:05:15.488,22.1,101.9
2024-05-27 07:05:42.533,22.0,101.9
2024-05-27 07:06:10.170,22.1,101.9
2024-05-27 07:06:37.577,22.2,101.9
2024-05-27 07:07:04.343,22.1,101.9
2024-05-27 07:07:32.430,22.1,101.9
2024-05-27 07:07:59.820,22.2,101.9
2024-05-27 07:08:26.157,22.2,101.9
2024-05-27 07:08:53.780,22.1,101.9
2024-05-27 07:09:21.963,22.3,101.9
2024-05-27 07:09:48.086,22.3,101.9
2024-05-27 07:10:16.038,22.2,101.9
2024-05-27 07:10:42.879,22.4,101.9
2024-05-27 07:11:10.163,22.2,101.9
2024-05-27 07:11:37.150,22.4,101.9
2024-05-27 07:12:02.748,22.4,101.9
2024-05-27 07:12:30.139,22.3,101.9
2024-05-27 07:12:57.414,22.3,101.9
2024-05-27 07:13:24.077,22.3,101.9
2024-05-27 07:13:51.363,22.4,101.9
2024-05-27 07:14:18.621,22.3,101.9
2024-05-27 07:14:45.655,22.3,101.9
2024-05-27 07:15:13.696,22.3,101.9
2024-05-27 07:15:41.777,22.3,101.9
2024-05-27 07:16:09.597,22.4,101.9
2024-05-27 07:16:36.967,22.4,101.9
2024-05-27 07:17:04.300,22.5,101.9
2024-05-27 07:17:32.441,22.4,101.9
2024-05-27 07:17:59.599,22.4,101.9
2024-05-27 07:18:26.840,22.4,101.9
2024-05-27 07:18:54.882,22.5,101.9
2024-05-27 07:19:22.151,22.4,101.9
2024-05-27 07:19:50.182,22.5,101.9
2024-05-27 07:20:17.476,22.4,101.9
2024-05-27 07:20:44.830,22.4,101.9
2024-05-27 07:21:12.764,22.3,101.9
2024-05-27 07:21:39.091,22.4,101.9
2024-05-27 07:22:06.698,22.3,101.9
2024-05-27 07:22:33.905,22.4,101.9
2024-05-27 07:23:02.610,22.6,101.9
2024-05-27 07:23:28.445,22.4,101.9
2024-05-27 07:23:55.880,22.5,101.9
2024-05-27 07:24:21.299,22.5,101.9
2024-05-27 07:24:49.155,22.6,101.9
2024-05-27 07:25:16.065,22.6,101.9
2024-05-27 07:25:43.428,22.4,101.9
2024-05-27 07:26:10.814,22.5,101.9
2024-05-27 07:26:39.123,22.5,101.9
2024-05-27 07:27:05.755,22.4,101.9
2024-05-27 07:27:34.002,22.4,101.9
2024-05-27 07:28:01.337,22.6,101.9
2024-05-27 07:28:28.879,22.6,101.9
2024-05-27 07:28:57.388,22.6,101.9
2024-05-27 07:29:25.081,22.4,101.9
2024-05-27 07:29:52.668,22.5,101.9
2024-05-27 07:30:19.433,22.7,101.9
2024-05-27 07:30:45.934,22.6,101.9
2024-05-27 07:31:12.227,22.6,101.9
2024-05-27 07:31:39.799,22.5,101.9
2024-05-27 07:32:06.595,22.7,101.9
2024-05-27 07:32:34.144,22.8,101.9
2024-05-27 07:33:00.218,22.7,101.9
2024-05-27 07:33:27.914,22.9,101.9
2024-05-27 07:33:55.219,22.7,101.9
2024-05-27 07:34:22.156,22.6,101.9
2024-05-27 07:34:49.338,22.8,101.9
2024-05-27 07:35:17.261,22.9,101.9
2024-05-27 07:35:44.703,22.9,101.9
2024-05-27 07:36:11.448,23.0,101.9
2024-05-27 07:36:39.145,22.8,101.9
2024-05-27 07:37:06.198,23.0,101.9
2024-05-27 07:37:33.444,23.0,101.9
2024-05-27 07:38:02.092,22.9,101.9
2024-05-27 07:38:30.031,23.1,101.9
2024-05-27 07:38:56.921,23.0,101.9
2024-05-27 07:39:24.379,23.1,101.9
2024-05-27 07:39:51.385,23.1,101.9
2024-05-27 07:40:19.199,23.1,101.9
2024-05-27 07:40:45.626,23.2,101.9
2024-05-27 07:41:11.714,23.5,101.9
2024-05-27 07:41:38.306,23.4,101.9
2024-05-27 07:42:04.985,23.4,101.9
2024-05-27 07:42:32.740,23.4,101.9
2024-05-27 07:43:00.296,23.4,101.9
2024-05-27 07:43:27.299,23.4,101.9
2024-05-27 07:43:54.707,23.6,101.9
2024-05-27 07:44:21.750,23.7,101.9
2024-05-27 07:44:49.703,23.6,101.9
2024-05-27 07:45:17.098,23.6,101.9
2024-05-27 07:45:42.606,23.9,101.9
2024-05-27 07:46:09.009,23.8,101.9
2024-05-27 07:46:35.842,23.9,101.9
2024-05-27 07:47:01.828,23.9,101.9
2024-05-27 07:47:28.839,24.0,101.9
2024-05-27 07:47:55.347,24.0,101.9
2024-05-27 07:48:21.999,24.0,101.9
2024-05-27 07:48:50.347,24.0,101.9
2024-05-27 07:49:17.006,23.9,101.9
2024-05-27 07:49:43.684,23.9,101.9
2024-05-27 07:50:10.696,24.0,101.9
2024-05-27 07:50:38.947,24.1,101.9
2024-05-27 07:51:05.592,24.1,101.9
2024-05-27 07:51:33.392,24.2,101.9
2024-05-27 07:52:00.120,24.3,101.9
2024-05-27 07:52:26.520,24.4,101.9
2024-05-27 07:52:52.635,24.4,101.9
2024-05-27 07:53:19.733,24.4,101.9
2024-05-27 07:53:47.017,24.4,101.9
2024-05-27 07:54:13.219,24.5,101.9
2024-05-27 07:54:40.254,24.5,101.9
2024-05-27 07:55:07.674,24.6,101.9
2024-05-27 07:55:33.450,24.6,101.9
2024-05-27 07:56:00.368,24.6,101.9
2024-05-27 07:56:27.114,24.9,101.9
2024-05-27 07:56:53.603,24.7,101.9
2024-05-27 07:57:20.083,24.7,101.9
2024-05-27 07:57:47.869,24.8,101.9
2024-05-27 07:58:13.249,24.7,101.9
2024-05-27 07:58:39.934,24.7,101.9
2024-05-27 07:59:07.273,24.6,101.9
2024-05-27 07:59:34.564,24.8,101.9
2024-05-27 08:00:02.022,24.7,101.9
2024-05-27 08:00:29.443,24.8,101.9
2024-05-27 08:00:56.282,24.9,101.9
2024-05-27 08:01:22.181,24.9,101.9
2024-05-27 08:01:49.365,24.8,101.9
2024-05-27 08:02:15.149,24.8,101.9
2024-05-27 08:02:42.553,25.0,101.9
2024-05-27 08:03:07.929,25.0,101.9
2024-05-27 08:03:34.029,25.0,101.9
2024-05-27 08:04:01.082,25.0,101.9
2024-05-27 08:04:25.992,25.2,101.9
2024-05-27 08:04:53.011,25.1,101.9
2024-05-27 08:05:20.100,25.2,101.9
2024-05-27 08:05:47.206,25.3,101.9
2024-05-27 08:06:14.598,25.2,101.9
2024-05-27 08:06:41.629,25.2,101.9
2024-05-27 08:07:08.274,25.0,101.9
2024-05-27 08:07:35.595,24.9,101.9
2024-05-27 08:08:01.502,24.8,101.9
2024-05-27 08:08:28.400,25.1,101.9
2024-05-27 08:08:55.401,25.1,101.9
2024-05-27 08:09:22.604,25.1,101.9
2024-05-27 08:09:50.132,25.0,101.9
2024-05-27 08:10:16.846,25.0,101.9
2024-05-27 08:10:44.613,25.1,101.9
2024-05-27 08:11:12.139,24.9,101.9
2024-05-27 08:11:38.196,25.0,101.9
2024-05-27 08:12:04.879,24.8,101.9
2024-05-27 08:12:32.828,25.0,101.9
2024-05-27 08:13:00.780,25.1,101.9
2024-05-27 08:13:28.678,25.0,101.9
2024-05-27 08:13:55.193,25.0,101.9
2024-05-27 08:14:22.486,24.9,101.9
2024-05-27 08:14:49.517,25.0,101.9
2024-05-27 08:15:15.731,24.8,101.9
2024-05-27 08:15:42.859,24.8,101.9
2024-05-27 08:16:10.139,24.8,101.9
2024-05-27 08:16:37.170,24.6,101.9
2024-05-27 08:17:04.305,24.8,101.9
2024-05-27 08:17:30.729,24.8,101.9
2024-05-27 08:17:57.316,24.8,101.9
2024-05-27 08:18:24.696,24.8,101.9
2024-05-27 08:18:51.972,24.9,101.9
2024-05-27 08:19:19.035,25.0,101.9
2024-05-27 08:19:46.172,24.9,101.9
2024-05-27 08:20:12.109,25.0,101.9
2024-05-27 08:20:39.360,25.1,101.9
2024-05-27 08:21:05.669,25.1,101.9
2024-05-27 08:21:32.426,24.9,101.9
2024-05-27 08:21:59.862,25.0,101.9
2024-05-27 08:22:27.206,25.1,101.9
2024-05-27 08:22:54.288,25.0,101.9
2024-05-27 08:23:20.811,24.9,101.9
2024-05-27 08:23:47.222,25.0,101.9
2024-05-27 08:24:13.653,25.0,101.9
2024-05-27 08:24:40.880,25.0,101.9
2024-05-27 08:25:08.052,25.0,101.9
2024-05-27 08:25:34.742,24.9,101.9
2024-05-27 08:26:02.287,25.1,101.9
2024-05-27 08:26:29.284,24.9,101.9
2024-05-27 08:26:56.922,24.9,101.9
2024-05-27 08:27:23.914,24.9,101.9
2024-05-27 08:27:50.518,24.9,101.9
2024-05-27 08:28:19.446,25.0,101.9
2024-05-27 08:28:47.120,25.0,101.9
2024-05-27 08:29:13.875,24.7,101.9
2024-05-27 08:29:40.943,24.7,101.9
2024-05-27 08:30:08.483,24.8,101.9
2024-05-27 08:30:35.201,24.9,101.9
2024-05-27 08:31:03.006,24.9,101.9
2024-05-27 08:31:30.511,24.9,101.9
2024-05-27 08:31:58.106,24.9,101.9
2024-05-27 08:32:25.274,24.9,101.9
2024-05-27 08:32:52.313,24.9,101.9
2024-05-27 08:33:19.015,24.9,101.9
2024-05-27 08:33:45.986,25.0,101.9
2024-05-27 08:34:12.709,25.1,101.9
2024-05-27 08:34:39.354,25.0,101.9
2024-05-27 08:35:07.212,24.8,101.9
2024-05-27 08:35:34.165,24.8,101.9
2024-05-27 08:36:01.075,25.0,101.9
2024-05-27 08:36:28.033,25.0,101.9
2024-05-27 08:36:55.346,25.0,101.9
2024-05-27 08:37:19.858,25.0,101.9
2024-05-27 08:37:50.314,25.2,101.9
2024-05-27 08:38:16.669,24.9,101.9
2024-05-27 08:38:44.242,25.0,101.9
2024-05-27 08:39:11.220,24.8,101.9
2024-05-27 08:39:38.389,24.9,101.9
2024-05-27 08:40:04.823,24.8,101.9
2024-05-27 08:40:31.654,24.9,101.9
2024-05-27 08:40:58.633,24.8,101.9
2024-05-27 08:41:25.644,24.8,101.9
2024-05-27 08:41:53.253,24.7,101.9
2024-05-27 08:42:20.015,24.6,101.9
2024-05-27 08:42:47.524,24.9,101.9
2024-05-27 08:43:14.303,24.9,101.9
2024-05-27 08:43:41.473,24.9,101.9
2024-05-27 08:44:08.803,25.2,101.9
2024-05-27 08:44:35.702,25.0,101.9
2024-05-27 08:45:02.662,24.9,101.9
2024-05-27 08:45:29.675,25.0,101.9
2024-05-27 08:45:56.470,24.8,101.9
2024-05-27 08:46:24.189,24.8,101.9
2024-05-27 08:46:50.977,24.9,101.9
2024-05-27 08:47:18.139,24.8,101.9
2024-05-27 08:47:45.241,24.7,101.9
2024-05-27 08:48:11.781,24.9,101.9
2024-05-27 08:48:39.084,25.0,101.9
2024-05-27 08:49:05.793,24.8,101.9
2024-05-27 08:49:32.798,24.8,101.9
2024-05-27 08:49:59.669,24.7,101.9
2024-05-27 08:50:26.828,24.8,101.9
2024-05-27 08:50:53.776,24.7,101.9
2024-05-27 08:51:21.024,24.6,101.9
2024-05-27 08:51:48.323,24.7,101.9
2024-05-27 08:52:15.197,24.6,101.9
2024-05-27 08:52:42.449,24.5,101.9
2024-05-27 08:53:09.001,24.5,101.9
2024-05-27 08:53:36.188,24.5,101.9
2024-05-27 08:54:03.439,24.4,101.9
2024-05-27 08:54:30.052,24.5,101.9
2024-05-27 08:54:57.094,24.6,101.9
2024-05-27 08:55:23.987,24.5,101.9
2024-05-27 08:55:51.011,24.5,101.9
2024-05-27 08:56:18.041,24.5,101.9
2024-05-27 08:56:45.249,24.4,101.9
2024-05-27 08:57:12.253,24.4,101.9
2024-05-27 08:57:39.195,24.4,101.9
2024-05-27 08:58:06.130,24.4,101.9
2024-05-27 08:58:33.196,24.5,101.9
2024-05-27 08:59:00.242,24.5,101.9
2024-05-27 08:59:27.594,24.4,101.9
2024-05-27 08:59:54.263,24.4,101.9
2024-05-27 09:00:21.907,24.4,101.9
2024-05-27 09:00:48.490,24.5,101.9
2024-05-27 09:01:15.799,24.6,101.9
2024-05-27 09:01:42.638,24.4,101.9
2024-05-27 09:02:09.611,24.5,101.9
2024-05-27 09:02:37.033,24.4,101.9
2024-05-27 09:03:03.673,24.5,101.9
2024-05-27 09:03:31.163,24.6,101.9
2024-05-27 09:03:57.935,24.6,101.9
2024-05-27 09:04:25.516,24.5,101.9
2024-05-27 09:04:52.467,24.6,101.9
2024-05-27 09:05:19.423,24.6,101.9
2024-05-27 09:05:46.353,24.7,101.9
2024-05-27 09:06:13.311,24.5,101.9
2024-05-27 09:06:40.863,24.5,101.9
2024-05-27 09:07:07.993,24.4,101.9
2024-05-27 09:07:34.927,24.6,101.9
2024-05-27 09:08:01.715,24.6,101.9
2024-05-27 09:08:28.808,24.5,101.9
2024-05-27 09:08:56.689,24.5,101.9
2024-05-27 09:09:23.491,24.4,101.9
2024-05-27 09:09:50.918,24.5,101.9
2024-05-27 09:10:17.413,24.5,101.9
2024-05-27 09:10:45.078,24.4,101.9
2024-05-27 09:11:11.762,24.5,101.9
2024-05-27 09:11:38.784,24.3,101.9
2024-05-27 09:12:06.203,24.4,101.9
2024-05-27 09:12:33.580,24.4,101.9
2024-05-27 09:13:00.746,24.4,101.9
2024-05-27 09:13:27.785,24.5,101.9
2024-05-27 09:13:55.273,24.3,101.9
2024-05-27 09:14:22.085,24.3,101.9
2024-05-27 09:14:49.202,24.3,101.9
2024-05-27 09:15:16.960,24.4,101.9
2024-05-27 09:15:44.032,24.3,101.9
2024-05-27 09:16:11.258,24.3,101.9
2024-05-27 09:16:38.338,24.3,101.9
2024-05-27 09:17:06.106,24.4,101.9
2024-05-27 09:17:33.092,24.3,101.9
2024-05-27 09:18:00.536,24.4,101.9
2024-05-27 09:18:27.743,24.3,101.9
2024-05-27 09:18:55.121,24.2,101.9
2024-05-27 09:19:22.121,24.2,101.9
2024-05-27 09:19:49.465,24.2,101.9
2024-05-27 09:20:16.662,24.2,101.9
2024-05-27 09:20:43.804,24.1,101.9
2024-05-27 09:21:11.088,24.2,101.9
2024-05-27 09:21:38.186,24.2,101.9
2024-05-27 09:22:05.337,24.2,101.9
2024-05-27 09:22:32.115,24.1,101.9
2024-05-27 09:22:59.189,24.1,101.9
2024-05-27 09:23:26.124,24.1,101.9
2024-05-27 09:23:53.822,23.9,101.9
2024-05-27 09:24:20.999,24.0,101.9
2024-05-27 09:24:47.869,24.0,101.9
2024-05-27 09:25:14.798,24.0,101.9
2024-05-27 09:25:42.275,23.9,101.9
2024-05-27 09:26:09.094,23.9,101.9
2024-05-27 09:26:36.617,24.1,101.9
2024-05-27 09:27:03.842,24.0,101.9
2024-05-27 09:27:31.139,24.1,101.9
2024-05-27 09:27:57.668,24.0,101.9
2024-05-27 09:28:24.912,24.0,101.9
2024-05-27 09:28:52.311,23.9,101.9
2024-05-27 09:29:19.730,23.9,101.9
2024-05-27 09:29:46.556,24.0,101.9
2024-05-27 09:30:14.234,23.9,101.9
2024-05-27 09:30:41.713,23.8,101.9
2024-05-27 09:31:09.433,23.8,101.9
2024-05-27 09:31:36.498,23.9,101.9
2024-05-27 09:32:03.885,23.9,101.9
2024-05-27 09:32:30.866,23.9,101.9
2024-05-27 09:32:58.016,23.9,101.9
2024-05-27 09:33:25.835,23.8,101.9
2024-05-27 09:33:52.677,23.8,101.9
2024-05-27 09:34:20.134,23.6,101.9
2024-05-27 09:34:47.366,23.8,101.9
2024-05-27 09:35:15.195,23.7,101.9
2024-05-27 09:35:42.126,23.6,101.9
2024-05-27 09:36:09.200,23.6,101.9
2024-05-27 09:36:36.162,23.6,101.9
2024-05-27 09:37:03.875,23.7,101.9
2024-05-27 09:37:31.161,23.7,101.9
2024-05-27 09:37:58.265,23.7,101.9
2024-05-27 09:38:25.403,23.7,101.9
2024-05-27 09:38:52.883,23.6,101.9
2024-05-27 09:39:19.925,23.5,101.9
2024-05-27 09:39:47.512,23.6,101.9
2024-05-27 09:40:15.441,23.6,101.9
2024-05-27 09:40:42.547,23.5,101.9
2024-05-27 09:41:10.498,23.4,101.9
2024-05-27 09:41:37.521,23.4,101.9
2024-05-27 09:42:05.179,23.6,101.9
2024-05-27 09:42:31.769,23.4,101.9
2024-05-27 09:42:58.890,23.4,101.9
2024-05-27 09:43:26.564,23.6,101.9
2024-05-27 09:43:54.209,23.6,101.9
2024-05-27 09:44:21.254,23.4,101.9
2024-05-27 09:44:48.599,23.5,101.9
2024-05-27 09:45:16.272,23.4,101.9
2024-05-27 09:45:43.010,23.4,101.9
2024-05-27 09:46:10.148,23.5,101.9
2024-05-27 09:46:37.186,23.4,101.9
2024-05-27 09:47:04.998,23.2,101.9
2024-05-27 09:47:31.772,23.4,101.9
2024-05-27 09:47:59.229,23.5,101.9
2024-05-27 09:48:26.247,23.4,101.9
2024-05-27 09:48:53.349,23.4,101.9
2024-05-27 09:49:20.105,23.3,101.9
