Time,Temperature (C),Pressure (kPa)
2026-04-02 13:57:53.404,21.6,101.2
2026-04-02 13:58:00.461,21.6,101.2
2026-04-02 13:58:06.544,21.6,101.2
2026-04-02 13:58:12.899,21.6,101.2
2026-04-02 13:58:18.201,21.6,101.2
2026-04-02 13:58:24.249,21.6,101.2
2026-04-02 13:58:30.073,21.6,101.2
2026-04-02 13:58:35.644,21.6,101.2
2026-04-02 13:58:40.225,21.6,101.2
2026-04-02 13:58:43.817,21.6,101.2
2026-04-02 13:58:47.356,21.6,101.2
2026-04-02 13:58:50.703,21.6,101.2
2026-04-02 13:58:54.056,21.6,101.2
2026-04-02 13:58:57.551,21.6,101.2
2026-04-02 13:59:00.956,21.6,101.2
2026-04-02 13:59:04.248,21.6,101.2
2026-04-02 13:59:07.608,21.6,101.2
2026-04-02 13:59:10.874,21.6,101.2
2026-04-02 13:59:14.285,21.6,101.2
2026-04-02 13:59:17.514,21.6,101.2
2026-04-02 13:59:20.397,21.6,101.2
2026-04-02 13:59:22.712,21.6,101.2
2026-04-02 13:59:25.034,21.6,101.2
2026-04-02 13:59:27.817,21.6,101.2
2026-04-02 13:59:30.988,21.6,101.2
2026-04-02 13:59:34.099,21.6,101.2
2026-04-02 13:59:37.535,21.6,101.2
2026-04-02 13:59:40.764,21.6,101.2
2026-04-02 13:59:44.068,21.6,101.2
2026-04-02 13:59:47.559,21.6,101.2
2026-04-02 13:59:50.521,21.6,101.2
2026-04-02 13:59:54.010,21.6,101.2
2026-04-02 13:59:57.042,21.6,101.2
2026-04-02 14:00:00.110,21.6,101.2
2026-04-02 14:00:03.455,21.6,101.2
2026-04-02 14:00:06.674,21.6,101.2
2026-04-02 14:00:10.049,21.6,101.2
2026-04-02 14:00:13.571,21.6,101.2
2026-04-02 14:00:16.914,21.6,101.2
2026-04-02 14:00:20.264,21.6,101.2
2026-04-02 14:00:23.614,21.6,101.2
2026-04-02 14:00:26.113,21.6,101.2
2026-04-02 14:00:29.494,21.6,101.2
2026-04-02 14:00:32.409,21.6,101.2
2026-04-02 14:00:35.617,21.6,101.2
2026-04-02 14:00:39.431,21.6,101.2
2026-04-02 14:00:42.759,21.7,101.2
2026-04-02 14:00:46.551,21.6,101.2
2026-04-02 14:00:50.065,21.6,101.2
2026-04-02 14:00:53.799,21.6,101.2
2026-04-02 14:00:57.252,21.7,101.2
2026-04-02 14:01:00.457,21.6,101.2
2026-04-02 14:01:04.165,21.6,101.2
2026-04-02 14:01:07.981,21.7,101.2
2026-04-02 14:01:11.520,21.7,101.2
2026-04-02 14:01:14.647,21.7,101.2
2026-04-02 14:01:17.740,21.7,101.2
2026-04-02 14:01:21.201,21.7,101.2
2026-04-02 14:01:24.579,21.7,101.2
2026-04-02 14:01:28.046,21.7,101.2
2026-04-02 14:01:31.421,21.7,101.2
2026-04-02 14:01:34.500,21.7,101.2
2026-04-02 14:01:37.769,21.7,101.2
2026-04-02 14:01:41.107,21.7,101.2
2026-04-02 14:01:44.270,21.7,101.2
2026-04-02 14:01:47.452,21.7,101.2
2026-04-02 14:01:50.459,21.7,101.2
2026-04-02 14:01:53.847,21.7,101.2
2026-04-02 14:01:56.973,21.7,101.2
2026-04-02 14:02:00.168,21.7,101.2
2026-04-02 14:02:03.448,21.7,101.2
2026-04-02 14:02:06.199,21.7,101.2
2026-04-02 14:02:09.222,21.7,101.2
2026-04-02 14:02:12.547,21.7,101.2
2026-04-02 14:02:15.825,21.7,101.2
2026-04-02 14:02:19.808,21.7,101.2
2026-04-02 14:02:23.770,21.7,101.2
2026-04-02 14:02:28.091,21.7,101.2
2026-04-02 14:02:31.896,21.7,101.2
2026-04-02 14:02:35.630,21.7,101.2
2026-04-02 14:02:39.605,21.7,101.2
2026-04-02 14:02:42.926,21.7,101.2
2026-04-02 14:02:46.770,21.7,101.2
2026-04-02 14:02:50.460,21.7,101.2
2026-04-02 14:02:54.173,21.7,101.2
2026-04-02 14:02:57.967,21.7,101.2
2026-04-02 14:03:01.716,21.7,101.2
2026-04-02 14:03:05.417,21.7,101.2
2026-04-02 14:03:09.462,21.7,101.2
2026-04-02 14:03:13.281,21.7,101.2
2026-04-02 14:03:17.065,21.7,101.2
2026-04-02 14:03:21.053,21.7,101.2
2026-04-02 14:03:24.839,21.8,101.2
2026-04-02 14:03:28.858,21.8,101.2
2026-04-02 14:03:32.589,21.7,101.2
2026-04-02 14:03:36.332,21.7,101.2
2026-04-02 14:03:39.545,21.7,101.2
2026-04-02 14:03:43.342,21.7,101.2
2026-04-02 14:03:46.917,21.7,101.2
2026-04-02 14:03:50.876,21.7,101.2
2026-04-02 14:03:54.728,21.8,101.2
2026-04-02 14:03:58.157,21.7,101.2
2026-04-02 14:04:01.971,21.7,101.2
2026-04-02 14:04:05.080,21.7,101.2
2026-04-02 14:04:09.008,21.7,101.2
2026-04-02 14:04:12.588,21.7,101.2
2026-04-02 14:04:16.402,21.7,101.2
2026-04-02 14:04:19.914,21.7,101.2
2026-04-02 14:04:23.676,21.7,101.2
2026-04-02 14:04:27.500,21.7,101.2
2026-04-02 14:04:31.377,21.8,101.2
2026-04-02 14:04:35.184,21.8,101.2
2026-04-02 14:04:39.227,21.8,101.2
2026-04-02 14:04:42.867,21.8,101.2
2026-04-02 14:04:46.951,21.8,101.2
2026-04-02 14:04:50.829,21.8,101.2
2026-04-02 14:04:54.780,21.8,101.2
2026-04-02 14:04:58.512,21.8,101.2
2026-04-02 14:05:02.299,21.8,101.2
2026-04-02 14:05:05.912,21.8,101.2
2026-04-02 14:05:09.376,21.8,101.2
2026-04-02 14:05:13.185,21.8,101.2
2026-04-02 14:05:16.312,21.8,101.2
2026-04-02 14:05:19.796,21.8,101.2
2026-04-02 14:05:23.616,21.8,101.2
2026-04-02 14:05:27.506,21.8,101.2
2026-04-02 14:05:31.266,21.8,101.2
2026-04-02 14:05:35.159,21.8,101.2
2026-04-02 14:05:38.949,21.8,101.2
2026-04-02 14:05:42.675,21.8,101.2
2026-04-02 14:05:46.082,21.8,101.2
2026-04-02 14:05:49.899,21.8,101.2
2026-04-02 14:05:53.143,21.8,101.2
2026-04-02 14:05:56.449,21.8,101.2
2026-04-02 14:06:00.099,21.9,101.2
2026-04-02 14:06:03.775,21.9,101.2
2026-04-02 14:06:07.365,21.8,101.2
2026-04-02 14:06:10.927,21.8,101.2
2026-04-02 14:06:14.596,21.8,101.2
2026-04-02 14:06:18.065,21.8,101.2
2026-04-02 14:06:21.882,21.8,101.2
2026-04-02 14:06:25.271,21.8,101.2
2026-04-02 14:06:29.056,21.8,101.2
2026-04-02 14:06:32.691,21.8,101.2
2026-04-02 14:06:36.390,21.9,101.2
2026-04-02 14:06:39.992,21.8,101.2
2026-04-02 14:06:43.748,21.8,101.2
2026-04-02 14:06:47.411,21.8,101.2
2026-04-02 14:06:50.929,21.8,101.2
2026-04-02 14:06:54.657,21.8,101.2
2026-04-02 14:06:57.990,21.8,101.2
2026-04-02 14:07:01.794,21.8,101.2
2026-04-02 14:07:05.411,21.8,101.2
2026-04-02 14:07:09.205,21.8,101.2
2026-04-02 14:07:13.050,21.8,101.2
2026-04-02 14:07:16.696,21.9,101.2
2026-04-02 14:07:20.399,21.9,101.2
2026-04-02 14:07:24.183,21.8,101.2
2026-04-02 14:07:27.675,21.8,101.2
2026-04-02 14:07:31.266,21.9,101.2
2026-04-02 14:07:34.783,21.9,101.2
2026-04-02 14:07:38.595,21.9,101.2
2026-04-02 14:07:42.146,21.9,101.2
2026-04-02 14:07:45.857,21.9,101.2
2026-04-02 14:07:49.440,21.8,101.2
2026-04-02 14:07:53.061,21.9,101.2
2026-04-02 14:07:56.327,21.9,101.2
2026-04-02 14:08:00.008,21.9,101.2
2026-04-02 14:08:03.496,21.9,101.2
2026-04-02 14:08:06.834,21.9,101.2
2026-04-02 14:08:10.530,21.8,101.2
2026-04-02 14:08:14.156,21.9,101.2
2026-04-02 14:08:17.670,21.9,101.2
2026-04-02 14:08:21.227,21.9,101.2
2026-04-02 14:08:24.965,21.9,101.2
2026-04-02 14:08:28.391,21.9,101.2
2026-04-02 14:08:31.862,21.9,101.2
2026-04-02 14:08:35.250,21.9,101.2
2026-04-02 14:08:38.722,21.9,101.2
2026-04-02 14:08:41.962,21.9,101.2
2026-04-02 14:08:45.061,21.9,101.2
2026-04-02 14:08:48.339,21.9,101.2
2026-04-02 14:08:51.610,21.9,101.2
2026-04-02 14:08:54.966,21.9,101.2
2026-04-02 14:08:58.564,21.9,101.2
2026-04-02 14:09:02.037,21.9,101.2
2026-04-02 14:09:05.670,21.9,101.2
2026-04-02 14:09:09.187,21.9,101.2
2026-04-02 14:09:12.721,21.9,101.2
2026-04-02 14:09:16.152,21.9,101.2
2026-04-02 14:09:19.578,21.9,101.2
2026-04-02 14:09:22.722,21.9,101.2
2026-04-02 14:09:26.375,21.9,101.2
2026-04-02 14:09:29.927,21.9,101.2
2026-04-02 14:09:33.068,21.9,101.2
2026-04-02 14:09:36.539,21.9,101.2
2026-04-02 14:09:40.139,21.9,101.2
2026-04-02 14:09:43.593,21.9,101.2
2026-04-02 14:09:47.407,21.9,101.2
2026-04-02 14:09:50.753,21.9,101.2
2026-04-02 14:09:54.132,21.9,101.2
2026-04-02 14:09:57.395,21.9,101.2
2026-04-02 14:10:00.955,21.9,101.2
2026-04-02 14:10:04.354,21.9,101.2
2026-04-02 14:10:07.083,21.9,101.2
2026-04-02 14:10:10.734,21.9,101.2
2026-04-02 14:10:13.802,21.9,101.2
2026-04-02 14:10:17.151,21.9,101.2
2026-04-02 14:10:20.464,21.9,101.2
2026-04-02 14:10:23.954,21.9,101.2
2026-04-02 14:10:26.710,21.9,101.2
2026-04-02 14:10:29.976,21.9,101.2
2026-04-02 14:10:33.490,21.9,101.2
2026-04-02 14:10:37.015,21.9,101.2
2026-04-02 14:10:40.539,21.9,101.2
2026-04-02 14:10:44.002,21.9,101.2
2026-04-02 14:10:47.467,21.9,101.2
2026-04-02 14:10:51.070,21.9,101.2
2026-04-02 14:10:54.514,21.9,101.2
2026-04-02 14:10:57.969,22.0,101.2
2026-04-02 14:11:01.277,22.0,101.2
2026-04-02 14:11:04.819,21.9,101.2
2026-04-02 14:11:08.175,22.0,101.2
2026-04-02 14:11:11.466,22.0,101.2
2026-04-02 14:11:14.833,22.0,101.2
2026-04-02 14:11:18.441,22.0,101.2
2026-04-02 14:11:21.961,21.9,101.2
2026-04-02 14:11:25.115,22.0,101.2
2026-04-02 14:11:28.232,21.9,101.2
2026-04-02 14:11:31.548,22.0,101.2
2026-04-02 14:11:34.934,22.0,101.2
2026-04-02 14:11:38.544,22.0,101.2
2026-04-02 14:11:41.867,22.0,101.2
2026-04-02 14:11:44.984,22.0,101.2
2026-04-02 14:11:48.280,22.0,101.2
2026-04-02 14:11:51.421,22.0,101.2
2026-04-02 14:11:54.674,22.0,101.2
2026-04-02 14:11:57.992,22.0,101.2
2026-04-02 14:12:01.242,22.0,101.2
2026-04-02 14:12:04.757,22.0,101.2
2026-04-02 14:12:08.274,22.0,101.2
2026-04-02 14:12:11.771,22.0,101.2
2026-04-02 14:12:15.189,21.9,101.2
2026-04-02 14:12:18.711,22.0,101.2
2026-04-02 14:12:22.143,22.0,101.2
2026-04-02 14:12:25.783,22.0,101.2
2026-04-02 14:12:29.285,21.9,101.2
2026-04-02 14:12:32.785,22.0,101.2
2026-04-02 14:12:36.322,22.0,101.2
2026-04-02 14:12:39.894,22.0,101.2
2026-04-02 14:12:43.171,21.9,101.2
2026-04-02 14:12:46.680,22.0,101.2
2026-04-02 14:12:49.912,21.9,101.2
2026-04-02 14:12:53.159,21.9,101.2
2026-04-02 14:12:56.079,21.9,101.2
2026-04-02 14:12:59.480,21.9,101.2
2026-04-02 14:13:02.808,21.9,101.2
2026-04-02 14:13:06.085,21.9,101.2
2026-04-02 14:13:09.620,21.9,101.2
2026-04-02 14:13:13.111,22.0,101.2
2026-04-02 14:13:16.287,22.0,101.2
2026-04-02 14:13:19.484,22.0,101.2
2026-04-02 14:13:22.676,22.0,101.2
2026-04-02 14:13:25.863,21.9,101.2
2026-04-02 14:13:29.197,21.9,101.2
2026-04-02 14:13:31.897,22.0,101.2
2026-04-02 14:13:35.473,22.0,101.2
2026-04-02 14:13:38.632,22.0,101.2
2026-04-02 14:13:41.979,21.9,101.2
2026-04-02 14:13:45.106,21.9,101.2
2026-04-02 14:13:48.201,21.9,101.2
2026-04-02 14:13:51.451,21.9,101.2
2026-04-02 14:13:54.566,21.9,101.2
2026-04-02 14:13:57.869,22.0,101.2
2026-04-02 14:14:01.160,22.0,101.2
2026-04-02 14:14:04.557,22.0,101.2
2026-04-02 14:14:08.064,21.9,101.2
2026-04-02 14:14:11.556,22.0,101.2
2026-04-02 14:14:14.761,22.0,101.2
2026-04-02 14:14:17.863,22.0,101.2
2026-04-02 14:14:21.108,22.0,101.2
2026-04-02 14:14:24.483,22.0,101.2
2026-04-02 14:14:27.883,22.0,101.2
2026-04-02 14:14:31.479,22.0,101.2
2026-04-02 14:14:34.903,22.0,101.2
2026-04-02 14:14:38.487,22.0,101.2
2026-04-02 14:14:41.861,22.0,101.2
2026-04-02 14:14:45.210,22.0,101.2
2026-04-02 14:14:48.841,22.0,101.2
2026-04-02 14:14:52.364,22.0,101.2
2026-04-02 14:14:55.826,22.0,101.2
2026-04-02 14:14:59.413,22.0,101.2
2026-04-02 14:15:02.615,22.0,101.2
2026-04-02 14:15:05.873,22.0,101.2
2026-04-02 14:15:09.147,22.0,101.2
2026-04-02 14:15:12.415,22.0,101.2
2026-04-02 14:15:15.708,22.0,101.2
2026-04-02 14:15:19.375,22.0,101.2
2026-04-02 14:15:22.704,22.0,101.2
2026-04-02 14:15:26.081,22.0,101.2
2026-04-02 14:15:29.520,22.0,101.2
2026-04-02 14:15:33.064,22.0,101.2
2026-04-02 14:15:36.382,22.0,101.2
2026-04-02 14:15:39.721,22.0,101.2
2026-04-02 14:15:43.124,22.1,101.2
2026-04-02 14:15:46.493,22.1,101.2
2026-04-02 14:15:49.730,22.1,101.2
2026-04-02 14:15:52.877,22.0,101.2
2026-04-02 14:15:56.276,22.0,101.2
2026-04-02 14:15:59.486,22.0,101.2
2026-04-02 14:16:02.766,22.0,101.2
2026-04-02 14:16:05.812,22.0,101.2
2026-04-02 14:16:09.144,22.0,101.2
2026-04-02 14:16:12.369,22.0,101.2
2026-04-02 14:16:15.309,22.0,101.2
2026-04-02 14:16:18.620,22.0,101.2
2026-04-02 14:16:21.848,22.0,101.2
2026-04-02 14:16:25.085,22.0,101.2
2026-04-02 14:16:28.331,22.0,101.2
2026-04-02 14:16:31.438,22.0,101.2
2026-04-02 14:16:34.646,22.0,101.2
2026-04-02 14:16:37.851,22.0,101.2
2026-04-02 14:16:41.186,22.0,101.2
2026-04-02 14:16:44.117,22.0,101.2
2026-04-02 14:16:47.231,22.0,101.2
2026-04-02 14:16:50.631,22.0,101.2
2026-04-02 14:16:53.703,22.0,101.2
2026-04-02 14:16:56.966,22.0,101.2
2026-04-02 14:17:00.322,22.1,101.2
2026-04-02 14:17:03.489,22.0,101.2
2026-04-02 14:17:06.605,22.0,101.2
2026-04-02 14:17:09.958,22.0,101.2
2026-04-02 14:17:13.173,22.0,101.2
2026-04-02 14:17:15.726,22.0,101.2
2026-04-02 14:17:19.021,22.0,101.2
2026-04-02 14:17:22.566,22.0,101.2
2026-04-02 14:17:25.838,22.0,101.2
2026-04-02 14:17:29.050,22.0,101.2
2026-04-02 14:17:32.245,22.0,101.2
2026-04-02 14:17:35.480,22.0,101.2
2026-04-02 14:17:38.816,22.0,101.2
2026-04-02 14:17:42.258,22.1,101.2
2026-04-02 14:17:45.840,22.0,101.2
2026-04-02 14:17:49.212,22.0,101.2
2026-04-02 14:17:52.557,22.0,101.2
2026-04-02 14:17:56.102,22.0,101.2
2026-04-02 14:17:59.388,22.1,101.2
2026-04-02 14:18:02.603,22.1,101.2
2026-04-02 14:18:05.856,22.1,101.2
2026-04-02 14:18:08.958,22.0,101.2
2026-04-02 14:18:12.049,22.0,101.2
2026-04-02 14:18:15.314,22.0,101.2
2026-04-02 14:18:18.517,22.1,101.2
2026-04-02 14:18:21.882,22.0,101.2
2026-04-02 14:18:25.254,22.0,101.2
2026-04-02 14:18:28.181,22.1,101.2
2026-04-02 14:18:31.409,22.1,101.2
2026-04-02 14:18:34.705,22.1,101.2
2026-04-02 14:18:37.542,22.1,101.2
2026-04-02 14:18:40.853,22.1,101.2
2026-04-02 14:18:44.212,22.1,101.2
2026-04-02 14:18:47.543,22.1,101.2
2026-04-02 14:18:50.657,22.1,101.2
2026-04-02 14:18:53.900,22.1,101.2
2026-04-02 14:18:56.971,22.1,101.2
2026-04-02 14:19:00.173,22.1,101.2
2026-04-02 14:19:03.471,22.0,101.2
2026-04-02 14:19:06.673,22.1,101.2
2026-04-02 14:19:09.820,22.1,101.2
2026-04-02 14:19:13.203,22.1,101.2
2026-04-02 14:19:16.521,22.1,101.2
2026-04-02 14:19:20.034,22.1,101.2
2026-04-02 14:19:23.488,22.1,101.2
2026-04-02 14:19:26.696,22.1,101.2
2026-04-02 14:19:29.790,22.1,101.2
2026-04-02 14:19:33.059,22.1,101.2
2026-04-02 14:19:36.385,22.1,101.2
2026-04-02 14:19:39.587,22.0,101.2
2026-04-02 14:19:43.072,22.1,101.2
2026-04-02 14:19:46.605,22.1,101.2
2026-04-02 14:19:49.778,22.1,101.2
2026-04-02 14:19:53.026,22.1,101.2
2026-04-02 14:19:56.371,22.0,101.2
2026-04-02 14:19:59.563,22.0,101.2
2026-04-02 14:20:03.141,22.1,101.2
2026-04-02 14:20:06.525,22.1,101.2
2026-04-02 14:20:09.634,22.1,101.2
2026-04-02 14:20:13.003,22.1,101.2
2026-04-02 14:20:16.239,22.1,101.2
2026-04-02 14:20:19.492,22.1,101.2
2026-04-02 14:20:22.717,22.1,101.2
2026-04-02 14:20:25.850,22.1,101.2
2026-04-02 14:20:29.169,22.1,101.2
2026-04-02 14:20:32.331,22.1,101.2
2026-04-02 14:20:35.286,22.1,101.2
2026-04-02 14:20:38.544,22.0,101.2
2026-04-02 14:20:41.485,22.1,101.2
2026-04-02 14:20:45.063,22.1,101.2
2026-04-02 14:20:48.276,22.1,101.2
2026-04-02 14:20:51.486,22.1,101.2
2026-04-02 14:20:53.971,22.1,101.2
2026-04-02 14:20:57.287,22.1,101.2
2026-04-02 14:21:00.874,22.1,101.2
2026-04-02 14:21:04.198,22.1,101.2
2026-04-02 14:21:07.330,22.1,101.2
2026-04-02 14:21:10.542,22.1,101.2
2026-04-02 14:21:13.702,22.1,101.2
2026-04-02 14:21:16.962,22.1,101.2
2026-04-02 14:21:20.101,22.1,101.2
2026-04-02 14:21:23.276,22.1,101.2
2026-04-02 14:21:26.554,22.1,101.2
2026-04-02 14:21:29.733,22.1,101.2
2026-04-02 14:21:32.883,22.1,101.2
2026-04-02 14:21:36.217,22.1,101.2
2026-04-02 14:21:39.467,22.1,101.2
2026-04-02 14:21:42.552,22.1,101.2
2026-04-02 14:21:45.785,22.1,101.2
2026-04-02 14:21:48.965,22.1,101.2
2026-04-02 14:21:52.210,22.2,101.2
2026-04-02 14:21:55.420,22.1,101.2
2026-04-02 14:21:58.718,22.1,101.2
2026-04-02 14:22:01.636,22.1,101.2
2026-04-02 14:22:04.965,22.1,101.2
2026-04-02 14:22:08.268,22.1,101.2
2026-04-02 14:22:11.459,22.1,101.2
2026-04-02 14:22:14.601,22.1,101.2
2026-04-02 14:22:17.834,22.1,101.2
2026-04-02 14:22:20.920,22.1,101.2
2026-04-02 14:22:24.217,22.1,101.2
2026-04-02 14:22:27.394,22.1,101.2
2026-04-02 14:22:30.725,22.1,101.2
2026-04-02 14:22:33.769,22.1,101.2
2026-04-02 14:22:37.090,22.1,101.2
2026-04-02 14:22:39.924,22.2,101.2
2026-04-02 14:22:43.424,22.2,101.2
2026-04-02 14:22:46.561,22.2,101.2
2026-04-02 14:22:49.733,22.1,101.2
2026-04-02 14:22:52.890,22.1,101.2
2026-04-02 14:22:56.055,22.1,101.2
2026-04-02 14:22:59.305,22.1,101.2
2026-04-02 14:23:02.580,22.1,101.2
2026-04-02 14:23:05.765,22.1,101.2
2026-04-02 14:23:09.121,22.1,101.2
2026-04-02 14:23:12.391,22.1,101.2
2026-04-02 14:23:15.986,22.1,101.2
2026-04-02 14:23:19.451,22.1,101.2
2026-04-02 14:23:22.794,22.1,101.2
2026-04-02 14:23:26.029,22.2,101.2
2026-04-02 14:23:29.660,22.2,101.2
2026-04-02 14:23:32.865,22.1,101.2
2026-04-02 14:23:36.109,22.1,101.2
2026-04-02 14:23:39.246,22.1,101.2
2026-04-02 14:23:42.496,22.1,101.2
2026-04-02 14:23:45.698,22.1,101.2
2026-04-02 14:23:48.923,22.1,101.2
2026-04-02 14:23:52.188,22.1,101.2
2026-04-02 14:23:55.391,22.1,101.2
2026-04-02 14:23:58.555,22.1,101.2
2026-04-02 14:24:01.896,22.1,101.2
2026-04-02 14:24:04.506,22.2,101.2
2026-04-02 14:24:07.882,22.1,101.2
2026-04-02 14:24:11.362,22.1,101.2
2026-04-02 14:24:14.647,22.2,101.2
2026-04-02 14:24:17.822,22.2,101.2
2026-04-02 14:24:21.219,22.2,101.2
2026-04-02 14:24:24.628,22.2,101.2
2026-04-02 14:24:28.012,22.2,101.2
2026-04-02 14:24:31.396,22.2,101.2
2026-04-02 14:24:34.621,22.2,101.2
2026-04-02 14:24:37.821,22.2,101.2
2026-04-02 14:24:41.049,22.1,101.2
2026-04-02 14:24:44.128,22.2,101.2
2026-04-02 14:24:47.315,22.1,101.2
2026-04-02 14:24:50.379,22.1,101.2
2026-04-02 14:24:53.813,22.1,101.2
2026-04-02 14:24:57.110,22.2,101.2
2026-04-02 14:25:00.205,22.2,101.2
2026-04-02 14:25:03.576,22.2,101.2
2026-04-02 14:25:06.606,22.1,101.2
2026-04-02 14:25:09.796,22.2,101.2
2026-04-02 14:25:13.026,22.1,101.2
2026-04-02 14:25:16.059,22.2,101.2
2026-04-02 14:25:19.193,22.2,101.2
2026-04-02 14:25:22.048,22.2,101.2
2026-04-02 14:25:25.122,22.2,101.2
2026-04-02 14:25:28.032,22.2,101.2
2026-04-02 14:25:31.139,22.2,101.2
2026-04-02 14:25:34.079,22.2,101.2
2026-04-02 14:25:37.428,22.2,101.2
2026-04-02 14:25:40.761,22.2,101.2
2026-04-02 14:25:43.595,22.2,101.2
2026-04-02 14:25:46.638,22.2,101.2
2026-04-02 14:25:49.858,22.2,101.2
2026-04-02 14:25:52.588,22.2,101.2
2026-04-02 14:25:55.954,22.2,101.2
2026-04-02 14:25:59.000,22.1,101.2
2026-04-02 14:26:02.049,22.1,101.2
2026-04-02 14:26:05.214,22.1,101.2
2026-04-02 14:26:08.361,22.1,101.2
2026-04-02 14:26:11.427,22.2,101.2
2026-04-02 14:26:14.644,22.2,101.2
2026-04-02 14:26:17.862,22.2,101.2
2026-04-02 14:26:21.104,22.1,101.2
2026-04-02 14:26:23.581,22.1,101.2
2026-04-02 14:26:26.879,22.1,101.2
2026-04-02 14:26:30.275,22.2,101.2
2026-04-02 14:26:33.354,22.2,101.2
2026-04-02 14:26:36.806,22.2,101.2
2026-04-02 14:26:40.034,22.2,101.2
2026-04-02 14:26:43.282,22.2,101.2
2026-04-02 14:26:46.460,22.2,101.2
2026-04-02 14:26:49.650,22.2,101.2
2026-04-02 14:26:52.820,22.2,101.2
2026-04-02 14:26:56.008,22.2,101.2
2026-04-02 14:26:59.377,22.1,101.2
2026-04-02 14:27:02.648,22.1,101.2
2026-04-02 14:27:05.952,22.2,101.2
2026-04-02 14:27:08.313,22.1,101.2
2026-04-02 14:27:11.581,22.1,101.2
2026-04-02 14:27:14.608,22.1,101.2
2026-04-02 14:27:17.949,22.1,101.2
2026-04-02 14:27:21.260,22.1,101.2
2026-04-02 14:27:24.793,22.1,101.2
2026-04-02 14:27:28.121,22.1,101.2
2026-04-02 14:27:31.276,22.2,101.2
2026-04-02 14:27:34.446,22.1,101.2
2026-04-02 14:27:37.780,22.1,101.2
2026-04-02 14:27:41.086,22.1,101.2
2026-04-02 14:27:44.339,22.1,101.2
2026-04-02 14:27:47.287,22.1,101.2
2026-04-02 14:27:50.515,22.1,101.2
2026-04-02 14:27:53.876,22.2,101.2
2026-04-02 14:27:57.172,22.2,101.2
2026-04-02 14:28:00.397,22.2,101.2
2026-04-02 14:28:03.724,22.2,101.2
2026-04-02 14:28:07.256,22.2,101.2
2026-04-02 14:28:10.489,22.2,101.2
2026-04-02 14:28:13.712,22.2,101.2
2026-04-02 14:28:16.973,22.2,101.2
2026-04-02 14:28:20.223,22.2,101.2
2026-04-02 14:28:23.451,22.2,101.2
2026-04-02 14:28:26.628,22.2,101.2
2026-04-02 14:28:29.916,22.2,101.2
2026-04-02 14:28:32.912,22.2,101.2
2026-04-02 14:28:36.161,22.1,101.2
2026-04-02 14:28:39.441,22.1,101.2
2026-04-02 14:28:42.508,22.1,101.2
2026-04-02 14:28:45.519,22.1,101.2
2026-04-02 14:28:48.852,22.2,101.2
2026-04-02 14:28:52.078,22.2,101.2
2026-04-02 14:28:55.228,22.2,101.2
2026-04-02 14:28:58.428,22.2,101.2
2026-04-02 14:29:01.778,22.2,101.2
2026-04-02 14:29:04.938,22.2,101.2
2026-04-02 14:29:08.190,22.2,101.2
2026-04-02 14:29:11.338,22.2,101.2
2026-04-02 14:29:14.601,22.2,101.2
2026-04-02 14:29:17.915,22.2,101.2
2026-04-02 14:29:20.889,22.2,101.2
2026-04-02 14:29:24.142,22.2,101.2
2026-04-02 14:29:27.350,22.2,101.2
2026-04-02 14:29:30.694,22.2,101.2
2026-04-02 14:29:33.073,22.2,101.2
2026-04-02 14:29:35.881,22.2,101.2
2026-04-02 14:29:39.112,22.2,101.2
2026-04-02 14:29:42.468,22.2,101.2
2026-04-02 14:29:45.419,22.2,101.2
2026-04-02 14:29:48.706,22.2,101.2
2026-04-02 14:29:51.719,22.2,101.2
2026-04-02 14:29:54.950,22.2,101.2
2026-04-02 14:29:58.390,22.2,101.2
2026-04-02 14:30:01.668,22.2,101.2
2026-04-02 14:30:04.841,22.2,101.2
2026-04-02 14:30:07.948,22.2,101.2
2026-04-02 14:30:11.337,22.2,101.2
2026-04-02 14:30:14.651,22.2,101.2
2026-04-02 14:30:17.934,22.2,101.2
2026-04-02 14:30:20.344,22.2,101.2
2026-04-02 14:30:23.367,22.2,101.2
2026-04-02 14:30:26.585,22.2,101.2
2026-04-02 14:30:29.611,22.2,101.2
2026-04-02 14:30:32.849,22.2,101.2
2026-04-02 14:30:36.114,22.2,101.2
2026-04-02 14:30:39.208,22.2,101.2
2026-04-02 14:30:42.554,22.2,101.2
2026-04-02 14:30:45.797,22.2,101.2
2026-04-02 14:30:49.119,22.2,101.2
2026-04-02 14:30:52.219,22.2,101.2
2026-04-02 14:30:55.543,22.2,101.2
2026-04-02 14:31:00.634,22.2,101.2
2026-04-02 14:31:04.112,22.2,101.2
2026-04-02 14:31:07.199,22.2,101.2
2026-04-02 14:31:10.500,22.2,101.2
2026-04-02 14:31:13.776,22.2,101.2
2026-04-02 14:31:17.133,22.2,101.2
2026-04-02 14:31:19.467,22.2,101.2
2026-04-02 14:31:22.093,22.2,101.2
2026-04-02 14:31:25.342,22.2,101.2
2026-04-02 14:31:28.870,22.2,101.2
2026-04-02 14:31:31.945,22.2,101.2
2026-04-02 14:31:35.360,22.2,101.2
2026-04-02 14:31:38.626,22.2,101.2
2026-04-02 14:31:41.638,22.2,101.2
2026-04-02 14:31:44.885,22.2,101.2
2026-04-02 14:31:47.854,22.2,101.2
2026-04-02 14:31:51.347,22.2,101.2
2026-04-02 14:31:54.533,22.2,101.2
2026-04-02 14:31:57.951,22.2,101.2
2026-04-02 14:32:01.134,22.2,101.2
2026-04-02 14:32:04.050,22.2,101.2
2026-04-02 14:32:07.110,22.2,101.2
2026-04-02 14:32:10.447,22.2,101.2
2026-04-02 14:32:13.718,22.2,101.2
2026-04-02 14:32:17.088,22.2,101.2
2026-04-02 14:32:19.462,22.2,101.2
2026-04-02 14:32:22.796,22.2,101.2
2026-04-02 14:32:26.234,22.2,101.2
2026-04-02 14:32:29.327,22.2,101.2
2026-04-02 14:32:32.600,22.2,101.2
2026-04-02 14:32:36.005,22.2,101.2
2026-04-02 14:32:39.163,22.2,101.2
2026-04-02 14:32:42.391,22.2,101.2
2026-04-02 14:32:45.337,22.2,101.2
2026-04-02 14:32:48.914,22.2,101.2
2026-04-02 14:32:52.049,22.2,101.2
2026-04-02 14:32:55.191,22.2,101.2
2026-04-02 14:32:58.530,22.2,101.2
2026-04-02 14:33:01.880,22.2,101.2
2026-04-02 14:33:04.791,22.2,101.2
2026-04-02 14:33:07.563,22.2,101.2
2026-04-02 14:33:10.715,22.2,101.2
2026-04-02 14:33:13.726,22.2,101.2
2026-04-02 14:33:16.682,22.2,101.2
2026-04-02 14:33:19.772,22.2,101.2
2026-04-02 14:33:22.894,22.2,101.2
2026-04-02 14:33:26.274,22.2,101.2
2026-04-02 14:33:29.734,22.2,101.2
2026-04-02 14:33:33.017,22.2,101.2
2026-04-02 14:33:36.293,22.2,101.2
2026-04-02 14:33:38.851,22.2,101.2
2026-04-02 14:33:42.475,22.2,101.2
2026-04-02 14:33:45.463,22.2,101.2
2026-04-02 14:33:48.770,22.3,101.2
2026-04-02 14:33:52.136,22.3,101.2
2026-04-02 14:33:55.339,22.3,101.2
2026-04-02 14:33:58.668,22.3,101.2
2026-04-02 14:34:01.679,22.3,101.2
2026-04-02 14:34:05.003,22.3,101.2
2026-04-02 14:34:08.231,22.3,101.2
2026-04-02 14:34:11.460,22.3,101.2
2026-04-02 14:34:14.532,22.3,101.2
2026-04-02 14:34:17.780,22.3,101.2
2026-04-02 14:34:20.996,22.3,101.2
2026-04-02 14:34:24.199,22.3,101.2
2026-04-02 14:34:27.392,22.3,101.2
2026-04-02 14:34:30.639,22.3,101.2
2026-04-02 14:34:33.908,22.3,101.2
2026-04-02 14:34:37.101,22.3,101.2
2026-04-02 14:34:40.608,22.3,101.2
2026-04-02 14:34:44.058,22.2,101.2
2026-04-02 14:34:47.395,22.2,101.2
2026-04-02 14:34:50.499,22.2,101.2
2026-04-02 14:34:53.853,22.2,101.2
2026-04-02 14:34:56.970,22.2,101.2
2026-04-02 14:35:00.283,22.2,101.2
2026-04-02 14:35:03.478,22.2,101.2
2026-04-02 14:35:05.938,22.2,101.2
2026-04-02 14:35:08.662,22.2,101.2
2026-04-02 14:35:11.874,22.2,101.2
2026-04-02 14:35:15.007,22.2,101.2
2026-04-02 14:35:18.106,22.2,101.2
2026-04-02 14:35:21.309,22.3,101.2
2026-04-02 14:35:24.595,22.2,101.2
2026-04-02 14:35:27.566,22.2,101.2
2026-04-02 14:35:30.768,22.2,101.2
2026-04-02 14:35:33.800,22.2,101.2
2026-04-02 14:35:36.749,22.2,101.2
2026-04-02 14:35:39.635,22.2,101.2
2026-04-02 14:35:42.737,22.2,101.2
2026-04-02 14:35:45.935,22.2,101.2
2026-04-02 14:35:49.051,22.2,101.2
2026-04-02 14:35:51.722,22.2,101.2
2026-04-02 14:35:55.093,22.2,101.2
2026-04-02 14:35:58.153,22.2,101.2
2026-04-02 14:36:01.102,22.3,101.2
2026-04-02 14:36:03.549,22.2,101.2
2026-04-02 14:36:06.679,22.2,101.2
2026-04-02 14:36:09.860,22.2,101.2
2026-04-02 14:36:13.016,22.2,101.2
2026-04-02 14:36:15.935,22.3,101.2
2026-04-02 14:36:18.929,22.3,101.2
2026-04-02 14:36:21.941,22.3,101.2
2026-04-02 14:36:25.220,22.3,101.2
2026-04-02 14:36:28.406,22.3,101.2
2026-04-02 14:36:31.690,22.3,101.2
2026-04-02 14:36:34.581,22.3,101.2
2026-04-02 14:36:37.686,22.3,101.2
2026-04-02 14:36:40.920,22.3,101.2
2026-04-02 14:36:44.090,22.2,101.2
2026-04-02 14:36:47.289,22.3,101.2
2026-04-02 14:36:50.472,22.3,101.2
2026-04-02 14:36:53.390,22.2,101.2
2026-04-02 14:36:56.560,22.2,101.2
2026-04-02 14:36:59.730,22.2,101.2
2026-04-02 14:37:02.978,22.2,101.2
2026-04-02 14:37:05.952,22.2,101.2
2026-04-02 14:37:09.120,22.2,101.2
2026-04-02 14:37:12.331,22.2,101.2
2026-04-02 14:37:15.441,22.2,101.2
2026-04-02 14:37:18.627,22.2,101.2
2026-04-02 14:37:21.076,22.2,101.2
2026-04-02 14:37:25.416,22.2,101.2
2026-04-02 14:37:27.654,22.2,101.2
2026-04-02 14:37:30.872,22.2,101.2
2026-04-02 14:37:34.237,22.2,101.2
2026-04-02 14:37:37.183,22.3,101.2
2026-04-02 14:37:40.436,22.3,101.2
2026-04-02 14:37:43.687,22.3,101.2
2026-04-02 14:37:47.135,22.3,101.2
2026-04-02 14:37:50.462,22.3,101.2
2026-04-02 14:37:53.701,22.3,101.2
2026-04-02 14:37:56.877,22.3,101.2
2026-04-02 14:38:00.088,22.3,101.2
2026-04-02 14:38:03.244,22.3,101.2
2026-04-02 14:38:06.420,22.3,101.2
2026-04-02 14:38:09.613,22.3,101.2
2026-04-02 14:38:12.923,22.3,101.2
2026-04-02 14:38:16.098,22.3,101.2
2026-04-02 14:38:19.350,22.3,101.2
2026-04-02 14:38:22.156,22.3,101.2
2026-04-02 14:38:25.291,22.3,101.2
2026-04-02 14:38:28.777,22.3,101.2
2026-04-02 14:38:31.989,22.3,101.2
2026-04-02 14:38:35.250,22.3,101.2
2026-04-02 14:38:38.461,22.3,101.2
2026-04-02 14:38:41.684,22.3,101.2
2026-04-02 14:38:44.925,22.3,101.2
2026-04-02 14:38:48.184,22.3,101.2
2026-04-02 14:38:51.234,22.3,101.2
2026-04-02 14:38:54.166,22.3,101.2
2026-04-02 14:38:57.455,22.3,101.2
2026-04-02 14:39:00.535,22.3,101.2
2026-04-02 14:39:03.607,22.3,101.2
2026-04-02 14:39:06.727,22.3,101.2
2026-04-02 14:39:09.962,22.3,101.2
2026-04-02 14:39:13.095,22.3,101.2
2026-04-02 14:39:16.303,22.3,101.2
2026-04-02 14:39:19.227,22.3,101.2
2026-04-02 14:39:22.451,22.3,101.2
2026-04-02 14:39:25.573,22.3,101.2
2026-04-02 14:39:28.750,22.3,101.2
2026-04-02 14:39:31.769,22.3,101.2
2026-04-02 14:39:34.827,22.3,101.2
2026-04-02 14:39:37.994,22.3,101.2
2026-04-02 14:39:41.275,22.3,101.2
2026-04-02 14:39:44.425,22.3,101.2
2026-04-02 14:39:46.982,22.3,101.2
2026-04-02 14:39:50.056,22.3,101.2
2026-04-02 14:39:53.395,22.3,101.2
2026-04-02 14:39:56.271,22.3,101.2
2026-04-02 14:39:59.482,22.3,101.2
2026-04-02 14:40:02.708,22.3,101.2
2026-04-02 14:40:05.807,22.3,101.2
2026-04-02 14:40:08.852,22.3,101.2
2026-04-02 14:40:12.019,22.3,101.2
2026-04-02 14:40:15.229,22.3,101.2
2026-04-02 14:40:18.419,22.3,101.2
2026-04-02 14:40:21.456,22.3,101.2
2026-04-02 14:40:24.629,22.3,101.2
2026-04-02 14:40:27.658,22.3,101.2
2026-04-02 14:40:31.222,22.3,101.2
2026-04-02 14:40:34.425,22.3,101.2
2026-04-02 14:40:37.648,22.3,101.2
2026-04-02 14:40:40.810,22.3,101.2
2026-04-02 14:40:43.726,22.3,101.2
2026-04-02 14:40:46.656,22.3,101.2
2026-04-02 14:40:49.824,22.3,101.2
2026-04-02 14:40:52.968,22.3,101.2
2026-04-02 14:40:56.033,22.3,101.2
2026-04-02 14:40:58.996,22.3,101.2
2026-04-02 14:41:01.473,22.3,101.2
2026-04-02 14:41:04.555,22.3,101.2
2026-04-02 14:41:07.908,22.3,101.2
2026-04-02 14:41:11.255,22.3,101.2
2026-04-02 14:41:14.461,22.3,101.2
2026-04-02 14:41:17.623,22.3,101.2
2026-04-02 14:41:20.872,22.3,101.2
2026-04-02 14:41:24.125,22.3,101.2
2026-04-02 14:41:26.724,22.3,101.2
2026-04-02 14:41:29.723,22.3,101.2
2026-04-02 14:41:32.937,22.3,101.2
2026-04-02 14:41:36.143,22.3,101.2
2026-04-02 14:41:39.301,22.3,101.2
2026-04-02 14:41:42.467,22.3,101.2
2026-04-02 14:41:45.582,22.3,101.2
2026-04-02 14:41:48.679,22.3,101.2
2026-04-02 14:41:51.943,22.3,101.2
2026-04-02 14:41:55.270,22.3,101.2
2026-04-02 14:41:58.443,22.3,101.2
2026-04-02 14:42:01.439,22.3,101.2
2026-04-02 14:42:04.204,22.3,101.2
2026-04-02 14:42:06.624,22.3,101.2
2026-04-02 14:42:08.985,22.3,101.2
2026-04-02 14:42:12.030,22.3,101.2
2026-04-02 14:42:15.326,22.3,101.2
2026-04-02 14:42:18.489,22.3,101.2
2026-04-02 14:42:21.670,22.3,101.2
2026-04-02 14:42:24.901,22.3,101.2
2026-04-02 14:42:27.983,22.3,101.2
2026-04-02 14:42:31.321,22.3,101.2
2026-04-02 14:42:34.345,22.3,101.2
2026-04-02 14:42:37.226,22.3,101.2
2026-04-02 14:42:40.264,22.3,101.2
2026-04-02 14:42:43.414,22.3,101.2
2026-04-02 14:42:46.532,22.3,101.2
2026-04-02 14:42:49.677,22.3,101.2
2026-04-02 14:42:52.800,22.3,101.2
2026-04-02 14:42:55.827,22.3,101.2
2026-04-02 14:42:58.903,22.3,101.2
2026-04-02 14:43:01.721,22.3,101.2
2026-04-02 14:43:04.597,22.3,101.2
2026-04-02 14:43:07.730,22.3,101.2
2026-04-02 14:43:11.132,22.3,101.2
2026-04-02 14:43:13.982,22.3,101.2
2026-04-02 14:43:17.100,22.3,101.2
2026-04-02 14:43:20.218,22.3,101.2
2026-04-02 14:43:23.013,22.3,101.2
2026-04-02 14:43:26.221,22.3,101.2
2026-04-02 14:43:29.248,22.3,101.2
2026-04-02 14:43:32.328,22.3,101.2
2026-04-02 14:43:35.635,22.3,101.2
2026-04-02 14:43:38.994,22.3,101.2
2026-04-02 14:43:42.257,22.3,101.2
2026-04-02 14:43:45.504,22.3,101.2
2026-04-02 14:43:48.651,22.3,101.2
2026-04-02 14:43:51.976,22.3,101.2
2026-04-02 14:43:55.232,22.3,101.2
2026-04-02 14:43:58.471,22.3,101.2
2026-04-02 14:44:01.543,22.3,101.2
2026-04-02 14:44:04.570,22.3,101.2
2026-04-02 14:44:07.686,22.3,101.2
2026-04-02 14:44:10.902,22.3,101.2
2026-04-02 14:44:13.753,22.3,101.2
2026-04-02 14:44:16.879,22.3,101.2
2026-04-02 14:44:20.015,22.3,101.2
2026-04-02 14:44:23.216,22.3,101.2
2026-04-02 14:44:26.407,22.3,101.2
2026-04-02 14:44:29.565,22.3,101.2
2026-04-02 14:44:32.602,22.3,101.2
2026-04-02 14:44:35.894,22.3,101.2
2026-04-02 14:44:39.118,22.3,101.2
2026-04-02 14:44:42.271,22.3,101.2
2026-04-02 14:44:45.369,22.3,101.2
2026-04-02 14:44:48.651,22.3,101.2
2026-04-02 14:44:51.913,22.3,101.2
2026-04-02 14:44:54.703,22.3,101.2
2026-04-02 14:44:57.960,22.3,101.2
2026-04-02 14:45:00.932,22.3,101.2
2026-04-02 14:45:04.075,22.3,101.2
2026-04-02 14:45:07.269,22.3,101.2
2026-04-02 14:45:10.291,22.3,101.2
2026-04-02 14:45:13.243,22.3,101.2
2026-04-02 14:45:16.589,22.3,101.2
2026-04-02 14:45:19.884,22.3,101.2
2026-04-02 14:45:22.931,22.4,101.2
2026-04-02 14:45:26.321,22.3,101.2
2026-04-02 14:45:29.500,22.3,101.2
2026-04-02 14:45:32.668,22.3,101.2
2026-04-02 14:45:35.799,22.3,101.2
2026-04-02 14:45:39.126,22.3,101.2
2026-04-02 14:45:42.400,22.3,101.2
2026-04-02 14:45:45.364,22.3,101.2
2026-04-02 14:45:48.351,22.3,101.2
2026-04-02 14:45:51.731,22.3,101.2
2026-04-02 14:45:54.695,22.3,101.2
2026-04-02 14:45:58.045,22.3,101.2
2026-04-02 14:46:01.170,22.3,101.2
2026-04-02 14:46:04.328,22.3,101.2
2026-04-02 14:46:07.658,22.3,101.2
2026-04-02 14:46:10.718,22.3,101.2
2026-04-02 14:46:14.053,22.3,101.2
2026-04-02 14:46:17.277,22.3,101.2
2026-04-02 14:46:20.581,22.3,101.2
2026-04-02 14:46:23.756,22.3,101.2
2026-04-02 14:46:26.902,22.3,101.2
2026-04-02 14:46:29.795,22.3,101.2
2026-04-02 14:46:32.900,22.3,101.2
2026-04-02 14:46:36.124,22.3,101.2
2026-04-02 14:46:39.312,22.3,101.2
2026-04-02 14:46:42.200,22.3,101.2
2026-04-02 14:46:45.215,22.3,101.2
2026-04-02 14:46:48.300,22.3,101.2
2026-04-02 14:46:51.519,22.3,101.2
2026-04-02 14:46:54.632,22.3,101.2
2026-04-02 14:46:58.000,22.3,101.2
2026-04-02 14:47:01.249,22.3,101.2
2026-04-02 14:47:04.607,22.3,101.2
2026-04-02 14:47:07.925,22.3,101.2
2026-04-02 14:47:11.242,22.3,101.2
2026-04-02 14:47:14.428,22.3,101.2
2026-04-02 14:47:17.604,22.3,101.2
2026-04-02 14:47:20.858,22.3,101.2
2026-04-02 14:47:23.916,22.3,101.2
2026-04-02 14:47:27.152,22.3,101.2
2026-04-02 14:47:30.447,22.3,101.2
2026-04-02 14:47:33.361,22.3,101.2
2026-04-02 14:47:36.443,22.3,101.2
2026-04-02 14:47:39.831,22.3,101.2
2026-04-02 14:47:42.860,22.3,101.2
2026-04-02 14:47:46.028,22.3,101.2
2026-04-02 14:47:49.403,22.3,101.2
2026-04-02 14:47:52.357,22.3,101.2
2026-04-02 14:47:55.714,22.3,101.2
2026-04-02 14:47:58.627,22.3,101.2
2026-04-02 14:48:01.069,22.3,101.2
2026-04-02 14:48:04.459,22.3,101.2
2026-04-02 14:48:07.584,22.3,101.2
2026-04-02 14:48:10.747,22.3,101.2
2026-04-02 14:48:14.180,22.3,101.2
2026-04-02 14:48:17.554,22.3,101.2
2026-04-02 14:48:20.680,22.3,101.2
2026-04-02 14:48:23.906,22.3,101.2
2026-04-02 14:48:27.253,22.3,101.2
2026-04-02 14:48:30.343,22.3,101.2
2026-04-02 14:48:33.411,22.3,101.2
2026-04-02 14:48:36.635,22.3,101.2
2026-04-02 14:48:40.081,22.3,101.2
2026-04-02 14:48:43.186,22.3,101.2
2026-04-02 14:48:46.347,22.3,101.2
2026-04-02 14:48:49.586,22.3,101.2
2026-04-02 14:48:52.666,22.3,101.2
2026-04-02 14:48:55.978,22.3,101.2
2026-04-02 14:48:59.022,22.3,101.2
2026-04-02 14:49:02.211,22.3,101.2
2026-04-02 14:49:05.236,22.3,101.2
2026-04-02 14:49:08.094,22.3,101.2
2026-04-02 14:49:11.069,22.3,101.2
2026-04-02 14:49:14.328,22.3,101.2
2026-04-02 14:49:17.451,22.3,101.2
2026-04-02 14:49:20.400,22.3,101.2
2026-04-02 14:49:23.579,22.3,101.2
2026-04-02 14:49:26.722,22.3,101.2
2026-04-02 14:49:29.686,22.3,101.2
2026-04-02 14:49:32.636,22.3,101.2
2026-04-02 14:49:35.666,22.3,101.2
2026-04-02 14:49:38.869,22.3,101.2
2026-04-02 14:49:41.879,22.3,101.2
2026-04-02 14:49:45.191,22.3,101.2
2026-04-02 14:49:48.412,22.3,101.2
2026-04-02 14:49:51.553,22.3,101.2
2026-04-02 14:49:54.950,22.3,101.2
2026-04-02 14:49:58.003,22.3,101.2
2026-04-02 14:50:01.320,22.3,101.2
2026-04-02 14:50:04.365,22.3,101.2
2026-04-02 14:50:07.399,22.3,101.2
2026-04-02 14:50:10.555,22.3,101.2
2026-04-02 14:50:13.728,22.3,101.2
2026-04-02 14:50:16.647,22.3,101.2
2026-04-02 14:50:19.810,22.3,101.2
2026-04-02 14:50:22.931,22.3,101.2
2026-04-02 14:50:26.220,22.3,101.2
2026-04-02 14:50:29.257,22.3,101.2
2026-04-02 14:50:32.279,22.3,101.2
2026-04-02 14:50:35.567,22.3,101.2
2026-04-02 14:50:38.748,22.3,101.2
2026-04-02 14:50:41.969,22.3,101.2
2026-04-02 14:50:45.452,22.3,101.2
2026-04-02 14:50:48.547,22.3,101.2
2026-04-02 14:50:51.580,22.3,101.2
2026-04-02 14:50:54.720,22.3,101.2
2026-04-02 14:50:57.906,22.3,101.2
2026-04-02 14:51:01.067,22.3,101.2
2026-04-02 14:51:04.243,22.3,101.2
2026-04-02 14:51:07.427,22.3,101.2
2026-04-02 14:51:10.620,22.3,101.2
2026-04-02 14:51:13.783,22.3,101.2
2026-04-02 14:51:16.692,22.3,101.2
2026-04-02 14:51:19.321,22.3,101.2
2026-04-02 14:51:22.529,22.3,101.2
2026-04-02 14:51:25.657,22.3,101.2
2026-04-02 14:51:28.846,22.4,101.2
2026-04-02 14:51:32.054,22.3,101.2
2026-04-02 14:51:34.915,22.3,101.2
2026-04-02 14:51:38.084,22.3,101.2
2026-04-02 14:51:41.159,22.3,101.2
2026-04-02 14:51:44.302,22.3,101.2
2026-04-02 14:51:47.660,22.3,101.2
2026-04-02 14:51:51.075,22.4,101.2
2026-04-02 14:51:54.365,22.3,101.2
2026-04-02 14:51:57.528,22.3,101.2
2026-04-02 14:52:00.362,22.3,101.2
2026-04-02 14:52:03.599,22.3,101.2
2026-04-02 14:52:06.662,22.3,101.2
2026-04-02 14:52:09.981,22.3,101.2
2026-04-02 14:52:13.154,22.3,101.2
2026-04-02 14:52:16.151,22.4,101.2
2026-04-02 14:52:19.327,22.3,101.2
2026-04-02 14:52:22.508,22.3,101.2
2026-04-02 14:52:25.644,22.3,101.2
2026-04-02 14:52:28.796,22.3,101.2
2026-04-02 14:52:31.932,22.3,101.2
2026-04-02 14:52:34.921,22.3,101.2
2026-04-02 14:52:37.976,22.3,101.2
2026-04-02 14:52:41.106,22.3,101.2
2026-04-02 14:52:44.254,22.3,101.2
2026-04-02 14:52:47.359,22.3,101.2
2026-04-02 14:52:50.270,22.4,101.2
2026-04-02 14:52:53.328,22.4,101.2
2026-04-02 14:52:56.501,22.4,101.2
2026-04-02 14:52:59.816,22.4,101.2
2026-04-02 14:53:03.105,22.3,101.2
2026-04-02 14:53:06.342,22.3,101.2
2026-04-02 14:53:09.326,22.3,101.2
2026-04-02 14:53:12.689,22.3,101.2
2026-04-02 14:53:15.875,22.3,101.2
2026-04-02 14:53:19.164,22.3,101.2
2026-04-02 14:53:22.262,22.3,101.2
2026-04-02 14:53:25.417,22.3,101.2
2026-04-02 14:53:28.674,22.3,101.2
2026-04-02 14:53:31.613,22.3,101.2
2026-04-02 14:53:34.854,22.3,101.2
2026-04-02 14:53:37.859,22.3,101.2
2026-04-02 14:53:41.010,22.3,101.2
2026-04-02 14:53:44.098,22.3,101.2
2026-04-02 14:53:47.273,22.3,101.2
2026-04-02 14:53:50.341,22.3,101.2
2026-04-02 14:53:53.439,22.3,101.2
2026-04-02 14:53:56.767,22.3,101.2
2026-04-02 14:53:59.722,22.3,101.2
2026-04-02 14:54:02.625,22.3,101.2
2026-04-02 14:54:05.401,22.3,101.2
2026-04-02 14:54:08.483,22.3,101.2
2026-04-02 14:54:11.556,22.3,101.2
2026-04-02 14:54:14.926,22.3,101.2
2026-04-02 14:54:18.361,22.4,101.2
2026-04-02 14:54:21.664,22.3,101.2
2026-04-02 14:54:24.424,22.3,101.2
2026-04-02 14:54:27.494,22.3,101.2
2026-04-02 14:54:30.671,22.3,101.2
2026-04-02 14:54:33.890,22.3,101.2
2026-04-02 14:54:37.165,22.3,101.2
2026-04-02 14:54:40.309,22.3,101.2
2026-04-02 14:54:43.551,22.3,101.2
2026-04-02 14:54:46.916,22.3,101.2
2026-04-02 14:54:49.828,22.3,101.2
2026-04-02 14:54:53.027,22.3,101.2
2026-04-02 14:54:56.112,22.3,101.2
2026-04-02 14:54:59.213,22.3,101.2
2026-04-02 14:55:01.918,22.3,101.2
2026-04-02 14:55:05.172,22.3,101.2
2026-04-02 14:55:08.404,22.3,101.2
2026-04-02 14:55:11.739,22.3,101.2
2026-04-02 14:55:15.076,22.3,101.2
2026-04-02 14:55:18.275,22.3,101.2
2026-04-02 14:55:21.400,22.3,101.2
2026-04-02 14:55:24.680,22.3,101.2
2026-04-02 14:55:27.720,22.3,101.2
2026-04-02 14:55:30.780,22.3,101.2
2026-04-02 14:55:33.876,22.3,101.2
2026-04-02 14:55:36.948,22.3,101.2
2026-04-02 14:55:39.824,22.3,101.2
2026-04-02 14:55:43.252,22.3,101.2
2026-04-02 14:55:46.452,22.3,101.2
2026-04-02 14:55:49.663,22.3,101.2
2026-04-02 14:55:52.781,22.3,101.2
2026-04-02 14:55:55.881,22.3,101.2
2026-04-02 14:55:59.214,22.3,101.2
2026-04-02 14:56:02.304,22.3,101.2
2026-04-02 14:56:05.407,22.3,101.2
2026-04-02 14:56:08.404,22.3,101.2
2026-04-02 14:56:11.565,22.3,101.2
2026-04-02 14:56:14.842,22.3,101.2
2026-04-02 14:56:17.939,22.3,101.2
2026-04-02 14:56:21.125,22.3,101.2
2026-04-02 14:56:24.340,22.3,101.2
2026-04-02 14:56:27.445,22.3,101.2
2026-04-02 14:56:30.551,22.3,101.2
2026-04-02 14:56:33.717,22.3,101.2
2026-04-02 14:56:36.267,22.3,101.2
2026-04-02 14:56:39.627,22.3,101.2
2026-04-02 14:56:42.642,22.3,101.2
2026-04-02 14:56:45.722,22.3,101.2
2026-04-02 14:56:48.099,22.3,101.2
2026-04-02 14:56:50.912,22.3,101.2
2026-04-02 14:56:54.240,22.3,101.2
2026-04-02 14:56:57.272,22.3,101.2
2026-04-02 14:57:00.602,22.3,101.2
2026-04-02 14:57:03.754,22.3,101.2
2026-04-02 14:57:06.945,22.3,101.2
2026-04-02 14:57:10.134,22.3,101.2
2026-04-02 14:57:13.094,22.3,101.2
2026-04-02 14:57:15.963,22.3,101.2
2026-04-02 14:57:18.781,22.3,101.2
2026-04-02 14:57:21.846,22.3,101.2
2026-04-02 14:57:24.903,22.3,101.2
2026-04-02 14:57:27.484,22.3,101.2
2026-04-02 14:57:30.584,22.3,101.2
2026-04-02 14:57:33.593,22.3,101.2
2026-04-02 14:57:36.446,22.3,101.2
2026-04-02 14:57:39.471,22.3,101.2
2026-04-02 14:57:42.423,22.3,101.2
2026-04-02 14:57:45.498,22.3,101.2
2026-04-02 14:57:48.609,22.3,101.2
2026-04-02 14:57:51.835,22.3,101.2
2026-04-02 14:57:54.722,22.3,101.2
2026-04-02 14:57:57.739,22.3,101.2
2026-04-02 14:58:02.585,22.3,101.2
2026-04-02 14:58:05.580,22.3,101.2
2026-04-02 14:58:08.743,22.3,101.2
2026-04-02 14:58:11.851,22.3,101.2
2026-04-02 14:58:14.810,22.3,101.2
2026-04-02 14:58:18.045,22.3,101.2
2026-04-02 14:58:21.150,22.3,101.2
2026-04-02 14:58:24.286,22.3,101.2
2026-04-02 14:58:27.205,22.3,101.2
2026-04-02 14:58:30.235,22.3,101.2
2026-04-02 14:58:33.338,22.3,101.2
2026-04-02 14:58:36.355,22.3,101.2
2026-04-02 14:58:39.525,22.4,101.2
2026-04-02 14:58:42.714,22.3,101.2
2026-04-02 14:58:45.784,22.4,101.2
2026-04-02 14:58:48.728,22.4,101.2
2026-04-02 14:58:51.904,22.4,101.2
2026-04-02 14:58:55.146,22.3,101.2
2026-04-02 14:58:58.045,22.3,101.2
2026-04-02 14:59:01.193,22.3,101.2
2026-04-02 14:59:04.167,22.3,101.2
2026-04-02 14:59:06.855,22.3,101.2
2026-04-02 14:59:09.841,22.4,101.2
2026-04-02 14:59:12.964,22.3,101.2
2026-04-02 14:59:16.026,22.3,101.2
2026-04-02 14:59:19.217,22.3,101.2
2026-04-02 14:59:22.233,22.3,101.2
2026-04-02 14:59:25.590,22.4,101.2
2026-04-02 14:59:28.822,22.4,101.2
2026-04-02 14:59:31.967,22.3,101.2
2026-04-02 14:59:34.916,22.3,101.2
2026-04-02 14:59:37.863,22.3,101.2
2026-04-02 14:59:40.930,22.3,101.2
2026-04-02 14:59:43.299,22.3,101.2
2026-04-02 14:59:46.109,22.3,101.2
2026-04-02 14:59:49.267,22.3,101.2
2026-04-02 14:59:52.375,22.3,101.2
2026-04-02 14:59:55.490,22.3,101.2
2026-04-02 14:59:58.723,22.3,101.2
2026-04-02 15:00:01.886,22.3,101.2
2026-04-02 15:00:04.938,22.3,101.2
2026-04-02 15:00:07.763,22.3,101.2
2026-04-02 15:00:11.032,22.3,101.2
2026-04-02 15:00:13.887,22.3,101.2
2026-04-02 15:00:16.897,22.3,101.2
2026-04-02 15:00:19.964,22.3,101.2
2026-04-02 15:00:23.200,22.3,101.2
2026-04-02 15:00:26.096,22.3,101.2
2026-04-02 15:00:29.396,22.3,101.2
2026-04-02 15:00:32.539,22.3,101.2
2026-04-02 15:00:35.515,22.3,101.2
2026-04-02 15:00:38.610,22.3,101.2
2026-04-02 15:00:41.746,22.3,101.2
2026-04-02 15:00:46.144,22.3,101.2
2026-04-02 15:00:49.211,22.3,101.2
2026-04-02 15:00:52.437,22.3,101.2
2026-04-02 15:00:55.470,22.3,101.2
2026-04-02 15:00:58.718,22.3,101.2
2026-04-02 15:01:01.773,22.3,101.2
2026-04-02 15:01:04.883,22.3,101.2
2026-04-02 15:01:07.519,22.3,101.2
2026-04-02 15:01:10.629,22.3,101.2
2026-04-02 15:01:12.948,22.3,101.2
2026-04-02 15:01:16.085,22.3,101.2
2026-04-02 15:01:19.147,22.3,101.2
2026-04-02 15:01:22.257,22.3,101.2
2026-04-02 15:01:25.339,22.3,101.2
2026-04-02 15:01:28.290,22.3,101.2
2026-04-02 15:01:31.332,22.3,101.2
2026-04-02 15:01:33.734,22.3,101.2
2026-04-02 15:01:36.512,22.3,101.2
2026-04-02 15:01:39.745,22.3,101.2
2026-04-02 15:01:42.658,22.3,101.2
2026-04-02 15:01:45.886,22.3,101.2
2026-04-02 15:01:49.006,22.3,101.2
2026-04-02 15:01:52.157,22.3,101.2
2026-04-02 15:01:55.158,22.3,101.2
2026-04-02 15:01:58.407,22.3,101.2
2026-04-02 15:02:01.464,22.3,101.2
2026-04-02 15:02:04.428,22.3,101.2
2026-04-02 15:02:07.612,22.3,101.2
2026-04-02 15:02:10.780,22.3,101.2
2026-04-02 15:02:13.839,22.3,101.2
2026-04-02 15:02:16.821,22.3,101.2
2026-04-02 15:02:19.962,22.3,101.2
2026-04-02 15:02:23.062,22.3,101.2
2026-04-02 15:02:25.875,22.3,101.2
2026-04-02 15:02:28.991,22.3,101.2
2026-04-02 15:02:31.962,22.3,101.2
2026-04-02 15:02:35.008,22.3,101.2
2026-04-02 15:02:38.201,22.3,101.2
2026-04-02 15:02:41.526,22.3,101.2
2026-04-02 15:02:44.785,22.3,101.2
2026-04-02 15:02:47.615,22.3,101.2
2026-04-02 15:02:50.972,22.3,101.2
2026-04-02 15:02:53.898,22.3,101.2
2026-04-02 15:02:57.018,22.3,101.2
2026-04-02 15:03:00.080,22.3,101.2
2026-04-02 15:03:02.733,22.3,101.2
2026-04-02 15:03:05.977,22.3,101.2
2026-04-02 15:03:09.070,22.3,101.2
2026-04-02 15:03:12.066,22.3,101.2
2026-04-02 15:03:14.574,22.3,101.2
2026-04-02 15:03:19.342,22.3,101.2
2026-04-02 15:03:22.567,22.3,101.2
2026-04-02 15:03:25.715,22.3,101.2
2026-04-02 15:03:28.699,22.3,101.2
2026-04-02 15:03:31.945,22.3,101.2
2026-04-02 15:03:34.843,22.3,101.2
2026-04-02 15:03:37.799,22.3,101.2
2026-04-02 15:03:40.922,22.3,101.2
2026-04-02 15:03:43.182,22.3,101.2
2026-04-02 15:03:46.324,22.4,101.2
2026-04-02 15:03:49.454,22.3,101.2
2026-04-02 15:03:52.609,22.3,101.2
2026-04-02 15:03:55.905,22.3,101.2
2026-04-02 15:03:59.081,22.3,101.2
2026-04-02 15:04:02.246,22.3,101.2
2026-04-02 15:04:05.383,22.3,101.2
2026-04-02 15:04:08.009,22.3,101.2
2026-04-02 15:04:11.021,22.3,101.2
2026-04-02 15:04:14.181,22.3,101.2
2026-04-02 15:04:17.452,22.3,101.2
2026-04-02 15:04:20.514,22.3,101.2
2026-04-02 15:04:23.714,22.3,101.2
2026-04-02 15:04:26.622,22.3,101.2
2026-04-02 15:04:29.596,22.3,101.2
2026-04-02 15:04:32.723,22.3,101.2
2026-04-02 15:04:35.717,22.3,101.2
2026-04-02 15:04:38.890,22.3,101.2
2026-04-02 15:04:42.224,22.3,101.2
2026-04-02 15:04:45.465,22.3,101.2
2026-04-02 15:04:48.638,22.3,101.2
2026-04-02 15:04:51.709,22.3,101.2
2026-04-02 15:04:55.038,22.3,101.2
2026-04-02 15:04:58.163,22.3,101.2
2026-04-02 15:05:01.354,22.3,101.2
2026-04-02 15:05:04.310,22.3,101.2
2026-04-02 15:05:07.394,22.3,101.2
2026-04-02 15:05:10.624,22.3,101.2
2026-04-02 15:05:13.830,22.3,101.2
2026-04-02 15:05:17.045,22.3,101.2
2026-04-02 15:05:20.031,22.3,101.2
2026-04-02 15:05:22.964,22.3,101.2
2026-04-02 15:05:26.124,22.3,101.2
2026-04-02 15:05:29.178,22.3,101.2
2026-04-02 15:05:32.323,22.3,101.2
2026-04-02 15:05:35.297,22.3,101.2
2026-04-02 15:05:37.615,22.3,101.2
2026-04-02 15:05:40.390,22.3,101.2
2026-04-02 15:05:43.403,22.3,101.2
2026-04-02 15:05:46.493,22.3,101.2
2026-04-02 15:05:49.303,22.3,101.2
2026-04-02 15:05:52.428,22.3,101.2
2026-04-02 15:05:55.673,22.3,101.2
2026-04-02 15:05:59.010,22.3,101.2
2026-04-02 15:06:02.115,22.3,101.2
2026-04-02 15:06:05.172,22.3,101.2
2026-04-02 15:06:08.284,22.3,101.2
2026-04-02 15:06:11.422,22.3,101.2
2026-04-02 15:06:14.404,22.3,101.2
2026-04-02 15:06:17.171,22.3,101.2
2026-04-02 15:06:20.129,22.3,101.2
2026-04-02 15:06:23.222,22.3,101.2
2026-04-02 15:06:25.928,22.3,101.2
2026-04-02 15:06:29.023,22.3,101.2
2026-04-02 15:06:32.077,22.3,101.2
2026-04-02 15:06:34.498,22.3,101.2
2026-04-02 15:06:37.618,22.3,101.2
2026-04-02 15:06:40.635,22.3,101.2
2026-04-02 15:06:43.839,22.3,101.2
2026-04-02 15:06:46.732,22.3,101.2
2026-04-02 15:06:49.901,22.3,101.2
2026-04-02 15:06:52.998,22.3,101.2
2026-04-02 15:06:56.040,22.3,101.2
2026-04-02 15:06:58.702,22.3,101.2
2026-04-02 15:07:01.706,22.3,101.2
2026-04-02 15:07:04.385,22.3,101.2
2026-04-02 15:07:07.286,22.3,101.2
2026-04-02 15:07:09.793,22.3,101.2
2026-04-02 15:07:13.060,22.3,101.2
2026-04-02 15:07:16.051,22.3,101.2
2026-04-02 15:07:19.177,22.3,101.2
2026-04-02 15:07:21.780,22.3,101.2
2026-04-02 15:07:24.569,22.3,101.2
2026-04-02 15:07:27.546,22.3,101.2
2026-04-02 15:07:30.586,22.3,101.2
2026-04-02 15:07:33.646,22.3,101.2
2026-04-02 15:07:36.031,22.3,101.2
2026-04-02 15:07:38.605,22.3,101.2
2026-04-02 15:07:41.324,22.3,101.2
2026-04-02 15:07:44.140,22.3,101.2
2026-04-02 15:07:47.232,22.3,101.2
2026-04-02 15:07:50.169,22.3,101.2
2026-04-02 15:07:53.231,22.3,101.2
2026-04-02 15:07:56.192,22.3,101.2
2026-04-02 15:07:59.118,22.3,101.2
2026-04-02 15:08:02.204,22.3,101.2
2026-04-02 15:08:05.087,22.3,101.2
2026-04-02 15:08:08.238,22.3,101.2
2026-04-02 15:08:11.315,22.3,101.2
2026-04-02 15:08:14.385,22.3,101.2
2026-04-02 15:08:17.298,22.3,101.2
2026-04-02 15:08:20.279,22.3,101.2
2026-04-02 15:08:23.416,22.3,101.2
2026-04-02 15:08:26.416,22.3,101.2
2026-04-02 15:08:29.438,22.3,101.2
2026-04-02 15:08:32.208,22.3,101.2
2026-04-02 15:08:35.204,22.3,101.2
2026-04-02 15:08:37.974,22.3,101.2
2026-04-02 15:08:41.144,22.3,101.2
2026-04-02 15:08:44.390,22.3,101.2
2026-04-02 15:08:47.324,22.3,101.2
2026-04-02 15:08:50.270,22.3,101.2
2026-04-02 15:08:53.508,22.3,101.2
2026-04-02 15:08:56.591,22.3,101.2
2026-04-02 15:08:59.502,22.3,101.2
2026-04-02 15:09:02.398,22.3,101.2
2026-04-02 15:09:05.306,22.3,101.2
2026-04-02 15:09:08.265,22.3,101.2
2026-04-02 15:09:11.473,22.3,101.2
2026-04-02 15:09:14.409,22.3,101.2
2026-04-02 15:09:17.068,22.3,101.2
2026-04-02 15:09:20.176,22.3,101.2
2026-04-02 15:09:23.338,22.3,101.2
2026-04-02 15:09:28.124,22.3,101.2
2026-04-02 15:09:31.128,22.3,101.2
2026-04-02 15:09:33.794,22.3,101.2
2026-04-02 15:09:36.894,22.3,101.2
2026-04-02 15:09:39.560,22.3,101.2
2026-04-02 15:09:42.635,22.3,101.2
2026-04-02 15:09:45.674,22.3,101.2
2026-04-02 15:09:48.172,22.3,101.2
2026-04-02 15:09:51.325,22.3,101.2
2026-04-02 15:09:53.699,22.3,101.2
2026-04-02 15:09:57.944,22.3,101.2
2026-04-02 15:10:01.200,22.3,101.2
2026-04-02 15:10:04.293,22.3,101.2
2026-04-02 15:10:07.373,22.3,101.2
2026-04-02 15:10:10.541,22.3,101.2
2026-04-02 15:10:13.518,22.3,101.2
2026-04-02 15:10:16.524,22.3,101.2
2026-04-02 15:10:19.783,22.3,101.2
2026-04-02 15:10:22.969,22.3,101.2
2026-04-02 15:10:25.772,22.3,101.2
2026-04-02 15:10:28.857,22.3,101.2
2026-04-02 15:10:31.723,22.3,101.2
2026-04-02 15:10:34.593,22.3,101.2
2026-04-02 15:10:37.691,22.3,101.2
2026-04-02 15:10:42.701,22.3,101.2
2026-04-02 15:10:45.920,22.3,101.2
2026-04-02 15:10:49.034,22.3,101.2
2026-04-02 15:10:52.010,22.3,101.2
2026-04-02 15:10:55.145,22.3,101.2
2026-04-02 15:10:57.974,22.3,101.2
2026-04-02 15:11:01.202,22.3,101.2
2026-04-02 15:11:04.183,22.3,101.2
2026-04-02 15:11:07.204,22.3,101.2
2026-04-02 15:11:09.659,22.3,101.2
2026-04-02 15:11:12.053,22.3,101.2
2026-04-02 15:11:14.702,22.3,101.2
2026-04-02 15:11:17.844,22.3,101.2
2026-04-02 15:11:20.803,22.3,101.2
2026-04-02 15:11:23.903,22.3,101.2
2026-04-02 15:11:26.675,22.3,101.2
2026-04-02 15:11:29.767,22.3,101.2
2026-04-02 15:11:32.207,22.3,101.2
2026-04-02 15:11:35.188,22.3,101.2
2026-04-02 15:11:38.361,22.3,101.2
2026-04-02 15:11:40.956,22.3,101.2
2026-04-02 15:11:43.887,22.3,101.2
2026-04-02 15:11:46.941,22.3,101.2
2026-04-02 15:11:50.066,22.3,101.2
2026-04-02 15:11:53.112,22.3,101.2
2026-04-02 15:11:56.441,22.3,101.2
2026-04-02 15:11:59.190,22.3,101.2
2026-04-02 15:12:01.947,22.3,101.2
2026-04-02 15:12:05.036,22.3,101.2
2026-04-02 15:12:08.141,22.3,101.2
2026-04-02 15:12:11.132,22.3,101.2
2026-04-02 15:12:14.040,22.3,101.2
2026-04-02 15:12:17.193,22.3,101.2
2026-04-02 15:12:20.283,22.4,101.2
2026-04-02 15:12:23.350,22.3,101.2
2026-04-02 15:12:26.549,22.3,101.2
2026-04-02 15:12:29.560,22.3,101.2
2026-04-02 15:12:32.761,22.3,101.2
2026-04-02 15:12:35.712,22.3,101.2
2026-04-02 15:12:38.575,22.3,101.2
2026-04-02 15:12:41.597,22.3,101.2
2026-04-02 15:12:44.228,22.3,101.2
2026-04-02 15:12:47.540,22.3,101.2
2026-04-02 15:12:50.665,22.3,101.2
2026-04-02 15:12:53.752,22.3,101.2
2026-04-02 15:12:56.773,22.3,101.2
2026-04-02 15:12:59.827,22.3,101.2
2026-04-02 15:13:02.778,22.3,101.2
2026-04-02 15:13:05.635,22.3,101.2
2026-04-02 15:13:08.108,22.3,101.2
2026-04-02 15:13:11.368,22.3,101.2
2026-04-02 15:13:14.687,22.3,101.2
2026-04-02 15:13:17.835,22.3,101.2
2026-04-02 15:13:20.972,22.3,101.2
2026-04-02 15:13:24.332,22.3,101.2
2026-04-02 15:13:27.331,22.3,101.2
2026-04-02 15:13:31.643,22.3,101.2
2026-04-02 15:13:34.889,22.3,101.2
2026-04-02 15:13:37.858,22.3,101.2
2026-04-02 15:13:41.018,22.3,101.2
2026-04-02 15:13:44.012,22.3,101.2
2026-04-02 15:13:46.548,22.3,101.2
2026-04-02 15:13:49.746,22.3,101.2
2026-04-02 15:13:52.858,22.3,101.2
2026-04-02 15:13:55.580,22.3,101.2
2026-04-02 15:13:58.616,22.3,101.2
2026-04-02 15:14:01.782,22.3,101.2
2026-04-02 15:14:04.783,22.3,101.2
2026-04-02 15:14:07.631,22.3,101.2
2026-04-02 15:14:11.774,22.3,101.2
2026-04-02 15:14:14.163,22.3,101.2
2026-04-02 15:14:17.371,22.3,101.2
2026-04-02 15:14:20.198,22.3,101.2
2026-04-02 15:14:23.310,22.3,101.2
2026-04-02 15:14:26.334,22.3,101.2
2026-04-02 15:14:29.288,22.3,101.2
2026-04-02 15:14:32.559,22.3,101.2
2026-04-02 15:14:35.696,22.3,101.2
2026-04-02 15:14:38.733,22.3,101.2
2026-04-02 15:14:41.684,22.3,101.2
2026-04-02 15:14:44.704,22.3,101.2
2026-04-02 15:14:47.574,22.3,101.2
2026-04-02 15:14:50.702,22.3,101.2
2026-04-02 15:14:53.696,22.3,101.2
2026-04-02 15:14:57.853,22.3,101.2
2026-04-02 15:15:00.882,22.3,101.2
2026-04-02 15:15:03.659,22.3,101.2
2026-04-02 15:15:06.572,22.3,101.2
2026-04-02 15:15:09.608,22.3,101.2
2026-04-02 15:15:12.622,22.3,101.2
2026-04-02 15:15:15.763,22.3,101.2
2026-04-02 15:15:18.746,22.3,101.2
2026-04-02 15:15:22.015,22.3,101.2
2026-04-02 15:15:24.915,22.3,101.2
2026-04-02 15:15:27.816,22.3,101.2
2026-04-02 15:15:30.865,22.3,101.2
2026-04-02 15:15:33.763,22.3,101.2
2026-04-02 15:15:36.996,22.3,101.2
2026-04-02 15:15:40.219,22.3,101.2
2026-04-02 15:15:43.686,22.3,101.2
2026-04-02 15:15:46.783,22.3,101.2
2026-04-02 15:15:50.003,22.3,101.2
2026-04-02 15:15:53.117,22.3,101.2
2026-04-02 15:15:56.267,22.3,101.2
2026-04-02 15:15:59.462,22.3,101.2
2026-04-02 15:16:02.553,22.3,101.2
2026-04-02 15:16:05.632,22.3,101.2
2026-04-02 15:16:08.300,22.3,101.2
2026-04-02 15:16:11.712,22.3,101.2
2026-04-02 15:16:14.630,22.3,101.2
2026-04-02 15:16:17.579,22.3,101.2
2026-04-02 15:16:20.340,22.3,101.2
2026-04-02 15:16:23.283,22.3,101.2
2026-04-02 15:16:25.929,22.3,101.2
2026-04-02 15:16:28.905,22.3,101.2
2026-04-02 15:16:31.755,22.3,101.2
2026-04-02 15:16:34.706,22.3,101.2
2026-04-02 15:16:37.740,22.3,101.2
2026-04-02 15:16:40.721,22.3,101.2
2026-04-02 15:16:43.527,22.3,101.2
2026-04-02 15:16:46.660,22.3,101.2
2026-04-02 15:16:49.482,22.3,101.2
2026-04-02 15:16:52.322,22.3,101.2
2026-04-02 15:16:55.472,22.3,101.2
2026-04-02 15:16:58.566,22.3,101.2
2026-04-02 15:17:01.646,22.3,101.2
2026-04-02 15:17:04.106,22.3,101.2
2026-04-02 15:17:07.155,22.3,101.2
2026-04-02 15:17:09.958,22.3,101.2
2026-04-02 15:17:13.002,22.3,101.2
2026-04-02 15:17:15.961,22.3,101.2
2026-04-02 15:17:18.534,22.3,101.2
2026-04-02 15:17:21.565,22.3,101.2
2026-04-02 15:17:24.222,22.3,101.2
2026-04-02 15:17:27.072,22.3,101.2
2026-04-02 15:17:30.252,22.3,101.2
2026-04-02 15:17:33.311,22.3,101.2
2026-04-02 15:17:36.169,22.3,101.2
2026-04-02 15:17:39.402,22.3,101.2
2026-04-02 15:17:42.117,22.3,101.2
2026-04-02 15:17:45.013,22.3,101.2
2026-04-02 15:17:48.057,22.3,101.2
2026-04-02 15:17:51.029,22.3,101.2
2026-04-02 15:17:54.190,22.3,101.2
2026-04-02 15:17:57.411,22.3,101.2
2026-04-02 15:18:00.546,22.3,101.2
2026-04-02 15:18:03.485,22.3,101.2
2026-04-02 15:18:06.560,22.3,101.2
2026-04-02 15:18:09.632,22.3,101.2
2026-04-02 15:18:12.742,22.3,101.2
2026-04-02 15:18:15.413,22.3,101.2
2026-04-02 15:18:18.478,22.3,101.2
2026-04-02 15:18:21.488,22.3,101.2
2026-04-02 15:18:24.326,22.3,101.2
2026-04-02 15:18:27.529,22.3,101.2
2026-04-02 15:18:30.715,22.3,101.2
2026-04-02 15:18:33.525,22.3,101.2
2026-04-02 15:18:36.295,22.3,101.2
2026-04-02 15:18:39.415,22.3,101.2
2026-04-02 15:18:42.553,22.3,101.2
2026-04-02 15:18:45.590,22.3,101.2
2026-04-02 15:18:48.647,22.3,101.2
2026-04-02 15:18:51.389,22.3,101.2
2026-04-02 15:18:54.527,22.3,101.2
2026-04-02 15:18:57.317,22.3,101.2
2026-04-02 15:19:00.533,22.3,101.2
2026-04-02 15:19:03.479,22.3,101.2
2026-04-02 15:19:06.485,22.3,101.2
2026-04-02 15:19:09.695,22.3,101.2
2026-04-02 15:19:12.752,22.3,101.2
2026-04-02 15:19:15.338,22.3,101.2
2026-04-02 15:19:18.412,22.3,101.2
2026-04-02 15:19:21.033,22.3,101.2
2026-04-02 15:19:24.093,22.3,101.2
2026-04-02 15:19:27.236,22.3,101.2
2026-04-02 15:19:29.827,22.3,101.2
2026-04-02 15:19:32.808,22.3,101.2
2026-04-02 15:19:35.700,22.3,101.2
2026-04-02 15:19:39.040,22.3,101.2
2026-04-02 15:19:42.165,22.3,101.2
2026-04-02 15:19:44.993,22.3,101.2
2026-04-02 15:19:48.113,22.3,101.2
2026-04-02 15:19:51.004,22.3,101.2
2026-04-02 15:19:53.910,22.3,101.2
2026-04-02 15:19:56.932,22.3,101.2
2026-04-02 15:20:00.085,22.3,101.2
2026-04-02 15:20:02.936,22.3,101.2
2026-04-02 15:20:06.167,22.3,101.2
2026-04-02 15:20:09.123,22.3,101.2
2026-04-02 15:20:12.321,22.3,101.2
2026-04-02 15:20:15.285,22.3,101.2
2026-04-02 15:20:18.345,22.3,101.2
2026-04-02 15:20:21.478,22.3,101.2
2026-04-02 15:20:24.674,22.3,101.2
2026-04-02 15:20:27.650,22.3,101.2
2026-04-02 15:20:30.818,22.3,101.2
2026-04-02 15:20:34.047,22.3,101.2
2026-04-02 15:20:37.149,22.3,101.2
2026-04-02 15:20:40.323,22.3,101.2
2026-04-02 15:20:43.168,22.3,101.2
2026-04-02 15:20:46.264,22.3,101.2
2026-04-02 15:20:49.236,22.3,101.2
2026-04-02 15:20:52.498,22.3,101.2
2026-04-02 15:20:55.462,22.3,101.2
2026-04-02 15:20:58.627,22.3,101.2
2026-04-02 15:21:01.536,22.3,101.2
2026-04-02 15:21:04.268,22.3,101.2
2026-04-02 15:21:07.322,22.3,101.2
2026-04-02 15:21:10.190,22.3,101.2
2026-04-02 15:21:13.255,22.3,101.2
2026-04-02 15:21:16.330,22.3,101.2
2026-04-02 15:21:19.505,22.3,101.2
2026-04-02 15:21:22.511,22.3,101.2
2026-04-02 15:21:25.359,22.3,101.2
2026-04-02 15:21:28.541,22.3,101.2
2026-04-02 15:21:31.471,22.3,101.2
2026-04-02 15:21:34.556,22.3,101.2
2026-04-02 15:21:37.603,22.3,101.2
2026-04-02 15:21:40.582,22.3,101.2
2026-04-02 15:21:43.552,22.3,101.2
2026-04-02 15:21:46.619,22.3,101.2
2026-04-02 15:21:49.512,22.3,101.2
2026-04-02 15:21:52.352,22.3,101.2
2026-04-02 15:21:55.439,22.3,101.2
2026-04-02 15:21:58.524,22.3,101.2
2026-04-02 15:22:03.544,22.4,101.2
2026-04-02 15:22:06.543,22.3,101.2
2026-04-02 15:22:09.671,22.3,101.2
2026-04-02 15:22:12.579,22.3,101.2
2026-04-02 15:22:15.655,22.3,101.2
2026-04-02 15:22:18.651,22.3,101.2
2026-04-02 15:22:21.711,22.3,101.2
2026-04-02 15:22:24.712,22.3,101.2
2026-04-02 15:22:27.549,22.3,101.2
2026-04-02 15:22:30.856,22.3,101.2
2026-04-02 15:22:33.847,22.3,101.2
2026-04-02 15:22:36.877,22.3,101.2
2026-04-02 15:22:39.974,22.3,101.2
2026-04-02 15:22:43.192,22.3,101.2
2026-04-02 15:22:46.043,22.3,101.2
2026-04-02 15:22:49.026,22.3,101.2
2026-04-02 15:22:52.240,22.3,101.2
2026-04-02 15:22:55.412,22.3,101.2
2026-04-02 15:22:58.487,22.3,101.2
2026-04-02 15:23:01.556,22.3,101.2
2026-04-02 15:23:04.195,22.3,101.2
2026-04-02 15:23:07.393,22.3,101.2
2026-04-02 15:23:10.478,22.3,101.2
2026-04-02 15:23:13.600,22.3,101.2
2026-04-02 15:23:16.201,22.3,101.2
2026-04-02 15:23:19.607,22.3,101.2
2026-04-02 15:23:22.699,22.3,101.2
2026-04-02 15:23:25.638,22.3,101.2
2026-04-02 15:23:28.618,22.2,101.2
2026-04-02 15:23:31.728,22.3,101.2
2026-04-02 15:23:34.738,22.3,101.2
2026-04-02 15:23:37.629,22.3,101.2
2026-04-02 15:23:40.628,22.3,101.2
2026-04-02 15:23:43.493,22.3,101.2
2026-04-02 15:23:46.472,22.3,101.2
2026-04-02 15:23:49.285,22.3,101.2
2026-04-02 15:23:51.982,22.3,101.2
2026-04-02 15:23:55.089,22.3,101.2
2026-04-02 15:23:58.167,22.3,101.2
2026-04-02 15:24:01.120,22.3,101.2
2026-04-02 15:24:04.412,22.3,101.2
2026-04-02 15:24:07.487,22.3,101.2
2026-04-02 15:24:10.658,22.3,101.2
2026-04-02 15:24:13.627,22.3,101.2
2026-04-02 15:24:18.439,22.3,101.2
2026-04-02 15:24:21.434,22.3,101.2
2026-04-02 15:24:24.333,22.3,101.2
2026-04-02 15:24:27.522,22.3,101.2
2026-04-02 15:24:30.494,22.3,101.2
2026-04-02 15:24:33.420,22.3,101.2
2026-04-02 15:24:36.399,22.3,101.2
2026-04-02 15:24:39.233,22.3,101.2
2026-04-02 15:24:42.348,22.3,101.2
2026-04-02 15:24:44.984,22.3,101.2
2026-04-02 15:24:48.139,22.3,101.2
2026-04-02 15:24:51.008,22.3,101.2
2026-04-02 15:24:53.815,22.3,101.2
2026-04-02 15:24:56.834,22.3,101.2
2026-04-02 15:24:59.899,22.3,101.2
2026-04-02 15:25:02.750,22.3,101.2
2026-04-02 15:25:05.916,22.3,101.2
2026-04-02 15:25:09.057,22.3,101.2
2026-04-02 15:25:12.190,22.3,101.2
2026-04-02 15:25:15.277,22.3,101.2
2026-04-02 15:25:17.550,22.3,101.2
2026-04-02 15:25:20.613,22.3,101.2
2026-04-02 15:25:23.564,22.3,101.2
2026-04-02 15:25:26.503,22.3,101.2
2026-04-02 15:25:29.404,22.3,101.2
2026-04-02 15:25:32.368,22.3,101.2
2026-04-02 15:25:35.393,22.3,101.2
2026-04-02 15:25:38.639,22.3,101.2
2026-04-02 15:25:41.618,22.3,101.2
2026-04-02 15:25:44.600,22.3,101.2
2026-04-02 15:25:47.596,22.3,101.2
2026-04-02 15:25:50.548,22.3,101.2
2026-04-02 15:25:53.600,22.3,101.2
2026-04-02 15:25:56.300,22.3,101.2
2026-04-02 15:25:59.042,22.3,101.2
2026-04-02 15:26:02.266,22.3,101.2
2026-04-02 15:26:05.161,22.3,101.2
2026-04-02 15:26:08.004,22.3,101.2
2026-04-02 15:26:10.554,22.3,101.2
2026-04-02 15:26:13.533,22.3,101.2
2026-04-02 15:26:16.414,22.3,101.2
2026-04-02 15:26:19.450,22.3,101.2
2026-04-02 15:26:22.408,22.3,101.2
2026-04-02 15:26:25.002,22.3,101.2
2026-04-02 15:26:28.165,22.3,101.2
2026-04-02 15:26:31.071,22.3,101.2
2026-04-02 15:26:33.964,22.3,101.2
2026-04-02 15:26:36.989,22.3,101.2
2026-04-02 15:26:39.993,22.3,101.2
2026-04-02 15:26:42.884,22.3,101.2
2026-04-02 15:26:46.148,22.3,101.2
2026-04-02 15:26:49.369,22.3,101.2
2026-04-02 15:26:52.371,22.3,101.2
2026-04-02 15:26:55.156,22.3,101.2
2026-04-02 15:26:57.792,22.3,101.2
2026-04-02 15:27:00.912,22.3,101.2
2026-04-02 15:27:04.001,22.3,101.2
2026-04-02 15:27:07.051,22.3,101.2
2026-04-02 15:27:09.909,22.3,101.2
2026-04-02 15:27:12.817,22.3,101.2
2026-04-02 15:27:15.884,22.3,101.2
2026-04-02 15:27:19.021,22.3,101.2
2026-04-02 15:27:21.950,22.3,101.2
2026-04-02 15:27:24.875,22.3,101.2
2026-04-02 15:27:27.645,22.3,101.2
2026-04-02 15:27:30.817,22.3,101.2
2026-04-02 15:27:33.804,22.3,101.2
2026-04-02 15:27:36.684,22.3,101.2
2026-04-02 15:27:39.789,22.3,101.2
2026-04-02 15:27:42.747,22.3,101.2
2026-04-02 15:27:45.829,22.3,101.2
2026-04-02 15:27:48.899,22.3,101.2
2026-04-02 15:27:51.979,22.3,101.2
2026-04-02 15:27:54.841,22.3,101.2
2026-04-02 15:27:58.032,22.3,101.2
2026-04-02 15:28:00.887,22.3,101.2
2026-04-02 15:28:03.574,22.3,101.2
2026-04-02 15:28:06.565,22.3,101.2
2026-04-02 15:28:09.516,22.3,101.2
2026-04-02 15:28:12.449,22.3,101.2
2026-04-02 15:28:15.668,22.3,101.2
2026-04-02 15:28:18.896,22.3,101.2
2026-04-02 15:28:22.043,22.3,101.2
2026-04-02 15:28:25.032,22.3,101.2
2026-04-02 15:28:28.049,22.3,101.2
2026-04-02 15:28:31.204,22.3,101.2
2026-04-02 15:28:34.261,22.3,101.2
2026-04-02 15:28:37.257,22.3,101.2
2026-04-02 15:28:40.496,22.3,101.2
2026-04-02 15:28:43.833,22.3,101.2
2026-04-02 15:28:46.678,22.3,101.2
2026-04-02 15:28:49.856,22.3,101.2
2026-04-02 15:28:53.161,22.2,101.2
2026-04-02 15:28:56.185,22.3,101.2
2026-04-02 15:28:59.232,22.3,101.2
2026-04-02 15:29:02.236,22.3,101.2
2026-04-02 15:29:04.888,22.3,101.2
2026-04-02 15:29:07.930,22.3,101.2
2026-04-02 15:29:10.524,22.3,101.2
2026-04-02 15:29:13.568,22.3,101.2
2026-04-02 15:29:18.527,22.3,101.2
2026-04-02 15:29:21.329,22.3,101.2
2026-04-02 15:29:24.399,22.2,101.2
2026-04-02 15:29:27.302,22.3,101.2
2026-04-02 15:29:30.211,22.3,101.2
2026-04-02 15:29:33.099,22.3,101.2
2026-04-02 15:29:36.167,22.3,101.2
2026-04-02 15:29:39.103,22.3,101.2
2026-04-02 15:29:41.851,22.3,101.2
2026-04-02 15:29:44.783,22.3,101.2
2026-04-02 15:29:47.906,22.3,101.2
2026-04-02 15:29:50.728,22.3,101.2
2026-04-02 15:29:53.798,22.3,101.2
2026-04-02 15:29:56.856,22.3,101.2
2026-04-02 15:29:59.798,22.3,101.2
2026-04-02 15:30:02.433,22.3,101.2
2026-04-02 15:30:04.916,22.2,101.2
2026-04-02 15:30:08.241,22.2,101.2
2026-04-02 15:30:11.334,22.3,101.2
2026-04-02 15:30:14.216,22.3,101.2
2026-04-02 15:30:16.993,22.3,101.2
2026-04-02 15:30:20.015,22.3,101.2
2026-04-02 15:30:22.804,22.3,101.2
2026-04-02 15:30:25.670,22.3,101.2
2026-04-02 15:30:28.551,22.3,101.2
2026-04-02 15:30:31.564,22.3,101.2
2026-04-02 15:30:34.574,22.3,101.2
2026-04-02 15:30:37.699,22.3,101.2
2026-04-02 15:30:40.613,22.3,101.2
2026-04-02 15:30:43.537,22.3,101.2
2026-04-02 15:30:46.489,22.3,101.2
2026-04-02 15:30:49.529,22.3,101.2
2026-04-02 15:30:52.418,22.3,101.2
2026-04-02 15:30:55.357,22.3,101.2
2026-04-02 15:30:58.558,22.2,101.2
2026-04-02 15:31:01.421,22.2,101.2
2026-04-02 15:31:04.043,22.2,101.2
2026-04-02 15:31:06.873,22.3,101.2
2026-04-02 15:31:09.951,22.2,101.2
2026-04-02 15:31:13.036,22.3,101.2
2026-04-02 15:31:16.197,22.3,101.2
2026-04-02 15:31:19.310,22.2,101.2
2026-04-02 15:31:22.392,22.3,101.2
2026-04-02 15:31:25.125,22.2,101.2
2026-04-02 15:31:27.996,22.3,101.2
2026-04-02 15:31:31.177,22.3,101.2
2026-04-02 15:31:34.083,22.3,101.2
2026-04-02 15:31:37.295,22.2,101.2
2026-04-02 15:31:40.433,22.3,101.2
2026-04-02 15:31:43.372,22.3,101.2
2026-04-02 15:31:46.404,22.3,101.2
2026-04-02 15:31:49.005,22.3,101.2
2026-04-02 15:31:52.040,22.3,101.2
2026-04-02 15:31:55.068,22.3,101.2
2026-04-02 15:31:57.971,22.3,101.2
2026-04-02 15:32:00.842,22.3,101.2
2026-04-02 15:32:03.600,22.3,101.2
2026-04-02 15:32:06.526,22.3,101.2
2026-04-02 15:32:09.458,22.3,101.2
2026-04-02 15:32:12.468,22.3,101.2
2026-04-02 15:32:15.569,22.3,101.2
2026-04-02 15:32:18.541,22.3,101.2
2026-04-02 15:32:21.447,22.3,101.2
2026-04-02 15:32:24.451,22.3,101.2
2026-04-02 15:32:27.512,22.3,101.2
2026-04-02 15:32:30.320,22.3,101.2
2026-04-02 15:32:33.317,22.3,101.2
2026-04-02 15:32:36.319,22.3,101.2
2026-04-02 15:32:39.376,22.2,101.2
2026-04-02 15:32:42.473,22.2,101.2
2026-04-02 15:32:45.505,22.2,101.2
2026-04-02 15:32:48.631,22.2,101.2
2026-04-02 15:32:51.842,22.3,101.2
2026-04-02 15:32:54.748,22.2,101.2
2026-04-02 15:32:57.748,22.3,101.2
2026-04-02 15:33:00.929,22.3,101.2
2026-04-02 15:33:04.021,22.2,101.2
2026-04-02 15:33:07.106,22.3,101.2
2026-04-02 15:33:10.196,22.3,101.2
2026-04-02 15:33:13.294,22.3,101.2
2026-04-02 15:33:16.328,22.3,101.2
2026-04-02 15:33:19.310,22.3,101.2
2026-04-02 15:33:22.254,22.3,101.2
2026-04-02 15:33:25.334,22.3,101.2
2026-04-02 15:33:28.387,22.3,101.2
2026-04-02 15:33:31.326,22.3,101.2
2026-04-02 15:33:34.212,22.3,101.2
2026-04-02 15:33:36.984,22.3,101.2
2026-04-02 15:33:39.825,22.3,101.2
2026-04-02 15:33:42.996,22.3,101.2
2026-04-02 15:33:46.091,22.3,101.2
2026-04-02 15:33:49.224,22.3,101.2
2026-04-02 15:33:52.465,22.3,101.2
2026-04-02 15:33:55.453,22.3,101.2
2026-04-02 15:33:58.503,22.3,101.2
2026-04-02 15:34:01.394,22.3,101.2
2026-04-02 15:34:04.562,22.3,101.2
2026-04-02 15:34:07.733,22.3,101.2
2026-04-02 15:34:10.800,22.3,101.2
2026-04-02 15:34:13.709,22.3,101.2
2026-04-02 15:34:16.396,22.3,101.2
2026-04-02 15:34:19.430,22.3,101.2
2026-04-02 15:34:22.480,22.3,101.2
2026-04-02 15:34:25.414,22.3,101.2
2026-04-02 15:34:28.633,22.3,101.2
2026-04-02 15:34:31.809,22.3,101.2
2026-04-02 15:34:34.685,22.3,101.2
2026-04-02 15:34:38.085,22.3,101.2
2026-04-02 15:34:41.077,22.3,101.2
2026-04-02 15:34:44.246,22.3,101.2
2026-04-02 15:34:47.293,22.2,101.2
2026-04-02 15:34:50.378,22.2,101.2
2026-04-02 15:34:52.775,22.2,101.2
2026-04-02 15:34:55.868,22.2,101.2
2026-04-02 15:34:58.597,22.2,101.2
2026-04-02 15:35:01.631,22.2,101.2
2026-04-02 15:35:04.648,22.2,101.2
2026-04-02 15:35:07.458,22.2,101.2
2026-04-02 15:35:10.296,22.3,101.2
2026-04-02 15:35:12.905,22.3,101.2
2026-04-02 15:35:16.151,22.3,101.2
2026-04-02 15:35:19.220,22.3,101.2
2026-04-02 15:35:21.978,22.3,101.2
2026-04-02 15:35:25.068,22.3,101.2
2026-04-02 15:35:28.175,22.3,101.2
2026-04-02 15:35:31.159,22.3,101.2
2026-04-02 15:35:33.745,22.3,101.2
2026-04-02 15:35:36.810,22.3,101.2
2026-04-02 15:35:39.794,22.3,101.2
2026-04-02 15:35:42.987,22.3,101.2
2026-04-02 15:35:46.213,22.3,101.2
2026-04-02 15:35:49.038,22.2,101.2
2026-04-02 15:35:51.951,22.3,101.2
2026-04-02 15:35:55.107,22.3,101.2
2026-04-02 15:35:58.249,22.3,101.2
2026-04-02 15:36:01.231,22.3,101.2
2026-04-02 15:36:04.402,22.3,101.2
2026-04-02 15:36:07.423,22.3,101.2
2026-04-02 15:36:10.632,22.3,101.2
2026-04-02 15:36:13.638,22.3,101.2
2026-04-02 15:36:16.461,22.3,101.2
2026-04-02 15:36:19.322,22.3,101.2
2026-04-02 15:36:22.371,22.3,101.2
2026-04-02 15:36:25.405,22.3,101.2
2026-04-02 15:36:28.160,22.3,101.2
2026-04-02 15:36:31.122,22.3,101.2
2026-04-02 15:36:34.078,22.3,101.2
2026-04-02 15:36:37.060,22.3,101.2
2026-04-02 15:36:40.165,22.3,101.2
2026-04-02 15:36:43.067,22.3,101.2
2026-04-02 15:36:46.200,22.3,101.2
2026-04-02 15:36:49.127,22.3,101.2
2026-04-02 15:36:52.091,22.3,101.2
2026-04-02 15:36:54.955,22.3,101.2
2026-04-02 15:36:57.974,22.3,101.2
2026-04-02 15:37:00.966,22.3,101.2
2026-04-02 15:37:04.172,22.3,101.2
2026-04-02 15:37:06.894,22.3,101.2
2026-04-02 15:37:09.725,22.3,101.2
2026-04-02 15:37:12.764,22.3,101.2
2026-04-02 15:37:15.880,22.3,101.2
2026-04-02 15:37:18.496,22.3,101.2
2026-04-02 15:37:21.476,22.3,101.2
2026-04-02 15:37:24.213,22.3,101.2
2026-04-02 15:37:27.243,22.3,101.2
2026-04-02 15:37:29.741,22.3,101.2
2026-04-02 15:37:32.806,22.3,101.2
2026-04-02 15:37:35.705,22.3,101.2
2026-04-02 15:37:38.820,22.3,101.2
2026-04-02 15:37:41.963,22.3,101.2
2026-04-02 15:37:45.046,22.3,101.2
2026-04-02 15:37:48.058,22.3,101.2
2026-04-02 15:37:51.022,22.3,101.2
2026-04-02 15:37:53.724,22.3,101.2
2026-04-02 15:37:56.715,22.3,101.2
2026-04-02 15:37:59.195,22.3,101.2
2026-04-02 15:38:01.751,22.3,101.2
2026-04-02 15:38:04.823,22.3,101.2
2026-04-02 15:38:07.726,22.3,101.2
2026-04-02 15:38:10.695,22.2,101.2
2026-04-02 15:38:13.682,22.3,101.2
2026-04-02 15:38:16.398,22.3,101.2
2026-04-02 15:38:19.352,22.2,101.2
2026-04-02 15:38:22.230,22.2,101.2
2026-04-02 15:38:24.970,22.3,101.2
2026-04-02 15:38:27.878,22.3,101.2
2026-04-02 15:38:30.290,22.3,101.2
2026-04-02 15:38:33.083,22.3,101.2
2026-04-02 15:38:35.954,22.3,101.2
2026-04-02 15:38:38.348,22.3,101.2
2026-04-02 15:38:41.504,22.3,101.2
2026-04-02 15:38:44.621,22.3,101.2
2026-04-02 15:38:47.542,22.3,101.2
2026-04-02 15:38:50.427,22.3,101.2
2026-04-02 15:38:53.459,22.3,101.2
2026-04-02 15:38:56.138,22.3,101.2
2026-04-02 15:38:59.061,22.3,101.2
2026-04-02 15:39:01.798,22.3,101.2
2026-04-02 15:39:04.731,22.3,101.2
2026-04-02 15:39:07.536,22.3,101.2
2026-04-02 15:39:10.588,22.2,101.2
2026-04-02 15:39:13.683,22.3,101.2
2026-04-02 15:39:16.020,22.3,101.2
2026-04-02 15:39:19.117,22.3,101.2
2026-04-02 15:39:22.143,22.3,101.2
2026-04-02 15:39:24.857,22.3,101.2
2026-04-02 15:39:27.534,22.3,101.2
2026-04-02 15:39:30.487,22.3,101.2
2026-04-02 15:39:33.468,22.3,101.2
2026-04-02 15:39:36.109,22.3,101.2
2026-04-02 15:39:38.378,22.3,101.2
2026-04-02 15:39:41.233,22.3,101.2
2026-04-02 15:39:44.081,22.3,101.2
2026-04-02 15:39:46.588,22.3,101.2
2026-04-02 15:39:49.413,22.3,101.2
2026-04-02 15:39:51.996,22.3,101.2
2026-04-02 15:39:55.053,22.3,101.2
2026-04-02 15:39:57.694,22.3,101.2
2026-04-02 15:40:00.625,22.3,101.2
2026-04-02 15:40:03.331,22.3,101.2
2026-04-02 15:40:06.270,22.3,101.2
2026-04-02 15:40:09.073,22.3,101.2
2026-04-02 15:40:12.178,22.3,101.2
2026-04-02 15:40:15.306,22.3,101.2
2026-04-02 15:40:18.464,22.3,101.2
2026-04-02 15:40:21.430,22.3,101.2
2026-04-02 15:40:24.419,22.3,101.2
2026-04-02 15:40:27.217,22.3,101.2
2026-04-02 15:40:30.199,22.3,101.2
2026-04-02 15:40:33.001,22.3,101.2
2026-04-02 15:40:36.099,22.3,101.2
2026-04-02 15:40:39.212,22.3,101.2
2026-04-02 15:40:42.246,22.3,101.2
2026-04-02 15:40:45.286,22.3,101.2
2026-04-02 15:40:48.374,22.3,101.2
2026-04-02 15:40:51.267,22.3,101.2
2026-04-02 15:40:54.223,22.3,101.2
2026-04-02 15:40:57.252,22.3,101.2
2026-04-02 15:41:00.397,22.3,101.2
2026-04-02 15:41:03.643,22.3,101.2
2026-04-02 15:41:06.423,22.3,101.2
2026-04-02 15:41:09.531,22.3,101.2
2026-04-02 15:41:12.681,22.3,101.2
2026-04-02 15:41:15.302,22.2,101.2
2026-04-02 15:41:18.301,22.3,101.2
2026-04-02 15:41:20.910,22.3,101.2
2026-04-02 15:41:23.828,22.3,101.2
2026-04-02 15:41:26.686,22.3,101.2
2026-04-02 15:41:29.787,22.3,101.2
2026-04-02 15:41:32.869,22.3,101.2
2026-04-02 15:41:36.027,22.3,101.2
2026-04-02 15:41:39.072,22.3,101.2
2026-04-02 15:41:41.657,22.3,101.2
2026-04-02 15:41:44.082,22.3,101.2
2026-04-02 15:41:46.688,22.3,101.2
2026-04-02 15:41:49.697,22.2,101.2
2026-04-02 15:41:52.847,22.3,101.2
2026-04-02 15:41:55.350,22.3,101.2
2026-04-02 15:41:58.281,22.2,101.2
2026-04-02 15:42:01.381,22.2,101.2
2026-04-02 15:42:04.516,22.2,101.2
2026-04-02 15:42:07.490,22.2,101.2
2026-04-02 15:42:10.572,22.3,101.2
2026-04-02 15:42:13.496,22.3,101.2
2026-04-02 15:42:16.253,22.3,101.2
2026-04-02 15:42:19.664,22.3,101.2
2026-04-02 15:42:22.550,22.3,101.2
2026-04-02 15:42:25.390,22.3,101.2
2026-04-02 15:42:28.407,22.3,101.2
2026-04-02 15:42:31.366,22.3,101.2
2026-04-02 15:42:34.451,22.3,101.2
2026-04-02 15:42:37.082,22.3,101.2
2026-04-02 15:42:39.983,22.3,101.2
2026-04-02 15:42:42.909,22.3,101.2
2026-04-02 15:42:45.765,22.2,101.2
2026-04-02 15:42:48.905,22.2,101.2
2026-04-02 15:42:51.735,22.2,101.2
2026-04-02 15:42:54.890,22.2,101.2
2026-04-02 15:42:57.726,22.2,101.2
2026-04-02 15:43:00.664,22.2,101.2
2026-04-02 15:43:03.364,22.3,101.2
2026-04-02 15:43:06.348,22.3,101.2
2026-04-02 15:43:09.453,22.2,101.2
2026-04-02 15:43:12.666,22.2,101.2
2026-04-02 15:43:15.308,22.2,101.2
2026-04-02 15:43:18.284,22.2,101.2
2026-04-02 15:43:21.389,22.2,101.2
2026-04-02 15:43:24.298,22.2,101.2
2026-04-02 15:43:27.594,22.2,101.2
2026-04-02 15:43:30.699,22.2,101.2
2026-04-02 15:43:33.883,22.3,101.2
2026-04-02 15:43:37.104,22.3,101.2
2026-04-02 15:43:40.136,22.3,101.2
2026-04-02 15:43:43.004,22.3,101.2
2026-04-02 15:43:45.679,22.3,101.2
2026-04-02 15:43:48.766,22.3,101.2
2026-04-02 15:43:51.911,22.3,101.2
2026-04-02 15:43:54.946,22.3,101.2
2026-04-02 15:43:57.773,22.3,101.2
2026-04-02 15:44:00.830,22.3,101.2
2026-04-02 15:44:03.613,22.3,101.2
2026-04-02 15:44:06.556,22.3,101.2
2026-04-02 15:44:09.649,22.3,101.2
2026-04-02 15:44:12.588,22.3,101.2
2026-04-02 15:44:15.403,22.3,101.2
2026-04-02 15:44:18.359,22.3,101.2
2026-04-02 15:44:21.406,22.2,101.2
2026-04-02 15:44:24.103,22.2,101.2
2026-04-02 15:44:27.048,22.3,101.2
2026-04-02 15:44:29.765,22.3,101.2
2026-04-02 15:44:32.913,22.3,101.2
2026-04-02 15:44:35.824,22.3,101.2
2026-04-02 15:44:38.533,22.3,101.2
2026-04-02 15:44:41.475,22.3,101.2
2026-04-02 15:44:44.716,22.3,101.2
2026-04-02 15:44:47.518,22.3,101.2
2026-04-02 15:44:50.633,22.3,101.2
2026-04-02 15:44:53.874,22.3,101.2
2026-04-02 15:44:56.946,22.3,101.2
2026-04-02 15:45:00.084,22.3,101.2
2026-04-02 15:45:03.108,22.3,101.2
2026-04-02 15:45:05.721,22.3,101.2
2026-04-02 15:45:08.058,22.3,101.2
2026-04-02 15:45:11.170,22.3,101.2
2026-04-02 15:45:14.103,22.3,101.2
2026-04-02 15:45:17.034,22.3,101.2
2026-04-02 15:45:20.093,22.3,101.2
2026-04-02 15:45:23.125,22.3,101.2
2026-04-02 15:45:26.273,22.3,101.2
2026-04-02 15:45:29.377,22.2,101.2
2026-04-02 15:45:32.457,22.2,101.2
2026-04-02 15:45:35.647,22.2,101.2
2026-04-02 15:45:38.631,22.2,101.2
2026-04-02 15:45:41.869,22.3,101.2
2026-04-02 15:45:45.022,22.3,101.2
2026-04-02 15:45:48.014,22.3,101.2
2026-04-02 15:45:51.116,22.2,101.2
2026-04-02 15:45:53.914,22.3,101.2
2026-04-02 15:45:57.034,22.2,101.2
2026-04-02 15:45:59.956,22.2,101.2
2026-04-02 15:46:03.061,22.2,101.2
2026-04-02 15:46:06.166,22.2,101.2
2026-04-02 15:46:08.976,22.2,101.2
2026-04-02 15:46:11.759,22.2,101.2
2026-04-02 15:46:14.770,22.2,101.2
2026-04-02 15:46:17.828,22.2,101.2
2026-04-02 15:46:20.807,22.2,101.2
2026-04-02 15:46:23.947,22.2,101.2
2026-04-02 15:46:26.999,22.2,101.2
2026-04-02 15:46:30.137,22.2,101.2
2026-04-02 15:46:33.197,22.2,101.2
2026-04-02 15:46:36.144,22.3,101.2
2026-04-02 15:46:39.158,22.2,101.2
2026-04-02 15:46:42.203,22.2,101.2
2026-04-02 15:46:44.892,22.2,101.2
2026-04-02 15:46:48.040,22.2,101.2
2026-04-02 15:46:50.486,22.2,101.2
2026-04-02 15:46:53.732,22.2,101.2
2026-04-02 15:46:56.452,22.2,101.2
2026-04-02 15:46:59.361,22.2,101.2
2026-04-02 15:47:02.463,22.2,101.2
2026-04-02 15:47:04.973,22.2,101.2
2026-04-02 15:47:07.932,22.2,101.2
2026-04-02 15:47:11.113,22.2,101.2
2026-04-02 15:47:14.075,22.3,101.2
2026-04-02 15:47:17.051,22.3,101.2
2026-04-02 15:47:20.204,22.2,101.2
2026-04-02 15:47:23.233,22.2,101.2
2026-04-02 15:47:26.008,22.2,101.2
2026-04-02 15:47:29.231,22.2,101.2
2026-04-02 15:47:32.460,22.2,101.2
2026-04-02 15:47:35.646,22.2,101.2
2026-04-02 15:47:38.751,22.2,101.2
2026-04-02 15:47:41.851,22.2,101.2
2026-04-02 15:47:45.152,22.2,101.2
2026-04-02 15:47:48.479,22.2,101.2
2026-04-02 15:47:51.372,22.2,101.2
2026-04-02 15:47:54.399,22.2,101.2
2026-04-02 15:47:57.490,22.2,101.2
2026-04-02 15:48:00.603,22.2,101.2
2026-04-02 15:48:03.554,22.2,101.2
2026-04-02 15:48:06.642,22.3,101.2
2026-04-02 15:48:09.747,22.3,101.2
2026-04-02 15:48:12.643,22.3,101.2
2026-04-02 15:48:15.698,22.3,101.2
2026-04-02 15:48:18.848,22.3,101.2
2026-04-02 15:48:22.069,22.3,101.2
2026-04-02 15:48:25.020,22.3,101.2
2026-04-02 15:48:28.488,22.3,101.2
2026-04-02 15:48:31.459,22.3,101.2
2026-04-02 15:48:34.559,22.3,101.2
2026-04-02 15:48:37.641,22.3,101.2
2026-04-02 15:48:40.242,22.3,101.2
2026-04-02 15:48:43.351,22.3,101.2
2026-04-02 15:48:46.191,22.3,101.2
2026-04-02 15:48:49.241,22.3,101.2
2026-04-02 15:48:52.215,22.3,101.2
2026-04-02 15:48:55.476,22.3,101.2
2026-04-02 15:48:58.734,22.3,101.2
2026-04-02 15:49:01.990,22.2,101.2
2026-04-02 15:49:05.241,22.3,101.2
2026-04-02 15:49:08.202,22.2,101.2
2026-04-02 15:49:11.576,22.2,101.2
2026-04-02 15:49:14.958,22.2,101.2
2026-04-02 15:49:17.924,22.3,101.2
2026-04-02 15:49:20.757,22.3,101.2
2026-04-02 15:49:23.925,22.3,101.2
2026-04-02 15:49:27.072,22.3,101.2
2026-04-02 15:49:30.003,22.2,101.2
2026-04-02 15:49:33.343,22.3,101.2
2026-04-02 15:49:36.110,22.3,101.2
2026-04-02 15:49:38.473,22.3,101.2
2026-04-02 15:49:40.809,22.3,101.2
2026-04-02 15:49:44.080,22.3,101.2
2026-04-02 15:49:46.114,22.3,101.2
2026-04-02 15:49:48.896,22.3,101.2
2026-04-02 15:49:51.900,22.3,101.2
2026-04-02 15:49:55.134,22.3,101.2
2026-04-02 15:49:58.186,22.3,101.2
2026-04-02 15:50:00.923,22.3,101.2
2026-04-02 15:50:03.836,22.3,101.2
2026-04-02 15:50:06.377,22.3,101.2
2026-04-02 15:50:09.522,22.3,101.2
2026-04-02 15:50:12.773,22.2,101.2
2026-04-02 15:50:15.860,22.3,101.2
2026-04-02 15:50:18.635,22.3,101.2
2026-04-02 15:50:22.173,22.2,101.2
2026-04-02 15:50:25.134,22.2,101.2
2026-04-02 15:50:28.425,22.2,101.2
2026-04-02 15:50:31.573,22.2,101.2
2026-04-02 15:50:34.652,22.2,101.2
2026-04-02 15:50:37.731,22.2,101.2
2026-04-02 15:50:40.788,22.2,101.2
2026-04-02 15:50:43.887,22.2,101.2
2026-04-02 15:50:46.939,22.2,101.2
2026-04-02 15:50:50.124,22.2,101.2
2026-04-02 15:50:53.110,22.2,101.2
2026-04-02 15:50:56.450,22.2,101.2
2026-04-02 15:50:59.711,22.2,101.2
2026-04-02 15:51:02.571,22.2,101.2
2026-04-02 15:51:05.586,22.3,101.2
2026-04-02 15:51:08.559,22.2,101.2
2026-04-02 15:51:11.352,22.2,101.2
2026-04-02 15:51:14.575,22.2,101.2
2026-04-02 15:51:17.441,22.3,101.2
2026-04-02 15:51:19.999,22.2,101.2
2026-04-02 15:51:22.713,22.2,101.2
2026-04-02 15:51:26.080,22.2,101.2
2026-04-02 15:51:29.339,22.3,101.2
2026-04-02 15:51:32.549,22.3,101.2
2026-04-02 15:51:35.760,22.3,101.2
2026-04-02 15:51:38.933,22.2,101.2
2026-04-02 15:51:42.177,22.3,101.2
2026-04-02 15:51:45.204,22.2,101.2
2026-04-02 15:51:48.349,22.2,101.2
2026-04-02 15:51:51.633,22.2,101.2
2026-04-02 15:51:54.657,22.2,101.2
2026-04-02 15:51:57.936,22.2,101.2
2026-04-02 15:52:01.161,22.2,101.2
2026-04-02 15:52:04.591,22.2,101.2
2026-04-02 15:52:07.482,22.2,101.2
2026-04-02 15:52:10.771,22.2,101.2
2026-04-02 15:52:13.810,22.2,101.2
2026-04-02 15:52:17.018,22.2,101.2
2026-04-02 15:52:19.974,22.2,101.2
2026-04-02 15:52:23.067,22.2,101.2
2026-04-02 15:52:26.303,22.2,101.2
2026-04-02 15:52:29.398,22.2,101.2
2026-04-02 15:52:32.266,22.3,101.2
2026-04-02 15:52:35.461,22.2,101.2
2026-04-02 15:52:38.521,22.2,101.2
2026-04-02 15:52:41.502,22.2,101.2
2026-04-02 15:52:44.458,22.2,101.2
2026-04-02 15:52:47.426,22.2,101.2
2026-04-02 15:52:50.739,22.2,101.2
2026-04-02 15:52:53.758,22.2,101.2
2026-04-02 15:52:56.991,22.3,101.2
2026-04-02 15:53:00.085,22.2,101.2
2026-04-02 15:53:02.532,22.2,101.2
2026-04-02 15:53:05.558,22.2,101.2
2026-04-02 15:53:08.695,22.2,101.2
2026-04-02 15:53:11.860,22.2,101.2
2026-04-02 15:53:14.549,22.2,101.2
2026-04-02 15:53:17.600,22.2,101.2
2026-04-02 15:53:20.354,22.3,101.2
2026-04-02 15:53:23.456,22.3,101.2
2026-04-02 15:53:26.679,22.3,101.2
2026-04-02 15:53:29.796,22.2,101.2
2026-04-02 15:53:32.885,22.3,101.2
2026-04-02 15:53:35.862,22.2,101.2
2026-04-02 15:53:39.052,22.3,101.2
2026-04-02 15:53:41.834,22.3,101.2
2026-04-02 15:53:44.946,22.3,101.2
2026-04-02 15:53:48.098,22.3,101.2
2026-04-02 15:53:51.213,22.2,101.2
2026-04-02 15:53:54.061,22.2,101.2
2026-04-02 15:53:57.126,22.2,101.2
2026-04-02 15:54:00.424,22.2,101.2
2026-04-02 15:54:03.690,22.2,101.2
2026-04-02 15:54:06.467,22.2,101.2
2026-04-02 15:54:09.761,22.2,101.2
2026-04-02 15:54:12.753,22.2,101.2
2026-04-02 15:54:15.878,22.2,101.2
2026-04-02 15:54:18.971,22.2,101.2
2026-04-02 15:54:21.993,22.2,101.2
2026-04-02 15:54:25.191,22.2,101.2
2026-04-02 15:54:28.147,22.3,101.2
2026-04-02 15:54:31.408,22.2,101.2
2026-04-02 15:54:34.854,22.2,101.2
2026-04-02 15:54:38.089,22.2,101.2
2026-04-02 15:54:41.252,22.2,101.2
2026-04-02 15:54:44.279,22.2,101.2
2026-04-02 15:54:47.361,22.2,101.2
2026-04-02 15:54:50.536,22.2,101.2
2026-04-02 15:54:53.482,22.2,101.2
2026-04-02 15:54:56.652,22.2,101.2
2026-04-02 15:54:59.328,22.2,101.2
2026-04-02 15:55:01.642,22.2,101.2
2026-04-02 15:55:04.754,22.2,101.2
2026-04-02 15:55:07.921,22.2,101.2
2026-04-02 15:55:11.041,22.2,101.2
2026-04-02 15:55:14.178,22.2,101.2
2026-04-02 15:55:17.371,22.2,101.2
2026-04-02 15:55:20.349,22.2,101.2
2026-04-02 15:55:23.635,22.2,101.2
2026-04-02 15:55:26.565,22.2,101.2
2026-04-02 15:55:29.536,22.2,101.2
2026-04-02 15:55:32.739,22.2,101.2
2026-04-02 15:55:35.904,22.2,101.2
2026-04-02 15:55:39.023,22.2,101.2
2026-04-02 15:55:41.747,22.2,101.2
2026-04-02 15:55:44.801,22.2,101.2
2026-04-02 15:55:47.898,22.2,101.2
2026-04-02 15:55:51.108,22.2,101.2
2026-04-02 15:55:54.135,22.2,101.2
2026-04-02 15:55:57.303,22.2,101.2
2026-04-02 15:56:00.334,22.2,101.2
2026-04-02 15:56:03.638,22.2,101.2
2026-04-02 15:56:06.763,22.2,101.2
2026-04-02 15:56:09.840,22.2,101.2
2026-04-02 15:56:12.897,22.2,101.2
2026-04-02 15:56:15.424,22.2,101.2
2026-04-02 15:56:18.469,22.2,101.2
2026-04-02 15:56:21.468,22.2,101.2
2026-04-02 15:56:24.398,22.2,101.2
2026-04-02 15:56:27.155,22.2,101.2
2026-04-02 15:56:30.015,22.2,101.2
2026-04-02 15:56:32.888,22.2,101.2
2026-04-02 15:56:35.965,22.2,101.2
2026-04-02 15:56:38.800,22.2,101.2
2026-04-02 15:56:41.711,22.2,101.2
2026-04-02 15:56:44.538,22.2,101.2
2026-04-02 15:56:47.331,22.2,101.2
2026-04-02 15:56:50.302,22.2,101.2
2026-04-02 15:56:53.031,22.2,101.2
2026-04-02 15:56:55.854,22.2,101.2
2026-04-02 15:56:58.772,22.3,101.2
2026-04-02 15:57:01.576,22.2,101.2
2026-04-02 15:57:03.990,22.2,101.2
2026-04-02 15:57:06.377,22.2,101.2
2026-04-02 15:57:08.952,22.2,101.2
2026-04-02 15:57:11.877,22.2,101.2
2026-04-02 15:57:14.410,22.2,101.2
2026-04-02 15:57:16.655,22.2,101.2
2026-04-02 15:57:19.437,22.2,101.2
2026-04-02 15:57:22.393,22.2,101.2
2026-04-02 15:57:25.449,22.2,101.2
2026-04-02 15:57:28.158,22.2,101.2
2026-04-02 15:57:31.177,22.2,101.2
2026-04-02 15:57:34.082,22.3,101.2
2026-04-02 15:57:37.013,22.3,101.2
2026-04-02 15:57:39.894,22.2,101.2
2026-04-02 15:57:42.949,22.2,101.2
2026-04-02 15:57:45.754,22.2,101.2
2026-04-02 15:57:48.713,22.2,101.2
2026-04-02 15:57:51.511,22.2,101.2
2026-04-02 15:57:54.484,22.2,101.2
2026-04-02 15:57:59.232,22.2,101.2
2026-04-02 15:58:02.302,22.2,101.2
2026-04-02 15:58:05.142,22.2,101.2
2026-04-02 15:58:08.174,22.2,101.2
2026-04-02 15:58:11.037,22.2,101.2
2026-04-02 15:58:13.979,22.2,101.2
2026-04-02 15:58:16.905,22.2,101.2
2026-04-02 15:58:19.851,22.2,101.2
2026-04-02 15:58:22.724,22.2,101.2
2026-04-02 15:58:25.695,22.2,101.2
2026-04-02 15:58:28.744,22.2,101.2
2026-04-02 15:58:31.332,22.2,101.2
2026-04-02 15:58:33.921,22.2,101.2
2026-04-02 15:58:36.832,22.2,101.2
2026-04-02 15:58:39.239,22.2,101.2
2026-04-02 15:58:42.106,22.2,101.2
2026-04-02 15:58:45.128,22.2,101.2
2026-04-02 15:58:47.958,22.3,101.2
2026-04-02 15:58:50.856,22.2,101.2
2026-04-02 15:58:53.741,22.2,101.2
2026-04-02 15:58:56.786,22.3,101.2
2026-04-02 15:58:59.560,22.3,101.2
2026-04-02 15:59:02.345,22.2,101.2
2026-04-02 15:59:05.112,22.2,101.2
2026-04-02 15:59:09.345,22.2,101.2
2026-04-02 15:59:12.072,22.2,101.2
2026-04-02 15:59:14.880,22.3,101.2
2026-04-02 15:59:17.629,22.3,101.2
2026-04-02 15:59:20.608,22.3,101.2
2026-04-02 15:59:23.441,22.2,101.2
2026-04-02 15:59:26.384,22.2,101.2
2026-04-02 15:59:29.128,22.2,101.2
2026-04-02 15:59:32.241,22.2,101.2
2026-04-02 15:59:35.285,22.2,101.2
2026-04-02 15:59:38.183,22.2,101.2
2026-04-02 15:59:41.042,22.2,101.2
2026-04-02 15:59:44.119,22.2,101.2
2026-04-02 15:59:46.846,22.2,101.2
2026-04-02 15:59:49.691,22.2,101.2
2026-04-02 15:59:52.619,22.2,101.2
2026-04-02 15:59:55.546,22.2,101.2
2026-04-02 15:59:58.444,22.2,101.2
2026-04-02 16:00:00.743,22.2,101.2
2026-04-02 16:00:03.812,22.2,101.2
2026-04-02 16:00:06.401,22.2,101.2
2026-04-02 16:00:09.249,22.2,101.2
2026-04-02 16:00:12.179,22.2,101.2
2026-04-02 16:00:15.201,22.2,101.2
2026-04-02 16:00:18.225,22.2,101.2
2026-04-02 16:00:21.063,22.2,101.2
2026-04-02 16:00:24.123,22.2,101.2
2026-04-02 16:00:26.890,22.2,101.2
2026-04-02 16:00:29.657,22.2,101.2
2026-04-02 16:00:32.621,22.2,101.2
2026-04-02 16:00:35.211,22.3,101.2
2026-04-02 16:00:38.180,22.3,101.2
2026-04-02 16:00:40.853,22.3,101.2
2026-04-02 16:00:44.029,22.2,101.2
2026-04-02 16:00:47.181,22.2,101.2
2026-04-02 16:00:49.915,22.3,101.2
2026-04-02 16:00:52.732,22.3,101.2
2026-04-02 16:00:55.307,22.2,101.2
2026-04-02 16:00:58.331,22.3,101.2
2026-04-02 16:01:01.338,22.2,101.2
2026-04-02 16:01:04.296,22.2,101.2
2026-04-02 16:01:07.225,22.2,101.2
2026-04-02 16:01:09.808,22.2,101.2
2026-04-02 16:01:12.784,22.2,101.2
2026-04-02 16:01:15.460,22.2,101.2
2026-04-02 16:01:18.613,22.2,101.2
2026-04-02 16:01:21.707,22.2,101.2
2026-04-02 16:01:24.779,22.2,101.2
2026-04-02 16:01:27.258,22.2,101.2
2026-04-02 16:01:30.382,22.2,101.2
2026-04-02 16:01:32.647,22.2,101.2
2026-04-02 16:01:35.640,22.2,101.2
2026-04-02 16:01:38.425,22.2,101.2
2026-04-02 16:01:41.574,22.2,101.2
2026-04-02 16:01:44.446,22.2,101.2
2026-04-02 16:01:47.021,22.2,101.2
2026-04-02 16:01:49.672,22.2,101.2
2026-04-02 16:01:52.716,22.2,101.2
2026-04-02 16:01:55.359,22.2,101.2
2026-04-02 16:01:58.276,22.2,101.2
2026-04-02 16:02:01.174,22.2,101.2
2026-04-02 16:02:04.094,22.2,101.2
2026-04-02 16:02:07.196,22.2,101.2
2026-04-02 16:02:09.870,22.2,101.2
2026-04-02 16:02:12.793,22.2,101.2
2026-04-02 16:02:15.280,22.2,101.2
2026-04-02 16:02:17.934,22.2,101.2
2026-04-02 16:02:20.913,22.2,101.2
2026-04-02 16:02:24.015,22.2,101.2
2026-04-02 16:02:27.135,22.2,101.2
2026-04-02 16:02:30.164,22.2,101.2
2026-04-02 16:02:32.974,22.2,101.2
2026-04-02 16:02:35.925,22.2,101.2
2026-04-02 16:02:38.864,22.2,101.2
2026-04-02 16:02:41.855,22.2,101.2
2026-04-02 16:02:44.826,22.2,101.2
2026-04-02 16:02:47.298,22.2,101.2
2026-04-02 16:02:50.387,22.2,101.2
2026-04-02 16:02:53.351,22.2,101.2
2026-04-02 16:02:56.518,22.2,101.2
2026-04-02 16:02:59.350,22.2,101.2
2026-04-02 16:03:02.432,22.2,101.2
2026-04-02 16:03:05.030,22.2,101.2
2026-04-02 16:03:08.250,22.2,101.2
2026-04-02 16:03:11.370,22.2,101.2
2026-04-02 16:03:14.326,22.3,101.2
2026-04-02 16:03:16.740,22.2,101.2
2026-04-02 16:03:19.613,22.2,101.2
2026-04-02 16:03:22.412,22.2,101.2
2026-04-02 16:03:24.809,22.2,101.2
2026-04-02 16:03:27.293,22.2,101.2
2026-04-02 16:03:30.310,22.2,101.2
2026-04-02 16:03:33.281,22.2,101.2
2026-04-02 16:03:35.813,22.2,101.2
2026-04-02 16:03:38.258,22.2,101.2
2026-04-02 16:03:40.695,22.2,101.2
2026-04-02 16:03:43.459,22.2,101.2
2026-04-02 16:03:46.594,22.2,101.2
2026-04-02 16:03:49.679,22.2,101.2
2026-04-02 16:03:52.313,22.3,101.2
2026-04-02 16:03:55.190,22.3,101.2
2026-04-02 16:03:58.333,22.2,101.2
2026-04-02 16:04:01.155,22.2,101.2
2026-04-02 16:04:04.030,22.2,101.2
2026-04-02 16:04:07.130,22.2,101.2
2026-04-02 16:04:09.887,22.2,101.2
2026-04-02 16:04:12.811,22.3,101.2
2026-04-02 16:04:15.989,22.3,101.2
2026-04-02 16:04:19.265,22.3,101.2
2026-04-02 16:04:22.248,22.3,101.2
2026-04-02 16:04:25.129,22.3,101.2
2026-04-02 16:04:27.956,22.2,101.2
2026-04-02 16:04:30.413,22.2,101.2
2026-04-02 16:04:33.128,22.2,101.2
2026-04-02 16:04:36.016,22.2,101.2
2026-04-02 16:04:38.866,22.2,101.2
2026-04-02 16:04:41.740,22.2,101.2
2026-04-02 16:04:44.800,22.2,101.2
2026-04-02 16:04:47.635,22.2,101.2
2026-04-02 16:04:50.470,22.3,101.2
2026-04-02 16:04:53.371,22.3,101.2
2026-04-02 16:04:56.118,22.3,101.2
2026-04-02 16:04:59.117,22.3,101.2
2026-04-02 16:05:01.891,22.3,101.2
2026-04-02 16:05:04.780,22.2,101.2
2026-04-02 16:05:07.799,22.2,101.2
2026-04-02 16:05:10.631,22.2,101.2
2026-04-02 16:05:13.670,22.2,101.2
2026-04-02 16:05:16.618,22.2,101.2
2026-04-02 16:05:19.423,22.2,101.2
2026-04-02 16:05:22.417,22.2,101.2
2026-04-02 16:05:25.336,22.2,101.2
2026-04-02 16:05:28.224,22.2,101.2
2026-04-02 16:05:31.056,22.2,101.2
2026-04-02 16:05:33.877,22.2,101.2
2026-04-02 16:05:36.880,22.2,101.2
2026-04-02 16:05:39.602,22.2,101.2
2026-04-02 16:05:42.170,22.2,101.2
2026-04-02 16:05:44.924,22.2,101.2
2026-04-02 16:05:47.999,22.2,101.2
2026-04-02 16:05:50.754,22.2,101.2
2026-04-02 16:05:53.980,22.2,101.2
2026-04-02 16:05:56.913,22.2,101.2
2026-04-02 16:06:00.035,22.2,101.2
2026-04-02 16:06:02.517,22.3,101.2
2026-04-02 16:06:05.272,22.2,101.2
2026-04-02 16:06:08.120,22.3,101.2
2026-04-02 16:06:11.311,22.3,101.2
2026-04-02 16:06:14.275,22.3,101.2
2026-04-02 16:06:17.014,22.3,101.2
2026-04-02 16:06:19.960,22.3,101.2
2026-04-02 16:06:22.991,22.3,101.2
2026-04-02 16:06:25.728,22.2,101.2
2026-04-02 16:06:28.798,22.2,101.2
2026-04-02 16:06:31.840,22.2,101.2
2026-04-02 16:06:34.680,22.2,101.2
2026-04-02 16:06:37.689,22.2,101.2
2026-04-02 16:06:40.728,22.2,101.2
2026-04-02 16:06:43.291,22.3,101.2
2026-04-02 16:06:48.110,22.2,101.2
2026-04-02 16:06:51.043,22.2,101.2
2026-04-02 16:06:54.037,22.3,101.2
2026-04-02 16:06:56.859,22.2,101.2
2026-04-02 16:06:59.898,22.3,101.2
2026-04-02 16:07:02.726,22.3,101.3
2026-04-02 16:07:05.740,22.3,101.2
2026-04-02 16:07:08.782,22.3,101.2
2026-04-02 16:07:11.642,22.3,101.3
2026-04-02 16:07:14.434,22.3,101.3
2026-04-02 16:07:17.551,22.3,101.3
2026-04-02 16:07:20.029,22.3,101.3
2026-04-02 16:07:23.053,22.2,101.3
2026-04-02 16:07:25.967,22.2,101.3
2026-04-02 16:07:28.910,22.2,101.3
2026-04-02 16:07:31.932,22.2,101.3
2026-04-02 16:07:34.544,22.2,101.3
2026-04-02 16:07:37.613,22.2,101.3
2026-04-02 16:07:40.625,22.2,101.3
2026-04-02 16:07:43.710,22.2,101.3
2026-04-02 16:07:46.435,22.2,101.3
2026-04-02 16:07:49.424,22.2,101.3
2026-04-02 16:07:52.126,22.2,101.3
2026-04-02 16:07:55.147,22.2,101.3
2026-04-02 16:07:57.849,22.2,101.3
2026-04-02 16:08:00.866,22.2,101.3
2026-04-02 16:08:03.799,22.2,101.3
2026-04-02 16:08:06.443,22.2,101.3
2026-04-02 16:08:09.028,22.3,101.3
2026-04-02 16:08:12.028,22.3,101.3
2026-04-02 16:08:14.276,22.2,101.3
2026-04-02 16:08:17.144,22.2,101.3
2026-04-02 16:08:20.194,22.2,101.3
2026-04-02 16:08:23.226,22.2,101.3
2026-04-02 16:08:26.152,22.2,101.3
2026-04-02 16:08:29.199,22.2,101.3
2026-04-02 16:08:32.209,22.2,101.3
2026-04-02 16:08:35.243,22.2,101.3
2026-04-02 16:08:38.187,22.2,101.3
2026-04-02 16:08:40.967,22.2,101.3
2026-04-02 16:08:44.122,22.3,101.3
2026-04-02 16:08:47.070,22.3,101.3
2026-04-02 16:08:50.031,22.3,101.3
2026-04-02 16:08:52.882,22.3,101.3
2026-04-02 16:08:55.901,22.2,101.3
2026-04-02 16:08:58.892,22.3,101.3
2026-04-02 16:09:01.655,22.3,101.3
2026-04-02 16:09:04.737,22.2,101.3
2026-04-02 16:09:07.746,22.3,101.3
2026-04-02 16:09:10.431,22.2,101.3
2026-04-02 16:09:13.098,22.3,101.3
2026-04-02 16:09:15.956,22.3,101.3
2026-04-02 16:09:18.822,22.3,101.3
2026-04-02 16:09:21.645,22.3,101.3
2026-04-02 16:09:24.625,22.3,101.3
2026-04-02 16:09:27.297,22.2,101.3
2026-04-02 16:09:30.110,22.2,101.3
2026-04-02 16:09:33.240,22.2,101.3
2026-04-02 16:09:36.179,22.2,101.3
2026-04-02 16:09:39.259,22.2,101.3
2026-04-02 16:09:42.269,22.2,101.3
2026-04-02 16:09:44.865,22.2,101.3
2026-04-02 16:09:47.786,22.2,101.3
2026-04-02 16:09:50.875,22.2,101.3
2026-04-02 16:09:53.788,22.2,101.3
2026-04-02 16:09:56.799,22.2,101.3
2026-04-02 16:09:59.402,22.2,101.3
2026-04-02 16:10:02.472,22.2,101.3
2026-04-02 16:10:05.402,22.2,101.3
2026-04-02 16:10:08.567,22.2,101.3
2026-04-02 16:10:11.219,22.2,101.3
2026-04-02 16:10:14.197,22.2,101.3
2026-04-02 16:10:17.033,22.2,101.3
2026-04-02 16:10:20.034,22.2,101.3
2026-04-02 16:10:23.061,22.2,101.3
2026-04-02 16:10:25.980,22.2,101.3
2026-04-02 16:10:28.808,22.2,101.3
2026-04-02 16:10:31.547,22.2,101.3
2026-04-02 16:10:34.390,22.2,101.3
2026-04-02 16:10:36.921,22.2,101.3
2026-04-02 16:10:39.829,22.2,101.3
2026-04-02 16:10:42.667,22.2,101.3
2026-04-02 16:10:45.628,22.2,101.3
2026-04-02 16:10:48.640,22.2,101.3
2026-04-02 16:10:51.213,22.2,101.3
2026-04-02 16:10:54.408,22.2,101.3
2026-04-02 16:10:56.848,22.2,101.3
2026-04-02 16:10:59.862,22.2,101.3
2026-04-02 16:11:02.839,22.2,101.3
2026-04-02 16:11:05.626,22.2,101.3
2026-04-02 16:11:08.210,22.2,101.3
2026-04-02 16:11:11.161,22.3,101.3
2026-04-02 16:11:13.950,22.3,101.3
2026-04-02 16:11:16.742,22.3,101.3
2026-04-02 16:11:19.737,22.3,101.3
2026-04-02 16:11:22.615,22.3,101.3
2026-04-02 16:11:25.604,22.2,101.3
2026-04-02 16:11:28.074,22.3,101.3
2026-04-02 16:11:31.076,22.3,101.3
2026-04-02 16:11:33.787,22.3,101.3
2026-04-02 16:11:36.811,22.3,101.3
2026-04-02 16:11:39.909,22.3,101.3
2026-04-02 16:11:42.714,22.3,101.3
2026-04-02 16:11:45.595,22.3,101.3
2026-04-02 16:11:48.367,22.3,101.3
2026-04-02 16:11:51.265,22.3,101.3
2026-04-02 16:11:54.274,22.3,101.3
2026-04-02 16:11:56.724,22.3,101.3
2026-04-02 16:11:59.816,22.3,101.3
2026-04-02 16:12:02.386,22.3,101.3
2026-04-02 16:12:05.370,22.3,101.3
2026-04-02 16:12:08.306,22.2,101.3
2026-04-02 16:12:11.224,22.2,101.3
2026-04-02 16:12:14.266,22.2,101.3
2026-04-02 16:12:17.010,22.2,101.3
2026-04-02 16:12:20.158,22.2,101.3
2026-04-02 16:12:23.193,22.2,101.3
2026-04-02 16:12:26.205,22.2,101.3
2026-04-02 16:12:29.214,22.2,101.3
2026-04-02 16:12:32.153,22.2,101.3
2026-04-02 16:12:35.122,22.2,101.3
2026-04-02 16:12:37.875,22.2,101.3
2026-04-02 16:12:40.720,22.2,101.3
2026-04-02 16:12:43.760,22.2,101.3
2026-04-02 16:12:46.739,22.2,101.3
2026-04-02 16:12:49.511,22.2,101.3
2026-04-02 16:12:52.385,22.2,101.3
2026-04-02 16:12:55.092,22.2,101.3
2026-04-02 16:12:57.686,22.2,101.3
2026-04-02 16:13:00.587,22.2,101.3
2026-04-02 16:13:03.324,22.2,101.3
2026-04-02 16:13:06.356,22.2,101.3
2026-04-02 16:13:09.307,22.2,101.3
2026-04-02 16:13:12.038,22.2,101.3
2026-04-02 16:13:14.467,22.2,101.3
2026-04-02 16:13:17.443,22.2,101.3
2026-04-02 16:13:20.357,22.2,101.3
2026-04-02 16:13:23.434,22.2,101.3
2026-04-02 16:13:26.516,22.2,101.3
2026-04-02 16:13:29.727,22.3,101.3
2026-04-02 16:13:32.610,22.3,101.3
2026-04-02 16:13:35.209,22.2,101.3
2026-04-02 16:13:37.595,22.2,101.3
2026-04-02 16:13:40.607,22.2,101.3
2026-04-02 16:13:43.791,22.2,101.3
2026-04-02 16:13:46.765,22.2,101.3
2026-04-02 16:13:49.633,22.2,101.3
2026-04-02 16:13:52.748,22.2,101.3
2026-04-02 16:13:55.518,22.2,101.3
2026-04-02 16:13:58.371,22.2,101.3
2026-04-02 16:14:01.025,22.2,101.3
2026-04-02 16:14:04.077,22.2,101.3
2026-04-02 16:14:07.101,22.2,101.3
2026-04-02 16:14:09.951,22.2,101.3
2026-04-02 16:14:12.922,22.2,101.3
2026-04-02 16:14:15.916,22.2,101.3
2026-04-02 16:14:20.719,22.2,101.3
2026-04-02 16:14:23.771,22.2,101.3
2026-04-02 16:14:26.485,22.2,101.3
2026-04-02 16:14:29.234,22.2,101.3
2026-04-02 16:14:32.074,22.2,101.3
2026-04-02 16:14:35.097,22.2,101.3
2026-04-02 16:14:37.978,22.2,101.3
2026-04-02 16:14:40.828,22.2,101.3
2026-04-02 16:14:43.499,22.2,101.3
2026-04-02 16:14:46.404,22.2,101.3
2026-04-02 16:14:49.381,22.2,101.3
2026-04-02 16:14:52.143,22.3,101.3
2026-04-02 16:14:55.011,22.2,101.3
2026-04-02 16:14:58.169,22.2,101.3
2026-04-02 16:15:00.832,22.2,101.3
2026-04-02 16:15:03.751,22.2,101.3
2026-04-02 16:15:06.605,22.2,101.3
2026-04-02 16:15:09.564,22.2,101.3
2026-04-02 16:15:12.501,22.2,101.3
2026-04-02 16:15:15.251,22.2,101.3
2026-04-02 16:15:18.288,22.2,101.3
2026-04-02 16:15:21.239,22.2,101.3
2026-04-02 16:15:24.059,22.2,101.3
2026-04-02 16:15:26.804,22.2,101.3
2026-04-02 16:15:29.889,22.2,101.3
2026-04-02 16:15:32.745,22.2,101.3
2026-04-02 16:15:35.290,22.2,101.3
2026-04-02 16:15:38.395,22.2,101.3
2026-04-02 16:15:40.739,22.2,101.3
2026-04-02 16:15:43.675,22.2,101.3
2026-04-02 16:15:46.392,22.2,101.3
2026-04-02 16:15:49.121,22.2,101.3
2026-04-02 16:15:51.999,22.2,101.3
2026-04-02 16:15:55.006,22.2,101.3
2026-04-02 16:15:57.763,22.2,101.3
2026-04-02 16:16:00.749,22.3,101.3
2026-04-02 16:16:03.463,22.3,101.3
2026-04-02 16:16:06.540,22.3,101.3
2026-04-02 16:16:09.476,22.3,101.3
2026-04-02 16:16:12.400,22.3,101.3
2026-04-02 16:16:15.147,22.2,101.3
2026-04-02 16:16:17.831,22.2,101.3
2026-04-02 16:16:20.649,22.2,101.3
2026-04-02 16:16:23.311,22.2,101.3
2026-04-02 16:16:26.204,22.2,101.3
2026-04-02 16:16:29.218,22.2,101.3
2026-04-02 16:16:31.937,22.2,101.3
2026-04-02 16:16:34.256,22.2,101.3
2026-04-02 16:16:36.819,22.2,101.3
2026-04-02 16:16:39.753,22.2,101.3
2026-04-02 16:16:42.313,22.2,101.3
2026-04-02 16:16:44.838,22.2,101.3
2026-04-02 16:16:47.969,22.2,101.3
2026-04-02 16:16:50.809,22.2,101.3
2026-04-02 16:16:53.614,22.2,101.3
2026-04-02 16:16:55.789,22.2,101.3
2026-04-02 16:16:58.102,22.2,101.3
2026-04-02 16:17:00.756,22.2,101.3
2026-04-02 16:17:03.713,22.2,101.3
2026-04-02 16:17:06.018,22.2,101.3
2026-04-02 16:17:08.710,22.2,101.3
2026-04-02 16:17:11.772,22.2,101.3
2026-04-02 16:17:14.512,22.2,101.3
2026-04-02 16:17:17.075,22.2,101.3
2026-04-02 16:17:19.975,22.2,101.3
2026-04-02 16:17:22.210,22.2,101.3
2026-04-02 16:17:25.385,22.2,101.3
2026-04-02 16:17:28.154,22.2,101.3
2026-04-02 16:17:30.984,22.2,101.3
2026-04-02 16:17:33.860,22.2,101.3
2026-04-02 16:17:36.826,22.2,101.3
2026-04-02 16:17:39.820,22.2,101.3
2026-04-02 16:17:42.264,22.2,101.3
2026-04-02 16:17:45.218,22.2,101.3
2026-04-02 16:17:47.934,22.2,101.3
2026-04-02 16:17:50.908,22.3,101.3
2026-04-02 16:17:53.592,22.3,101.3
2026-04-02 16:17:55.888,22.2,101.3
2026-04-02 16:17:58.637,22.3,101.3
2026-04-02 16:18:01.704,22.2,101.3
2026-04-02 16:18:04.663,22.2,101.3
2026-04-02 16:18:07.606,22.3,101.3
2026-04-02 16:18:10.454,22.2,101.3
2026-04-02 16:18:13.133,22.2,101.3
2026-04-02 16:18:15.906,22.2,101.3
2026-04-02 16:18:18.600,22.2,101.3
2026-04-02 16:18:21.630,22.2,101.3
2026-04-02 16:18:24.024,22.2,101.3
2026-04-02 16:18:26.661,22.2,101.3
2026-04-02 16:18:29.544,22.3,101.3
2026-04-02 16:18:31.994,22.3,101.3
2026-04-02 16:18:34.832,22.3,101.3
2026-04-02 16:18:37.726,22.2,101.3
2026-04-02 16:18:40.581,22.2,101.3
2026-04-02 16:18:43.241,22.3,101.3
2026-04-02 16:18:46.281,22.3,101.3
2026-04-02 16:18:49.391,22.3,101.3
2026-04-02 16:18:52.153,22.3,101.3
2026-04-02 16:18:54.898,22.3,101.3
2026-04-02 16:18:57.411,22.3,101.3
2026-04-02 16:18:59.987,22.3,101.3
2026-04-02 16:19:02.505,22.3,101.3
2026-04-02 16:19:05.378,22.3,101.3
2026-04-02 16:19:07.954,22.2,101.3
2026-04-02 16:19:10.931,22.2,101.3
2026-04-02 16:19:13.433,22.2,101.3
2026-04-02 16:19:16.125,22.2,101.3
2026-04-02 16:19:19.054,22.2,101.3
2026-04-02 16:19:21.421,22.2,101.3
2026-04-02 16:19:23.914,22.2,101.3
2026-04-02 16:19:26.460,22.2,101.3
2026-04-02 16:19:28.928,22.2,101.3
2026-04-02 16:19:31.735,22.2,101.3
2026-04-02 16:19:34.513,22.2,101.3
2026-04-02 16:19:36.948,22.3,101.3
2026-04-02 16:19:39.802,22.3,101.3
2026-04-02 16:19:42.242,22.3,101.3
2026-04-02 16:19:44.609,22.3,101.3
2026-04-02 16:19:47.182,22.3,101.3
2026-04-02 16:19:49.844,22.3,101.3
2026-04-02 16:19:52.788,22.3,101.3
2026-04-02 16:19:55.274,22.3,101.3
2026-04-02 16:19:58.261,22.3,101.3
2026-04-02 16:20:01.169,22.3,101.3
2026-04-02 16:20:04.199,22.3,101.3
2026-04-02 16:20:06.952,22.3,101.3
2026-04-02 16:20:09.379,22.3,101.3
2026-04-02 16:20:11.937,22.3,101.3
2026-04-02 16:20:14.863,22.3,101.3
2026-04-02 16:20:17.646,22.3,101.3
2026-04-02 16:20:20.421,22.3,101.3
2026-04-02 16:20:23.219,22.3,101.3
2026-04-02 16:20:27.061,22.3,101.3
2026-04-02 16:20:29.509,22.3,101.3
2026-04-02 16:20:31.898,22.3,101.3
2026-04-02 16:20:34.232,22.3,101.3
2026-04-02 16:20:36.924,22.3,101.3
2026-04-02 16:20:40.040,22.3,101.3
2026-04-02 16:20:42.946,22.3,101.3
2026-04-02 16:20:45.683,22.3,101.3
2026-04-02 16:20:48.540,22.3,101.3
2026-04-02 16:20:51.154,22.3,101.3
2026-04-02 16:20:53.604,22.3,101.3
2026-04-02 16:20:56.196,22.3,101.3
2026-04-02 16:20:59.066,22.3,101.3
2026-04-02 16:21:01.698,22.3,101.3
2026-04-02 16:21:04.580,22.3,101.3
2026-04-02 16:21:07.332,22.3,101.3
2026-04-02 16:21:10.131,22.3,101.3
2026-04-02 16:21:12.896,22.3,101.3
2026-04-02 16:21:15.906,22.3,101.3
2026-04-02 16:21:18.405,22.2,101.3
2026-04-02 16:21:20.908,22.2,101.3
2026-04-02 16:21:23.998,22.3,101.3
2026-04-02 16:21:26.385,22.3,101.3
2026-04-02 16:21:29.329,22.3,101.3
2026-04-02 16:21:31.932,22.3,101.3
2026-04-02 16:21:34.581,22.3,101.3
2026-04-02 16:21:37.417,22.3,101.3
2026-04-02 16:21:39.736,22.3,101.3
2026-04-02 16:21:42.641,22.3,101.3
2026-04-02 16:21:45.492,22.3,101.3
2026-04-02 16:21:47.982,22.3,101.3
2026-04-02 16:21:50.961,22.3,101.3
2026-04-02 16:21:53.611,22.3,101.3
2026-04-02 16:21:55.947,22.3,101.3
2026-04-02 16:21:58.545,22.3,101.3
2026-04-02 16:22:01.535,22.3,101.3
2026-04-02 16:22:04.275,22.3,101.3
2026-04-02 16:22:07.103,22.3,101.3
2026-04-02 16:22:09.721,22.3,101.3
2026-04-02 16:22:12.582,22.3,101.3
2026-04-02 16:22:15.246,22.3,101.3
2026-04-02 16:22:18.160,22.3,101.3
2026-04-02 16:22:21.190,22.3,101.3
2026-04-02 16:22:24.012,22.3,101.3
2026-04-02 16:22:26.525,22.3,101.3
2026-04-02 16:22:29.515,22.3,101.3
2026-04-02 16:22:32.364,22.3,101.3
2026-04-02 16:22:35.053,22.2,101.3
2026-04-02 16:22:37.561,22.2,101.3
2026-04-02 16:22:40.543,22.2,101.3
2026-04-02 16:22:43.245,22.2,101.3
2026-04-02 16:22:45.987,22.2,101.3
2026-04-02 16:22:48.833,22.3,101.3
2026-04-02 16:22:51.845,22.3,101.3
2026-04-02 16:22:54.381,22.3,101.3
2026-04-02 16:22:56.841,22.3,101.3
2026-04-02 16:22:59.800,22.3,101.3
2026-04-02 16:23:02.558,22.3,101.3
2026-04-02 16:23:05.530,22.3,101.3
2026-04-02 16:23:07.877,22.3,101.3
2026-04-02 16:23:10.753,22.3,101.3
2026-04-02 16:23:13.565,22.3,101.3
2026-04-02 16:23:16.358,22.3,101.3
2026-04-02 16:23:19.420,22.2,101.3
2026-04-02 16:23:22.151,22.2,101.3
2026-04-02 16:23:24.722,22.3,101.3
2026-04-02 16:23:27.696,22.3,101.3
2026-04-02 16:23:30.418,22.3,101.3
2026-04-02 16:23:33.422,22.3,101.3
2026-04-02 16:23:36.436,22.3,101.3
2026-04-02 16:23:39.296,22.3,101.3
2026-04-02 16:23:42.302,22.3,101.3
2026-04-02 16:23:45.127,22.3,101.3
2026-04-02 16:23:47.927,22.3,101.3
2026-04-02 16:23:50.872,22.3,101.3
2026-04-02 16:23:53.680,22.3,101.3
2026-04-02 16:23:56.568,22.3,101.3
2026-04-02 16:23:59.245,22.3,101.3
2026-04-02 16:24:02.254,22.3,101.3
2026-04-02 16:24:04.769,22.3,101.3
2026-04-02 16:24:07.614,22.3,101.3
2026-04-02 16:24:10.467,22.2,101.3
2026-04-02 16:24:13.431,22.2,101.3
2026-04-02 16:24:15.942,22.3,101.3
2026-04-02 16:24:18.334,22.2,101.3
2026-04-02 16:24:20.767,22.3,101.3
2026-04-02 16:24:23.766,22.3,101.3
2026-04-02 16:24:26.496,22.3,101.3
2026-04-02 16:24:29.112,22.3,101.3
2026-04-02 16:24:32.192,22.3,101.3
2026-04-02 16:24:35.166,22.3,101.3
2026-04-02 16:24:37.545,22.3,101.3
2026-04-02 16:24:40.537,22.3,101.3
2026-04-02 16:24:43.402,22.3,101.3
2026-04-02 16:24:46.247,22.3,101.3
2026-04-02 16:24:48.908,22.3,101.3
2026-04-02 16:24:51.741,22.3,101.3
2026-04-02 16:24:54.526,22.3,101.3
2026-04-02 16:24:57.407,22.3,101.3
2026-04-02 16:25:00.038,22.2,101.3
2026-04-02 16:25:03.000,22.3,101.3
2026-04-02 16:25:05.596,22.3,101.3
2026-04-02 16:25:08.389,22.3,101.3
2026-04-02 16:25:11.068,22.3,101.3
2026-04-02 16:25:13.075,22.3,101.3
2026-04-02 16:25:15.872,22.3,101.3
2026-04-02 16:25:18.957,22.3,101.3
2026-04-02 16:25:21.767,22.3,101.3
2026-04-02 16:25:24.684,22.3,101.3
2026-04-02 16:25:27.322,22.3,101.3
2026-04-02 16:25:31.019,22.3,101.3
2026-04-02 16:25:33.497,22.3,101.3
2026-04-02 16:25:36.537,22.2,101.3
2026-04-02 16:25:39.425,22.2,101.3
2026-04-02 16:25:42.336,22.3,101.3
2026-04-02 16:25:45.217,22.2,101.3
2026-04-02 16:25:47.997,22.2,101.3
2026-04-02 16:25:50.271,22.2,101.3
2026-04-02 16:25:53.260,22.2,101.3
2026-04-02 16:25:55.990,22.2,101.3
2026-04-02 16:25:58.238,22.2,101.3
2026-04-02 16:26:00.736,22.2,101.3
2026-04-02 16:26:03.199,22.2,101.3
2026-04-02 16:26:07.198,22.2,101.3
2026-04-02 16:26:09.918,22.2,101.3
2026-04-02 16:26:12.645,22.2,101.3
2026-04-02 16:26:15.558,22.2,101.3
2026-04-02 16:26:18.479,22.2,101.3
2026-04-02 16:26:21.310,22.2,101.3
2026-04-02 16:26:24.037,22.2,101.3
2026-04-02 16:26:26.913,22.2,101.3
2026-04-02 16:26:29.763,22.2,101.3
2026-04-02 16:26:32.558,22.3,101.3
2026-04-02 16:26:35.212,22.3,101.3
2026-04-02 16:26:37.422,22.3,101.3
2026-04-02 16:26:39.728,22.3,101.3
2026-04-02 16:26:42.604,22.3,101.3
2026-04-02 16:26:45.396,22.3,101.3
2026-04-02 16:26:48.231,22.3,101.3
2026-04-02 16:26:51.119,22.3,101.3
2026-04-02 16:26:53.790,22.3,101.3
2026-04-02 16:26:56.802,22.3,101.3
2026-04-02 16:26:59.753,22.3,101.3
2026-04-02 16:27:02.424,22.3,101.3
2026-04-02 16:27:05.545,22.3,101.3
2026-04-02 16:27:08.070,22.3,101.3
2026-04-02 16:27:11.142,22.3,101.3
2026-04-02 16:27:13.708,22.3,101.3
2026-04-02 16:27:16.659,22.3,101.3
2026-04-02 16:27:19.673,22.3,101.3
2026-04-02 16:27:22.458,22.3,101.3
2026-04-02 16:27:25.361,22.3,101.3
2026-04-02 16:27:28.108,22.3,101.3
2026-04-02 16:27:31.158,22.3,101.3
2026-04-02 16:27:34.131,22.3,101.3
2026-04-02 16:27:36.744,22.3,101.3
2026-04-02 16:27:39.436,22.3,101.3
2026-04-02 16:27:42.430,22.3,101.3
2026-04-02 16:27:45.345,22.3,101.3
2026-04-02 16:27:48.271,22.3,101.3
2026-04-02 16:27:51.278,22.3,101.3
2026-04-02 16:27:54.143,22.3,101.3
2026-04-02 16:27:56.741,22.3,101.3
2026-04-02 16:27:59.399,22.3,101.3
2026-04-02 16:28:02.431,22.2,101.3
2026-04-02 16:28:04.896,22.2,101.3
2026-04-02 16:28:07.811,22.2,101.3
2026-04-02 16:28:10.243,22.3,101.3
2026-04-02 16:28:12.635,22.3,101.3
2026-04-02 16:28:15.195,22.3,101.3
2026-04-02 16:28:17.685,22.3,101.3
2026-04-02 16:28:20.558,22.3,101.3
2026-04-02 16:28:23.304,22.3,101.3
2026-04-02 16:28:25.718,22.3,101.3
2026-04-02 16:28:28.266,22.3,101.3
2026-04-02 16:28:31.040,22.3,101.3
2026-04-02 16:28:34.019,22.3,101.3
2026-04-02 16:28:37.005,22.3,101.3
2026-04-02 16:28:39.847,22.3,101.3
2026-04-02 16:28:42.395,22.3,101.3
2026-04-02 16:28:46.409,22.3,101.3
2026-04-02 16:28:49.213,22.3,101.3
2026-04-02 16:28:51.325,22.3,101.3
2026-04-02 16:28:54.039,22.3,101.3
2026-04-02 16:28:56.663,22.3,101.3
2026-04-02 16:28:59.428,22.3,101.3
2026-04-02 16:29:02.183,22.3,101.3
2026-04-02 16:29:04.882,22.3,101.3
2026-04-02 16:29:07.523,22.3,101.3
2026-04-02 16:29:10.469,22.3,101.3
2026-04-02 16:29:13.466,22.3,101.3
2026-04-02 16:29:15.941,22.3,101.3
2026-04-02 16:29:18.660,22.3,101.3
2026-04-02 16:29:21.467,22.3,101.3
2026-04-02 16:29:24.350,22.3,101.3
2026-04-02 16:29:27.294,22.3,101.3
2026-04-02 16:29:30.205,22.3,101.3
2026-04-02 16:29:32.979,22.3,101.3
2026-04-02 16:29:35.812,22.3,101.3
2026-04-02 16:29:38.393,22.3,101.3
2026-04-02 16:29:41.002,22.3,101.3
2026-04-02 16:29:43.789,22.3,101.3
2026-04-02 16:29:46.534,22.3,101.3
2026-04-02 16:29:49.357,22.3,101.3
2026-04-02 16:29:52.137,22.3,101.3
2026-04-02 16:29:54.944,22.3,101.3
2026-04-02 16:29:57.736,22.3,101.3
2026-04-02 16:30:00.707,22.3,101.3
2026-04-02 16:30:03.210,22.3,101.3
2026-04-02 16:30:06.191,22.3,101.3
2026-04-02 16:30:08.928,22.3,101.3
2026-04-02 16:30:11.534,22.3,101.3
2026-04-02 16:30:14.248,22.3,101.3
2026-04-02 16:30:17.091,22.3,101.3
2026-04-02 16:30:20.032,22.3,101.3
2026-04-02 16:30:22.681,22.3,101.3
2026-04-02 16:30:25.279,22.3,101.3
2026-04-02 16:30:28.132,22.3,101.3
2026-04-02 16:30:31.161,22.3,101.3
2026-04-02 16:30:34.056,22.3,101.3
2026-04-02 16:30:36.856,22.3,101.3
2026-04-02 16:30:39.489,22.3,101.3
2026-04-02 16:30:42.612,22.3,101.3
2026-04-02 16:30:45.495,22.3,101.3
2026-04-02 16:30:48.050,22.3,101.3
2026-04-02 16:30:50.969,22.3,101.3
2026-04-02 16:30:53.804,22.2,101.3
2026-04-02 16:30:56.548,22.3,101.3
2026-04-02 16:30:59.202,22.2,101.3
2026-04-02 16:31:01.969,22.3,101.3
2026-04-02 16:31:04.857,22.2,101.3
2026-04-02 16:31:07.701,22.3,101.3
2026-04-02 16:31:10.385,22.3,101.3
2026-04-02 16:31:13.377,22.3,101.3
2026-04-02 16:31:15.892,22.3,101.3
2026-04-02 16:31:18.626,22.2,101.3
2026-04-02 16:31:21.579,22.3,101.3
2026-04-02 16:31:23.961,22.2,101.3
2026-04-02 16:31:26.997,22.2,101.3
2026-04-02 16:31:29.502,22.3,101.3
2026-04-02 16:31:32.047,22.3,101.3
2026-04-02 16:31:35.013,22.2,101.3
2026-04-02 16:31:37.561,22.3,101.3
2026-04-02 16:31:40.343,22.2,101.3
2026-04-02 16:31:43.186,22.2,101.3
2026-04-02 16:31:46.175,22.2,101.3
2026-04-02 16:31:48.876,22.2,101.3
2026-04-02 16:31:51.696,22.3,101.3
2026-04-02 16:31:54.426,22.3,101.3
2026-04-02 16:31:57.465,22.3,101.3
2026-04-02 16:32:00.124,22.3,101.3
2026-04-02 16:32:02.890,22.3,101.3
2026-04-02 16:32:05.672,22.3,101.3
2026-04-02 16:32:08.245,22.2,101.3
2026-04-02 16:32:11.104,22.2,101.3
2026-04-02 16:32:13.657,22.3,101.3
2026-04-02 16:32:16.724,22.3,101.3
2026-04-02 16:32:19.504,22.3,101.3
2026-04-02 16:32:22.241,22.3,101.3
2026-04-02 16:32:24.981,22.3,101.3
2026-04-02 16:32:27.894,22.3,101.3
2026-04-02 16:32:30.215,22.3,101.3
2026-04-02 16:32:32.799,22.3,101.3
2026-04-02 16:32:35.470,22.3,101.3
2026-04-02 16:32:38.476,22.3,101.3
2026-04-02 16:32:41.039,22.3,101.3
2026-04-02 16:32:44.043,22.3,101.3
2026-04-02 16:32:46.903,22.3,101.3
2026-04-02 16:32:49.714,22.2,101.3
2026-04-02 16:32:52.779,22.3,101.3
2026-04-02 16:32:55.778,22.2,101.3
2026-04-02 16:32:58.457,22.2,101.3
2026-04-02 16:33:00.912,22.2,101.3
2026-04-02 16:33:03.848,22.2,101.3
2026-04-02 16:33:06.295,22.3,101.3
2026-04-02 16:33:10.405,22.3,101.3
2026-04-02 16:33:13.190,22.3,101.3
2026-04-02 16:33:15.980,22.3,101.3
2026-04-02 16:33:18.472,22.3,101.3
2026-04-02 16:33:21.370,22.3,101.3
2026-04-02 16:33:23.965,22.3,101.3
2026-04-02 16:33:26.931,22.3,101.3
2026-04-02 16:33:29.736,22.3,101.3
2026-04-02 16:33:32.455,22.3,101.3
2026-04-02 16:33:35.335,22.3,101.3
2026-04-02 16:33:38.349,22.3,101.3
2026-04-02 16:33:41.338,22.3,101.3
2026-04-02 16:33:44.042,22.3,101.3
2026-04-02 16:33:46.986,22.3,101.3
2026-04-02 16:33:49.735,22.3,101.3
2026-04-02 16:33:52.621,22.3,101.3
2026-04-02 16:33:55.240,22.3,101.3
2026-04-02 16:33:58.093,22.3,101.3
2026-04-02 16:34:00.747,22.3,101.3
2026-04-02 16:34:03.902,22.3,101.3
2026-04-02 16:34:06.601,22.3,101.3
2026-04-02 16:34:09.413,22.3,101.3
2026-04-02 16:34:11.822,22.3,101.3
2026-04-02 16:34:14.899,22.2,101.3
2026-04-02 16:34:17.615,22.2,101.3
2026-04-02 16:34:20.586,22.2,101.3
2026-04-02 16:34:23.313,22.2,101.3
2026-04-02 16:34:26.120,22.2,101.3
2026-04-02 16:34:28.854,22.2,101.3
2026-04-02 16:34:31.784,22.2,101.3
2026-04-02 16:34:34.213,22.2,101.3
2026-04-02 16:34:36.897,22.2,101.3
2026-04-02 16:34:39.876,22.2,101.3
2026-04-02 16:34:42.751,22.3,101.3
2026-04-02 16:34:45.536,22.3,101.3
2026-04-02 16:34:48.436,22.3,101.3
2026-04-02 16:34:51.110,22.3,101.3
2026-04-02 16:34:53.866,22.3,101.3
2026-04-02 16:34:56.749,22.3,101.3
2026-04-02 16:34:59.148,22.3,101.3
2026-04-02 16:35:02.124,22.3,101.3
2026-04-02 16:35:04.830,22.3,101.3
2026-04-02 16:35:07.401,22.3,101.3
2026-04-02 16:35:10.236,22.3,101.3
2026-04-02 16:35:12.570,22.3,101.3
2026-04-02 16:35:15.392,22.3,101.3
2026-04-02 16:35:18.257,22.2,101.3
2026-04-02 16:35:20.309,22.3,101.3
2026-04-02 16:35:23.333,22.3,101.3
2026-04-02 16:35:26.196,22.3,101.3
2026-04-02 16:35:28.749,22.3,101.3
2026-04-02 16:35:31.756,22.3,101.3
2026-04-02 16:35:34.465,22.3,101.3
2026-04-02 16:35:37.013,22.3,101.3
2026-04-02 16:35:39.979,22.3,101.3
2026-04-02 16:35:42.847,22.3,101.3
2026-04-02 16:35:45.734,22.3,101.3
2026-04-02 16:35:48.653,22.3,101.3
2026-04-02 16:35:51.238,22.3,101.3
2026-04-02 16:35:54.143,22.3,101.3
2026-04-02 16:35:56.895,22.3,101.3
2026-04-02 16:35:59.816,22.3,101.3
2026-04-02 16:36:02.416,22.3,101.3
2026-04-02 16:36:05.541,22.3,101.3
2026-04-02 16:36:08.232,22.3,101.3
2026-04-02 16:36:10.746,22.3,101.3
2026-04-02 16:36:13.629,22.3,101.3
2026-04-02 16:36:16.310,22.3,101.3
2026-04-02 16:36:18.888,22.3,101.3
2026-04-02 16:36:21.518,22.3,101.3
2026-04-02 16:36:24.055,22.3,101.3
2026-04-02 16:36:26.858,22.3,101.3
2026-04-02 16:36:29.506,22.3,101.3
2026-04-02 16:36:32.192,22.3,101.3
2026-04-02 16:36:34.921,22.3,101.3
2026-04-02 16:36:37.464,22.3,101.3
2026-04-02 16:36:40.175,22.3,101.3
2026-04-02 16:36:42.987,22.3,101.3
2026-04-02 16:36:45.421,22.3,101.3
2026-04-02 16:36:47.775,22.3,101.3
2026-04-02 16:36:50.489,22.3,101.3
2026-04-02 16:36:53.291,22.3,101.3
2026-04-02 16:36:55.884,22.3,101.3
2026-04-02 16:36:58.505,22.3,101.3
2026-04-02 16:37:01.309,22.3,101.3
2026-04-02 16:37:03.876,22.3,101.3
2026-04-02 16:37:06.192,22.3,101.3
2026-04-02 16:37:08.672,22.3,101.3
2026-04-02 16:37:11.099,22.3,101.3
2026-04-02 16:37:15.045,22.3,101.3
2026-04-02 16:37:17.573,22.3,101.3
2026-04-02 16:37:20.381,22.3,101.3
2026-04-02 16:37:23.004,22.3,101.3
2026-04-02 16:37:25.307,22.3,101.3
2026-04-02 16:37:27.963,22.3,101.3
2026-04-02 16:37:30.841,22.3,101.3
2026-04-02 16:37:33.371,22.3,101.3
2026-04-02 16:37:36.284,22.3,101.3
2026-04-02 16:37:38.915,22.3,101.3
2026-04-02 16:37:41.283,22.3,101.3
2026-04-02 16:37:43.957,22.2,101.3
2026-04-02 16:37:46.643,22.3,101.3
2026-04-02 16:37:49.438,22.3,101.3
2026-04-02 16:37:52.018,22.3,101.3
2026-04-02 16:37:54.921,22.2,101.3
2026-04-02 16:37:57.406,22.2,101.3
2026-04-02 16:37:59.593,22.3,101.3
2026-04-02 16:38:02.276,22.3,101.3
2026-04-02 16:38:04.902,22.3,101.3
2026-04-02 16:38:07.749,22.3,101.3
2026-04-02 16:38:10.226,22.3,101.3
2026-04-02 16:38:13.008,22.3,101.3
2026-04-02 16:38:15.782,22.3,101.3
2026-04-02 16:38:18.420,22.3,101.3
2026-04-02 16:38:21.348,22.2,101.3
2026-04-02 16:38:23.928,22.2,101.3
2026-04-02 16:38:26.743,22.3,101.3
2026-04-02 16:38:29.361,22.3,101.3
2026-04-02 16:38:31.893,22.3,101.3
2026-04-02 16:38:34.717,22.3,101.3
2026-04-02 16:38:37.249,22.3,101.3
2026-04-02 16:38:39.998,22.3,101.3
2026-04-02 16:38:42.785,22.3,101.3
2026-04-02 16:38:45.433,22.3,101.3
2026-04-02 16:38:47.820,22.3,101.3
2026-04-02 16:38:50.544,22.3,101.3
2026-04-02 16:38:53.353,22.3,101.3
2026-04-02 16:38:55.987,22.3,101.3
2026-04-02 16:38:58.678,22.3,101.3
2026-04-02 16:39:01.407,22.3,101.3
2026-04-02 16:39:03.985,22.3,101.3
2026-04-02 16:39:06.765,22.3,101.3
2026-04-02 16:39:09.385,22.3,101.3
2026-04-02 16:39:11.955,22.3,101.3
2026-04-02 16:39:14.429,22.3,101.3
2026-04-02 16:39:17.445,22.3,101.3
2026-04-02 16:39:20.373,22.3,101.3
2026-04-02 16:39:22.938,22.3,101.3
2026-04-02 16:39:25.486,22.3,101.3
2026-04-02 16:39:28.127,22.2,101.3
2026-04-02 16:39:30.909,22.2,101.3
2026-04-02 16:39:33.214,22.2,101.3
2026-04-02 16:39:35.701,22.2,101.3
2026-04-02 16:39:38.490,22.2,101.3
2026-04-02 16:39:41.426,22.2,101.3
2026-04-02 16:39:44.127,22.2,101.3
2026-04-02 16:39:46.839,22.2,101.3
2026-04-02 16:39:49.319,22.2,101.3
2026-04-02 16:39:52.081,22.2,101.3
2026-04-02 16:39:54.616,22.2,101.3
2026-04-02 16:39:57.324,22.2,101.3
2026-04-02 16:39:59.882,22.3,101.3
2026-04-02 16:40:02.941,22.2,101.3
2026-04-02 16:40:05.388,22.2,101.3
2026-04-02 16:40:07.809,22.2,101.3
2026-04-02 16:40:10.259,22.2,101.3
2026-04-02 16:40:13.006,22.2,101.3
2026-04-02 16:40:15.854,22.2,101.3
2026-04-02 16:40:20.448,22.3,101.3
2026-04-02 16:40:23.249,22.3,101.3
2026-04-02 16:40:25.882,22.2,101.3
2026-04-02 16:40:28.587,22.2,101.3
2026-04-02 16:40:30.744,22.2,101.3
2026-04-02 16:40:33.327,22.2,101.3
2026-04-02 16:40:35.810,22.2,101.3
2026-04-02 16:40:38.537,22.2,101.3
2026-04-02 16:40:41.533,22.3,101.3
2026-04-02 16:40:44.452,22.3,101.3
2026-04-02 16:40:46.945,22.3,101.3
2026-04-02 16:40:49.838,22.3,101.3
2026-04-02 16:40:52.538,22.3,101.3
2026-04-02 16:40:54.924,22.2,101.3
2026-04-02 16:40:57.979,22.2,101.3
2026-04-02 16:41:00.550,22.3,101.3
2026-04-02 16:41:04.590,22.3,101.3
2026-04-02 16:41:07.262,22.3,101.3
2026-04-02 16:41:10.122,22.2,101.3
2026-04-02 16:41:12.819,22.2,101.3
2026-04-02 16:41:15.727,22.3,101.3
2026-04-02 16:41:18.209,22.3,101.3
2026-04-02 16:41:21.090,22.3,101.3
2026-04-02 16:41:23.773,22.3,101.3
2026-04-02 16:41:26.361,22.3,101.3
2026-04-02 16:41:29.081,22.3,101.3
2026-04-02 16:41:31.389,22.3,101.3
2026-04-02 16:41:34.154,22.3,101.3
2026-04-02 16:41:36.752,22.2,101.3
2026-04-02 16:41:39.675,22.3,101.3
2026-04-02 16:41:42.253,22.3,101.3
2026-04-02 16:41:44.551,22.3,101.3
2026-04-02 16:41:47.111,22.3,101.3
2026-04-02 16:41:50.042,22.3,101.3
2026-04-02 16:41:52.583,22.3,101.3
2026-04-02 16:41:55.222,22.3,101.3
2026-04-02 16:41:57.743,22.3,101.3
2026-04-02 16:42:00.492,22.3,101.3
2026-04-02 16:42:03.182,22.3,101.3
2026-04-02 16:42:06.156,22.3,101.3
2026-04-02 16:42:08.593,22.3,101.3
2026-04-02 16:42:10.952,22.3,101.3
2026-04-02 16:42:13.664,22.3,101.3
2026-04-02 16:42:16.613,22.3,101.3
2026-04-02 16:42:19.037,22.3,101.3
2026-04-02 16:42:21.663,22.3,101.3
2026-04-02 16:42:24.396,22.3,101.3
2026-04-02 16:42:26.962,22.3,101.3
2026-04-02 16:42:29.482,22.3,101.3
2026-04-02 16:42:32.370,22.3,101.3
2026-04-02 16:42:35.006,22.3,101.3
2026-04-02 16:42:37.428,22.3,101.3
2026-04-02 16:42:39.845,22.3,101.3
2026-04-02 16:42:42.545,22.3,101.3
2026-04-02 16:42:45.475,22.3,101.3
2026-04-02 16:42:48.303,22.3,101.3
2026-04-02 16:42:51.015,22.3,101.3
2026-04-02 16:42:53.530,22.3,101.3
2026-04-02 16:42:56.343,22.3,101.3
2026-04-02 16:42:59.032,22.3,101.3
2026-04-02 16:43:01.950,22.3,101.3
2026-04-02 16:43:04.564,22.3,101.3
2026-04-02 16:43:07.419,22.3,101.3
2026-04-02 16:43:10.182,22.3,101.3
2026-04-02 16:43:12.624,22.3,101.3
2026-04-02 16:43:14.655,22.3,101.3
2026-04-02 16:43:17.311,22.3,101.3
2026-04-02 16:43:20.399,22.3,101.3
2026-04-02 16:43:23.055,22.3,101.3
2026-04-02 16:43:25.402,22.3,101.3
2026-04-02 16:43:28.093,22.3,101.3
2026-04-02 16:43:30.919,22.3,101.3
2026-04-02 16:43:33.603,22.3,101.3
2026-04-02 16:43:36.456,22.3,101.3
2026-04-02 16:43:39.040,22.3,101.3
2026-04-02 16:43:41.835,22.3,101.3
2026-04-02 16:43:44.454,22.3,101.3
2026-04-02 16:43:46.930,22.3,101.3
2026-04-02 16:43:49.592,22.3,101.3
2026-04-02 16:43:52.670,22.3,101.3
2026-04-02 16:43:55.117,22.3,101.3
2026-04-02 16:43:58.139,22.3,101.3
2026-04-02 16:44:00.595,22.3,101.3
2026-04-02 16:44:03.471,22.3,101.3
2026-04-02 16:44:06.241,22.2,101.3
2026-04-02 16:44:08.941,22.3,101.3
2026-04-02 16:44:11.723,22.3,101.3
2026-04-02 16:44:14.433,22.3,101.3
2026-04-02 16:44:17.395,22.3,101.3
2026-04-02 16:44:19.968,22.3,101.3
2026-04-02 16:44:22.776,22.3,101.3
2026-04-02 16:44:25.368,22.3,101.3
2026-04-02 16:44:27.861,22.3,101.3
2026-04-02 16:44:30.235,22.3,101.3
2026-04-02 16:44:32.584,22.3,101.3
2026-04-02 16:44:35.216,22.3,101.3
2026-04-02 16:44:38.125,22.3,101.3
2026-04-02 16:44:40.610,22.3,101.3
2026-04-02 16:44:43.221,22.2,101.3
2026-04-02 16:44:46.289,22.3,101.3
2026-04-02 16:44:49.128,22.3,101.3
2026-04-02 16:44:51.583,22.3,101.3
2026-04-02 16:44:54.218,22.3,101.3
2026-04-02 16:44:56.770,22.3,101.3
2026-04-02 16:44:59.687,22.3,101.3
2026-04-02 16:45:02.200,22.3,101.3
2026-04-02 16:45:04.786,22.3,101.3
2026-04-02 16:45:07.763,22.3,101.3
2026-04-02 16:45:10.314,22.3,101.3
2026-04-02 16:45:13.231,22.3,101.3
2026-04-02 16:45:15.837,22.3,101.3
2026-04-02 16:45:18.250,22.3,101.3
2026-04-02 16:45:20.687,22.3,101.3
2026-04-02 16:45:23.404,22.3,101.3
2026-04-02 16:45:26.103,22.3,101.3
2026-04-02 16:45:28.624,22.3,101.3
2026-04-02 16:45:31.021,22.3,101.3
2026-04-02 16:45:33.490,22.3,101.3
2026-04-02 16:45:36.424,22.3,101.3
2026-04-02 16:45:38.980,22.2,101.3
2026-04-02 16:45:41.624,22.2,101.3
2026-04-02 16:45:44.653,22.2,101.3
2026-04-02 16:45:47.350,22.2,101.3
2026-04-02 16:45:50.181,22.2,101.3
2026-04-02 16:45:52.862,22.2,101.3
2026-04-02 16:45:55.706,22.2,101.3
2026-04-02 16:45:58.310,22.2,101.3
2026-04-02 16:46:01.080,22.3,101.3
2026-04-02 16:46:03.833,22.2,101.3
2026-04-02 16:46:06.800,22.3,101.3
2026-04-02 16:46:09.514,22.3,101.3
2026-04-02 16:46:12.391,22.3,101.3
2026-04-02 16:46:15.186,22.3,101.3
2026-04-02 16:46:18.057,22.3,101.3
2026-04-02 16:46:20.366,22.3,101.3
2026-04-02 16:46:23.020,22.3,101.3
2026-04-02 16:46:25.523,22.3,101.3
2026-04-02 16:46:28.497,22.3,101.3
2026-04-02 16:46:31.017,22.3,101.3
2026-04-02 16:46:33.590,22.3,101.3
2026-04-02 16:46:38.218,22.3,101.3
2026-04-02 16:46:40.799,22.3,101.3
2026-04-02 16:46:43.801,22.3,101.3
2026-04-02 16:46:46.538,22.3,101.3
2026-04-02 16:46:49.344,22.3,101.3
2026-04-02 16:46:52.028,22.3,101.3
2026-04-02 16:46:55.029,22.3,101.3
2026-04-02 16:46:57.451,22.3,101.3
2026-04-02 16:46:59.886,22.3,101.3
2026-04-02 16:47:02.935,22.3,101.3
2026-04-02 16:47:05.556,22.3,101.3
2026-04-02 16:47:08.432,22.3,101.3
2026-04-02 16:47:11.058,22.3,101.3
2026-04-02 16:47:13.921,22.2,101.3
2026-04-02 16:47:16.590,22.2,101.3
2026-04-02 16:47:19.347,22.3,101.3
2026-04-02 16:47:22.155,22.3,101.3
2026-04-02 16:47:25.026,22.3,101.3
2026-04-02 16:47:27.851,22.3,101.3
2026-04-02 16:47:30.204,22.3,101.3
2026-04-02 16:47:32.599,22.3,101.3
2026-04-02 16:47:35.129,22.3,101.3
2026-04-02 16:47:38.131,22.3,101.3
2026-04-02 16:47:40.389,22.3,101.3
2026-04-02 16:47:42.928,22.3,101.3
2026-04-02 16:47:45.511,22.3,101.3
2026-04-02 16:47:48.122,22.3,101.3
2026-04-02 16:47:51.001,22.2,101.3
2026-04-02 16:47:53.408,22.3,101.3
2026-04-02 16:47:56.160,22.3,101.3
2026-04-02 16:47:58.944,22.3,101.3
2026-04-02 16:48:01.525,22.3,101.3
2026-04-02 16:48:04.484,22.3,101.3
2026-04-02 16:48:07.088,22.3,101.3
2026-04-02 16:48:10.061,22.3,101.3
2026-04-02 16:48:12.685,22.3,101.3
2026-04-02 16:48:15.347,22.3,101.3
2026-04-02 16:48:18.159,22.3,101.3
2026-04-02 16:48:20.609,22.3,101.3
2026-04-02 16:48:22.857,22.3,101.3
2026-04-02 16:48:25.266,22.3,101.3
2026-04-02 16:48:28.071,22.3,101.3
2026-04-02 16:48:30.988,22.3,101.3
2026-04-02 16:48:33.347,22.3,101.3
2026-04-02 16:48:36.036,22.3,101.3
2026-04-02 16:48:38.655,22.3,101.3
2026-04-02 16:48:41.352,22.3,101.3
2026-04-02 16:48:43.880,22.3,101.3
2026-04-02 16:48:46.426,22.3,101.3
2026-04-02 16:48:49.350,22.2,101.3
2026-04-02 16:48:51.784,22.2,101.3
2026-04-02 16:48:54.199,22.2,101.3
2026-04-02 16:48:56.679,22.3,101.3
2026-04-02 16:48:59.500,22.3,101.3
2026-04-02 16:49:02.214,22.3,101.3
2026-04-02 16:49:05.322,22.3,101.3
2026-04-02 16:49:07.956,22.3,101.3
2026-04-02 16:49:10.872,22.3,101.3
2026-04-02 16:49:13.403,22.3,101.3
2026-04-02 16:49:15.744,22.3,101.3
2026-04-02 16:49:18.161,22.3,101.3
2026-04-02 16:49:20.616,22.3,101.3
2026-04-02 16:49:24.510,22.3,101.3
2026-04-02 16:49:27.033,22.3,101.3
2026-04-02 16:49:29.790,22.3,101.3
2026-04-02 16:49:32.592,22.3,101.3
2026-04-02 16:49:35.440,22.3,101.3
2026-04-02 16:49:38.258,22.3,101.3
2026-04-02 16:49:41.096,22.3,101.3
2026-04-02 16:49:43.768,22.3,101.3
2026-04-02 16:49:46.522,22.3,101.3
2026-04-02 16:49:49.317,22.3,101.3
2026-04-02 16:49:51.771,22.3,101.3
2026-04-02 16:49:54.475,22.3,101.3
2026-04-02 16:49:57.340,22.3,101.3
2026-04-02 16:49:59.886,22.3,101.3
2026-04-02 16:50:02.585,22.3,101.3
2026-04-02 16:50:05.380,22.3,101.3
2026-04-02 16:50:08.172,22.3,101.3
2026-04-02 16:50:10.992,22.3,101.3
2026-04-02 16:50:13.641,22.3,101.3
2026-04-02 16:50:16.473,22.3,101.3
2026-04-02 16:50:19.059,22.3,101.3
2026-04-02 16:50:21.282,22.3,101.3
2026-04-02 16:50:24.050,22.3,101.3
2026-04-02 16:50:26.925,22.3,101.3
2026-04-02 16:50:29.425,22.3,101.3
2026-04-02 16:50:31.978,22.3,101.3
2026-04-02 16:50:34.917,22.3,101.3
2026-04-02 16:50:37.354,22.3,101.3
2026-04-02 16:50:40.013,22.3,101.3
2026-04-02 16:50:42.889,22.3,101.3
2026-04-02 16:50:45.477,22.3,101.3
2026-04-02 16:50:47.972,22.3,101.3
2026-04-02 16:50:50.802,22.3,101.3
2026-04-02 16:50:53.436,22.3,101.3
2026-04-02 16:50:55.811,22.3,101.3
2026-04-02 16:50:58.372,22.3,101.3
2026-04-02 16:51:01.122,22.3,101.3
2026-04-02 16:51:03.804,22.3,101.3
2026-04-02 16:51:06.627,22.3,101.3
2026-04-02 16:51:09.430,22.3,101.3
2026-04-02 16:51:11.709,22.3,101.3
2026-04-02 16:51:14.288,22.3,101.3
2026-04-02 16:51:16.964,22.3,101.3
2026-04-02 16:51:19.848,22.3,101.3
2026-04-02 16:51:22.087,22.3,101.3
2026-04-02 16:51:24.627,22.3,101.3
2026-04-02 16:51:27.193,22.3,101.3
2026-04-02 16:51:30.112,22.3,101.3
2026-04-02 16:51:32.514,22.3,101.3
2026-04-02 16:51:34.977,22.3,101.3
2026-04-02 16:51:37.521,22.2,101.3
2026-04-02 16:51:40.405,22.2,101.3
2026-04-02 16:51:42.837,22.3,101.3
2026-04-02 16:51:45.575,22.3,101.3
2026-04-02 16:51:48.436,22.2,101.3
2026-04-02 16:51:51.061,22.3,101.3
2026-04-02 16:51:53.682,22.3,101.3
2026-04-02 16:51:56.500,22.3,101.3
2026-04-02 16:51:59.023,22.3,101.3
2026-04-02 16:52:01.302,22.2,101.3
2026-04-02 16:52:03.954,22.2,101.3
2026-04-02 16:52:06.799,22.2,101.3
2026-04-02 16:52:09.267,22.2,101.3
2026-04-02 16:52:12.123,22.2,101.3
2026-04-02 16:52:14.963,22.3,101.3
2026-04-02 16:52:17.592,22.3,101.3
2026-04-02 16:52:20.456,22.3,101.3
2026-04-02 16:52:22.815,22.3,101.3
2026-04-02 16:52:25.437,22.3,101.3
2026-04-02 16:52:28.044,22.3,101.3
2026-04-02 16:52:30.920,22.3,101.3
2026-04-02 16:52:33.552,22.3,101.3
2026-04-02 16:52:36.160,22.3,101.3
2026-04-02 16:52:38.938,22.3,101.3
2026-04-02 16:52:41.549,22.3,101.3
2026-04-02 16:52:44.375,22.3,101.3
2026-04-02 16:52:47.047,22.3,101.3
2026-04-02 16:52:49.580,22.3,101.3
2026-04-02 16:52:52.504,22.3,101.3
2026-04-02 16:52:55.015,22.3,101.3
2026-04-02 16:52:57.560,22.3,101.3
2026-04-02 16:53:00.484,22.3,101.3
2026-04-02 16:53:03.050,22.3,101.3
2026-04-02 16:53:06.934,22.3,101.3
2026-04-02 16:53:09.566,22.3,101.3
2026-04-02 16:53:12.565,22.3,101.3
2026-04-02 16:53:15.323,22.3,101.3
2026-04-02 16:53:18.174,22.3,101.3
2026-04-02 16:53:20.931,22.3,101.3
2026-04-02 16:53:23.771,22.3,101.3
2026-04-02 16:53:26.448,22.3,101.3
2026-04-02 16:53:29.407,22.3,101.3
2026-04-02 16:53:31.801,22.3,101.3
2026-04-02 16:53:34.564,22.3,101.3
2026-04-02 16:53:37.392,22.3,101.3
2026-04-02 16:53:39.744,22.3,101.3
2026-04-02 16:53:42.150,22.3,101.3
2026-04-02 16:53:44.656,22.3,101.3
2026-04-02 16:53:47.692,22.3,101.3
2026-04-02 16:53:50.222,22.3,101.3
2026-04-02 16:53:52.977,22.3,101.3
2026-04-02 16:53:55.633,22.3,101.3
2026-04-02 16:53:58.173,22.3,101.3
2026-04-02 16:54:00.888,22.3,101.3
2026-04-02 16:54:03.670,22.3,101.3
2026-04-02 16:54:06.191,22.3,101.3
2026-04-02 16:54:08.454,22.3,101.3
2026-04-02 16:54:10.853,22.3,101.3
2026-04-02 16:54:13.370,22.3,101.3
2026-04-02 16:54:16.057,22.3,101.3
2026-04-02 16:54:18.890,22.3,101.3
2026-04-02 16:54:21.455,22.3,101.3
2026-04-02 16:54:23.905,22.3,101.3
2026-04-02 16:54:26.922,22.3,101.3
2026-04-02 16:54:29.508,22.3,101.3
2026-04-02 16:54:32.454,22.3,101.3
2026-04-02 16:54:35.002,22.3,101.3
2026-04-02 16:54:38.044,22.3,101.3
2026-04-02 16:54:40.675,22.3,101.3
2026-04-02 16:54:43.321,22.3,101.3
2026-04-02 16:54:46.108,22.3,101.3
2026-04-02 16:54:48.802,22.3,101.3
2026-04-02 16:54:51.562,22.3,101.3
2026-04-02 16:54:54.146,22.3,101.3
2026-04-02 16:54:56.908,22.3,101.3
2026-04-02 16:54:59.733,22.2,101.3
2026-04-02 16:55:02.498,22.3,101.3
2026-04-02 16:55:05.283,22.3,101.3
2026-04-02 16:55:07.929,22.3,101.3
2026-04-02 16:55:10.477,22.3,101.3
2026-04-02 16:55:13.307,22.3,101.3
2026-04-02 16:55:15.900,22.3,101.3
2026-04-02 16:55:18.881,22.3,101.3
2026-04-02 16:55:21.368,22.3,101.3
2026-04-02 16:55:24.002,22.3,101.3
2026-04-02 16:55:26.834,22.3,101.3
2026-04-02 16:55:29.244,22.3,101.3
2026-04-02 16:55:31.852,22.3,101.3
2026-04-02 16:55:34.259,22.3,101.3
2026-04-02 16:55:37.218,22.3,101.3
2026-04-02 16:55:39.864,22.3,101.3
2026-04-02 16:55:42.938,22.3,101.3
2026-04-02 16:55:45.446,22.3,101.3
2026-04-02 16:55:48.486,22.3,101.3
2026-04-02 16:55:50.936,22.3,101.3
2026-04-02 16:55:53.668,22.3,101.3
2026-04-02 16:55:56.549,22.3,101.3
2026-04-02 16:55:59.016,22.3,101.3
2026-04-02 16:56:01.622,22.3,101.3
2026-04-02 16:56:04.493,22.3,101.3
2026-04-02 16:56:07.124,22.3,101.3
2026-04-02 16:56:09.982,22.3,101.3
2026-04-02 16:56:12.553,22.3,101.3
2026-04-02 16:56:15.164,22.3,101.3
2026-04-02 16:56:17.947,22.3,101.3
2026-04-02 16:56:20.589,22.3,101.3
2026-04-02 16:56:23.084,22.3,101.3
2026-04-02 16:56:25.652,22.3,101.3
2026-04-02 16:56:28.420,22.3,101.3
2026-04-02 16:56:30.776,22.3,101.3
2026-04-02 16:56:33.455,22.2,101.3
2026-04-02 16:56:35.769,22.3,101.3
2026-04-02 16:56:38.252,22.3,101.3
2026-04-02 16:56:40.891,22.3,101.3
2026-04-02 16:56:43.494,22.3,101.3
2026-04-02 16:56:46.050,22.3,101.3
2026-04-02 16:56:48.568,22.3,101.3
2026-04-02 16:56:50.811,22.3,101.3
2026-04-02 16:56:53.251,22.3,101.3
2026-04-02 16:56:55.668,22.3,101.3
2026-04-02 16:56:58.140,22.3,101.3
2026-04-02 16:57:00.605,22.3,101.3
2026-04-02 16:57:03.181,22.3,101.3
2026-04-02 16:57:05.941,22.3,101.3
2026-04-02 16:57:08.527,22.3,101.3
2026-04-02 16:57:10.739,22.3,101.3
2026-04-02 16:57:13.144,22.3,101.3
2026-04-02 16:57:15.650,22.2,101.3
2026-04-02 16:57:18.241,22.3,101.3
2026-04-02 16:57:20.797,22.3,101.3
2026-04-02 16:57:23.013,22.3,101.3
2026-04-02 16:57:25.469,22.3,101.3
2026-04-02 16:57:28.053,22.2,101.3
2026-04-02 16:57:30.430,22.3,101.3
2026-04-02 16:57:32.812,22.3,101.3
2026-04-02 16:57:35.549,22.2,101.3
2026-04-02 16:57:38.030,22.2,101.3
2026-04-02 16:57:40.459,22.3,101.3
2026-04-02 16:57:43.152,22.3,101.3
2026-04-02 16:57:45.584,22.3,101.3
2026-04-02 16:57:48.088,22.3,101.3
2026-04-02 16:57:50.639,22.3,101.3
2026-04-02 16:57:53.245,22.3,101.3
2026-04-02 16:57:55.504,22.3,101.3
2026-04-02 16:57:58.130,22.3,101.3
2026-04-02 16:58:00.505,22.3,101.3
2026-04-02 16:58:02.920,22.3,101.3
2026-04-02 16:58:05.256,22.3,101.3
2026-04-02 16:58:07.701,22.3,101.3
2026-04-02 16:58:10.095,22.2,101.3
2026-04-02 16:58:12.605,22.2,101.3
2026-04-02 16:58:15.185,22.3,101.3
2026-04-02 16:58:17.643,22.3,101.3
2026-04-02 16:58:20.327,22.3,101.3
2026-04-02 16:58:22.915,22.3,101.3
2026-04-02 16:58:25.274,22.3,101.3
2026-04-02 16:58:27.796,22.3,101.3
2026-04-02 16:58:30.269,22.2,101.3
2026-04-02 16:58:33.201,22.3,101.3
2026-04-02 16:58:35.731,22.3,101.3
2026-04-02 16:58:38.066,22.2,101.3
2026-04-02 16:58:40.584,22.2,101.3
2026-04-02 16:58:42.855,22.3,101.3
2026-04-02 16:58:45.361,22.3,101.3
2026-04-02 16:58:47.740,22.3,101.3
2026-04-02 16:58:50.140,22.3,101.3
2026-04-02 16:58:52.557,22.3,101.3
2026-04-02 16:58:55.242,22.3,101.3
2026-04-02 16:58:57.697,22.3,101.3
2026-04-02 16:59:00.470,22.3,101.3
2026-04-02 16:59:02.907,22.3,101.3
2026-04-02 16:59:05.278,22.3,101.3
2026-04-02 16:59:07.615,22.3,101.3
2026-04-02 16:59:10.126,22.4,101.3
2026-04-02 16:59:12.608,22.3,101.3
2026-04-02 16:59:15.038,22.3,101.3
2026-04-02 16:59:18.070,22.3,101.3
2026-04-02 16:59:20.745,22.3,101.3
2026-04-02 16:59:23.084,22.3,101.3
2026-04-02 16:59:25.844,22.3,101.3
2026-04-02 16:59:28.646,22.3,101.3
2026-04-02 16:59:31.303,22.4,101.3
2026-04-02 16:59:33.728,22.4,101.3
2026-04-02 16:59:36.465,22.3,101.3
2026-04-02 16:59:39.154,22.3,101.3
2026-04-02 16:59:41.990,22.3,101.3
2026-04-02 16:59:44.224,22.3,101.3
2026-04-02 16:59:46.860,22.3,101.3
2026-04-02 16:59:49.411,22.3,101.3
2026-04-02 16:59:51.788,22.3,101.3
2026-04-02 16:59:54.389,22.3,101.3
2026-04-02 16:59:56.920,22.3,101.3
2026-04-02 16:59:59.625,22.3,101.3
2026-04-02 17:00:02.241,22.3,101.3
2026-04-02 17:00:04.905,22.3,101.3
2026-04-02 17:00:07.594,22.3,101.3
2026-04-02 17:00:10.102,22.3,101.3
2026-04-02 17:00:12.703,22.3,101.3
2026-04-02 17:00:15.443,22.3,101.3
2026-04-02 17:00:17.872,22.3,101.3
2026-04-02 17:00:20.372,22.3,101.3
2026-04-02 17:00:22.825,22.3,101.3
2026-04-02 17:00:25.327,22.3,101.3
2026-04-02 17:00:27.815,22.3,101.3
2026-04-02 17:00:30.194,22.3,101.3
2026-04-02 17:00:32.805,22.3,101.3
2026-04-02 17:00:35.618,22.3,101.3
2026-04-02 17:00:38.125,22.3,101.3
2026-04-02 17:00:40.701,22.3,101.3
2026-04-02 17:00:43.383,22.3,101.3
2026-04-02 17:00:45.987,22.3,101.3
2026-04-02 17:00:48.611,22.3,101.3
2026-04-02 17:00:51.039,22.3,101.3
2026-04-02 17:00:53.519,22.3,101.3
2026-04-02 17:00:55.891,22.3,101.3
2026-04-02 17:00:58.639,22.3,101.3
2026-04-02 17:01:01.275,22.3,101.3
2026-04-02 17:01:03.796,22.3,101.3
2026-04-02 17:01:06.219,22.3,101.3
2026-04-02 17:01:08.748,22.3,101.3
2026-04-02 17:01:11.569,22.3,101.3
2026-04-02 17:01:14.087,22.3,101.3
2026-04-02 17:01:16.459,22.3,101.3
2026-04-02 17:01:19.267,22.3,101.3
2026-04-02 17:01:22.009,22.3,101.3
2026-04-02 17:01:24.508,22.3,101.3
2026-04-02 17:01:26.685,22.3,101.3
2026-04-02 17:01:29.168,22.3,101.3
2026-04-02 17:01:31.787,22.3,101.3
2026-04-02 17:01:34.330,22.3,101.3
2026-04-02 17:01:36.967,22.3,101.3
2026-04-02 17:01:39.739,22.3,101.3
2026-04-02 17:01:42.051,22.3,101.3
2026-04-02 17:01:44.511,22.3,101.3
2026-04-02 17:01:46.908,22.3,101.3
2026-04-02 17:01:49.252,22.3,101.3
2026-04-02 17:01:51.666,22.3,101.3
2026-04-02 17:01:53.700,22.3,101.3
2026-04-02 17:01:56.622,22.3,101.3
2026-04-02 17:01:59.218,22.3,101.3
2026-04-02 17:02:01.812,22.3,101.3
2026-04-02 17:02:04.380,22.3,101.3
2026-04-02 17:02:06.957,22.3,101.3
2026-04-02 17:02:09.508,22.3,101.3
2026-04-02 17:02:12.208,22.3,101.3
2026-04-02 17:02:14.983,22.3,101.3
2026-04-02 17:02:17.302,22.3,101.3
2026-04-02 17:02:19.813,22.3,101.3
2026-04-02 17:02:22.331,22.3,101.3
2026-04-02 17:02:24.920,22.3,101.3
2026-04-02 17:02:27.718,22.3,101.3
2026-04-02 17:02:30.067,22.3,101.3
2026-04-02 17:02:32.388,22.3,101.3
2026-04-02 17:02:34.871,22.3,101.3
2026-04-02 17:02:36.888,22.3,101.3
2026-04-02 17:02:39.330,22.3,101.3
2026-04-02 17:02:41.835,22.3,101.3
2026-04-02 17:02:44.572,22.3,101.3
2026-04-02 17:02:47.411,22.3,101.3
2026-04-02 17:02:50.007,22.3,101.3
2026-04-02 17:02:52.526,22.3,101.3
2026-04-02 17:02:55.155,22.3,101.3
2026-04-02 17:02:57.736,22.3,101.3
2026-04-02 17:03:00.353,22.3,101.3
2026-04-02 17:03:02.871,22.3,101.3
2026-04-02 17:03:05.460,22.3,101.3
2026-04-02 17:03:07.817,22.3,101.3
2026-04-02 17:03:10.406,22.3,101.3
2026-04-02 17:03:13.195,22.3,101.3
2026-04-02 17:03:15.537,22.3,101.3
2026-04-02 17:03:17.856,22.3,101.3
2026-04-02 17:03:20.448,22.3,101.3
2026-04-02 17:03:22.936,22.3,101.3
2026-04-02 17:03:25.648,22.3,101.3
2026-04-02 17:03:27.988,22.3,101.3
2026-04-02 17:03:30.595,22.3,101.3
2026-04-02 17:03:33.252,22.3,101.3
2026-04-02 17:03:35.581,22.3,101.3
2026-04-02 17:03:37.989,22.3,101.3
2026-04-02 17:03:40.442,22.3,101.3
2026-04-02 17:03:42.988,22.3,101.3
2026-04-02 17:03:45.355,22.3,101.3
2026-04-02 17:03:47.990,22.3,101.3
2026-04-02 17:03:50.622,22.3,101.3
2026-04-02 17:03:53.253,22.3,101.3
2026-04-02 17:03:55.729,22.3,101.3
2026-04-02 17:03:58.237,22.3,101.3
2026-04-02 17:04:01.132,22.3,101.3
2026-04-02 17:04:03.668,22.3,101.3
2026-04-02 17:04:06.143,22.3,101.3
2026-04-02 17:04:08.753,22.3,101.3
2026-04-02 17:04:11.523,22.3,101.3
2026-04-02 17:04:14.059,22.3,101.3
2026-04-02 17:04:16.497,22.3,101.3
2026-04-02 17:04:19.152,22.3,101.3
2026-04-02 17:04:21.597,22.3,101.3
2026-04-02 17:04:24.118,22.3,101.3
2026-04-02 17:04:26.807,22.3,101.3
2026-04-02 17:04:29.414,22.3,101.3
2026-04-02 17:04:31.633,22.3,101.3
2026-04-02 17:04:35.581,22.3,101.3
2026-04-02 17:04:38.127,22.3,101.3
2026-04-02 17:04:40.366,22.3,101.3
2026-04-02 17:04:43.053,22.3,101.3
2026-04-02 17:04:45.803,22.3,101.3
2026-04-02 17:04:48.516,22.3,101.3
2026-04-02 17:04:50.853,22.3,101.3
2026-04-02 17:04:53.323,22.3,101.3
2026-04-02 17:04:57.990,22.3,101.3
2026-04-02 17:05:00.526,22.3,101.3
2026-04-02 17:05:02.881,22.3,101.3
2026-04-02 17:05:05.243,22.3,101.3
2026-04-02 17:05:07.424,22.3,101.3
2026-04-02 17:05:09.884,22.3,101.3
2026-04-02 17:05:12.209,22.3,101.3
2026-04-02 17:05:14.791,22.3,101.3
2026-04-02 17:05:17.199,22.3,101.3
2026-04-02 17:05:19.745,22.3,101.3
2026-04-02 17:05:21.989,22.3,101.3
2026-04-02 17:05:24.546,22.3,101.3
2026-04-02 17:05:27.070,22.3,101.3
2026-04-02 17:05:29.468,22.3,101.3
2026-04-02 17:05:32.120,22.3,101.3
2026-04-02 17:05:34.747,22.3,101.3
2026-04-02 17:05:37.132,22.3,101.3
2026-04-02 17:05:39.739,22.3,101.3
2026-04-02 17:05:42.386,22.3,101.3
2026-04-02 17:05:44.867,22.3,101.3
2026-04-02 17:05:47.644,22.3,101.3
2026-04-02 17:05:50.203,22.3,101.3
2026-04-02 17:05:52.779,22.3,101.3
2026-04-02 17:05:55.452,22.3,101.3
2026-04-02 17:05:57.932,22.3,101.3
2026-04-02 17:06:00.580,22.3,101.3
2026-04-02 17:06:03.083,22.3,101.3
2026-04-02 17:06:05.634,22.4,101.3
2026-04-02 17:06:08.377,22.3,101.3
2026-04-02 17:06:10.991,22.4,101.3
2026-04-02 17:06:13.585,22.4,101.3
2026-04-02 17:06:16.060,22.4,101.3
2026-04-02 17:06:18.665,22.3,101.3
2026-04-02 17:06:21.335,22.3,101.3
2026-04-02 17:06:23.982,22.3,101.3
2026-04-02 17:06:26.672,22.3,101.3
2026-04-02 17:06:29.269,22.3,101.3
2026-04-02 17:06:31.664,22.3,101.3
2026-04-02 17:06:33.965,22.3,101.3
2026-04-02 17:06:36.685,22.3,101.3
2026-04-02 17:06:39.239,22.3,101.3
2026-04-02 17:06:41.533,22.3,101.3
2026-04-02 17:06:44.367,22.3,101.3
2026-04-02 17:06:46.953,22.3,101.3
2026-04-02 17:06:49.326,22.3,101.3
2026-04-02 17:06:54.086,22.3,101.3
2026-04-02 17:06:56.602,22.3,101.3
2026-04-02 17:06:59.261,22.3,101.3
2026-04-02 17:07:01.868,22.3,101.3
2026-04-02 17:07:04.495,22.3,101.3
2026-04-02 17:07:06.986,22.3,101.3
2026-04-02 17:07:09.618,22.3,101.3
2026-04-02 17:07:12.199,22.3,101.3
2026-04-02 17:07:14.902,22.3,101.3
2026-04-02 17:07:17.478,22.3,101.3
2026-04-02 17:07:20.254,22.3,101.3
2026-04-02 17:07:22.818,22.3,101.3
2026-04-02 17:07:25.137,22.3,101.3
2026-04-02 17:07:27.852,22.3,101.3
2026-04-02 17:07:30.503,22.3,101.3
2026-04-02 17:07:33.185,22.3,101.3
2026-04-02 17:07:35.666,22.3,101.3
2026-04-02 17:07:38.129,22.3,101.3
2026-04-02 17:07:40.737,22.3,101.3
2026-04-02 17:07:43.515,22.3,101.3
2026-04-02 17:07:46.071,22.3,101.3
2026-04-02 17:07:48.392,22.3,101.3
2026-04-02 17:07:51.029,22.3,101.3
2026-04-02 17:07:53.713,22.3,101.3
2026-04-02 17:07:56.486,22.3,101.3
2026-04-02 17:07:59.029,22.3,101.3
2026-04-02 17:08:01.597,22.3,101.3
2026-04-02 17:08:04.189,22.3,101.3
2026-04-02 17:08:06.649,22.3,101.3
2026-04-02 17:08:09.326,22.3,101.3
2026-04-02 17:08:11.899,22.3,101.3
2026-04-02 17:08:14.520,22.3,101.3
2026-04-02 17:08:17.013,22.3,101.3
2026-04-02 17:08:19.730,22.3,101.3
2026-04-02 17:08:22.295,22.3,101.3
2026-04-02 17:08:25.053,22.3,101.3
2026-04-02 17:08:27.780,22.3,101.3
2026-04-02 17:08:30.340,22.3,101.3
2026-04-02 17:08:33.095,22.3,101.3
2026-04-02 17:08:35.731,22.3,101.3
2026-04-02 17:08:38.297,22.3,101.3
2026-04-02 17:08:40.478,22.3,101.3
2026-04-02 17:08:43.026,22.3,101.3
2026-04-02 17:08:46.058,22.3,101.3
2026-04-02 17:08:48.604,22.3,101.3
2026-04-02 17:08:51.127,22.3,101.3
2026-04-02 17:08:53.980,22.3,101.3
2026-04-02 17:08:56.417,22.3,101.3
2026-04-02 17:08:58.990,22.3,101.3
2026-04-02 17:09:01.715,22.3,101.3
2026-04-02 17:09:04.386,22.3,101.3
2026-04-02 17:09:06.778,22.3,101.3
2026-04-02 17:09:09.273,22.3,101.3
2026-04-02 17:09:11.839,22.3,101.3
2026-04-02 17:09:14.400,22.3,101.3
2026-04-02 17:09:17.039,22.3,101.3
2026-04-02 17:09:19.597,22.3,101.3
2026-04-02 17:09:22.098,22.3,101.3
2026-04-02 17:09:24.520,22.3,101.3
2026-04-02 17:09:27.182,22.3,101.3
2026-04-02 17:09:29.857,22.3,101.3
2026-04-02 17:09:32.400,22.3,101.3
2026-04-02 17:09:35.019,22.3,101.3
2026-04-02 17:09:37.406,22.3,101.3
2026-04-02 17:09:39.670,22.3,101.3
2026-04-02 17:09:41.908,22.3,101.3
2026-04-02 17:09:44.495,22.3,101.3
2026-04-02 17:09:46.831,22.3,101.3
2026-04-02 17:09:48.910,22.3,101.3
2026-04-02 17:09:51.119,22.3,101.3
2026-04-02 17:09:53.650,22.3,101.3
2026-04-02 17:09:56.486,22.3,101.3
2026-04-02 17:09:58.969,22.3,101.3
2026-04-02 17:10:01.593,22.3,101.3
2026-04-02 17:10:04.181,22.3,101.3
2026-04-02 17:10:06.850,22.3,101.3
2026-04-02 17:10:09.117,22.3,101.3
2026-04-02 17:10:11.599,22.3,101.3
2026-04-02 17:10:14.206,22.3,101.3
2026-04-02 17:10:16.830,22.3,101.3
2026-04-02 17:10:19.486,22.3,101.3
2026-04-02 17:10:22.110,22.3,101.3
2026-04-02 17:10:24.452,22.3,101.3
2026-04-02 17:10:26.899,22.3,101.3
2026-04-02 17:10:29.490,22.3,101.3
2026-04-02 17:10:32.260,22.3,101.3
2026-04-02 17:10:34.770,22.2,101.3
2026-04-02 17:10:37.351,22.2,101.3
2026-04-02 17:10:39.652,22.2,101.3
2026-04-02 17:10:42.177,22.3,101.3
2026-04-02 17:10:44.639,22.2,101.3
2026-04-02 17:10:46.937,22.3,101.3
2026-04-02 17:10:49.464,22.3,101.3
2026-04-02 17:10:51.884,22.3,101.3
2026-04-02 17:10:54.404,22.3,101.3
2026-04-02 17:10:57.090,22.3,101.3
2026-04-02 17:10:59.641,22.3,101.3
2026-04-02 17:11:02.138,22.3,101.3
2026-04-02 17:11:04.509,22.3,101.3
2026-04-02 17:11:06.974,22.3,101.3
2026-04-02 17:11:09.600,22.3,101.3
2026-04-02 17:11:12.291,22.3,101.3
2026-04-02 17:11:14.806,22.3,101.3
2026-04-02 17:11:17.374,22.3,101.3
2026-04-02 17:11:19.720,22.3,101.3
2026-04-02 17:11:22.215,22.3,101.3
2026-04-02 17:11:24.541,22.3,101.3
2026-04-02 17:11:26.955,22.3,101.3
2026-04-02 17:11:29.361,22.3,101.3
2026-04-02 17:11:31.957,22.3,101.3
2026-04-02 17:11:34.807,22.3,101.3
2026-04-02 17:11:37.340,22.3,101.3
2026-04-02 17:11:39.912,22.3,101.3
2026-04-02 17:11:42.427,22.3,101.3
2026-04-02 17:11:45.118,22.3,101.3
2026-04-02 17:11:47.386,22.3,101.3
2026-04-02 17:11:49.989,22.3,101.3
2026-04-02 17:11:52.630,22.3,101.3
2026-04-02 17:11:55.435,22.3,101.3
2026-04-02 17:11:58.023,22.3,101.3
2026-04-02 17:12:00.649,22.3,101.3
2026-04-02 17:12:03.116,22.3,101.3
2026-04-02 17:12:05.956,22.3,101.3
2026-04-02 17:12:08.622,22.3,101.3
2026-04-02 17:12:11.094,22.3,101.3
2026-04-02 17:12:13.269,22.3,101.3
2026-04-02 17:12:15.668,22.3,101.3
2026-04-02 17:12:18.281,22.3,101.3
2026-04-02 17:12:20.851,22.3,101.3
2026-04-02 17:12:23.281,22.3,101.3
2026-04-02 17:12:26.096,22.3,101.3
2026-04-02 17:12:28.848,22.3,101.3
2026-04-02 17:12:31.232,22.3,101.3
2026-04-02 17:12:33.951,22.3,101.3
2026-04-02 17:12:36.559,22.3,101.3
2026-04-02 17:12:39.021,22.3,101.3
2026-04-02 17:12:41.394,22.3,101.3
2026-04-02 17:12:43.882,22.3,101.3
2026-04-02 17:12:46.417,22.3,101.3
2026-04-02 17:12:48.922,22.3,101.3
2026-04-02 17:12:51.578,22.3,101.3
2026-04-02 17:12:54.156,22.3,101.3
2026-04-02 17:12:57.047,22.3,101.3
2026-04-02 17:12:59.527,22.3,101.3
2026-04-02 17:13:02.044,22.3,101.3
2026-04-02 17:13:04.509,22.3,101.3
2026-04-02 17:13:06.999,22.3,101.3
2026-04-02 17:13:09.242,22.3,101.3
2026-04-02 17:13:11.666,22.3,101.3
2026-04-02 17:13:13.959,22.3,101.3
2026-04-02 17:13:16.469,22.3,101.3
2026-04-02 17:13:18.898,22.3,101.3
2026-04-02 17:13:21.421,22.3,101.3
2026-04-02 17:13:23.717,22.3,101.3
2026-04-02 17:13:26.096,22.3,101.3
2026-04-02 17:13:28.566,22.3,101.3
2026-04-02 17:13:31.028,22.3,101.3
2026-04-02 17:13:33.578,22.3,101.3
2026-04-02 17:13:36.312,22.3,101.3
2026-04-02 17:13:38.749,22.3,101.3
2026-04-02 17:13:41.463,22.3,101.3
2026-04-02 17:13:44.318,22.3,101.3
2026-04-02 17:13:46.800,22.3,101.3
2026-04-02 17:13:49.250,22.3,101.3
2026-04-02 17:13:51.878,22.3,101.3
2026-04-02 17:13:54.255,22.3,101.3
2026-04-02 17:13:57.000,22.3,101.3
2026-04-02 17:13:59.621,22.3,101.3
2026-04-02 17:14:02.158,22.3,101.3
2026-04-02 17:14:04.512,22.3,101.3
2026-04-02 17:14:07.143,22.3,101.3
2026-04-02 17:14:09.671,22.3,101.3
2026-04-02 17:14:12.269,22.3,101.3
2026-04-02 17:14:15.054,22.3,101.3
2026-04-02 17:14:17.884,22.3,101.3
2026-04-02 17:14:20.329,22.3,101.3
2026-04-02 17:14:23.174,22.3,101.3
2026-04-02 17:14:25.874,22.3,101.3
2026-04-02 17:14:28.374,22.3,101.3
2026-04-02 17:14:30.897,22.3,101.3
2026-04-02 17:14:33.271,22.3,101.3
2026-04-02 17:14:35.648,22.3,101.3
2026-04-02 17:14:37.956,22.3,101.3
2026-04-02 17:14:40.457,22.3,101.3
2026-04-02 17:14:42.972,22.3,101.3
2026-04-02 17:14:45.442,22.3,101.3
2026-04-02 17:14:48.066,22.3,101.3
2026-04-02 17:14:50.511,22.3,101.3
2026-04-02 17:14:53.011,22.3,101.3
2026-04-02 17:14:55.648,22.3,101.3
2026-04-02 17:14:58.085,22.3,101.3
2026-04-02 17:15:00.515,22.3,101.3
2026-04-02 17:15:03.309,22.3,101.3
2026-04-02 17:15:05.853,22.3,101.3
2026-04-02 17:15:08.147,22.3,101.3
2026-04-02 17:15:10.894,22.3,101.3
2026-04-02 17:15:13.495,22.3,101.3
2026-04-02 17:15:16.200,22.3,101.3
2026-04-02 17:15:18.910,22.3,101.3
2026-04-02 17:15:21.315,22.3,101.3
2026-04-02 17:15:23.775,22.3,101.3
2026-04-02 17:15:26.386,22.3,101.3
2026-04-02 17:15:29.138,22.3,101.3
2026-04-02 17:15:31.566,22.3,101.3
2026-04-02 17:15:33.786,22.3,101.3
2026-04-02 17:15:36.511,22.3,101.3
2026-04-02 17:15:38.978,22.3,101.3
2026-04-02 17:15:41.502,22.3,101.3
2026-04-02 17:15:44.148,22.3,101.3
2026-04-02 17:15:46.835,22.3,101.3
2026-04-02 17:15:49.353,22.3,101.3
2026-04-02 17:15:51.819,22.3,101.3
2026-04-02 17:15:54.316,22.3,101.3
2026-04-02 17:15:56.782,22.3,101.3
2026-04-02 17:15:59.555,22.3,101.3
2026-04-02 17:16:02.111,22.3,101.3
2026-04-02 17:16:04.659,22.3,101.3
2026-04-02 17:16:07.064,22.3,101.3
2026-04-02 17:16:09.481,22.3,101.3
2026-04-02 17:16:12.292,22.3,101.3
2026-04-02 17:16:14.989,22.3,101.3
2026-04-02 17:16:18.657,22.3,101.3
2026-04-02 17:16:22.461,22.3,101.3
2026-04-02 17:16:26.315,22.3,101.3
2026-04-02 17:16:29.411,22.3,101.3
2026-04-02 17:16:33.275,22.3,101.3
2026-04-02 17:16:36.739,22.3,101.3
2026-04-02 17:16:40.410,22.3,101.3
2026-04-02 17:16:43.773,22.3,101.3
2026-04-02 17:16:47.516,22.3,101.3
2026-04-02 17:16:51.312,22.3,101.3
2026-04-02 17:16:55.353,22.3,101.3
2026-04-02 17:16:59.272,22.3,101.3
2026-04-02 17:17:03.051,22.3,101.3
2026-04-02 17:17:06.903,22.3,101.3
2026-04-02 17:17:10.780,22.3,101.3
2026-04-02 17:17:14.185,22.3,101.3
2026-04-02 17:17:17.469,22.3,101.3
2026-04-02 17:17:21.270,22.3,101.3
2026-04-02 17:17:24.841,22.3,101.3
2026-04-02 17:17:28.559,22.3,101.3
2026-04-02 17:17:32.164,22.3,101.3
2026-04-02 17:17:35.847,22.3,101.3
2026-04-02 17:17:39.624,22.3,101.3
2026-04-02 17:17:43.100,22.3,101.3
2026-04-02 17:17:46.722,22.3,101.3
2026-04-02 17:17:50.166,22.3,101.3
2026-04-02 17:17:53.783,22.3,101.3
2026-04-02 17:17:57.543,22.3,101.3
2026-04-02 17:18:01.319,22.3,101.3
2026-04-02 17:18:05.211,22.3,101.3
2026-04-02 17:18:09.011,22.3,101.3
2026-04-02 17:18:12.741,22.3,101.3
2026-04-02 17:18:16.506,22.3,101.3
2026-04-02 17:18:19.836,22.3,101.3
2026-04-02 17:18:23.712,22.3,101.3
2026-04-02 17:18:27.173,22.3,101.3
2026-04-02 17:18:31.036,22.3,101.3
2026-04-02 17:18:34.442,22.3,101.3
2026-04-02 17:18:38.132,22.3,101.3
2026-04-02 17:18:41.590,22.3,101.3
2026-04-02 17:18:45.537,22.3,101.3
2026-04-02 17:18:49.278,22.3,101.3
2026-04-02 17:18:52.831,22.3,101.3
2026-04-02 17:18:56.536,22.3,101.3
2026-04-02 17:19:00.032,22.3,101.3
2026-04-02 17:19:03.808,22.3,101.3
2026-04-02 17:19:07.201,22.3,101.3
2026-04-02 17:19:10.788,22.3,101.3
2026-04-02 17:19:14.418,22.3,101.3
2026-04-02 17:19:18.222,22.3,101.3
2026-04-02 17:19:21.482,22.3,101.3
2026-04-02 17:19:25.291,22.3,101.3
2026-04-02 17:19:28.669,22.2,101.3
2026-04-02 17:19:31.903,22.2,101.3
2026-04-02 17:19:35.236,22.2,101.3
2026-04-02 17:19:38.890,22.2,101.3
2026-04-02 17:19:42.353,22.2,101.3
2026-04-02 17:19:46.059,22.2,101.3
2026-04-02 17:19:49.423,22.3,101.3
2026-04-02 17:19:52.677,22.3,101.3
2026-04-02 17:19:56.007,22.3,101.3
2026-04-02 17:19:59.748,22.3,101.3
2026-04-02 17:20:03.156,22.3,101.3
2026-04-02 17:20:07.001,22.3,101.3
2026-04-02 17:20:10.369,22.3,101.3
2026-04-02 17:20:14.048,22.3,101.3
2026-04-02 17:20:17.678,22.2,101.3
2026-04-02 17:20:21.270,22.2,101.3
2026-04-02 17:20:24.617,22.2,101.3
2026-04-02 17:20:27.918,22.2,101.3
2026-04-02 17:20:31.454,22.2,101.3
2026-04-02 17:20:35.096,22.2,101.3
2026-04-02 17:20:38.403,22.2,101.3
2026-04-02 17:20:42.191,22.2,101.3
2026-04-02 17:20:45.438,22.2,101.3
2026-04-02 17:20:48.684,22.2,101.3
2026-04-02 17:20:52.125,22.2,101.3
2026-04-02 17:20:55.914,22.2,101.3
2026-04-02 17:20:59.294,22.2,101.3
2026-04-02 17:21:02.870,22.2,101.3
2026-04-02 17:21:06.336,22.2,101.3
2026-04-02 17:21:09.960,22.2,101.3
2026-04-02 17:21:13.367,22.2,101.3
2026-04-02 17:21:16.888,22.2,101.3
2026-04-02 17:21:20.577,22.2,101.3
2026-04-02 17:21:23.803,22.2,101.3
2026-04-02 17:21:26.885,22.2,101.3
2026-04-02 17:21:30.376,22.2,101.3
2026-04-02 17:21:33.569,22.2,101.3
2026-04-02 17:21:36.961,22.2,101.3
2026-04-02 17:21:40.671,22.2,101.3
2026-04-02 17:21:43.725,22.2,101.3
2026-04-02 17:21:47.057,22.2,101.3
2026-04-02 17:21:50.497,22.3,101.3
2026-04-02 17:21:54.141,22.3,101.3
2026-04-02 17:21:57.634,22.2,101.3
2026-04-02 17:22:01.462,22.2,101.3
2026-04-02 17:22:04.638,22.2,101.3
2026-04-02 17:22:07.844,22.2,101.3
2026-04-02 17:22:11.603,22.2,101.3
2026-04-02 17:22:15.089,22.2,101.3
2026-04-02 17:22:18.625,22.2,101.3
2026-04-02 17:22:22.264,22.3,101.3
2026-04-02 17:22:25.569,22.2,101.3
2026-04-02 17:22:28.976,22.2,101.3
2026-04-02 17:22:32.565,22.2,101.3
2026-04-02 17:22:35.882,22.2,101.3
2026-04-02 17:22:39.121,22.2,101.3
2026-04-02 17:22:42.358,22.2,101.3
2026-04-02 17:22:45.912,22.2,101.3
2026-04-02 17:22:49.405,22.2,101.3
2026-04-02 17:22:52.688,22.3,101.3
2026-04-02 17:22:56.098,22.2,101.3
2026-04-02 17:22:59.766,22.2,101.3
2026-04-02 17:23:03.143,22.2,101.3
2026-04-02 17:23:06.871,22.2,101.3
2026-04-02 17:23:10.279,22.2,101.3
2026-04-02 17:23:13.409,22.2,101.3
2026-04-02 17:23:16.535,22.2,101.3
2026-04-02 17:23:19.973,22.2,101.3
2026-04-02 17:23:23.665,22.2,101.3
2026-04-02 17:23:27.010,22.2,101.3
2026-04-02 17:23:30.196,22.2,101.3
2026-04-02 17:23:33.743,22.2,101.3
2026-04-02 17:23:37.463,22.2,101.3
2026-04-02 17:23:40.678,22.2,101.3
2026-04-02 17:23:44.133,22.2,101.3
2026-04-02 17:23:47.642,22.2,101.3
2026-04-02 17:23:50.896,22.2,101.3
2026-04-02 17:23:54.190,22.2,101.3
2026-04-02 17:23:57.540,22.2,101.3
2026-04-02 17:24:01.154,22.2,101.3
2026-04-02 17:24:04.673,22.2,101.3
2026-04-02 17:24:08.075,22.2,101.3
2026-04-02 17:24:11.715,22.2,101.3
2026-04-02 17:24:15.131,22.2,101.3
2026-04-02 17:24:18.795,22.2,101.3
2026-04-02 17:24:22.271,22.2,101.3
2026-04-02 17:24:25.480,22.2,101.3
2026-04-02 17:24:28.416,22.2,101.3
2026-04-02 17:24:31.741,22.2,101.3
2026-04-02 17:24:35.164,22.2,101.3
2026-04-02 17:24:38.501,22.2,101.3
2026-04-02 17:24:42.144,22.2,101.3
2026-04-02 17:24:45.416,22.2,101.3
2026-04-02 17:24:48.519,22.2,101.3
2026-04-02 17:24:51.839,22.2,101.3
2026-04-02 17:24:55.040,22.2,101.3
2026-04-02 17:24:58.280,22.2,101.3
2026-04-02 17:25:01.491,22.2,101.3
2026-04-02 17:25:04.692,22.2,101.3
2026-04-02 17:25:07.961,22.2,101.3
2026-04-02 17:25:11.352,22.2,101.3
2026-04-02 17:25:14.863,22.2,101.3
2026-04-02 17:25:18.462,22.2,101.3
2026-04-02 17:25:22.183,22.2,101.3
2026-04-02 17:25:25.757,22.2,101.3
2026-04-02 17:25:28.943,22.2,101.3
2026-04-02 17:25:32.516,22.2,101.3
2026-04-02 17:25:35.825,22.2,101.3
2026-04-02 17:25:38.836,22.2,101.3
2026-04-02 17:25:42.189,22.2,101.3
2026-04-02 17:25:45.444,22.2,101.3
2026-04-02 17:25:48.804,22.2,101.3
2026-04-02 17:25:52.494,22.2,101.3
2026-04-02 17:25:55.756,22.2,101.3
2026-04-02 17:25:59.035,22.2,101.3
2026-04-02 17:26:02.431,22.2,101.3
2026-04-02 17:26:06.131,22.2,101.3
2026-04-02 17:26:09.375,22.2,101.3
2026-04-02 17:26:12.874,22.2,101.3
2026-04-02 17:26:16.496,22.2,101.3
2026-04-02 17:26:19.740,22.2,101.3
2026-04-02 17:26:23.120,22.2,101.3
2026-04-02 17:26:26.523,22.2,101.3
2026-04-02 17:26:30.109,22.2,101.3
2026-04-02 17:26:33.416,22.2,101.3
2026-04-02 17:26:36.715,22.2,101.3
2026-04-02 17:26:39.950,22.2,101.3
2026-04-02 17:26:43.254,22.2,101.3
2026-04-02 17:26:46.870,22.2,101.3
2026-04-02 17:26:50.287,22.2,101.3
2026-04-02 17:26:53.142,22.2,101.3
2026-04-02 17:26:56.565,22.2,101.3
2026-04-02 17:26:59.911,22.2,101.3
2026-04-02 17:27:03.187,22.2,101.3
2026-04-02 17:27:06.920,22.2,101.3
2026-04-02 17:27:10.420,22.2,101.3
2026-04-02 17:27:13.898,22.2,101.3
2026-04-02 17:27:17.169,22.2,101.3
2026-04-02 17:27:20.694,22.2,101.3
2026-04-02 17:27:23.539,22.2,101.3
2026-04-02 17:27:26.871,22.2,101.3
2026-04-02 17:27:30.180,22.2,101.3
2026-04-02 17:27:33.585,22.2,101.3
2026-04-02 17:27:37.068,22.2,101.3
2026-04-02 17:27:40.536,22.2,101.3
2026-04-02 17:27:43.936,22.2,101.3
2026-04-02 17:27:47.759,22.2,101.3
2026-04-02 17:27:51.005,22.2,101.3
2026-04-02 17:27:54.319,22.2,101.3
2026-04-02 17:27:57.598,22.2,101.3
2026-04-02 17:28:01.151,22.2,101.3
2026-04-02 17:28:04.581,22.2,101.3
2026-04-02 17:28:07.855,22.2,101.3
2026-04-02 17:28:11.434,22.2,101.3
2026-04-02 17:28:14.889,22.2,101.3
2026-04-02 17:28:18.170,22.2,101.3
2026-04-02 17:28:21.360,22.2,101.3
2026-04-02 17:28:24.778,22.2,101.3
2026-04-02 17:28:28.155,22.2,101.3
2026-04-02 17:28:31.648,22.2,101.3
2026-04-02 17:28:35.180,22.2,101.3
2026-04-02 17:28:38.716,22.2,101.3
2026-04-02 17:28:42.245,22.2,101.3
2026-04-02 17:28:45.305,22.2,101.3
2026-04-02 17:28:48.597,22.2,101.3
2026-04-02 17:28:51.929,22.2,101.3
2026-04-02 17:28:55.134,22.2,101.3
2026-04-02 17:28:58.861,22.2,101.3
2026-04-02 17:29:02.350,22.2,101.3
2026-04-02 17:29:05.839,22.2,101.3
2026-04-02 17:29:09.252,22.2,101.3
2026-04-02 17:29:12.602,22.2,101.3
2026-04-02 17:29:15.781,22.2,101.3
2026-04-02 17:29:19.107,22.2,101.3
2026-04-02 17:29:22.429,22.2,101.3
2026-04-02 17:29:25.799,22.2,101.3
2026-04-02 17:29:29.311,22.2,101.3
2026-04-02 17:29:32.538,22.2,101.3
2026-04-02 17:29:35.789,22.2,101.3
2026-04-02 17:29:39.167,22.2,101.3
2026-04-02 17:29:42.943,22.2,101.3
2026-04-02 17:29:46.321,22.2,101.3
2026-04-02 17:29:49.928,22.2,101.3
2026-04-02 17:29:53.231,22.2,101.3
2026-04-02 17:29:56.535,22.2,101.3
2026-04-02 17:29:59.900,22.2,101.3
2026-04-02 17:30:03.490,22.2,101.3
2026-04-02 17:30:06.966,22.2,101.3
2026-04-02 17:30:10.262,22.2,101.3
2026-04-02 17:30:13.264,22.2,101.3
2026-04-02 17:30:16.485,22.2,101.3
2026-04-02 17:30:19.784,22.2,101.3
2026-04-02 17:30:23.132,22.2,101.3
2026-04-02 17:30:26.557,22.2,101.3
2026-04-02 17:30:30.146,22.2,101.3
2026-04-02 17:30:33.511,22.2,101.3
2026-04-02 17:30:36.764,22.2,101.3
2026-04-02 17:30:40.313,22.2,101.3
2026-04-02 17:30:43.763,22.2,101.3
2026-04-02 17:30:47.135,22.2,101.3
2026-04-02 17:30:50.530,22.2,101.3
2026-04-02 17:30:54.043,22.2,101.3
2026-04-02 17:30:57.274,22.2,101.3
2026-04-02 17:31:00.505,22.2,101.3
2026-04-02 17:31:03.740,22.2,101.3
2026-04-02 17:31:07.147,22.2,101.3
2026-04-02 17:31:10.771,22.2,101.3
2026-04-02 17:31:14.100,22.2,101.3
2026-04-02 17:31:17.346,22.2,101.3
2026-04-02 17:31:20.640,22.2,101.3
2026-04-02 17:31:23.956,22.2,101.3
2026-04-02 17:31:27.628,22.2,101.3
2026-04-02 17:31:31.123,22.2,101.3
2026-04-02 17:31:34.689,22.2,101.3
2026-04-02 17:31:38.137,22.2,101.3
2026-04-02 17:31:41.423,22.2,101.3
2026-04-02 17:31:44.066,22.2,101.3
2026-04-02 17:31:47.639,22.2,101.3
2026-04-02 17:31:50.971,22.2,101.3
2026-04-02 17:31:54.375,22.2,101.3
2026-04-02 17:31:57.991,22.2,101.3
2026-04-02 17:32:01.270,22.2,101.3
2026-04-02 17:32:04.571,22.2,101.3
2026-04-02 17:32:07.761,22.2,101.3
2026-04-02 17:32:11.073,22.2,101.3
2026-04-02 17:32:14.319,22.2,101.3
2026-04-02 17:32:17.965,22.2,101.3
2026-04-02 17:32:21.350,22.2,101.3
2026-04-02 17:32:24.762,22.2,101.3
2026-04-02 17:32:28.465,22.2,101.3
2026-04-02 17:32:31.721,22.2,101.3
2026-04-02 17:32:34.980,22.2,101.3
2026-04-02 17:32:38.249,22.2,101.3
2026-04-02 17:32:41.541,22.2,101.3
2026-04-02 17:32:45.162,22.2,101.3
2026-04-02 17:32:48.407,22.2,101.3
2026-04-02 17:32:51.713,22.2,101.3
2026-04-02 17:32:55.085,22.2,101.3
2026-04-02 17:32:58.470,22.2,101.3
2026-04-02 17:33:02.087,22.2,101.3
2026-04-02 17:33:05.497,22.2,101.3
2026-04-02 17:33:08.634,22.2,101.3
2026-04-02 17:33:11.737,22.2,101.3
2026-04-02 17:33:14.947,22.2,101.3
2026-04-02 17:33:18.318,22.2,101.3
2026-04-02 17:33:21.920,22.2,101.3
2026-04-02 17:33:25.312,22.2,101.3
2026-04-02 17:33:28.669,22.2,101.3
2026-04-02 17:33:31.393,22.2,101.3
2026-04-02 17:33:34.805,22.2,101.3
2026-04-02 17:33:38.087,22.2,101.3
2026-04-02 17:33:41.459,22.2,101.3
2026-04-02 17:33:44.597,22.2,101.3
2026-04-02 17:33:47.311,22.2,101.3
2026-04-02 17:33:50.719,22.2,101.3
2026-04-02 17:33:53.849,22.2,101.3
2026-04-02 17:33:57.365,22.2,101.3
2026-04-02 17:34:00.569,22.2,101.3
2026-04-02 17:34:03.843,22.2,101.3
2026-04-02 17:34:07.062,22.2,101.3
2026-04-02 17:34:10.497,22.2,101.3
2026-04-02 17:34:14.063,22.2,101.3
2026-04-02 17:34:17.392,22.2,101.3
2026-04-02 17:34:20.674,22.2,101.3
2026-04-02 17:34:23.894,22.2,101.3
2026-04-02 17:34:27.120,22.2,101.3
2026-04-02 17:34:30.275,22.2,101.3
2026-04-02 17:34:33.629,22.2,101.3
2026-04-02 17:34:37.218,22.2,101.3
2026-04-02 17:34:40.439,22.2,101.3
2026-04-02 17:34:43.715,22.2,101.3
2026-04-02 17:34:46.996,22.2,101.3
2026-04-02 17:34:50.288,22.2,101.3
2026-04-02 17:34:53.556,22.2,101.3
2026-04-02 17:34:57.288,22.2,101.3
2026-04-02 17:35:00.546,22.2,101.3
2026-04-02 17:35:03.858,22.2,101.3
2026-04-02 17:35:07.114,22.2,101.3
2026-04-02 17:35:10.362,22.2,101.3
2026-04-02 17:35:13.935,22.2,101.3
2026-04-02 17:35:17.315,22.2,101.3
2026-04-02 17:35:20.675,22.2,101.3
2026-04-02 17:35:24.140,22.2,101.3
2026-04-02 17:35:27.631,22.2,101.3
2026-04-02 17:35:30.927,22.2,101.3
2026-04-02 17:35:34.088,22.2,101.3
2026-04-02 17:35:37.323,22.2,101.3
2026-04-02 17:35:40.608,22.2,101.3
2026-04-02 17:35:43.713,22.2,101.3
2026-04-02 17:35:47.080,22.2,101.3
2026-04-02 17:35:49.638,22.2,101.3
2026-04-02 17:35:53.184,22.2,101.3
2026-04-02 17:35:56.465,22.2,101.3
2026-04-02 17:35:59.802,22.2,101.3
2026-04-02 17:36:02.942,22.2,101.3
2026-04-02 17:36:06.266,22.2,101.3
2026-04-02 17:36:09.517,22.2,101.3
2026-04-02 17:36:13.113,22.2,101.3
2026-04-02 17:36:16.535,22.2,101.3
2026-04-02 17:36:19.776,22.2,101.3
2026-04-02 17:36:23.012,22.2,101.3
2026-04-02 17:36:26.276,22.2,101.3
2026-04-02 17:36:29.341,22.2,101.3
2026-04-02 17:36:32.670,22.2,101.3
2026-04-02 17:36:35.733,22.2,101.3
2026-04-02 17:36:39.057,22.2,101.3
2026-04-02 17:36:42.094,22.2,101.3
2026-04-02 17:36:45.371,22.2,101.3
2026-04-02 17:36:48.665,22.2,101.3
2026-04-02 17:36:51.089,22.2,101.3
2026-04-02 17:36:54.706,22.2,101.3
2026-04-02 17:36:58.038,22.2,101.3
2026-04-02 17:37:01.367,22.2,101.3
2026-04-02 17:37:04.651,22.2,101.3
2026-04-02 17:37:07.849,22.2,101.3
2026-04-02 17:37:10.318,22.2,101.3
2026-04-02 17:37:13.981,22.2,101.3
2026-04-02 17:37:17.347,22.2,101.3
2026-04-02 17:37:20.709,22.2,101.3
2026-04-02 17:37:24.003,22.2,101.3
2026-04-02 17:37:27.730,22.2,101.3
2026-04-02 17:37:31.039,22.2,101.3
2026-04-02 17:37:34.330,22.2,101.3
2026-04-02 17:37:38.013,22.2,101.3
2026-04-02 17:37:41.274,22.2,101.3
2026-04-02 17:37:44.729,22.2,101.3
2026-04-02 17:37:48.401,22.2,101.3
2026-04-02 17:37:51.650,22.2,101.3
2026-04-02 17:37:54.916,22.2,101.3
2026-04-02 17:37:58.255,22.2,101.3
2026-04-02 17:38:00.677,22.2,101.3
2026-04-02 17:38:04.170,22.2,101.3
2026-04-02 17:38:07.524,22.2,101.3
2026-04-02 17:38:10.911,22.2,101.3
2026-04-02 17:38:14.351,22.2,101.3
2026-04-02 17:38:17.940,22.2,101.3
2026-04-02 17:38:21.340,22.2,101.3
2026-04-02 17:38:24.823,22.2,101.3
2026-04-02 17:38:28.459,22.2,101.3
2026-04-02 17:38:31.686,22.2,101.3
2026-04-02 17:38:34.942,22.2,101.3
2026-04-02 17:38:38.397,22.2,101.3
2026-04-02 17:38:42.056,22.2,101.3
2026-04-02 17:38:45.449,22.2,101.3
2026-04-02 17:38:48.710,22.2,101.3
2026-04-02 17:38:52.211,22.2,101.3
2026-04-02 17:38:55.752,22.2,101.3
2026-04-02 17:38:59.139,22.2,101.3
2026-04-02 17:39:02.438,22.2,101.3
2026-04-02 17:39:05.946,22.1,101.3
2026-04-02 17:39:09.381,22.1,101.3
2026-04-02 17:39:12.741,22.1,101.3
2026-04-02 17:39:16.380,22.2,101.3
2026-04-02 17:39:19.732,22.2,101.3
2026-04-02 17:39:23.152,22.2,101.3
2026-04-02 17:39:26.648,22.2,101.3
2026-04-02 17:39:30.186,22.2,101.3
2026-04-02 17:39:33.200,22.2,101.3
2026-04-02 17:39:36.670,22.2,101.3
2026-04-02 17:39:39.949,22.2,101.3
2026-04-02 17:39:43.669,22.2,101.3
2026-04-02 17:39:47.056,22.2,101.3
2026-04-02 17:39:49.626,22.2,101.3
2026-04-02 17:39:53.308,22.2,101.3
2026-04-02 17:39:56.605,22.2,101.3
2026-04-02 17:39:59.747,22.2,101.3
2026-04-02 17:40:03.069,22.2,101.3
2026-04-02 17:40:06.730,22.2,101.3
2026-04-02 17:40:10.183,22.2,101.3
2026-04-02 17:40:13.422,22.2,101.3
2026-04-02 17:40:16.675,22.2,101.3
2026-04-02 17:40:19.796,22.2,101.3
2026-04-02 17:40:23.181,22.2,101.3
2026-04-02 17:40:26.917,22.2,101.3
2026-04-02 17:40:30.362,22.2,101.3
2026-04-02 17:40:34.093,22.2,101.3
2026-04-02 17:40:37.563,22.2,101.3
2026-04-02 17:40:41.303,22.2,101.3
2026-04-02 17:40:44.557,22.2,101.3
2026-04-02 17:40:47.871,22.2,101.3
2026-04-02 17:40:50.908,22.2,101.3
2026-04-02 17:40:54.338,22.2,101.3
2026-04-02 17:40:57.894,22.2,101.3
2026-04-02 17:41:01.309,22.1,101.3
2026-04-02 17:41:04.752,22.2,101.3
2026-04-02 17:41:08.308,22.2,101.3
2026-04-02 17:41:11.731,22.1,101.3
2026-04-02 17:41:15.037,22.2,101.3
2026-04-02 17:41:18.351,22.2,101.3
2026-04-02 17:41:22.033,22.1,101.3
2026-04-02 17:41:25.224,22.2,101.3
2026-04-02 17:41:28.609,22.1,101.3
2026-04-02 17:41:31.875,22.1,101.3
2026-04-02 17:41:35.472,22.2,101.3
2026-04-02 17:41:38.857,22.2,101.3
2026-04-02 17:41:42.083,22.2,101.3
2026-04-02 17:41:45.498,22.2,101.3
2026-04-02 17:41:49.253,22.2,101.3
2026-04-02 17:41:52.764,22.2,101.3
2026-04-02 17:41:56.507,22.2,101.3
2026-04-02 17:41:59.870,22.2,101.3
2026-04-02 17:42:03.594,22.2,101.3
2026-04-02 17:42:06.894,22.2,101.3
2026-04-02 17:42:10.342,22.2,101.3
2026-04-02 17:42:13.814,22.2,101.3
2026-04-02 17:42:17.269,22.2,101.3
2026-04-02 17:42:20.478,22.2,101.3
2026-04-02 17:42:23.740,22.2,101.3
2026-04-02 17:42:26.955,22.2,101.3
2026-04-02 17:42:30.317,22.2,101.3
2026-04-02 17:42:33.614,22.2,101.3
2026-04-02 17:42:37.170,22.2,101.3
2026-04-02 17:42:40.497,22.2,101.3
2026-04-02 17:42:43.877,22.2,101.3
2026-04-02 17:42:47.358,22.2,101.3
2026-04-02 17:42:50.725,22.2,101.3
2026-04-02 17:42:54.123,22.2,101.3
2026-04-02 17:42:57.334,22.2,101.3
2026-04-02 17:43:00.678,22.2,101.3
2026-04-02 17:43:04.355,22.2,101.3
2026-04-02 17:43:07.795,22.2,101.3
2026-04-02 17:43:11.095,22.2,101.3
2026-04-02 17:43:14.389,22.2,101.3
2026-04-02 17:43:18.031,22.2,101.3
2026-04-02 17:43:21.457,22.2,101.3
2026-04-02 17:43:24.602,22.2,101.3
2026-04-02 17:43:27.761,22.2,101.3
2026-04-02 17:43:31.103,22.2,101.3
2026-04-02 17:43:34.426,22.2,101.3
2026-04-02 17:43:38.141,22.2,101.3
2026-04-02 17:43:41.471,22.2,101.3
2026-04-02 17:43:44.660,22.2,101.3
2026-04-02 17:43:47.937,22.2,101.3
2026-04-02 17:43:51.498,22.2,101.3
2026-04-02 17:43:54.888,22.1,101.3
2026-04-02 17:43:58.291,22.1,101.3
2026-04-02 17:44:01.709,22.2,101.3
2026-04-02 17:44:05.384,22.2,101.3
2026-04-02 17:44:08.593,22.1,101.3
2026-04-02 17:44:11.989,22.2,101.3
2026-04-02 17:44:15.737,22.2,101.3
2026-04-02 17:44:19.085,22.2,101.3
2026-04-02 17:44:22.203,22.2,101.3
2026-04-02 17:44:25.533,22.2,101.3
2026-04-02 17:44:29.309,22.1,101.3
2026-04-02 17:44:32.810,22.1,101.3
2026-04-02 17:44:36.450,22.2,101.3
2026-04-02 17:44:39.900,22.2,101.3
2026-04-02 17:44:43.142,22.1,101.3
2026-04-02 17:44:46.156,22.2,101.3
2026-04-02 17:44:49.539,22.2,101.3
2026-04-02 17:44:53.040,22.1,101.3
2026-04-02 17:44:56.425,22.1,101.3
2026-04-02 17:44:59.696,22.1,101.3
2026-04-02 17:45:03.144,22.1,101.3
2026-04-02 17:45:06.970,22.2,101.3
2026-04-02 17:45:10.241,22.2,101.3
2026-04-02 17:45:12.898,22.2,101.3
2026-04-02 17:45:16.492,22.2,101.3
2026-04-02 17:45:19.809,22.2,101.3
2026-04-02 17:45:23.184,22.2,101.3
2026-04-02 17:45:26.650,22.2,101.3
2026-04-02 17:45:30.113,22.2,101.3
2026-04-02 17:45:33.463,22.2,101.3
2026-04-02 17:45:36.813,22.2,101.3
2026-04-02 17:45:40.373,22.1,101.3
2026-04-02 17:45:43.753,22.2,101.3
2026-04-02 17:45:47.109,22.1,101.3
2026-04-02 17:45:50.767,22.2,101.3
2026-04-02 17:45:54.137,22.2,101.3
2026-04-02 17:45:57.537,22.2,101.3
2026-04-02 17:46:01.116,22.2,101.3
2026-04-02 17:46:04.526,22.2,101.3
2026-04-02 17:46:07.682,22.2,101.3
2026-04-02 17:46:11.117,22.2,101.3
2026-04-02 17:46:14.754,22.2,101.3
2026-04-02 17:46:18.038,22.2,101.3
2026-04-02 17:46:21.355,22.2,101.3
2026-04-02 17:46:24.712,22.2,101.3
2026-04-02 17:46:28.493,22.1,101.3
2026-04-02 17:46:31.898,22.1,101.3
2026-04-02 17:46:35.341,22.1,101.3
2026-04-02 17:46:38.861,22.2,101.3
2026-04-02 17:46:42.317,22.1,101.3
2026-04-02 17:46:46.047,22.1,101.3
2026-04-02 17:46:49.271,22.1,101.3
2026-04-02 17:46:52.550,22.2,101.3
2026-04-02 17:46:55.793,22.2,101.3
2026-04-02 17:46:59.014,22.2,101.3
2026-04-02 17:47:02.091,22.2,101.3
2026-04-02 17:47:05.524,22.2,101.3
2026-04-02 17:47:08.990,22.2,101.3
2026-04-02 17:47:12.506,22.2,101.3
2026-04-02 17:47:15.916,22.2,101.3
2026-04-02 17:47:19.681,22.2,101.3
2026-04-02 17:47:23.071,22.2,101.3
2026-04-02 17:47:26.733,22.2,101.3
2026-04-02 17:47:30.265,22.1,101.3
2026-04-02 17:47:33.279,22.1,101.3
2026-04-02 17:47:36.657,22.1,101.3
2026-04-02 17:47:39.813,22.1,101.3
2026-04-02 17:47:42.915,22.1,101.3
2026-04-02 17:47:46.265,22.1,101.3
2026-04-02 17:47:49.462,22.1,101.3
2026-04-02 17:47:52.686,22.1,101.3
2026-04-02 17:47:56.205,22.1,101.3
2026-04-02 17:47:59.702,22.1,101.3
2026-04-02 17:48:03.014,22.1,101.3
2026-04-02 17:48:06.142,22.1,101.3
2026-04-02 17:48:09.482,22.1,101.3
2026-04-02 17:48:12.630,22.1,101.3
2026-04-02 17:48:15.866,22.2,101.3
2026-04-02 17:48:19.479,22.2,101.3
2026-04-02 17:48:22.895,22.2,101.3
2026-04-02 17:48:26.338,22.2,101.3
2026-04-02 17:48:30.116,22.2,101.3
2026-04-02 17:48:33.429,22.2,101.3
2026-04-02 17:48:36.534,22.2,101.3
2026-04-02 17:48:39.829,22.2,101.3
2026-04-02 17:48:43.240,22.2,101.4
2026-04-02 17:48:46.766,22.2,101.4
2026-04-02 17:48:50.230,22.2,101.4
2026-04-02 17:48:53.544,22.2,101.4
2026-04-02 17:48:57.151,22.2,101.4
2026-04-02 17:49:00.473,22.2,101.4
2026-04-02 17:49:03.644,22.2,101.4
2026-04-02 17:49:06.907,22.2,101.4
2026-04-02 17:49:10.138,22.2,101.4
2026-04-02 17:49:13.566,22.2,101.4
2026-04-02 17:49:17.251,22.1,101.4
2026-04-02 17:49:20.661,22.1,101.4
2026-04-02 17:49:23.932,22.1,101.4
2026-04-02 17:49:27.612,22.1,101.4
2026-04-02 17:49:30.820,22.1,101.4
2026-04-02 17:49:34.314,22.2,101.4
2026-04-02 17:49:37.868,22.2,101.4
2026-04-02 17:49:41.295,22.2,101.4
2026-04-02 17:49:44.408,22.2,101.4
2026-04-02 17:49:47.629,22.2,101.4
2026-04-02 17:49:50.890,22.2,101.4
2026-04-02 17:49:54.300,22.2,101.4
2026-04-02 17:49:57.432,22.2,101.4
2026-04-02 17:50:00.772,22.2,101.4
2026-04-02 17:50:04.207,22.2,101.4
2026-04-02 17:50:07.667,22.2,101.4
2026-04-02 17:50:11.004,22.2,101.4
2026-04-02 17:50:14.308,22.2,101.4
2026-04-02 17:50:17.942,22.2,101.4
2026-04-02 17:50:21.382,22.2,101.4
2026-04-02 17:50:24.611,22.1,101.4
2026-04-02 17:50:27.746,22.2,101.4
2026-04-02 17:50:30.916,22.2,101.4
2026-04-02 17:50:34.140,22.2,101.4
2026-04-02 17:50:37.293,22.1,101.4
2026-04-02 17:50:40.707,22.2,101.4
2026-04-02 17:50:44.047,22.1,101.4
2026-04-02 17:50:47.686,22.1,101.4
2026-04-02 17:50:51.056,22.1,101.4
2026-04-02 17:50:54.103,22.2,101.4
2026-04-02 17:50:57.503,22.1,101.4
2026-04-02 17:51:01.133,22.2,101.4
2026-04-02 17:51:04.504,22.2,101.4
2026-04-02 17:51:07.932,22.1,101.4
2026-04-02 17:51:11.730,22.1,101.4
2026-04-02 17:51:15.080,22.1,101.4
2026-04-02 17:51:18.516,22.1,101.4
2026-04-02 17:51:21.898,22.2,101.4
2026-04-02 17:51:25.345,22.1,101.4
2026-04-02 17:51:28.680,22.1,101.4
2026-04-02 17:51:32.124,22.2,101.4
2026-04-02 17:51:35.580,22.2,101.4
2026-04-02 17:51:38.911,22.1,101.4
2026-04-02 17:51:42.333,22.1,101.4
2026-04-02 17:51:45.936,22.1,101.4
2026-04-02 17:51:49.320,22.1,101.4
2026-04-02 17:51:52.644,22.1,101.4
2026-04-02 17:51:55.688,22.1,101.4
2026-04-02 17:51:58.982,22.1,101.4
2026-04-02 17:52:02.197,22.1,101.4
2026-04-02 17:52:05.594,22.1,101.4
2026-04-02 17:52:08.726,22.1,101.4
2026-04-02 17:52:12.378,22.1,101.4
2026-04-02 17:52:15.607,22.1,101.4
2026-04-02 17:52:18.964,22.1,101.4
2026-04-02 17:52:22.288,22.1,101.4
2026-04-02 17:52:25.852,22.1,101.4
2026-04-02 17:52:29.281,22.1,101.4
2026-04-02 17:52:32.542,22.1,101.4
2026-04-02 17:52:35.869,22.1,101.4
2026-04-02 17:52:39.082,22.1,101.4
2026-04-02 17:52:42.744,22.1,101.4
2026-04-02 17:52:46.008,22.1,101.4
2026-04-02 17:52:49.234,22.1,101.4
2026-04-02 17:52:52.585,22.1,101.4
2026-04-02 17:52:55.827,22.1,101.4
2026-04-02 17:52:59.116,22.1,101.4
2026-04-02 17:53:02.798,22.1,101.4
2026-04-02 17:53:06.034,22.1,101.4
2026-04-02 17:53:09.311,22.1,101.4
2026-04-02 17:53:12.587,22.1,101.4
2026-04-02 17:53:15.913,22.1,101.4
2026-04-02 17:53:19.421,22.1,101.4
2026-04-02 17:53:22.860,22.1,101.4
2026-04-02 17:53:26.161,22.1,101.4
2026-04-02 17:53:29.505,22.1,101.4
2026-04-02 17:53:33.103,22.1,101.4
2026-04-02 17:53:36.502,22.1,101.4
2026-04-02 17:53:39.927,22.1,101.4
2026-04-02 17:53:43.468,22.1,101.4
2026-04-02 17:53:46.908,22.1,101.4
2026-04-02 17:53:50.235,22.1,101.4
2026-04-02 17:53:52.787,22.1,101.4
2026-04-02 17:53:56.424,22.1,101.4
2026-04-02 17:53:59.718,22.1,101.4
2026-04-02 17:54:02.938,22.1,101.4
2026-04-02 17:54:06.313,22.1,101.4
2026-04-02 17:54:09.566,22.1,101.4
2026-04-02 17:54:13.124,22.1,101.4
2026-04-02 17:54:16.493,22.1,101.4
2026-04-02 17:54:19.908,22.1,101.4
2026-04-02 17:54:23.108,22.1,101.4
2026-04-02 17:54:26.847,22.1,101.4
2026-04-02 17:54:30.070,22.1,101.4
2026-04-02 17:54:33.445,22.2,101.4
2026-04-02 17:54:35.973,22.1,101.4
2026-04-02 17:54:39.440,22.2,101.4
2026-04-02 17:54:42.938,22.2,101.4
2026-04-02 17:54:46.146,22.2,101.4
2026-04-02 17:54:49.586,22.2,101.4
2026-04-02 17:54:53.177,22.1,101.4
2026-04-02 17:54:56.533,22.1,101.4
2026-04-02 17:54:59.907,22.1,101.4
2026-04-02 17:55:03.284,22.2,101.4
2026-04-02 17:55:06.867,22.1,101.4
2026-04-02 17:55:10.057,22.1,101.4
2026-04-02 17:55:13.424,22.1,101.4
2026-04-02 17:55:17.016,22.1,101.4
2026-04-02 17:55:20.554,22.1,101.4
2026-04-02 17:55:23.881,22.1,101.4
2026-04-02 17:55:26.958,22.1,101.4
2026-04-02 17:55:30.292,22.1,101.4
2026-04-02 17:55:33.634,22.2,101.4
2026-04-02 17:55:37.220,22.2,101.4
2026-04-02 17:55:40.542,22.2,101.4
2026-04-02 17:55:43.806,22.2,101.4
2026-04-02 17:55:46.831,22.2,101.4
2026-04-02 17:55:50.202,22.2,101.4
2026-04-02 17:55:53.277,22.2,101.4
2026-04-02 17:55:56.700,22.2,101.4
2026-04-02 17:56:00.102,22.2,101.4
2026-04-02 17:56:03.658,22.1,101.4
2026-04-02 17:56:06.929,22.1,101.4
2026-04-02 17:56:10.270,22.1,101.4
2026-04-02 17:56:13.334,22.1,101.4
2026-04-02 17:56:16.562,22.1,101.4
2026-04-02 17:56:19.632,22.1,101.4
2026-04-02 17:56:22.973,22.1,101.4
2026-04-02 17:56:26.169,22.1,101.4
2026-04-02 17:56:29.331,22.1,101.4
2026-04-02 17:56:32.711,22.1,101.4
2026-04-02 17:56:36.285,22.1,101.4
2026-04-02 17:56:39.695,22.1,101.4
2026-04-02 17:56:42.992,22.1,101.4
2026-04-02 17:56:46.190,22.1,101.4
2026-04-02 17:56:49.607,22.1,101.4
2026-04-02 17:56:53.126,22.1,101.4
2026-04-02 17:56:56.493,22.1,101.4
2026-04-02 17:56:59.813,22.1,101.4
2026-04-02 17:57:03.034,22.1,101.4
2026-04-02 17:57:06.590,22.1,101.4
2026-04-02 17:57:10.101,22.1,101.4
2026-04-02 17:57:13.269,22.1,101.4
2026-04-02 17:57:16.500,22.2,101.4
2026-04-02 17:57:19.835,22.2,101.4
2026-04-02 17:57:22.839,22.2,101.4
2026-04-02 17:57:26.113,22.2,101.4
2026-04-02 17:57:29.362,22.2,101.4
2026-04-02 17:57:32.681,22.2,101.4
2026-04-02 17:57:36.192,22.1,101.4
2026-04-02 17:57:39.564,22.1,101.4
2026-04-02 17:57:42.936,22.1,101.4
2026-04-02 17:57:46.170,22.1,101.4
2026-04-02 17:57:49.533,22.1,101.4
2026-04-02 17:57:52.815,22.1,101.4
2026-04-02 17:57:56.455,22.1,101.4
2026-04-02 17:57:59.722,22.1,101.4
2026-04-02 17:58:03.099,22.1,101.4
2026-04-02 17:58:06.802,22.1,101.4
2026-04-02 17:58:10.343,22.1,101.4
2026-04-02 17:58:13.970,22.1,101.4
2026-04-02 17:58:17.284,22.1,101.4
2026-04-02 17:58:20.626,22.1,101.4
2026-04-02 17:58:23.250,22.1,101.4
2026-04-02 17:58:26.821,22.1,101.4
2026-04-02 17:58:30.095,22.1,101.4
2026-04-02 17:58:33.462,22.1,101.4
2026-04-02 17:58:36.664,22.1,101.4
2026-04-02 17:58:40.228,22.1,101.4
2026-04-02 17:58:43.633,22.1,101.4
2026-04-02 17:58:47.031,22.1,101.4
2026-04-02 17:58:50.262,22.1,101.4
2026-04-02 17:58:53.932,22.1,101.4
2026-04-02 17:58:57.310,22.1,101.4
2026-04-02 17:59:00.622,22.1,101.4
2026-04-02 17:59:04.272,22.1,101.4
2026-04-02 17:59:07.614,22.1,101.4
2026-04-02 17:59:10.851,22.1,101.4
2026-04-02 17:59:14.085,22.1,101.4
2026-04-02 17:59:17.491,22.1,101.4
2026-04-02 17:59:21.192,22.1,101.4
2026-04-02 17:59:24.618,22.1,101.4
2026-04-02 17:59:28.235,22.1,101.4
2026-04-02 17:59:31.615,22.1,101.4
2026-04-02 17:59:34.854,22.1,101.4
2026-04-02 17:59:38.128,22.1,101.4
2026-04-02 17:59:41.407,22.1,101.4
2026-04-02 17:59:44.567,22.1,101.4
2026-04-02 17:59:47.715,22.1,101.4
2026-04-02 17:59:50.858,22.1,101.4
2026-04-02 17:59:54.210,22.1,101.4
2026-04-02 17:59:57.317,22.1,101.4
2026-04-02 18:00:00.553,22.1,101.4
2026-04-02 18:00:03.642,22.1,101.4
2026-04-02 18:00:07.060,22.1,101.4
2026-04-02 18:00:10.200,22.1,101.4
2026-04-02 18:00:13.771,22.1,101.4
2026-04-02 18:00:17.264,22.1,101.4
2026-04-02 18:00:20.465,22.1,101.4
2026-04-02 18:00:23.791,22.1,101.4
2026-04-02 18:00:27.097,22.1,101.4
2026-04-02 18:00:30.401,22.1,101.4
2026-04-02 18:00:34.073,22.1,101.4
2026-04-02 18:00:37.480,22.1,101.4
2026-04-02 18:00:41.162,22.1,101.4
2026-04-02 18:00:44.480,22.1,101.4
2026-04-02 18:00:47.854,22.1,101.4
2026-04-02 18:00:51.037,22.1,101.4
2026-04-02 18:00:54.265,22.1,101.4
2026-04-02 18:00:57.514,22.1,101.4
2026-04-02 18:01:01.068,22.1,101.4
2026-04-02 18:01:04.460,22.1,101.4
2026-04-02 18:01:07.689,22.1,101.4
2026-04-02 18:01:10.880,22.1,101.4
2026-04-02 18:01:14.154,22.1,101.4
2026-04-02 18:01:17.488,22.1,101.4
2026-04-02 18:01:21.123,22.1,101.4
2026-04-02 18:01:24.418,22.1,101.4
2026-04-02 18:01:27.795,22.1,101.4
2026-04-02 18:01:30.805,22.1,101.4
2026-04-02 18:01:34.139,22.1,101.4
2026-04-02 18:01:37.451,22.1,101.4
2026-04-02 18:01:40.536,22.1,101.4
2026-04-02 18:01:43.921,22.1,101.4
2026-04-02 18:01:47.399,22.1,101.4
2026-04-02 18:01:50.841,22.1,101.4
2026-04-02 18:01:54.254,22.1,101.4
2026-04-02 18:01:57.497,22.1,101.4
2026-04-02 18:02:00.760,22.1,101.4
2026-04-02 18:02:04.421,22.1,101.4
2026-04-02 18:02:07.672,22.1,101.4
2026-04-02 18:02:11.008,22.1,101.4
2026-04-02 18:02:13.846,22.1,101.4
2026-04-02 18:02:17.187,22.1,101.4
2026-04-02 18:02:20.506,22.1,101.4
2026-04-02 18:02:23.746,22.1,101.4
2026-04-02 18:02:27.068,22.1,101.4
2026-04-02 18:02:30.192,22.1,101.4
2026-04-02 18:02:33.309,22.1,101.4
2026-04-02 18:02:36.720,22.1,101.4
2026-04-02 18:02:40.342,22.1,101.4
2026-04-02 18:02:43.632,22.1,101.4
2026-04-02 18:02:47.014,22.1,101.4
2026-04-02 18:02:49.657,22.1,101.4
2026-04-02 18:02:53.157,22.1,101.4
2026-04-02 18:02:56.503,22.1,101.4
2026-04-02 18:02:59.814,22.1,101.4
2026-04-02 18:03:03.062,22.1,101.4
2026-04-02 18:03:06.371,22.2,101.4
2026-04-02 18:03:09.981,22.1,101.4
2026-04-02 18:03:13.252,22.1,101.4
2026-04-02 18:03:16.603,22.2,101.4
2026-04-02 18:03:19.065,22.2,101.4
2026-04-02 18:03:22.809,22.2,101.4
2026-04-02 18:03:26.082,22.2,101.4
2026-04-02 18:03:29.413,22.1,101.4
2026-04-02 18:03:32.636,22.1,101.4
2026-04-02 18:03:36.035,22.1,101.4
2026-04-02 18:03:39.459,22.1,101.4
2026-04-02 18:03:42.914,22.1,101.4
2026-04-02 18:03:46.301,22.1,101.4
2026-04-02 18:03:49.809,22.1,101.4
2026-04-02 18:03:53.335,22.1,101.4
2026-04-02 18:03:56.505,22.1,101.4
2026-04-02 18:03:59.607,22.1,101.4
2026-04-02 18:04:02.883,22.1,101.4
2026-04-02 18:04:06.277,22.1,101.4
2026-04-02 18:04:09.772,22.1,101.4
2026-04-02 18:04:13.132,22.1,101.4
2026-04-02 18:04:16.302,22.1,101.4
2026-04-02 18:04:19.606,22.1,101.4
2026-04-02 18:04:23.089,22.1,101.4
2026-04-02 18:04:26.332,22.1,101.4
2026-04-02 18:04:29.956,22.1,101.4
2026-04-02 18:04:33.336,22.1,101.4
2026-04-02 18:04:36.255,22.1,101.4
2026-04-02 18:04:39.697,22.1,101.4
2026-04-02 18:04:42.961,22.1,101.4
2026-04-02 18:04:46.033,22.1,101.4
2026-04-02 18:04:49.203,22.1,101.4
2026-04-02 18:04:52.537,22.1,101.4
2026-04-02 18:04:55.752,22.1,101.4
2026-04-02 18:04:59.061,22.1,101.4
2026-04-02 18:05:02.260,22.1,101.4
2026-04-02 18:05:05.893,22.1,101.4
2026-04-02 18:05:09.260,22.1,101.4
2026-04-02 18:05:12.680,22.1,101.4
2026-04-02 18:05:16.067,22.1,101.4
2026-04-02 18:05:19.666,22.1,101.4
2026-04-02 18:05:22.985,22.1,101.4
2026-04-02 18:05:26.042,22.1,101.4
2026-04-02 18:05:29.424,22.1,101.4
2026-04-02 18:05:32.746,22.2,101.4
2026-04-02 18:05:36.101,22.1,101.4
2026-04-02 18:05:39.514,22.1,101.4
2026-04-02 18:05:42.821,22.1,101.4
2026-04-02 18:05:46.120,22.1,101.4
2026-04-02 18:05:49.198,22.1,101.4
2026-04-02 18:05:52.464,22.1,101.4
2026-04-02 18:05:55.731,22.1,101.4
2026-04-02 18:05:59.004,22.1,101.4
2026-04-02 18:06:02.475,22.1,101.4
2026-04-02 18:06:05.965,22.1,101.4
2026-04-02 18:06:09.220,22.1,101.4
2026-04-02 18:06:12.548,22.1,101.4
2026-04-02 18:06:15.696,22.1,101.4
2026-04-02 18:06:18.909,22.1,101.4
2026-04-02 18:06:22.317,22.1,101.4
2026-04-02 18:06:25.870,22.1,101.4
2026-04-02 18:06:29.113,22.1,101.4
2026-04-02 18:06:32.337,22.1,101.4
2026-04-02 18:06:35.628,22.1,101.4
2026-04-02 18:06:38.850,22.1,101.4
2026-04-02 18:06:42.121,22.1,101.4
2026-04-02 18:06:45.430,22.1,101.4
2026-04-02 18:06:48.987,22.1,101.4
2026-04-02 18:06:52.430,22.1,101.4
2026-04-02 18:06:55.682,22.1,101.4
2026-04-02 18:06:59.010,22.1,101.4
2026-04-02 18:07:02.219,22.1,101.4
2026-04-02 18:07:05.896,22.1,101.4
2026-04-02 18:07:09.246,22.1,101.4
2026-04-02 18:07:12.417,22.1,101.4
2026-04-02 18:07:15.582,22.1,101.4
2026-04-02 18:07:18.892,22.1,101.4
2026-04-02 18:07:22.251,22.1,101.4
2026-04-02 18:07:25.450,22.1,101.4
2026-04-02 18:07:28.668,22.1,101.4
2026-04-02 18:07:31.922,22.1,101.4
2026-04-02 18:07:35.632,22.1,101.4
2026-04-02 18:07:38.817,22.1,101.4
2026-04-02 18:07:42.033,22.1,101.4
2026-04-02 18:07:45.468,22.1,101.4
2026-04-02 18:07:48.723,22.1,101.4
2026-04-02 18:07:52.342,22.1,101.4
2026-04-02 18:07:55.599,22.1,101.4
2026-04-02 18:07:58.923,22.1,101.4
2026-04-02 18:08:02.087,22.1,101.4
2026-04-02 18:08:05.444,22.1,101.4
2026-04-02 18:08:07.940,22.1,101.4
2026-04-02 18:08:11.335,22.1,101.4
2026-04-02 18:08:14.836,22.1,101.4
2026-04-02 18:08:18.238,22.1,101.4
2026-04-02 18:08:21.870,22.1,101.4
2026-04-02 18:08:25.115,22.1,101.4
2026-04-02 18:08:28.386,22.1,101.4
2026-04-02 18:08:31.597,22.1,101.4
2026-04-02 18:08:34.846,22.1,101.4
2026-04-02 18:08:38.186,22.1,101.4
2026-04-02 18:08:41.205,22.1,101.4
2026-04-02 18:08:44.485,22.1,101.4
2026-04-02 18:08:47.837,22.1,101.4
2026-04-02 18:08:51.401,22.1,101.4
2026-04-02 18:08:54.864,22.1,101.4
2026-04-02 18:08:58.022,22.1,101.4
2026-04-02 18:09:01.289,22.1,101.4
2026-04-02 18:09:04.601,22.1,101.4
2026-04-02 18:09:07.099,22.1,101.4
2026-04-02 18:09:10.814,22.1,101.4
2026-04-02 18:09:14.028,22.1,101.4
2026-04-02 18:09:17.428,22.1,101.4
2026-04-02 18:09:20.418,22.1,101.4
2026-04-02 18:09:23.659,22.1,101.4
2026-04-02 18:09:27.003,22.1,101.4
2026-04-02 18:09:30.192,22.1,101.4
2026-04-02 18:09:33.660,22.1,101.4
2026-04-02 18:09:37.272,22.1,101.4
2026-04-02 18:09:40.659,22.1,101.4
2026-04-02 18:09:44.412,22.1,101.4
2026-04-02 18:09:47.681,22.1,101.4
2026-04-02 18:09:51.051,22.1,101.4
2026-04-02 18:09:54.284,22.1,101.4
2026-04-02 18:09:57.712,22.1,101.4
2026-04-02 18:10:01.210,22.1,101.4
2026-04-02 18:10:04.479,22.1,101.4
2026-04-02 18:10:07.826,22.2,101.4
2026-04-02 18:10:11.181,22.2,101.4
2026-04-02 18:10:14.498,22.1,101.4
2026-04-02 18:10:17.964,22.1,101.4
2026-04-02 18:10:21.188,22.1,101.4
2026-04-02 18:10:24.371,22.1,101.4
2026-04-02 18:10:27.698,22.1,101.4
2026-04-02 18:10:30.935,22.1,101.4
2026-04-02 18:10:34.252,22.1,101.4
2026-04-02 18:10:37.803,22.1,101.4
2026-04-02 18:10:41.211,22.1,101.4
2026-04-02 18:10:44.420,22.1,101.4
2026-04-02 18:10:47.699,22.1,101.4
2026-04-02 18:10:51.017,22.1,101.4
2026-04-02 18:10:53.971,22.1,101.4
2026-04-02 18:10:57.409,22.1,101.4
2026-04-02 18:11:00.535,22.1,101.4
2026-04-02 18:11:03.303,22.1,101.4
2026-04-02 18:11:06.812,22.1,101.4
2026-04-02 18:11:10.031,22.1,101.4
2026-04-02 18:11:13.305,22.1,101.4
2026-04-02 18:11:16.618,22.1,101.4
2026-04-02 18:11:19.693,22.1,101.4
2026-04-02 18:11:22.952,22.1,101.4
2026-04-02 18:11:25.975,22.1,101.4
2026-04-02 18:11:29.289,22.1,101.4
2026-04-02 18:11:32.661,22.1,101.4
2026-04-02 18:11:36.254,22.1,101.4
2026-04-02 18:11:39.617,22.1,101.4
2026-04-02 18:11:42.967,22.1,101.4
2026-04-02 18:11:46.239,22.1,101.4
2026-04-02 18:11:49.468,22.1,101.4
2026-04-02 18:11:52.632,22.1,101.4
2026-04-02 18:11:56.235,22.1,101.4
2026-04-02 18:11:59.600,22.1,101.4
2026-04-02 18:12:02.978,22.1,101.4
2026-04-02 18:12:05.446,22.0,101.4
2026-04-02 18:12:08.945,22.1,101.4
2026-04-02 18:12:12.382,22.1,101.4
2026-04-02 18:12:15.833,22.1,101.4
2026-04-02 18:12:18.836,22.1,101.4
2026-04-02 18:12:22.230,22.1,101.4
2026-04-02 18:12:24.944,22.1,101.4
2026-04-02 18:12:28.405,22.1,101.4
2026-04-02 18:12:31.654,22.1,101.4
2026-04-02 18:12:35.004,22.1,101.4
2026-04-02 18:12:37.984,22.1,101.4
2026-04-02 18:12:41.294,22.1,101.4
2026-04-02 18:12:44.496,22.1,101.4
2026-04-02 18:12:47.788,22.1,101.4
2026-04-02 18:12:51.343,22.1,101.4
2026-04-02 18:12:54.799,22.1,101.4
2026-04-02 18:12:58.008,22.1,101.4
2026-04-02 18:13:01.268,22.1,101.4
2026-04-02 18:13:04.588,22.1,101.4
2026-04-02 18:13:07.797,22.1,101.4
2026-04-02 18:13:11.440,22.1,101.4
2026-04-02 18:13:14.861,22.1,101.4
2026-04-02 18:13:18.113,22.1,101.4
2026-04-02 18:13:21.264,22.1,101.4
2026-04-02 18:13:24.662,22.1,101.4
2026-04-02 18:13:28.244,22.1,101.4
2026-04-02 18:13:31.499,22.1,101.4
2026-04-02 18:13:34.852,22.1,101.4
2026-04-02 18:13:37.938,22.1,101.4
2026-04-02 18:13:41.197,22.1,101.4
2026-04-02 18:13:44.427,22.1,101.4
2026-04-02 18:13:47.676,22.1,101.4
2026-04-02 18:13:50.980,22.1,101.4
2026-04-02 18:13:54.229,22.1,101.4
2026-04-02 18:13:57.927,22.1,101.4
2026-04-02 18:14:01.388,22.1,101.4
2026-04-02 18:14:04.758,22.1,101.4
2026-04-02 18:14:08.332,22.1,101.4
2026-04-02 18:14:11.561,22.1,101.4
2026-04-02 18:14:14.843,22.1,101.4
2026-04-02 18:14:18.087,22.1,101.4
2026-04-02 18:14:21.427,22.1,101.4
2026-04-02 18:14:24.550,22.1,101.4
2026-04-02 18:14:27.616,22.1,101.4
2026-04-02 18:14:30.993,22.1,101.4
2026-04-02 18:14:34.295,22.1,101.4
2026-04-02 18:14:37.953,22.1,101.4
2026-04-02 18:14:41.411,22.1,101.4
2026-04-02 18:14:44.410,22.1,101.4
2026-04-02 18:14:47.606,22.1,101.4
2026-04-02 18:14:50.853,22.1,101.4
2026-04-02 18:14:54.059,22.1,101.4
2026-04-02 18:14:57.258,22.1,101.4
2026-04-02 18:15:00.484,22.1,101.4
2026-04-02 18:15:03.386,22.1,101.4
2026-04-02 18:15:06.872,22.1,101.4
2026-04-02 18:15:10.053,22.1,101.4
2026-04-02 18:15:13.225,22.1,101.4
2026-04-02 18:15:16.671,22.1,101.4
2026-04-02 18:15:20.361,22.1,101.4
2026-04-02 18:15:23.553,22.0,101.4
2026-04-02 18:15:26.813,22.1,101.4
2026-04-02 18:15:30.170,22.1,101.4
2026-04-02 18:15:33.473,22.1,101.4
2026-04-02 18:15:37.065,22.1,101.4
2026-04-02 18:15:40.441,22.1,101.4
2026-04-02 18:15:43.691,22.1,101.4
2026-04-02 18:15:46.986,22.1,101.4
2026-04-02 18:15:50.117,22.1,101.4
2026-04-02 18:15:53.346,22.1,101.4
2026-04-02 18:15:56.230,22.1,101.4
2026-04-02 18:15:59.628,22.1,101.4
2026-04-02 18:16:02.779,22.1,101.4
2026-04-02 18:16:06.197,22.1,101.4
2026-04-02 18:16:09.368,22.1,101.4
2026-04-02 18:16:12.603,22.1,101.4
2026-04-02 18:16:15.794,22.1,101.4
2026-04-02 18:16:18.920,22.1,101.4
2026-04-02 18:16:21.854,22.1,101.4
2026-04-02 18:16:25.073,22.1,101.4
2026-04-02 18:16:28.363,22.1,101.4
2026-04-02 18:16:31.806,22.1,101.4
2026-04-02 18:16:34.998,22.1,101.4
2026-04-02 18:16:38.212,22.1,101.4
2026-04-02 18:16:41.414,22.1,101.4
2026-04-02 18:16:44.973,22.1,101.4
2026-04-02 18:16:48.389,22.1,101.4
2026-04-02 18:16:51.657,22.1,101.4
2026-04-02 18:16:54.768,22.1,101.4
2026-04-02 18:16:58.194,22.1,101.4
2026-04-02 18:17:01.325,22.1,101.4
2026-04-02 18:17:04.138,22.1,101.4
2026-04-02 18:17:07.322,22.1,101.4
2026-04-02 18:17:10.761,22.1,101.4
2026-04-02 18:17:13.985,22.1,101.4
2026-04-02 18:17:17.273,22.1,101.4
2026-04-02 18:17:20.583,22.1,101.4
2026-04-02 18:17:23.747,22.1,101.4
2026-04-02 18:17:26.853,22.1,101.4
2026-04-02 18:17:30.100,22.1,101.4
2026-04-02 18:17:33.203,22.1,101.4
2026-04-02 18:17:36.516,22.1,101.4
2026-04-02 18:17:39.791,22.1,101.4
2026-04-02 18:17:42.937,22.1,101.4
2026-04-02 18:17:46.247,22.1,101.4
2026-04-02 18:17:49.542,22.1,101.4
2026-04-02 18:17:53.180,22.1,101.4
2026-04-02 18:17:56.540,22.1,101.4
2026-04-02 18:17:59.316,22.1,101.4
2026-04-02 18:18:02.820,22.1,101.4
2026-04-02 18:18:06.110,22.1,101.4
2026-04-02 18:18:09.110,22.1,101.4
2026-04-02 18:18:12.372,22.1,101.4
2026-04-02 18:18:15.682,22.1,101.4
2026-04-02 18:18:18.975,22.1,101.4
2026-04-02 18:18:21.682,22.1,101.4
2026-04-02 18:18:24.561,22.1,101.4
2026-04-02 18:18:27.755,22.1,101.4
2026-04-02 18:18:30.450,22.1,101.4
2026-04-02 18:18:33.687,22.1,101.4
2026-04-02 18:18:37.168,22.1,101.4
2026-04-02 18:18:40.442,22.1,101.4
2026-04-02 18:18:43.780,22.1,101.4
2026-04-02 18:18:46.804,22.1,101.4
2026-04-02 18:18:50.084,22.1,101.4
2026-04-02 18:18:53.071,22.1,101.4
2026-04-02 18:18:56.431,22.1,101.4
2026-04-02 18:18:59.669,22.1,101.4
2026-04-02 18:19:02.997,22.1,101.4
2026-04-02 18:19:06.249,22.1,101.4
2026-04-02 18:19:09.714,22.1,101.4
2026-04-02 18:19:13.092,22.1,101.4
2026-04-02 18:19:16.339,22.1,101.4
2026-04-02 18:19:19.588,22.1,101.4
2026-04-02 18:19:23.029,22.1,101.4
2026-04-02 18:19:26.593,22.1,101.4
2026-04-02 18:19:29.789,22.1,101.4
2026-04-02 18:19:33.279,22.1,101.4
2026-04-02 18:19:36.463,22.1,101.4
2026-04-02 18:19:39.432,22.1,101.4
2026-04-02 18:19:42.827,22.1,101.4
2026-04-02 18:19:46.088,22.1,101.4
2026-04-02 18:19:49.383,22.1,101.4
2026-04-02 18:19:52.319,22.1,101.4
2026-04-02 18:19:55.553,22.1,101.4
2026-04-02 18:19:58.861,22.1,101.4
2026-04-02 18:20:02.191,22.1,101.4
2026-04-02 18:20:05.768,22.1,101.4
2026-04-02 18:20:09.266,22.1,101.4
2026-04-02 18:20:12.627,22.1,101.4
2026-04-02 18:20:15.881,22.1,101.4
2026-04-02 18:20:19.255,22.1,101.4
2026-04-02 18:20:22.653,22.1,101.4
2026-04-02 18:20:26.019,22.1,101.4
2026-04-02 18:20:29.258,22.1,101.4
2026-04-02 18:20:32.637,22.1,101.4
2026-04-02 18:20:35.824,22.1,101.4
2026-04-02 18:20:39.000,22.1,101.4
2026-04-02 18:20:42.340,22.1,101.4
2026-04-02 18:20:45.859,22.1,101.4
2026-04-02 18:20:49.109,22.1,101.4
2026-04-02 18:20:52.326,22.1,101.4
2026-04-02 18:20:55.545,22.1,101.4
2026-04-02 18:20:58.789,22.1,101.4
2026-04-02 18:21:02.215,22.1,101.4
2026-04-02 18:21:05.503,22.1,101.4
2026-04-02 18:21:09.106,22.1,101.4
2026-04-02 18:21:12.474,22.1,101.4
2026-04-02 18:21:15.837,22.1,101.4
2026-04-02 18:21:19.448,22.1,101.4
2026-04-02 18:21:22.710,22.1,101.4
2026-04-02 18:21:26.040,22.1,101.4
2026-04-02 18:21:29.356,22.1,101.4
2026-04-02 18:21:32.986,22.1,101.4
2026-04-02 18:21:36.210,22.1,101.4
2026-04-02 18:21:39.392,22.1,101.4
2026-04-02 18:21:42.823,22.1,101.4
2026-04-02 18:21:46.043,22.1,101.4
2026-04-02 18:21:49.298,22.1,101.4
2026-04-02 18:21:52.611,22.1,101.4
2026-04-02 18:21:55.884,22.1,101.4
2026-04-02 18:21:59.542,22.1,101.4
2026-04-02 18:22:02.760,22.1,101.4
2026-04-02 18:22:06.219,22.1,101.4
2026-04-02 18:22:09.359,22.1,101.4
2026-04-02 18:22:11.789,22.1,101.4
2026-04-02 18:22:15.248,22.1,101.4
2026-04-02 18:22:18.693,22.1,101.4
2026-04-02 18:22:21.961,22.1,101.4
2026-04-02 18:22:25.289,22.1,101.4
2026-04-02 18:22:28.390,22.1,101.4
2026-04-02 18:22:31.761,22.1,101.4
2026-04-02 18:22:35.360,22.1,101.4
2026-04-02 18:22:38.637,22.1,101.4
2026-04-02 18:22:42.036,22.1,101.4
2026-04-02 18:22:45.301,22.1,101.4
2026-04-02 18:22:48.586,22.1,101.4
2026-04-02 18:22:52.235,22.1,101.4
2026-04-02 18:22:55.580,22.1,101.4
2026-04-02 18:22:58.895,22.2,101.4
2026-04-02 18:23:02.139,22.2,101.4
2026-04-02 18:23:04.972,22.2,101.4
2026-04-02 18:23:08.411,22.1,101.4
2026-04-02 18:23:11.716,22.1,101.4
2026-04-02 18:23:14.748,22.1,101.4
2026-04-02 18:23:18.050,22.1,101.4
2026-04-02 18:23:21.297,22.1,101.4
2026-04-02 18:23:24.617,22.1,101.4
2026-04-02 18:23:27.927,22.1,101.4
2026-04-02 18:23:31.181,22.1,101.4
2026-04-02 18:23:34.784,22.1,101.4
2026-04-02 18:23:38.192,22.1,101.4
2026-04-02 18:23:41.265,22.1,101.4
2026-04-02 18:23:44.592,22.1,101.4
2026-04-02 18:23:47.949,22.1,101.4
2026-04-02 18:23:51.607,22.1,101.4
2026-04-02 18:23:54.987,22.1,101.4
2026-04-02 18:23:58.509,22.1,101.4
2026-04-02 18:24:02.040,22.1,101.4
2026-04-02 18:24:05.254,22.1,101.4
2026-04-02 18:24:08.453,22.1,101.4
2026-04-02 18:24:11.765,22.1,101.4
2026-04-02 18:24:15.089,22.1,101.4
2026-04-02 18:24:18.741,22.1,101.4
2026-04-02 18:24:22.020,22.1,101.4
2026-04-02 18:24:25.369,22.1,101.4
2026-04-02 18:24:28.608,22.1,101.4
2026-04-02 18:24:31.849,22.1,101.4
2026-04-02 18:24:35.348,22.1,101.4
2026-04-02 18:24:38.773,22.1,101.4
2026-04-02 18:24:42.096,22.1,101.4
2026-04-02 18:24:44.770,22.1,101.4
2026-04-02 18:24:48.397,22.1,101.4
2026-04-02 18:24:51.658,22.1,101.4
2026-04-02 18:24:54.942,22.1,101.4
2026-04-02 18:24:57.476,22.1,101.4
2026-04-02 18:25:01.036,22.1,101.4
2026-04-02 18:25:04.431,22.1,101.4
2026-04-02 18:25:07.738,22.1,101.4
2026-04-02 18:25:10.726,22.1,101.4
2026-04-02 18:25:14.192,22.1,101.4
2026-04-02 18:25:17.469,22.1,101.4
2026-04-02 18:25:21.115,22.1,101.4
2026-04-02 18:25:24.351,22.1,101.4
2026-04-02 18:25:27.721,22.1,101.4
2026-04-02 18:25:30.950,22.1,101.4
2026-04-02 18:25:34.038,22.1,101.4
2026-04-02 18:25:37.161,22.1,101.4
2026-04-02 18:25:40.653,22.1,101.4
2026-04-02 18:25:44.288,22.1,101.4
2026-04-02 18:25:47.532,22.1,101.4
2026-04-02 18:25:50.834,22.1,101.4
2026-04-02 18:25:54.046,22.1,101.4
2026-04-02 18:25:57.373,22.1,101.4
2026-04-02 18:26:00.504,22.1,101.4
2026-04-02 18:26:02.997,22.1,101.4
2026-04-02 18:26:06.607,22.0,101.4
2026-04-02 18:26:10.037,22.0,101.4
2026-04-02 18:26:13.367,22.1,101.4
2026-04-02 18:26:16.484,22.1,101.4
2026-04-02 18:26:19.514,22.1,101.4
2026-04-02 18:26:22.760,22.1,101.4
2026-04-02 18:26:26.052,22.1,101.4
2026-04-02 18:26:28.938,22.1,101.4
2026-04-02 18:26:32.341,22.1,101.4
2026-04-02 18:26:35.789,22.1,101.4
2026-04-02 18:26:38.953,22.1,101.4
2026-04-02 18:26:42.038,22.1,101.4
2026-04-02 18:26:45.322,22.1,101.4
2026-04-02 18:26:47.780,22.1,101.4
2026-04-02 18:26:51.130,22.1,101.4
2026-04-02 18:26:54.815,22.1,101.4
2026-04-02 18:26:58.125,22.1,101.4
2026-04-02 18:27:01.053,22.1,101.4
2026-04-02 18:27:04.081,22.1,101.4
2026-04-02 18:27:07.418,22.1,101.4
2026-04-02 18:27:10.818,22.1,101.4
2026-04-02 18:27:14.103,22.1,101.4
2026-04-02 18:27:17.244,22.1,101.4
2026-04-02 18:27:20.475,22.1,101.4
2026-04-02 18:27:23.089,22.1,101.4
2026-04-02 18:27:26.714,22.1,101.4
2026-04-02 18:27:30.064,22.1,101.4
2026-04-02 18:27:33.223,22.1,101.4
2026-04-02 18:27:36.087,22.0,101.4
2026-04-02 18:27:39.435,22.1,101.4
2026-04-02 18:27:42.742,22.1,101.4
2026-04-02 18:27:46.027,22.1,101.4
2026-04-02 18:27:49.349,22.0,101.4
2026-04-02 18:27:52.712,22.0,101.4
2026-04-02 18:27:56.017,22.0,101.4
2026-04-02 18:27:59.522,22.1,101.4
2026-04-02 18:28:02.948,22.1,101.4
2026-04-02 18:28:06.134,22.1,101.4
2026-04-02 18:28:09.278,22.1,101.4
2026-04-02 18:28:12.295,22.1,101.4
2026-04-02 18:28:15.621,22.1,101.4
2026-04-02 18:28:18.817,22.1,101.4
2026-04-02 18:28:21.943,22.1,101.4
2026-04-02 18:28:25.276,22.1,101.4
2026-04-02 18:28:28.528,22.1,101.4
2026-04-02 18:28:31.545,22.1,101.4
2026-04-02 18:28:34.656,22.1,101.4
2026-04-02 18:28:37.979,22.1,101.4
2026-04-02 18:28:41.234,22.1,101.4
2026-04-02 18:28:44.436,22.1,101.4
2026-04-02 18:28:47.716,22.1,101.4
2026-04-02 18:28:50.791,22.1,101.4
2026-04-02 18:28:54.013,22.1,101.4
2026-04-02 18:28:57.338,22.1,101.4
2026-04-02 18:29:00.479,22.1,101.4
2026-04-02 18:29:03.587,22.1,101.4
2026-04-02 18:29:06.933,22.1,101.4
2026-04-02 18:29:10.500,22.1,101.4
2026-04-02 18:29:13.845,22.1,101.4
2026-04-02 18:29:17.278,22.1,101.4
2026-04-02 18:29:20.500,22.1,101.4
2026-04-02 18:29:23.789,22.1,101.4
2026-04-02 18:29:26.784,22.0,101.4
2026-04-02 18:29:30.001,22.1,101.4
2026-04-02 18:29:33.230,22.1,101.4
2026-04-02 18:29:36.485,22.1,101.4
2026-04-02 18:29:39.689,22.1,101.4
2026-04-02 18:29:42.782,22.1,101.4
2026-04-02 18:29:46.120,22.1,101.4
2026-04-02 18:29:48.961,22.1,101.4
2026-04-02 18:29:51.969,22.1,101.4
2026-04-02 18:29:55.264,22.1,101.4
2026-04-02 18:29:58.751,22.1,101.4
2026-04-02 18:30:02.174,22.1,101.4
2026-04-02 18:30:05.277,22.1,101.4
2026-04-02 18:30:08.446,22.1,101.4
2026-04-02 18:30:11.763,22.1,101.4
2026-04-02 18:30:15.406,22.1,101.4
2026-04-02 18:30:18.746,22.1,101.4
2026-04-02 18:30:22.103,22.1,101.4
2026-04-02 18:30:25.316,22.1,101.4
2026-04-02 18:30:28.553,22.1,101.4
2026-04-02 18:30:31.698,22.1,101.4
2026-04-02 18:30:34.973,22.1,101.4
2026-04-02 18:30:38.108,22.1,101.4
2026-04-02 18:30:41.297,22.1,101.4
2026-04-02 18:30:44.480,22.1,101.4
2026-04-02 18:30:47.389,22.1,101.4
2026-04-02 18:30:50.633,22.1,101.4
2026-04-02 18:30:53.940,22.1,101.4
2026-04-02 18:30:57.128,22.1,101.4
2026-04-02 18:31:00.334,22.1,101.4
2026-04-02 18:31:03.785,22.1,101.4
2026-04-02 18:31:06.853,22.1,101.4
2026-04-02 18:31:09.797,22.1,101.4
2026-04-02 18:31:13.203,22.0,101.4
2026-04-02 18:31:16.493,22.1,101.4
2026-04-02 18:31:19.860,22.1,101.4
2026-04-02 18:31:23.412,22.1,101.4
2026-04-02 18:31:26.752,22.1,101.4
2026-04-02 18:31:29.971,22.1,101.4
2026-04-02 18:31:33.239,22.1,101.4
2026-04-02 18:31:36.453,22.1,101.4
2026-04-02 18:31:39.831,22.1,101.4
2026-04-02 18:31:43.103,22.1,101.4
2026-04-02 18:31:46.502,22.1,101.4
2026-04-02 18:31:50.031,22.1,101.4
2026-04-02 18:31:53.127,22.1,101.4
2026-04-02 18:31:56.371,22.1,101.4
2026-04-02 18:31:59.724,22.1,101.4
2026-04-02 18:32:02.500,22.1,101.4
2026-04-02 18:32:05.379,22.1,101.4
2026-04-02 18:32:08.873,22.1,101.4
2026-04-02 18:32:12.307,22.1,101.4
2026-04-02 18:32:15.347,22.1,101.4
2026-04-02 18:32:18.728,22.1,101.4
2026-04-02 18:32:21.992,22.1,101.4
2026-04-02 18:32:25.360,22.1,101.4
2026-04-02 18:32:28.392,22.1,101.4
2026-04-02 18:32:31.614,22.1,101.4
2026-04-02 18:32:34.846,22.1,101.4
2026-04-02 18:32:38.153,22.1,101.4
2026-04-02 18:32:41.412,22.1,101.4
2026-04-02 18:32:44.669,22.1,101.4
2026-04-02 18:32:48.314,22.1,101.4
2026-04-02 18:32:51.455,22.1,101.4
2026-04-02 18:32:54.812,22.1,101.4
2026-04-02 18:32:58.071,22.1,101.4
2026-04-02 18:33:01.272,22.1,101.4
2026-04-02 18:33:04.367,22.1,101.4
2026-04-02 18:33:07.651,22.1,101.4
2026-04-02 18:33:10.989,22.1,101.4
2026-04-02 18:33:14.233,22.1,101.4
2026-04-02 18:33:17.842,22.1,101.4
2026-04-02 18:33:21.107,22.1,101.4
2026-04-02 18:33:24.570,22.1,101.4
2026-04-02 18:33:27.638,22.1,101.4
2026-04-02 18:33:30.973,22.1,101.4
2026-04-02 18:33:34.290,22.1,101.4
2026-04-02 18:33:37.688,22.1,101.4
2026-04-02 18:33:41.046,22.1,101.4
2026-04-02 18:33:44.398,22.1,101.4
2026-04-02 18:33:47.635,22.1,101.4
2026-04-02 18:33:50.972,22.1,101.4
2026-04-02 18:33:54.095,22.1,101.4
2026-04-02 18:33:57.487,22.1,101.4
2026-04-02 18:34:00.804,22.1,101.4
2026-04-02 18:34:04.310,22.1,101.4
2026-04-02 18:34:07.655,22.1,101.4
2026-04-02 18:34:10.954,22.1,101.4
2026-04-02 18:34:13.608,22.1,101.4
2026-04-02 18:34:16.935,22.1,101.4
2026-04-02 18:34:20.284,22.1,101.4
2026-04-02 18:34:23.459,22.1,101.4
2026-04-02 18:34:26.833,22.1,101.4
2026-04-02 18:34:29.843,22.1,101.4
2026-04-02 18:34:33.137,22.1,101.4
2026-04-02 18:34:36.368,22.1,101.4
2026-04-02 18:34:39.695,22.1,101.4
2026-04-02 18:34:42.967,22.1,101.4
2026-04-02 18:34:46.660,22.1,101.4
2026-04-02 18:34:49.927,22.1,101.4
2026-04-02 18:34:53.332,22.1,101.4
2026-04-02 18:34:56.002,22.1,101.4
2026-04-02 18:34:59.526,22.1,101.4
2026-04-02 18:35:02.866,22.1,101.4
2026-04-02 18:35:05.601,22.1,101.4
2026-04-02 18:35:09.097,22.1,101.4
2026-04-02 18:35:12.439,22.1,101.4
2026-04-02 18:35:15.802,22.1,101.4
2026-04-02 18:35:19.523,22.1,101.4
2026-04-02 18:35:22.878,22.1,101.4
2026-04-02 18:35:26.029,22.1,101.4
2026-04-02 18:35:29.259,22.1,101.4
2026-04-02 18:35:32.412,22.1,101.4
2026-04-02 18:35:35.559,22.1,101.4
2026-04-02 18:35:38.773,22.1,101.4
2026-04-02 18:35:42.036,22.1,101.4
2026-04-02 18:35:45.359,22.1,101.4
2026-04-02 18:35:48.601,22.1,101.4
2026-04-02 18:35:52.002,22.1,101.4
2026-04-02 18:35:55.471,22.1,101.4
2026-04-02 18:35:58.665,22.1,101.4
2026-04-02 18:36:01.998,22.1,101.4
2026-04-02 18:36:05.335,22.1,101.4
2026-04-02 18:36:08.193,22.1,101.4
2026-04-02 18:36:11.573,22.1,101.4
2026-04-02 18:36:14.810,22.1,101.4
2026-04-02 18:36:18.165,22.1,101.4
2026-04-02 18:36:21.321,22.1,101.4
2026-04-02 18:36:24.509,22.1,101.4
2026-04-02 18:36:27.678,22.1,101.4
2026-04-02 18:36:30.950,22.1,101.4
2026-04-02 18:36:34.288,22.1,101.4
2026-04-02 18:36:37.403,22.1,101.4
2026-04-02 18:36:40.925,22.1,101.4
2026-04-02 18:36:44.302,22.1,101.4
2026-04-02 18:36:47.493,22.0,101.4
2026-04-02 18:36:50.730,22.1,101.4
2026-04-02 18:36:53.978,22.1,101.4
2026-04-02 18:36:57.334,22.1,101.4
2026-04-02 18:37:00.944,22.1,101.4
2026-04-02 18:37:04.178,22.1,101.4
2026-04-02 18:37:07.529,22.1,101.4
2026-04-02 18:37:10.761,22.1,101.4
2026-04-02 18:37:14.040,22.1,101.4
2026-04-02 18:37:17.349,22.0,101.4
2026-04-02 18:37:20.480,22.0,101.4
2026-04-02 18:37:23.321,22.0,101.4
2026-04-02 18:37:26.298,22.1,101.4
2026-04-02 18:37:29.945,22.1,101.4
2026-04-02 18:37:33.194,22.1,101.4
2026-04-02 18:37:36.433,22.1,101.4
2026-04-02 18:37:39.747,22.1,101.4
2026-04-02 18:37:43.032,22.1,101.4
2026-04-02 18:37:46.450,22.1,101.4
2026-04-02 18:37:50.012,22.1,101.4
2026-04-02 18:37:53.307,22.1,101.4
2026-04-02 18:37:56.478,22.1,101.4
2026-04-02 18:37:59.296,22.1,101.4
2026-04-02 18:38:02.798,22.1,101.4
2026-04-02 18:38:06.130,22.1,101.4
2026-04-02 18:38:09.415,22.1,101.4
2026-04-02 18:38:12.651,22.0,101.4
2026-04-02 18:38:16.270,22.1,101.4
2026-04-02 18:38:19.732,22.0,101.4
2026-04-02 18:38:23.036,22.1,101.4
2026-04-02 18:38:26.615,22.1,101.4
2026-04-02 18:38:29.947,22.1,101.4
2026-04-02 18:38:33.241,22.1,101.4
2026-04-02 18:38:36.334,22.1,101.4
2026-04-02 18:38:39.742,22.1,101.4
2026-04-02 18:38:42.872,22.1,101.4
2026-04-02 18:38:46.142,22.0,101.4
2026-04-02 18:38:49.802,22.0,101.4
2026-04-02 18:38:53.001,22.1,101.4
2026-04-02 18:38:56.280,22.0,101.4
2026-04-02 18:38:59.598,22.0,101.4
2026-04-02 18:39:02.829,22.0,101.4
2026-04-02 18:39:06.043,22.0,101.4
2026-04-02 18:39:09.156,22.0,101.4
2026-04-02 18:39:12.190,22.0,101.4
2026-04-02 18:39:15.419,22.0,101.4
2026-04-02 18:39:18.713,22.0,101.4
2026-04-02 18:39:22.040,22.0,101.4
2026-04-02 18:39:25.201,22.1,101.4
2026-04-02 18:39:28.431,22.1,101.4
2026-04-02 18:39:31.688,22.1,101.4
2026-04-02 18:39:34.845,22.1,101.4
2026-04-02 18:39:37.898,22.1,101.4
2026-04-02 18:39:41.348,22.1,101.4
2026-04-02 18:39:44.481,22.0,101.4
2026-04-02 18:39:47.437,22.1,101.4
2026-04-02 18:39:50.807,22.0,101.4
2026-04-02 18:39:54.041,22.1,101.4
2026-04-02 18:39:57.373,22.1,101.4
2026-04-02 18:40:00.818,22.0,101.4
2026-04-02 18:40:04.274,22.1,101.4
2026-04-02 18:40:07.339,22.1,101.4
2026-04-02 18:40:10.872,22.1,101.4
2026-04-02 18:40:13.851,22.1,101.4
2026-04-02 18:40:17.113,22.1,101.4
2026-04-02 18:40:20.400,22.1,101.4
2026-04-02 18:40:23.759,22.1,101.4
2026-04-02 18:40:27.029,22.1,101.4
2026-04-02 18:40:30.689,22.1,101.4
2026-04-02 18:40:33.922,22.1,101.4
2026-04-02 18:40:37.234,22.0,101.4
2026-04-02 18:40:40.523,22.0,101.4
2026-04-02 18:40:43.608,22.1,101.4
2026-04-02 18:40:46.752,22.1,101.4
2026-04-02 18:40:50.008,22.1,101.4
2026-04-02 18:40:53.164,22.1,101.4
2026-04-02 18:40:56.558,22.1,101.4
2026-04-02 18:41:00.138,22.1,101.4
2026-04-02 18:41:03.481,22.1,101.4
2026-04-02 18:41:06.831,22.1,101.4
2026-04-02 18:41:09.988,22.1,101.4
2026-04-02 18:41:13.214,22.1,101.4
2026-04-02 18:41:16.431,22.1,101.4
2026-04-02 18:41:19.610,22.1,101.4
2026-04-02 18:41:22.886,22.1,101.4
2026-04-02 18:41:26.287,22.1,101.4
2026-04-02 18:41:29.854,22.1,101.4
2026-04-02 18:41:33.158,22.1,101.4
2026-04-02 18:41:36.402,22.1,101.4
2026-04-02 18:41:39.816,22.1,101.4
2026-04-02 18:41:43.279,22.1,101.4
2026-04-02 18:41:46.816,22.1,101.4
2026-04-02 18:41:50.009,22.1,101.4
2026-04-02 18:41:53.326,22.1,101.4
2026-04-02 18:41:56.550,22.1,101.4
2026-04-02 18:41:59.855,22.1,101.4
2026-04-02 18:42:03.457,22.1,101.4
2026-04-02 18:42:06.821,22.1,101.4
2026-04-02 18:42:09.919,22.1,101.4
2026-04-02 18:42:13.049,22.1,101.4
2026-04-02 18:42:16.384,22.1,101.4
2026-04-02 18:42:19.615,22.1,101.4
2026-04-02 18:42:22.957,22.1,101.4
2026-04-02 18:42:26.057,22.1,101.4
2026-04-02 18:42:29.374,22.1,101.4
2026-04-02 18:42:32.351,22.1,101.4
2026-04-02 18:42:35.749,22.1,101.4
2026-04-02 18:42:38.791,22.1,101.4
2026-04-02 18:42:42.128,22.0,101.4
2026-04-02 18:42:45.314,22.1,101.4
2026-04-02 18:42:48.838,22.1,101.4
2026-04-02 18:42:52.357,22.1,101.4
2026-04-02 18:42:55.813,22.1,101.4
2026-04-02 18:42:59.457,22.1,101.4
2026-04-02 18:43:02.797,22.1,101.4
2026-04-02 18:43:06.321,22.1,101.4
2026-04-02 18:43:09.956,22.1,101.4
2026-04-02 18:43:13.301,22.1,101.4
2026-04-02 18:43:16.283,22.1,101.4
2026-04-02 18:43:19.605,22.1,101.4
2026-04-02 18:43:22.942,22.1,101.4
2026-04-02 18:43:26.440,22.1,101.4
2026-04-02 18:43:29.873,22.1,101.4
2026-04-02 18:43:33.201,22.1,101.4
2026-04-02 18:43:36.591,22.0,101.4
2026-04-02 18:43:39.817,22.0,101.4
2026-04-02 18:43:43.515,22.1,101.4
2026-04-02 18:43:46.807,22.1,101.4
2026-04-02 18:43:50.137,22.1,101.4
2026-04-02 18:43:53.915,22.1,101.4
2026-04-02 18:43:57.192,22.1,101.4
2026-04-02 18:44:00.578,22.1,101.4
2026-04-02 18:44:03.797,22.1,101.4
2026-04-02 18:44:07.087,22.1,101.4
2026-04-02 18:44:10.596,22.1,101.4
2026-04-02 18:44:13.963,22.1,101.4
2026-04-02 18:44:17.336,22.1,101.4
2026-04-02 18:44:20.538,22.0,101.4
2026-04-02 18:44:24.188,22.0,101.4
2026-04-02 18:44:27.636,22.1,101.4
2026-04-02 18:44:31.101,22.0,101.4
2026-04-02 18:44:34.766,22.0,101.4
2026-04-02 18:44:38.187,22.0,101.4
2026-04-02 18:44:41.400,22.0,101.4
2026-04-02 18:44:45.050,22.0,101.4
2026-04-02 18:44:48.362,22.0,101.4
2026-04-02 18:44:51.634,22.0,101.4
2026-04-02 18:44:54.772,22.0,101.4
2026-04-02 18:44:58.155,22.0,101.4
2026-04-02 18:45:01.142,22.0,101.4
2026-04-02 18:45:04.558,22.0,101.4
2026-04-02 18:45:08.205,22.0,101.4
2026-04-02 18:45:11.557,22.1,101.4
2026-04-02 18:45:14.660,22.1,101.4
2026-04-02 18:45:17.881,22.1,101.4
2026-04-02 18:45:21.206,22.1,101.4
2026-04-02 18:45:24.561,22.1,101.4
2026-04-02 18:45:27.710,22.1,101.4
2026-04-02 18:45:30.982,22.1,101.4
2026-04-02 18:45:34.294,22.1,101.4
2026-04-02 18:45:37.896,22.1,101.4
2026-04-02 18:45:41.229,22.1,101.4
2026-04-02 18:45:44.544,22.1,101.4
2026-04-02 18:45:48.086,22.1,101.4
2026-04-02 18:45:51.597,22.1,101.4
2026-04-02 18:45:54.443,22.1,101.4
2026-04-02 18:45:57.892,22.1,101.4
2026-04-02 18:46:01.225,22.1,101.4
2026-04-02 18:46:04.567,22.1,101.4
2026-04-02 18:46:08.190,22.1,101.4
2026-04-02 18:46:11.393,22.1,101.4
2026-04-02 18:46:14.494,22.1,101.4
2026-04-02 18:46:17.985,22.1,101.4
2026-04-02 18:46:21.339,22.1,101.4
2026-04-02 18:46:24.508,22.1,101.4
2026-04-02 18:46:27.769,22.1,101.4
2026-04-02 18:46:31.124,22.1,101.4
2026-04-02 18:46:34.698,22.1,101.4
2026-04-02 18:46:38.167,22.1,101.4
2026-04-02 18:46:41.718,22.1,101.4
2026-04-02 18:46:45.120,22.1,101.4
2026-04-02 18:46:48.377,22.1,101.4
2026-04-02 18:46:51.694,22.1,101.4
2026-04-02 18:46:54.588,22.1,101.4
2026-04-02 18:46:57.812,22.1,101.4
2026-04-02 18:47:01.124,22.1,101.4
2026-04-02 18:47:04.489,22.1,101.4
2026-04-02 18:47:07.693,22.0,101.4
2026-04-02 18:47:10.904,22.1,101.4
2026-04-02 18:47:14.017,22.1,101.4
2026-04-02 18:47:17.288,22.1,101.4
2026-04-02 18:47:19.824,22.1,101.4
2026-04-02 18:47:23.534,22.1,101.4
2026-04-02 18:47:26.825,22.1,101.4
2026-04-02 18:47:30.019,22.1,101.4
2026-04-02 18:47:33.023,22.1,101.4
2026-04-02 18:47:36.211,22.1,101.4
2026-04-02 18:47:39.554,22.1,101.4
2026-04-02 18:47:42.874,22.1,101.4
2026-04-02 18:47:45.369,22.1,101.4
2026-04-02 18:47:48.810,22.1,101.4
2026-04-02 18:47:52.273,22.1,101.4
2026-04-02 18:47:55.545,22.1,101.4
2026-04-02 18:47:58.751,22.1,101.4
2026-04-02 18:48:02.138,22.1,101.4
2026-04-02 18:48:05.414,22.1,101.4
2026-04-02 18:48:08.988,22.1,101.4
2026-04-02 18:48:12.215,22.1,101.4
2026-04-02 18:48:15.570,22.1,101.4
2026-04-02 18:48:18.781,22.1,101.4
2026-04-02 18:48:22.109,22.1,101.4
2026-04-02 18:48:25.811,22.1,101.4
2026-04-02 18:48:29.111,22.1,101.4
2026-04-02 18:48:32.341,22.0,101.4
2026-04-02 18:48:35.595,22.1,101.4
2026-04-02 18:48:38.920,22.1,101.4
2026-04-02 18:48:42.140,22.1,101.4
2026-04-02 18:48:45.388,22.1,101.4
2026-04-02 18:48:49.148,22.1,101.4
2026-04-02 18:48:52.503,22.1,101.4
2026-04-02 18:48:56.105,22.1,101.4
2026-04-02 18:48:59.426,22.1,101.4
2026-04-02 18:49:02.796,22.0,101.4
2026-04-02 18:49:06.161,22.0,101.4
2026-04-02 18:49:09.915,22.0,101.4
2026-04-02 18:49:13.187,22.0,101.4
2026-04-02 18:49:16.539,22.0,101.4
2026-04-02 18:49:19.675,22.0,101.4
2026-04-02 18:49:22.735,22.0,101.4
2026-04-02 18:49:26.106,22.0,101.4
2026-04-02 18:49:29.368,22.1,101.4
2026-04-02 18:49:33.096,22.1,101.4
2026-04-02 18:49:36.282,22.0,101.4
2026-04-02 18:49:39.428,22.0,101.4
2026-04-02 18:49:42.778,22.0,101.4
2026-04-02 18:49:46.128,22.0,101.4
2026-04-02 18:49:49.470,22.0,101.4
2026-04-02 18:49:53.135,22.0,101.4
2026-04-02 18:49:56.464,22.0,101.4
2026-04-02 18:49:59.008,22.0,101.4
2026-04-02 18:50:02.652,22.0,101.4
2026-04-02 18:50:06.164,22.0,101.4
2026-04-02 18:50:09.761,22.0,101.4
2026-04-02 18:50:13.118,22.0,101.4
2026-04-02 18:50:16.322,22.0,101.4
2026-04-02 18:50:19.752,22.0,101.4
2026-04-02 18:50:22.900,22.0,101.4
2026-04-02 18:50:25.927,22.0,101.4
2026-04-02 18:50:29.340,22.0,101.4
2026-04-02 18:50:32.498,22.0,101.4
2026-04-02 18:50:35.959,22.0,101.4
2026-04-02 18:50:39.418,22.0,101.4
2026-04-02 18:50:42.589,22.0,101.4
2026-04-02 18:50:45.993,22.0,101.4
2026-04-02 18:50:49.409,22.0,101.4
2026-04-02 18:50:53.061,22.0,101.4
2026-04-02 18:50:56.381,22.0,101.4
2026-04-02 18:50:59.666,22.0,101.4
2026-04-02 18:51:02.312,22.0,101.4
2026-04-02 18:51:05.926,22.1,101.4
2026-04-02 18:51:09.263,22.0,101.4
2026-04-02 18:51:12.298,22.1,101.4
2026-04-02 18:51:15.673,22.1,101.4
2026-04-02 18:51:18.927,22.1,101.4
2026-04-02 18:51:22.257,22.1,101.4
2026-04-02 18:51:25.700,22.1,101.4
2026-04-02 18:51:29.117,22.1,101.4
2026-04-02 18:51:32.475,22.1,101.4
2026-04-02 18:51:35.533,22.1,101.4
2026-04-02 18:51:39.044,22.1,101.4
2026-04-02 18:51:42.427,22.1,101.4
2026-04-02 18:51:45.931,22.1,101.4
2026-04-02 18:51:49.346,22.1,101.4
2026-04-02 18:51:52.653,22.1,101.4
2026-04-02 18:51:56.290,22.1,101.4
2026-04-02 18:51:59.719,22.1,101.4
2026-04-02 18:52:03.252,22.1,101.4
2026-04-02 18:52:06.741,22.1,101.4
2026-04-02 18:52:10.023,22.1,101.4
2026-04-02 18:52:13.343,22.1,101.4
2026-04-02 18:52:16.608,22.1,101.4
2026-04-02 18:52:20.245,22.1,101.4
2026-04-02 18:52:23.491,22.1,101.4
2026-04-02 18:52:26.672,22.1,101.4
2026-04-02 18:52:29.890,22.1,101.4
2026-04-02 18:52:33.165,22.1,101.4
2026-04-02 18:52:36.585,22.1,101.4
2026-04-02 18:52:40.011,22.1,101.4
2026-04-02 18:52:43.487,22.1,101.4
2026-04-02 18:52:46.638,22.1,101.4
2026-04-02 18:52:49.972,22.0,101.4
2026-04-02 18:52:53.304,22.0,101.4
2026-04-02 18:52:56.545,22.1,101.4
2026-04-02 18:53:00.167,22.1,101.4
2026-04-02 18:53:03.549,22.0,101.4
2026-04-02 18:53:06.791,22.0,101.4
2026-04-02 18:53:09.987,22.0,101.4
2026-04-02 18:53:13.388,22.0,101.4
2026-04-02 18:53:16.785,22.0,101.4
2026-04-02 18:53:20.327,22.0,101.4
2026-04-02 18:53:23.670,22.1,101.4
2026-04-02 18:53:26.771,22.0,101.4
2026-04-02 18:53:30.103,22.0,101.4
2026-04-02 18:53:33.359,22.0,101.4
2026-04-02 18:53:36.878,22.0,101.4
2026-04-02 18:53:40.316,22.0,101.4
2026-04-02 18:53:43.595,22.0,101.4
2026-04-02 18:53:46.945,22.0,101.4
2026-04-02 18:53:50.371,22.0,101.4
2026-04-02 18:53:53.854,22.0,101.4
2026-04-02 18:53:57.179,22.0,101.4
2026-04-02 18:54:00.490,22.1,101.4
2026-04-02 18:54:03.378,22.1,101.4
2026-04-02 18:54:06.576,22.1,101.4
2026-04-02 18:54:09.991,22.1,101.4
2026-04-02 18:54:13.312,22.1,101.4
2026-04-02 18:54:16.614,22.1,101.4
2026-04-02 18:54:20.354,22.1,101.4
2026-04-02 18:54:23.678,22.1,101.4
2026-04-02 18:54:26.463,22.1,101.4
2026-04-02 18:54:29.973,22.1,101.4
2026-04-02 18:54:33.380,22.1,101.4
2026-04-02 18:54:36.770,22.1,101.4
2026-04-02 18:54:40.233,22.1,101.4
2026-04-02 18:54:43.613,22.1,101.4
2026-04-02 18:54:46.846,22.0,101.4
2026-04-02 18:54:49.934,22.0,101.4
2026-04-02 18:54:53.276,22.0,101.4
2026-04-02 18:54:56.593,22.0,101.4
2026-04-02 18:54:59.718,22.0,101.4
2026-04-02 18:55:03.232,22.1,101.4
2026-04-02 18:55:06.750,22.1,101.4
2026-04-02 18:55:10.126,22.1,101.4
2026-04-02 18:55:13.872,22.1,101.4
2026-04-02 18:55:17.111,22.1,101.4
2026-04-02 18:55:20.401,22.1,101.4
2026-04-02 18:55:23.592,22.1,101.4
2026-04-02 18:55:26.609,22.1,101.4
2026-04-02 18:55:29.991,22.0,101.4
2026-04-02 18:55:33.178,22.0,101.4
2026-04-02 18:55:36.548,22.1,101.4
2026-04-02 18:55:40.331,22.0,101.4
2026-04-02 18:55:43.669,22.0,101.4
2026-04-02 18:55:46.868,22.0,101.4
2026-04-02 18:55:50.036,22.0,101.4
2026-04-02 18:55:52.680,22.0,101.4
2026-04-02 18:55:56.328,22.0,101.4
2026-04-02 18:55:59.680,22.0,101.4
2026-04-02 18:56:02.614,22.0,101.4
2026-04-02 18:56:06.104,22.0,101.4
2026-04-02 18:56:09.235,22.1,101.4
2026-04-02 18:56:12.476,22.1,101.4
2026-04-02 18:56:15.513,22.1,101.4
2026-04-02 18:56:18.817,22.0,101.4
2026-04-02 18:56:22.162,22.0,101.4
2026-04-02 18:56:25.783,22.1,101.4
2026-04-02 18:56:29.039,22.0,101.4
2026-04-02 18:56:32.286,22.1,101.4
2026-04-02 18:56:35.651,22.1,101.4
2026-04-02 18:56:39.042,22.1,101.4
2026-04-02 18:56:42.641,22.1,101.4
2026-04-02 18:56:45.983,22.1,101.4
2026-04-02 18:56:49.295,22.1,101.4
2026-04-02 18:56:52.607,22.1,101.4
2026-04-02 18:56:56.247,22.1,101.4
2026-04-02 18:56:59.743,22.1,101.4
2026-04-02 18:57:03.327,22.1,101.4
2026-04-02 18:57:06.738,22.1,101.4
2026-04-02 18:57:10.040,22.1,101.4
2026-04-02 18:57:13.302,22.1,101.4
2026-04-02 18:57:16.425,22.0,101.4
2026-04-02 18:57:19.510,22.0,101.4
2026-04-02 18:57:22.865,22.0,101.4
2026-04-02 18:57:26.076,22.0,101.4
2026-04-02 18:57:29.171,22.0,101.4
2026-04-02 18:57:32.627,22.0,101.4
2026-04-02 18:57:36.102,22.0,101.4
2026-04-02 18:57:39.581,22.0,101.4
2026-04-02 18:57:42.819,22.0,101.4
2026-04-02 18:57:46.058,22.0,101.4
2026-04-02 18:57:49.317,22.0,101.4
2026-04-02 18:57:52.669,22.0,101.4
2026-04-02 18:57:56.278,22.0,101.4
2026-04-02 18:57:59.653,22.0,101.4
2026-04-02 18:58:02.904,22.0,101.4
2026-04-02 18:58:06.519,22.0,101.4
2026-04-02 18:58:09.682,22.0,101.4
2026-04-02 18:58:13.160,22.0,101.4
2026-04-02 18:58:16.439,22.0,101.4
2026-04-02 18:58:19.882,22.0,101.4
2026-04-02 18:58:23.402,22.0,101.4
2026-04-02 18:58:26.681,22.0,101.4
2026-04-02 18:58:29.971,22.0,101.4
2026-04-02 18:58:33.387,22.0,101.4
2026-04-02 18:58:37.064,22.0,101.4
2026-04-02 18:58:40.487,22.0,101.4
2026-04-02 18:58:44.129,22.0,101.4
2026-04-02 18:58:47.554,22.0,101.4
2026-04-02 18:58:50.951,22.0,101.4
2026-04-02 18:58:54.497,22.0,101.4
2026-04-02 18:58:57.824,22.0,101.4
2026-04-02 18:59:01.135,22.0,101.4
2026-04-02 18:59:04.512,22.0,101.4
2026-04-02 18:59:07.990,22.0,101.4
2026-04-02 18:59:11.509,22.0,101.4
2026-04-02 18:59:14.776,22.0,101.4
2026-04-02 18:59:18.017,22.0,101.4
2026-04-02 18:59:20.866,22.0,101.4
2026-04-02 18:59:24.299,22.0,101.4
2026-04-02 18:59:27.525,22.0,101.4
2026-04-02 18:59:30.737,22.0,101.4
2026-04-02 18:59:34.046,22.0,101.4
2026-04-02 18:59:37.506,22.0,101.4
2026-04-02 18:59:41.080,22.0,101.4
2026-04-02 18:59:44.367,22.0,101.4
2026-04-02 18:59:47.662,22.0,101.4
2026-04-02 18:59:50.571,22.0,101.4
2026-04-02 18:59:53.790,22.0,101.4
2026-04-02 18:59:57.050,22.0,101.4
2026-04-02 19:00:00.347,22.0,101.4
2026-04-02 19:00:03.702,22.0,101.4
2026-04-02 19:00:07.012,22.0,101.4
2026-04-02 19:00:10.692,22.0,101.4
2026-04-02 19:00:13.939,22.0,101.4
2026-04-02 19:00:17.193,22.0,101.4
2026-04-02 19:00:20.460,22.0,101.4
2026-04-02 19:00:23.886,22.0,101.4
2026-04-02 19:00:27.382,22.1,101.4
2026-04-02 19:00:30.694,22.0,101.4
2026-04-02 19:00:34.084,22.0,101.4
2026-04-02 19:00:37.314,22.0,101.4
2026-04-02 19:00:40.923,22.0,101.4
2026-04-02 19:00:44.343,22.0,101.4
2026-04-02 19:00:47.615,22.0,101.4
2026-04-02 19:00:50.943,22.0,101.4
2026-04-02 19:00:54.376,22.0,101.4
2026-04-02 19:00:57.763,22.0,101.4
2026-04-02 19:01:00.990,22.0,101.4
2026-04-02 19:01:04.279,22.0,101.4
2026-04-02 19:01:07.619,22.1,101.4
2026-04-02 19:01:10.926,22.1,101.4
2026-04-02 19:01:14.089,22.1,101.4
2026-04-02 19:01:17.921,22.1,101.4
2026-04-02 19:01:21.160,22.1,101.4
2026-04-02 19:01:24.497,22.1,101.4
2026-04-02 19:01:28.213,22.1,101.4
2026-04-02 19:01:31.563,22.1,101.4
2026-04-02 19:01:34.844,22.1,101.4
2026-04-02 19:01:38.002,22.1,101.4
2026-04-02 19:01:41.362,22.1,101.4
2026-04-02 19:01:44.631,22.1,101.4
2026-04-02 19:01:48.102,22.1,101.4
2026-04-02 19:01:51.535,22.1,101.4
2026-04-02 19:01:54.883,22.0,101.4
2026-04-02 19:01:57.915,22.0,101.4
2026-04-02 19:02:01.290,22.0,101.4
2026-04-02 19:02:04.917,22.0,101.4
2026-04-02 19:02:08.408,22.0,101.4
2026-04-02 19:02:11.216,22.0,101.4
2026-04-02 19:02:14.644,22.0,101.4
2026-04-02 19:02:17.918,22.1,101.4
2026-04-02 19:02:21.308,22.0,101.4
2026-04-02 19:02:24.249,22.0,101.4
2026-04-02 19:02:27.574,22.0,101.4
2026-04-02 19:02:30.893,22.0,101.4
2026-04-02 19:02:34.135,22.0,101.4
2026-04-02 19:02:37.759,22.0,101.4
2026-04-02 19:02:41.088,22.0,101.4
2026-04-02 19:02:44.362,22.0,101.4
2026-04-02 19:02:47.059,22.0,101.4
2026-04-02 19:02:50.627,22.0,101.4
2026-04-02 19:02:53.836,22.0,101.4
2026-04-02 19:02:57.188,22.0,101.4
2026-04-02 19:03:00.537,22.0,101.4
2026-04-02 19:03:04.287,22.0,101.4
2026-04-02 19:03:07.679,22.0,101.4
2026-04-02 19:03:10.721,22.0,101.4
2026-04-02 19:03:13.977,22.0,101.4
2026-04-02 19:03:17.221,22.0,101.4
2026-04-02 19:03:19.641,22.0,101.4
2026-04-02 19:03:23.192,22.0,101.4
2026-04-02 19:03:26.629,22.0,101.4
2026-04-02 19:03:29.832,22.0,101.4
2026-04-02 19:03:33.345,22.0,101.4
2026-04-02 19:03:37.095,22.0,101.4
2026-04-02 19:03:40.346,22.0,101.4
2026-04-02 19:03:43.706,22.0,101.4
2026-04-02 19:03:47.050,22.0,101.4
2026-04-02 19:03:50.664,22.0,101.4
2026-04-02 19:03:53.880,22.0,101.4
2026-04-02 19:03:57.291,22.0,101.4
2026-04-02 19:04:00.578,22.1,101.4
2026-04-02 19:04:04.204,22.0,101.4
2026-04-02 19:04:07.644,22.0,101.4
2026-04-02 19:04:10.681,22.0,101.4
2026-04-02 19:04:13.987,22.0,101.4
2026-04-02 19:04:17.286,22.0,101.4
2026-04-02 19:04:20.375,22.0,101.4
2026-04-02 19:04:23.399,22.0,101.4
2026-04-02 19:04:26.791,22.0,101.4
2026-04-02 19:04:29.961,22.0,101.4
2026-04-02 19:04:33.086,22.0,101.4
2026-04-02 19:04:36.362,22.1,101.4
2026-04-02 19:04:39.779,22.0,101.4
2026-04-02 19:04:43.388,22.0,101.4
2026-04-02 19:04:46.656,22.0,101.4
2026-04-02 19:04:49.937,22.0,101.4
2026-04-02 19:04:53.319,22.0,101.4
2026-04-02 19:04:56.572,22.0,101.4
2026-04-02 19:05:00.131,22.0,101.4
2026-04-02 19:05:03.523,22.0,101.4
2026-04-02 19:05:06.791,22.0,101.4
2026-04-02 19:05:09.866,22.0,101.4
2026-04-02 19:05:13.314,22.0,101.4
2026-04-02 19:05:16.779,22.0,101.4
2026-04-02 19:05:20.365,22.0,101.4
2026-04-02 19:05:23.633,22.0,101.4
2026-04-02 19:05:26.940,22.0,101.4
2026-04-02 19:05:30.299,22.0,101.4
2026-04-02 19:05:33.858,22.0,101.4
2026-04-02 19:05:37.130,22.0,101.4
2026-04-02 19:05:40.539,22.0,101.4
2026-04-02 19:05:44.287,22.0,101.4
2026-04-02 19:05:47.548,22.0,101.4
2026-04-02 19:05:50.776,22.0,101.4
2026-04-02 19:05:53.707,22.0,101.4
2026-04-02 19:05:56.986,22.0,101.4
2026-04-02 19:06:00.267,22.0,101.4
2026-04-02 19:06:03.490,22.0,101.4
2026-04-02 19:06:06.743,22.0,101.4
2026-04-02 19:06:09.870,22.0,101.4
2026-04-02 19:06:13.063,22.0,101.4
2026-04-02 19:06:16.367,22.0,101.4
2026-04-02 19:06:19.759,22.0,101.4
2026-04-02 19:06:23.400,22.0,101.4
2026-04-02 19:06:26.754,22.0,101.4
2026-04-02 19:06:30.014,22.0,101.4
2026-04-02 19:06:32.862,22.0,101.4
2026-04-02 19:06:35.828,22.0,101.4
2026-04-02 19:06:39.059,22.0,101.4
2026-04-02 19:06:42.499,22.0,101.4
2026-04-02 19:06:45.878,22.0,101.4
2026-04-02 19:06:49.205,22.0,101.4
2026-04-02 19:06:52.324,22.0,101.4
2026-04-02 19:06:55.736,22.0,101.4
2026-04-02 19:06:59.403,22.0,101.4
2026-04-02 19:07:02.528,22.0,101.4
2026-04-02 19:07:05.865,22.0,101.4
2026-04-02 19:07:09.121,22.0,101.4
2026-04-02 19:07:12.324,22.0,101.4
2026-04-02 19:07:15.469,22.0,101.4
2026-04-02 19:07:18.808,22.0,101.4
2026-04-02 19:07:21.880,22.0,101.4
2026-04-02 19:07:25.187,22.0,101.4
2026-04-02 19:07:28.454,22.0,101.4
2026-04-02 19:07:31.718,22.0,101.4
2026-04-02 19:07:35.314,22.0,101.4
2026-04-02 19:07:38.364,22.0,101.4
2026-04-02 19:07:41.887,22.0,101.4
2026-04-02 19:07:45.070,22.0,101.4
2026-04-02 19:07:48.565,22.0,101.4
2026-04-02 19:07:52.229,22.1,101.4
2026-04-02 19:07:55.525,22.1,101.4
2026-04-02 19:07:58.920,22.1,101.4
2026-04-02 19:08:02.164,22.0,101.4
2026-04-02 19:08:05.783,22.0,101.4
2026-04-02 19:08:09.097,22.0,101.4
2026-04-02 19:08:12.434,22.0,101.4
2026-04-02 19:08:15.642,22.0,101.4
2026-04-02 19:08:18.679,22.0,101.4
2026-04-02 19:08:22.032,22.0,101.4
2026-04-02 19:08:25.364,22.0,101.4
2026-04-02 19:08:29.043,22.0,101.4
2026-04-02 19:08:32.415,22.0,101.4
2026-04-02 19:08:35.704,22.0,101.4
2026-04-02 19:08:38.746,22.0,101.4
2026-04-02 19:08:42.148,22.1,101.4
2026-04-02 19:08:45.654,22.0,101.4
2026-04-02 19:08:49.056,22.0,101.4
2026-04-02 19:08:52.277,22.0,101.4
2026-04-02 19:08:55.568,22.0,101.4
2026-04-02 19:08:58.804,22.0,101.4
2026-04-02 19:09:02.217,22.0,101.4
2026-04-02 19:09:05.813,22.0,101.4
2026-04-02 19:09:09.097,22.0,101.4
2026-04-02 19:09:12.389,22.0,101.4
2026-04-02 19:09:15.635,22.0,101.4
2026-04-02 19:09:18.085,22.0,101.4
2026-04-02 19:09:21.223,22.0,101.4
2026-04-02 19:09:24.948,22.0,101.4
2026-04-02 19:09:28.333,22.0,101.4
2026-04-02 19:09:31.652,22.0,101.4
2026-04-02 19:09:34.140,22.0,101.4
2026-04-02 19:09:37.870,22.0,101.4
2026-04-02 19:09:41.151,22.0,101.4
2026-04-02 19:09:44.511,22.0,101.4
2026-04-02 19:09:48.124,22.0,101.4
2026-04-02 19:09:51.370,22.0,101.4
2026-04-02 19:09:54.614,22.0,101.4
2026-04-02 19:09:57.964,22.0,101.4
2026-04-02 19:10:01.379,22.0,101.4
2026-04-02 19:10:04.648,22.0,101.4
2026-04-02 19:10:08.297,22.0,101.4
2026-04-02 19:10:11.546,22.0,101.4
2026-04-02 19:10:14.852,22.0,101.4
2026-04-02 19:10:18.522,22.0,101.4
2026-04-02 19:10:21.786,22.0,101.4
2026-04-02 19:10:25.163,22.0,101.4
2026-04-02 19:10:28.417,22.0,101.4
2026-04-02 19:10:31.730,22.0,101.4
2026-04-02 19:10:35.501,22.0,101.4
2026-04-02 19:10:38.813,22.0,101.4
2026-04-02 19:10:41.908,22.0,101.4
2026-04-02 19:10:45.185,22.0,101.4
2026-04-02 19:10:48.519,22.0,101.4
2026-04-02 19:10:51.619,22.0,101.4
2026-04-02 19:10:54.682,22.0,101.4
2026-04-02 19:10:58.074,22.0,101.4
2026-04-02 19:11:01.353,22.0,101.4
2026-04-02 19:11:04.965,22.0,101.4
2026-04-02 19:11:08.339,22.0,101.4
2026-04-02 19:11:11.578,22.0,101.4
2026-04-02 19:11:14.938,22.0,101.4
2026-04-02 19:11:18.685,22.0,101.4
2026-04-02 19:11:22.108,22.0,101.4
2026-04-02 19:11:25.782,22.0,101.4
2026-04-02 19:11:29.222,22.0,101.4
2026-04-02 19:11:32.248,22.0,101.4
2026-04-02 19:11:35.476,22.0,101.4
2026-04-02 19:11:38.822,22.0,101.4
2026-04-02 19:11:41.773,22.0,101.4
2026-04-02 19:11:45.158,22.0,101.4
2026-04-02 19:11:48.432,22.0,101.4
2026-04-02 19:11:51.756,22.0,101.4
2026-04-02 19:11:55.242,22.0,101.4
2026-04-02 19:11:58.687,22.0,101.4
2026-04-02 19:12:02.060,22.0,101.4
2026-04-02 19:12:05.306,22.0,101.4
2026-04-02 19:12:08.590,22.0,101.4
2026-04-02 19:12:12.232,22.0,101.4
2026-04-02 19:12:15.710,22.0,101.4
2026-04-02 19:12:18.977,22.0,101.4
2026-04-02 19:12:22.586,22.0,101.4
2026-04-02 19:12:25.950,22.0,101.4
2026-04-02 19:12:29.183,22.0,101.4
2026-04-02 19:12:32.142,22.0,101.4
2026-04-02 19:12:35.567,22.0,101.4
2026-04-02 19:12:38.884,22.0,101.4
2026-04-02 19:12:42.509,22.0,101.4
2026-04-02 19:12:45.871,22.0,101.4
2026-04-02 19:12:49.208,22.0,101.4
2026-04-02 19:12:52.521,22.0,101.4
2026-04-02 19:12:56.027,22.0,101.4
2026-04-02 19:12:59.391,22.0,101.4
2026-04-02 19:13:02.726,22.0,101.4
2026-04-02 19:13:06.174,22.0,101.4
2026-04-02 19:13:09.383,22.0,101.4
2026-04-02 19:13:13.074,22.0,101.4
2026-04-02 19:13:16.456,22.0,101.4
2026-04-02 19:13:19.581,22.0,101.4
2026-04-02 19:13:22.770,22.0,101.4
2026-04-02 19:13:25.936,22.0,101.4
2026-04-02 19:13:29.147,22.0,101.4
2026-04-02 19:13:32.409,22.0,101.4
2026-04-02 19:13:35.479,22.0,101.4
2026-04-02 19:13:38.744,22.0,101.4
2026-04-02 19:13:42.219,22.0,101.4
2026-04-02 19:13:45.785,22.0,101.4
2026-04-02 19:13:49.029,22.0,101.4
2026-04-02 19:13:52.500,22.0,101.4
2026-04-02 19:13:56.195,22.0,101.4
2026-04-02 19:13:59.407,22.0,101.4
2026-04-02 19:14:02.875,22.0,101.4
2026-04-02 19:14:06.500,22.0,101.4
2026-04-02 19:14:09.959,22.0,101.4
2026-04-02 19:14:13.301,22.0,101.4
2026-04-02 19:14:17.039,22.0,101.4
2026-04-02 19:14:20.423,22.0,101.4
2026-04-02 19:14:23.702,22.0,101.4
2026-04-02 19:14:27.233,22.0,101.4
2026-04-02 19:14:30.746,22.0,101.4
2026-04-02 19:14:34.101,22.0,101.4
2026-04-02 19:14:37.741,22.0,101.4
2026-04-02 19:14:41.119,22.0,101.4
2026-04-02 19:14:44.426,22.0,101.4
2026-04-02 19:14:47.030,22.0,101.4
2026-04-02 19:14:50.579,22.0,101.4
2026-04-02 19:14:53.964,22.0,101.4
2026-04-02 19:14:57.407,22.0,101.4
2026-04-02 19:15:01.052,22.0,101.4
2026-04-02 19:15:04.495,22.0,101.4
2026-04-02 19:15:08.203,22.0,101.4
2026-04-02 19:15:11.532,22.0,101.4
2026-04-02 19:15:14.887,22.0,101.4
2026-04-02 19:15:18.673,22.0,101.4
2026-04-02 19:15:21.970,22.0,101.4
2026-04-02 19:15:25.335,22.0,101.4
2026-04-02 19:15:29.016,22.0,101.4
2026-04-02 19:15:32.406,22.0,101.4
2026-04-02 19:15:35.773,22.0,101.4
2026-04-02 19:15:39.395,22.0,101.4
2026-04-02 19:15:42.881,22.0,101.4
2026-04-02 19:15:46.127,22.0,101.4
2026-04-02 19:15:49.653,22.0,101.4
2026-04-02 19:15:53.272,22.0,101.4
2026-04-02 19:15:56.850,22.0,101.4
2026-04-02 19:16:00.326,22.0,101.4
2026-04-02 19:16:03.625,22.0,101.4
2026-04-02 19:16:06.717,22.0,101.4
2026-04-02 19:16:10.273,22.0,101.4
2026-04-02 19:16:13.826,22.0,101.4
2026-04-02 19:16:17.359,22.0,101.4
2026-04-02 19:16:20.698,22.0,101.4
2026-04-02 19:16:24.244,22.0,101.4
2026-04-02 19:16:27.677,22.0,101.4
2026-04-02 19:16:30.769,22.0,101.4
2026-04-02 19:16:34.209,22.0,101.4
2026-04-02 19:16:37.919,22.0,101.4
2026-04-02 19:16:41.432,22.0,101.4
2026-04-02 19:16:44.834,22.0,101.4
2026-04-02 19:16:48.297,22.0,101.4
2026-04-02 19:16:51.772,22.0,101.4
2026-04-02 19:16:55.124,22.0,101.4
2026-04-02 19:16:58.630,22.0,101.4
2026-04-02 19:17:01.858,22.0,101.4
2026-04-02 19:17:05.149,22.0,101.4
2026-04-02 19:17:08.644,22.0,101.4
2026-04-02 19:17:12.290,22.0,101.4
2026-04-02 19:17:15.657,22.0,101.4
2026-04-02 19:17:18.958,22.0,101.4
2026-04-02 19:17:22.683,22.0,101.4
2026-04-02 19:17:26.126,22.0,101.4
2026-04-02 19:17:29.631,22.0,101.4
2026-04-02 19:17:32.994,22.0,101.4
2026-04-02 19:17:36.311,22.0,101.4
2026-04-02 19:17:39.857,22.0,101.4
2026-04-02 19:17:43.444,22.0,101.4
2026-04-02 19:17:46.885,22.0,101.4
2026-04-02 19:17:50.239,22.0,101.4
2026-04-02 19:17:53.869,22.0,101.4
2026-04-02 19:17:57.239,22.0,101.4
2026-04-02 19:18:00.528,22.0,101.4
2026-04-02 19:18:04.234,22.0,101.4
2026-04-02 19:18:07.538,22.0,101.4
2026-04-02 19:18:10.903,22.0,101.4
2026-04-02 19:18:14.545,22.0,101.4
2026-04-02 19:18:17.857,22.0,101.4
2026-04-02 19:18:21.133,22.0,101.4
2026-04-02 19:18:24.672,22.0,101.4
2026-04-02 19:18:28.291,22.0,101.4
2026-04-02 19:18:31.742,22.0,101.4
2026-04-02 19:18:35.454,22.0,101.4
2026-04-02 19:18:38.808,22.0,101.4
2026-04-02 19:18:41.923,22.0,101.4
2026-04-02 19:18:45.229,22.0,101.4
2026-04-02 19:18:48.578,22.0,101.4
2026-04-02 19:18:52.318,22.0,101.4
2026-04-02 19:18:55.690,22.0,101.4
2026-04-02 19:18:58.951,22.0,101.4
2026-04-02 19:19:02.697,22.0,101.4
2026-04-02 19:19:06.039,22.0,101.4
2026-04-02 19:19:09.318,22.0,101.4
2026-04-02 19:19:12.358,22.0,101.4
2026-04-02 19:19:15.279,22.0,101.4
2026-04-02 19:19:18.652,22.0,101.4
2026-04-02 19:19:22.082,22.0,101.4
2026-04-02 19:19:25.396,22.0,101.4
2026-04-02 19:19:28.943,22.0,101.4
2026-04-02 19:19:32.287,22.0,101.4
2026-04-02 19:19:35.745,22.0,101.4
2026-04-02 19:19:39.024,22.0,101.4
2026-04-02 19:19:42.644,22.0,101.4
2026-04-02 19:19:46.010,22.0,101.4
2026-04-02 19:19:48.939,22.0,101.4
2026-04-02 19:19:52.213,22.0,101.4
2026-04-02 19:19:55.647,22.0,101.4
2026-04-02 19:19:59.295,22.0,101.4
2026-04-02 19:20:02.695,22.0,101.4
2026-04-02 19:20:06.129,22.0,101.4
2026-04-02 19:20:09.812,22.0,101.4
2026-04-02 19:20:13.087,22.0,101.4
2026-04-02 19:20:16.583,22.0,101.4
2026-04-02 19:20:20.238,22.0,101.4
2026-04-02 19:20:23.622,22.0,101.4
2026-04-02 19:20:27.325,22.0,101.4
2026-04-02 19:20:30.634,22.0,101.4
2026-04-02 19:20:34.024,22.0,101.4
2026-04-02 19:20:36.595,22.0,101.4
2026-04-02 19:20:40.118,22.0,101.4
2026-04-02 19:20:43.420,22.0,101.4
2026-04-02 19:20:46.694,22.0,101.4
2026-04-02 19:20:50.144,22.0,101.4
2026-04-02 19:20:53.743,22.0,101.4
2026-04-02 19:20:56.985,22.0,101.4
2026-04-02 19:21:00.316,22.0,101.4
2026-04-02 19:21:03.613,22.0,101.4
2026-04-02 19:21:06.397,22.0,101.4
2026-04-02 19:21:09.716,22.0,101.4
2026-04-02 19:21:13.047,22.0,101.4
2026-04-02 19:21:16.321,22.0,101.4
2026-04-02 19:21:19.834,22.0,101.4
2026-04-02 19:21:23.460,22.0,101.4
2026-04-02 19:21:26.903,22.0,101.4
2026-04-02 19:21:30.202,22.0,101.4
2026-04-02 19:21:33.896,22.0,101.4
2026-04-02 19:21:37.142,22.0,101.4
2026-04-02 19:21:40.486,22.0,101.4
2026-04-02 19:21:43.962,22.0,101.4
2026-04-02 19:21:47.458,22.0,101.4
2026-04-02 19:21:50.737,22.0,101.4
2026-04-02 19:21:54.055,22.0,101.4
2026-04-02 19:21:57.201,22.0,101.4
2026-04-02 19:22:00.240,22.0,101.4
2026-04-02 19:22:03.754,22.0,101.4
2026-04-02 19:22:07.375,22.0,101.4
2026-04-02 19:22:10.646,22.0,101.4
2026-04-02 19:22:13.865,22.0,101.4
2026-04-02 19:22:17.353,22.0,101.4
2026-04-02 19:22:21.055,22.0,101.4
2026-04-02 19:22:24.453,22.0,101.4
2026-04-02 19:22:27.808,22.0,101.4
2026-04-02 19:22:31.432,22.0,101.4
2026-04-02 19:22:34.708,22.0,101.4
2026-04-02 19:22:38.002,22.0,101.4
2026-04-02 19:22:41.070,22.0,101.4
2026-04-02 19:22:44.354,22.0,101.4
2026-04-02 19:22:47.665,22.0,101.4
2026-04-02 19:22:50.853,22.0,101.4
2026-04-02 19:22:54.573,22.0,101.4
2026-04-02 19:22:57.841,22.0,101.4
2026-04-02 19:23:01.185,22.0,101.4
2026-04-02 19:23:04.522,22.0,101.4
2026-04-02 19:23:07.888,22.0,101.4
2026-04-02 19:23:11.475,22.0,101.4
2026-04-02 19:23:14.794,22.0,101.4
2026-04-02 19:23:17.385,22.0,101.4
2026-04-02 19:23:20.962,22.0,101.4
2026-04-02 19:23:24.371,22.0,101.4
2026-04-02 19:23:27.716,22.0,101.4
2026-04-02 19:23:31.303,22.0,101.4
2026-04-02 19:23:34.675,22.0,101.4
2026-04-02 19:23:38.060,22.0,101.4
2026-04-02 19:23:41.531,22.0,101.4
2026-04-02 19:23:45.100,22.0,101.4
2026-04-02 19:23:48.558,22.0,101.4
2026-04-02 19:23:52.323,22.0,101.4
2026-04-02 19:23:55.609,22.0,101.4
2026-04-02 19:23:59.017,22.0,101.4
2026-04-02 19:24:02.583,22.0,101.4
2026-04-02 19:24:06.109,22.0,101.4
2026-04-02 19:24:09.819,22.0,101.4
2026-04-02 19:24:13.038,22.0,101.4
2026-04-02 19:24:16.282,22.0,101.4
2026-04-02 19:24:19.624,22.0,101.4
2026-04-02 19:24:22.939,22.0,101.4
2026-04-02 19:24:26.420,22.0,101.4
2026-04-02 19:24:29.896,22.0,101.4
2026-04-02 19:24:33.366,22.0,101.4
2026-04-02 19:24:37.058,22.0,101.4
2026-04-02 19:24:40.377,22.0,101.4
2026-04-02 19:24:43.805,22.0,101.4
2026-04-02 19:24:47.398,22.0,101.4
2026-04-02 19:24:50.778,22.0,101.4
2026-04-02 19:24:53.842,22.0,101.4
2026-04-02 19:24:57.182,22.0,101.4
2026-04-02 19:25:00.604,22.0,101.4
2026-04-02 19:25:04.292,22.0,101.4
2026-04-02 19:25:07.659,22.0,101.4
2026-04-02 19:25:10.902,22.0,101.4
2026-04-02 19:25:14.479,22.0,101.4
2026-04-02 19:25:17.835,22.0,101.4
2026-04-02 19:25:21.273,22.0,101.4
2026-04-02 19:25:24.897,22.0,101.4
2026-04-02 19:25:28.237,22.0,101.4
2026-04-02 19:25:31.637,22.0,101.4
2026-04-02 19:25:34.989,22.0,101.4
2026-04-02 19:25:38.634,22.0,101.4
2026-04-02 19:25:42.170,22.0,101.4
2026-04-02 19:25:45.855,22.0,101.4
2026-04-02 19:25:49.175,22.0,101.4
2026-04-02 19:25:52.181,22.0,101.4
2026-04-02 19:25:55.540,22.0,101.4
2026-04-02 19:25:58.821,22.0,101.4
2026-04-02 19:26:02.125,22.0,101.4
2026-04-02 19:26:05.845,22.0,101.4
2026-04-02 19:26:09.145,22.0,101.4
2026-04-02 19:26:12.545,22.0,101.4
2026-04-02 19:26:16.250,22.0,101.4
2026-04-02 19:26:19.632,22.0,101.4
2026-04-02 19:26:22.740,22.0,101.4
2026-04-02 19:26:26.094,22.0,101.4
2026-04-02 19:26:29.733,22.0,101.4
2026-04-02 19:26:32.949,22.0,101.4
2026-04-02 19:26:36.323,22.0,101.4
2026-04-02 19:26:39.690,22.0,101.4
2026-04-02 19:26:43.448,22.0,101.4
2026-04-02 19:26:46.934,22.0,101.4
2026-04-02 19:26:50.600,22.0,101.4
2026-04-02 19:26:54.068,22.0,101.4
2026-04-02 19:26:57.188,22.0,101.4
2026-04-02 19:27:00.141,22.0,101.4
2026-04-02 19:27:03.475,22.0,101.4
2026-04-02 19:27:07.013,22.0,101.4
2026-04-02 19:27:10.622,22.0,101.4
2026-04-02 19:27:14.064,22.0,101.4
2026-04-02 19:27:17.746,22.0,101.4
2026-04-02 19:27:21.067,22.0,101.4
2026-04-02 19:27:24.442,22.0,101.4
2026-04-02 19:27:27.673,22.0,101.4
2026-04-02 19:27:31.428,22.0,101.4
2026-04-02 19:27:34.959,22.0,101.4
2026-04-02 19:27:38.415,22.0,101.4
2026-04-02 19:27:41.807,22.0,101.4
2026-04-02 19:27:45.260,22.0,101.4
2026-04-02 19:27:48.463,22.0,101.4
2026-04-02 19:27:52.196,22.0,101.4
2026-04-02 19:27:55.475,22.0,101.4
2026-04-02 19:27:58.719,22.0,101.4
2026-04-02 19:28:02.141,22.0,101.4
2026-04-02 19:28:05.823,22.0,101.4
2026-04-02 19:28:09.092,22.0,101.4
2026-04-02 19:28:12.373,22.0,101.4
2026-04-02 19:28:15.572,22.0,101.4
2026-04-02 19:28:18.919,22.0,101.4
2026-04-02 19:28:22.528,22.0,101.4
2026-04-02 19:28:25.928,22.0,101.4
2026-04-02 19:28:29.329,22.0,101.4
2026-04-02 19:28:32.945,22.0,101.4
2026-04-02 19:28:36.439,22.0,101.4
2026-04-02 19:28:40.053,22.0,101.4
2026-04-02 19:28:43.337,22.0,101.4
2026-04-02 19:28:46.753,22.0,101.4
2026-04-02 19:28:50.032,22.0,101.4
2026-04-02 19:28:53.243,22.0,101.4
2026-04-02 19:28:56.995,22.0,101.4
2026-04-02 19:29:00.312,22.0,101.4
2026-04-02 19:29:03.634,22.0,101.4
2026-04-02 19:29:06.878,22.0,101.4
2026-04-02 19:29:10.517,22.0,101.4
2026-04-02 19:29:13.843,22.0,101.4
2026-04-02 19:29:17.379,22.0,101.4
2026-04-02 19:29:21.096,22.0,101.4
2026-04-02 19:29:24.566,22.0,101.4
2026-04-02 19:29:28.202,22.0,101.4
2026-04-02 19:29:31.589,22.0,101.4
2026-04-02 19:29:35.069,22.0,101.4
2026-04-02 19:29:38.547,22.0,101.4
2026-04-02 19:29:41.881,22.0,101.4
2026-04-02 19:29:45.382,22.0,101.4
2026-04-02 19:29:48.999,22.0,101.4
2026-04-02 19:29:52.329,22.0,101.4
2026-04-02 19:29:55.757,22.0,101.4
2026-04-02 19:29:59.386,22.0,101.4
2026-04-02 19:30:02.914,22.0,101.4
2026-04-02 19:30:06.459,22.0,101.4
2026-04-02 19:30:09.781,22.0,101.4
2026-04-02 19:30:13.118,22.0,101.4
2026-04-02 19:30:16.523,22.0,101.4
2026-04-02 19:30:20.195,22.0,101.4
2026-04-02 19:30:23.497,22.0,101.4
2026-04-02 19:30:26.841,22.0,101.4
2026-04-02 19:30:30.060,22.0,101.4
2026-04-02 19:30:33.256,22.0,101.4
2026-04-02 19:30:37.016,22.0,101.4
2026-04-02 19:30:40.336,22.0,101.4
2026-04-02 19:30:43.645,22.0,101.4
2026-04-02 19:30:47.453,22.0,101.4
2026-04-02 19:30:50.763,22.0,101.4
2026-04-02 19:30:53.553,22.0,101.4
2026-04-02 19:30:57.056,22.0,101.4
2026-04-02 19:31:00.294,22.0,101.4
2026-04-02 19:31:03.754,22.0,101.4
2026-04-02 19:31:07.386,22.0,101.4
2026-04-02 19:31:10.647,22.0,101.4
2026-04-02 19:31:14.123,22.0,101.4
2026-04-02 19:31:17.748,22.0,101.4
2026-04-02 19:31:21.027,22.0,101.4
2026-04-02 19:31:24.364,22.0,101.4
2026-04-02 19:31:27.751,22.0,101.4
2026-04-02 19:31:31.254,22.0,101.4
2026-04-02 19:31:34.666,22.0,101.4
2026-04-02 19:31:38.089,22.0,101.4
2026-04-02 19:31:41.650,22.0,101.4
2026-04-02 19:31:45.166,22.0,101.4
2026-04-02 19:31:48.235,22.0,101.4
2026-04-02 19:31:51.648,22.0,101.4
2026-04-02 19:31:54.842,22.0,101.4
2026-04-02 19:31:58.635,22.0,101.4
2026-04-02 19:32:01.919,22.0,101.4
2026-04-02 19:32:05.435,22.0,101.4
2026-04-02 19:32:09.047,22.0,101.4
2026-04-02 19:32:12.354,22.0,101.4
2026-04-02 19:32:15.781,22.0,101.4
2026-04-02 19:32:19.184,22.0,101.4
2026-04-02 19:32:22.649,22.0,101.4
2026-04-02 19:32:25.970,22.0,101.4
2026-04-02 19:32:28.854,22.0,101.4
2026-04-02 19:32:32.264,22.0,101.4
2026-04-02 19:32:35.533,22.0,101.4
2026-04-02 19:32:38.759,22.0,101.4
2026-04-02 19:32:42.109,22.0,101.4
2026-04-02 19:32:45.721,22.0,101.4
2026-04-02 19:32:49.073,22.0,101.4
2026-04-02 19:32:52.463,22.0,101.4
2026-04-02 19:32:55.855,22.0,101.4
2026-04-02 19:32:59.272,22.0,101.4
2026-04-02 19:33:02.775,22.0,101.4
2026-04-02 19:33:06.058,22.0,101.4
2026-04-02 19:33:09.272,22.0,101.4
2026-04-02 19:33:12.961,22.0,101.4
2026-04-02 19:33:16.358,22.0,101.4
2026-04-02 19:33:19.503,22.0,101.4
2026-04-02 19:33:22.842,22.0,101.4
2026-04-02 19:33:26.543,22.0,101.4
2026-04-02 19:33:29.763,22.0,101.4
2026-04-02 19:33:33.105,22.0,101.4
2026-04-02 19:33:36.202,22.0,101.4
2026-04-02 19:33:39.478,21.9,101.4
2026-04-02 19:33:42.978,22.0,101.4
2026-04-02 19:33:46.660,22.0,101.4
2026-04-02 19:33:49.848,22.0,101.4
2026-04-02 19:33:53.122,22.0,101.4
2026-04-02 19:33:56.287,22.0,101.4
2026-04-02 19:33:59.724,22.0,101.4
2026-04-02 19:34:03.408,22.0,101.4
2026-04-02 19:34:06.888,22.0,101.4
2026-04-02 19:34:10.366,22.0,101.4
2026-04-02 19:34:13.854,22.0,101.4
2026-04-02 19:34:17.218,22.0,101.4
2026-04-02 19:34:20.442,22.0,101.4
2026-04-02 19:34:24.202,22.0,101.4
2026-04-02 19:34:27.435,22.0,101.4
2026-04-02 19:34:30.938,22.0,101.4
2026-04-02 19:34:34.610,22.0,101.4
2026-04-02 19:34:37.944,22.0,101.4
2026-04-02 19:34:41.215,22.0,101.4
2026-04-02 19:34:44.414,22.0,101.4
2026-04-02 19:34:47.501,22.0,101.4
2026-04-02 19:34:50.790,22.0,101.4
2026-04-02 19:34:53.878,22.0,101.4
2026-04-02 19:34:57.334,22.0,101.4
2026-04-02 19:35:01.001,22.0,101.4
2026-04-02 19:35:04.252,22.0,101.4
2026-04-02 19:35:07.735,22.0,101.4
2026-04-02 19:35:11.272,22.0,101.4
2026-04-02 19:35:14.412,22.0,101.4
2026-04-02 19:35:17.825,22.0,101.4
2026-04-02 19:35:21.156,22.0,101.4
2026-04-02 19:35:24.385,22.0,101.4
2026-04-02 19:35:26.943,22.0,101.4
2026-04-02 19:35:30.572,22.0,101.4
2026-04-02 19:35:33.975,22.0,101.4
2026-04-02 19:35:37.635,22.0,101.4
2026-04-02 19:35:40.964,22.0,101.4
2026-04-02 19:35:44.243,22.0,101.4
2026-04-02 19:35:47.703,22.0,101.4
2026-04-02 19:35:51.280,22.0,101.4
2026-04-02 19:35:54.582,22.0,101.4
2026-04-02 19:35:57.980,22.0,101.4
2026-04-02 19:36:01.212,22.0,101.4
2026-04-02 19:36:04.907,22.0,101.4
2026-04-02 19:36:08.262,22.0,101.4
2026-04-02 19:36:11.619,22.0,101.4
2026-04-02 19:36:15.402,22.0,101.4
2026-04-02 19:36:18.633,22.0,101.4
2026-04-02 19:36:22.049,22.0,101.4
2026-04-02 19:36:25.620,22.0,101.4
2026-04-02 19:36:29.105,22.0,101.4
2026-04-02 19:36:32.445,22.0,101.4
2026-04-02 19:36:35.827,21.9,101.4
2026-04-02 19:36:39.435,21.9,101.4
2026-04-02 19:36:42.898,21.9,101.4
2026-04-02 19:36:46.436,22.0,101.4
2026-04-02 19:36:49.829,22.0,101.4
2026-04-02 19:36:53.148,22.0,101.4
2026-04-02 19:36:56.213,22.0,101.4
2026-04-02 19:36:59.721,22.0,101.4
2026-04-02 19:37:03.408,22.0,101.4
2026-04-02 19:37:06.863,22.0,101.4
2026-04-02 19:37:10.462,22.0,101.4
2026-04-02 19:37:13.824,22.0,101.4
2026-04-02 19:37:17.245,22.0,101.4
2026-04-02 19:37:20.479,22.0,101.4
2026-04-02 19:37:24.233,22.0,101.4
2026-04-02 19:37:27.679,22.0,101.4
2026-04-02 19:37:31.324,22.0,101.4
2026-04-02 19:37:34.802,22.0,101.4
2026-04-02 19:37:38.334,22.0,101.4
2026-04-02 19:37:41.628,22.0,101.4
2026-04-02 19:37:45.164,22.0,101.4
2026-04-02 19:37:48.448,22.0,101.4
2026-04-02 19:37:51.624,22.0,101.4
2026-04-02 19:37:54.976,22.0,101.4
2026-04-02 19:37:58.567,22.0,101.4
2026-04-02 19:38:01.957,22.0,101.4
2026-04-02 19:38:04.833,22.0,101.4
2026-04-02 19:38:08.217,22.0,101.4
2026-04-02 19:38:11.634,21.9,101.4
2026-04-02 19:38:14.913,22.0,101.4
2026-04-02 19:38:18.580,22.0,101.4
2026-04-02 19:38:21.879,22.0,101.4
2026-04-02 19:38:25.289,22.0,101.4
2026-04-02 19:38:28.873,22.0,101.4
2026-04-02 19:38:32.101,22.0,101.4
2026-04-02 19:38:35.481,22.0,101.4
2026-04-02 19:38:38.830,22.0,101.4
2026-04-02 19:38:41.980,22.0,101.4
2026-04-02 19:38:45.456,22.0,101.4
2026-04-02 19:38:49.045,22.0,101.4
2026-04-02 19:38:52.235,22.0,101.4
2026-04-02 19:38:55.454,22.0,101.4
2026-04-02 19:38:58.924,22.0,101.4
2026-04-02 19:39:02.617,22.0,101.4
2026-04-02 19:39:05.843,22.0,101.4
2026-04-02 19:39:09.280,22.0,101.4
2026-04-02 19:39:12.731,22.0,101.4
2026-04-02 19:39:16.219,21.9,101.4
2026-04-02 19:39:19.619,21.9,101.4
2026-04-02 19:39:22.793,21.9,101.4
2026-04-02 19:39:26.467,21.9,101.4
2026-04-02 19:39:29.837,21.9,101.4
2026-04-02 19:39:33.277,22.0,101.4
2026-04-02 19:39:37.035,22.0,101.4
2026-04-02 19:39:40.430,22.0,101.4
2026-04-02 19:39:44.087,21.9,101.4
2026-04-02 19:39:47.374,22.0,101.4
2026-04-02 19:39:50.580,22.0,101.4
2026-04-02 19:39:54.148,21.9,101.4
2026-04-02 19:39:57.566,22.0,101.4
2026-04-02 19:40:01.140,22.0,101.4
2026-04-02 19:40:04.547,22.0,101.4
2026-04-02 19:40:08.138,22.0,101.4
2026-04-02 19:40:11.470,22.0,101.4
2026-04-02 19:40:15.055,22.0,101.4
2026-04-02 19:40:18.618,22.0,101.4
2026-04-02 19:40:21.890,22.0,101.4
2026-04-02 19:40:25.199,22.0,101.4
2026-04-02 19:40:28.280,22.0,101.4
2026-04-02 19:40:31.491,22.0,101.4
2026-04-02 19:40:34.967,22.0,101.4
2026-04-02 19:40:38.711,22.0,101.4
2026-04-02 19:40:41.990,22.0,101.4
2026-04-02 19:40:45.748,22.0,101.4
2026-04-02 19:40:49.056,22.0,101.4
2026-04-02 19:40:52.446,22.0,101.4
2026-04-02 19:40:55.758,22.0,101.4
2026-04-02 19:40:59.436,22.0,101.4
2026-04-02 19:41:02.843,22.0,101.4
2026-04-02 19:41:06.027,22.0,101.4
2026-04-02 19:41:09.813,22.0,101.4
2026-04-02 19:41:13.043,22.0,101.4
2026-04-02 19:41:16.512,22.0,101.4
2026-04-02 19:41:20.212,22.0,101.4
2026-04-02 19:41:23.479,22.0,101.4
2026-04-02 19:41:26.900,22.0,101.4
2026-04-02 19:41:30.587,22.0,101.4
2026-04-02 19:41:33.824,22.0,101.4
2026-04-02 19:41:37.194,22.0,101.4
2026-04-02 19:41:40.315,22.0,101.4
2026-04-02 19:41:43.592,22.0,101.4
2026-04-02 19:41:47.189,22.0,101.4
2026-04-02 19:41:50.407,22.0,101.4
2026-04-02 19:41:53.852,22.0,101.4
2026-04-02 19:41:57.204,22.0,101.4
2026-04-02 19:42:00.360,22.0,101.4
2026-04-02 19:42:04.055,22.0,101.4
2026-04-02 19:42:07.427,22.0,101.4
2026-04-02 19:42:10.893,22.0,101.4
2026-04-02 19:42:14.494,22.0,101.4
2026-04-02 19:42:17.872,22.0,101.4
2026-04-02 19:42:21.093,22.0,101.4
2026-04-02 19:42:24.455,22.0,101.4
2026-04-02 19:42:28.180,22.0,101.4
2026-04-02 19:42:31.587,22.0,101.4
2026-04-02 19:42:35.287,22.0,101.4
2026-04-02 19:42:38.596,22.0,101.4
2026-04-02 19:42:41.945,22.0,101.4
2026-04-02 19:42:44.725,22.0,101.4
2026-04-02 19:42:48.100,22.0,101.4
2026-04-02 19:42:51.373,22.0,101.4
2026-04-02 19:42:54.784,22.0,101.4
2026-04-02 19:42:58.070,22.0,101.4
2026-04-02 19:43:01.846,22.0,101.4
2026-04-02 19:43:05.299,22.0,101.4
2026-04-02 19:43:08.946,22.0,101.4
2026-04-02 19:43:12.253,22.0,101.4
2026-04-02 19:43:15.600,22.0,101.4
2026-04-02 19:43:19.164,22.0,101.4
2026-04-02 19:43:22.667,22.0,101.4
2026-04-02 19:43:26.022,22.0,101.4
2026-04-02 19:43:29.696,22.0,101.4
2026-04-02 19:43:32.992,22.0,101.4
2026-04-02 19:43:36.402,22.0,101.4
2026-04-02 19:43:39.757,22.0,101.4
2026-04-02 19:43:43.424,22.0,101.4
2026-04-02 19:43:46.908,22.0,101.4
2026-04-02 19:43:50.580,22.0,101.4
2026-04-02 19:43:53.950,22.0,101.4
2026-04-02 19:43:57.449,22.0,101.4
2026-04-02 19:44:01.038,22.0,101.4
2026-04-02 19:44:04.370,22.0,101.4
2026-04-02 19:44:08.100,22.0,101.4
2026-04-02 19:44:11.434,22.0,101.4
2026-04-02 19:44:14.884,22.0,101.4
2026-04-02 19:44:18.377,22.0,101.4
2026-04-02 19:44:21.887,22.0,101.4
2026-04-02 19:44:25.191,22.0,101.4
2026-04-02 19:44:28.735,22.0,101.4
2026-04-02 19:44:32.066,22.0,101.4
2026-04-02 19:44:35.360,22.0,101.4
2026-04-02 19:44:38.692,22.0,101.4
2026-04-02 19:44:42.051,22.0,101.4
2026-04-02 19:44:45.733,22.0,101.4
2026-04-02 19:44:48.934,22.0,101.4
2026-04-02 19:44:52.281,22.0,101.4
2026-04-02 19:44:55.439,22.0,101.4
2026-04-02 19:44:58.685,22.0,101.4
2026-04-02 19:45:02.173,21.9,101.4
2026-04-02 19:45:05.779,22.0,101.4
2026-04-02 19:45:09.100,22.0,101.4
2026-04-02 19:45:12.392,21.9,101.4
2026-04-02 19:45:15.484,21.9,101.4
2026-04-02 19:45:18.838,21.9,101.4
2026-04-02 19:45:22.633,22.0,101.4
2026-04-02 19:45:26.028,21.9,101.4
2026-04-02 19:45:29.795,22.0,101.4
2026-04-02 19:45:33.097,22.0,101.4
2026-04-02 19:45:36.295,22.0,101.4
2026-04-02 19:45:39.405,22.0,101.4
2026-04-02 19:45:42.853,22.0,101.4
2026-04-02 19:45:45.412,22.0,101.4
2026-04-02 19:45:48.933,22.0,101.4
2026-04-02 19:45:52.197,22.0,101.4
2026-04-02 19:45:55.706,21.9,101.4
2026-04-02 19:45:59.408,21.9,101.4
2026-04-02 19:46:02.773,21.9,101.4
2026-04-02 19:46:06.200,21.9,101.4
2026-04-02 19:46:09.839,22.0,101.4
2026-04-02 19:46:13.060,22.0,101.4
2026-04-02 19:46:16.461,22.0,101.4
2026-04-02 19:46:20.224,22.0,101.4
2026-04-02 19:46:23.629,22.0,101.4
2026-04-02 19:46:26.938,22.0,101.4
2026-04-02 19:46:30.502,21.9,101.4
2026-04-02 19:46:33.434,22.0,101.4
2026-04-02 19:46:36.985,22.0,101.4
2026-04-02 19:46:40.239,22.0,101.4
2026-04-02 19:46:43.574,22.0,101.4
2026-04-02 19:46:47.198,22.0,101.4
2026-04-02 19:46:50.647,22.0,101.4
2026-04-02 19:46:53.926,22.0,101.4
2026-04-02 19:46:56.943,21.9,101.4
2026-04-02 19:47:00.440,21.9,101.4
2026-04-02 19:47:04.150,22.0,101.4
2026-04-02 19:47:07.379,22.0,101.4
2026-04-02 19:47:10.689,22.0,101.4
2026-04-02 19:47:13.854,22.0,101.4
2026-04-02 19:47:17.250,22.0,101.4
2026-04-02 19:47:20.907,22.0,101.4
2026-04-02 19:47:24.184,22.0,101.4
2026-04-02 19:47:27.436,22.0,101.4
2026-04-02 19:47:30.571,22.0,101.4
2026-04-02 19:47:33.906,22.0,101.4
2026-04-02 19:47:37.392,21.9,101.4
2026-04-02 19:47:41.014,21.9,101.4
2026-04-02 19:47:44.495,21.9,101.4
2026-04-02 19:47:48.162,21.9,101.4
2026-04-02 19:47:51.754,21.9,101.4
2026-04-02 19:47:55.444,21.9,101.4
2026-04-02 19:47:58.962,21.9,101.4
2026-04-02 19:48:02.538,22.0,101.4
2026-04-02 19:48:05.847,22.0,101.4
2026-04-02 19:48:09.275,21.9,101.4
2026-04-02 19:48:12.657,22.0,101.4
2026-04-02 19:48:16.194,22.0,101.4
2026-04-02 19:48:19.483,22.0,101.4
2026-04-02 19:48:22.911,22.0,101.4
2026-04-02 19:48:26.601,22.0,101.4
2026-04-02 19:48:30.052,22.0,101.4
2026-04-02 19:48:33.827,21.9,101.4
2026-04-02 19:48:37.111,21.9,101.4
2026-04-02 19:48:40.420,21.9,101.4
2026-04-02 19:48:43.780,21.9,101.4
2026-04-02 19:48:47.427,21.9,101.4
2026-04-02 19:48:50.711,22.0,101.4
2026-04-02 19:48:53.732,22.0,101.4
2026-04-02 19:48:57.014,22.0,101.4
2026-04-02 19:49:00.268,22.0,101.4
2026-04-02 19:49:03.620,21.9,101.4
2026-04-02 19:49:06.805,21.9,101.4
2026-04-02 19:49:10.508,21.9,101.4
2026-04-02 19:49:14.004,21.9,101.4
2026-04-02 19:49:17.202,21.9,101.4
2026-04-02 19:49:20.652,22.0,101.4
2026-04-02 19:49:24.294,21.9,101.4
2026-04-02 19:49:27.371,21.9,101.4
2026-04-02 19:49:30.878,21.9,101.4
2026-04-02 19:49:34.346,21.9,101.4
2026-04-02 19:49:37.824,21.9,101.4
2026-04-02 19:49:41.401,21.9,101.4
2026-04-02 19:49:44.963,22.0,101.4
2026-04-02 19:49:48.464,21.9,101.4
2026-04-02 19:49:52.139,21.9,101.4
2026-04-02 19:49:55.512,21.9,101.4
2026-04-02 19:49:59.079,22.0,101.4
2026-04-02 19:50:02.597,22.0,101.4
2026-04-02 19:50:05.909,22.0,101.4
2026-04-02 19:50:08.934,22.0,101.4
2026-04-02 19:50:12.571,22.0,101.4
2026-04-02 19:50:16.248,22.0,101.4
2026-04-02 19:50:19.626,22.0,101.4
2026-04-02 19:50:23.266,22.0,101.4
2026-04-02 19:50:26.628,21.9,101.4
2026-04-02 19:50:30.020,22.0,101.4
2026-04-02 19:50:33.503,21.9,101.4
2026-04-02 19:50:36.885,22.0,101.4
2026-04-02 19:50:40.126,22.0,101.4
2026-04-02 19:50:43.526,22.0,101.4
2026-04-02 19:50:46.530,22.0,101.4
2026-04-02 19:50:49.973,22.0,101.4
2026-04-02 19:50:53.287,22.0,101.4
2026-04-02 19:50:57.016,22.0,101.4
2026-04-02 19:51:00.474,21.9,101.4
2026-04-02 19:51:03.790,21.9,101.4
2026-04-02 19:51:07.467,21.9,101.4
2026-04-02 19:51:10.880,21.9,101.4
2026-04-02 19:51:14.565,21.9,101.4
2026-04-02 19:51:17.866,21.9,101.4
2026-04-02 19:51:20.946,21.9,101.4
2026-04-02 19:51:24.379,21.9,101.4
2026-04-02 19:51:27.484,21.9,101.4
2026-04-02 19:51:30.584,21.9,101.4
2026-04-02 19:51:33.971,22.0,101.4
2026-04-02 19:51:37.279,22.0,101.4
2026-04-02 19:51:40.953,22.0,101.4
2026-04-02 19:51:44.254,22.0,101.4
2026-04-02 19:51:47.263,22.0,101.4
2026-04-02 19:51:50.724,22.0,101.4
2026-04-02 19:51:53.925,22.0,101.4
2026-04-02 19:51:57.135,22.0,101.4
2026-04-02 19:51:59.986,22.0,101.4
2026-04-02 19:52:03.340,22.0,101.4
2026-04-02 19:52:06.770,22.0,101.4
2026-04-02 19:52:10.311,22.0,101.4
2026-04-02 19:52:13.809,22.0,101.4
2026-04-02 19:52:17.246,22.0,101.4
2026-04-02 19:52:20.979,22.0,101.4
2026-04-02 19:52:24.469,21.9,101.4
2026-04-02 19:52:28.159,21.9,101.4
2026-04-02 19:52:31.692,21.9,101.4
2026-04-02 19:52:35.445,21.9,101.4
2026-04-02 19:52:38.840,21.9,101.4
2026-04-02 19:52:42.538,21.9,101.4
2026-04-02 19:52:45.883,21.9,101.4
2026-04-02 19:52:49.396,21.9,101.4
2026-04-02 19:52:53.084,21.9,101.4
2026-04-02 19:52:56.492,21.9,101.4
2026-04-02 19:53:00.281,21.9,101.4
2026-04-02 19:53:03.676,21.9,101.4
2026-04-02 19:53:07.346,21.9,101.4
2026-04-02 19:53:10.904,21.9,101.4
2026-04-02 19:53:14.380,21.9,101.4
2026-04-02 19:53:17.887,21.9,101.4
2026-04-02 19:53:21.330,21.9,101.4
2026-04-02 19:53:24.819,21.9,101.4
