Time,Temperature (C),Pressure (kPa)
2024-05-31 14:29:55.196,25.2,100.9
2024-05-31 14:30:07.971,25.2,100.9
2024-05-31 14:30:20.740,25.2,100.9
2024-05-31 14:30:33.627,25.2,100.9
2024-05-31 14:30:46.304,25.2,100.9
2024-05-31 14:30:59.069,25.2,100.9
2024-05-31 14:31:11.675,25.2,100.9
2024-05-31 14:31:24.389,25.2,100.9
2024-05-31 14:31:37.288,25.2,100.9
2024-05-31 14:31:49.945,25.2,100.9
2024-05-31 14:32:02.754,25.2,100.9
2024-05-31 14:32:15.500,25.2,100.9
2024-05-31 14:32:28.060,25.2,100.9
2024-05-31 14:32:40.701,25.2,100.9
2024-05-31 14:32:53.233,25.2,100.9
2024-05-31 14:33:05.671,25.2,100.9
2024-05-31 14:33:18.121,25.2,100.9
2024-05-31 14:33:30.666,25.2,100.9
2024-05-31 14:33:43.077,25.2,100.9
2024-05-31 14:33:55.587,25.2,100.9
2024-05-31 14:34:08.001,25.2,100.9
2024-05-31 14:34:20.440,25.2,100.9
2024-05-31 14:34:33.036,25.2,100.9
2024-05-31 14:34:45.456,25.2,100.9
2024-05-31 14:34:57.978,25.2,100.9
2024-05-31 14:35:10.564,25.2,100.9
2024-05-31 14:35:22.890,25.2,100.9
2024-05-31 14:35:35.314,25.2,100.9
2024-05-31 14:35:47.589,25.2,100.9
2024-05-31 14:35:59.892,25.2,100.9
2024-05-31 14:36:12.410,25.2,100.9
2024-05-31 14:36:24.788,25.2,100.9
2024-05-31 14:36:36.983,25.2,100.9
2024-05-31 14:36:49.401,25.2,100.9
2024-05-31 14:37:01.804,25.2,100.9
2024-05-31 14:37:13.935,25.2,100.9
2024-05-31 14:37:26.361,25.2,100.9
2024-05-31 14:37:38.708,25.2,100.9
2024-05-31 14:37:50.860,25.2,100.9
2024-05-31 14:38:03.137,25.2,100.9
2024-05-31 14:38:15.273,25.2,100.9
2024-05-31 14:38:27.382,25.2,100.9
2024-05-31 14:38:39.751,25.2,100.9
2024-05-31 14:38:51.874,25.2,100.9
2024-05-31 14:39:04.146,25.2,100.9
2024-05-31 14:39:16.414,25.1,100.9
2024-05-31 14:39:28.584,25.2,100.9
2024-05-31 14:39:40.718,25.2,100.9
2024-05-31 14:39:52.848,25.2,100.9
2024-05-31 14:40:05.048,25.2,100.9
2024-05-31 14:40:53.519,25.2,100.9
2024-05-31 14:41:05.580,25.2,100.9
2024-05-31 14:41:17.629,25.1,100.9
2024-05-31 14:41:29.749,25.1,100.9
2024-05-31 14:41:41.570,25.1,100.9
2024-05-31 14:41:53.628,25.1,100.9
2024-05-31 14:42:05.647,25.2,100.9
2024-05-31 14:42:17.631,25.2,100.9
2024-05-31 14:42:29.521,25.2,100.9
2024-05-31 14:42:41.540,25.2,100.9
2024-05-31 14:42:53.627,25.2,100.9
2024-05-31 14:43:05.580,25.2,100.9
2024-05-31 14:43:17.681,25.2,100.9
2024-05-31 14:43:29.488,25.2,100.9
2024-05-31 14:43:41.426,25.2,100.9
2024-05-31 14:43:53.483,25.2,100.9
2024-05-31 14:44:05.510,25.2,100.9
2024-05-31 14:44:17.485,25.2,100.9
2024-05-31 14:44:29.472,25.2,100.9
2024-05-31 14:44:41.331,25.2,100.9
2024-05-31 14:44:53.184,25.2,100.9
2024-05-31 14:45:05.026,25.2,100.9
2024-05-31 14:45:16.985,25.2,100.9
2024-05-31 14:45:28.921,25.1,100.9
2024-05-31 14:45:40.658,25.2,100.9
2024-05-31 14:45:52.477,25.2,100.9
2024-05-31 14:46:04.422,25.2,100.9
2024-05-31 14:46:16.002,25.2,100.9
2024-05-31 14:46:27.915,25.1,100.9
2024-05-31 14:46:39.875,25.1,100.9
2024-05-31 14:46:51.678,25.2,100.9
2024-05-31 14:47:03.424,25.1,100.9
2024-05-31 14:47:15.206,25.1,100.9
2024-05-31 14:47:27.053,25.1,100.9
2024-05-31 14:47:38.888,25.2,100.9
2024-05-31 14:47:50.705,25.2,100.9
2024-05-31 14:48:02.354,25.2,100.9
2024-05-31 14:48:13.945,25.2,100.9
2024-05-31 14:48:25.699,25.2,100.9
2024-05-31 14:48:37.273,25.2,100.9
2024-05-31 14:48:48.924,25.2,100.9
2024-05-31 14:49:00.711,25.1,100.9
2024-05-31 14:49:12.346,25.1,100.9
2024-05-31 14:49:23.973,25.1,100.9
2024-05-31 14:49:35.742,25.1,100.9
2024-05-31 14:49:47.399,25.1,100.9
2024-05-31 14:49:59.052,25.1,100.9
2024-05-31 14:50:10.888,25.1,100.9
2024-05-31 14:50:22.557,25.1,100.9
2024-05-31 14:50:34.276,25.1,100.9
2024-05-31 14:50:45.837,25.1,100.9
2024-05-31 14:50:57.420,25.1,100.9
2024-05-31 14:51:09.042,25.2,100.9
2024-05-31 14:51:20.646,25.1,100.9
2024-05-31 14:51:32.344,25.2,100.9
2024-05-31 14:51:43.903,25.2,100.9
2024-05-31 14:51:55.474,25.2,100.9
2024-05-31 14:52:07.124,25.1,100.9
2024-05-31 14:52:18.761,25.2,100.9
2024-05-31 14:52:30.310,25.2,100.9
2024-05-31 14:52:41.723,25.2,100.9
2024-05-31 14:52:53.286,25.1,100.9
2024-05-31 14:53:04.759,25.1,100.9
2024-05-31 14:53:16.239,25.2,100.9
2024-05-31 14:53:27.715,25.2,100.9
2024-05-31 14:53:39.281,25.2,100.9
2024-05-31 14:53:50.744,25.1,100.9
2024-05-31 14:54:02.244,25.1,100.9
2024-05-31 14:54:13.831,25.2,100.9
2024-05-31 14:54:25.243,25.2,100.9
2024-05-31 14:54:36.821,25.2,100.9
2024-05-31 14:54:48.317,25.1,100.9
2024-05-31 14:54:59.760,25.1,100.9
2024-05-31 14:55:11.229,25.1,100.9
2024-05-31 14:55:22.689,25.2,100.9
2024-05-31 14:55:34.163,25.2,100.9
2024-05-31 14:55:45.632,25.2,100.9
2024-05-31 14:55:57.129,25.1,100.9
2024-05-31 14:56:08.698,25.2,100.9
2024-05-31 14:56:20.096,25.2,100.9
2024-05-31 14:56:31.605,25.2,100.9
2024-05-31 14:56:43.099,25.2,100.9
2024-05-31 14:56:54.518,25.2,100.9
2024-05-31 14:57:05.990,25.2,100.9
2024-05-31 14:57:17.455,25.2,100.9
2024-05-31 14:57:28.752,25.2,100.9
2024-05-31 14:57:40.151,25.2,100.9
2024-05-31 14:57:51.569,25.2,100.9
2024-05-31 14:58:03.081,25.1,100.9
2024-05-31 14:58:14.455,25.1,100.9
2024-05-31 14:58:25.875,25.1,100.9
2024-05-31 14:58:37.146,25.1,100.9
2024-05-31 14:58:48.601,25.1,100.9
2024-05-31 14:59:00.077,25.1,100.9
2024-05-31 14:59:11.570,25.1,100.9
2024-05-31 14:59:23.002,25.1,100.9
2024-05-31 14:59:34.446,25.2,100.9
2024-05-31 14:59:45.680,25.2,100.9
2024-05-31 14:59:57.022,25.1,100.9
2024-05-31 15:00:08.259,25.2,100.9
2024-05-31 15:00:19.529,25.1,100.9
2024-05-31 15:00:30.956,25.2,100.9
2024-05-31 15:00:42.255,25.1,100.9
2024-05-31 15:00:53.628,25.1,100.9
2024-05-31 15:01:04.999,25.1,100.9
2024-05-31 15:01:16.244,25.1,100.9
2024-05-31 15:01:27.478,25.1,100.9
2024-05-31 15:01:38.720,25.1,100.9
2024-05-31 15:01:50.018,25.1,100.9
2024-05-31 15:02:01.168,25.1,100.9
2024-05-31 15:02:12.595,25.1,100.9
2024-05-31 15:02:23.991,25.1,100.9
2024-05-31 15:02:35.183,25.1,100.9
2024-05-31 15:02:46.450,25.2,100.9
2024-05-31 15:02:57.658,25.2,100.9
2024-05-31 15:03:08.933,25.1,100.9
2024-05-31 15:03:20.044,25.1,100.9
2024-05-31 15:03:31.262,25.2,100.9
2024-05-31 15:03:42.587,25.1,100.9
2024-05-31 15:03:53.857,25.1,100.9
2024-05-31 15:04:05.091,25.1,100.9
2024-05-31 15:04:16.314,25.1,100.9
2024-05-31 15:04:27.508,25.1,100.9
2024-05-31 15:04:38.750,25.1,100.9
2024-05-31 15:04:50.035,25.2,100.9
2024-05-31 15:05:01.194,25.1,100.9
2024-05-31 15:05:12.542,25.1,100.9
2024-05-31 15:05:23.748,25.1,100.9
2024-05-31 15:05:34.938,25.1,100.9
2024-05-31 15:05:46.113,25.1,100.9
2024-05-31 15:05:57.396,25.1,100.9
2024-05-31 15:06:08.511,25.1,100.9
2024-05-31 15:06:19.717,25.1,100.9
2024-05-31 15:06:30.988,25.1,100.9
2024-05-31 15:06:41.974,25.1,100.9
2024-05-31 15:06:53.063,25.1,100.9
2024-05-31 15:07:04.321,25.1,100.9
2024-05-31 15:07:15.341,25.1,100.9
2024-05-31 15:07:26.531,25.1,100.9
2024-05-31 15:07:37.624,25.2,100.9
2024-05-31 15:07:48.810,25.1,100.9
2024-05-31 15:07:59.915,25.1,100.9
2024-05-31 15:08:11.014,25.2,100.9
2024-05-31 15:08:22.119,25.1,100.9
2024-05-31 15:08:33.233,25.1,100.9
2024-05-31 15:08:44.522,25.1,100.9
2024-05-31 15:08:55.575,25.1,100.9
2024-05-31 15:09:06.670,25.1,100.9
2024-05-31 15:09:17.807,25.1,100.9
2024-05-31 15:09:28.795,25.1,100.9
2024-05-31 15:09:39.943,25.1,100.9
2024-05-31 15:09:51.032,25.1,100.9
2024-05-31 15:10:02.007,25.1,100.9
2024-05-31 15:10:12.997,25.1,100.9
2024-05-31 15:10:23.945,25.0,100.9
2024-05-31 15:10:34.972,25.1,100.9
2024-05-31 15:10:45.945,25.1,100.9
2024-05-31 15:10:57.026,25.1,100.9
2024-05-31 15:11:07.951,25.1,100.9
2024-05-31 15:11:18.787,25.1,100.9
2024-05-31 15:11:29.824,25.1,100.9
2024-05-31 15:11:40.919,25.1,100.9
2024-05-31 15:11:51.899,25.1,100.9
2024-05-31 15:12:02.912,25.1,100.9
2024-05-31 15:12:13.971,25.1,100.9
2024-05-31 15:12:24.909,25.1,100.9
2024-05-31 15:12:35.786,25.1,100.9
2024-05-31 15:12:46.845,25.1,100.9
2024-05-31 15:12:57.921,25.1,100.9
2024-05-31 15:13:08.908,25.0,100.9
2024-05-31 15:13:19.844,25.1,100.9
2024-05-31 15:13:30.958,25.1,100.9
2024-05-31 15:13:41.813,25.1,100.9
2024-05-31 15:13:52.887,25.1,100.9
2024-05-31 15:14:03.830,25.1,100.9
2024-05-31 15:14:14.842,25.1,100.9
2024-05-31 15:14:25.979,25.1,100.9
2024-05-31 15:14:36.822,25.1,100.9
2024-05-31 15:14:47.876,25.1,100.9
2024-05-31 15:14:58.797,25.1,100.9
2024-05-31 15:15:09.804,25.1,100.9
2024-05-31 15:15:20.785,25.1,100.9
2024-05-31 15:15:31.802,25.1,100.9
2024-05-31 15:15:42.828,25.1,100.9
2024-05-31 15:15:53.825,25.1,100.9
2024-05-31 15:16:04.850,25.1,100.9
2024-05-31 15:16:15.892,25.1,100.9
2024-05-31 15:16:26.819,25.1,100.9
2024-05-31 15:16:37.839,25.1,100.9
2024-05-31 15:16:48.785,25.1,100.9
2024-05-31 15:16:59.796,25.1,100.9
2024-05-31 15:17:10.713,25.1,100.9
2024-05-31 15:17:21.693,25.1,100.9
2024-05-31 15:17:32.793,25.1,100.9
2024-05-31 15:17:43.652,25.1,100.9
2024-05-31 15:17:54.457,25.1,100.9
2024-05-31 15:18:05.289,25.1,100.9
2024-05-31 15:18:16.227,25.1,100.9
2024-05-31 15:18:27.210,25.1,100.9
2024-05-31 15:18:38.166,25.1,100.9
2024-05-31 15:18:49.020,25.2,100.9
2024-05-31 15:18:59.816,25.1,100.9
2024-05-31 15:19:10.846,25.1,100.9
2024-05-31 15:19:21.786,25.2,100.9
2024-05-31 15:19:32.729,25.1,100.9
2024-05-31 15:19:43.669,25.1,100.9
2024-05-31 15:19:54.661,25.1,100.9
2024-05-31 15:20:05.492,25.1,100.9
2024-05-31 15:20:16.274,25.1,100.9
2024-05-31 15:20:27.312,25.1,100.9
2024-05-31 15:20:38.244,25.1,100.9
2024-05-31 15:20:49.170,25.1,100.9
2024-05-31 15:20:59.907,25.1,100.9
2024-05-31 15:21:10.771,25.2,100.9
2024-05-31 15:21:21.684,25.1,100.9
2024-05-31 15:21:32.528,25.1,100.9
2024-05-31 15:21:43.258,25.1,100.9
2024-05-31 15:21:54.147,25.1,100.9
2024-05-31 15:22:04.927,25.1,100.9
2024-05-31 15:22:15.789,25.1,100.9
2024-05-31 15:22:26.642,25.1,100.9
2024-05-31 15:22:37.487,25.1,100.9
2024-05-31 15:22:48.343,25.1,100.9
2024-05-31 15:22:59.198,25.1,100.9
2024-05-31 15:23:09.834,25.1,100.9
2024-05-31 15:23:20.793,25.1,100.9
2024-05-31 15:23:31.676,25.1,100.9
2024-05-31 15:23:42.467,25.1,100.9
2024-05-31 15:23:53.269,25.1,100.9
2024-05-31 15:24:04.151,25.1,100.9
2024-05-31 15:24:14.882,25.1,100.9
2024-05-31 15:24:25.825,25.1,100.9
2024-05-31 15:24:36.663,25.1,100.9
2024-05-31 15:24:47.405,25.1,100.9
2024-05-31 15:24:58.264,25.1,100.9
2024-05-31 15:25:09.124,25.1,100.9
2024-05-31 15:25:19.877,25.2,100.9
2024-05-31 15:25:30.684,25.1,100.9
2024-05-31 15:25:41.369,25.1,100.9
2024-05-31 15:25:52.143,25.1,100.9
2024-05-31 15:26:02.869,25.1,100.9
2024-05-31 15:26:13.793,25.1,100.9
2024-05-31 15:26:24.632,25.1,100.9
2024-05-31 15:26:35.367,25.1,100.9
2024-05-31 15:26:46.297,25.1,100.9
2024-05-31 15:26:57.011,25.1,100.9
2024-05-31 15:27:07.758,25.1,100.9
2024-05-31 15:27:18.656,25.1,100.9
2024-05-31 15:27:29.324,25.1,100.9
2024-05-31 15:27:40.062,25.1,100.9
2024-05-31 15:27:50.723,25.1,100.9
2024-05-31 15:28:01.446,25.1,100.9
2024-05-31 15:28:12.281,25.1,100.9
2024-05-31 15:28:23.079,25.1,100.9
2024-05-31 15:28:33.860,25.0,100.9
2024-05-31 15:28:44.683,25.1,100.9
2024-05-31 15:28:55.355,25.1,100.9
2024-05-31 15:29:06.143,25.1,100.9
2024-05-31 15:29:16.841,25.1,100.9
2024-05-31 15:29:27.632,25.1,100.9
2024-05-31 15:29:38.285,25.1,100.9
2024-05-31 15:29:48.968,25.1,100.9
2024-05-31 15:29:59.800,25.1,100.9
2024-05-31 15:30:10.519,25.1,100.9
2024-05-31 15:30:21.258,25.1,100.9
2024-05-31 15:30:31.917,25.1,100.9
2024-05-31 15:30:42.673,25.0,100.9
2024-05-31 15:30:53.371,25.1,100.9
2024-05-31 15:31:04.104,25.1,100.9
2024-05-31 15:31:14.861,25.0,100.9
2024-05-31 15:31:25.610,25.1,100.9
2024-05-31 15:31:36.264,25.0,100.9
2024-05-31 15:31:46.926,25.1,100.9
2024-05-31 15:31:57.744,25.0,100.9
2024-05-31 15:32:08.372,25.0,100.9
2024-05-31 15:32:19.167,25.1,100.9
2024-05-31 15:32:29.754,25.1,100.9
2024-05-31 15:32:40.481,25.1,100.9
2024-05-31 15:32:51.206,25.1,100.9
2024-05-31 15:33:01.817,25.1,100.9
2024-05-31 15:33:12.646,25.1,100.9
2024-05-31 15:33:23.316,25.1,100.9
2024-05-31 15:33:33.827,25.1,100.9
2024-05-31 15:33:44.564,25.1,100.9
2024-05-31 15:33:55.261,25.1,100.9
2024-05-31 15:34:05.890,25.1,100.9
2024-05-31 15:34:16.593,25.1,100.9
2024-05-31 15:34:27.254,25.1,100.9
2024-05-31 15:34:37.808,25.1,100.9
2024-05-31 15:34:48.479,25.1,100.9
2024-05-31 15:34:59.179,25.0,100.9
2024-05-31 15:35:09.731,25.1,100.9
2024-05-31 15:35:20.358,25.1,100.9
2024-05-31 15:35:31.079,25.0,100.9
2024-05-31 15:35:41.696,25.0,100.9
2024-05-31 15:35:52.202,25.0,100.9
2024-05-31 15:36:02.853,25.0,100.9
2024-05-31 15:36:13.441,25.0,100.9
2024-05-31 15:36:24.148,25.0,100.9
2024-05-31 15:36:34.740,25.0,100.9
2024-05-31 15:36:45.360,25.0,100.9
2024-05-31 15:36:55.781,25.0,100.9
2024-05-31 15:37:06.431,25.1,100.9
2024-05-31 15:37:17.069,25.1,100.9
2024-05-31 15:37:27.691,25.1,100.9
2024-05-31 15:37:38.300,25.1,100.9
2024-05-31 15:37:48.829,25.1,100.9
2024-05-31 15:37:59.273,25.0,100.9
2024-05-31 15:38:09.809,25.0,100.9
2024-05-31 15:38:20.399,25.0,100.9
2024-05-31 15:38:30.985,25.0,100.9
2024-05-31 15:38:41.661,25.1,100.9
2024-05-31 15:38:52.216,25.1,100.9
2024-05-31 15:39:02.788,25.1,100.9
2024-05-31 15:39:13.354,25.1,100.9
2024-05-31 15:39:23.963,25.0,100.9
2024-05-31 15:39:34.556,25.0,100.9
2024-05-31 15:39:45.202,25.0,100.9
2024-05-31 15:39:55.685,25.0,100.9
2024-05-31 15:40:06.233,25.0,100.9
2024-05-31 15:40:16.800,25.0,100.9
2024-05-31 15:40:27.219,25.0,100.9
2024-05-31 15:40:37.658,25.0,100.9
2024-05-31 15:40:48.227,25.1,100.9
2024-05-31 15:40:58.772,25.0,100.9
2024-05-31 15:41:09.372,25.0,100.9
2024-05-31 15:41:19.947,25.0,100.9
2024-05-31 15:41:30.623,25.0,100.9
2024-05-31 15:41:41.215,25.0,100.9
2024-05-31 15:41:51.732,25.1,100.9
2024-05-31 15:42:02.290,25.0,100.9
2024-05-31 15:42:12.722,25.0,100.9
2024-05-31 15:42:23.213,25.0,100.9
2024-05-31 15:42:33.741,25.1,100.9
2024-05-31 15:42:44.302,25.0,100.9
2024-05-31 15:42:54.847,25.0,100.9
2024-05-31 15:43:05.475,25.1,100.9
2024-05-31 15:43:16.047,25.1,100.9
2024-05-31 15:43:26.685,25.1,100.9
2024-05-31 15:43:37.256,25.1,100.9
2024-05-31 15:43:47.727,25.1,100.9
2024-05-31 15:43:58.196,25.0,100.9
2024-05-31 15:44:08.704,25.0,100.9
2024-05-31 15:44:19.065,25.1,100.9
2024-05-31 15:44:29.700,25.1,100.9
2024-05-31 15:44:40.225,25.0,100.9
2024-05-31 15:44:50.679,25.0,100.9
2024-05-31 15:45:01.181,25.0,100.9
2024-05-31 15:45:11.741,25.0,100.9
2024-05-31 15:45:22.283,25.0,100.9
2024-05-31 15:45:32.727,25.1,100.9
2024-05-31 15:45:43.236,25.0,100.9
2024-05-31 15:45:53.724,25.0,100.9
2024-05-31 15:46:04.098,25.0,100.9
2024-05-31 15:46:14.617,25.0,100.9
2024-05-31 15:46:25.224,25.0,100.9
2024-05-31 15:46:35.705,25.0,100.9
2024-05-31 15:46:46.182,25.1,100.9
2024-05-31 15:46:56.609,25.1,100.9
2024-05-31 15:47:07.230,25.0,100.9
2024-05-31 15:47:17.726,25.0,100.9
2024-05-31 15:47:28.158,25.0,100.9
2024-05-31 15:47:38.703,25.0,100.9
2024-05-31 15:47:49.155,25.0,100.9
2024-05-31 15:47:59.650,25.0,100.9
2024-05-31 15:48:10.253,25.0,100.9
2024-05-31 15:48:20.796,25.0,100.9
2024-05-31 15:48:31.222,25.0,100.9
2024-05-31 15:48:41.736,25.0,100.9
2024-05-31 15:48:52.174,25.0,100.9
2024-05-31 15:49:02.695,25.0,100.9
2024-05-31 15:49:13.145,25.0,100.9
2024-05-31 15:49:23.772,25.0,100.9
2024-05-31 15:49:34.229,25.0,100.9
2024-05-31 15:49:44.617,25.0,100.9
2024-05-31 15:49:55.066,25.0,100.9
2024-05-31 15:50:05.546,25.1,100.9
2024-05-31 15:50:16.022,25.0,100.9
2024-05-31 15:50:26.558,25.0,100.9
2024-05-31 15:50:37.083,25.0,100.9
2024-05-31 15:50:47.606,25.0,100.9
2024-05-31 15:50:58.088,25.1,100.9
2024-05-31 15:51:08.601,25.0,100.9
2024-05-31 15:51:19.081,25.0,100.9
2024-05-31 15:51:29.614,25.0,100.9
2024-05-31 15:51:40.179,25.0,100.9
2024-05-31 15:51:50.716,25.1,100.9
2024-05-31 15:52:01.173,25.0,100.9
2024-05-31 15:52:11.735,25.0,100.9
2024-05-31 15:52:22.099,25.1,100.9
2024-05-31 15:52:32.562,25.0,100.9
2024-05-31 15:52:43.062,25.0,100.9
2024-05-31 15:52:53.540,25.0,100.9
2024-05-31 15:53:04.025,25.0,100.9
2024-05-31 15:53:14.558,25.0,100.9
2024-05-31 15:53:25.055,25.0,100.9
2024-05-31 15:53:35.608,25.0,100.9
2024-05-31 15:53:46.106,25.0,100.9
2024-05-31 15:53:56.601,25.0,100.9
2024-05-31 15:54:07.063,25.0,100.9
2024-05-31 15:54:17.509,25.0,100.9
2024-05-31 15:54:27.937,25.1,100.9
2024-05-31 15:54:38.313,25.1,100.9
2024-05-31 15:54:48.666,25.0,100.9
2024-05-31 15:54:59.123,25.0,100.9
2024-05-31 15:55:09.681,25.0,100.9
2024-05-31 15:55:20.164,25.0,100.9
2024-05-31 15:55:30.611,25.0,100.9
2024-05-31 15:55:41.099,25.0,100.9
2024-05-31 15:55:51.615,25.0,100.9
2024-05-31 15:56:02.017,25.0,100.9
2024-05-31 15:56:12.451,25.0,100.9
2024-05-31 15:56:22.884,25.0,100.9
2024-05-31 15:56:33.170,25.0,100.9
2024-05-31 15:56:43.632,25.0,100.9
2024-05-31 15:56:54.167,25.0,100.9
2024-05-31 15:57:04.621,25.0,100.9
2024-05-31 15:57:15.106,25.0,100.9
2024-05-31 15:57:25.646,25.0,100.9
2024-05-31 15:57:36.107,24.9,100.9
2024-05-31 15:57:46.530,24.9,100.9
2024-05-31 15:57:56.962,25.0,100.9
2024-05-31 15:58:07.488,25.0,100.9
2024-05-31 15:58:17.806,25.0,100.9
2024-05-31 15:58:28.194,25.0,100.9
2024-05-31 15:58:38.607,25.1,100.9
2024-05-31 15:58:49.079,25.0,100.9
2024-05-31 15:58:59.546,25.0,100.9
2024-05-31 15:59:09.903,25.0,100.9
2024-05-31 15:59:20.200,25.0,100.9
2024-05-31 15:59:30.615,25.0,100.9
2024-05-31 15:59:41.009,25.0,100.9
2024-05-31 15:59:51.338,25.0,100.9
2024-05-31 16:00:01.688,25.0,100.9
2024-05-31 16:00:12.141,25.0,100.9
2024-05-31 16:00:22.648,25.0,100.9
2024-05-31 16:00:33.038,25.0,100.9
2024-05-31 16:00:43.466,25.1,100.9
2024-05-31 16:00:53.804,25.1,100.9
2024-05-31 16:01:04.168,25.0,100.9
2024-05-31 16:01:14.540,25.1,100.9
2024-05-31 16:01:24.946,25.0,100.9
2024-05-31 16:01:35.361,25.0,100.9
2024-05-31 16:01:45.653,25.0,100.9
2024-05-31 16:01:56.119,25.0,100.9
2024-05-31 16:02:06.543,25.0,100.9
2024-05-31 16:02:16.958,25.0,100.9
2024-05-31 16:02:27.219,25.1,100.9
2024-05-31 16:02:37.666,25.0,100.9
2024-05-31 16:02:48.054,25.0,100.9
2024-05-31 16:02:58.481,25.0,100.9
2024-05-31 16:03:08.788,25.0,100.9
2024-05-31 16:03:19.146,25.1,100.9
2024-05-31 16:03:29.572,25.1,100.9
2024-05-31 16:03:39.969,25.0,100.9
2024-05-31 16:03:50.277,25.0,100.9
2024-05-31 16:04:00.705,25.0,100.9
2024-05-31 16:04:11.105,25.1,100.9
2024-05-31 16:04:21.495,25.0,100.9
2024-05-31 16:04:31.791,25.0,100.9
2024-05-31 16:04:42.144,25.0,100.9
2024-05-31 16:04:52.540,25.0,100.9
2024-05-31 16:05:02.869,25.0,100.9
2024-05-31 16:05:13.183,25.0,100.9
2024-05-31 16:05:23.592,25.0,100.9
2024-05-31 16:05:33.989,25.1,100.9
2024-05-31 16:05:44.273,25.1,100.9
2024-05-31 16:05:54.653,25.1,100.9
2024-05-31 16:06:05.044,25.0,100.9
2024-05-31 16:06:15.230,25.0,100.9
2024-05-31 16:06:25.651,25.1,100.9
2024-05-31 16:06:36.019,25.1,100.9
2024-05-31 16:06:46.194,25.1,100.9
2024-05-31 16:06:56.633,25.1,100.9
2024-05-31 16:07:07.022,25.1,100.9
2024-05-31 16:07:17.312,25.1,100.9
2024-05-31 16:07:27.693,25.0,100.9
2024-05-31 16:07:38.074,25.0,100.9
2024-05-31 16:07:48.327,25.0,100.9
2024-05-31 16:07:58.673,25.0,100.9
2024-05-31 16:08:09.115,25.0,100.9
2024-05-31 16:08:19.376,25.1,100.9
2024-05-31 16:08:29.692,25.0,100.9
2024-05-31 16:08:40.096,25.1,100.9
2024-05-31 16:08:50.472,25.1,100.9
2024-05-31 16:09:00.743,25.0,100.9
2024-05-31 16:09:11.065,25.0,100.9
2024-05-31 16:09:21.440,25.1,100.9
2024-05-31 16:09:31.780,25.1,100.9
2024-05-31 16:09:42.173,25.1,100.9
2024-05-31 16:09:52.660,25.1,100.9
2024-05-31 16:10:03.000,25.1,100.9
2024-05-31 16:10:13.246,25.1,100.9
2024-05-31 16:10:23.695,25.0,100.9
2024-05-31 16:10:34.031,25.0,100.9
2024-05-31 16:10:44.285,25.0,100.9
2024-05-31 16:10:54.680,25.0,100.9
2024-05-31 16:11:05.059,25.0,100.9
2024-05-31 16:11:15.379,25.0,100.9
2024-05-31 16:11:25.691,25.1,100.9
2024-05-31 16:11:36.048,25.1,100.9
2024-05-31 16:11:46.346,25.1,100.9
2024-05-31 16:11:56.710,25.1,100.9
2024-05-31 16:12:07.084,25.1,100.9
2024-05-31 16:12:17.244,25.1,100.9
2024-05-31 16:12:27.506,25.1,100.9
2024-05-31 16:12:37.708,25.1,100.9
2024-05-31 16:12:48.017,25.1,100.9
2024-05-31 16:12:58.227,25.1,100.9
2024-05-31 16:13:08.634,25.1,100.9
2024-05-31 16:13:18.866,25.1,100.9
2024-05-31 16:13:29.166,25.1,100.9
2024-05-31 16:13:39.554,25.1,100.9
2024-05-31 16:13:49.820,25.0,100.9
2024-05-31 16:14:00.108,25.0,100.9
2024-05-31 16:14:10.522,25.0,100.9
2024-05-31 16:14:20.744,25.1,100.9
2024-05-31 16:14:31.124,25.0,100.9
2024-05-31 16:14:41.272,25.1,100.9
2024-05-31 16:14:51.712,25.1,100.9
2024-05-31 16:15:02.052,25.0,100.9
2024-05-31 16:15:12.252,25.0,100.9
2024-05-31 16:15:22.509,25.1,100.9
2024-05-31 16:15:32.748,25.0,100.9
2024-05-31 16:15:43.124,25.0,100.9
2024-05-31 16:15:53.332,25.0,100.9
2024-05-31 16:16:03.701,25.0,100.9
2024-05-31 16:16:14.026,25.0,100.9
2024-05-31 16:16:24.222,25.0,100.9
2024-05-31 16:16:34.595,25.0,100.9
2024-05-31 16:16:44.825,25.0,100.9
2024-05-31 16:16:55.129,25.0,100.9
2024-05-31 16:17:05.483,25.0,100.9
2024-05-31 16:17:15.671,25.0,100.9
2024-05-31 16:17:25.883,25.0,100.9
2024-05-31 16:17:36.222,25.0,100.9
2024-05-31 16:17:46.499,25.0,100.9
2024-05-31 16:17:56.715,25.0,100.9
2024-05-31 16:18:06.978,25.1,100.9
2024-05-31 16:18:17.252,25.1,100.9
2024-05-31 16:18:27.557,25.1,100.9
2024-05-31 16:18:37.773,25.1,100.9
2024-05-31 16:18:48.096,25.1,100.9
2024-05-31 16:18:58.287,25.1,100.9
2024-05-31 16:19:08.662,25.0,100.9
2024-05-31 16:19:18.784,25.0,100.9
2024-05-31 16:19:29.042,25.0,100.9
2024-05-31 16:19:39.297,25.0,100.9
2024-05-31 16:19:49.593,25.1,100.9
2024-05-31 16:19:59.798,25.1,100.9
2024-05-31 16:20:10.095,25.1,100.9
2024-05-31 16:20:20.250,25.1,100.9
2024-05-31 16:20:30.644,25.0,100.9
2024-05-31 16:20:40.814,25.0,100.9
2024-05-31 16:20:51.090,25.1,100.9
2024-05-31 16:21:01.320,25.0,100.9
2024-05-31 16:21:11.597,25.0,100.9
2024-05-31 16:21:21.842,25.0,100.9
2024-05-31 16:21:32.228,25.1,100.9
2024-05-31 16:21:42.552,25.0,100.9
2024-05-31 16:21:52.722,25.1,100.9
2024-05-31 16:22:03.046,25.0,100.9
2024-05-31 16:22:13.183,25.1,100.9
2024-05-31 16:22:23.467,25.0,100.9
2024-05-31 16:22:33.683,25.1,100.9
2024-05-31 16:22:43.914,25.0,100.9
2024-05-31 16:22:54.181,25.0,100.9
2024-05-31 16:23:04.415,25.0,100.9
2024-05-31 16:23:14.755,25.0,100.9
2024-05-31 16:23:25.100,25.1,100.9
2024-05-31 16:23:35.262,25.1,100.9
2024-05-31 16:23:45.544,25.1,100.9
2024-05-31 16:23:55.679,25.1,100.9
2024-05-31 16:24:05.866,25.1,100.9
2024-05-31 16:24:16.167,25.1,100.9
2024-05-31 16:24:26.336,25.0,100.9
2024-05-31 16:24:36.651,25.0,100.9
2024-05-31 16:24:46.882,25.0,100.9
2024-05-31 16:24:57.100,25.0,100.9
2024-05-31 16:25:07.234,25.0,100.9
2024-05-31 16:25:17.523,25.1,100.9
2024-05-31 16:25:27.651,25.1,100.9
2024-05-31 16:25:37.841,25.1,100.9
2024-05-31 16:25:48.162,25.1,100.9
2024-05-31 16:25:58.310,25.0,100.9
2024-05-31 16:26:08.508,25.0,100.9
2024-05-31 16:26:18.717,25.0,100.9
2024-05-31 16:26:28.930,25.0,100.9
2024-05-31 16:26:39.164,25.0,100.9
2024-05-31 16:26:49.341,25.0,100.9
2024-05-31 16:26:59.700,25.0,100.9
2024-05-31 16:27:09.815,25.1,100.9
2024-05-31 16:27:20.031,25.1,100.9
2024-05-31 16:27:30.323,25.1,100.9
2024-05-31 16:27:40.586,25.1,100.9
2024-05-31 16:27:50.744,25.0,100.9
2024-05-31 16:28:00.807,25.1,100.9
2024-05-31 16:28:10.966,25.0,100.9
2024-05-31 16:28:21.245,25.1,100.9
2024-05-31 16:28:31.395,25.1,100.9
2024-05-31 16:28:41.690,25.0,100.9
2024-05-31 16:28:51.920,25.0,100.9
2024-05-31 16:29:02.137,25.0,100.9
2024-05-31 16:29:12.251,25.0,100.9
2024-05-31 16:29:22.508,25.0,100.9
2024-05-31 16:29:32.756,25.0,100.9
2024-05-31 16:29:42.896,25.0,100.9
2024-05-31 16:29:53.213,25.0,100.9
2024-05-31 16:30:03.370,25.0,100.9
2024-05-31 16:30:13.616,25.0,100.9
2024-05-31 16:30:23.743,25.0,100.9
2024-05-31 16:30:33.896,25.1,100.9
2024-05-31 16:30:44.195,25.0,100.9
2024-05-31 16:30:54.382,25.0,100.9
2024-05-31 16:31:04.654,25.1,100.9
2024-05-31 16:31:14.824,25.1,100.9
2024-05-31 16:31:25.123,25.0,100.9
2024-05-31 16:31:35.350,25.0,100.9
2024-05-31 16:31:45.605,25.0,100.9
2024-05-31 16:31:55.729,25.0,100.9
2024-05-31 16:32:05.844,25.0,100.9
2024-05-31 16:32:16.000,25.0,100.9
2024-05-31 16:32:26.275,25.0,100.9
2024-05-31 16:32:36.343,25.0,100.9
2024-05-31 16:32:46.638,25.0,100.9
2024-05-31 16:32:56.716,25.0,100.9
2024-05-31 16:33:06.793,25.0,100.9
2024-05-31 16:33:16.991,25.0,100.9
2024-05-31 16:33:27.307,25.0,100.9
2024-05-31 16:33:37.425,25.0,100.9
2024-05-31 16:33:47.651,25.0,100.9
2024-05-31 16:33:57.809,25.0,100.9
2024-05-31 16:34:07.907,25.0,100.9
2024-05-31 16:34:18.093,25.0,100.9
2024-05-31 16:34:28.229,25.0,100.9
2024-05-31 16:34:38.354,25.0,100.9
2024-05-31 16:34:48.468,25.0,100.9
2024-05-31 16:34:58.709,25.0,100.9
2024-05-31 16:35:08.881,25.0,100.9
2024-05-31 16:35:18.906,25.0,100.9
2024-05-31 16:35:29.128,25.0,100.9
2024-05-31 16:35:39.343,25.0,100.9
2024-05-31 16:35:49.611,25.0,100.9
2024-05-31 16:35:59.838,25.0,100.9
2024-05-31 16:36:09.934,25.0,100.9
2024-05-31 16:36:20.161,25.0,100.9
2024-05-31 16:36:30.285,25.0,100.9
2024-05-31 16:36:40.402,25.0,100.9
2024-05-31 16:36:50.720,25.0,100.9
2024-05-31 16:37:00.816,25.0,100.9
2024-05-31 16:37:10.942,25.1,100.9
2024-05-31 16:37:21.145,25.1,100.9
2024-05-31 16:37:31.267,25.0,100.9
2024-05-31 16:37:41.420,25.0,100.9
2024-05-31 16:37:51.674,25.0,100.9
2024-05-31 16:38:01.830,25.0,100.9
2024-05-31 16:38:11.911,25.0,100.9
2024-05-31 16:38:22.090,25.0,100.9
2024-05-31 16:38:32.249,25.0,100.9
2024-05-31 16:38:42.399,25.0,100.9
2024-05-31 16:38:52.594,25.0,100.9
2024-05-31 16:39:02.879,25.0,100.9
2024-05-31 16:39:13.012,25.0,100.9
2024-05-31 16:39:23.179,25.0,100.9
2024-05-31 16:39:33.340,25.0,100.9
2024-05-31 16:39:43.569,25.0,100.9
2024-05-31 16:39:53.780,25.0,100.9
2024-05-31 16:40:03.904,25.0,100.9
2024-05-31 16:40:14.065,25.0,100.9
2024-05-31 16:40:24.247,25.0,100.9
2024-05-31 16:40:34.372,25.0,100.9
2024-05-31 16:40:44.561,25.0,100.9
2024-05-31 16:40:54.748,25.0,100.9
2024-05-31 16:41:04.824,25.0,100.9
2024-05-31 16:41:14.908,25.0,100.9
2024-05-31 16:41:24.992,25.0,100.9
2024-05-31 16:41:35.181,25.0,100.9
2024-05-31 16:41:45.296,25.0,100.9
2024-05-31 16:41:55.408,25.0,100.9
2024-05-31 16:42:05.532,24.9,100.9
2024-05-31 16:42:15.810,25.0,100.9
2024-05-31 16:42:25.893,25.0,100.9
2024-05-31 16:42:36.047,25.0,100.9
2024-05-31 16:42:46.285,25.0,100.9
2024-05-31 16:42:56.381,25.0,100.9
2024-05-31 16:43:06.527,25.0,100.9
2024-05-31 16:43:16.760,25.0,100.9
2024-05-31 16:43:26.841,25.0,100.9
2024-05-31 16:43:37.001,25.0,100.9
2024-05-31 16:43:47.175,25.0,100.9
2024-05-31 16:43:57.340,25.0,100.9
2024-05-31 16:44:07.433,25.0,100.9
2024-05-31 16:44:17.553,25.0,100.9
2024-05-31 16:44:27.708,25.0,100.9
2024-05-31 16:44:37.841,25.0,100.9
2024-05-31 16:44:47.893,25.0,100.9
2024-05-31 16:44:57.987,24.9,100.9
2024-05-31 16:45:08.184,25.0,100.9
2024-05-31 16:45:18.355,25.0,100.9
2024-05-31 16:45:28.541,25.0,100.9
2024-05-31 16:45:38.645,25.0,100.9
2024-05-31 16:45:48.800,25.0,100.9
2024-05-31 16:45:58.889,25.0,100.9
2024-05-31 16:46:08.986,25.0,100.9
2024-05-31 16:46:19.093,24.9,100.9
2024-05-31 16:46:29.291,24.9,100.9
2024-05-31 16:46:39.361,25.0,100.9
2024-05-31 16:46:49.422,25.0,100.9
2024-05-31 16:46:59.515,25.0,100.9
2024-05-31 16:47:09.685,25.0,100.9
2024-05-31 16:47:19.815,25.0,100.9
2024-05-31 16:47:29.919,25.0,100.9
2024-05-31 16:47:39.922,25.0,100.9
2024-05-31 16:47:50.021,25.0,100.9
2024-05-31 16:48:00.252,24.9,100.9
2024-05-31 16:48:10.303,25.0,100.9
2024-05-31 16:48:20.415,25.0,100.9
2024-05-31 16:48:30.563,25.0,100.9
2024-05-31 16:48:40.770,25.0,100.9
2024-05-31 16:48:50.851,25.0,100.9
2024-05-31 16:49:00.924,25.0,100.9
2024-05-31 16:49:11.018,25.0,100.9
2024-05-31 16:49:21.208,25.0,100.9
2024-05-31 16:49:31.305,25.0,100.9
2024-05-31 16:49:41.313,25.0,100.9
2024-05-31 16:49:51.379,25.0,100.9
2024-05-31 16:50:01.473,25.0,100.9
2024-05-31 16:50:11.598,25.0,100.9
2024-05-31 16:50:21.807,24.9,100.9
2024-05-31 16:50:31.953,25.0,100.9
2024-05-31 16:50:42.107,24.9,100.9
2024-05-31 16:50:52.346,24.9,100.9
2024-05-31 16:51:02.410,24.9,100.9
2024-05-31 16:51:12.547,24.9,100.9
2024-05-31 16:51:22.629,24.9,100.9
2024-05-31 16:51:32.860,24.9,100.9
2024-05-31 16:51:42.968,24.9,100.9
2024-05-31 16:51:53.090,24.9,100.9
2024-05-31 16:52:03.246,24.9,100.9
2024-05-31 16:52:13.399,24.9,100.9
2024-05-31 16:52:23.408,24.9,100.9
2024-05-31 16:52:33.500,25.0,100.9
2024-05-31 16:52:43.643,25.0,100.9
2024-05-31 16:52:53.804,25.0,100.9
2024-05-31 16:53:03.928,24.9,100.9
2024-05-31 16:53:13.964,24.9,100.9
2024-05-31 16:53:24.039,24.9,100.9
2024-05-31 16:53:34.152,24.9,100.9
2024-05-31 16:53:44.355,24.9,100.9
2024-05-31 16:53:54.481,24.9,100.9
2024-05-31 16:54:04.664,24.9,100.9
2024-05-31 16:54:14.685,24.9,100.9
2024-05-31 16:54:24.852,24.9,100.9
2024-05-31 16:54:34.887,24.9,100.9
2024-05-31 16:54:44.983,24.9,100.9
2024-05-31 16:54:55.099,24.9,100.9
2024-05-31 16:55:05.218,24.9,100.9
2024-05-31 16:55:15.405,24.9,100.9
2024-05-31 16:55:25.514,24.9,100.9
2024-05-31 16:55:35.546,25.0,100.9
2024-05-31 16:55:45.766,25.0,100.9
2024-05-31 16:55:55.860,24.9,100.9
2024-05-31 16:56:05.909,24.9,100.9
2024-05-31 16:56:15.882,24.9,100.9
2024-05-31 16:56:25.772,24.9,100.9
2024-05-31 16:56:35.643,24.9,100.9
2024-05-31 16:56:45.613,25.0,100.9
2024-05-31 16:56:55.532,24.9,100.9
2024-05-31 16:57:05.464,24.9,100.9
2024-05-31 16:57:15.262,24.9,100.9
2024-05-31 16:57:25.131,24.9,100.9
2024-05-31 16:57:35.070,24.9,100.9
2024-05-31 16:57:44.954,24.9,100.9
2024-05-31 16:57:54.727,24.9,100.9
2024-05-31 16:58:04.578,24.9,100.9
2024-05-31 16:58:14.541,25.0,100.9
2024-05-31 16:58:24.373,25.0,100.9
2024-05-31 16:58:34.148,24.9,100.9
2024-05-31 16:58:44.123,24.9,100.9
2024-05-31 16:58:54.085,24.9,100.9
2024-05-31 16:59:04.042,24.9,100.9
2024-05-31 16:59:13.966,24.9,100.9
2024-05-31 16:59:23.803,24.9,100.9
2024-05-31 16:59:33.659,24.9,100.9
2024-05-31 16:59:43.666,24.9,100.9
2024-05-31 16:59:53.556,24.9,100.9
2024-05-31 17:00:03.498,25.0,100.9
2024-05-31 17:00:13.435,24.9,100.9
2024-05-31 17:00:23.273,24.9,100.9
2024-05-31 17:00:33.184,24.9,100.9
2024-05-31 17:00:43.087,24.9,100.9
2024-05-31 17:00:53.044,24.9,100.9
2024-05-31 17:01:02.838,24.9,100.9
2024-05-31 17:01:12.669,24.9,100.9
2024-05-31 17:01:22.597,24.9,100.9
2024-05-31 17:01:32.544,24.9,100.9
2024-05-31 17:01:42.315,24.9,100.9
2024-05-31 17:01:52.179,24.9,100.9
2024-05-31 17:02:02.060,24.9,100.9
2024-05-31 17:02:11.953,24.9,100.9
2024-05-31 17:02:21.696,25.0,100.9
2024-05-31 17:02:31.633,24.9,100.9
2024-05-31 17:02:41.552,24.9,100.9
2024-05-31 17:02:51.463,24.9,100.9
2024-05-31 17:03:01.282,25.0,100.9
2024-05-31 17:03:11.169,25.0,100.9
2024-05-31 17:03:21.147,24.9,100.9
2024-05-31 17:03:31.064,24.9,100.9
2024-05-31 17:03:40.982,24.9,100.9
2024-05-31 17:03:50.798,24.9,100.9
2024-05-31 17:04:00.668,25.0,100.9
2024-05-31 17:04:10.587,25.0,100.9
2024-05-31 17:04:20.510,25.0,100.9
2024-05-31 17:04:30.195,25.0,100.9
2024-05-31 17:04:40.043,25.0,100.9
2024-05-31 17:04:49.918,25.0,100.9
2024-05-31 17:04:59.675,24.9,100.9
2024-05-31 17:05:09.572,24.9,100.9
2024-05-31 17:05:19.465,24.9,100.9
2024-05-31 17:05:29.206,24.9,100.9
2024-05-31 17:05:39.106,24.9,100.9
2024-05-31 17:05:48.956,24.9,100.9
2024-05-31 17:05:58.716,24.9,100.9
2024-05-31 17:06:08.625,24.9,100.9
2024-05-31 17:06:18.618,24.9,100.9
2024-05-31 17:06:28.549,24.9,100.9
2024-05-31 17:06:38.401,24.9,100.9
2024-05-31 17:06:48.168,24.9,100.9
2024-05-31 17:06:58.103,25.0,100.9
2024-05-31 17:07:07.923,25.0,100.9
2024-05-31 17:07:17.650,25.0,100.9
2024-05-31 17:07:27.591,24.9,100.9
2024-05-31 17:07:37.527,24.9,100.9
2024-05-31 17:07:47.317,24.9,100.9
2024-05-31 17:07:57.204,24.9,100.9
2024-05-31 17:08:07.093,24.9,100.9
2024-05-31 17:08:17.017,24.8,100.9
2024-05-31 17:08:26.825,24.9,100.9
2024-05-31 17:08:36.743,24.9,100.9
2024-05-31 17:08:46.676,24.9,100.9
2024-05-31 17:08:56.570,24.9,100.9
2024-05-31 17:09:06.478,24.9,100.9
2024-05-31 17:09:16.304,24.9,100.9
2024-05-31 17:09:26.255,24.9,100.9
2024-05-31 17:09:36.191,24.9,100.9
2024-05-31 17:09:46.131,24.9,100.9
2024-05-31 17:09:55.927,24.9,100.9
2024-05-31 17:10:05.796,24.9,100.9
2024-05-31 17:10:15.699,24.9,100.9
2024-05-31 17:10:25.608,24.9,100.9
2024-05-31 17:10:35.432,24.9,100.9
2024-05-31 17:10:45.167,24.9,100.9
2024-05-31 17:10:55.008,24.9,100.9
2024-05-31 17:11:04.784,24.9,100.9
2024-05-31 17:11:14.707,24.9,100.9
2024-05-31 17:11:24.578,24.9,100.9
2024-05-31 17:11:34.315,24.9,100.9
2024-05-31 17:11:44.239,24.9,100.9
2024-05-31 17:11:54.164,24.9,100.9
2024-05-31 17:12:03.880,24.9,100.9
2024-05-31 17:12:13.770,24.9,100.9
2024-05-31 17:12:23.689,24.9,100.9
2024-05-31 17:12:33.630,24.9,100.9
2024-05-31 17:12:43.534,24.9,100.9
2024-05-31 17:12:53.346,24.9,100.9
2024-05-31 17:13:03.271,24.9,100.9
2024-05-31 17:13:13.145,24.9,100.9
2024-05-31 17:13:23.050,24.9,100.9
2024-05-31 17:13:32.949,24.9,100.9
2024-05-31 17:13:42.717,24.9,100.9
2024-05-31 17:13:52.491,24.9,100.9
2024-05-31 17:14:02.281,24.9,100.9
2024-05-31 17:14:12.175,24.9,100.9
2024-05-31 17:14:22.006,24.9,100.9
2024-05-31 17:14:31.812,24.9,100.9
2024-05-31 17:14:41.738,24.9,100.9
2024-05-31 17:14:51.711,24.9,100.9
2024-05-31 17:15:01.595,24.9,100.9
2024-05-31 17:15:11.530,24.9,100.9
2024-05-31 17:15:21.293,24.9,100.9
2024-05-31 17:15:31.254,25.0,100.9
2024-05-31 17:15:41.182,25.0,100.9
2024-05-31 17:15:51.125,24.9,100.9
2024-05-31 17:16:00.944,24.9,100.9
2024-05-31 17:16:10.774,24.9,100.9
2024-05-31 17:16:20.634,24.9,100.9
2024-05-31 17:16:30.573,24.9,100.9
2024-05-31 17:16:40.382,24.9,100.9
2024-05-31 17:16:50.314,24.9,100.9
2024-05-31 17:17:00.233,24.9,100.9
2024-05-31 17:17:10.121,24.9,100.9
2024-05-31 17:17:19.921,24.9,100.9
2024-05-31 17:17:29.783,24.9,100.9
2024-05-31 17:17:39.724,24.8,100.9
2024-05-31 17:17:49.676,24.9,100.9
2024-05-31 17:17:59.407,24.9,100.9
2024-05-31 17:18:09.199,24.9,100.9
2024-05-31 17:18:18.893,24.9,100.9
2024-05-31 17:18:28.832,24.9,100.9
2024-05-31 17:18:38.743,25.0,100.9
2024-05-31 17:18:48.650,25.0,100.9
2024-05-31 17:18:58.426,25.0,100.9
2024-05-31 17:19:08.299,25.0,101.0
2024-05-31 17:19:18.186,25.0,101.0
2024-05-31 17:19:27.976,25.0,100.9
2024-05-31 17:19:37.809,25.0,101.0
2024-05-31 17:19:47.746,24.9,101.0
2024-05-31 17:19:57.567,24.9,101.0
2024-05-31 17:20:07.327,24.9,101.0
2024-05-31 17:20:17.228,24.9,101.0
2024-05-31 17:20:27.063,24.9,101.0
2024-05-31 17:20:36.813,24.9,100.9
2024-05-31 17:20:46.784,24.9,100.9
2024-05-31 17:20:56.627,24.9,101.0
2024-05-31 17:21:06.406,24.9,101.0
2024-05-31 17:21:16.312,24.9,101.0
2024-05-31 17:21:26.137,24.9,101.0
2024-05-31 17:21:35.875,24.9,101.0
2024-05-31 17:21:45.795,24.9,101.0
2024-05-31 17:21:55.741,24.9,100.9
2024-05-31 17:22:05.452,25.0,101.0
2024-05-31 17:22:15.343,24.9,101.0
2024-05-31 17:22:25.197,24.9,101.0
2024-05-31 17:22:35.084,24.9,100.9
2024-05-31 17:22:44.918,25.0,100.9
2024-05-31 17:22:54.820,24.9,100.9
2024-05-31 17:23:04.768,24.9,100.9
2024-05-31 17:23:14.640,25.0,100.9
2024-05-31 17:23:24.355,24.9,100.9
2024-05-31 17:23:34.296,24.9,100.9
2024-05-31 17:23:44.252,24.9,100.9
2024-05-31 17:23:54.129,24.9,100.9
2024-05-31 17:24:03.867,24.9,100.9
2024-05-31 17:24:13.824,24.9,100.9
2024-05-31 17:24:23.652,24.9,100.9
2024-05-31 17:24:33.541,24.8,100.9
2024-05-31 17:24:43.385,24.9,100.9
2024-05-31 17:24:53.278,24.9,100.9
2024-05-31 17:25:03.143,24.9,100.9
2024-05-31 17:25:12.947,24.9,100.9
2024-05-31 17:25:22.847,24.9,100.9
2024-05-31 17:25:32.730,24.9,100.9
2024-05-31 17:25:42.491,24.9,100.9
2024-05-31 17:25:52.312,24.9,101.0
2024-05-31 17:26:02.216,24.9,101.0
2024-05-31 17:26:12.121,24.9,101.0
2024-05-31 17:26:21.821,24.9,101.0
2024-05-31 17:26:31.669,24.9,101.0
2024-05-31 17:26:41.502,24.9,101.0
2024-05-31 17:26:51.396,24.9,101.0
2024-05-31 17:27:01.225,24.9,101.0
2024-05-31 17:27:11.073,24.9,101.0
2024-05-31 17:27:20.852,24.9,101.0
2024-05-31 17:27:30.767,25.0,101.0
2024-05-31 17:27:40.623,25.0,101.0
2024-05-31 17:27:50.487,24.9,101.0
2024-05-31 17:28:00.349,24.9,101.0
2024-05-31 17:28:10.255,24.9,101.0
2024-05-31 17:28:20.044,24.9,101.0
2024-05-31 17:28:29.916,24.9,101.0
2024-05-31 17:28:39.826,24.9,101.0
2024-05-31 17:28:49.665,24.9,101.0
2024-05-31 17:28:59.537,24.9,101.0
2024-05-31 17:29:09.385,24.9,101.0
2024-05-31 17:29:19.276,24.9,101.0
2024-05-31 17:29:28.949,24.9,101.0
2024-05-31 17:29:38.772,24.9,101.0
2024-05-31 17:29:48.583,24.9,101.0
2024-05-31 17:29:58.386,24.9,101.0
2024-05-31 17:30:08.234,24.9,101.0
2024-05-31 17:30:18.155,24.9,101.0
2024-05-31 17:30:27.918,24.9,101.0
2024-05-31 17:30:37.780,24.9,101.0
2024-05-31 17:30:47.518,24.9,101.0
2024-05-31 17:30:57.426,24.9,101.0
2024-05-31 17:31:07.258,24.9,101.0
2024-05-31 17:31:17.139,24.8,101.0
2024-05-31 17:31:26.927,24.8,101.0
2024-05-31 17:31:36.821,24.9,101.0
2024-05-31 17:31:46.804,24.9,101.0
2024-05-31 17:31:56.577,24.8,101.0
2024-05-31 17:32:06.448,24.9,101.0
2024-05-31 17:32:16.289,24.9,101.0
2024-05-31 17:32:26.178,24.9,101.0
2024-05-31 17:32:35.989,24.9,101.0
2024-05-31 17:32:45.888,24.8,101.0
2024-05-31 17:32:55.797,24.8,101.0
2024-05-31 17:33:05.593,24.9,101.0
2024-05-31 17:33:15.445,24.9,101.0
2024-05-31 17:33:25.345,24.9,101.0
2024-05-31 17:33:35.275,24.9,101.0
2024-05-31 17:33:44.983,24.9,101.0
2024-05-31 17:33:54.914,24.9,101.0
2024-05-31 17:34:04.855,24.9,101.0
2024-05-31 17:34:14.573,25.0,101.0
2024-05-31 17:34:24.466,25.0,101.0
2024-05-31 17:34:34.379,24.9,101.0
2024-05-31 17:34:44.253,24.9,101.0
2024-05-31 17:34:54.042,24.9,101.0
2024-05-31 17:35:03.918,24.9,101.0
2024-05-31 17:35:13.824,24.9,101.0
2024-05-31 17:35:23.619,24.9,101.0
2024-05-31 17:35:33.452,24.8,101.0
2024-05-31 17:35:43.351,24.9,101.0
2024-05-31 17:35:53.281,24.8,101.0
2024-05-31 17:36:03.000,24.9,101.0
2024-05-31 17:36:12.948,24.9,101.0
2024-05-31 17:36:22.826,24.9,101.0
2024-05-31 17:36:32.594,24.9,101.0
2024-05-31 17:36:42.463,24.9,101.0
2024-05-31 17:36:52.350,24.9,101.0
2024-05-31 17:37:01.984,24.9,101.0
2024-05-31 17:37:11.860,24.9,101.0
2024-05-31 17:37:21.653,24.9,101.0
2024-05-31 17:37:31.394,24.9,101.0
2024-05-31 17:37:41.274,24.9,101.0
2024-05-31 17:37:51.009,24.9,101.0
2024-05-31 17:38:00.849,24.8,101.0
2024-05-31 17:38:10.685,24.8,101.0
2024-05-31 17:38:20.494,24.8,101.0
2024-05-31 17:38:30.341,24.8,101.0
2024-05-31 17:38:40.155,24.9,101.0
2024-05-31 17:38:49.928,24.9,101.0
2024-05-31 17:38:59.778,24.9,101.0
2024-05-31 17:39:09.521,24.9,101.0
2024-05-31 17:39:19.385,24.9,101.0
2024-05-31 17:39:29.255,24.9,101.0
2024-05-31 17:39:39.024,24.9,101.0
2024-05-31 17:39:48.912,24.9,101.0
2024-05-31 17:39:58.853,24.9,101.0
2024-05-31 17:40:08.700,24.9,101.0
2024-05-31 17:40:18.490,24.9,101.0
2024-05-31 17:40:28.441,24.9,101.0
2024-05-31 17:40:38.360,24.8,101.0
2024-05-31 17:40:48.147,24.8,101.0
2024-05-31 17:40:57.978,24.8,101.0
2024-05-31 17:41:07.910,24.9,101.0
2024-05-31 17:41:17.838,24.9,101.0
2024-05-31 17:41:27.681,24.9,101.0
2024-05-31 17:41:37.603,24.9,101.0
2024-05-31 17:41:47.477,24.9,101.0
2024-05-31 17:41:57.408,24.9,101.0
2024-05-31 17:42:07.307,24.9,101.0
2024-05-31 17:42:17.045,24.9,101.0
2024-05-31 17:42:26.958,25.0,101.0
2024-05-31 17:42:36.850,24.9,101.0
2024-05-31 17:42:46.553,24.9,101.0
2024-05-31 17:42:56.378,24.9,101.0
2024-05-31 17:43:06.145,24.9,101.0
2024-05-31 17:43:16.044,24.9,101.0
2024-05-31 17:43:25.974,24.8,101.0
2024-05-31 17:43:35.894,24.9,101.0
2024-05-31 17:43:45.643,24.8,101.0
2024-05-31 17:43:55.517,24.8,101.0
2024-05-31 17:44:05.349,24.8,101.0
2024-05-31 17:44:15.160,24.8,101.0
2024-05-31 17:44:25.013,24.8,101.0
2024-05-31 17:44:34.848,24.9,101.0
2024-05-31 17:44:44.602,24.9,101.0
2024-05-31 17:44:54.475,24.9,101.0
2024-05-31 17:45:04.323,24.9,101.0
2024-05-31 17:45:14.095,24.8,101.0
2024-05-31 17:45:24.010,24.9,101.0
2024-05-31 17:45:33.895,24.9,101.0
2024-05-31 17:45:43.709,24.8,101.0
2024-05-31 17:45:53.436,24.8,101.0
2024-05-31 17:46:03.290,24.8,101.0
2024-05-31 17:46:12.974,24.9,101.0
2024-05-31 17:46:22.896,24.9,101.0
2024-05-31 17:46:32.691,24.9,101.0
2024-05-31 17:46:42.519,24.9,101.0
2024-05-31 17:46:52.424,24.8,101.0
2024-05-31 17:47:02.294,24.8,101.0
2024-05-31 17:47:12.052,24.8,101.0
2024-05-31 17:47:21.919,24.8,101.0
2024-05-31 17:47:31.525,24.9,101.0
2024-05-31 17:47:41.342,24.9,101.0
2024-05-31 17:47:51.075,24.9,101.0
2024-05-31 17:48:00.954,24.9,101.0
2024-05-31 17:48:10.713,24.9,101.0
2024-05-31 17:48:20.548,24.8,101.0
2024-05-31 17:48:30.435,24.8,101.0
2024-05-31 17:48:40.329,24.9,101.0
2024-05-31 17:48:50.178,24.9,101.0
2024-05-31 17:48:59.979,24.9,101.0
2024-05-31 17:49:09.677,24.8,101.0
2024-05-31 17:49:19.504,24.9,101.0
2024-05-31 17:49:29.423,24.9,101.0
2024-05-31 17:49:39.343,24.8,101.0
2024-05-31 17:49:49.089,24.8,101.0
2024-05-31 17:49:59.009,24.8,101.0
2024-05-31 17:50:08.685,24.9,101.0
2024-05-31 17:50:18.542,24.9,101.0
2024-05-31 17:50:28.404,24.9,101.0
2024-05-31 17:50:38.258,24.8,101.0
2024-05-31 17:50:48.067,24.8,101.0
2024-05-31 17:50:58.004,24.9,101.0
2024-05-31 17:51:07.722,24.9,101.0
2024-05-31 17:51:17.545,24.9,101.0
2024-05-31 17:51:27.432,24.9,101.0
2024-05-31 17:51:37.212,24.9,101.0
2024-05-31 17:51:47.030,24.9,101.0
2024-05-31 17:51:56.873,24.9,101.0
2024-05-31 17:52:06.697,24.9,101.0
2024-05-31 17:52:16.585,24.9,101.0
2024-05-31 17:52:26.478,24.9,101.0
2024-05-31 17:52:36.295,24.8,101.0
2024-05-31 17:52:46.014,24.8,101.0
2024-05-31 17:52:55.909,24.8,101.0
2024-05-31 17:53:05.639,24.8,101.0
2024-05-31 17:53:15.531,24.8,101.0
2024-05-31 17:53:25.456,24.8,101.0
2024-05-31 17:53:35.280,24.8,101.0
2024-05-31 17:53:45.093,24.8,101.0
2024-05-31 17:53:54.991,24.8,101.0
2024-05-31 17:54:04.897,24.8,101.0
2024-05-31 17:54:14.765,24.8,101.0
2024-05-31 17:54:24.616,24.9,101.0
2024-05-31 17:54:34.528,24.9,101.0
2024-05-31 17:54:44.419,24.9,101.0
2024-05-31 17:54:54.219,24.9,101.0
2024-05-31 17:55:04.098,24.9,101.0
2024-05-31 17:55:13.969,24.8,101.0
2024-05-31 17:55:23.714,24.9,101.0
2024-05-31 17:55:33.592,24.9,101.0
2024-05-31 17:55:43.548,24.8,101.0
2024-05-31 17:55:53.309,24.8,101.0
2024-05-31 17:56:03.145,24.8,101.0
2024-05-31 17:56:13.016,24.8,101.0
2024-05-31 17:56:22.704,24.8,101.0
2024-05-31 17:56:32.593,24.8,101.0
2024-05-31 17:56:42.559,24.8,101.0
2024-05-31 17:56:52.434,24.8,101.0
2024-05-31 17:57:02.221,24.8,101.0
2024-05-31 17:57:12.125,24.8,101.0
2024-05-31 17:57:21.993,24.7,101.0
2024-05-31 17:57:31.765,24.8,101.0
2024-05-31 17:57:41.635,24.8,101.0
2024-05-31 17:57:51.534,24.8,101.0
2024-05-31 17:58:01.372,24.8,101.0
2024-05-31 17:58:11.109,24.8,101.0
2024-05-31 17:58:21.035,24.7,101.0
2024-05-31 17:58:30.926,24.8,101.0
2024-05-31 17:58:40.660,24.8,101.0
2024-05-31 17:58:50.552,24.8,101.0
2024-05-31 17:59:00.149,24.8,101.0
2024-05-31 17:59:09.984,24.8,101.0
2024-05-31 17:59:19.709,24.8,101.0
2024-05-31 17:59:29.647,24.8,101.0
2024-05-31 17:59:39.495,24.8,101.0
2024-05-31 17:59:49.258,24.8,101.0
2024-05-31 17:59:59.119,24.8,101.0
2024-05-31 18:00:08.997,24.8,101.0
2024-05-31 18:00:18.792,24.8,101.0
2024-05-31 18:00:28.632,24.8,101.0
2024-05-31 18:00:38.581,24.8,101.0
2024-05-31 18:00:48.461,24.8,101.0
2024-05-31 18:00:58.176,24.8,101.0
2024-05-31 18:01:08.074,24.8,101.0
2024-05-31 18:01:17.831,24.8,101.0
2024-05-31 18:01:27.692,24.8,101.0
2024-05-31 18:01:37.557,24.8,101.0
2024-05-31 18:01:47.388,24.9,101.0
2024-05-31 18:01:57.178,24.8,101.0
2024-05-31 18:02:07.053,24.8,101.0
2024-05-31 18:02:16.787,24.8,101.0
2024-05-31 18:02:26.630,24.8,101.0
2024-05-31 18:02:36.517,24.8,101.0
2024-05-31 18:02:46.250,24.8,101.0
2024-05-31 18:02:56.116,24.8,101.0
2024-05-31 18:03:05.848,24.8,101.0
2024-05-31 18:03:15.651,24.8,101.0
2024-05-31 18:03:25.501,24.8,101.0
2024-05-31 18:03:35.281,24.7,101.0
2024-05-31 18:03:45.157,24.8,101.0
2024-05-31 18:03:54.996,24.8,101.0
2024-05-31 18:04:04.725,24.8,101.0
2024-05-31 18:04:14.607,24.8,101.0
2024-05-31 18:04:24.359,24.8,101.0
2024-05-31 18:04:34.197,24.8,101.0
2024-05-31 18:04:43.986,24.8,101.0
2024-05-31 18:04:53.739,24.8,101.0
2024-05-31 18:05:03.639,24.9,101.0
2024-05-31 18:05:13.507,24.8,101.0
2024-05-31 18:05:23.260,24.8,101.0
2024-05-31 18:05:33.194,24.8,101.0
2024-05-31 18:05:43.088,24.9,101.0
2024-05-31 18:05:52.911,24.8,101.0
2024-05-31 18:06:02.645,24.8,101.0
2024-05-31 18:06:12.576,24.8,101.0
2024-05-31 18:06:22.411,24.8,101.0
2024-05-31 18:06:32.316,24.8,101.0
2024-05-31 18:06:42.172,24.8,101.0
2024-05-31 18:06:52.021,24.8,101.0
2024-05-31 18:07:01.749,24.8,101.0
2024-05-31 18:07:11.593,24.8,101.0
2024-05-31 18:07:21.467,24.9,101.0
2024-05-31 18:07:31.220,24.9,101.0
2024-05-31 18:07:41.084,24.8,101.0
2024-05-31 18:07:50.744,24.8,101.0
2024-05-31 18:08:00.658,24.9,101.0
2024-05-31 18:08:10.391,24.9,101.0
2024-05-31 18:08:20.196,24.8,101.0
2024-05-31 18:08:30.044,24.8,101.0
2024-05-31 18:08:39.741,24.8,101.0
2024-05-31 18:08:49.670,24.9,101.0
2024-05-31 18:08:59.498,24.8,101.0
2024-05-31 18:09:09.242,24.8,101.0
2024-05-31 18:09:19.149,24.8,101.0
2024-05-31 18:09:28.936,24.8,101.0
2024-05-31 18:09:38.767,24.8,101.0
2024-05-31 18:09:48.638,24.9,101.0
2024-05-31 18:09:58.491,24.9,101.0
2024-05-31 18:10:08.286,24.9,101.0
2024-05-31 18:10:18.136,24.9,101.0
2024-05-31 18:10:27.903,24.8,101.0
2024-05-31 18:10:37.690,24.8,101.0
2024-05-31 18:10:47.490,24.8,101.0
2024-05-31 18:10:57.265,24.8,101.0
2024-05-31 18:11:07.211,24.8,101.0
2024-05-31 18:11:17.079,24.8,101.0
2024-05-31 18:11:26.758,24.8,101.0
2024-05-31 18:11:36.585,24.9,101.0
2024-05-31 18:11:46.225,24.9,101.0
2024-05-31 18:11:56.080,24.9,101.0
2024-05-31 18:12:05.924,24.9,101.0
2024-05-31 18:12:15.714,24.9,101.0
2024-05-31 18:12:25.528,24.8,101.0
2024-05-31 18:12:35.385,24.9,101.0
2024-05-31 18:12:45.254,24.9,101.0
2024-05-31 18:12:55.084,24.8,101.0
2024-05-31 18:13:04.809,24.8,101.0
2024-05-31 18:13:14.706,24.8,101.0
2024-05-31 18:13:24.596,24.8,101.0
2024-05-31 18:13:34.335,24.8,101.0
2024-05-31 18:13:44.248,24.8,101.0
2024-05-31 18:13:54.141,24.8,101.0
2024-05-31 18:14:03.925,24.9,101.0
2024-05-31 18:14:13.726,24.9,101.0
2024-05-31 18:14:23.582,24.9,101.0
2024-05-31 18:14:33.341,24.9,101.0
2024-05-31 18:14:43.210,24.9,101.0
2024-05-31 18:14:53.009,24.9,101.0
2024-05-31 18:15:02.688,24.9,101.0
2024-05-31 18:15:12.467,24.9,101.0
2024-05-31 18:15:22.311,24.9,101.0
2024-05-31 18:15:32.196,24.9,101.0
2024-05-31 18:15:41.973,24.9,101.0
2024-05-31 18:15:51.766,24.9,101.0
2024-05-31 18:16:01.551,24.9,101.0
2024-05-31 18:16:11.206,24.9,101.0
2024-05-31 18:16:21.127,24.9,101.0
2024-05-31 18:16:30.805,24.9,101.0
2024-05-31 18:16:40.618,24.9,101.0
2024-05-31 18:16:50.312,24.9,101.0
2024-05-31 18:17:00.268,24.9,101.0
2024-05-31 18:17:10.069,24.9,101.0
2024-05-31 18:17:19.823,24.9,101.0
2024-05-31 18:17:29.725,24.9,101.0
2024-05-31 18:17:39.530,24.9,101.0
2024-05-31 18:17:49.289,24.9,101.0
2024-05-31 18:17:59.179,24.9,101.0
2024-05-31 18:18:08.877,24.9,101.0
2024-05-31 18:18:18.775,24.9,101.0
2024-05-31 18:18:28.622,24.9,101.0
2024-05-31 18:18:38.467,24.9,101.0
2024-05-31 18:18:48.244,24.9,101.0
2024-05-31 18:18:58.119,24.9,101.0
2024-05-31 18:19:07.776,25.0,101.0
2024-05-31 18:19:17.598,25.0,101.0
2024-05-31 18:19:27.317,24.9,101.0
2024-05-31 18:19:37.177,24.9,101.0
2024-05-31 18:19:46.837,24.9,101.0
2024-05-31 18:19:56.779,24.9,101.0
2024-05-31 18:20:06.646,24.9,101.0
2024-05-31 18:20:16.349,24.9,101.0
2024-05-31 18:20:26.181,25.0,101.0
2024-05-31 18:20:35.872,24.9,101.0
2024-05-31 18:20:45.796,24.9,101.0
2024-05-31 18:20:55.646,24.9,101.0
2024-05-31 18:21:05.398,24.9,101.0
2024-05-31 18:21:15.281,24.9,101.0
2024-05-31 18:21:25.082,25.0,101.0
2024-05-31 18:21:34.855,25.0,101.0
2024-05-31 18:21:44.789,25.0,101.0
2024-05-31 18:21:54.661,24.9,101.0
2024-05-31 18:22:04.425,24.9,101.0
2024-05-31 18:22:14.263,24.9,101.0
2024-05-31 18:22:23.948,24.9,101.0
2024-05-31 18:22:33.844,24.9,101.0
2024-05-31 18:22:43.645,24.9,101.0
2024-05-31 18:22:53.323,24.9,101.0
2024-05-31 18:23:03.230,24.9,101.0
2024-05-31 18:23:12.994,24.9,101.0
2024-05-31 18:23:22.856,24.9,101.0
2024-05-31 18:23:32.651,24.9,101.0
2024-05-31 18:23:42.349,25.0,101.0
2024-05-31 18:23:52.237,25.0,101.0
2024-05-31 18:24:01.965,25.0,101.0
2024-05-31 18:24:11.820,25.0,101.0
2024-05-31 18:24:21.714,25.0,101.0
2024-05-31 18:24:31.399,25.0,101.0
2024-05-31 18:24:41.203,25.0,101.0
2024-05-31 18:24:51.020,25.0,101.0
2024-05-31 18:25:00.816,25.0,101.0
2024-05-31 18:25:10.657,25.0,101.0
2024-05-31 18:25:20.424,25.0,101.0
2024-05-31 18:25:30.325,25.0,101.0
2024-05-31 18:25:40.119,25.0,101.0
2024-05-31 18:25:49.881,25.0,101.0
2024-05-31 18:25:59.734,25.0,101.0
2024-05-31 18:26:09.538,25.0,101.0
2024-05-31 18:26:19.315,25.0,101.0
2024-05-31 18:26:29.086,25.0,101.0
2024-05-31 18:26:38.831,25.0,101.0
2024-05-31 18:26:48.632,25.0,101.0
2024-05-31 18:26:58.326,25.0,101.0
2024-05-31 18:27:08.180,25.0,101.0
2024-05-31 18:27:17.895,25.0,101.0
2024-05-31 18:27:27.630,25.0,101.0
2024-05-31 18:27:37.385,25.0,101.0
2024-05-31 18:27:47.263,25.0,101.1
2024-05-31 18:27:56.946,25.0,101.1
2024-05-31 18:28:06.754,25.0,101.1
2024-05-31 18:28:16.532,25.0,101.0
2024-05-31 18:28:26.322,25.0,101.1
2024-05-31 18:28:36.213,25.0,101.1
2024-05-31 18:28:45.927,25.0,101.1
2024-05-31 18:28:55.782,25.0,101.1
2024-05-31 18:29:05.617,25.0,101.1
2024-05-31 18:29:15.373,25.0,101.1
2024-05-31 18:29:25.241,25.0,101.1
2024-05-31 18:29:34.946,25.0,101.0
2024-05-31 18:29:44.832,25.0,101.0
2024-05-31 18:29:54.678,25.0,101.0
2024-05-31 18:30:04.390,25.0,101.0
2024-05-31 18:30:14.262,25.0,101.0
2024-05-31 18:30:23.998,25.0,101.1
2024-05-31 18:30:33.851,25.0,101.0
2024-05-31 18:30:43.657,25.0,101.0
2024-05-31 18:30:53.421,25.1,101.0
2024-05-31 18:31:03.250,25.0,101.0
2024-05-31 18:31:12.954,25.1,101.1
2024-05-31 18:31:22.859,25.1,101.1
2024-05-31 18:31:32.706,25.1,101.1
2024-05-31 18:31:42.424,25.0,101.1
2024-05-31 18:31:52.190,25.0,101.1
2024-05-31 18:32:01.947,25.0,101.1
2024-05-31 18:32:11.842,25.0,101.1
2024-05-31 18:32:21.626,25.0,101.1
2024-05-31 18:32:31.396,25.0,101.1
2024-05-31 18:32:41.324,25.0,101.1
2024-05-31 18:32:51.089,25.0,101.1
2024-05-31 18:33:00.922,25.0,101.1
2024-05-31 18:33:10.764,25.0,101.1
2024-05-31 18:33:20.458,25.1,101.1
2024-05-31 18:33:30.365,25.0,101.1
2024-05-31 18:33:40.181,25.0,101.1
2024-05-31 18:33:49.919,25.0,101.1
2024-05-31 18:33:59.807,25.0,101.1
2024-05-31 18:34:09.494,25.0,101.1
2024-05-31 18:34:19.353,25.0,101.1
2024-05-31 18:34:29.237,25.0,101.1
2024-05-31 18:34:38.923,25.0,101.1
2024-05-31 18:34:48.834,25.0,101.1
2024-05-31 18:34:58.474,25.0,101.1
2024-05-31 18:35:08.308,25.0,101.1
2024-05-31 18:35:18.022,25.0,101.1
2024-05-31 18:35:27.888,25.0,101.1
2024-05-31 18:35:37.412,25.1,101.1
2024-05-31 18:35:47.270,25.1,101.1
2024-05-31 18:35:56.981,25.1,101.1
2024-05-31 18:36:06.797,25.1,101.1
2024-05-31 18:36:16.523,25.0,101.1
2024-05-31 18:36:26.446,25.0,101.1
2024-05-31 18:36:36.240,25.0,101.1
2024-05-31 18:36:45.896,25.0,101.1
2024-05-31 18:36:55.676,25.0,101.1
2024-05-31 18:37:05.457,24.9,101.1
2024-05-31 18:37:15.261,25.0,101.1
2024-05-31 18:37:25.097,25.1,101.1
2024-05-31 18:37:34.960,25.1,101.1
2024-05-31 18:37:44.860,25.1,101.1
2024-05-31 18:37:54.486,25.1,101.1
2024-05-31 18:38:04.320,25.1,101.1
2024-05-31 18:38:14.064,25.0,101.1
2024-05-31 18:38:23.917,25.0,101.1
2024-05-31 18:38:33.748,25.0,101.1
2024-05-31 18:38:43.552,25.0,101.1
2024-05-31 18:38:53.408,25.0,101.1
2024-05-31 18:39:03.117,25.0,101.1
2024-05-31 18:39:13.003,25.0,101.1
2024-05-31 18:39:22.866,25.0,101.1
2024-05-31 18:39:32.632,25.0,101.1
2024-05-31 18:39:42.394,25.0,101.1
2024-05-31 18:39:52.014,25.0,101.1
2024-05-31 18:40:01.941,25.1,101.1
2024-05-31 18:40:11.787,25.1,101.1
2024-05-31 18:40:21.526,25.0,101.1
2024-05-31 18:40:31.304,25.0,101.1
2024-05-31 18:40:41.048,25.1,101.1
2024-05-31 18:40:50.937,25.1,101.1
2024-05-31 18:41:00.708,25.1,101.1
2024-05-31 18:41:10.460,25.1,101.1
2024-05-31 18:41:20.255,25.1,101.1
2024-05-31 18:41:29.958,25.0,101.1
2024-05-31 18:41:39.802,25.0,101.1
2024-05-31 18:41:49.501,25.0,101.1
2024-05-31 18:41:59.348,25.0,101.1
2024-05-31 18:42:09.123,25.0,101.1
2024-05-31 18:42:18.954,25.0,101.1
2024-05-31 18:42:28.642,25.0,101.1
2024-05-31 18:42:38.420,25.1,101.1
2024-05-31 18:42:48.187,25.0,101.1
2024-05-31 18:42:57.985,25.0,101.1
2024-05-31 18:43:07.835,25.0,101.1
2024-05-31 18:43:17.613,25.0,101.1
2024-05-31 18:43:27.532,25.0,101.1
2024-05-31 18:43:37.345,25.1,101.1
2024-05-31 18:43:47.129,25.0,101.1
2024-05-31 18:43:57.009,25.0,101.1
2024-05-31 18:44:06.905,25.0,101.1
2024-05-31 18:44:16.618,25.0,101.1
2024-05-31 18:44:26.464,25.0,101.1
2024-05-31 18:44:36.358,25.1,101.1
2024-05-31 18:44:46.032,25.1,101.1
2024-05-31 18:44:55.832,25.1,101.1
2024-05-31 18:45:05.455,25.1,101.1
2024-05-31 18:45:15.330,25.0,101.1
2024-05-31 18:45:25.084,25.1,101.1
2024-05-31 18:45:34.958,25.1,101.1
2024-05-31 18:45:44.781,25.1,101.1
2024-05-31 18:45:54.471,25.1,101.1
2024-05-31 18:46:04.314,25.1,101.1
2024-05-31 18:46:13.933,25.1,101.1
2024-05-31 18:46:23.670,25.1,101.1
2024-05-31 18:46:33.480,25.1,101.1
2024-05-31 18:46:43.218,25.1,101.1
2024-05-31 18:46:53.005,25.1,101.1
2024-05-31 18:47:02.562,25.1,101.1
2024-05-31 18:47:12.482,25.1,101.1
2024-05-31 18:47:22.374,25.1,101.1
2024-05-31 18:47:32.069,25.1,101.1
2024-05-31 18:47:41.907,25.1,101.1
2024-05-31 18:47:51.636,25.1,101.1
2024-05-31 18:48:01.492,25.1,101.1
2024-05-31 18:48:11.277,25.1,101.1
2024-05-31 18:48:21.009,25.1,101.1
2024-05-31 18:48:30.861,25.1,101.1
2024-05-31 18:48:40.542,25.0,101.1
2024-05-31 18:48:50.349,25.1,101.1
2024-05-31 18:49:00.051,25.1,101.1
2024-05-31 18:49:09.843,25.0,101.1
2024-05-31 18:49:19.589,25.0,101.1
2024-05-31 18:49:29.504,25.0,101.1
2024-05-31 18:49:39.261,25.0,101.1
2024-05-31 18:49:49.045,25.0,101.1
2024-05-31 18:49:58.839,25.0,101.1
2024-05-31 18:50:08.595,25.0,101.1
2024-05-31 18:50:18.468,25.0,101.1
2024-05-31 18:50:28.256,25.1,101.1
2024-05-31 18:50:38.046,25.1,101.1
2024-05-31 18:50:47.716,25.1,101.1
2024-05-31 18:50:57.496,25.0,101.1
2024-05-31 18:51:07.297,25.0,101.1
2024-05-31 18:51:16.995,25.0,101.1
2024-05-31 18:51:26.651,25.0,101.1
2024-05-31 18:51:36.505,25.0,101.1
2024-05-31 18:51:46.336,25.0,101.1
2024-05-31 18:51:56.104,25.1,101.1
2024-05-31 18:52:05.885,25.1,101.1
2024-05-31 18:52:15.591,25.1,101.1
2024-05-31 18:52:25.366,25.1,101.1
2024-05-31 18:52:35.110,25.1,101.1
2024-05-31 18:52:44.914,25.1,101.1
2024-05-31 18:52:54.620,25.1,101.1
2024-05-31 18:53:04.406,25.1,101.1
2024-05-31 18:53:14.090,25.1,101.1
2024-05-31 18:53:23.989,25.1,101.1
2024-05-31 18:53:33.737,25.1,101.1
2024-05-31 18:53:43.590,25.1,101.1
2024-05-31 18:53:53.396,25.1,101.1
2024-05-31 18:54:03.136,25.1,101.1
2024-05-31 18:54:13.029,25.1,101.1
2024-05-31 18:54:22.689,25.1,101.1
2024-05-31 18:54:32.584,25.1,101.1
2024-05-31 18:54:42.424,25.1,101.1
2024-05-31 18:54:52.163,25.1,101.1
2024-05-31 18:55:02.029,25.1,101.1
2024-05-31 18:55:11.825,25.1,101.1
2024-05-31 18:55:21.617,25.1,101.1
2024-05-31 18:55:31.436,25.1,101.1
2024-05-31 18:55:41.115,25.1,101.1
2024-05-31 18:55:50.938,25.1,101.1
2024-05-31 18:56:00.621,25.1,101.1
2024-05-31 18:56:10.472,25.1,101.1
2024-05-31 18:56:19.938,25.1,101.1
2024-05-31 18:56:29.399,25.1,101.1
2024-05-31 18:56:38.882,25.1,101.1
2024-05-31 18:56:48.504,25.1,101.1
2024-05-31 18:56:57.891,25.0,101.1
2024-05-31 18:57:07.409,25.0,101.1
2024-05-31 18:57:16.941,25.1,101.1
2024-05-31 18:57:26.500,25.1,101.1
2024-05-31 18:57:35.904,25.1,101.1
2024-05-31 18:57:45.490,25.1,101.1
2024-05-31 18:57:54.903,25.1,101.1
2024-05-31 18:58:04.424,25.1,101.1
2024-05-31 18:58:13.899,25.1,101.1
2024-05-31 18:58:23.342,25.1,101.1
2024-05-31 18:58:32.852,25.1,101.1
2024-05-31 18:58:42.320,25.1,101.1
2024-05-31 18:58:51.873,25.1,101.1
2024-05-31 18:59:01.352,25.1,101.1
2024-05-31 18:59:10.873,25.1,101.1
2024-05-31 18:59:20.410,25.1,101.1
2024-05-31 18:59:29.986,25.1,101.1
2024-05-31 18:59:39.454,25.1,101.1
2024-05-31 18:59:48.876,25.1,101.1
2024-05-31 18:59:58.425,25.1,101.1
2024-05-31 19:00:07.931,25.1,101.1
2024-05-31 19:00:17.302,25.1,101.1
2024-05-31 19:00:26.896,25.1,101.1
2024-05-31 19:00:36.373,25.1,101.1
2024-05-31 19:00:45.827,25.1,101.1
2024-05-31 19:00:55.349,25.1,101.1
2024-05-31 19:01:04.923,25.1,101.1
2024-05-31 19:01:14.367,25.1,101.1
2024-05-31 19:01:23.799,25.1,101.1
2024-05-31 19:01:33.360,25.1,101.1
2024-05-31 19:01:42.919,25.1,101.1
2024-05-31 19:01:52.383,25.1,101.1
2024-05-31 19:02:02.016,25.1,101.1
2024-05-31 19:02:11.449,25.1,101.1
2024-05-31 19:02:20.982,25.2,101.1
2024-05-31 19:02:30.492,25.2,101.1
2024-05-31 19:02:39.973,25.1,101.1
2024-05-31 19:02:49.570,25.1,101.1
2024-05-31 19:02:59.065,25.1,101.1
2024-05-31 19:03:08.642,25.1,101.1
2024-05-31 19:03:18.158,25.1,101.1
2024-05-31 19:03:27.746,25.1,101.1
2024-05-31 19:03:37.401,25.1,101.1
2024-05-31 19:03:46.925,25.1,101.1
2024-05-31 19:03:56.385,25.2,101.1
2024-05-31 19:04:05.760,25.1,101.1
2024-05-31 19:04:15.371,25.1,101.1
2024-05-31 19:04:24.852,25.1,101.1
2024-05-31 19:04:34.476,25.1,101.1
2024-05-31 19:04:43.994,25.1,101.1
2024-05-31 19:04:53.431,25.1,101.1
2024-05-31 19:05:02.990,25.1,101.1
2024-05-31 19:05:12.528,25.1,101.1
2024-05-31 19:05:21.961,25.1,101.1
2024-05-31 19:05:31.516,25.1,101.1
2024-05-31 19:05:41.064,25.1,101.1
2024-05-31 19:05:50.517,25.1,101.1
2024-05-31 19:06:00.035,25.1,101.1
2024-05-31 19:06:09.458,25.1,101.1
2024-05-31 19:06:18.930,25.1,101.1
2024-05-31 19:06:28.447,25.0,101.1
2024-05-31 19:06:37.967,25.1,101.1
2024-05-31 19:06:47.437,25.0,101.1
2024-05-31 19:06:56.917,25.0,101.1
2024-05-31 19:07:06.485,25.1,101.1
2024-05-31 19:07:15.960,25.1,101.1
2024-05-31 19:07:25.471,25.1,101.1
2024-05-31 19:07:35.002,25.1,101.1
2024-05-31 19:07:44.567,25.1,101.1
2024-05-31 19:07:54.018,25.1,101.1
2024-05-31 19:08:03.370,25.1,101.1
2024-05-31 19:08:12.952,25.1,101.1
2024-05-31 19:08:22.397,25.1,101.1
2024-05-31 19:08:31.884,25.1,101.1
2024-05-31 19:08:41.550,25.1,101.1
2024-05-31 19:08:51.012,25.1,101.1
2024-05-31 19:09:00.453,25.1,101.1
2024-05-31 19:09:09.881,25.1,101.1
2024-05-31 19:09:19.458,25.1,101.1
2024-05-31 19:09:29.017,25.1,101.1
2024-05-31 19:09:38.557,25.1,101.1
2024-05-31 19:09:48.047,25.1,101.1
2024-05-31 19:09:57.610,25.1,101.1
2024-05-31 19:10:07.083,25.1,101.1
2024-05-31 19:10:16.565,25.1,101.1
2024-05-31 19:10:26.031,25.1,101.1
2024-05-31 19:10:35.629,25.1,101.1
2024-05-31 19:10:45.185,25.1,101.1
2024-05-31 19:10:54.711,25.2,101.1
2024-05-31 19:11:04.221,25.1,101.1
2024-05-31 19:11:13.774,25.1,101.1
2024-05-31 19:11:23.264,25.1,101.1
2024-05-31 19:11:32.927,25.1,101.1
2024-05-31 19:11:42.436,25.1,101.1
2024-05-31 19:11:51.914,25.1,101.1
2024-05-31 19:12:01.363,25.1,101.1
2024-05-31 19:12:10.954,25.1,101.1
2024-05-31 19:12:20.439,25.1,101.1
2024-05-31 19:12:29.977,25.1,101.1
2024-05-31 19:12:39.416,25.1,101.1
2024-05-31 19:12:49.010,25.1,101.1
2024-05-31 19:12:58.503,25.1,101.1
2024-05-31 19:13:08.072,25.1,101.1
2024-05-31 19:13:17.432,25.1,101.1
2024-05-31 19:13:27.021,25.1,101.1
2024-05-31 19:13:36.553,25.1,101.1
2024-05-31 19:13:46.150,25.1,101.1
2024-05-31 19:13:55.531,25.1,101.1
2024-05-31 19:14:05.054,25.1,101.1
2024-05-31 19:14:14.581,25.1,101.1
2024-05-31 19:14:24.125,25.2,101.1
2024-05-31 19:14:33.626,25.2,101.1
2024-05-31 19:14:43.197,25.1,101.1
2024-05-31 19:14:52.676,25.1,101.1
2024-05-31 19:15:02.289,25.1,101.1
2024-05-31 19:15:11.937,25.1,101.1
2024-05-31 19:15:21.527,25.1,101.1
2024-05-31 19:15:31.057,25.1,101.1
2024-05-31 19:15:40.547,25.1,101.1
2024-05-31 19:15:50.075,25.1,101.1
2024-05-31 19:15:59.653,25.1,101.1
2024-05-31 19:16:09.128,25.1,101.1
2024-05-31 19:16:18.623,25.1,101.1
2024-05-31 19:16:28.175,25.1,101.1
2024-05-31 19:16:37.573,25.1,101.1
2024-05-31 19:16:47.103,25.1,101.1
2024-05-31 19:16:56.478,25.1,101.1
2024-05-31 19:17:06.105,25.1,101.1
2024-05-31 19:17:15.648,25.1,101.1
2024-05-31 19:17:25.225,25.1,101.1
2024-05-31 19:17:34.640,25.1,101.1
2024-05-31 19:17:44.163,25.1,101.1
2024-05-31 19:17:53.670,25.1,101.1
2024-05-31 19:18:03.206,25.1,101.1
2024-05-31 19:18:12.792,25.2,101.1
2024-05-31 19:18:22.340,25.1,101.1
2024-05-31 19:18:31.909,25.1,101.1
2024-05-31 19:18:41.525,25.1,101.1
2024-05-31 19:18:51.135,25.1,101.1
2024-05-31 19:19:00.627,25.1,101.1
2024-05-31 19:19:10.115,25.1,101.1
2024-05-31 19:19:19.643,25.1,101.1
2024-05-31 19:19:29.161,25.1,101.1
2024-05-31 19:19:38.632,25.1,101.1
2024-05-31 19:19:48.197,25.1,101.1
2024-05-31 19:19:57.708,25.1,101.1
2024-05-31 19:20:07.254,25.2,101.1
2024-05-31 19:20:16.746,25.2,101.1
2024-05-31 19:20:26.277,25.1,101.1
2024-05-31 19:20:35.821,25.1,101.1
2024-05-31 19:20:45.411,25.1,101.1
2024-05-31 19:20:54.917,25.2,101.1
2024-05-31 19:21:04.600,25.2,101.1
2024-05-31 19:21:14.126,25.2,101.1
2024-05-31 19:21:23.633,25.1,101.1
2024-05-31 19:21:33.133,25.1,101.1
2024-05-31 19:21:42.656,25.1,101.1
2024-05-31 19:21:52.185,25.2,101.1
2024-05-31 19:22:01.706,25.1,101.1
2024-05-31 19:22:11.238,25.2,101.1
2024-05-31 19:22:20.775,25.2,101.1
2024-05-31 19:22:30.225,25.1,101.1
2024-05-31 19:22:39.767,25.2,101.1
2024-05-31 19:22:49.271,25.1,101.1
2024-05-31 19:22:58.815,25.1,101.1
2024-05-31 19:23:08.362,25.1,101.1
2024-05-31 19:23:17.979,25.1,101.1
2024-05-31 19:23:27.526,25.1,101.1
2024-05-31 19:23:37.064,25.1,101.1
2024-05-31 19:23:46.645,25.1,101.1
2024-05-31 19:23:56.172,25.1,101.1
2024-05-31 19:24:05.662,25.2,101.1
2024-05-31 19:24:15.170,25.2,101.1
2024-05-31 19:24:24.667,25.2,101.1
2024-05-31 19:24:34.095,25.1,101.1
2024-05-31 19:24:43.663,25.2,101.1
2024-05-31 19:24:53.240,25.2,101.1
2024-05-31 19:25:02.641,25.1,101.1
2024-05-31 19:25:12.166,25.2,101.1
2024-05-31 19:25:21.713,25.2,101.1
2024-05-31 19:25:31.175,25.2,101.1
2024-05-31 19:25:40.687,25.2,101.1
2024-05-31 19:25:50.177,25.1,101.1
2024-05-31 19:25:59.773,25.1,101.1
2024-05-31 19:26:09.340,25.2,101.1
2024-05-31 19:26:18.922,25.1,101.1
2024-05-31 19:26:28.391,25.1,101.1
2024-05-31 19:26:38.006,25.1,101.1
2024-05-31 19:26:47.641,25.1,101.1
2024-05-31 19:26:57.169,25.1,101.1
2024-05-31 19:27:06.667,25.2,101.1
2024-05-31 19:27:16.210,25.2,101.1
2024-05-31 19:27:25.787,25.2,101.1
2024-05-31 19:27:35.251,25.2,101.1
2024-05-31 19:27:44.749,25.2,101.1
2024-05-31 19:27:54.244,25.2,101.1
2024-05-31 19:28:03.796,25.1,101.1
2024-05-31 19:28:13.381,25.1,101.1
2024-05-31 19:28:22.921,25.1,101.1
2024-05-31 19:28:32.486,25.1,101.1
2024-05-31 19:28:42.178,25.1,101.1
2024-05-31 19:28:51.709,25.1,101.1
2024-05-31 19:29:01.300,25.1,101.1
2024-05-31 19:29:10.831,25.1,101.1
2024-05-31 19:29:20.406,25.1,101.1
2024-05-31 19:29:29.906,25.1,101.1
2024-05-31 19:29:39.463,25.1,101.1
2024-05-31 19:29:48.892,25.1,101.1
2024-05-31 19:29:58.530,25.1,101.1
2024-05-31 19:30:08.083,25.1,101.1
2024-05-31 19:30:17.662,25.1,101.1
2024-05-31 19:30:27.149,25.1,101.1
2024-05-31 19:30:36.679,25.1,101.1
2024-05-31 19:30:46.263,25.2,101.1
2024-05-31 19:30:55.767,25.2,101.1
2024-05-31 19:31:05.345,25.2,101.1
2024-05-31 19:31:14.932,25.1,101.1
2024-05-31 19:31:24.557,25.1,101.1
2024-05-31 19:31:34.169,25.2,101.1
2024-05-31 19:31:43.675,25.1,101.1
2024-05-31 19:31:53.164,25.2,101.1
2024-05-31 19:32:02.773,25.2,101.1
2024-05-31 19:32:12.168,25.2,101.1
2024-05-31 19:32:21.672,25.2,101.1
2024-05-31 19:32:31.143,25.2,101.1
2024-05-31 19:32:40.749,25.2,101.1
2024-05-31 19:32:50.078,25.2,101.1
2024-05-31 19:32:59.836,25.2,101.1
2024-05-31 19:33:09.401,25.2,101.1
2024-05-31 19:33:18.974,25.2,101.1
2024-05-31 19:33:28.662,25.2,101.1
2024-05-31 19:33:38.208,25.2,101.1
2024-05-31 19:33:47.719,25.2,101.1
2024-05-31 19:33:57.300,25.2,101.1
2024-05-31 19:34:06.875,25.2,101.1
2024-05-31 19:34:16.294,25.2,101.1
2024-05-31 19:34:25.831,25.2,101.1
2024-05-31 19:34:35.367,25.2,101.1
2024-05-31 19:34:44.887,25.1,101.1
2024-05-31 19:34:54.450,25.1,101.1
2024-05-31 19:35:03.949,25.2,101.1
2024-05-31 19:35:13.620,25.1,101.1
2024-05-31 19:35:23.201,25.1,101.1
2024-05-31 19:35:32.716,25.2,101.1
2024-05-31 19:35:42.174,25.2,101.1
2024-05-31 19:35:51.776,25.2,101.1
2024-05-31 19:36:01.242,25.2,101.1
2024-05-31 19:36:10.863,25.2,101.1
2024-05-31 19:36:20.328,25.1,101.1
2024-05-31 19:36:29.779,25.1,101.1
2024-05-31 19:36:39.307,25.1,101.1
2024-05-31 19:36:48.816,25.1,101.1
2024-05-31 19:36:58.329,25.1,101.1
2024-05-31 19:37:07.834,25.1,101.1
2024-05-31 19:37:17.310,25.1,101.1
2024-05-31 19:37:26.781,25.1,101.1
2024-05-31 19:37:36.286,25.2,101.1
2024-05-31 19:37:45.749,25.2,101.1
2024-05-31 19:37:55.260,25.2,101.1
2024-05-31 19:38:04.702,25.2,101.1
2024-05-31 19:38:14.276,25.2,101.1
2024-05-31 19:38:23.680,25.2,101.1
2024-05-31 19:38:33.245,25.2,101.1
2024-05-31 19:38:42.746,25.2,101.1
2024-05-31 19:38:52.285,25.1,101.1
2024-05-31 19:39:01.824,25.1,101.1
2024-05-31 19:39:11.316,25.1,101.1
2024-05-31 19:39:20.842,25.2,101.1
2024-05-31 19:39:30.399,25.1,101.1
2024-05-31 19:39:39.936,25.2,101.1
2024-05-31 19:39:49.450,25.2,101.1
2024-05-31 19:39:58.982,25.2,101.1
2024-05-31 19:40:08.625,25.2,101.1
2024-05-31 19:40:18.190,25.1,101.1
2024-05-31 19:40:27.778,25.1,101.1
2024-05-31 19:40:37.149,25.1,101.1
2024-05-31 19:40:46.818,25.1,101.1
2024-05-31 19:40:56.369,25.1,101.1
2024-05-31 19:41:05.846,25.2,101.1
2024-05-31 19:41:15.396,25.2,101.1
2024-05-31 19:41:24.875,25.2,101.1
2024-05-31 19:41:34.361,25.2,101.1
2024-05-31 19:41:43.905,25.2,101.1
2024-05-31 19:41:53.445,25.2,101.1
2024-05-31 19:42:03.028,25.2,101.1
2024-05-31 19:42:12.607,25.2,101.1
2024-05-31 19:42:22.069,25.2,101.1
2024-05-31 19:42:31.810,25.2,101.1
2024-05-31 19:42:41.295,25.2,101.1
2024-05-31 19:42:50.923,25.2,101.1
2024-05-31 19:43:00.448,25.2,101.1
2024-05-31 19:43:09.957,25.2,101.1
2024-05-31 19:43:19.418,25.2,101.1
2024-05-31 19:43:28.869,25.1,101.1
2024-05-31 19:43:38.341,25.2,101.1
2024-05-31 19:43:47.889,25.2,101.1
2024-05-31 19:43:57.322,25.2,101.1
2024-05-31 19:44:06.797,25.1,101.1
2024-05-31 19:44:16.259,25.1,101.1
2024-05-31 19:44:25.809,25.2,101.1
2024-05-31 19:44:35.220,25.2,101.1
2024-05-31 19:44:44.810,25.1,101.1
2024-05-31 19:44:54.390,25.1,101.1
2024-05-31 19:45:03.867,25.2,101.1
2024-05-31 19:45:13.313,25.1,101.1
2024-05-31 19:45:22.858,25.1,101.1
2024-05-31 19:45:32.397,25.1,101.1
2024-05-31 19:45:41.884,25.2,101.1
2024-05-31 19:45:51.339,25.2,101.1
2024-05-31 19:46:00.864,25.2,101.1
2024-05-31 19:46:10.399,25.2,101.1
2024-05-31 19:46:19.956,25.2,101.1
2024-05-31 19:46:29.490,25.2,101.1
2024-05-31 19:46:39.080,25.2,101.1
2024-05-31 19:46:48.616,25.2,101.1
2024-05-31 19:46:58.231,25.2,101.1
2024-05-31 19:47:07.854,25.2,101.1
2024-05-31 19:47:17.416,25.2,101.1
2024-05-31 19:47:26.946,25.2,101.1
2024-05-31 19:47:36.533,25.2,101.1
2024-05-31 19:47:46.164,25.2,101.1
2024-05-31 19:47:55.738,25.2,101.1
2024-05-31 19:48:05.397,25.1,101.1
2024-05-31 19:48:14.919,25.1,101.1
2024-05-31 19:48:24.443,25.1,101.1
2024-05-31 19:48:33.891,25.1,101.1
2024-05-31 19:48:43.409,25.2,101.1
2024-05-31 19:48:52.867,25.2,101.1
2024-05-31 19:49:02.337,25.2,101.1
2024-05-31 19:49:11.932,25.2,101.1
2024-05-31 19:49:21.423,25.2,101.1
2024-05-31 19:49:31.010,25.2,101.1
2024-05-31 19:49:40.619,25.2,101.1
2024-05-31 19:49:50.117,25.2,101.1
2024-05-31 19:49:59.750,25.2,101.1
2024-05-31 19:50:09.319,25.2,101.1
2024-05-31 19:50:18.828,25.1,101.1
2024-05-31 19:50:28.436,25.1,101.1
2024-05-31 19:50:37.983,25.2,101.1
2024-05-31 19:50:47.465,25.2,101.1
2024-05-31 19:50:57.014,25.1,101.1
2024-05-31 19:51:06.397,25.1,101.1
2024-05-31 19:51:15.941,25.1,101.1
2024-05-31 19:51:25.439,25.2,101.1
2024-05-31 19:51:34.959,25.1,101.1
2024-05-31 19:51:44.540,25.1,101.1
2024-05-31 19:51:54.090,25.1,101.1
2024-05-31 19:52:03.706,25.1,101.1
2024-05-31 19:52:13.403,25.1,101.1
2024-05-31 19:52:22.868,25.1,101.1
2024-05-31 19:52:32.462,25.2,101.1
2024-05-31 19:52:42.008,25.2,101.1
2024-05-31 19:52:51.482,25.2,101.1
2024-05-31 19:53:01.084,25.2,101.1
2024-05-31 19:53:10.711,25.2,101.1
2024-05-31 19:53:20.389,25.2,101.1
2024-05-31 19:53:29.896,25.2,101.1
2024-05-31 19:53:39.447,25.2,101.1
2024-05-31 19:53:49.001,25.2,101.1
2024-05-31 19:53:58.629,25.2,101.1
2024-05-31 19:54:08.172,25.2,101.1
2024-05-31 19:54:17.827,25.2,101.1
2024-05-31 19:54:27.336,25.2,101.1
2024-05-31 19:54:36.888,25.2,101.1
2024-05-31 19:54:46.400,25.2,101.1
2024-05-31 19:54:56.016,25.1,101.1
2024-05-31 19:55:05.461,25.2,101.1
2024-05-31 19:55:14.921,25.2,101.1
2024-05-31 19:55:24.502,25.2,101.1
2024-05-31 19:55:34.012,25.2,101.1
2024-05-31 19:55:43.515,25.2,101.1
2024-05-31 19:55:53.077,25.2,101.1
2024-05-31 19:56:02.523,25.1,101.1
2024-05-31 19:56:12.081,25.2,101.1
2024-05-31 19:56:21.697,25.2,101.1
2024-05-31 19:56:31.343,25.2,101.1
2024-05-31 19:56:40.880,25.2,101.1
2024-05-31 19:56:50.422,25.2,101.1
2024-05-31 19:57:00.053,25.2,101.1
2024-05-31 19:57:09.624,25.2,101.1
2024-05-31 19:57:19.270,25.2,101.1
2024-05-31 19:57:28.828,25.2,101.1
2024-05-31 19:57:38.421,25.2,101.1
2024-05-31 19:57:47.917,25.2,101.1
2024-05-31 19:57:57.431,25.2,101.1
2024-05-31 19:58:06.956,25.2,101.1
2024-05-31 19:58:16.451,25.2,101.1
2024-05-31 19:58:25.997,25.2,101.1
2024-05-31 19:58:35.538,25.2,101.1
2024-05-31 19:58:44.968,25.2,101.1
2024-05-31 19:58:54.575,25.2,101.1
2024-05-31 19:59:04.154,25.2,101.1
2024-05-31 19:59:13.726,25.2,101.1
2024-05-31 19:59:23.325,25.2,101.1
2024-05-31 19:59:32.927,25.2,101.1
2024-05-31 19:59:42.549,25.2,101.1
2024-05-31 19:59:52.044,25.1,101.1
2024-05-31 20:00:01.619,25.2,101.1
2024-05-31 20:00:10.948,25.2,101.1
2024-05-31 20:00:20.411,25.2,101.1
2024-05-31 20:00:29.958,25.2,101.1
2024-05-31 20:00:39.509,25.2,101.1
2024-05-31 20:00:49.119,25.2,101.1
2024-05-31 20:00:58.533,25.2,101.1
2024-05-31 20:01:07.991,25.2,101.1
2024-05-31 20:01:17.587,25.2,101.1
2024-05-31 20:01:27.122,25.1,101.1
2024-05-31 20:01:36.662,25.2,101.1
2024-05-31 20:01:46.269,25.2,101.1
2024-05-31 20:01:55.941,25.2,101.1
2024-05-31 20:02:05.452,25.2,101.1
2024-05-31 20:02:14.841,25.2,101.1
2024-05-31 20:02:24.466,25.2,101.1
2024-05-31 20:02:33.909,25.2,101.1
2024-05-31 20:02:43.476,25.2,101.1
2024-05-31 20:02:53.015,25.2,101.1
2024-05-31 20:03:02.507,25.2,101.1
2024-05-31 20:03:12.021,25.2,101.1
2024-05-31 20:03:21.583,25.1,101.1
2024-05-31 20:03:31.062,25.1,101.1
2024-05-31 20:03:40.573,25.2,101.1
2024-05-31 20:03:50.129,25.2,101.1
2024-05-31 20:03:59.757,25.2,101.1
2024-05-31 20:04:09.413,25.2,101.1
2024-05-31 20:04:18.887,25.2,101.1
2024-05-31 20:04:28.464,25.1,101.1
2024-05-31 20:04:37.978,25.1,101.1
2024-05-31 20:04:47.552,25.1,101.1
2024-05-31 20:04:57.110,25.2,101.1
2024-05-31 20:05:06.616,25.2,101.1
2024-05-31 20:05:16.115,25.2,101.1
2024-05-31 20:05:25.678,25.2,101.1
2024-05-31 20:05:35.153,25.2,101.1
2024-05-31 20:05:44.654,25.2,101.1
2024-05-31 20:05:54.236,25.2,101.1
2024-05-31 20:06:03.934,25.2,101.1
2024-05-31 20:06:13.449,25.1,101.1
2024-05-31 20:06:22.977,25.1,101.1
2024-05-31 20:06:32.549,25.2,101.1
2024-05-31 20:06:42.018,25.1,101.1
2024-05-31 20:06:51.567,25.2,101.1
2024-05-31 20:07:01.069,25.2,101.1
2024-05-31 20:07:10.584,25.2,101.1
2024-05-31 20:07:20.010,25.2,101.1
2024-05-31 20:07:29.572,25.2,101.1
2024-05-31 20:07:39.104,25.2,101.1
2024-05-31 20:07:48.591,25.2,101.1
2024-05-31 20:07:58.020,25.2,101.1
2024-05-31 20:08:07.552,25.2,101.1
2024-05-31 20:08:17.076,25.2,101.1
2024-05-31 20:08:26.578,25.2,101.1
2024-05-31 20:08:36.141,25.2,101.1
2024-05-31 20:08:45.676,25.2,101.1
2024-05-31 20:08:55.169,25.2,101.1
2024-05-31 20:09:04.773,25.1,101.1
2024-05-31 20:09:14.342,25.2,101.1
2024-05-31 20:09:24.057,25.2,101.1
2024-05-31 20:09:33.628,25.2,101.1
2024-05-31 20:09:43.164,25.2,101.1
2024-05-31 20:09:52.725,25.2,101.1
2024-05-31 20:10:02.230,25.2,101.1
2024-05-31 20:10:11.899,25.2,101.1
2024-05-31 20:10:21.525,25.2,101.1
2024-05-31 20:10:31.102,25.2,101.1
2024-05-31 20:10:40.615,25.2,101.1
2024-05-31 20:10:50.100,25.2,101.1
2024-05-31 20:10:59.636,25.2,101.1
2024-05-31 20:11:09.199,25.2,101.1
2024-05-31 20:11:18.787,25.1,101.1
2024-05-31 20:11:28.411,25.1,101.1
2024-05-31 20:11:37.968,25.2,101.1
2024-05-31 20:11:47.415,25.2,101.1
2024-05-31 20:11:57.082,25.2,101.1
2024-05-31 20:12:06.609,25.2,101.1
2024-05-31 20:12:16.114,25.2,101.1
2024-05-31 20:12:25.732,25.2,101.1
2024-05-31 20:12:35.279,25.1,101.1
2024-05-31 20:12:44.923,25.1,101.1
2024-05-31 20:12:54.573,25.2,101.1
2024-05-31 20:13:04.123,25.2,101.1
2024-05-31 20:13:13.655,25.2,101.1
2024-05-31 20:13:23.152,25.2,101.1
2024-05-31 20:13:32.657,25.2,101.1
2024-05-31 20:13:42.206,25.2,101.1
2024-05-31 20:13:51.743,25.2,101.1
2024-05-31 20:14:01.421,25.2,101.1
2024-05-31 20:14:10.975,25.2,101.1
2024-05-31 20:14:20.640,25.2,101.1
2024-05-31 20:14:30.112,25.2,101.1
2024-05-31 20:14:39.633,25.1,101.1
2024-05-31 20:14:49.188,25.1,101.1
2024-05-31 20:14:58.738,25.1,101.1
2024-05-31 20:15:08.275,25.2,101.1
2024-05-31 20:15:17.868,25.2,101.1
2024-05-31 20:15:27.607,25.2,101.1
2024-05-31 20:15:37.142,25.2,101.1
2024-05-31 20:15:46.666,25.2,101.1
2024-05-31 20:15:56.191,25.2,101.1
2024-05-31 20:16:05.657,25.3,101.1
2024-05-31 20:16:15.207,25.2,101.1
2024-05-31 20:16:24.724,25.2,101.1
2024-05-31 20:16:34.261,25.1,101.1
2024-05-31 20:16:43.899,25.2,101.1
2024-05-31 20:16:53.553,25.2,101.1
2024-05-31 20:17:03.116,25.2,101.1
2024-05-31 20:17:12.636,25.2,101.1
2024-05-31 20:17:22.102,25.2,101.1
2024-05-31 20:17:31.675,25.2,101.1
2024-05-31 20:17:41.148,25.2,101.1
2024-05-31 20:17:50.756,25.2,101.1
2024-05-31 20:18:00.189,25.2,101.1
2024-05-31 20:18:09.789,25.2,101.1
2024-05-31 20:18:19.361,25.2,101.1
2024-05-31 20:18:28.975,25.2,101.1
2024-05-31 20:18:38.557,25.2,101.1
2024-05-31 20:18:48.129,25.2,101.1
2024-05-31 20:18:57.691,25.2,101.1
2024-05-31 20:19:07.303,25.2,101.1
2024-05-31 20:19:16.905,25.2,101.1
2024-05-31 20:19:26.459,25.2,101.1
2024-05-31 20:19:36.218,25.2,101.1
2024-05-31 20:19:45.799,25.2,101.1
2024-05-31 20:19:55.468,25.2,101.1
2024-05-31 20:20:05.023,25.2,101.1
2024-05-31 20:20:14.568,25.2,101.1
2024-05-31 20:20:24.149,25.2,101.1
2024-05-31 20:20:33.793,25.2,101.1
2024-05-31 20:20:43.325,25.2,101.1
2024-05-31 20:20:52.854,25.2,101.1
2024-05-31 20:21:02.516,25.2,101.1
2024-05-31 20:21:12.064,25.2,101.1
2024-05-31 20:21:21.633,25.2,101.1
2024-05-31 20:21:31.145,25.2,101.1
2024-05-31 20:21:40.746,25.2,101.1
2024-05-31 20:21:50.290,25.2,101.1
2024-05-31 20:21:59.888,25.2,101.1
2024-05-31 20:22:09.547,25.2,101.1
2024-05-31 20:22:19.034,25.2,101.1
2024-05-31 20:22:28.582,25.2,101.1
2024-05-31 20:22:38.241,25.2,101.1
2024-05-31 20:22:47.742,25.2,101.1
2024-05-31 20:22:57.276,25.3,101.1
2024-05-31 20:23:06.775,25.2,101.1
2024-05-31 20:23:16.356,25.2,101.1
2024-05-31 20:23:25.899,25.2,101.1
2024-05-31 20:23:35.449,25.2,101.1
2024-05-31 20:23:45.084,25.2,101.1
2024-05-31 20:23:54.721,25.2,101.1
2024-05-31 20:24:04.300,25.2,101.1
2024-05-31 20:24:13.824,25.2,101.1
2024-05-31 20:24:23.372,25.2,101.1
2024-05-31 20:24:32.957,25.2,101.1
2024-05-31 20:24:42.564,25.3,101.1
2024-05-31 20:24:52.123,25.2,101.1
2024-05-31 20:25:01.591,25.2,101.1
2024-05-31 20:25:11.235,25.2,101.1
2024-05-31 20:25:20.697,25.2,101.1
2024-05-31 20:25:30.204,25.2,101.1
2024-05-31 20:25:39.743,25.2,101.1
2024-05-31 20:25:49.373,25.2,101.1
2024-05-31 20:25:58.975,25.2,101.1
2024-05-31 20:26:08.690,25.2,101.1
2024-05-31 20:26:18.178,25.2,101.1
2024-05-31 20:26:27.758,25.2,101.1
2024-05-31 20:26:37.316,25.2,101.1
2024-05-31 20:26:46.909,25.2,101.1
2024-05-31 20:26:56.464,25.2,101.1
2024-05-31 20:27:05.933,25.2,101.1
2024-05-31 20:27:15.458,25.2,101.1
2024-05-31 20:27:25.045,25.2,101.1
2024-05-31 20:27:34.746,25.2,101.1
2024-05-31 20:27:44.245,25.2,101.1
2024-05-31 20:27:53.827,25.2,101.1
2024-05-31 20:28:03.443,25.2,101.1
2024-05-31 20:28:12.984,25.2,101.1
2024-05-31 20:28:22.554,25.2,101.1
2024-05-31 20:28:32.156,25.2,101.1
2024-05-31 20:28:41.701,25.2,101.1
2024-05-31 20:28:51.253,25.2,101.1
2024-05-31 20:29:00.803,25.2,101.1
2024-05-31 20:29:10.350,25.2,101.1
2024-05-31 20:29:19.898,25.2,101.1
2024-05-31 20:29:29.415,25.2,101.1
2024-05-31 20:29:39.073,25.2,101.1
2024-05-31 20:29:48.690,25.2,101.1
2024-05-31 20:29:58.176,25.2,101.1
2024-05-31 20:30:07.740,25.2,101.1
2024-05-31 20:30:17.386,25.2,101.1
2024-05-31 20:30:26.923,25.2,101.1
2024-05-31 20:30:36.653,25.2,101.1
2024-05-31 20:30:46.200,25.2,101.1
2024-05-31 20:30:55.794,25.2,101.1
2024-05-31 20:31:05.358,25.2,101.1
2024-05-31 20:31:14.957,25.2,101.1
2024-05-31 20:31:24.671,25.2,101.1
2024-05-31 20:31:34.143,25.2,101.1
2024-05-31 20:31:43.786,25.2,101.1
2024-05-31 20:31:53.224,25.2,101.1
2024-05-31 20:32:02.781,25.2,101.1
2024-05-31 20:32:12.409,25.2,101.1
2024-05-31 20:32:22.014,25.2,101.1
2024-05-31 20:32:31.744,25.3,101.1
2024-05-31 20:32:41.294,25.2,101.1
2024-05-31 20:32:50.788,25.2,101.1
2024-05-31 20:33:00.311,25.2,101.1
2024-05-31 20:33:09.945,25.2,101.1
2024-05-31 20:33:19.505,25.2,101.1
2024-05-31 20:33:29.183,25.2,101.1
2024-05-31 20:33:38.773,25.2,101.1
2024-05-31 20:33:48.383,25.2,101.1
2024-05-31 20:33:57.930,25.2,101.1
2024-05-31 20:34:07.492,25.2,101.1
2024-05-31 20:34:17.066,25.2,101.1
2024-05-31 20:34:26.642,25.2,101.1
2024-05-31 20:34:36.246,25.2,101.1
2024-05-31 20:34:45.788,25.2,101.1
2024-05-31 20:34:55.310,25.2,101.1
2024-05-31 20:35:04.844,25.2,101.1
2024-05-31 20:35:14.404,25.2,101.1
2024-05-31 20:35:23.981,25.2,101.1
2024-05-31 20:35:33.650,25.2,101.1
2024-05-31 20:35:43.164,25.2,101.1
2024-05-31 20:35:52.749,25.2,101.1
2024-05-31 20:36:02.297,25.2,101.1
2024-05-31 20:36:11.861,25.2,101.1
2024-05-31 20:36:21.390,25.2,101.1
2024-05-31 20:36:30.966,25.2,101.1
2024-05-31 20:36:40.450,25.3,101.1
2024-05-31 20:36:49.946,25.3,101.1
2024-05-31 20:36:59.595,25.3,101.1
2024-05-31 20:37:09.216,25.3,101.1
2024-05-31 20:37:18.762,25.3,101.1
2024-05-31 20:37:28.331,25.3,101.1
2024-05-31 20:37:37.819,25.2,101.1
2024-05-31 20:37:47.305,25.2,101.1
2024-05-31 20:37:56.871,25.3,101.1
2024-05-31 20:38:06.440,25.3,101.1
2024-05-31 20:38:16.022,25.2,101.1
2024-05-31 20:38:25.576,25.2,101.1
2024-05-31 20:38:35.226,25.2,101.1
2024-05-31 20:38:44.747,25.2,101.1
2024-05-31 20:38:54.336,25.3,101.1
2024-05-31 20:39:03.826,25.2,101.1
2024-05-31 20:39:13.291,25.2,101.1
2024-05-31 20:39:22.799,25.2,101.1
2024-05-31 20:39:32.339,25.2,101.1
2024-05-31 20:39:41.874,25.2,101.1
2024-05-31 20:39:51.441,25.2,101.1
2024-05-31 20:40:01.061,25.2,101.1
2024-05-31 20:40:10.732,25.2,101.1
2024-05-31 20:40:20.304,25.2,101.1
2024-05-31 20:40:29.832,25.2,101.1
2024-05-31 20:40:39.438,25.2,101.1
2024-05-31 20:40:49.019,25.2,101.1
2024-05-31 20:40:58.660,25.2,101.1
2024-05-31 20:41:08.280,25.2,101.1
2024-05-31 20:41:17.875,25.2,101.1
2024-05-31 20:41:27.435,25.3,101.1
2024-05-31 20:41:37.040,25.2,101.1
2024-05-31 20:41:46.687,25.2,101.1
2024-05-31 20:41:56.275,25.2,101.1
2024-05-31 20:42:05.835,25.2,101.1
2024-05-31 20:42:15.417,25.3,101.1
2024-05-31 20:42:24.957,25.3,101.1
2024-05-31 20:42:34.524,25.2,101.1
2024-05-31 20:42:44.089,25.2,101.1
2024-05-31 20:42:53.683,25.2,101.1
2024-05-31 20:43:03.365,25.2,101.1
2024-05-31 20:43:12.915,25.2,101.1
2024-05-31 20:43:22.490,25.3,101.1
2024-05-31 20:43:32.091,25.2,101.1
2024-05-31 20:43:41.773,25.3,101.1
2024-05-31 20:43:51.348,25.3,101.1
2024-05-31 20:44:00.874,25.3,101.1
2024-05-31 20:44:10.449,25.3,101.1
2024-05-31 20:44:20.048,25.3,101.1
2024-05-31 20:44:29.704,25.3,101.2
2024-05-31 20:44:39.320,25.3,101.2
2024-05-31 20:44:48.905,25.3,101.2
2024-05-31 20:44:58.391,25.3,101.2
2024-05-31 20:45:07.914,25.2,101.2
2024-05-31 20:45:17.445,25.2,101.2
2024-05-31 20:45:26.966,25.2,101.1
2024-05-31 20:45:36.596,25.2,101.2
2024-05-31 20:45:46.173,25.2,101.2
2024-05-31 20:45:55.829,25.2,101.2
2024-05-31 20:46:05.296,25.2,101.2
2024-05-31 20:46:14.833,25.2,101.2
2024-05-31 20:46:24.399,25.2,101.2
2024-05-31 20:46:33.941,25.2,101.2
2024-05-31 20:46:43.496,25.3,101.2
2024-05-31 20:46:52.929,25.2,101.2
2024-05-31 20:47:02.432,25.2,101.2
2024-05-31 20:47:11.965,25.2,101.2
2024-05-31 20:47:21.493,25.3,101.2
2024-05-31 20:47:30.996,25.3,101.2
2024-05-31 20:47:40.520,25.3,101.2
2024-05-31 20:47:50.106,25.2,101.2
2024-05-31 20:47:59.694,25.2,101.2
2024-05-31 20:48:09.346,25.2,101.2
2024-05-31 20:48:18.987,25.3,101.2
2024-05-31 20:48:28.545,25.2,101.2
2024-05-31 20:48:38.111,25.2,101.2
2024-05-31 20:48:47.694,25.2,101.2
2024-05-31 20:48:57.386,25.2,101.2
2024-05-31 20:49:06.857,25.2,101.2
2024-05-31 20:49:16.442,25.2,101.2
2024-05-31 20:49:25.966,25.2,101.2
2024-05-31 20:49:35.522,25.2,101.2
2024-05-31 20:49:45.082,25.2,101.2
2024-05-31 20:49:54.699,25.2,101.2
2024-05-31 20:50:04.318,25.2,101.2
2024-05-31 20:50:13.945,25.2,101.2
2024-05-31 20:50:23.414,25.3,101.2
2024-05-31 20:50:33.017,25.3,101.2
2024-05-31 20:50:42.618,25.3,101.2
2024-05-31 20:50:52.280,25.3,101.2
2024-05-31 20:51:01.785,25.3,101.2
2024-05-31 20:51:11.336,25.3,101.2
2024-05-31 20:51:20.994,25.2,101.2
2024-05-31 20:51:30.530,25.3,101.2
2024-05-31 20:51:40.132,25.2,101.2
2024-05-31 20:51:49.742,25.3,101.2
2024-05-31 20:51:59.332,25.3,101.2
2024-05-31 20:52:08.943,25.3,101.2
2024-05-31 20:52:18.475,25.2,101.2
2024-05-31 20:52:27.964,25.3,101.2
2024-05-31 20:52:37.493,25.3,101.2
2024-05-31 20:52:46.996,25.3,101.2
2024-05-31 20:52:56.512,25.3,101.2
2024-05-31 20:53:06.052,25.3,101.2
2024-05-31 20:53:15.612,25.3,101.2
2024-05-31 20:53:25.278,25.3,101.2
2024-05-31 20:53:34.869,25.3,101.2
2024-05-31 20:53:44.415,25.3,101.2
2024-05-31 20:53:53.951,25.2,101.2
2024-05-31 20:54:03.468,25.3,101.2
2024-05-31 20:54:13.003,25.2,101.2
2024-05-31 20:54:22.586,25.3,101.2
2024-05-31 20:54:32.112,25.3,101.2
2024-05-31 20:54:41.774,25.3,101.2
2024-05-31 20:54:51.426,25.2,101.2
2024-05-31 20:55:00.963,25.3,101.2
2024-05-31 20:55:10.491,25.2,101.2
2024-05-31 20:55:20.041,25.3,101.2
2024-05-31 20:55:29.614,25.2,101.2
2024-05-31 20:55:39.189,25.3,101.2
2024-05-31 20:55:48.794,25.3,101.2
2024-05-31 20:55:58.393,25.2,101.2
2024-05-31 20:56:07.942,25.2,101.2
2024-05-31 20:56:17.066,25.3,101.2
2024-05-31 20:56:26.139,25.3,101.2
2024-05-31 20:56:35.427,25.3,101.2
2024-05-31 20:56:44.668,25.3,101.2
2024-05-31 20:56:53.786,25.3,101.2
2024-05-31 20:57:03.105,25.3,101.2
2024-05-31 20:57:12.314,25.3,101.2
2024-05-31 20:57:21.469,25.3,101.2
2024-05-31 20:57:30.600,25.2,101.2
2024-05-31 20:57:39.743,25.2,101.2
2024-05-31 20:57:49.022,25.2,101.2
2024-05-31 20:57:58.177,25.2,101.2
2024-05-31 20:58:07.473,25.2,101.2
2024-05-31 20:58:16.583,25.2,101.2
2024-05-31 20:58:25.647,25.2,101.2
2024-05-31 20:58:34.946,25.3,101.2
2024-05-31 20:58:44.010,25.3,101.2
2024-05-31 20:58:53.182,25.3,101.2
2024-05-31 20:59:02.436,25.3,101.2
2024-05-31 20:59:11.619,25.3,101.2
2024-05-31 20:59:20.683,25.2,101.2
2024-05-31 20:59:29.947,25.2,101.2
2024-05-31 20:59:39.091,25.2,101.2
2024-05-31 20:59:48.220,25.3,101.2
2024-05-31 20:59:57.594,25.2,101.2
2024-05-31 21:00:06.857,25.2,101.2
2024-05-31 21:00:16.022,25.3,101.2
2024-05-31 21:00:25.149,25.3,101.2
2024-05-31 21:00:34.467,25.3,101.2
2024-05-31 21:00:43.526,25.2,101.2
2024-05-31 21:00:52.664,25.2,101.2
2024-05-31 21:01:01.875,25.2,101.2
2024-05-31 21:01:11.128,25.2,101.2
2024-05-31 21:01:20.310,25.2,101.2
2024-05-31 21:01:29.578,25.2,101.2
2024-05-31 21:01:38.653,25.2,101.2
2024-05-31 21:01:47.891,25.2,101.2
2024-05-31 21:01:57.046,25.2,101.2
2024-05-31 21:02:06.171,25.3,101.2
2024-05-31 21:02:15.360,25.3,101.2
2024-05-31 21:02:24.629,25.3,101.2
2024-05-31 21:02:33.887,25.3,101.2
2024-05-31 21:02:43.006,25.3,101.2
2024-05-31 21:02:52.245,25.3,101.2
2024-05-31 21:03:01.498,25.3,101.2
2024-05-31 21:03:10.671,25.3,101.2
2024-05-31 21:03:20.003,25.3,101.2
2024-05-31 21:03:29.178,25.3,101.2
2024-05-31 21:03:38.459,25.3,101.2
2024-05-31 21:03:47.643,25.3,101.2
2024-05-31 21:03:56.752,25.3,101.2
2024-05-31 21:04:06.088,25.3,101.2
2024-05-31 21:04:15.197,25.3,101.2
2024-05-31 21:04:24.519,25.3,101.2
2024-05-31 21:04:33.693,25.3,101.2
2024-05-31 21:04:42.917,25.2,101.2
2024-05-31 21:04:52.136,25.3,101.2
2024-05-31 21:05:01.251,25.3,101.2
2024-05-31 21:05:10.524,25.3,101.2
2024-05-31 21:05:19.691,25.3,101.2
2024-05-31 21:05:28.758,25.3,101.2
2024-05-31 21:05:37.980,25.3,101.2
2024-05-31 21:05:47.090,25.3,101.2
2024-05-31 21:05:56.230,25.3,101.2
2024-05-31 21:06:05.567,25.3,101.2
2024-05-31 21:06:14.686,25.3,101.2
2024-05-31 21:06:23.882,25.3,101.2
2024-05-31 21:06:33.178,25.3,101.2
2024-05-31 21:06:42.316,25.2,101.2
2024-05-31 21:06:51.534,25.3,101.2
2024-05-31 21:07:00.759,25.3,101.2
2024-05-31 21:07:10.025,25.3,101.2
2024-05-31 21:07:19.157,25.3,101.2
2024-05-31 21:07:28.347,25.3,101.2
2024-05-31 21:07:37.580,25.3,101.2
2024-05-31 21:07:46.762,25.3,101.2
2024-05-31 21:07:56.024,25.3,101.2
2024-05-31 21:08:05.213,25.3,101.2
2024-05-31 21:08:14.452,25.3,101.2
2024-05-31 21:08:23.561,25.3,101.2
2024-05-31 21:08:32.784,25.3,101.2
2024-05-31 21:08:42.058,25.3,101.2
2024-05-31 21:08:51.200,25.3,101.2
2024-05-31 21:09:00.415,25.3,101.2
2024-05-31 21:09:09.602,25.3,101.2
2024-05-31 21:09:18.821,25.3,101.2
2024-05-31 21:09:28.137,25.2,101.2
2024-05-31 21:09:37.317,25.3,101.2
2024-05-31 21:09:46.616,25.3,101.2
2024-05-31 21:09:55.699,25.3,101.2
2024-05-31 21:10:04.947,25.3,101.2
2024-05-31 21:10:14.118,25.3,101.2
2024-05-31 21:10:23.312,25.3,101.2
2024-05-31 21:10:32.460,25.3,101.2
2024-05-31 21:10:41.674,25.3,101.2
2024-05-31 21:10:50.972,25.3,101.2
2024-05-31 21:11:00.199,25.3,101.2
2024-05-31 21:11:09.360,25.3,101.2
2024-05-31 21:11:18.630,25.3,101.2
2024-05-31 21:11:27.742,25.3,101.2
2024-05-31 21:11:37.026,25.3,101.2
2024-05-31 21:11:46.181,25.3,101.2
2024-05-31 21:11:55.412,25.3,101.2
2024-05-31 21:12:04.653,25.3,101.2
2024-05-31 21:12:13.753,25.3,101.2
2024-05-31 21:12:23.000,25.3,101.2
2024-05-31 21:12:32.207,25.3,101.2
2024-05-31 21:12:41.379,25.3,101.2
2024-05-31 21:12:50.756,25.3,101.2
2024-05-31 21:12:59.895,25.4,101.2
2024-05-31 21:13:09.160,25.3,101.2
2024-05-31 21:13:18.214,25.3,101.2
2024-05-31 21:13:27.502,25.2,101.2
2024-05-31 21:13:36.816,25.2,101.2
2024-05-31 21:13:46.063,25.3,101.2
2024-05-31 21:13:55.237,25.2,101.2
2024-05-31 21:14:04.420,25.3,101.2
2024-05-31 21:14:13.728,25.3,101.2
2024-05-31 21:14:22.845,25.3,101.2
2024-05-31 21:14:32.287,25.2,101.2
2024-05-31 21:14:41.399,25.3,101.2
2024-05-31 21:14:50.764,25.3,101.2
2024-05-31 21:14:59.978,25.3,101.2
2024-05-31 21:15:09.223,25.3,101.2
2024-05-31 21:15:18.420,25.3,101.2
2024-05-31 21:15:27.792,25.3,101.2
2024-05-31 21:15:37.003,25.2,101.2
2024-05-31 21:15:46.146,25.3,101.2
2024-05-31 21:15:55.299,25.2,101.2
2024-05-31 21:16:04.500,25.2,101.2
2024-05-31 21:16:13.783,25.3,101.2
2024-05-31 21:16:23.042,25.2,101.2
2024-05-31 21:16:32.248,25.2,101.2
2024-05-31 21:16:41.516,25.3,101.2
2024-05-31 21:16:50.747,25.3,101.2
2024-05-31 21:16:59.865,25.3,101.2
2024-05-31 21:17:09.121,25.3,101.2
2024-05-31 21:17:18.294,25.2,101.2
2024-05-31 21:17:27.465,25.3,101.2
2024-05-31 21:17:36.825,25.3,101.2
2024-05-31 21:17:46.126,25.3,101.2
2024-05-31 21:17:55.279,25.3,101.2
2024-05-31 21:18:04.496,25.3,101.2
2024-05-31 21:18:13.767,25.3,101.2
2024-05-31 21:18:23.066,25.3,101.2
2024-05-31 21:18:32.314,25.3,101.2
2024-05-31 21:18:41.485,25.3,101.2
2024-05-31 21:18:50.770,25.3,101.2
2024-05-31 21:19:00.159,25.3,101.2
2024-05-31 21:19:09.284,25.2,101.2
2024-05-31 21:19:18.500,25.2,101.2
2024-05-31 21:19:27.743,25.3,101.2
2024-05-31 21:19:36.893,25.3,101.2
2024-05-31 21:19:46.108,25.2,101.2
2024-05-31 21:19:55.329,25.3,101.2
2024-05-31 21:20:04.545,25.3,101.2
2024-05-31 21:20:13.739,25.3,101.2
2024-05-31 21:20:22.865,25.3,101.2
2024-05-31 21:20:32.167,25.3,101.2
2024-05-31 21:20:41.319,25.3,101.2
2024-05-31 21:20:50.579,25.3,101.2
2024-05-31 21:20:59.831,25.3,101.2
2024-05-31 21:21:08.918,25.3,101.2
2024-05-31 21:21:18.251,25.3,101.2
2024-05-31 21:21:27.368,25.3,101.2
2024-05-31 21:21:36.687,25.3,101.2
2024-05-31 21:21:45.893,25.3,101.2
2024-05-31 21:21:55.163,25.3,101.2
2024-05-31 21:22:04.414,25.3,101.2
2024-05-31 21:22:13.698,25.3,101.2
2024-05-31 21:22:22.930,25.2,101.2
2024-05-31 21:22:32.209,25.2,101.2
2024-05-31 21:22:41.336,25.3,101.2
2024-05-31 21:22:50.553,25.3,101.2
2024-05-31 21:22:59.791,25.3,101.2
2024-05-31 21:23:09.076,25.3,101.2
2024-05-31 21:23:18.385,25.3,101.2
2024-05-31 21:23:27.705,25.3,101.2
2024-05-31 21:23:36.929,25.3,101.2
2024-05-31 21:23:46.223,25.3,101.2
2024-05-31 21:23:55.426,25.3,101.2
2024-05-31 21:24:04.622,25.3,101.2
2024-05-31 21:24:13.853,25.3,101.2
2024-05-31 21:24:23.061,25.2,101.2
2024-05-31 21:24:32.365,25.3,101.2
2024-05-31 21:24:41.674,25.2,101.2
2024-05-31 21:24:50.839,25.3,101.2
2024-05-31 21:25:00.028,25.3,101.2
2024-05-31 21:25:09.280,25.3,101.2
2024-05-31 21:25:18.577,25.3,101.2
2024-05-31 21:25:27.807,25.3,101.2
2024-05-31 21:25:37.036,25.3,101.2
2024-05-31 21:25:46.263,25.3,101.2
2024-05-31 21:25:55.415,25.2,101.2
2024-05-31 21:26:04.743,25.2,101.2
2024-05-31 21:26:13.890,25.2,101.2
2024-05-31 21:26:23.226,25.2,101.2
2024-05-31 21:26:32.366,25.2,101.2
2024-05-31 21:26:41.718,25.2,101.2
2024-05-31 21:26:50.896,25.3,101.2
2024-05-31 21:27:00.289,25.2,101.2
2024-05-31 21:27:09.487,25.3,101.2
2024-05-31 21:27:18.856,25.3,101.2
2024-05-31 21:27:28.237,25.3,101.2
2024-05-31 21:27:37.429,25.3,101.2
2024-05-31 21:27:46.774,25.4,101.2
2024-05-31 21:27:55.924,25.3,101.2
2024-05-31 21:28:05.266,25.3,101.2
2024-05-31 21:28:14.471,25.3,101.2
2024-05-31 21:28:23.797,25.3,101.2
2024-05-31 21:28:33.003,25.3,101.2
2024-05-31 21:28:42.295,25.3,101.2
2024-05-31 21:28:51.421,25.3,101.2
2024-05-31 21:29:00.695,25.3,101.2
2024-05-31 21:29:09.930,25.3,101.2
2024-05-31 21:29:19.104,25.3,101.2
2024-05-31 21:29:28.434,25.3,101.2
2024-05-31 21:29:37.776,25.3,101.2
2024-05-31 21:29:46.965,25.3,101.2
2024-05-31 21:29:56.300,25.3,101.2
2024-05-31 21:30:05.426,25.3,101.2
2024-05-31 21:30:14.721,25.3,101.2
2024-05-31 21:30:24.023,25.3,101.2
2024-05-31 21:30:33.280,25.3,101.2
2024-05-31 21:30:42.465,25.3,101.2
2024-05-31 21:30:51.734,25.3,101.2
2024-05-31 21:31:00.919,25.3,101.2
2024-05-31 21:31:09.912,25.3,101.2
2024-05-31 21:31:19.193,25.3,101.2
2024-05-31 21:31:28.371,25.3,101.2
2024-05-31 21:31:37.435,25.3,101.2
2024-05-31 21:31:46.652,25.3,101.2
2024-05-31 21:31:55.948,25.3,101.2
2024-05-31 21:32:05.334,25.3,101.2
2024-05-31 21:32:14.536,25.3,101.2
2024-05-31 21:32:23.810,25.3,101.2
2024-05-31 21:32:32.999,25.3,101.2
2024-05-31 21:32:42.292,25.3,101.2
2024-05-31 21:32:51.645,25.2,101.2
2024-05-31 21:33:00.837,25.2,101.2
2024-05-31 21:33:09.996,25.3,101.2
2024-05-31 21:33:19.296,25.3,101.2
2024-05-31 21:33:28.528,25.3,101.2
2024-05-31 21:33:37.817,25.3,101.2
2024-05-31 21:33:47.001,25.3,101.2
2024-05-31 21:33:56.274,25.3,101.2
2024-05-31 21:34:05.456,25.3,101.2
2024-05-31 21:34:14.630,25.3,101.2
2024-05-31 21:34:23.929,25.3,101.2
2024-05-31 21:34:33.164,25.3,101.2
2024-05-31 21:34:42.408,25.3,101.2
2024-05-31 21:34:51.530,25.2,101.2
2024-05-31 21:35:00.757,25.3,101.2
2024-05-31 21:35:09.900,25.3,101.2
2024-05-31 21:35:19.237,25.3,101.2
2024-05-31 21:35:28.436,25.3,101.2
2024-05-31 21:35:37.477,25.3,101.2
2024-05-31 21:35:46.835,25.3,101.2
2024-05-31 21:35:55.972,25.3,101.2
2024-05-31 21:36:05.320,25.3,101.2
2024-05-31 21:36:14.549,25.3,101.2
2024-05-31 21:36:23.831,25.3,101.2
2024-05-31 21:36:32.976,25.3,101.2
2024-05-31 21:36:42.310,25.3,101.2
2024-05-31 21:36:51.445,25.3,101.2
2024-05-31 21:37:00.784,25.3,101.2
2024-05-31 21:37:10.073,25.3,101.2
2024-05-31 21:37:19.391,25.3,101.2
2024-05-31 21:37:28.521,25.2,101.2
2024-05-31 21:37:37.907,25.2,101.2
2024-05-31 21:37:47.162,25.2,101.2
2024-05-31 21:37:56.492,25.3,101.2
2024-05-31 21:38:05.685,25.3,101.2
2024-05-31 21:38:14.948,25.3,101.2
2024-05-31 21:38:24.226,25.3,101.2
2024-05-31 21:38:33.540,25.3,101.2
2024-05-31 21:38:42.776,25.3,101.2
2024-05-31 21:38:51.987,25.3,101.2
2024-05-31 21:39:01.107,25.3,101.2
2024-05-31 21:39:10.373,25.3,101.2
2024-05-31 21:39:19.515,25.3,101.2
2024-05-31 21:39:28.754,25.3,101.2
2024-05-31 21:39:37.984,25.3,101.2
2024-05-31 21:39:47.192,25.3,101.2
2024-05-31 21:39:56.432,25.4,101.2
2024-05-31 21:40:05.557,25.3,101.2
2024-05-31 21:40:14.917,25.3,101.2
2024-05-31 21:40:24.154,25.3,101.2
2024-05-31 21:40:33.438,25.3,101.2
2024-05-31 21:40:42.528,25.3,101.2
2024-05-31 21:40:51.868,25.3,101.2
2024-05-31 21:41:01.083,25.3,101.2
2024-05-31 21:41:10.391,25.3,101.2
2024-05-31 21:41:19.590,25.3,101.2
2024-05-31 21:41:28.826,25.3,101.2
2024-05-31 21:41:38.008,25.3,101.2
2024-05-31 21:41:47.209,25.3,101.2
2024-05-31 21:41:56.473,25.3,101.2
2024-05-31 21:42:05.618,25.3,101.2
2024-05-31 21:42:15.054,25.2,101.2
2024-05-31 21:42:24.457,25.3,101.2
2024-05-31 21:42:33.622,25.3,101.2
2024-05-31 21:42:42.925,25.3,101.2
2024-05-31 21:42:52.104,25.3,101.2
2024-05-31 21:43:01.477,25.3,101.2
2024-05-31 21:43:10.653,25.3,101.2
2024-05-31 21:43:19.993,25.3,101.2
2024-05-31 21:43:29.228,25.3,101.2
2024-05-31 21:43:38.425,25.3,101.2
2024-05-31 21:43:47.657,25.3,101.2
2024-05-31 21:43:57.076,25.3,101.2
2024-05-31 21:44:06.362,25.3,101.2
2024-05-31 21:44:15.506,25.4,101.2
2024-05-31 21:44:24.734,25.4,101.2
2024-05-31 21:44:33.986,25.3,101.2
2024-05-31 21:44:43.294,25.3,101.2
2024-05-31 21:44:52.468,25.3,101.2
2024-05-31 21:45:01.642,25.4,101.2
2024-05-31 21:45:11.000,25.3,101.2
2024-05-31 21:45:20.259,25.3,101.2
2024-05-31 21:45:29.582,25.3,101.2
2024-05-31 21:45:38.779,25.3,101.2
2024-05-31 21:45:48.065,25.3,101.2
2024-05-31 21:45:57.442,25.3,101.2
2024-05-31 21:46:06.562,25.3,101.2
2024-05-31 21:46:15.936,25.3,101.2
2024-05-31 21:46:25.212,25.3,101.2
2024-05-31 21:46:34.543,25.3,101.2
2024-05-31 21:46:43.832,25.3,101.2
2024-05-31 21:46:53.064,25.3,101.2
2024-05-31 21:47:02.348,25.3,101.2
2024-05-31 21:47:11.606,25.3,101.2
2024-05-31 21:47:20.941,25.4,101.2
2024-05-31 21:47:30.151,25.4,101.2
2024-05-31 21:47:39.542,25.3,101.2
2024-05-31 21:47:48.647,25.3,101.2
2024-05-31 21:47:58.038,25.3,101.2
2024-05-31 21:48:07.235,25.3,101.2
2024-05-31 21:48:16.634,25.3,101.2
2024-05-31 21:48:25.934,25.3,101.2
2024-05-31 21:48:35.224,25.3,101.2
2024-05-31 21:48:44.591,25.2,101.2
2024-05-31 21:48:53.934,25.3,101.2
2024-05-31 21:49:03.068,25.3,101.2
2024-05-31 21:49:12.468,25.2,101.2
2024-05-31 21:49:21.591,25.2,101.2
2024-05-31 21:49:30.936,25.3,101.2
2024-05-31 21:49:40.128,25.3,101.2
2024-05-31 21:49:49.521,25.3,101.2
2024-05-31 21:49:58.658,25.3,101.2
2024-05-31 21:50:08.097,25.3,101.2
2024-05-31 21:50:17.390,25.3,101.2
2024-05-31 21:50:26.577,25.3,101.2
2024-05-31 21:50:35.918,25.3,101.2
2024-05-31 21:50:45.122,25.3,101.2
2024-05-31 21:50:54.405,25.3,101.2
2024-05-31 21:51:03.696,25.3,101.2
2024-05-31 21:51:13.104,25.4,101.2
2024-05-31 21:51:22.403,25.3,101.2
2024-05-31 21:51:31.480,25.3,101.2
2024-05-31 21:51:40.810,25.3,101.2
2024-05-31 21:51:50.069,25.3,101.2
2024-05-31 21:51:59.383,25.3,101.2
2024-05-31 21:52:08.600,25.4,101.2
2024-05-31 21:52:17.945,25.4,101.2
2024-05-31 21:52:27.168,25.4,101.2
2024-05-31 21:52:36.593,25.3,101.2
2024-05-31 21:52:45.923,25.3,101.2
2024-05-31 21:52:55.139,25.3,101.2
2024-05-31 21:53:04.525,25.3,101.2
2024-05-31 21:53:13.688,25.3,101.2
2024-05-31 21:53:23.084,25.4,101.2
2024-05-31 21:53:32.356,25.3,101.2
2024-05-31 21:53:41.566,25.3,101.2
2024-05-31 21:53:50.838,25.3,101.2
2024-05-31 21:54:00.092,25.3,101.2
2024-05-31 21:54:09.430,25.3,101.2
2024-05-31 21:54:18.630,25.3,101.2
2024-05-31 21:54:27.882,25.3,101.2
2024-05-31 21:54:37.149,25.3,101.2
2024-05-31 21:54:46.450,25.3,101.2
2024-05-31 21:54:55.756,25.3,101.2
2024-05-31 21:55:05.047,25.3,101.2
2024-05-31 21:55:14.300,25.3,101.2
2024-05-31 21:55:23.595,25.3,101.2
2024-05-31 21:55:32.704,25.3,101.2
2024-05-31 21:55:42.117,25.3,101.2
2024-05-31 21:55:51.389,25.3,101.2
2024-05-31 21:56:00.683,25.3,101.2
2024-05-31 21:56:09.959,25.3,101.2
2024-05-31 21:56:19.219,25.3,101.2
2024-05-31 21:56:28.589,25.3,101.2
2024-05-31 21:56:37.883,25.3,101.2
2024-05-31 21:56:46.996,25.4,101.2
2024-05-31 21:56:56.221,25.4,101.2
2024-05-31 21:57:05.612,25.4,101.2
2024-05-31 21:57:15.012,25.4,101.2
2024-05-31 21:57:24.186,25.3,101.2
2024-05-31 21:57:33.532,25.3,101.2
2024-05-31 21:57:42.735,25.3,101.2
2024-05-31 21:57:51.990,25.3,101.2
2024-05-31 21:58:01.179,25.3,101.2
2024-05-31 21:58:10.496,25.4,101.2
2024-05-31 21:58:19.694,25.4,101.2
2024-05-31 21:58:28.980,25.4,101.2
2024-05-31 21:58:38.144,25.4,101.2
2024-05-31 21:58:47.401,25.3,101.2
2024-05-31 21:58:56.713,25.3,101.2
2024-05-31 21:59:05.921,25.3,101.2
2024-05-31 21:59:15.091,25.3,101.2
2024-05-31 21:59:24.376,25.3,101.2
2024-05-31 21:59:33.704,25.3,101.2
2024-05-31 21:59:43.044,25.3,101.2
2024-05-31 21:59:52.212,25.3,101.2
2024-05-31 22:00:01.539,25.3,101.2
2024-05-31 22:00:10.851,25.3,101.2
2024-05-31 22:00:20.160,25.3,101.2
2024-05-31 22:00:29.478,25.4,101.2
2024-05-31 22:00:38.696,25.3,101.2
2024-05-31 22:00:48.114,25.3,101.2
2024-05-31 22:00:57.392,25.3,101.2
2024-05-31 22:01:06.745,25.3,101.2
2024-05-31 22:01:16.109,25.3,101.2
2024-05-31 22:01:25.298,25.3,101.2
2024-05-31 22:01:34.660,25.3,101.2
2024-05-31 22:01:43.961,25.3,101.2
2024-05-31 22:01:53.181,25.3,101.2
2024-05-31 22:02:02.406,25.3,101.2
2024-05-31 22:02:11.728,25.4,101.2
2024-05-31 22:02:21.067,25.4,101.2
2024-05-31 22:02:30.354,25.4,101.2
2024-05-31 22:02:39.693,25.4,101.2
2024-05-31 22:02:48.959,25.4,101.2
2024-05-31 22:02:58.175,25.3,101.2
2024-05-31 22:03:07.363,25.3,101.2
2024-05-31 22:03:16.707,25.3,101.2
2024-05-31 22:03:26.011,25.3,101.2
2024-05-31 22:03:35.258,25.3,101.2
2024-05-31 22:03:44.499,25.3,101.2
2024-05-31 22:03:53.669,25.3,101.2
2024-05-31 22:04:03.050,25.3,101.2
2024-05-31 22:04:12.203,25.3,101.2
2024-05-31 22:04:21.514,25.3,101.2
2024-05-31 22:04:30.686,25.3,101.2
2024-05-31 22:04:40.011,25.3,101.2
2024-05-31 22:04:49.229,25.3,101.2
2024-05-31 22:04:58.470,25.3,101.2
2024-05-31 22:05:07.675,25.3,101.2
2024-05-31 22:05:16.888,25.3,101.2
2024-05-31 22:05:26.133,25.3,101.2
2024-05-31 22:05:35.428,25.3,101.2
2024-05-31 22:05:44.685,25.3,101.2
2024-05-31 22:05:54.085,25.3,101.2
2024-05-31 22:06:03.223,25.4,101.2
2024-05-31 22:06:12.599,25.3,101.2
2024-05-31 22:06:21.785,25.3,101.2
2024-05-31 22:06:31.188,25.3,101.2
2024-05-31 22:06:40.457,25.3,101.2
2024-05-31 22:06:49.692,25.3,101.2
2024-05-31 22:06:58.960,25.3,101.2
2024-05-31 22:07:08.191,25.3,101.2
2024-05-31 22:07:17.476,25.3,101.2
2024-05-31 22:07:26.711,25.3,101.2
2024-05-31 22:07:36.062,25.3,101.2
2024-05-31 22:07:45.328,25.3,101.2
2024-05-31 22:07:54.546,25.3,101.2
2024-05-31 22:08:03.841,25.3,101.2
2024-05-31 22:08:13.198,25.4,101.2
2024-05-31 22:08:22.429,25.4,101.2
2024-05-31 22:08:31.740,25.4,101.2
2024-05-31 22:08:41.125,25.4,101.2
2024-05-31 22:08:50.335,25.4,101.2
2024-05-31 22:08:59.674,25.4,101.2
2024-05-31 22:09:08.987,25.4,101.2
2024-05-31 22:09:18.217,25.3,101.2
2024-05-31 22:09:27.588,25.4,101.2
2024-05-31 22:09:36.826,25.3,101.2
2024-05-31 22:09:46.195,25.3,101.2
2024-05-31 22:09:55.301,25.3,101.2
2024-05-31 22:10:04.684,25.3,101.2
2024-05-31 22:10:14.077,25.3,101.2
2024-05-31 22:10:23.260,25.3,101.2
2024-05-31 22:10:32.509,25.4,101.2
2024-05-31 22:10:41.751,25.4,101.2
2024-05-31 22:10:50.989,25.3,101.2
2024-05-31 22:11:00.265,25.4,101.2
2024-05-31 22:11:09.545,25.4,101.2
2024-05-31 22:11:18.851,25.4,101.2
2024-05-31 22:11:28.160,25.4,101.2
2024-05-31 22:11:37.399,25.3,101.2
2024-05-31 22:11:46.731,25.3,101.2
2024-05-31 22:11:56.036,25.4,101.2
2024-05-31 22:12:05.290,25.4,101.2
2024-05-31 22:12:14.469,25.4,101.2
2024-05-31 22:12:23.820,25.3,101.2
2024-05-31 22:12:33.197,25.4,101.2
2024-05-31 22:12:42.306,25.3,101.2
2024-05-31 22:12:51.677,25.3,101.2
2024-05-31 22:13:00.867,25.4,101.2
2024-05-31 22:13:10.246,25.4,101.2
2024-05-31 22:13:19.551,25.3,101.2
2024-05-31 22:13:28.813,25.3,101.2
2024-05-31 22:13:38.200,25.3,101.2
2024-05-31 22:13:47.425,25.4,101.2
2024-05-31 22:13:56.708,25.4,101.2
2024-05-31 22:14:05.990,25.3,101.2
2024-05-31 22:14:15.349,25.3,101.2
2024-05-31 22:14:24.677,25.3,101.2
2024-05-31 22:14:33.867,25.4,101.2
2024-05-31 22:14:43.177,25.4,101.2
2024-05-31 22:14:52.454,25.4,101.2
2024-05-31 22:15:01.786,25.3,101.2
2024-05-31 22:15:11.089,25.3,101.2
2024-05-31 22:15:20.373,25.3,101.2
2024-05-31 22:15:29.700,25.3,101.2
2024-05-31 22:15:38.867,25.3,101.2
2024-05-31 22:15:48.166,25.4,101.2
2024-05-31 22:15:57.467,25.4,101.2
2024-05-31 22:16:06.813,25.4,101.2
2024-05-31 22:16:16.188,25.3,101.2
2024-05-31 22:16:25.449,25.3,101.2
2024-05-31 22:16:34.721,25.4,101.2
2024-05-31 22:16:43.913,25.4,101.2
2024-05-31 22:16:53.267,25.4,101.2
2024-05-31 22:17:02.486,25.3,101.2
2024-05-31 22:17:11.747,25.3,101.2
2024-05-31 22:17:20.982,25.3,101.2
2024-05-31 22:17:30.288,25.3,101.2
2024-05-31 22:17:39.541,25.3,101.2
2024-05-31 22:17:48.827,25.3,101.2
2024-05-31 22:17:58.166,25.3,101.2
2024-05-31 22:18:07.488,25.3,101.2
2024-05-31 22:18:16.844,25.3,101.2
2024-05-31 22:18:26.185,25.3,101.2
2024-05-31 22:18:35.469,25.4,101.2
2024-05-31 22:18:44.869,25.3,101.2
2024-05-31 22:18:54.182,25.3,101.2
2024-05-31 22:19:03.387,25.3,101.2
2024-05-31 22:19:12.766,25.3,101.2
2024-05-31 22:19:22.042,25.3,101.2
2024-05-31 22:19:31.315,25.3,101.2
2024-05-31 22:19:40.675,25.4,101.2
2024-05-31 22:19:49.878,25.4,101.2
2024-05-31 22:19:59.262,25.4,101.2
2024-05-31 22:20:08.495,25.4,101.2
2024-05-31 22:20:17.866,25.3,101.2
2024-05-31 22:20:27.256,25.3,101.2
2024-05-31 22:20:36.515,25.3,101.2
2024-05-31 22:20:45.751,25.3,101.2
2024-05-31 22:20:55.048,25.3,101.2
2024-05-31 22:21:04.351,25.3,101.2
2024-05-31 22:21:13.703,25.3,101.2
2024-05-31 22:21:22.894,25.3,101.2
2024-05-31 22:21:32.265,25.4,101.2
2024-05-31 22:21:41.486,25.3,101.2
2024-05-31 22:21:50.897,25.3,101.2
2024-05-31 22:22:00.244,25.3,101.2
2024-05-31 22:22:09.508,25.3,101.2
2024-05-31 22:22:18.860,25.3,101.2
2024-05-31 22:22:28.149,25.4,101.2
2024-05-31 22:22:37.368,25.4,101.2
2024-05-31 22:22:46.748,25.4,101.2
2024-05-31 22:22:55.876,25.4,101.2
2024-05-31 22:23:05.287,25.4,101.2
2024-05-31 22:23:14.598,25.3,101.2
2024-05-31 22:23:23.839,25.3,101.2
2024-05-31 22:23:33.109,25.3,101.2
2024-05-31 22:23:42.393,25.3,101.2
2024-05-31 22:23:51.733,25.3,101.2
2024-05-31 22:24:00.982,25.4,101.2
2024-05-31 22:24:10.347,25.4,101.2
2024-05-31 22:24:19.629,25.4,101.2
2024-05-31 22:24:28.965,25.3,101.2
2024-05-31 22:24:38.329,25.3,101.2
2024-05-31 22:24:47.647,25.3,101.2
2024-05-31 22:24:56.867,25.3,101.2
2024-05-31 22:25:06.158,25.3,101.2
2024-05-31 22:25:15.411,25.4,101.2
2024-05-31 22:25:24.775,25.4,101.2
2024-05-31 22:25:34.027,25.3,101.2
2024-05-31 22:25:43.358,25.3,101.2
2024-05-31 22:25:52.570,25.3,101.2
2024-05-31 22:26:01.863,25.4,101.2
2024-05-31 22:26:11.185,25.3,101.2
2024-05-31 22:26:20.476,25.4,101.2
2024-05-31 22:26:29.832,25.3,101.2
2024-05-31 22:26:39.035,25.3,101.2
2024-05-31 22:26:48.396,25.4,101.2
2024-05-31 22:26:57.732,25.4,101.2
2024-05-31 22:27:06.967,25.4,101.2
2024-05-31 22:27:16.282,25.3,101.2
2024-05-31 22:27:25.500,25.3,101.2
2024-05-31 22:27:34.863,25.4,101.2
2024-05-31 22:27:44.122,25.4,101.2
2024-05-31 22:27:53.473,25.4,101.2
2024-05-31 22:28:02.753,25.3,101.2
2024-05-31 22:28:12.005,25.3,101.2
2024-05-31 22:28:21.430,25.3,101.2
2024-05-31 22:28:30.711,25.3,101.2
2024-05-31 22:28:40.059,25.3,101.2
2024-05-31 22:28:49.387,25.3,101.2
2024-05-31 22:28:58.811,25.3,101.2
2024-05-31 22:29:08.035,25.3,101.2
2024-05-31 22:29:17.427,25.3,101.2
2024-05-31 22:29:26.680,25.4,101.2
2024-05-31 22:29:35.900,25.4,101.2
2024-05-31 22:29:45.325,25.4,101.2
2024-05-31 22:29:54.668,25.4,101.2
2024-05-31 22:30:03.924,25.3,101.2
2024-05-31 22:30:13.259,25.3,101.2
2024-05-31 22:30:22.472,25.3,101.2
2024-05-31 22:30:31.843,25.3,101.2
2024-05-31 22:30:41.092,25.3,101.2
2024-05-31 22:30:50.465,25.3,101.2
2024-05-31 22:30:59.931,25.3,101.2
2024-05-31 22:31:09.143,25.3,101.2
2024-05-31 22:31:18.415,25.4,101.2
2024-05-31 22:31:27.777,25.3,101.2
2024-05-31 22:31:37.104,25.4,101.2
2024-05-31 22:31:46.463,25.4,101.2
2024-05-31 22:31:55.844,25.3,101.2
2024-05-31 22:32:05.163,25.3,101.2
2024-05-31 22:32:14.569,25.3,101.2
2024-05-31 22:32:23.898,25.4,101.2
2024-05-31 22:32:33.199,25.3,101.2
2024-05-31 22:32:42.455,25.3,101.2
2024-05-31 22:32:51.974,25.3,101.2
2024-05-31 22:33:01.301,25.3,101.2
2024-05-31 22:33:10.536,25.3,101.2
2024-05-31 22:33:19.778,25.3,101.2
2024-05-31 22:33:29.182,25.3,101.2
2024-05-31 22:33:38.500,25.3,101.2
2024-05-31 22:33:47.910,25.3,101.2
2024-05-31 22:33:57.147,25.3,101.2
2024-05-31 22:34:06.454,25.3,101.2
2024-05-31 22:34:15.839,25.3,101.2
2024-05-31 22:34:25.007,25.3,101.2
2024-05-31 22:34:34.351,25.4,101.2
2024-05-31 22:34:43.514,25.3,101.2
2024-05-31 22:34:52.861,25.4,101.2
2024-05-31 22:35:02.036,25.3,101.2
2024-05-31 22:35:11.423,25.4,101.2
2024-05-31 22:35:20.557,25.3,101.2
2024-05-31 22:35:29.925,25.3,101.2
2024-05-31 22:35:39.220,25.4,101.2
2024-05-31 22:35:48.566,25.4,101.2
2024-05-31 22:35:57.997,25.4,101.2
2024-05-31 22:36:07.383,25.4,101.2
2024-05-31 22:36:16.604,25.3,101.2
2024-05-31 22:36:25.977,25.4,101.2
2024-05-31 22:36:35.330,25.4,101.2
2024-05-31 22:36:44.708,25.4,101.2
2024-05-31 22:36:54.019,25.3,101.2
2024-05-31 22:37:03.392,25.3,101.2
2024-05-31 22:37:12.566,25.4,101.2
2024-05-31 22:37:22.044,25.4,101.2
2024-05-31 22:37:31.339,25.4,101.2
2024-05-31 22:37:40.555,25.3,101.2
2024-05-31 22:37:49.872,25.3,101.2
2024-05-31 22:37:59.138,25.3,101.2
2024-05-31 22:38:08.415,25.4,101.2
2024-05-31 22:38:17.736,25.4,101.2
2024-05-31 22:38:26.979,25.4,101.2
2024-05-31 22:38:36.187,25.4,101.2
2024-05-31 22:38:45.591,25.4,101.2
2024-05-31 22:38:54.950,25.4,101.2
2024-05-31 22:39:04.242,25.4,101.2
2024-05-31 22:39:13.523,25.4,101.2
2024-05-31 22:39:22.844,25.4,101.2
2024-05-31 22:39:32.115,25.3,101.2
2024-05-31 22:39:41.379,25.3,101.2
2024-05-31 22:39:50.754,25.4,101.2
2024-05-31 22:39:59.965,25.4,101.2
2024-05-31 22:40:09.318,25.4,101.2
2024-05-31 22:40:18.512,25.4,101.2
2024-05-31 22:40:27.964,25.4,101.2
2024-05-31 22:40:37.180,25.4,101.2
2024-05-31 22:40:46.568,25.3,101.2
2024-05-31 22:40:55.816,25.3,101.2
2024-05-31 22:41:05.074,25.3,101.2
2024-05-31 22:41:14.407,25.3,101.2
2024-05-31 22:41:23.698,25.3,101.2
2024-05-31 22:41:33.026,25.3,101.2
2024-05-31 22:41:42.357,25.3,101.2
2024-05-31 22:41:51.734,25.4,101.2
2024-05-31 22:42:00.965,25.4,101.2
2024-05-31 22:42:10.315,25.4,101.2
2024-05-31 22:42:19.460,25.3,101.2
2024-05-31 22:42:28.888,25.3,101.2
2024-05-31 22:42:38.155,25.2,101.2
2024-05-31 22:42:47.534,25.3,101.2
2024-05-31 22:42:56.875,25.3,101.2
2024-05-31 22:43:06.067,25.3,101.2
2024-05-31 22:43:15.440,25.3,101.2
2024-05-31 22:43:24.693,25.3,101.2
2024-05-31 22:43:34.031,25.3,101.2
2024-05-31 22:43:43.515,25.3,101.2
2024-05-31 22:43:52.762,25.3,101.2
2024-05-31 22:44:02.046,25.3,101.2
2024-05-31 22:44:11.446,25.4,101.2
2024-05-31 22:44:20.617,25.3,101.2
2024-05-31 22:44:30.029,25.3,101.2
2024-05-31 22:44:39.373,25.4,101.2
2024-05-31 22:44:48.585,25.4,101.2
2024-05-31 22:44:57.924,25.4,101.2
2024-05-31 22:45:07.277,25.3,101.2
2024-05-31 22:45:16.546,25.4,101.2
2024-05-31 22:45:25.790,25.4,101.2
2024-05-31 22:45:35.253,25.3,101.2
2024-05-31 22:45:44.473,25.3,101.2
2024-05-31 22:45:53.802,25.3,101.2
2024-05-31 22:46:03.038,25.3,101.2
2024-05-31 22:46:12.298,25.3,101.2
2024-05-31 22:46:21.575,25.3,101.2
2024-05-31 22:46:30.892,25.3,101.2
2024-05-31 22:46:40.135,25.3,101.2
2024-05-31 22:46:49.448,25.3,101.2
2024-05-31 22:46:58.657,25.3,101.2
2024-05-31 22:47:08.024,25.3,101.2
2024-05-31 22:47:17.431,25.3,101.2
2024-05-31 22:47:26.617,25.3,101.2
2024-05-31 22:47:36.014,25.3,101.2
2024-05-31 22:47:45.306,25.3,101.2
2024-05-31 22:47:54.549,25.3,101.2
2024-05-31 22:48:03.903,25.3,101.2
2024-05-31 22:48:13.184,25.3,101.2
2024-05-31 22:48:22.551,25.3,101.2
2024-05-31 22:48:31.813,25.3,101.2
2024-05-31 22:48:41.042,25.3,101.2
2024-05-31 22:48:50.432,25.3,101.2
2024-05-31 22:48:59.643,25.3,101.2
2024-05-31 22:49:09.030,25.3,101.2
2024-05-31 22:49:18.225,25.4,101.2
2024-05-31 22:49:27.602,25.4,101.2
2024-05-31 22:49:36.817,25.3,101.2
2024-05-31 22:49:46.066,25.3,101.2
2024-05-31 22:49:55.362,25.3,101.2
2024-05-31 22:50:04.577,25.4,101.2
2024-05-31 22:50:13.668,25.4,101.2
2024-05-31 22:50:23.061,25.4,101.2
2024-05-31 22:50:32.262,25.4,101.2
2024-05-31 22:50:41.723,25.3,101.2
2024-05-31 22:50:51.052,25.4,101.2
2024-05-31 22:51:00.387,25.4,101.2
2024-05-31 22:51:09.575,25.4,101.2
2024-05-31 22:51:18.976,25.4,101.2
2024-05-31 22:51:28.153,25.3,101.2
2024-05-31 22:51:37.549,25.3,101.2
2024-05-31 22:51:46.763,25.3,101.2
2024-05-31 22:51:56.101,25.3,101.2
2024-05-31 22:52:05.460,25.3,101.2
2024-05-31 22:52:14.633,25.3,101.2
2024-05-31 22:52:23.719,25.3,101.2
2024-05-31 22:52:33.054,25.3,101.2
2024-05-31 22:52:42.308,25.3,101.2
2024-05-31 22:52:51.755,25.3,101.2
2024-05-31 22:53:01.103,25.3,101.2
2024-05-31 22:53:10.450,25.3,101.2
2024-05-31 22:53:19.789,25.3,101.2
2024-05-31 22:53:29.109,25.4,101.2
2024-05-31 22:53:38.399,25.4,101.2
2024-05-31 22:53:47.711,25.4,101.2
2024-05-31 22:53:57.117,25.4,101.2
2024-05-31 22:54:06.378,25.3,101.2
2024-05-31 22:54:15.689,25.4,101.2
2024-05-31 22:54:25.068,25.3,101.2
2024-05-31 22:54:34.542,25.4,101.2
2024-05-31 22:54:43.705,25.4,101.2
2024-05-31 22:54:53.013,25.4,101.2
2024-05-31 22:55:02.327,25.4,101.2
2024-05-31 22:55:11.652,25.3,101.2
2024-05-31 22:55:21.026,25.3,101.2
2024-05-31 22:55:30.336,25.3,101.2
2024-05-31 22:55:39.671,25.3,101.2
2024-05-31 22:55:49.106,25.3,101.2
2024-05-31 22:55:58.222,25.3,101.2
2024-05-31 22:56:07.576,25.3,101.2
2024-05-31 22:56:16.541,25.3,101.2
2024-05-31 22:56:25.517,25.3,101.2
2024-05-31 22:56:34.350,25.4,101.2
2024-05-31 22:56:43.263,25.4,101.2
2024-05-31 22:56:52.301,25.4,101.2
2024-05-31 22:57:01.365,25.3,101.2
2024-05-31 22:57:10.275,25.4,101.2
2024-05-31 22:57:19.326,25.3,101.2
2024-05-31 22:57:28.299,25.3,101.2
2024-05-31 22:57:37.293,25.4,101.2
2024-05-31 22:57:46.243,25.3,101.2
2024-05-31 22:57:55.226,25.3,101.2
2024-05-31 22:58:04.226,25.3,101.2
2024-05-31 22:58:13.244,25.4,101.2
2024-05-31 22:58:22.314,25.4,101.2
2024-05-31 22:58:31.354,25.4,101.2
2024-05-31 22:58:40.209,25.4,101.2
2024-05-31 22:58:49.292,25.4,101.2
2024-05-31 22:58:58.215,25.4,101.2
2024-05-31 22:59:07.193,25.4,101.2
2024-05-31 22:59:16.167,25.4,101.2
2024-05-31 22:59:25.120,25.4,101.2
2024-05-31 22:59:33.946,25.4,101.2
2024-05-31 22:59:42.794,25.4,101.2
2024-05-31 22:59:51.796,25.4,101.2
2024-05-31 23:00:00.749,25.4,101.2
2024-05-31 23:00:09.777,25.3,101.2
2024-05-31 23:00:18.810,25.4,101.2
2024-05-31 23:00:27.788,25.4,101.2
2024-05-31 23:00:36.773,25.3,101.2
2024-05-31 23:00:45.754,25.3,101.2
2024-05-31 23:00:54.922,25.3,101.2
2024-05-31 23:01:03.884,25.3,101.2
2024-05-31 23:01:12.787,25.4,101.2
2024-05-31 23:01:21.786,25.4,101.2
2024-05-31 23:01:30.893,25.4,101.2
2024-05-31 23:01:39.797,25.4,101.2
2024-05-31 23:01:48.755,25.4,101.2
2024-05-31 23:01:57.866,25.3,101.2
2024-05-31 23:02:06.758,25.3,101.2
2024-05-31 23:02:15.730,25.3,101.2
2024-05-31 23:02:24.728,25.4,101.2
2024-05-31 23:02:33.690,25.4,101.2
2024-05-31 23:02:42.707,25.3,101.2
2024-05-31 23:02:51.670,25.3,101.2
2024-05-31 23:03:00.542,25.3,101.2
2024-05-31 23:03:09.427,25.3,101.2
2024-05-31 23:03:18.332,25.3,101.2
2024-05-31 23:03:27.324,25.4,101.2
2024-05-31 23:03:36.296,25.3,101.2
2024-05-31 23:03:45.254,25.4,101.2
2024-05-31 23:03:54.330,25.4,101.2
2024-05-31 23:04:03.333,25.4,101.2
2024-05-31 23:04:12.290,25.3,101.2
2024-05-31 23:04:21.283,25.3,101.2
2024-05-31 23:04:30.206,25.4,101.2
2024-05-31 23:04:39.022,25.3,101.2
2024-05-31 23:04:47.836,25.3,101.2
2024-05-31 23:04:56.906,25.3,101.2
2024-05-31 23:05:05.972,25.4,101.2
2024-05-31 23:05:14.939,25.3,101.2
2024-05-31 23:05:23.687,25.3,101.2
2024-05-31 23:05:32.676,25.4,101.2
2024-05-31 23:05:41.656,25.4,101.2
2024-05-31 23:05:50.512,25.4,101.2
2024-05-31 23:05:59.405,25.3,101.2
2024-05-31 23:06:08.403,25.4,101.2
2024-05-31 23:06:17.343,25.4,101.2
2024-05-31 23:06:26.412,25.3,101.2
2024-05-31 23:06:35.263,25.4,101.2
2024-05-31 23:06:44.357,25.3,101.2
2024-05-31 23:06:53.399,25.4,101.2
2024-05-31 23:07:02.445,25.3,101.2
2024-05-31 23:07:11.301,25.4,101.2
2024-05-31 23:07:20.294,25.4,101.2
2024-05-31 23:07:29.219,25.4,101.2
2024-05-31 23:07:38.230,25.3,101.2
2024-05-31 23:07:47.249,25.3,101.2
2024-05-31 23:07:56.172,25.3,101.2
2024-05-31 23:08:05.095,25.3,101.2
2024-05-31 23:08:13.908,25.3,101.2
2024-05-31 23:08:22.906,25.3,101.2
2024-05-31 23:08:31.865,25.3,101.2
2024-05-31 23:08:40.881,25.4,101.2
2024-05-31 23:08:50.030,25.4,101.2
2024-05-31 23:08:58.906,25.4,101.2
2024-05-31 23:09:07.965,25.4,101.2
2024-05-31 23:09:16.947,25.4,101.2
2024-05-31 23:09:26.010,25.4,101.2
2024-05-31 23:09:34.859,25.4,101.2
2024-05-31 23:09:43.902,25.4,101.2
2024-05-31 23:09:52.896,25.4,101.2
2024-05-31 23:10:01.927,25.4,101.2
2024-05-31 23:10:10.904,25.4,101.2
2024-05-31 23:10:20.023,25.4,101.2
2024-05-31 23:10:28.974,25.4,101.2
2024-05-31 23:10:37.915,25.4,101.2
2024-05-31 23:10:46.988,25.4,101.2
2024-05-31 23:10:55.950,25.3,101.2
2024-05-31 23:11:04.917,25.3,101.2
2024-05-31 23:11:13.906,25.4,101.2
2024-05-31 23:11:22.922,25.4,101.2
2024-05-31 23:11:32.037,25.4,101.2
2024-05-31 23:11:41.033,25.4,101.2
2024-05-31 23:11:49.965,25.4,101.2
2024-05-31 23:11:58.949,25.4,101.2
2024-05-31 23:12:07.935,25.4,101.2
2024-05-31 23:12:16.942,25.3,101.2
2024-05-31 23:12:26.005,25.4,101.2
2024-05-31 23:12:34.874,25.4,101.2
2024-05-31 23:12:43.947,25.4,101.2
2024-05-31 23:12:52.936,25.4,101.2
2024-05-31 23:13:01.926,25.3,101.2
2024-05-31 23:13:10.939,25.3,101.2
2024-05-31 23:13:19.866,25.3,101.2
2024-05-31 23:13:28.900,25.4,101.2
2024-05-31 23:13:37.859,25.3,101.2
2024-05-31 23:13:46.980,25.3,101.2
2024-05-31 23:13:56.006,25.3,101.2
2024-05-31 23:14:04.924,25.3,101.2
2024-05-31 23:14:14.040,25.4,101.2
2024-05-31 23:14:22.911,25.4,101.2
2024-05-31 23:14:32.140,25.4,101.2
2024-05-31 23:14:40.993,25.4,101.2
2024-05-31 23:14:49.896,25.4,101.2
2024-05-31 23:14:58.979,25.4,101.2
2024-05-31 23:15:08.030,25.4,101.2
2024-05-31 23:15:16.996,25.4,101.2
2024-05-31 23:15:26.040,25.4,101.2
2024-05-31 23:15:35.074,25.4,101.2
2024-05-31 23:15:44.012,25.3,101.2
2024-05-31 23:15:52.999,25.3,101.2
2024-05-31 23:16:01.955,25.4,101.2
2024-05-31 23:16:10.900,25.4,101.2
2024-05-31 23:16:19.930,25.4,101.2
2024-05-31 23:16:29.030,25.4,101.2
2024-05-31 23:16:38.007,25.4,101.2
2024-05-31 23:16:46.985,25.4,101.2
2024-05-31 23:16:56.046,25.3,101.2
2024-05-31 23:17:04.991,25.3,101.2
2024-05-31 23:17:13.959,25.4,101.2
2024-05-31 23:17:23.037,25.4,101.2
2024-05-31 23:17:31.917,25.4,101.2
2024-05-31 23:17:41.059,25.4,101.2
2024-05-31 23:17:49.929,25.4,101.2
2024-05-31 23:17:59.039,25.4,101.2
2024-05-31 23:18:07.991,25.4,101.2
2024-05-31 23:18:17.009,25.4,101.2
2024-05-31 23:18:26.014,25.3,101.2
2024-05-31 23:18:34.953,25.4,101.2
2024-05-31 23:18:43.980,25.4,101.2
2024-05-31 23:18:53.051,25.4,101.2
2024-05-31 23:19:01.980,25.3,101.2
2024-05-31 23:19:11.014,25.3,101.2
2024-05-31 23:19:20.076,25.4,101.2
2024-05-31 23:19:28.939,25.3,101.2
2024-05-31 23:19:37.967,25.3,101.2
2024-05-31 23:19:47.007,25.3,101.2
2024-05-31 23:19:55.973,25.3,101.2
2024-05-31 23:20:04.999,25.3,101.2
2024-05-31 23:20:13.934,25.3,101.2
2024-05-31 23:20:22.968,25.4,101.2
2024-05-31 23:20:32.126,25.4,101.2
2024-05-31 23:20:41.150,25.4,101.2
2024-05-31 23:20:50.054,25.3,101.2
2024-05-31 23:20:58.999,25.4,101.2
2024-05-31 23:21:08.000,25.4,101.2
2024-05-31 23:21:17.123,25.4,101.2
2024-05-31 23:21:25.968,25.4,101.2
2024-05-31 23:21:35.075,25.4,101.2
2024-05-31 23:21:44.123,25.4,101.2
2024-05-31 23:21:53.081,25.4,101.2
2024-05-31 23:22:02.006,25.4,101.2
2024-05-31 23:22:10.975,25.4,101.2
2024-05-31 23:22:20.167,25.4,101.2
2024-05-31 23:22:29.081,25.4,101.2
2024-05-31 23:22:38.013,25.4,101.2
2024-05-31 23:22:47.047,25.4,101.2
2024-05-31 23:22:56.070,25.4,101.2
2024-05-31 23:23:05.042,25.4,101.2
2024-05-31 23:23:14.035,25.4,101.2
2024-05-31 23:23:22.973,25.4,101.2
2024-05-31 23:23:32.014,25.3,101.2
2024-05-31 23:23:41.037,25.3,101.2
2024-05-31 23:23:50.024,25.3,101.2
2024-05-31 23:23:59.090,25.4,101.2
2024-05-31 23:24:08.011,25.4,101.2
2024-05-31 23:24:17.129,25.3,101.2
2024-05-31 23:24:26.058,25.4,101.2
2024-05-31 23:24:35.065,25.4,101.2
2024-05-31 23:24:44.060,25.4,101.2
2024-05-31 23:24:52.996,25.4,101.2
2024-05-31 23:25:02.001,25.4,101.2
2024-05-31 23:25:11.006,25.4,101.2
2024-05-31 23:25:20.084,25.4,101.2
2024-05-31 23:25:29.153,25.4,101.2
2024-05-31 23:25:38.126,25.4,101.2
2024-05-31 23:25:47.074,25.4,101.2
2024-05-31 23:25:56.094,25.4,101.2
2024-05-31 23:26:05.041,25.4,101.2
2024-05-31 23:26:14.107,25.3,101.2
2024-05-31 23:26:23.119,25.3,101.2
2024-05-31 23:26:32.165,25.4,101.2
2024-05-31 23:26:41.057,25.4,101.2
2024-05-31 23:26:50.057,25.4,101.2
2024-05-31 23:26:58.913,25.4,101.2
2024-05-31 23:27:07.939,25.4,101.2
2024-05-31 23:27:16.974,25.4,101.2
2024-05-31 23:27:25.958,25.4,101.2
2024-05-31 23:27:34.982,25.4,101.2
2024-05-31 23:27:43.975,25.4,101.2
2024-05-31 23:27:52.890,25.4,101.2
2024-05-31 23:28:01.930,25.4,101.2
2024-05-31 23:28:10.890,25.4,101.2
2024-05-31 23:28:19.865,25.4,101.2
2024-05-31 23:28:28.803,25.4,101.2
2024-05-31 23:28:37.755,25.4,101.2
2024-05-31 23:28:46.696,25.4,101.2
2024-05-31 23:28:55.557,25.4,101.2
2024-05-31 23:29:04.616,25.4,101.2
2024-05-31 23:29:13.575,25.4,101.2
2024-05-31 23:29:22.634,25.4,101.2
2024-05-31 23:29:31.671,25.4,101.2
2024-05-31 23:29:40.604,25.4,101.2
2024-05-31 23:29:49.689,25.4,101.2
2024-05-31 23:29:58.570,25.3,101.2
2024-05-31 23:30:07.614,25.3,101.2
2024-05-31 23:30:16.555,25.4,101.2
2024-05-31 23:30:25.644,25.4,101.2
2024-05-31 23:30:34.635,25.4,101.2
2024-05-31 23:30:43.622,25.3,101.2
2024-05-31 23:30:52.517,25.4,101.2
2024-05-31 23:31:01.519,25.4,101.2
2024-05-31 23:31:10.549,25.4,101.2
2024-05-31 23:31:19.532,25.4,101.2
2024-05-31 23:31:28.518,25.3,101.2
2024-05-31 23:31:37.467,25.3,101.2
2024-05-31 23:31:46.527,25.3,101.2
2024-05-31 23:31:55.497,25.3,101.2
2024-05-31 23:32:04.479,25.3,101.2
2024-05-31 23:32:13.446,25.3,101.2
2024-05-31 23:32:22.484,25.3,101.2
2024-05-31 23:32:31.522,25.4,101.2
2024-05-31 23:32:40.558,25.4,101.2
2024-05-31 23:32:49.584,25.3,101.2
2024-05-31 23:32:58.589,25.4,101.2
2024-05-31 23:33:07.650,25.4,101.2
2024-05-31 23:33:16.671,25.4,101.2
2024-05-31 23:33:25.588,25.4,101.2
2024-05-31 23:33:34.731,25.4,101.2
2024-05-31 23:33:43.725,25.4,101.2
2024-05-31 23:33:52.637,25.4,101.2
2024-05-31 23:34:01.627,25.4,101.2
2024-05-31 23:34:10.608,25.4,101.2
2024-05-31 23:34:19.623,25.4,101.2
2024-05-31 23:34:28.677,25.5,101.2
2024-05-31 23:34:37.699,25.4,101.2
2024-05-31 23:34:46.812,25.4,101.2
2024-05-31 23:34:55.781,25.4,101.2
2024-05-31 23:35:04.666,25.4,101.2
2024-05-31 23:35:13.745,25.4,101.2
2024-05-31 23:35:22.613,25.3,101.2
2024-05-31 23:35:31.812,25.4,101.2
2024-05-31 23:35:40.685,25.4,101.2
2024-05-31 23:35:49.813,25.4,101.2
2024-05-31 23:35:58.676,25.4,101.2
2024-05-31 23:36:07.589,25.4,101.2
2024-05-31 23:36:16.632,25.4,101.2
2024-05-31 23:36:25.684,25.4,101.2
2024-05-31 23:36:34.591,25.4,101.2
2024-05-31 23:36:43.755,25.4,101.2
2024-05-31 23:36:52.769,25.4,101.2
2024-05-31 23:37:01.788,25.3,101.2
2024-05-31 23:37:10.786,25.3,101.2
2024-05-31 23:37:19.643,25.3,101.2
2024-05-31 23:37:28.791,25.3,101.2
2024-05-31 23:37:37.773,25.3,101.2
2024-05-31 23:37:46.600,25.3,101.2
2024-05-31 23:37:55.639,25.3,101.2
2024-05-31 23:38:04.640,25.3,101.2
2024-05-31 23:38:13.645,25.3,101.2
2024-05-31 23:38:22.642,25.4,101.2
2024-05-31 23:38:31.771,25.4,101.2
2024-05-31 23:38:40.788,25.3,101.2
2024-05-31 23:38:49.719,25.3,101.2
2024-05-31 23:38:58.692,25.4,101.2
2024-05-31 23:39:07.776,25.4,101.2
2024-05-31 23:39:16.728,25.4,101.2
2024-05-31 23:39:25.748,25.4,101.2
2024-05-31 23:39:34.752,25.4,101.2
2024-05-31 23:39:43.824,25.4,101.2
2024-05-31 23:39:52.818,25.4,101.2
2024-05-31 23:40:01.738,25.4,101.2
2024-05-31 23:40:10.721,25.4,101.2
2024-05-31 23:40:19.732,25.4,101.2
2024-05-31 23:40:28.787,25.4,101.2
2024-05-31 23:40:37.747,25.4,101.2
2024-05-31 23:40:46.693,25.4,101.2
2024-05-31 23:40:55.749,25.4,101.2
2024-05-31 23:41:04.768,25.4,101.2
2024-05-31 23:41:13.713,25.4,101.2
2024-05-31 23:41:22.706,25.3,101.2
2024-05-31 23:41:31.808,25.3,101.2
2024-05-31 23:41:40.827,25.3,101.2
2024-05-31 23:41:49.743,25.3,101.2
2024-05-31 23:41:58.841,25.4,101.2
2024-05-31 23:42:07.785,25.4,101.2
2024-05-31 23:42:16.838,25.4,101.2
2024-05-31 23:42:25.848,25.4,101.2
2024-05-31 23:42:34.712,25.4,101.2
2024-05-31 23:42:43.746,25.4,101.2
2024-05-31 23:42:52.726,25.4,101.2
2024-05-31 23:43:01.660,25.4,101.2
2024-05-31 23:43:10.738,25.4,101.2
2024-05-31 23:43:19.731,25.3,101.2
2024-05-31 23:43:28.764,25.3,101.2
2024-05-31 23:43:37.761,25.3,101.2
2024-05-31 23:43:46.883,25.4,101.2
2024-05-31 23:43:55.836,25.4,101.2
2024-05-31 23:44:04.845,25.4,101.2
2024-05-31 23:44:13.855,25.4,101.2
2024-05-31 23:44:22.854,25.4,101.2
2024-05-31 23:44:31.777,25.4,101.2
2024-05-31 23:44:40.783,25.4,101.2
2024-05-31 23:44:49.772,25.4,101.2
2024-05-31 23:44:58.834,25.3,101.2
2024-05-31 23:45:07.792,25.3,101.2
2024-05-31 23:45:16.792,25.4,101.2
2024-05-31 23:45:25.820,25.4,101.2
2024-05-31 23:45:34.830,25.3,101.2
2024-05-31 23:45:43.837,25.3,101.2
2024-05-31 23:45:52.847,25.3,101.2
2024-05-31 23:46:01.789,25.4,101.2
2024-05-31 23:46:10.841,25.3,101.2
2024-05-31 23:46:19.874,25.3,101.2
2024-05-31 23:46:28.919,25.4,101.2
2024-05-31 23:46:37.829,25.4,101.2
2024-05-31 23:46:46.810,25.4,101.2
2024-05-31 23:46:55.771,25.4,101.2
2024-05-31 23:47:04.833,25.4,101.2
2024-05-31 23:47:13.810,25.4,101.2
2024-05-31 23:47:22.802,25.4,101.2
2024-05-31 23:47:31.933,25.4,101.2
2024-05-31 23:47:40.928,25.4,101.2
2024-05-31 23:47:50.005,25.4,101.2
2024-05-31 23:47:58.874,25.4,101.2
2024-05-31 23:48:07.780,25.4,101.2
2024-05-31 23:48:16.877,25.3,101.2
2024-05-31 23:48:25.903,25.4,101.2
2024-05-31 23:48:34.888,25.4,101.2
2024-05-31 23:48:43.914,25.4,101.2
2024-05-31 23:48:52.814,25.4,101.2
2024-05-31 23:49:01.760,25.4,101.2
2024-05-31 23:49:10.699,25.4,101.2
2024-05-31 23:49:19.800,25.4,101.2
2024-05-31 23:49:28.839,25.4,101.2
2024-05-31 23:49:37.854,25.4,101.2
2024-05-31 23:49:46.803,25.4,101.2
2024-05-31 23:49:55.822,25.4,101.2
2024-05-31 23:50:04.717,25.4,101.2
2024-05-31 23:50:13.824,25.4,101.2
2024-05-31 23:50:22.779,25.4,101.2
2024-05-31 23:50:31.888,25.4,101.2
2024-05-31 23:50:40.791,25.3,101.2
2024-05-31 23:50:49.758,25.4,101.2
2024-05-31 23:50:58.963,25.4,101.2
2024-05-31 23:51:07.983,25.3,101.2
2024-05-31 23:51:16.886,25.3,101.2
2024-05-31 23:51:25.983,25.3,101.2
2024-05-31 23:51:34.994,25.3,101.2
2024-05-31 23:51:44.009,25.3,101.2
2024-05-31 23:51:52.955,25.4,101.2
2024-05-31 23:52:01.936,25.4,101.2
2024-05-31 23:52:10.913,25.4,101.2
2024-05-31 23:52:19.903,25.4,101.2
2024-05-31 23:52:28.785,25.4,101.2
2024-05-31 23:52:37.861,25.4,101.2
2024-05-31 23:52:46.975,25.3,101.2
2024-05-31 23:52:55.942,25.4,101.2
2024-05-31 23:53:04.984,25.4,101.2
2024-05-31 23:53:13.850,25.4,101.2
2024-05-31 23:53:22.941,25.4,101.2
2024-05-31 23:53:31.943,25.4,101.2
2024-05-31 23:53:40.883,25.4,101.2
2024-05-31 23:53:49.922,25.4,101.2
2024-05-31 23:53:58.878,25.4,101.2
2024-05-31 23:54:07.822,25.4,101.2
2024-05-31 23:54:16.839,25.4,101.2
2024-05-31 23:54:26.005,25.5,101.2
2024-05-31 23:54:35.011,25.4,101.2
2024-05-31 23:54:43.954,25.4,101.2
2024-05-31 23:54:53.041,25.4,101.2
2024-05-31 23:55:02.077,25.4,101.2
2024-05-31 23:55:11.129,25.4,101.2
2024-05-31 23:55:20.180,25.5,101.2
2024-05-31 23:55:29.224,25.4,101.2
2024-05-31 23:55:38.227,25.4,101.2
2024-05-31 23:55:47.283,25.4,101.2
2024-05-31 23:55:56.356,25.4,101.2
2024-05-31 23:56:05.318,25.4,101.2
2024-05-31 23:56:14.412,25.5,101.2
2024-05-31 23:56:23.457,25.4,101.2
2024-05-31 23:56:32.410,25.4,101.2
2024-05-31 23:56:41.455,25.4,101.2
2024-05-31 23:56:50.493,25.4,101.2
2024-05-31 23:56:59.492,25.4,101.2
2024-05-31 23:57:08.471,25.4,101.2
2024-05-31 23:57:17.540,25.4,101.2
2024-05-31 23:57:26.442,25.4,101.2
2024-05-31 23:57:35.543,25.4,101.2
2024-05-31 23:57:44.556,25.4,101.2
2024-05-31 23:57:53.515,25.4,101.2
2024-05-31 23:58:02.512,25.4,101.2
2024-05-31 23:58:11.504,25.4,101.2
2024-05-31 23:58:20.382,25.4,101.2
2024-05-31 23:58:29.454,25.4,101.2
2024-05-31 23:58:38.441,25.4,101.2
2024-05-31 23:58:47.446,25.4,101.2
2024-05-31 23:58:56.339,25.4,101.2
2024-05-31 23:59:05.510,25.4,101.2
2024-05-31 23:59:14.409,25.4,101.2
2024-05-31 23:59:23.439,25.4,101.2
2024-05-31 23:59:32.505,25.3,101.2
2024-05-31 23:59:41.429,25.3,101.2
2024-05-31 23:59:50.496,25.4,101.2
2024-05-31 23:59:59.478,25.3,101.2
2024-06-01 00:00:08.488,25.4,101.2
2024-06-01 00:00:17.495,25.4,101.2
2024-06-01 00:00:26.400,25.4,101.2
2024-06-01 00:00:35.384,25.4,101.2
2024-06-01 00:00:44.414,25.3,101.2
2024-06-01 00:00:53.389,25.4,101.2
2024-06-01 00:01:02.415,25.4,101.2
2024-06-01 00:01:11.424,25.4,101.2
2024-06-01 00:01:20.380,25.4,101.2
2024-06-01 00:01:29.394,25.4,101.2
2024-06-01 00:01:38.512,25.3,101.2
2024-06-01 00:01:47.420,25.3,101.2
2024-06-01 00:01:56.435,25.3,101.2
2024-06-01 00:02:05.440,25.3,101.2
2024-06-01 00:02:14.438,25.3,101.2
2024-06-01 00:02:23.539,25.3,101.2
2024-06-01 00:02:32.546,25.4,101.2
2024-06-01 00:02:41.466,25.4,101.2
2024-06-01 00:02:50.372,25.4,101.2
2024-06-01 00:02:59.518,25.4,101.2
2024-06-01 00:03:08.504,25.4,101.2
2024-06-01 00:03:17.455,25.4,101.2
2024-06-01 00:03:26.514,25.4,101.2
2024-06-01 00:03:35.594,25.5,101.2
2024-06-01 00:03:44.452,25.4,101.2
2024-06-01 00:03:53.516,25.4,101.2
2024-06-01 00:04:02.524,25.4,101.2
2024-06-01 00:04:11.524,25.4,101.2
2024-06-01 00:04:20.389,25.4,101.2
2024-06-01 00:04:29.496,25.3,101.2
2024-06-01 00:04:38.537,25.4,101.2
2024-06-01 00:04:47.564,25.4,101.2
2024-06-01 00:04:56.610,25.4,101.2
2024-06-01 00:05:05.481,25.4,101.2
2024-06-01 00:05:14.609,25.4,101.2
2024-06-01 00:05:23.446,25.4,101.2
2024-06-01 00:05:32.586,25.4,101.2
2024-06-01 00:05:41.619,25.4,101.2
2024-06-01 00:05:50.647,25.4,101.2
2024-06-01 00:05:59.561,25.4,101.2
2024-06-01 00:06:08.507,25.4,101.2
2024-06-01 00:06:17.490,25.4,101.2
2024-06-01 00:06:26.666,25.3,101.2
2024-06-01 00:06:35.685,25.4,101.2
2024-06-01 00:06:44.700,25.4,101.2
2024-06-01 00:06:53.756,25.4,101.2
2024-06-01 00:07:02.803,25.4,101.2
2024-06-01 00:07:11.937,25.4,101.2
2024-06-01 00:07:20.993,25.4,101.2
2024-06-01 00:07:29.991,25.4,101.2
2024-06-01 00:07:38.980,25.4,101.2
2024-06-01 00:07:48.010,25.4,101.2
2024-06-01 00:07:56.977,25.4,101.2
2024-06-01 00:08:06.041,25.4,101.2
2024-06-01 00:08:14.937,25.4,101.2
2024-06-01 00:08:23.992,25.4,101.2
2024-06-01 00:08:32.996,25.3,101.2
2024-06-01 00:08:41.943,25.3,101.2
2024-06-01 00:08:51.051,25.3,101.2
2024-06-01 00:09:00.067,25.4,101.2
2024-06-01 00:09:09.096,25.4,101.2
2024-06-01 00:09:17.981,25.4,101.2
2024-06-01 00:09:27.069,25.4,101.2
2024-06-01 00:09:35.994,25.4,101.2
2024-06-01 00:09:45.003,25.4,101.2
2024-06-01 00:09:54.091,25.4,101.2
2024-06-01 00:10:02.996,25.4,101.2
2024-06-01 00:10:12.007,25.4,101.2
2024-06-01 00:10:21.073,25.4,101.2
2024-06-01 00:10:30.005,25.4,101.2
2024-06-01 00:10:38.965,25.4,101.2
2024-06-01 00:10:48.086,25.4,101.2
2024-06-01 00:10:57.144,25.4,101.2
2024-06-01 00:11:06.121,25.4,101.2
2024-06-01 00:11:15.023,25.4,101.2
2024-06-01 00:11:24.096,25.4,101.2
2024-06-01 00:11:33.063,25.4,101.2
2024-06-01 00:11:42.099,25.4,101.2
2024-06-01 00:11:51.120,25.4,101.2
2024-06-01 00:12:00.081,25.4,101.2
2024-06-01 00:12:08.949,25.4,101.2
2024-06-01 00:12:18.066,25.4,101.2
2024-06-01 00:12:27.002,25.4,101.2
2024-06-01 00:12:36.087,25.4,101.2
2024-06-01 00:12:45.083,25.4,101.2
2024-06-01 00:12:54.117,25.4,101.2
2024-06-01 00:13:03.122,25.4,101.2
2024-06-01 00:13:12.168,25.4,101.2
2024-06-01 00:13:21.099,25.4,101.2
2024-06-01 00:13:30.046,25.4,101.2
2024-06-01 00:13:39.140,25.4,101.2
2024-06-01 00:13:48.276,25.3,101.2
2024-06-01 00:13:57.287,25.4,101.2
2024-06-01 00:14:06.290,25.4,101.2
2024-06-01 00:14:15.323,25.4,101.2
2024-06-01 00:14:24.352,25.4,101.2
2024-06-01 00:14:33.318,25.4,101.2
2024-06-01 00:14:42.358,25.4,101.2
2024-06-01 00:14:51.599,25.4,101.2
2024-06-01 00:15:00.522,25.4,101.2
2024-06-01 00:15:09.437,25.4,101.2
2024-06-01 00:15:18.650,25.4,101.2
2024-06-01 00:15:27.605,25.4,101.2
2024-06-01 00:15:36.691,25.4,101.2
2024-06-01 00:15:45.676,25.4,101.2
2024-06-01 00:15:54.574,25.4,101.2
2024-06-01 00:16:03.580,25.4,101.2
2024-06-01 00:16:12.714,25.4,101.2
2024-06-01 00:16:21.709,25.4,101.2
2024-06-01 00:16:30.679,25.4,101.2
2024-06-01 00:16:39.768,25.4,101.2
2024-06-01 00:16:48.716,25.4,101.2
2024-06-01 00:16:57.750,25.3,101.2
2024-06-01 00:17:06.681,25.4,101.2
2024-06-01 00:17:15.820,25.4,101.2
2024-06-01 00:17:24.887,25.4,101.2
2024-06-01 00:17:33.931,25.4,101.2
2024-06-01 00:17:43.026,25.4,101.2
2024-06-01 00:17:52.065,25.4,101.2
2024-06-01 00:18:01.182,25.4,101.2
2024-06-01 00:18:10.160,25.4,101.2
2024-06-01 00:18:19.134,25.4,101.2
2024-06-01 00:18:28.207,25.4,101.2
2024-06-01 00:18:37.208,25.4,101.2
2024-06-01 00:18:46.214,25.4,101.2
2024-06-01 00:18:55.143,25.4,101.2
2024-06-01 00:19:04.136,25.4,101.2
2024-06-01 00:19:13.059,25.4,101.2
2024-06-01 00:19:22.092,25.4,101.2
2024-06-01 00:19:31.173,25.4,101.2
2024-06-01 00:19:40.192,25.4,101.2
2024-06-01 00:19:49.124,25.4,101.2
2024-06-01 00:19:58.208,25.4,101.2
2024-06-01 00:20:07.272,25.4,101.2
2024-06-01 00:20:16.319,25.4,101.2
2024-06-01 00:20:25.212,25.4,101.2
2024-06-01 00:20:34.208,25.4,101.2
2024-06-01 00:20:43.158,25.4,101.2
2024-06-01 00:20:52.111,25.4,101.2
2024-06-01 00:21:01.037,25.4,101.2
2024-06-01 00:21:10.090,25.4,101.2
2024-06-01 00:21:19.243,25.4,101.2
2024-06-01 00:21:28.304,25.4,101.2
2024-06-01 00:21:37.301,25.4,101.2
2024-06-01 00:21:46.256,25.4,101.2
2024-06-01 00:21:55.200,25.4,101.2
2024-06-01 00:22:04.289,25.4,101.2
2024-06-01 00:22:13.325,25.4,101.2
2024-06-01 00:22:22.292,25.4,101.2
2024-06-01 00:22:31.392,25.4,101.2
2024-06-01 00:22:40.485,25.4,101.2
2024-06-01 00:22:49.549,25.4,101.2
2024-06-01 00:22:58.537,25.4,101.2
2024-06-01 00:23:07.702,25.4,101.2
2024-06-01 00:23:16.646,25.4,101.2
2024-06-01 00:23:25.529,25.4,101.2
2024-06-01 00:23:34.544,25.4,101.2
2024-06-01 00:23:43.723,25.4,101.2
2024-06-01 00:23:52.821,25.4,101.2
2024-06-01 00:24:01.758,25.4,101.2
2024-06-01 00:24:10.755,25.4,101.2
2024-06-01 00:24:19.793,25.4,101.2
2024-06-01 00:24:28.837,25.4,101.2
2024-06-01 00:24:37.760,25.4,101.2
2024-06-01 00:24:46.870,25.4,101.2
2024-06-01 00:24:55.926,25.4,101.2
2024-06-01 00:25:04.941,25.4,101.2
2024-06-01 00:25:13.998,25.4,101.2
2024-06-01 00:25:23.161,25.4,101.2
2024-06-01 00:25:32.193,25.4,101.2
2024-06-01 00:25:41.303,25.4,101.2
2024-06-01 00:25:50.312,25.4,101.2
2024-06-01 00:25:59.350,25.4,101.2
2024-06-01 00:26:08.343,25.4,101.2
2024-06-01 00:26:17.374,25.4,101.2
2024-06-01 00:26:26.275,25.4,101.2
2024-06-01 00:26:35.254,25.4,101.2
2024-06-01 00:26:44.228,25.4,101.2
2024-06-01 00:26:53.027,25.4,101.2
2024-06-01 00:27:02.161,25.4,101.2
2024-06-01 00:27:11.228,25.4,101.2
2024-06-01 00:27:20.183,25.3,101.2
2024-06-01 00:27:29.190,25.4,101.2
2024-06-01 00:27:38.097,25.4,101.2
2024-06-01 00:27:47.118,25.4,101.2
2024-06-01 00:27:56.087,25.4,101.2
2024-06-01 00:28:05.266,25.4,101.2
2024-06-01 00:28:14.289,25.4,101.2
2024-06-01 00:28:23.370,25.4,101.2
2024-06-01 00:28:32.293,25.4,101.2
2024-06-01 00:28:41.310,25.4,101.2
2024-06-01 00:28:50.375,25.4,101.2
2024-06-01 00:28:59.407,25.4,101.2
2024-06-01 00:29:08.427,25.4,101.2
2024-06-01 00:29:17.520,25.4,101.2
2024-06-01 00:29:26.492,25.4,101.2
2024-06-01 00:29:35.545,25.4,101.2
2024-06-01 00:29:44.660,25.4,101.2
2024-06-01 00:29:53.722,25.4,101.2
2024-06-01 00:30:02.784,25.4,101.2
2024-06-01 00:30:11.736,25.4,101.2
2024-06-01 00:30:20.692,25.4,101.2
2024-06-01 00:30:29.676,25.4,101.2
2024-06-01 00:30:38.716,25.4,101.2
2024-06-01 00:30:47.798,25.4,101.2
2024-06-01 00:30:56.844,25.4,101.2
2024-06-01 00:31:05.824,25.4,101.2
2024-06-01 00:31:14.775,25.3,101.2
2024-06-01 00:31:23.775,25.3,101.2
2024-06-01 00:31:32.754,25.4,101.2
2024-06-01 00:31:41.697,25.4,101.2
2024-06-01 00:31:50.630,25.4,101.2
2024-06-01 00:31:59.736,25.4,101.2
2024-06-01 00:32:08.673,25.4,101.2
2024-06-01 00:32:17.675,25.4,101.2
2024-06-01 00:32:26.774,25.4,101.2
2024-06-01 00:32:35.659,25.4,101.2
2024-06-01 00:32:44.851,25.4,101.2
2024-06-01 00:32:53.999,25.4,101.2
2024-06-01 00:33:03.014,25.4,101.2
2024-06-01 00:33:12.021,25.4,101.2
2024-06-01 00:33:21.087,25.4,101.2
2024-06-01 00:33:30.197,25.5,101.2
2024-06-01 00:33:39.284,25.5,101.2
2024-06-01 00:33:48.315,25.4,101.2
2024-06-01 00:33:57.330,25.5,101.2
2024-06-01 00:34:06.366,25.5,101.2
2024-06-01 00:34:15.357,25.5,101.2
2024-06-01 00:34:24.293,25.4,101.2
2024-06-01 00:34:33.232,25.4,101.2
2024-06-01 00:34:42.386,25.4,101.2
2024-06-01 00:34:51.315,25.4,101.2
2024-06-01 00:35:00.194,25.4,101.2
2024-06-01 00:35:09.274,25.4,101.2
2024-06-01 00:35:18.182,25.4,101.2
2024-06-01 00:35:27.338,25.4,101.2
2024-06-01 00:35:36.346,25.4,101.2
2024-06-01 00:35:45.294,25.4,101.2
2024-06-01 00:35:54.313,25.4,101.2
2024-06-01 00:36:03.335,25.4,101.2
2024-06-01 00:36:12.267,25.4,101.2
2024-06-01 00:36:21.204,25.4,101.2
2024-06-01 00:36:30.224,25.4,101.2
2024-06-01 00:36:39.341,25.4,101.2
2024-06-01 00:36:48.315,25.4,101.2
2024-06-01 00:36:57.327,25.4,101.2
2024-06-01 00:37:06.324,25.4,101.2
2024-06-01 00:37:15.316,25.4,101.2
2024-06-01 00:37:24.217,25.4,101.2
2024-06-01 00:37:33.275,25.4,101.2
2024-06-01 00:37:42.312,25.4,101.2
2024-06-01 00:37:51.364,25.4,101.2
2024-06-01 00:38:00.400,25.4,101.2
2024-06-01 00:38:09.390,25.4,101.2
2024-06-01 00:38:18.444,25.4,101.2
2024-06-01 00:38:27.455,25.4,101.2
2024-06-01 00:38:36.450,25.4,101.2
2024-06-01 00:38:45.501,25.4,101.2
2024-06-01 00:38:54.548,25.4,101.2
2024-06-01 00:39:03.531,25.4,101.2
2024-06-01 00:39:12.553,25.4,101.2
2024-06-01 00:39:21.542,25.4,101.2
2024-06-01 00:39:30.626,25.4,101.2
2024-06-01 00:39:39.721,25.4,101.2
2024-06-01 00:39:48.851,25.4,101.2
2024-06-01 00:39:57.899,25.4,101.2
2024-06-01 00:40:06.976,25.4,101.2
2024-06-01 00:40:16.065,25.4,101.2
2024-06-01 00:40:25.086,25.4,101.2
2024-06-01 00:40:34.122,25.4,101.2
2024-06-01 00:40:43.298,25.5,101.2
2024-06-01 00:40:52.367,25.5,101.2
2024-06-01 00:41:01.363,25.5,101.2
2024-06-01 00:41:10.266,25.5,101.2
2024-06-01 00:41:19.312,25.5,101.2
2024-06-01 00:41:28.286,25.4,101.2
2024-06-01 00:41:37.339,25.4,101.2
2024-06-01 00:41:46.418,25.4,101.2
2024-06-01 00:41:55.419,25.4,101.2
2024-06-01 00:42:04.483,25.4,101.2
2024-06-01 00:42:13.533,25.4,101.2
2024-06-01 00:42:22.626,25.4,101.2
2024-06-01 00:42:31.671,25.4,101.2
2024-06-01 00:42:40.679,25.4,101.2
2024-06-01 00:42:49.874,25.4,101.2
2024-06-01 00:42:58.848,25.4,101.2
2024-06-01 00:43:07.981,25.4,101.2
2024-06-01 00:43:16.953,25.4,101.2
2024-06-01 00:43:25.944,25.4,101.2
2024-06-01 00:43:35.001,25.4,101.2
2024-06-01 00:43:43.946,25.4,101.2
2024-06-01 00:43:52.958,25.4,101.2
2024-06-01 00:44:02.028,25.4,101.2
2024-06-01 00:44:10.941,25.4,101.2
2024-06-01 00:44:19.944,25.4,101.2
2024-06-01 00:44:28.970,25.4,101.2
2024-06-01 00:44:37.943,25.4,101.2
2024-06-01 00:44:47.060,25.4,101.2
2024-06-01 00:44:56.006,25.4,101.2
2024-06-01 00:45:05.012,25.4,101.2
2024-06-01 00:45:13.937,25.4,101.2
2024-06-01 00:45:22.959,25.4,101.2
2024-06-01 00:45:32.044,25.5,101.2
2024-06-01 00:45:41.066,25.5,101.2
2024-06-01 00:45:50.055,25.4,101.2
2024-06-01 00:45:58.976,25.4,101.2
2024-06-01 00:46:08.064,25.4,101.2
2024-06-01 00:46:17.141,25.4,101.2
2024-06-01 00:46:26.148,25.4,101.2
2024-06-01 00:46:35.171,25.4,101.2
2024-06-01 00:46:44.285,25.4,101.2
2024-06-01 00:46:53.367,25.4,101.2
2024-06-01 00:47:02.459,25.4,101.2
2024-06-01 00:47:11.525,25.4,101.2
2024-06-01 00:47:20.548,25.4,101.2
2024-06-01 00:47:29.518,25.4,101.2
2024-06-01 00:47:38.533,25.4,101.2
2024-06-01 00:47:47.585,25.4,101.2
2024-06-01 00:47:56.762,25.4,101.2
2024-06-01 00:48:05.888,25.4,101.2
2024-06-01 00:48:14.917,25.4,101.2
2024-06-01 00:48:23.902,25.4,101.2
2024-06-01 00:48:33.046,25.4,101.2
2024-06-01 00:48:42.092,25.4,101.2
2024-06-01 00:48:51.161,25.4,101.2
2024-06-01 00:49:00.196,25.4,101.2
2024-06-01 00:49:09.313,25.4,101.2
2024-06-01 00:49:18.301,25.5,101.2
2024-06-01 00:49:27.414,25.4,101.2
2024-06-01 00:49:36.434,25.4,101.2
2024-06-01 00:49:45.309,25.4,101.2
2024-06-01 00:49:54.452,25.4,101.2
2024-06-01 00:50:03.363,25.4,101.2
2024-06-01 00:50:12.379,25.4,101.2
2024-06-01 00:50:21.461,25.4,101.2
2024-06-01 00:50:30.497,25.4,101.2
2024-06-01 00:50:39.543,25.4,101.2
2024-06-01 00:50:48.543,25.4,101.2
2024-06-01 00:50:57.526,25.3,101.2
2024-06-01 00:51:06.541,25.4,101.2
2024-06-01 00:51:15.607,25.4,101.2
2024-06-01 00:51:24.659,25.4,101.2
2024-06-01 00:51:33.658,25.4,101.2
2024-06-01 00:51:42.894,25.4,101.2
2024-06-01 00:51:51.899,25.4,101.2
2024-06-01 00:52:00.870,25.4,101.2
2024-06-01 00:52:10.031,25.4,101.2
2024-06-01 00:52:18.993,25.4,101.2
2024-06-01 00:52:27.959,25.4,101.2
2024-06-01 00:52:36.926,25.4,101.2
2024-06-01 00:52:45.892,25.4,101.2
2024-06-01 00:52:54.853,25.4,101.2
2024-06-01 00:53:03.974,25.4,101.2
2024-06-01 00:53:12.993,25.4,101.2
2024-06-01 00:53:22.127,25.4,101.2
2024-06-01 00:53:31.180,25.4,101.2
2024-06-01 00:53:40.273,25.4,101.2
2024-06-01 00:53:49.547,25.4,101.2
2024-06-01 00:53:58.489,25.4,101.2
2024-06-01 00:54:07.477,25.4,101.2
2024-06-01 00:54:16.532,25.4,101.2
2024-06-01 00:54:25.488,25.4,101.2
2024-06-01 00:54:34.559,25.4,101.2
2024-06-01 00:54:43.528,25.4,101.2
2024-06-01 00:54:52.545,25.4,101.2
2024-06-01 00:55:01.553,25.4,101.2
2024-06-01 00:55:10.503,25.4,101.2
2024-06-01 00:55:19.562,25.4,101.2
2024-06-01 00:55:28.589,25.4,101.2
2024-06-01 00:55:37.582,25.4,101.2
2024-06-01 00:55:46.662,25.4,101.2
2024-06-01 00:55:55.708,25.4,101.2
2024-06-01 00:56:04.741,25.4,101.2
2024-06-01 00:56:13.689,25.4,101.2
2024-06-01 00:56:22.440,25.4,101.2
2024-06-01 00:56:31.170,25.4,101.2
2024-06-01 00:56:39.732,25.4,101.2
2024-06-01 00:56:48.500,25.4,101.2
2024-06-01 00:56:57.094,25.4,101.2
2024-06-01 00:57:05.993,25.3,101.2
2024-06-01 00:57:14.664,25.4,101.2
2024-06-01 00:57:23.415,25.4,101.2
2024-06-01 00:57:32.198,25.4,101.2
2024-06-01 00:57:40.975,25.4,101.2
2024-06-01 00:57:49.690,25.4,101.2
2024-06-01 00:57:58.459,25.4,101.2
2024-06-01 00:58:07.074,25.4,101.2
2024-06-01 00:58:15.659,25.4,101.2
2024-06-01 00:58:24.463,25.4,101.2
2024-06-01 00:58:33.124,25.4,101.2
2024-06-01 00:58:41.736,25.4,101.2
2024-06-01 00:58:50.431,25.4,101.2
2024-06-01 00:58:59.165,25.4,101.2
2024-06-01 00:59:07.904,25.4,101.2
2024-06-01 00:59:16.613,25.4,101.2
2024-06-01 00:59:25.201,25.4,101.2
2024-06-01 00:59:33.978,25.4,101.2
2024-06-01 00:59:42.615,25.4,101.2
2024-06-01 00:59:51.241,25.4,101.2
2024-06-01 00:59:59.891,25.4,101.2
2024-06-01 01:00:08.610,25.4,101.2
2024-06-01 01:00:17.211,25.4,101.2
2024-06-01 01:00:25.982,25.4,101.2
2024-06-01 01:00:34.603,25.4,101.2
2024-06-01 01:00:43.232,25.4,101.2
2024-06-01 01:00:52.052,25.5,101.2
2024-06-01 01:01:00.659,25.4,101.2
2024-06-01 01:01:09.440,25.5,101.2
2024-06-01 01:01:18.142,25.5,101.2
2024-06-01 01:01:26.844,25.4,101.2
2024-06-01 01:01:35.559,25.4,101.2
2024-06-01 01:01:44.152,25.4,101.2
2024-06-01 01:01:52.704,25.5,101.2
2024-06-01 01:02:01.320,25.4,101.2
2024-06-01 01:02:10.088,25.4,101.2
2024-06-01 01:02:18.754,25.4,101.2
2024-06-01 01:02:27.606,25.4,101.2
2024-06-01 01:02:36.211,25.4,101.2
2024-06-01 01:02:44.928,25.4,101.2
2024-06-01 01:02:53.631,25.4,101.2
2024-06-01 01:03:02.348,25.4,101.2
2024-06-01 01:03:11.103,25.4,101.2
2024-06-01 01:03:19.748,25.4,101.2
2024-06-01 01:03:28.491,25.4,101.2
2024-06-01 01:03:37.206,25.4,101.2
2024-06-01 01:03:46.009,25.4,101.2
2024-06-01 01:03:54.653,25.4,101.2
2024-06-01 01:04:03.233,25.4,101.2
2024-06-01 01:04:12.007,25.4,101.2
2024-06-01 01:04:20.586,25.4,101.2
2024-06-01 01:04:29.283,25.4,101.2
2024-06-01 01:04:37.862,25.4,101.2
2024-06-01 01:04:46.641,25.4,101.2
2024-06-01 01:04:55.346,25.4,101.2
2024-06-01 01:05:04.046,25.4,101.2
2024-06-01 01:05:12.695,25.4,101.2
2024-06-01 01:05:21.269,25.5,101.2
2024-06-01 01:05:29.833,25.4,101.2
2024-06-01 01:05:38.600,25.4,101.2
2024-06-01 01:05:47.267,25.4,101.2
2024-06-01 01:05:56.019,25.4,101.2
2024-06-01 01:06:04.667,25.4,101.2
2024-06-01 01:06:13.334,25.4,101.2
2024-06-01 01:06:22.108,25.4,101.2
2024-06-01 01:06:30.837,25.4,101.2
2024-06-01 01:06:39.552,25.4,101.2
2024-06-01 01:06:48.138,25.4,101.2
2024-06-01 01:06:56.839,25.4,101.2
2024-06-01 01:07:05.656,25.4,101.2
2024-06-01 01:07:14.273,25.4,101.2
2024-06-01 01:07:22.855,25.4,101.2
2024-06-01 01:07:31.679,25.4,101.2
2024-06-01 01:07:40.303,25.4,101.2
2024-06-01 01:07:49.028,25.4,101.2
2024-06-01 01:07:57.758,25.4,101.2
2024-06-01 01:08:06.437,25.4,101.2
2024-06-01 01:08:15.195,25.4,101.2
2024-06-01 01:08:23.780,25.4,101.2
2024-06-01 01:08:32.415,25.3,101.2
2024-06-01 01:08:41.169,25.4,101.2
2024-06-01 01:08:49.801,25.4,101.2
2024-06-01 01:08:58.568,25.4,101.2
2024-06-01 01:09:07.237,25.4,101.2
2024-06-01 01:09:15.884,25.4,101.2
2024-06-01 01:09:24.762,25.4,101.2
2024-06-01 01:09:33.586,25.4,101.2
2024-06-01 01:09:42.186,25.4,101.2
2024-06-01 01:09:50.834,25.4,101.2
2024-06-01 01:09:59.641,25.4,101.2
2024-06-01 01:10:08.249,25.4,101.2
2024-06-01 01:10:16.919,25.4,101.2
2024-06-01 01:10:25.710,25.4,101.2
2024-06-01 01:10:34.391,25.4,101.2
2024-06-01 01:10:43.107,25.4,101.2
2024-06-01 01:10:51.765,25.4,101.2
2024-06-01 01:11:00.359,25.4,101.2
2024-06-01 01:11:09.246,25.4,101.2
2024-06-01 01:11:17.875,25.4,101.2
2024-06-01 01:11:26.610,25.4,101.2
2024-06-01 01:11:35.272,25.4,101.2
2024-06-01 01:11:44.062,25.4,101.2
2024-06-01 01:11:52.821,25.4,101.2
2024-06-01 01:12:01.528,25.4,101.2
2024-06-01 01:12:10.260,25.4,101.2
2024-06-01 01:12:18.904,25.4,101.2
2024-06-01 01:12:27.651,25.4,101.2
2024-06-01 01:12:36.366,25.4,101.2
2024-06-01 01:12:45.094,25.4,101.2
2024-06-01 01:12:53.748,25.4,101.2
2024-06-01 01:13:02.379,25.4,101.2
2024-06-01 01:13:11.069,25.4,101.2
2024-06-01 01:13:19.697,25.4,101.2
2024-06-01 01:13:28.321,25.4,101.2
2024-06-01 01:13:37.058,25.4,101.2
2024-06-01 01:13:45.716,25.4,101.2
2024-06-01 01:13:54.450,25.4,101.2
2024-06-01 01:14:03.279,25.4,101.2
2024-06-01 01:14:11.964,25.4,101.2
2024-06-01 01:14:20.731,25.4,101.2
2024-06-01 01:14:29.390,25.4,101.2
2024-06-01 01:14:38.171,25.5,101.2
2024-06-01 01:14:46.860,25.5,101.2
2024-06-01 01:14:55.670,25.4,101.2
2024-06-01 01:15:04.254,25.4,101.2
2024-06-01 01:15:12.873,25.4,101.2
2024-06-01 01:15:21.669,25.4,101.2
2024-06-01 01:15:30.383,25.4,101.2
2024-06-01 01:15:39.093,25.4,101.2
2024-06-01 01:15:47.809,25.4,101.2
2024-06-01 01:15:56.400,25.4,101.2
2024-06-01 01:16:05.282,25.4,101.2
2024-06-01 01:16:13.992,25.4,101.2
2024-06-01 01:16:22.798,25.4,101.2
2024-06-01 01:16:31.545,25.4,101.2
2024-06-01 01:16:40.326,25.4,101.2
2024-06-01 01:16:48.988,25.4,101.2
2024-06-01 01:16:57.780,25.4,101.2
2024-06-01 01:17:06.417,25.4,101.2
2024-06-01 01:17:15.222,25.4,101.2
2024-06-01 01:17:23.851,25.4,101.2
2024-06-01 01:17:32.627,25.4,101.2
2024-06-01 01:17:41.285,25.4,101.2
2024-06-01 01:17:49.966,25.5,101.2
2024-06-01 01:17:58.742,25.4,101.2
2024-06-01 01:18:07.520,25.5,101.2
2024-06-01 01:18:16.313,25.4,101.2
2024-06-01 01:18:24.939,25.4,101.2
2024-06-01 01:18:33.754,25.4,101.2
2024-06-01 01:18:42.395,25.4,101.2
2024-06-01 01:18:51.137,25.4,101.2
2024-06-01 01:18:59.825,25.4,101.2
2024-06-01 01:19:08.546,25.4,101.2
2024-06-01 01:19:17.293,25.4,101.2
2024-06-01 01:19:25.964,25.4,101.2
2024-06-01 01:19:34.796,25.4,101.2
2024-06-01 01:19:43.440,25.4,101.2
2024-06-01 01:19:52.184,25.4,101.2
2024-06-01 01:20:00.938,25.4,101.2
2024-06-01 01:20:09.716,25.4,101.2
2024-06-01 01:20:18.362,25.4,101.2
2024-06-01 01:20:27.038,25.4,101.2
2024-06-01 01:20:35.834,25.4,101.2
2024-06-01 01:20:44.490,25.4,101.2
2024-06-01 01:20:53.220,25.4,101.2
2024-06-01 01:21:01.848,25.4,101.2
2024-06-01 01:21:10.610,25.4,101.2
2024-06-01 01:21:19.398,25.4,101.2
2024-06-01 01:21:28.110,25.4,101.2
2024-06-01 01:21:36.862,25.4,101.2
2024-06-01 01:21:45.663,25.4,101.2
2024-06-01 01:21:54.394,25.4,101.2
2024-06-01 01:22:03.220,25.4,101.2
2024-06-01 01:22:11.820,25.4,101.2
2024-06-01 01:22:20.454,25.4,101.2
2024-06-01 01:22:29.330,25.4,101.2
2024-06-01 01:22:38.049,25.4,101.2
2024-06-01 01:22:46.842,25.4,101.2
2024-06-01 01:22:55.542,25.4,101.2
2024-06-01 01:23:04.345,25.4,101.2
2024-06-01 01:23:13.025,25.4,101.2
2024-06-01 01:23:21.758,25.4,101.2
2024-06-01 01:23:30.569,25.4,101.2
2024-06-01 01:23:39.292,25.4,101.2
2024-06-01 01:23:47.954,25.4,101.2
2024-06-01 01:23:56.733,25.4,101.2
2024-06-01 01:24:05.485,25.4,101.2
2024-06-01 01:24:14.360,25.4,101.2
2024-06-01 01:24:22.980,25.4,101.2
2024-06-01 01:24:31.818,25.4,101.2
2024-06-01 01:24:40.414,25.4,101.2
2024-06-01 01:24:49.351,25.5,101.2
2024-06-01 01:24:58.167,25.5,101.2
2024-06-01 01:25:06.897,25.5,101.2
2024-06-01 01:25:15.617,25.4,101.2
2024-06-01 01:25:24.350,25.4,101.2
2024-06-01 01:25:33.026,25.4,101.2
2024-06-01 01:25:41.912,25.4,101.2
2024-06-01 01:25:50.633,25.5,101.2
2024-06-01 01:25:59.344,25.4,101.2
2024-06-01 01:26:07.967,25.4,101.2
2024-06-01 01:26:16.727,25.4,101.2
2024-06-01 01:26:25.533,25.4,101.2
2024-06-01 01:26:34.298,25.4,101.2
2024-06-01 01:26:43.012,25.4,101.2
2024-06-01 01:26:51.786,25.4,101.2
2024-06-01 01:27:00.456,25.4,101.2
2024-06-01 01:27:09.289,25.4,101.2
2024-06-01 01:27:18.002,25.4,101.2
2024-06-01 01:27:26.767,25.4,101.2
2024-06-01 01:27:35.405,25.4,101.2
2024-06-01 01:27:44.115,25.4,101.2
2024-06-01 01:27:52.951,25.4,101.2
2024-06-01 01:28:01.751,25.4,101.2
2024-06-01 01:28:10.354,25.4,101.2
2024-06-01 01:28:19.170,25.4,101.2
2024-06-01 01:28:27.846,25.4,101.2
2024-06-01 01:28:36.585,25.4,101.2
2024-06-01 01:28:45.387,25.4,101.2
2024-06-01 01:28:53.972,25.4,101.2
2024-06-01 01:29:02.757,25.4,101.2
2024-06-01 01:29:11.457,25.4,101.2
2024-06-01 01:29:20.338,25.4,101.2
2024-06-01 01:29:29.074,25.4,101.2
2024-06-01 01:29:37.840,25.4,101.2
2024-06-01 01:29:46.489,25.4,101.2
2024-06-01 01:29:55.279,25.4,101.2
2024-06-01 01:30:03.963,25.4,101.2
2024-06-01 01:30:12.718,25.4,101.2
2024-06-01 01:30:21.395,25.4,101.2
2024-06-01 01:30:30.085,25.4,101.2
2024-06-01 01:30:38.880,25.4,101.2
2024-06-01 01:30:47.595,25.4,101.2
2024-06-01 01:30:56.497,25.4,101.2
2024-06-01 01:31:05.230,25.4,101.2
2024-06-01 01:31:13.972,25.4,101.2
2024-06-01 01:31:22.788,25.4,101.2
2024-06-01 01:31:31.391,25.4,101.2
2024-06-01 01:31:40.006,25.4,101.2
2024-06-01 01:31:48.841,25.4,101.2
2024-06-01 01:31:57.477,25.4,101.2
2024-06-01 01:32:06.278,25.4,101.2
2024-06-01 01:32:14.967,25.4,101.2
2024-06-01 01:32:23.849,25.4,101.2
2024-06-01 01:32:32.436,25.4,101.2
2024-06-01 01:32:41.101,25.4,101.2
2024-06-01 01:32:49.980,25.4,101.2
2024-06-01 01:32:58.732,25.4,101.2
2024-06-01 01:33:07.465,25.4,101.2
2024-06-01 01:33:16.078,25.4,101.2
2024-06-01 01:33:24.913,25.4,101.2
2024-06-01 01:33:33.608,25.4,101.2
2024-06-01 01:33:42.353,25.4,101.2
2024-06-01 01:33:50.966,25.4,101.2
2024-06-01 01:33:59.694,25.4,101.2
2024-06-01 01:34:08.373,25.4,101.2
2024-06-01 01:34:17.076,25.4,101.2
2024-06-01 01:34:25.824,25.4,101.2
2024-06-01 01:34:34.528,25.4,101.2
2024-06-01 01:34:43.267,25.4,101.2
2024-06-01 01:34:51.944,25.4,101.2
2024-06-01 01:35:00.716,25.4,101.2
2024-06-01 01:35:09.445,25.4,101.2
2024-06-01 01:35:18.300,25.4,101.2
2024-06-01 01:35:26.959,25.4,101.2
2024-06-01 01:35:35.645,25.4,101.2
2024-06-01 01:35:44.414,25.4,101.2
2024-06-01 01:35:53.102,25.4,101.2
2024-06-01 01:36:01.893,25.4,101.2
2024-06-01 01:36:10.575,25.4,101.2
2024-06-01 01:36:19.373,25.4,101.2
2024-06-01 01:36:28.044,25.5,101.2
2024-06-01 01:36:36.840,25.4,101.2
2024-06-01 01:36:45.451,25.4,101.2
2024-06-01 01:36:54.159,25.5,101.2
2024-06-01 01:37:03.046,25.4,101.2
2024-06-01 01:37:11.873,25.4,101.2
2024-06-01 01:37:20.523,25.4,101.2
2024-06-01 01:37:29.229,25.4,101.2
2024-06-01 01:37:37.971,25.3,101.2
2024-06-01 01:37:46.705,25.4,101.2
2024-06-01 01:37:55.577,25.4,101.2
2024-06-01 01:38:04.291,25.4,101.2
2024-06-01 01:38:13.060,25.4,101.2
2024-06-01 01:38:21.810,25.4,101.2
2024-06-01 01:38:30.597,25.5,101.2
2024-06-01 01:38:39.495,25.4,101.2
2024-06-01 01:38:48.180,25.4,101.2
2024-06-01 01:38:57.004,25.4,101.2
2024-06-01 01:39:05.607,25.4,101.2
2024-06-01 01:39:14.466,25.4,101.2
2024-06-01 01:39:23.162,25.4,101.2
2024-06-01 01:39:31.998,25.4,101.2
2024-06-01 01:39:40.677,25.4,101.2
2024-06-01 01:39:49.471,25.4,101.2
2024-06-01 01:39:58.297,25.4,101.2
2024-06-01 01:40:07.001,25.5,101.2
2024-06-01 01:40:15.695,25.5,101.2
2024-06-01 01:40:24.482,25.4,101.2
2024-06-01 01:40:33.111,25.4,101.2
2024-06-01 01:40:41.965,25.4,101.2
2024-06-01 01:40:50.642,25.4,101.2
2024-06-01 01:40:59.476,25.4,101.2
2024-06-01 01:41:08.059,25.4,101.2
2024-06-01 01:41:16.925,25.4,101.2
2024-06-01 01:41:25.601,25.4,101.2
2024-06-01 01:41:34.410,25.5,101.2
2024-06-01 01:41:43.149,25.5,101.2
2024-06-01 01:41:51.953,25.4,101.2
2024-06-01 01:42:00.695,25.4,101.2
2024-06-01 01:42:09.433,25.4,101.2
2024-06-01 01:42:18.195,25.4,101.2
2024-06-01 01:42:26.912,25.4,101.2
2024-06-01 01:42:35.603,25.4,101.2
2024-06-01 01:42:44.392,25.4,101.2
2024-06-01 01:42:53.178,25.4,101.2
2024-06-01 01:43:02.021,25.4,101.2
2024-06-01 01:43:10.826,25.4,101.2
2024-06-01 01:43:19.585,25.4,101.2
2024-06-01 01:43:28.478,25.4,101.2
2024-06-01 01:43:37.085,25.4,101.2
2024-06-01 01:43:45.852,25.4,101.2
2024-06-01 01:43:54.660,25.5,101.2
2024-06-01 01:44:03.450,25.4,101.2
2024-06-01 01:44:12.030,25.5,101.2
2024-06-01 01:44:20.736,25.4,101.2
2024-06-01 01:44:29.587,25.5,101.2
2024-06-01 01:44:38.291,25.4,101.2
2024-06-01 01:44:47.025,25.4,101.2
2024-06-01 01:44:55.811,25.5,101.2
2024-06-01 01:45:04.542,25.4,101.2
2024-06-01 01:45:13.351,25.5,101.2
2024-06-01 01:45:22.134,25.5,101.2
2024-06-01 01:45:30.961,25.5,101.2
2024-06-01 01:45:39.773,25.4,101.2
2024-06-01 01:45:48.560,25.5,101.2
2024-06-01 01:45:57.324,25.5,101.2
2024-06-01 01:46:06.116,25.5,101.2
2024-06-01 01:46:14.842,25.5,101.2
2024-06-01 01:46:23.567,25.5,101.2
2024-06-01 01:46:32.228,25.5,101.2
2024-06-01 01:46:41.056,25.5,101.2
2024-06-01 01:46:49.869,25.5,101.2
2024-06-01 01:46:58.578,25.5,101.2
2024-06-01 01:47:07.470,25.5,101.2
2024-06-01 01:47:16.122,25.5,101.2
2024-06-01 01:47:24.974,25.4,101.2
2024-06-01 01:47:33.607,25.4,101.2
2024-06-01 01:47:42.370,25.4,101.2
2024-06-01 01:47:51.061,25.4,101.2
2024-06-01 01:47:59.898,25.4,101.2
2024-06-01 01:48:08.695,25.4,101.2
2024-06-01 01:48:17.519,25.4,101.2
2024-06-01 01:48:26.197,25.4,101.2
2024-06-01 01:48:35.086,25.4,101.2
2024-06-01 01:48:43.778,25.4,101.2
2024-06-01 01:48:52.627,25.5,101.2
2024-06-01 01:49:01.228,25.5,101.2
2024-06-01 01:49:10.121,25.4,101.2
2024-06-01 01:49:18.837,25.4,101.2
2024-06-01 01:49:27.569,25.5,101.2
2024-06-01 01:49:36.264,25.4,101.2
2024-06-01 01:49:45.140,25.5,101.2
2024-06-01 01:49:53.928,25.5,101.2
2024-06-01 01:50:02.606,25.4,101.2
2024-06-01 01:50:11.309,25.5,101.2
2024-06-01 01:50:20.171,25.5,101.2
2024-06-01 01:50:28.971,25.5,101.2
2024-06-01 01:50:37.665,25.4,101.2
2024-06-01 01:50:46.554,25.4,101.2
2024-06-01 01:50:55.155,25.4,101.2
2024-06-01 01:51:03.997,25.4,101.2
2024-06-01 01:51:12.694,25.5,101.2
2024-06-01 01:51:21.441,25.4,101.2
2024-06-01 01:51:30.174,25.4,101.2
2024-06-01 01:51:39.082,25.4,101.2
2024-06-01 01:51:47.735,25.4,101.2
2024-06-01 01:51:56.538,25.4,101.2
2024-06-01 01:52:05.193,25.4,101.2
2024-06-01 01:52:14.018,25.4,101.2
2024-06-01 01:52:22.662,25.4,101.2
2024-06-01 01:52:31.438,25.4,101.2
2024-06-01 01:52:40.149,25.4,101.2
2024-06-01 01:52:48.862,25.4,101.2
2024-06-01 01:52:57.538,25.4,101.2
2024-06-01 01:53:06.316,25.4,101.2
2024-06-01 01:53:15.118,25.4,101.2
2024-06-01 01:53:23.843,25.4,101.2
2024-06-01 01:53:32.659,25.4,101.2
2024-06-01 01:53:41.466,25.4,101.2
2024-06-01 01:53:50.199,25.5,101.2
2024-06-01 01:53:58.956,25.5,101.2
2024-06-01 01:54:07.633,25.4,101.2
2024-06-01 01:54:16.370,25.4,101.2
2024-06-01 01:54:25.208,25.4,101.2
2024-06-01 01:54:33.943,25.4,101.2
2024-06-01 01:54:42.694,25.5,101.2
2024-06-01 01:54:51.555,25.4,101.2
2024-06-01 01:55:00.210,25.4,101.2
2024-06-01 01:55:09.016,25.4,101.2
2024-06-01 01:55:17.650,25.4,101.2
2024-06-01 01:55:26.523,25.4,101.2
2024-06-01 01:55:35.267,25.4,101.2
2024-06-01 01:55:44.139,25.5,101.2
2024-06-01 01:55:52.828,25.5,101.2
2024-06-01 01:56:01.684,25.4,101.2
2024-06-01 01:56:10.537,25.4,101.2
2024-06-01 01:56:19.293,25.5,101.2
2024-06-01 01:56:28.115,25.5,101.2
2024-06-01 01:56:36.831,25.5,101.2
2024-06-01 01:56:45.647,25.5,101.2
2024-06-01 01:56:54.525,25.5,101.2
2024-06-01 01:57:03.161,25.4,101.2
2024-06-01 01:57:11.926,25.4,101.2
2024-06-01 01:57:20.632,25.4,101.2
2024-06-01 01:57:29.511,25.5,101.2
2024-06-01 01:57:38.212,25.5,101.2
2024-06-01 01:57:47.055,25.5,101.2
2024-06-01 01:57:55.848,25.5,101.2
2024-06-01 01:58:04.673,25.5,101.2
2024-06-01 01:58:13.218,25.5,101.2
2024-06-01 01:58:21.876,25.4,101.2
2024-06-01 01:58:30.729,25.4,101.2
2024-06-01 01:58:39.616,25.4,101.2
2024-06-01 01:58:48.227,25.4,101.2
2024-06-01 01:58:57.135,25.4,101.2
2024-06-01 01:59:05.965,25.4,101.2
2024-06-01 01:59:14.765,25.4,101.2
2024-06-01 01:59:23.569,25.5,101.2
2024-06-01 01:59:32.243,25.5,101.2
2024-06-01 01:59:41.126,25.5,101.2
2024-06-01 01:59:49.850,25.5,101.2
2024-06-01 01:59:58.734,25.4,101.2
2024-06-01 02:00:07.611,25.5,101.2
2024-06-01 02:00:16.299,25.5,101.2
2024-06-01 02:00:25.212,25.5,101.2
2024-06-01 02:00:33.807,25.5,101.2
2024-06-01 02:00:42.735,25.4,101.2
2024-06-01 02:00:51.417,25.4,101.2
2024-06-01 02:01:00.149,25.4,101.2
2024-06-01 02:01:08.807,25.5,101.2
2024-06-01 02:01:17.627,25.5,101.2
2024-06-01 02:01:26.426,25.4,101.2
2024-06-01 02:01:35.185,25.4,101.2
2024-06-01 02:01:44.088,25.4,101.2
2024-06-01 02:01:52.795,25.5,101.2
2024-06-01 02:02:01.574,25.4,101.2
2024-06-01 02:02:10.368,25.4,101.2
2024-06-01 02:02:19.191,25.4,101.2
2024-06-01 02:02:27.892,25.5,101.2
2024-06-01 02:02:36.804,25.5,101.2
2024-06-01 02:02:45.583,25.5,101.2
2024-06-01 02:02:54.323,25.4,101.2
2024-06-01 02:03:03.220,25.5,101.2
2024-06-01 02:03:12.025,25.5,101.2
2024-06-01 02:03:20.811,25.5,101.2
2024-06-01 02:03:29.566,25.5,101.2
2024-06-01 02:03:38.258,25.5,101.2
2024-06-01 02:03:47.059,25.5,101.2
2024-06-01 02:03:55.756,25.4,101.2
2024-06-01 02:04:04.595,25.4,101.2
2024-06-01 02:04:13.393,25.4,101.2
2024-06-01 02:04:22.200,25.4,101.2
2024-06-01 02:04:31.041,25.4,101.2
2024-06-01 02:04:39.811,25.4,101.2
2024-06-01 02:04:48.681,25.4,101.2
2024-06-01 02:04:57.294,25.4,101.2
2024-06-01 02:05:06.109,25.5,101.2
2024-06-01 02:05:14.821,25.4,101.2
2024-06-01 02:05:23.687,25.5,101.2
2024-06-01 02:05:32.369,25.4,101.2
2024-06-01 02:05:41.159,25.4,101.2
2024-06-01 02:05:49.836,25.5,101.2
2024-06-01 02:05:58.618,25.5,101.2
2024-06-01 02:06:07.293,25.4,101.2
2024-06-01 02:06:16.145,25.4,101.2
2024-06-01 02:06:24.821,25.4,101.2
2024-06-01 02:06:33.611,25.5,101.2
2024-06-01 02:06:42.362,25.4,101.2
2024-06-01 02:06:51.221,25.4,101.2
2024-06-01 02:06:59.867,25.4,101.2
2024-06-01 02:07:08.712,25.4,101.2
2024-06-01 02:07:17.345,25.5,101.2
2024-06-01 02:07:26.160,25.4,101.2
2024-06-01 02:07:34.824,25.4,101.2
2024-06-01 02:07:43.605,25.4,101.2
2024-06-01 02:07:52.245,25.4,101.2
2024-06-01 02:08:01.058,25.4,101.2
2024-06-01 02:08:09.767,25.4,101.2
2024-06-01 02:08:18.438,25.4,101.2
2024-06-01 02:08:27.335,25.4,101.2
2024-06-01 02:08:36.130,25.4,101.2
2024-06-01 02:08:44.839,25.4,101.2
2024-06-01 02:08:53.660,25.4,101.2
2024-06-01 02:09:02.366,25.4,101.2
2024-06-01 02:09:11.208,25.4,101.2
2024-06-01 02:09:19.900,25.4,101.2
2024-06-01 02:09:28.866,25.4,101.2
2024-06-01 02:09:37.555,25.4,101.2
2024-06-01 02:09:46.358,25.4,101.2
2024-06-01 02:09:55.203,25.4,101.2
2024-06-01 02:10:03.897,25.5,101.2
2024-06-01 02:10:12.807,25.5,101.2
2024-06-01 02:10:21.610,25.5,101.2
2024-06-01 02:10:30.375,25.5,101.2
2024-06-01 02:10:39.258,25.5,101.2
2024-06-01 02:10:47.943,25.5,101.2
2024-06-01 02:10:56.784,25.5,101.2
2024-06-01 02:11:05.525,25.4,101.2
2024-06-01 02:11:14.255,25.4,101.2
2024-06-01 02:11:23.061,25.5,101.2
2024-06-01 02:11:31.842,25.4,101.2
2024-06-01 02:11:40.666,25.3,101.2
2024-06-01 02:11:49.430,25.3,101.2
2024-06-01 02:11:58.210,25.4,101.2
2024-06-01 02:12:06.915,25.4,101.2
2024-06-01 02:12:15.801,25.4,101.2
2024-06-01 02:12:24.671,25.4,101.2
2024-06-01 02:12:33.336,25.4,101.2
2024-06-01 02:12:42.137,25.4,101.2
2024-06-01 02:12:50.786,25.4,101.2
2024-06-01 02:12:59.655,25.4,101.2
2024-06-01 02:13:08.387,25.4,101.2
2024-06-01 02:13:17.268,25.5,101.2
2024-06-01 02:13:25.954,25.5,101.2
2024-06-01 02:13:34.816,25.5,101.2
2024-06-01 02:13:43.752,25.4,101.2
2024-06-01 02:13:52.352,25.4,101.2
2024-06-01 02:14:01.219,25.5,101.2
2024-06-01 02:14:09.859,25.4,101.2
2024-06-01 02:14:18.792,25.5,101.2
2024-06-01 02:14:27.600,25.4,101.2
2024-06-01 02:14:36.358,25.4,101.2
2024-06-01 02:14:45.152,25.4,101.2
2024-06-01 02:14:53.890,25.4,101.2
2024-06-01 02:15:02.793,25.4,101.2
2024-06-01 02:15:11.437,25.5,101.2
2024-06-01 02:15:20.237,25.5,101.2
2024-06-01 02:15:28.941,25.5,101.2
2024-06-01 02:15:37.646,25.4,101.2
2024-06-01 02:15:46.411,25.5,101.2
2024-06-01 02:15:55.228,25.4,101.2
2024-06-01 02:16:03.872,25.5,101.2
2024-06-01 02:16:12.765,25.5,101.2
2024-06-01 02:16:21.580,25.4,101.2
2024-06-01 02:16:30.295,25.4,101.2
2024-06-01 02:16:39.157,25.4,101.2
2024-06-01 02:16:47.922,25.4,101.2
2024-06-01 02:16:56.773,25.4,101.2
2024-06-01 02:17:05.474,25.4,101.2
2024-06-01 02:17:14.245,25.5,101.2
2024-06-01 02:17:23.017,25.4,101.2
2024-06-01 02:17:31.840,25.4,101.2
2024-06-01 02:17:40.593,25.4,101.2
2024-06-01 02:17:49.379,25.4,101.2
2024-06-01 02:17:58.038,25.4,101.2
2024-06-01 02:18:06.901,25.5,101.2
2024-06-01 02:18:15.690,25.4,101.2
2024-06-01 02:18:24.461,25.4,101.2
2024-06-01 02:18:33.257,25.4,101.2
2024-06-01 02:18:41.870,25.4,101.2
2024-06-01 02:18:50.800,25.4,101.2
2024-06-01 02:18:59.449,25.4,101.2
2024-06-01 02:19:08.240,25.4,101.2
2024-06-01 02:19:17.071,25.4,101.2
2024-06-01 02:19:25.872,25.4,101.2
2024-06-01 02:19:34.724,25.5,101.2
2024-06-01 02:19:43.438,25.5,101.2
2024-06-01 02:19:52.205,25.5,101.2
2024-06-01 02:20:00.942,25.5,101.2
2024-06-01 02:20:09.853,25.5,101.2
2024-06-01 02:20:18.534,25.4,101.2
2024-06-01 02:20:27.447,25.4,101.2
2024-06-01 02:20:36.327,25.4,101.2
2024-06-01 02:20:45.017,25.4,101.2
2024-06-01 02:20:53.935,25.4,101.2
2024-06-01 02:21:02.742,25.4,101.2
2024-06-01 02:21:11.464,25.4,101.2
2024-06-01 02:21:20.340,25.4,101.2
2024-06-01 02:21:29.224,25.4,101.2
2024-06-01 02:21:37.902,25.5,101.2
2024-06-01 02:21:46.665,25.4,101.2
2024-06-01 02:21:55.451,25.5,101.2
2024-06-01 02:22:04.220,25.5,101.2
2024-06-01 02:22:12.949,25.5,101.2
2024-06-01 02:22:21.778,25.5,101.2
2024-06-01 02:22:30.551,25.5,101.2
2024-06-01 02:22:39.370,25.4,101.2
2024-06-01 02:22:48.267,25.4,101.2
2024-06-01 02:22:56.963,25.4,101.2
2024-06-01 02:23:05.800,25.4,101.2
2024-06-01 02:23:14.497,25.4,101.2
2024-06-01 02:23:23.257,25.4,101.2
2024-06-01 02:23:31.935,25.4,101.2
2024-06-01 02:23:40.882,25.4,101.2
2024-06-01 02:23:49.627,25.4,101.2
2024-06-01 02:23:58.397,25.4,101.2
2024-06-01 02:24:07.083,25.4,101.2
2024-06-01 02:24:15.918,25.4,101.2
2024-06-01 02:24:24.746,25.4,101.2
2024-06-01 02:24:33.451,25.4,101.2
2024-06-01 02:24:42.290,25.4,101.2
2024-06-01 02:24:51.006,25.4,101.2
2024-06-01 02:24:59.904,25.5,101.2
2024-06-01 02:25:08.578,25.5,101.2
2024-06-01 02:25:17.413,25.5,101.2
2024-06-01 02:25:26.197,25.4,101.2
2024-06-01 02:25:34.975,25.4,101.2
2024-06-01 02:25:43.765,25.4,101.2
2024-06-01 02:25:52.500,25.4,101.2
2024-06-01 02:26:01.454,25.4,101.2
2024-06-01 02:26:10.223,25.4,101.2
2024-06-01 02:26:19.033,25.4,101.2
2024-06-01 02:26:27.918,25.4,101.2
2024-06-01 02:26:36.724,25.4,101.2
2024-06-01 02:26:45.462,25.4,101.2
2024-06-01 02:26:54.271,25.4,101.2
2024-06-01 02:27:02.921,25.4,101.2
2024-06-01 02:27:11.714,25.4,101.2
2024-06-01 02:27:20.454,25.4,101.2
2024-06-01 02:27:29.114,25.5,101.2
2024-06-01 02:27:37.933,25.5,101.2
2024-06-01 02:27:46.625,25.5,101.2
2024-06-01 02:27:55.536,25.4,101.2
2024-06-01 02:28:04.364,25.5,101.2
2024-06-01 02:28:13.106,25.5,101.2
2024-06-01 02:28:22.002,25.4,101.2
2024-06-01 02:28:30.894,25.4,101.2
2024-06-01 02:28:39.545,25.4,101.2
2024-06-01 02:28:48.334,25.4,101.2
2024-06-01 02:28:57.058,25.4,101.2
2024-06-01 02:29:05.870,25.5,101.2
2024-06-01 02:29:14.697,25.5,101.2
2024-06-01 02:29:23.438,25.4,101.2
2024-06-01 02:29:32.227,25.5,101.2
2024-06-01 02:29:40.980,25.5,101.2
2024-06-01 02:29:49.832,25.5,101.2
2024-06-01 02:29:58.581,25.5,101.2
2024-06-01 02:30:07.490,25.5,101.2
2024-06-01 02:30:16.281,25.5,101.2
2024-06-01 02:30:24.974,25.4,101.2
2024-06-01 02:30:33.816,25.4,101.2
2024-06-01 02:30:42.468,25.4,101.2
2024-06-01 02:30:51.240,25.5,101.2
2024-06-01 02:31:00.004,25.5,101.2
2024-06-01 02:31:08.771,25.5,101.2
2024-06-01 02:31:17.512,25.5,101.2
2024-06-01 02:31:26.317,25.5,101.2
2024-06-01 02:31:35.093,25.5,101.2
2024-06-01 02:31:43.917,25.5,101.2
2024-06-01 02:31:52.799,25.5,101.2
2024-06-01 02:32:01.485,25.5,101.2
2024-06-01 02:32:10.363,25.5,101.2
2024-06-01 02:32:19.064,25.5,101.2
2024-06-01 02:32:27.897,25.5,101.2
2024-06-01 02:32:36.649,25.4,101.2
2024-06-01 02:32:45.419,25.5,101.2
2024-06-01 02:32:54.233,25.5,101.2
2024-06-01 02:33:02.991,25.5,101.2
2024-06-01 02:33:11.866,25.4,101.2
2024-06-01 02:33:20.534,25.4,101.2
2024-06-01 02:33:29.417,25.4,101.2
2024-06-01 02:33:38.074,25.4,101.2
2024-06-01 02:33:46.968,25.5,101.2
2024-06-01 02:33:55.638,25.5,101.2
2024-06-01 02:34:04.629,25.4,101.2
2024-06-01 02:34:13.288,25.5,101.2
2024-06-01 02:34:22.070,25.4,101.2
2024-06-01 02:34:30.909,25.4,101.2
2024-06-01 02:34:39.611,25.5,101.2
2024-06-01 02:34:48.481,25.5,101.2
2024-06-01 02:34:57.328,25.5,101.2
2024-06-01 02:35:06.079,25.5,101.2
2024-06-01 02:35:14.946,25.5,101.2
2024-06-01 02:35:23.551,25.4,101.2
2024-06-01 02:35:32.406,25.5,101.2
2024-06-01 02:35:41.064,25.5,101.2
2024-06-01 02:35:49.866,25.5,101.2
2024-06-01 02:35:58.617,25.5,101.2
2024-06-01 02:36:07.535,25.4,101.2
2024-06-01 02:36:16.385,25.4,101.2
2024-06-01 02:36:25.040,25.4,101.2
2024-06-01 02:36:33.866,25.5,101.2
2024-06-01 02:36:42.638,25.4,101.2
2024-06-01 02:36:51.473,25.4,101.2
2024-06-01 02:37:00.156,25.4,101.2
2024-06-01 02:37:09.007,25.4,101.2
2024-06-01 02:37:17.886,25.4,101.2
2024-06-01 02:37:26.536,25.4,101.2
2024-06-01 02:37:35.386,25.5,101.2
2024-06-01 02:37:44.150,25.5,101.2
2024-06-01 02:37:52.976,25.5,101.2
2024-06-01 02:38:01.872,25.5,101.2
2024-06-01 02:38:10.616,25.4,101.2
2024-06-01 02:38:19.469,25.5,101.2
2024-06-01 02:38:28.196,25.5,101.2
2024-06-01 02:38:36.945,25.5,101.2
2024-06-01 02:38:45.726,25.5,101.2
2024-06-01 02:38:54.552,25.5,101.2
2024-06-01 02:39:03.257,25.5,101.2
2024-06-01 02:39:12.070,25.5,101.2
2024-06-01 02:39:20.765,25.5,101.2
2024-06-01 02:39:29.555,25.5,101.2
2024-06-01 02:39:38.404,25.5,101.2
2024-06-01 02:39:47.075,25.5,101.2
2024-06-01 02:39:55.886,25.5,101.2
2024-06-01 02:40:04.720,25.5,101.2
2024-06-01 02:40:13.564,25.5,101.2
2024-06-01 02:40:22.338,25.5,101.2
2024-06-01 02:40:31.102,25.5,101.2
2024-06-01 02:40:39.962,25.5,101.2
2024-06-01 02:40:48.618,25.4,101.2
2024-06-01 02:40:57.484,25.4,101.2
2024-06-01 02:41:06.126,25.4,101.2
2024-06-01 02:41:14.914,25.5,101.2
2024-06-01 02:41:23.619,25.5,101.2
2024-06-01 02:41:32.495,25.5,101.2
2024-06-01 02:41:41.151,25.5,101.2
2024-06-01 02:41:49.858,25.5,101.2
2024-06-01 02:41:58.619,25.4,101.2
2024-06-01 02:42:07.559,25.4,101.2
2024-06-01 02:42:16.199,25.5,101.2
2024-06-01 02:42:24.983,25.5,101.2
2024-06-01 02:42:33.746,25.4,101.2
2024-06-01 02:42:42.628,25.4,101.2
2024-06-01 02:42:51.444,25.5,101.2
2024-06-01 02:43:00.176,25.4,101.2
2024-06-01 02:43:09.091,25.4,101.2
2024-06-01 02:43:17.939,25.4,101.2
2024-06-01 02:43:26.740,25.5,101.2
2024-06-01 02:43:35.646,25.4,101.2
2024-06-01 02:43:44.481,25.4,101.2
2024-06-01 02:43:53.233,25.4,101.2
2024-06-01 02:44:02.131,25.5,101.2
2024-06-01 02:44:10.991,25.4,101.2
2024-06-01 02:44:19.700,25.4,101.2
2024-06-01 02:44:28.485,25.4,101.2
2024-06-01 02:44:37.093,25.4,101.2
2024-06-01 02:44:45.947,25.5,101.2
2024-06-01 02:44:54.612,25.5,101.2
2024-06-01 02:45:03.485,25.5,101.2
2024-06-01 02:45:12.169,25.5,101.2
2024-06-01 02:45:21.072,25.5,101.2
2024-06-01 02:45:29.912,25.5,101.2
2024-06-01 02:45:38.664,25.5,101.2
2024-06-01 02:45:47.572,25.5,101.2
2024-06-01 02:45:56.271,25.5,101.2
2024-06-01 02:46:05.104,25.5,101.2
2024-06-01 02:46:13.912,25.5,101.2
2024-06-01 02:46:22.648,25.4,101.2
2024-06-01 02:46:31.421,25.4,101.2
2024-06-01 02:46:40.204,25.4,101.2
2024-06-01 02:46:49.024,25.4,101.2
2024-06-01 02:46:57.699,25.4,101.2
2024-06-01 02:47:06.589,25.5,101.2
2024-06-01 02:47:15.267,25.5,101.2
2024-06-01 02:47:24.104,25.5,101.2
2024-06-01 02:47:32.714,25.5,101.2
2024-06-01 02:47:41.556,25.5,101.2
2024-06-01 02:47:50.280,25.4,101.2
2024-06-01 02:47:59.158,25.4,101.2
2024-06-01 02:48:08.096,25.4,101.2
2024-06-01 02:48:16.943,25.5,101.2
2024-06-01 02:48:25.706,25.4,101.2
2024-06-01 02:48:34.514,25.5,101.2
2024-06-01 02:48:43.364,25.5,101.2
2024-06-01 02:48:52.182,25.4,101.2
2024-06-01 02:49:00.993,25.4,101.2
2024-06-01 02:49:09.783,25.4,101.2
2024-06-01 02:49:18.632,25.4,101.2
2024-06-01 02:49:27.491,25.4,101.2
2024-06-01 02:49:36.267,25.4,101.2
2024-06-01 02:49:45.092,25.4,101.2
2024-06-01 02:49:53.749,25.4,101.2
2024-06-01 02:50:02.511,25.4,101.2
2024-06-01 02:50:11.314,25.4,101.2
2024-06-01 02:50:20.240,25.4,101.2
2024-06-01 02:50:29.023,25.4,101.2
2024-06-01 02:50:37.764,25.4,101.2
2024-06-01 02:50:46.650,25.4,101.2
2024-06-01 02:50:55.460,25.4,101.2
2024-06-01 02:51:04.164,25.4,101.1
2024-06-01 02:51:12.903,25.4,101.1
2024-06-01 02:51:21.622,25.4,101.1
2024-06-01 02:51:30.483,25.5,101.1
2024-06-01 02:51:39.184,25.5,101.1
2024-06-01 02:51:48.014,25.5,101.1
2024-06-01 02:51:56.745,25.5,101.1
2024-06-01 02:52:05.597,25.5,101.1
2024-06-01 02:52:14.274,25.5,101.1
2024-06-01 02:52:23.203,25.5,101.1
2024-06-01 02:52:31.957,25.5,101.1
2024-06-01 02:52:40.791,25.5,101.1
2024-06-01 02:52:49.539,25.5,101.1
2024-06-01 02:52:58.311,25.5,101.1
2024-06-01 02:53:07.175,25.5,101.1
2024-06-01 02:53:16.027,25.4,101.1
2024-06-01 02:53:24.846,25.5,101.1
2024-06-01 02:53:33.646,25.5,101.1
2024-06-01 02:53:42.403,25.5,101.1
2024-06-01 02:53:51.226,25.5,101.1
2024-06-01 02:54:00.096,25.5,101.1
2024-06-01 02:54:08.869,25.5,101.1
2024-06-01 02:54:17.716,25.5,101.1
2024-06-01 02:54:26.593,25.5,101.1
2024-06-01 02:54:35.301,25.4,101.1
2024-06-01 02:54:44.131,25.5,101.1
2024-06-01 02:54:52.805,25.5,101.1
2024-06-01 02:55:01.731,25.4,101.1
2024-06-01 02:55:10.578,25.4,101.1
2024-06-01 02:55:19.363,25.4,101.1
2024-06-01 02:55:28.187,25.4,101.1
2024-06-01 02:55:37.045,25.4,101.1
2024-06-01 02:55:45.858,25.5,101.1
2024-06-01 02:55:54.807,25.5,101.1
2024-06-01 02:56:03.622,25.5,101.1
2024-06-01 02:56:12.184,25.4,101.1
2024-06-01 02:56:20.312,25.4,101.1
2024-06-01 02:56:28.625,25.5,101.1
2024-06-01 02:56:36.700,25.5,101.1
2024-06-01 02:56:44.796,25.5,101.1
2024-06-01 02:56:53.103,25.4,101.1
2024-06-01 02:57:01.217,25.5,101.1
2024-06-01 02:57:09.579,25.5,101.1
2024-06-01 02:57:17.759,25.5,101.1
2024-06-01 02:57:26.097,25.5,101.1
2024-06-01 02:57:34.211,25.4,101.1
2024-06-01 02:57:42.378,25.4,101.1
2024-06-01 02:57:50.700,25.5,101.1
2024-06-01 02:57:58.992,25.5,101.1
2024-06-01 02:58:07.163,25.5,101.1
2024-06-01 02:58:15.307,25.5,101.1
2024-06-01 02:58:23.608,25.4,101.1
2024-06-01 02:58:31.745,25.4,101.1
2024-06-01 02:58:40.015,25.5,101.1
2024-06-01 02:58:48.099,25.5,101.1
2024-06-01 02:58:56.303,25.4,101.1
2024-06-01 02:59:04.475,25.5,101.1
2024-06-01 02:59:12.704,25.4,101.1
2024-06-01 02:59:20.716,25.4,101.1
2024-06-01 02:59:28.836,25.5,101.1
2024-06-01 02:59:37.144,25.4,101.1
2024-06-01 02:59:45.160,25.4,101.1
2024-06-01 02:59:53.236,25.4,101.1
2024-06-01 03:00:01.467,25.5,101.1
2024-06-01 03:00:09.626,25.5,101.1
2024-06-01 03:00:17.730,25.4,101.1
2024-06-01 03:00:25.908,25.4,101.1
2024-06-01 03:00:34.057,25.4,101.1
2024-06-01 03:00:42.238,25.4,101.1
2024-06-01 03:00:50.374,25.5,101.1
2024-06-01 03:00:58.576,25.4,101.1
2024-06-01 03:01:06.762,25.4,101.1
2024-06-01 03:01:14.900,25.4,101.1
2024-06-01 03:01:23.158,25.5,101.1
2024-06-01 03:01:31.171,25.5,101.1
2024-06-01 03:01:39.263,25.4,101.1
2024-06-01 03:01:47.516,25.5,101.1
2024-06-01 03:01:55.798,25.5,101.1
2024-06-01 03:02:03.975,25.5,101.1
2024-06-01 03:02:12.204,25.5,101.1
2024-06-01 03:02:20.373,25.4,101.1
2024-06-01 03:02:28.584,25.5,101.1
2024-06-01 03:02:36.681,25.5,101.1
2024-06-01 03:02:44.747,25.4,101.1
2024-06-01 03:02:52.896,25.4,101.1
2024-06-01 03:03:01.100,25.4,101.1
2024-06-01 03:03:09.227,25.4,101.1
2024-06-01 03:03:17.301,25.4,101.1
2024-06-01 03:03:25.520,25.4,101.1
2024-06-01 03:03:33.668,25.4,101.1
2024-06-01 03:03:41.817,25.4,101.1
2024-06-01 03:03:49.947,25.4,101.1
2024-06-01 03:03:58.127,25.4,101.1
2024-06-01 03:04:06.335,25.5,101.1
2024-06-01 03:04:14.563,25.5,101.1
2024-06-01 03:04:22.798,25.5,101.1
2024-06-01 03:04:30.957,25.5,101.1
2024-06-01 03:04:39.110,25.4,101.1
2024-06-01 03:04:47.312,25.4,101.1
2024-06-01 03:04:55.598,25.5,101.1
2024-06-01 03:05:03.806,25.5,101.1
2024-06-01 03:05:11.971,25.5,101.1
2024-06-01 03:05:20.285,25.5,101.1
2024-06-01 03:05:28.365,25.5,101.1
2024-06-01 03:05:36.589,25.4,101.1
2024-06-01 03:05:44.752,25.5,101.1
2024-06-01 03:05:52.999,25.5,101.1
2024-06-01 03:06:01.200,25.5,101.1
2024-06-01 03:06:09.341,25.5,101.1
2024-06-01 03:06:17.581,25.5,101.1
2024-06-01 03:06:25.795,25.5,101.1
2024-06-01 03:06:33.954,25.5,101.1
2024-06-01 03:06:42.077,25.5,101.1
2024-06-01 03:06:50.328,25.5,101.1
2024-06-01 03:06:58.600,25.4,101.1
2024-06-01 03:07:06.790,25.5,101.1
2024-06-01 03:07:14.947,25.4,101.1
2024-06-01 03:07:23.176,25.5,101.1
2024-06-01 03:07:31.346,25.5,101.1
2024-06-01 03:07:39.555,25.4,101.1
2024-06-01 03:07:47.677,25.4,101.1
2024-06-01 03:07:55.784,25.5,101.1
2024-06-01 03:08:04.104,25.5,101.1
2024-06-01 03:08:12.167,25.4,101.1
2024-06-01 03:08:20.343,25.4,101.1
2024-06-01 03:08:28.437,25.4,101.1
2024-06-01 03:08:36.623,25.4,101.1
2024-06-01 03:08:44.816,25.4,101.1
2024-06-01 03:08:53.010,25.4,101.1
2024-06-01 03:09:01.240,25.4,101.1
2024-06-01 03:09:09.477,25.4,101.1
2024-06-01 03:09:17.717,25.4,101.1
2024-06-01 03:09:25.866,25.5,101.1
2024-06-01 03:09:34.150,25.5,101.1
2024-06-01 03:09:42.243,25.4,101.1
2024-06-01 03:09:50.485,25.4,101.1
2024-06-01 03:09:58.676,25.5,101.1
2024-06-01 03:10:06.917,25.5,101.1
2024-06-01 03:10:15.175,25.5,101.1
2024-06-01 03:10:23.293,25.4,101.1
2024-06-01 03:10:31.546,25.4,101.1
2024-06-01 03:10:39.690,25.4,101.1
2024-06-01 03:10:47.853,25.5,101.1
2024-06-01 03:10:56.113,25.5,101.1
2024-06-01 03:11:04.235,25.4,101.1
2024-06-01 03:11:12.397,25.4,101.1
2024-06-01 03:11:20.714,25.4,101.1
2024-06-01 03:11:28.827,25.4,101.1
2024-06-01 03:11:37.004,25.4,101.1
2024-06-01 03:11:45.282,25.4,101.1
2024-06-01 03:11:53.460,25.4,101.1
2024-06-01 03:12:01.591,25.5,101.1
2024-06-01 03:12:09.834,25.5,101.1
2024-06-01 03:12:18.055,25.5,101.1
2024-06-01 03:12:26.271,25.5,101.1
2024-06-01 03:12:34.327,25.5,101.1
2024-06-01 03:12:42.447,25.5,101.1
2024-06-01 03:12:50.726,25.5,101.1
2024-06-01 03:12:58.979,25.5,101.1
2024-06-01 03:13:07.173,25.5,101.1
2024-06-01 03:13:15.444,25.5,101.1
2024-06-01 03:13:23.636,25.5,101.1
2024-06-01 03:13:31.784,25.5,101.1
2024-06-01 03:13:39.926,25.5,101.1
2024-06-01 03:13:48.189,25.5,101.1
2024-06-01 03:13:56.362,25.6,101.1
2024-06-01 03:14:04.511,25.6,101.1
2024-06-01 03:14:12.746,25.5,101.1
2024-06-01 03:14:20.918,25.6,101.1
2024-06-01 03:14:29.108,25.5,101.1
2024-06-01 03:14:37.314,25.5,101.1
2024-06-01 03:14:45.409,25.5,101.1
2024-06-01 03:14:53.760,25.5,101.1
2024-06-01 03:15:01.961,25.5,101.1
2024-06-01 03:15:10.207,25.5,101.1
2024-06-01 03:15:18.406,25.5,101.1
2024-06-01 03:15:26.545,25.5,101.1
2024-06-01 03:15:34.805,25.5,101.1
2024-06-01 03:15:42.947,25.5,101.1
2024-06-01 03:15:51.175,25.5,101.1
2024-06-01 03:15:59.440,25.5,101.1
2024-06-01 03:16:07.658,25.5,101.1
2024-06-01 03:16:15.732,25.5,101.1
2024-06-01 03:16:23.846,25.5,101.1
2024-06-01 03:16:32.076,25.5,101.1
2024-06-01 03:16:40.314,25.5,101.1
2024-06-01 03:16:48.412,25.4,101.1
2024-06-01 03:16:56.563,25.4,101.1
2024-06-01 03:17:04.867,25.5,101.1
2024-06-01 03:17:12.997,25.4,101.1
2024-06-01 03:17:21.272,25.4,101.1
2024-06-01 03:17:29.418,25.4,101.1
2024-06-01 03:17:37.668,25.5,101.1
2024-06-01 03:17:45.814,25.5,101.1
2024-06-01 03:17:53.909,25.5,101.1
2024-06-01 03:18:02.198,25.5,101.1
2024-06-01 03:18:10.374,25.5,101.1
2024-06-01 03:18:18.539,25.5,101.1
2024-06-01 03:18:26.735,25.5,101.1
2024-06-01 03:18:34.978,25.5,101.1
2024-06-01 03:18:43.201,25.5,101.1
2024-06-01 03:18:51.417,25.5,101.1
2024-06-01 03:18:59.661,25.5,101.1
2024-06-01 03:19:07.898,25.5,101.1
2024-06-01 03:19:16.122,25.5,101.1
2024-06-01 03:19:24.408,25.5,101.1
2024-06-01 03:19:32.668,25.5,101.1
2024-06-01 03:19:40.780,25.5,101.1
2024-06-01 03:19:48.985,25.5,101.1
2024-06-01 03:19:57.219,25.5,101.1
2024-06-01 03:20:05.406,25.5,101.1
2024-06-01 03:20:13.528,25.5,101.1
2024-06-01 03:20:21.712,25.5,101.1
2024-06-01 03:20:29.953,25.5,101.1
2024-06-01 03:20:38.084,25.5,101.1
2024-06-01 03:20:46.351,25.5,101.1
2024-06-01 03:20:54.458,25.5,101.1
2024-06-01 03:21:02.656,25.5,101.1
2024-06-01 03:21:10.800,25.5,101.1
2024-06-01 03:21:19.072,25.5,101.1
2024-06-01 03:21:27.320,25.5,101.1
2024-06-01 03:21:35.462,25.5,101.1
2024-06-01 03:21:43.786,25.5,101.1
2024-06-01 03:21:51.935,25.5,101.1
2024-06-01 03:22:00.180,25.5,101.1
2024-06-01 03:22:08.398,25.5,101.1
2024-06-01 03:22:16.637,25.5,101.1
2024-06-01 03:22:24.799,25.5,101.1
2024-06-01 03:22:32.956,25.5,101.1
2024-06-01 03:22:41.166,25.5,101.1
2024-06-01 03:22:49.416,25.5,101.1
2024-06-01 03:22:57.522,25.5,101.1
2024-06-01 03:23:05.846,25.5,101.1
2024-06-01 03:23:13.931,25.5,101.1
2024-06-01 03:23:22.199,25.5,101.1
2024-06-01 03:23:30.355,25.5,101.1
2024-06-01 03:23:38.681,25.5,101.1
2024-06-01 03:23:46.812,25.5,101.1
2024-06-01 03:23:54.895,25.5,101.1
2024-06-01 03:24:03.143,25.5,101.1
2024-06-01 03:24:11.313,25.4,101.1
2024-06-01 03:24:19.472,25.5,101.1
2024-06-01 03:24:27.650,25.5,101.1
2024-06-01 03:24:35.851,25.5,101.1
2024-06-01 03:24:44.056,25.5,101.1
2024-06-01 03:24:52.397,25.5,101.1
2024-06-01 03:25:00.477,25.5,101.1
2024-06-01 03:25:08.683,25.5,101.1
2024-06-01 03:25:16.896,25.5,101.1
2024-06-01 03:25:25.162,25.5,101.1
2024-06-01 03:25:33.398,25.5,101.1
2024-06-01 03:25:41.542,25.5,101.1
2024-06-01 03:25:49.809,25.5,101.1
2024-06-01 03:25:57.949,25.5,101.1
2024-06-01 03:26:05.992,25.5,101.1
2024-06-01 03:26:14.107,25.5,101.1
2024-06-01 03:26:22.380,25.5,101.1
2024-06-01 03:26:30.447,25.4,101.1
2024-06-01 03:26:38.689,25.4,101.1
2024-06-01 03:26:46.948,25.5,101.1
2024-06-01 03:26:55.106,25.4,101.1
2024-06-01 03:27:03.387,25.5,101.1
2024-06-01 03:27:11.509,25.5,101.1
2024-06-01 03:27:19.891,25.5,101.1
2024-06-01 03:27:28.006,25.5,101.1
2024-06-01 03:27:36.216,25.5,101.1
2024-06-01 03:27:44.385,25.5,101.1
2024-06-01 03:27:52.561,25.5,101.1
2024-06-01 03:28:00.893,25.5,101.1
2024-06-01 03:28:08.995,25.5,101.1
2024-06-01 03:28:17.285,25.5,101.1
2024-06-01 03:28:25.417,25.5,101.1
2024-06-01 03:28:33.615,25.5,101.1
2024-06-01 03:28:41.854,25.5,101.1
2024-06-01 03:28:49.934,25.5,101.1
2024-06-01 03:28:58.089,25.5,101.1
2024-06-01 03:29:06.286,25.5,101.1
2024-06-01 03:29:14.430,25.5,101.1
2024-06-01 03:29:22.756,25.5,101.1
2024-06-01 03:29:30.967,25.5,101.1
2024-06-01 03:29:39.063,25.5,101.1
2024-06-01 03:29:47.288,25.5,101.1
2024-06-01 03:29:55.542,25.5,101.1
2024-06-01 03:30:03.777,25.5,101.1
2024-06-01 03:30:11.932,25.4,101.1
2024-06-01 03:30:20.064,25.5,101.1
2024-06-01 03:30:28.302,25.4,101.1
2024-06-01 03:30:36.457,25.4,101.1
2024-06-01 03:30:44.636,25.4,101.1
2024-06-01 03:30:52.853,25.4,101.1
2024-06-01 03:31:01.064,25.4,101.1
2024-06-01 03:31:09.267,25.4,101.1
2024-06-01 03:31:17.444,25.4,101.1
2024-06-01 03:31:25.673,25.4,101.1
2024-06-01 03:31:33.993,25.5,101.1
2024-06-01 03:31:42.136,25.4,101.1
2024-06-01 03:31:50.421,25.4,101.1
2024-06-01 03:31:58.663,25.5,101.1
2024-06-01 03:32:06.894,25.5,101.1
2024-06-01 03:32:15.093,25.5,101.1
2024-06-01 03:32:23.331,25.5,101.1
2024-06-01 03:32:31.490,25.5,101.1
2024-06-01 03:32:39.655,25.5,101.1
2024-06-01 03:32:47.888,25.5,101.1
2024-06-01 03:32:56.046,25.5,101.1
2024-06-01 03:33:04.388,25.5,101.1
2024-06-01 03:33:12.542,25.4,101.1
2024-06-01 03:33:20.743,25.4,101.1
2024-06-01 03:33:29.003,25.4,101.1
2024-06-01 03:33:37.136,25.5,101.1
2024-06-01 03:33:45.412,25.5,101.1
2024-06-01 03:33:53.533,25.5,101.1
2024-06-01 03:34:01.808,25.5,101.1
2024-06-01 03:34:10.074,25.5,101.1
2024-06-01 03:34:18.365,25.5,101.1
2024-06-01 03:34:26.687,25.5,101.1
2024-06-01 03:34:34.930,25.5,101.1
2024-06-01 03:34:43.099,25.5,101.1
2024-06-01 03:34:51.288,25.5,101.1
2024-06-01 03:34:59.494,25.5,101.1
2024-06-01 03:35:07.674,25.5,101.1
2024-06-01 03:35:16.019,25.5,101.1
2024-06-01 03:35:24.321,25.5,101.1
2024-06-01 03:35:32.478,25.4,101.1
2024-06-01 03:35:40.658,25.4,101.1
2024-06-01 03:35:48.884,25.4,101.1
2024-06-01 03:35:57.045,25.5,101.1
2024-06-01 03:36:05.316,25.5,101.1
2024-06-01 03:36:13.549,25.5,101.1
2024-06-01 03:36:21.726,25.6,101.1
2024-06-01 03:36:30.000,25.5,101.1
2024-06-01 03:36:38.146,25.6,101.1
2024-06-01 03:36:46.359,25.5,101.1
2024-06-01 03:36:54.591,25.5,101.1
2024-06-01 03:37:02.825,25.5,101.1
2024-06-01 03:37:11.033,25.5,101.1
2024-06-01 03:37:19.166,25.5,101.1
2024-06-01 03:37:27.535,25.5,101.1
2024-06-01 03:37:35.758,25.5,101.1
2024-06-01 03:37:44.142,25.5,101.1
2024-06-01 03:37:52.245,25.5,101.1
2024-06-01 03:38:00.591,25.5,101.1
2024-06-01 03:38:08.866,25.5,101.1
2024-06-01 03:38:17.072,25.5,101.1
2024-06-01 03:38:25.271,25.5,101.1
2024-06-01 03:38:33.470,25.5,101.1
2024-06-01 03:38:41.691,25.4,101.1
2024-06-01 03:38:49.817,25.4,101.1
2024-06-01 03:38:58.090,25.4,101.1
2024-06-01 03:39:06.228,25.4,101.1
2024-06-01 03:39:14.464,25.5,101.1
2024-06-01 03:39:22.717,25.5,101.1
2024-06-01 03:39:30.946,25.5,101.1
2024-06-01 03:39:39.161,25.5,101.1
2024-06-01 03:39:47.499,25.5,101.1
2024-06-01 03:39:55.594,25.5,101.1
2024-06-01 03:40:03.791,25.5,101.1
2024-06-01 03:40:12.011,25.5,101.1
2024-06-01 03:40:20.247,25.5,101.1
2024-06-01 03:40:28.544,25.5,101.1
2024-06-01 03:40:36.853,25.5,101.1
2024-06-01 03:40:44.978,25.5,101.1
2024-06-01 03:40:53.277,25.5,101.1
2024-06-01 03:41:01.565,25.5,101.1
2024-06-01 03:41:10.035,25.5,101.1
2024-06-01 03:41:18.306,25.5,101.1
2024-06-01 03:41:26.527,25.5,101.1
2024-06-01 03:41:34.703,25.5,101.1
2024-06-01 03:41:42.915,25.5,101.1
2024-06-01 03:41:51.303,25.5,101.1
2024-06-01 03:41:59.528,25.5,101.1
2024-06-01 03:42:07.682,25.5,101.1
2024-06-01 03:42:16.024,25.5,101.1
2024-06-01 03:42:24.218,25.5,101.1
2024-06-01 03:42:32.607,25.5,101.1
2024-06-01 03:42:40.899,25.5,101.1
2024-06-01 03:42:49.054,25.5,101.1
2024-06-01 03:42:57.147,25.5,101.1
2024-06-01 03:43:05.532,25.5,101.1
2024-06-01 03:43:13.801,25.5,101.1
2024-06-01 03:43:22.027,25.5,101.1
2024-06-01 03:43:30.367,25.5,101.1
2024-06-01 03:43:38.517,25.5,101.1
2024-06-01 03:43:46.880,25.5,101.1
2024-06-01 03:43:54.990,25.5,101.1
2024-06-01 03:44:03.139,25.5,101.1
2024-06-01 03:44:11.448,25.5,101.1
2024-06-01 03:44:19.650,25.5,101.1
2024-06-01 03:44:27.972,25.5,101.1
2024-06-01 03:44:36.241,25.5,101.1
2024-06-01 03:44:44.610,25.5,101.1
2024-06-01 03:44:52.819,25.5,101.1
2024-06-01 03:45:01.097,25.5,101.1
2024-06-01 03:45:09.356,25.5,101.1
2024-06-01 03:45:17.532,25.5,101.1
2024-06-01 03:45:25.734,25.5,101.1
2024-06-01 03:45:33.958,25.5,101.1
2024-06-01 03:45:42.268,25.5,101.1
2024-06-01 03:45:50.571,25.5,101.1
2024-06-01 03:45:58.769,25.5,101.1
2024-06-01 03:46:07.089,25.5,101.1
2024-06-01 03:46:15.246,25.5,101.1
2024-06-01 03:46:23.500,25.4,101.1
2024-06-01 03:46:31.800,25.5,101.1
2024-06-01 03:46:40.028,25.5,101.1
2024-06-01 03:46:48.229,25.5,101.1
2024-06-01 03:46:56.581,25.5,101.1
2024-06-01 03:47:04.883,25.5,101.1
2024-06-01 03:47:13.141,25.4,101.1
2024-06-01 03:47:21.337,25.4,101.1
2024-06-01 03:47:29.539,25.5,101.1
2024-06-01 03:47:37.705,25.4,101.1
2024-06-01 03:47:46.071,25.4,101.1
2024-06-01 03:47:54.338,25.4,101.1
2024-06-01 03:48:02.572,25.5,101.1
2024-06-01 03:48:10.974,25.5,101.1
2024-06-01 03:48:19.220,25.5,101.1
2024-06-01 03:48:27.571,25.5,101.1
2024-06-01 03:48:35.814,25.5,101.1
2024-06-01 03:48:44.238,25.5,101.1
2024-06-01 03:48:52.502,25.5,101.1
2024-06-01 03:49:00.741,25.5,101.1
2024-06-01 03:49:09.034,25.5,101.1
2024-06-01 03:49:17.353,25.5,101.1
2024-06-01 03:49:25.613,25.5,101.1
2024-06-01 03:49:33.774,25.5,101.1
2024-06-01 03:49:42.118,25.5,101.1
2024-06-01 03:49:50.317,25.5,101.1
2024-06-01 03:49:58.625,25.5,101.1
2024-06-01 03:50:06.906,25.6,101.1
2024-06-01 03:50:15.201,25.6,101.1
2024-06-01 03:50:23.520,25.5,101.1
2024-06-01 03:50:31.768,25.5,101.1
2024-06-01 03:50:40.107,25.5,101.1
2024-06-01 03:50:48.412,25.5,101.1
2024-06-01 03:50:56.712,25.4,101.1
2024-06-01 03:51:05.024,25.5,101.1
2024-06-01 03:51:13.333,25.5,101.1
2024-06-01 03:51:21.583,25.5,101.1
2024-06-01 03:51:29.815,25.5,101.1
2024-06-01 03:51:38.243,25.5,101.1
2024-06-01 03:51:46.473,25.5,101.1
2024-06-01 03:51:54.783,25.5,101.1
2024-06-01 03:52:03.113,25.5,101.1
2024-06-01 03:52:11.293,25.5,101.1
2024-06-01 03:52:19.617,25.5,101.1
2024-06-01 03:52:27.904,25.5,101.1
2024-06-01 03:52:36.085,25.5,101.1
2024-06-01 03:52:44.289,25.5,101.1
2024-06-01 03:52:52.653,25.5,101.1
2024-06-01 03:53:00.950,25.5,101.1
2024-06-01 03:53:09.280,25.5,101.1
2024-06-01 03:53:17.615,25.5,101.1
2024-06-01 03:53:25.900,25.5,101.1
2024-06-01 03:53:34.187,25.5,101.1
2024-06-01 03:53:42.556,25.5,101.1
2024-06-01 03:53:50.856,25.5,101.1
2024-06-01 03:53:59.178,25.5,101.1
2024-06-01 03:54:07.534,25.5,101.1
2024-06-01 03:54:15.766,25.5,101.1
2024-06-01 03:54:23.966,25.5,101.1
2024-06-01 03:54:32.185,25.5,101.1
2024-06-01 03:54:40.511,25.5,101.1
2024-06-01 03:54:48.722,25.5,101.1
2024-06-01 03:54:56.932,25.5,101.1
2024-06-01 03:55:05.213,25.5,101.1
2024-06-01 03:55:13.558,25.5,101.1
2024-06-01 03:55:21.728,25.5,101.1
2024-06-01 03:55:30.061,25.5,101.1
2024-06-01 03:55:38.386,25.5,101.1
2024-06-01 03:55:46.791,25.5,101.1
2024-06-01 03:55:55.096,25.5,101.1
2024-06-01 03:56:03.325,25.4,101.1
2024-06-01 03:56:11.656,25.5,101.1
2024-06-01 03:56:19.847,25.4,101.1
2024-06-01 03:56:28.180,25.5,101.1
2024-06-01 03:56:36.527,25.5,101.1
2024-06-01 03:56:44.758,25.5,101.1
2024-06-01 03:56:53.029,25.5,101.1
2024-06-01 03:57:01.354,25.5,101.1
2024-06-01 03:57:09.652,25.5,101.1
2024-06-01 03:57:17.904,25.5,101.1
2024-06-01 03:57:26.255,25.5,101.1
2024-06-01 03:57:34.615,25.5,101.1
2024-06-01 03:57:42.901,25.5,101.1
2024-06-01 03:57:51.248,25.5,101.1
2024-06-01 03:57:59.461,25.4,101.1
2024-06-01 03:58:07.730,25.5,101.1
2024-06-01 03:58:15.950,25.5,101.1
2024-06-01 03:58:24.260,25.5,101.1
2024-06-01 03:58:32.512,25.5,101.1
2024-06-01 03:58:40.848,25.4,101.1
2024-06-01 03:58:49.125,25.5,101.2
2024-06-01 03:58:57.480,25.5,101.2
2024-06-01 03:59:05.716,25.4,101.2
2024-06-01 03:59:14.070,25.4,101.2
2024-06-01 03:59:22.266,25.5,101.2
2024-06-01 03:59:30.603,25.5,101.1
2024-06-01 03:59:38.865,25.5,101.1
2024-06-01 03:59:47.199,25.5,101.1
2024-06-01 03:59:55.362,25.5,101.1
2024-06-01 04:00:03.788,25.5,101.1
2024-06-01 04:00:12.138,25.4,101.1
2024-06-01 04:00:20.383,25.4,101.1
2024-06-01 04:00:28.706,25.5,101.1
2024-06-01 04:00:37.111,25.5,101.1
2024-06-01 04:00:45.301,25.5,101.1
2024-06-01 04:00:53.613,25.5,101.1
2024-06-01 04:01:01.927,25.5,101.1
2024-06-01 04:01:10.220,25.5,101.1
2024-06-01 04:01:18.422,25.5,101.1
2024-06-01 04:01:26.738,25.5,101.1
2024-06-01 04:01:35.069,25.5,101.1
2024-06-01 04:01:43.273,25.5,101.1
2024-06-01 04:01:51.596,25.5,101.1
2024-06-01 04:01:59.858,25.5,101.1
2024-06-01 04:02:08.244,25.5,101.1
2024-06-01 04:02:16.571,25.5,101.1
2024-06-01 04:02:24.840,25.5,101.1
2024-06-01 04:02:33.274,25.5,101.1
2024-06-01 04:02:41.577,25.5,101.1
2024-06-01 04:02:49.812,25.5,101.1
2024-06-01 04:02:58.122,25.5,101.1
2024-06-01 04:03:06.414,25.5,101.1
2024-06-01 04:03:14.748,25.5,101.1
2024-06-01 04:03:22.952,25.5,101.1
2024-06-01 04:03:31.263,25.5,101.1
2024-06-01 04:03:39.617,25.5,101.1
2024-06-01 04:03:47.868,25.5,101.1
2024-06-01 04:03:56.195,25.5,101.1
2024-06-01 04:04:04.499,25.5,101.1
2024-06-01 04:04:12.837,25.5,101.1
2024-06-01 04:04:21.190,25.5,101.1
2024-06-01 04:04:29.501,25.5,101.1
2024-06-01 04:04:37.765,25.5,101.1
2024-06-01 04:04:46.074,25.5,101.1
2024-06-01 04:04:54.295,25.5,101.1
2024-06-01 04:05:02.627,25.5,101.1
2024-06-01 04:05:10.992,25.5,101.1
2024-06-01 04:05:19.290,25.5,101.1
2024-06-01 04:05:27.700,25.5,101.1
2024-06-01 04:05:35.815,25.5,101.1
2024-06-01 04:05:44.176,25.5,101.1
2024-06-01 04:05:52.534,25.5,101.1
2024-06-01 04:06:00.861,25.5,101.1
2024-06-01 04:06:09.244,25.5,101.1
2024-06-01 04:06:17.448,25.5,101.1
2024-06-01 04:06:25.678,25.5,101.1
2024-06-01 04:06:33.930,25.5,101.1
2024-06-01 04:06:42.271,25.5,101.1
2024-06-01 04:06:50.624,25.5,101.1
2024-06-01 04:06:58.807,25.5,101.1
2024-06-01 04:07:07.202,25.5,101.1
2024-06-01 04:07:15.538,25.6,101.1
2024-06-01 04:07:23.821,25.5,101.1
2024-06-01 04:07:32.119,25.5,101.1
2024-06-01 04:07:40.351,25.6,101.1
2024-06-01 04:07:48.671,25.5,101.1
2024-06-01 04:07:56.867,25.5,101.1
2024-06-01 04:08:05.218,25.5,101.1
2024-06-01 04:08:13.455,25.5,101.1
2024-06-01 04:08:21.848,25.5,101.1
2024-06-01 04:08:30.200,25.5,101.1
2024-06-01 04:08:38.346,25.5,101.1
2024-06-01 04:08:46.706,25.5,101.1
2024-06-01 04:08:54.951,25.5,101.1
2024-06-01 04:09:03.277,25.5,101.1
2024-06-01 04:09:11.475,25.5,101.1
2024-06-01 04:09:19.840,25.5,101.1
2024-06-01 04:09:28.211,25.5,101.1
2024-06-01 04:09:36.461,25.5,101.1
2024-06-01 04:09:44.830,25.4,101.1
2024-06-01 04:09:53.170,25.4,101.1
2024-06-01 04:10:01.371,25.4,101.1
2024-06-01 04:10:09.799,25.5,101.1
2024-06-01 04:10:18.166,25.5,101.1
2024-06-01 04:10:26.438,25.5,101.1
2024-06-01 04:10:34.774,25.5,101.1
2024-06-01 04:10:43.051,25.5,101.1
2024-06-01 04:10:51.291,25.6,101.1
2024-06-01 04:10:59.510,25.5,101.1
2024-06-01 04:11:07.826,25.5,101.1
2024-06-01 04:11:16.021,25.5,101.1
2024-06-01 04:11:24.326,25.5,101.1
2024-06-01 04:11:32.607,25.5,101.1
2024-06-01 04:11:40.941,25.5,101.1
2024-06-01 04:11:49.225,25.5,101.1
2024-06-01 04:11:57.696,25.5,101.1
2024-06-01 04:12:05.807,25.5,101.1
2024-06-01 04:12:14.144,25.5,101.1
2024-06-01 04:12:22.427,25.5,101.1
2024-06-01 04:12:30.812,25.4,101.1
2024-06-01 04:12:39.201,25.5,101.1
2024-06-01 04:12:47.417,25.5,101.1
2024-06-01 04:12:55.757,25.5,101.1
2024-06-01 04:13:04.032,25.5,101.1
2024-06-01 04:13:12.366,25.5,101.1
2024-06-01 04:13:20.555,25.6,101.1
2024-06-01 04:13:28.880,25.5,101.1
2024-06-01 04:13:37.246,25.5,101.1
2024-06-01 04:13:45.530,25.5,101.1
2024-06-01 04:13:53.898,25.6,101.1
2024-06-01 04:14:02.224,25.6,101.1
2024-06-01 04:14:10.559,25.5,101.1
2024-06-01 04:14:18.881,25.5,101.1
2024-06-01 04:14:27.289,25.5,101.1
2024-06-01 04:14:35.516,25.5,101.1
2024-06-01 04:14:43.858,25.5,101.1
2024-06-01 04:14:52.231,25.5,101.1
2024-06-01 04:15:00.514,25.5,101.1
2024-06-01 04:15:08.894,25.5,101.1
2024-06-01 04:15:17.172,25.5,101.1
2024-06-01 04:15:25.496,25.5,101.1
2024-06-01 04:15:33.912,25.5,101.1
2024-06-01 04:15:42.201,25.5,101.1
2024-06-01 04:15:50.424,25.5,101.1
2024-06-01 04:15:58.754,25.5,101.1
2024-06-01 04:16:07.110,25.5,101.1
2024-06-01 04:16:15.445,25.5,101.1
2024-06-01 04:16:23.784,25.5,101.1
2024-06-01 04:16:32.187,25.5,101.1
2024-06-01 04:16:40.461,25.5,101.1
2024-06-01 04:16:48.868,25.5,101.1
2024-06-01 04:16:57.167,25.5,101.1
2024-06-01 04:17:05.416,25.5,101.1
2024-06-01 04:17:13.792,25.5,101.1
2024-06-01 04:17:22.030,25.5,101.1
2024-06-01 04:17:30.377,25.5,101.1
2024-06-01 04:17:38.758,25.5,101.1
2024-06-01 04:17:46.956,25.5,101.1
2024-06-01 04:17:55.301,25.5,101.1
2024-06-01 04:18:03.526,25.5,101.1
2024-06-01 04:18:11.945,25.5,101.1
2024-06-01 04:18:20.305,25.5,101.1
2024-06-01 04:18:28.616,25.5,101.2
2024-06-01 04:18:36.973,25.6,101.2
2024-06-01 04:18:45.382,25.5,101.2
2024-06-01 04:18:53.718,25.5,101.2
2024-06-01 04:19:01.960,25.5,101.2
2024-06-01 04:19:10.233,25.5,101.2
2024-06-01 04:19:18.630,25.5,101.2
2024-06-01 04:19:26.931,25.5,101.2
2024-06-01 04:19:35.318,25.5,101.2
2024-06-01 04:19:43.690,25.5,101.2
2024-06-01 04:19:51.903,25.5,101.2
2024-06-01 04:20:00.344,25.5,101.2
2024-06-01 04:20:08.630,25.5,101.2
2024-06-01 04:20:16.927,25.5,101.2
2024-06-01 04:20:25.275,25.5,101.2
2024-06-01 04:20:33.558,25.5,101.2
2024-06-01 04:20:41.922,25.5,101.2
2024-06-01 04:20:50.332,25.5,101.2
2024-06-01 04:20:58.561,25.5,101.2
2024-06-01 04:21:06.991,25.5,101.2
2024-06-01 04:21:15.257,25.6,101.2
2024-06-01 04:21:23.534,25.6,101.2
2024-06-01 04:21:31.902,25.5,101.2
2024-06-01 04:21:40.261,25.5,101.2
2024-06-01 04:21:48.543,25.5,101.2
2024-06-01 04:21:56.979,25.5,101.2
2024-06-01 04:22:05.376,25.5,101.2
2024-06-01 04:22:13.616,25.5,101.2
2024-06-01 04:22:22.019,25.6,101.2
2024-06-01 04:22:30.343,25.6,101.2
2024-06-01 04:22:38.596,25.5,101.2
2024-06-01 04:22:46.884,25.5,101.2
2024-06-01 04:22:55.282,25.5,101.2
2024-06-01 04:23:03.597,25.5,101.2
2024-06-01 04:23:11.928,25.5,101.2
2024-06-01 04:23:20.177,25.5,101.2
2024-06-01 04:23:28.487,25.5,101.2
2024-06-01 04:23:36.828,25.5,101.2
2024-06-01 04:23:45.118,25.5,101.2
2024-06-01 04:23:53.564,25.5,101.2
2024-06-01 04:24:01.979,25.6,101.2
2024-06-01 04:24:10.324,25.5,101.2
2024-06-01 04:24:18.553,25.5,101.2
2024-06-01 04:24:27.031,25.5,101.2
2024-06-01 04:24:35.436,25.5,101.2
2024-06-01 04:24:43.869,25.6,101.2
2024-06-01 04:24:52.123,25.6,101.2
2024-06-01 04:25:00.517,25.5,101.2
2024-06-01 04:25:08.939,25.5,101.2
2024-06-01 04:25:17.310,25.5,101.2
2024-06-01 04:25:25.589,25.5,101.2
2024-06-01 04:25:34.007,25.5,101.2
2024-06-01 04:25:42.277,25.6,101.2
2024-06-01 04:25:50.577,25.5,101.2
2024-06-01 04:25:58.933,25.5,101.2
2024-06-01 04:26:07.246,25.5,101.2
2024-06-01 04:26:15.442,25.5,101.1
2024-06-01 04:26:23.768,25.5,101.1
2024-06-01 04:26:32.110,25.5,101.2
2024-06-01 04:26:40.436,25.5,101.1
2024-06-01 04:26:48.704,25.5,101.1
2024-06-01 04:26:57.053,25.6,101.1
2024-06-01 04:27:05.396,25.6,101.1
2024-06-01 04:27:13.645,25.6,101.1
2024-06-01 04:27:21.953,25.6,101.1
2024-06-01 04:27:30.328,25.6,101.1
2024-06-01 04:27:38.728,25.5,101.1
2024-06-01 04:27:47.044,25.5,101.1
2024-06-01 04:27:55.420,25.5,101.1
2024-06-01 04:28:03.789,25.5,101.1
2024-06-01 04:28:12.021,25.5,101.1
2024-06-01 04:28:20.495,25.5,101.1
2024-06-01 04:28:28.790,25.5,101.1
2024-06-01 04:28:37.216,25.5,101.1
2024-06-01 04:28:45.402,25.5,101.1
2024-06-01 04:28:53.791,25.5,101.1
2024-06-01 04:29:02.067,25.5,101.1
2024-06-01 04:29:10.457,25.5,101.1
2024-06-01 04:29:18.853,25.5,101.1
2024-06-01 04:29:27.296,25.6,101.1
2024-06-01 04:29:35.661,25.6,101.1
2024-06-01 04:29:43.997,25.6,101.1
2024-06-01 04:29:52.403,25.6,101.1
2024-06-01 04:30:00.557,25.6,101.1
2024-06-01 04:30:09.021,25.5,101.1
2024-06-01 04:30:17.574,25.5,101.1
2024-06-01 04:30:25.876,25.5,101.1
2024-06-01 04:30:34.179,25.5,101.1
2024-06-01 04:30:42.519,25.5,101.1
2024-06-01 04:30:50.915,25.5,101.1
2024-06-01 04:30:59.139,25.5,101.1
2024-06-01 04:31:07.556,25.5,101.1
2024-06-01 04:31:15.956,25.5,101.1
2024-06-01 04:31:24.168,25.5,101.1
2024-06-01 04:31:32.532,25.5,101.1
2024-06-01 04:31:40.887,25.6,101.1
2024-06-01 04:31:49.148,25.6,101.1
2024-06-01 04:31:57.539,25.6,101.1
2024-06-01 04:32:05.805,25.6,101.1
2024-06-01 04:32:14.132,25.6,101.1
2024-06-01 04:32:22.525,25.6,101.1
2024-06-01 04:32:30.951,25.5,101.1
2024-06-01 04:32:39.396,25.5,101.1
2024-06-01 04:32:47.716,25.5,101.1
2024-06-01 04:32:56.110,25.6,101.1
2024-06-01 04:33:04.462,25.5,101.1
2024-06-01 04:33:12.699,25.5,101.1
2024-06-01 04:33:21.126,25.5,101.1
2024-06-01 04:33:29.531,25.5,101.1
2024-06-01 04:33:37.886,25.6,101.1
2024-06-01 04:33:46.108,25.5,101.1
2024-06-01 04:33:54.504,25.6,101.1
2024-06-01 04:34:02.952,25.5,101.1
2024-06-01 04:34:11.282,25.5,101.1
2024-06-01 04:34:19.549,25.5,101.1
2024-06-01 04:34:27.853,25.5,101.1
2024-06-01 04:34:36.193,25.6,101.1
2024-06-01 04:34:44.525,25.5,101.1
2024-06-01 04:34:53.003,25.5,101.1
2024-06-01 04:35:01.244,25.5,101.1
2024-06-01 04:35:09.755,25.5,101.1
2024-06-01 04:35:18.026,25.5,101.1
2024-06-01 04:35:26.343,25.5,101.1
2024-06-01 04:35:34.586,25.6,101.1
2024-06-01 04:35:42.874,25.5,101.1
2024-06-01 04:35:51.162,25.6,101.1
2024-06-01 04:35:59.555,25.6,101.1
2024-06-01 04:36:07.984,25.6,101.1
2024-06-01 04:36:16.250,25.6,101.1
2024-06-01 04:36:24.593,25.6,101.1
2024-06-01 04:36:32.972,25.6,101.1
2024-06-01 04:36:41.272,25.6,101.1
2024-06-01 04:36:49.628,25.6,101.1
2024-06-01 04:36:58.081,25.6,101.1
2024-06-01 04:37:06.219,25.6,101.1
2024-06-01 04:37:14.561,25.6,101.1
2024-06-01 04:37:22.966,25.6,101.1
2024-06-01 04:37:31.177,25.6,101.1
2024-06-01 04:37:39.606,25.6,101.1
2024-06-01 04:37:48.099,25.6,101.1
2024-06-01 04:37:56.394,25.6,101.1
2024-06-01 04:38:04.669,25.5,101.1
2024-06-01 04:38:13.070,25.5,101.1
2024-06-01 04:38:21.417,25.5,101.1
2024-06-01 04:38:29.789,25.5,101.1
2024-06-01 04:38:38.065,25.5,101.1
2024-06-01 04:38:46.388,25.5,101.1
2024-06-01 04:38:54.689,25.5,101.1
2024-06-01 04:39:03.020,25.5,101.1
2024-06-01 04:39:11.328,25.5,101.1
2024-06-01 04:39:19.536,25.5,101.1
2024-06-01 04:39:27.960,25.6,101.1
2024-06-01 04:39:36.341,25.6,101.1
2024-06-01 04:39:44.562,25.6,101.1
2024-06-01 04:39:52.979,25.6,101.1
2024-06-01 04:40:01.193,25.6,101.1
2024-06-01 04:40:09.534,25.6,101.1
2024-06-01 04:40:17.806,25.5,101.1
2024-06-01 04:40:26.065,25.5,101.1
2024-06-01 04:40:34.533,25.5,101.1
2024-06-01 04:40:42.832,25.5,101.1
2024-06-01 04:40:51.163,25.5,101.1
2024-06-01 04:40:59.470,25.5,101.2
2024-06-01 04:41:07.802,25.5,101.2
2024-06-01 04:41:16.166,25.5,101.2
2024-06-01 04:41:24.537,25.5,101.2
2024-06-01 04:41:32.764,25.5,101.2
2024-06-01 04:41:41.169,25.6,101.2
2024-06-01 04:41:49.603,25.6,101.2
2024-06-01 04:41:57.999,25.6,101.2
2024-06-01 04:42:06.209,25.6,101.2
2024-06-01 04:42:14.597,25.6,101.2
2024-06-01 04:42:22.961,25.5,101.2
2024-06-01 04:42:31.214,25.6,101.2
2024-06-01 04:42:39.582,25.6,101.2
2024-06-01 04:42:47.954,25.5,101.2
2024-06-01 04:42:56.251,25.5,101.2
2024-06-01 04:43:04.707,25.5,101.2
2024-06-01 04:43:12.955,25.5,101.2
2024-06-01 04:43:21.234,25.5,101.2
2024-06-01 04:43:29.501,25.5,101.2
2024-06-01 04:43:37.691,25.6,101.2
2024-06-01 04:43:46.052,25.6,101.2
2024-06-01 04:43:54.355,25.5,101.2
2024-06-01 04:44:02.690,25.5,101.2
2024-06-01 04:44:11.029,25.5,101.2
2024-06-01 04:44:19.402,25.5,101.2
2024-06-01 04:44:27.672,25.5,101.2
2024-06-01 04:44:36.045,25.5,101.2
2024-06-01 04:44:44.331,25.5,101.2
2024-06-01 04:44:52.702,25.5,101.2
2024-06-01 04:45:01.083,25.5,101.2
2024-06-01 04:45:09.313,25.5,101.1
2024-06-01 04:45:17.630,25.5,101.1
2024-06-01 04:45:26.074,25.5,101.2
2024-06-01 04:45:34.359,25.5,101.1
2024-06-01 04:45:42.719,25.6,101.1
2024-06-01 04:45:51.021,25.6,101.1
2024-06-01 04:45:59.332,25.5,101.1
2024-06-01 04:46:07.701,25.6,101.1
2024-06-01 04:46:16.061,25.6,101.1
2024-06-01 04:46:24.399,25.6,101.1
2024-06-01 04:46:32.636,25.6,101.1
2024-06-01 04:46:41.011,25.6,101.1
2024-06-01 04:46:49.328,25.6,101.1
2024-06-01 04:46:57.664,25.6,101.1
2024-06-01 04:47:06.030,25.6,101.1
2024-06-01 04:47:14.331,25.6,101.1
2024-06-01 04:47:22.689,25.6,101.1
2024-06-01 04:47:31.143,25.5,101.1
2024-06-01 04:47:39.372,25.6,101.1
2024-06-01 04:47:47.706,25.6,101.1
2024-06-01 04:47:56.096,25.6,101.1
2024-06-01 04:48:04.359,25.6,101.1
2024-06-01 04:48:12.653,25.5,101.1
2024-06-01 04:48:21.105,25.5,101.1
2024-06-01 04:48:29.316,25.5,101.1
2024-06-01 04:48:37.670,25.6,101.1
2024-06-01 04:48:46.130,25.5,101.1
2024-06-01 04:48:54.294,25.6,101.1
2024-06-01 04:49:02.750,25.6,101.1
2024-06-01 04:49:11.148,25.6,101.1
2024-06-01 04:49:19.456,25.5,101.1
2024-06-01 04:49:27.793,25.5,101.1
2024-06-01 04:49:36.190,25.5,101.1
2024-06-01 04:49:44.574,25.5,101.1
2024-06-01 04:49:53.009,25.5,101.1
2024-06-01 04:50:01.364,25.5,101.1
2024-06-01 04:50:09.704,25.5,101.1
2024-06-01 04:50:18.060,25.5,101.1
2024-06-01 04:50:26.380,25.5,101.1
2024-06-01 04:50:34.676,25.5,101.1
2024-06-01 04:50:43.130,25.5,101.1
2024-06-01 04:50:51.490,25.5,101.1
2024-06-01 04:50:59.794,25.5,101.1
2024-06-01 04:51:08.178,25.5,101.1
2024-06-01 04:51:16.505,25.5,101.1
2024-06-01 04:51:24.783,25.6,101.1
2024-06-01 04:51:33.216,25.6,101.1
2024-06-01 04:51:41.589,25.6,101.1
2024-06-01 04:51:49.909,25.6,101.1
2024-06-01 04:51:58.212,25.5,101.1
2024-06-01 04:52:06.622,25.6,101.1
2024-06-01 04:52:15.064,25.5,101.1
2024-06-01 04:52:23.292,25.5,101.1
2024-06-01 04:52:31.704,25.5,101.1
2024-06-01 04:52:40.137,25.5,101.1
2024-06-01 04:52:48.461,25.5,101.1
2024-06-01 04:52:56.754,25.5,101.1
2024-06-01 04:53:05.175,25.5,101.1
2024-06-01 04:53:13.433,25.6,101.1
2024-06-01 04:53:21.766,25.6,101.1
2024-06-01 04:53:30.146,25.6,101.1
2024-06-01 04:53:38.470,25.6,101.2
2024-06-01 04:53:46.887,25.6,101.1
2024-06-01 04:53:55.286,25.6,101.1
2024-06-01 04:54:03.559,25.6,101.2
2024-06-01 04:54:11.804,25.6,101.2
2024-06-01 04:54:20.185,25.6,101.2
2024-06-01 04:54:28.522,25.6,101.2
2024-06-01 04:54:36.851,25.6,101.2
2024-06-01 04:54:45.301,25.6,101.2
2024-06-01 04:54:53.721,25.6,101.2
2024-06-01 04:55:02.140,25.6,101.2
2024-06-01 04:55:10.412,25.6,101.2
2024-06-01 04:55:18.857,25.6,101.2
2024-06-01 04:55:27.252,25.6,101.2
2024-06-01 04:55:35.614,25.5,101.2
2024-06-01 04:55:43.947,25.6,101.2
2024-06-01 04:55:52.287,25.6,101.2
2024-06-01 04:56:00.706,25.6,101.2
2024-06-01 04:56:09.035,25.6,101.2
2024-06-01 04:56:16.760,25.6,101.2
2024-06-01 04:56:24.587,25.6,101.2
2024-06-01 04:56:32.387,25.6,101.2
2024-06-01 04:56:40.422,25.6,101.2
2024-06-01 04:56:48.271,25.6,101.2
2024-06-01 04:56:56.278,25.5,101.2
2024-06-01 04:57:04.245,25.5,101.2
2024-06-01 04:57:12.172,25.5,101.2
2024-06-01 04:57:20.109,25.5,101.2
2024-06-01 04:57:27.968,25.5,101.2
2024-06-01 04:57:35.850,25.6,101.2
2024-06-01 04:57:43.759,25.6,101.2
2024-06-01 04:57:51.680,25.6,101.2
2024-06-01 04:57:59.579,25.6,101.2
2024-06-01 04:58:07.548,25.5,101.2
2024-06-01 04:58:15.522,25.5,101.2
2024-06-01 04:58:23.391,25.5,101.2
2024-06-01 04:58:31.374,25.5,101.2
2024-06-01 04:58:39.311,25.6,101.2
2024-06-01 04:58:47.193,25.6,101.2
2024-06-01 04:58:55.099,25.6,101.2
2024-06-01 04:59:03.101,25.6,101.2
2024-06-01 04:59:10.970,25.7,101.2
2024-06-01 04:59:18.857,25.6,101.2
2024-06-01 04:59:26.850,25.6,101.2
2024-06-01 04:59:34.790,25.6,101.2
2024-06-01 04:59:42.779,25.5,101.2
2024-06-01 04:59:50.788,25.5,101.2
2024-06-01 04:59:58.719,25.5,101.2
2024-06-01 05:00:06.657,25.6,101.2
2024-06-01 05:00:14.482,25.5,101.2
2024-06-01 05:00:22.448,25.5,101.2
2024-06-01 05:00:30.371,25.6,101.2
2024-06-01 05:00:38.437,25.6,101.2
2024-06-01 05:00:46.343,25.6,101.2
2024-06-01 05:00:54.225,25.6,101.2
2024-06-01 05:01:02.134,25.6,101.2
2024-06-01 05:01:10.032,25.5,101.2
2024-06-01 05:01:18.048,25.5,101.2
2024-06-01 05:01:25.987,25.5,101.2
2024-06-01 05:01:33.937,25.5,101.2
2024-06-01 05:01:41.866,25.5,101.2
2024-06-01 05:01:49.844,25.6,101.2
2024-06-01 05:01:57.699,25.6,101.2
2024-06-01 05:02:05.556,25.6,101.2
2024-06-01 05:02:13.487,25.6,101.2
2024-06-01 05:02:21.331,25.5,101.2
2024-06-01 05:02:29.290,25.5,101.2
2024-06-01 05:02:37.222,25.5,101.2
2024-06-01 05:02:45.135,25.6,101.2
2024-06-01 05:02:52.950,25.6,101.2
2024-06-01 05:03:00.860,25.6,101.2
2024-06-01 05:03:08.726,25.6,101.2
2024-06-01 05:03:16.612,25.6,101.2
2024-06-01 05:03:24.554,25.5,101.2
2024-06-01 05:03:32.402,25.6,101.2
2024-06-01 05:03:40.365,25.5,101.2
2024-06-01 05:03:48.234,25.6,101.2
2024-06-01 05:03:56.138,25.6,101.2
2024-06-01 05:04:04.036,25.5,101.2
2024-06-01 05:04:11.898,25.5,101.2
2024-06-01 05:04:19.961,25.5,101.2
2024-06-01 05:04:27.925,25.6,101.2
2024-06-01 05:04:35.886,25.6,101.2
2024-06-01 05:04:43.794,25.6,101.2
2024-06-01 05:04:51.762,25.6,101.2
2024-06-01 05:04:59.709,25.5,101.2
2024-06-01 05:05:07.559,25.5,101.2
2024-06-01 05:05:15.533,25.5,101.2
2024-06-01 05:05:23.401,25.5,101.2
2024-06-01 05:05:31.323,25.5,101.2
2024-06-01 05:05:39.270,25.5,101.2
2024-06-01 05:05:47.111,25.5,101.2
2024-06-01 05:05:55.005,25.5,101.2
2024-06-01 05:06:02.925,25.5,101.2
2024-06-01 05:06:10.876,25.5,101.2
2024-06-01 05:06:18.741,25.5,101.2
2024-06-01 05:06:26.687,25.5,101.2
2024-06-01 05:06:34.489,25.6,101.2
2024-06-01 05:06:42.367,25.6,101.2
2024-06-01 05:06:50.257,25.6,101.2
2024-06-01 05:06:58.069,25.6,101.2
2024-06-01 05:07:05.943,25.6,101.2
2024-06-01 05:07:13.907,25.6,101.2
2024-06-01 05:07:21.864,25.6,101.2
2024-06-01 05:07:29.787,25.6,101.2
2024-06-01 05:07:37.723,25.6,101.2
2024-06-01 05:07:45.575,25.6,101.2
2024-06-01 05:07:53.488,25.6,101.2
2024-06-01 05:08:01.456,25.6,101.2
2024-06-01 05:08:09.417,25.6,101.2
2024-06-01 05:08:17.338,25.6,101.2
2024-06-01 05:08:25.272,25.6,101.2
2024-06-01 05:08:33.180,25.6,101.2
2024-06-01 05:08:41.152,25.6,101.2
2024-06-01 05:08:49.041,25.6,101.2
2024-06-01 05:08:56.896,25.6,101.2
2024-06-01 05:09:04.797,25.6,101.2
2024-06-01 05:09:12.721,25.6,101.2
2024-06-01 05:09:20.624,25.6,101.2
2024-06-01 05:09:28.392,25.6,101.2
2024-06-01 05:09:36.228,25.6,101.2
2024-06-01 05:09:44.232,25.6,101.2
2024-06-01 05:09:52.100,25.6,101.2
2024-06-01 05:09:59.915,25.6,101.2
2024-06-01 05:10:07.874,25.6,101.2
2024-06-01 05:10:15.786,25.6,101.2
2024-06-01 05:10:23.690,25.6,101.2
2024-06-01 05:10:31.561,25.6,101.2
2024-06-01 05:10:39.454,25.6,101.2
2024-06-01 05:10:47.433,25.6,101.2
2024-06-01 05:10:55.343,25.5,101.2
2024-06-01 05:11:03.235,25.5,101.2
2024-06-01 05:11:11.155,25.6,101.2
2024-06-01 05:11:18.992,25.6,101.2
2024-06-01 05:11:26.830,25.6,101.2
2024-06-01 05:11:34.737,25.6,101.2
2024-06-01 05:11:42.637,25.6,101.2
2024-06-01 05:11:50.541,25.6,101.2
2024-06-01 05:11:58.398,25.6,101.2
2024-06-01 05:12:06.402,25.6,101.2
2024-06-01 05:12:14.312,25.6,101.2
2024-06-01 05:12:22.257,25.6,101.2
2024-06-01 05:12:30.159,25.6,101.2
2024-06-01 05:12:37.986,25.6,101.2
2024-06-01 05:12:45.800,25.6,101.2
2024-06-01 05:12:53.772,25.6,101.2
2024-06-01 05:13:01.650,25.6,101.2
2024-06-01 05:13:09.531,25.6,101.2
2024-06-01 05:13:17.560,25.6,101.2
2024-06-01 05:13:25.431,25.6,101.2
2024-06-01 05:13:33.321,25.6,101.2
2024-06-01 05:13:41.308,25.6,101.2
2024-06-01 05:13:49.206,25.6,101.2
2024-06-01 05:13:56.989,25.6,101.2
2024-06-01 05:14:04.869,25.6,101.2
2024-06-01 05:14:12.773,25.5,101.2
2024-06-01 05:14:20.742,25.6,101.2
2024-06-01 05:14:28.526,25.6,101.2
2024-06-01 05:14:36.457,25.5,101.2
2024-06-01 05:14:44.379,25.5,101.2
2024-06-01 05:14:52.341,25.6,101.2
2024-06-01 05:15:00.186,25.6,101.2
2024-06-01 05:15:08.010,25.6,101.2
2024-06-01 05:15:16.034,25.6,101.2
2024-06-01 05:15:23.991,25.6,101.2
2024-06-01 05:15:31.865,25.6,101.2
2024-06-01 05:15:39.704,25.6,101.2
2024-06-01 05:15:47.535,25.6,101.2
2024-06-01 05:15:55.512,25.6,101.2
2024-06-01 05:16:03.391,25.6,101.2
2024-06-01 05:16:11.294,25.6,101.2
2024-06-01 05:16:19.211,25.6,101.2
2024-06-01 05:16:26.996,25.6,101.2
2024-06-01 05:16:34.954,25.6,101.2
2024-06-01 05:16:42.864,25.6,101.2
2024-06-01 05:16:50.809,25.6,101.2
2024-06-01 05:16:58.688,25.6,101.2
2024-06-01 05:17:06.654,25.6,101.2
2024-06-01 05:17:14.565,25.5,101.2
2024-06-01 05:17:22.490,25.6,101.2
2024-06-01 05:17:30.464,25.6,101.2
2024-06-01 05:17:38.422,25.6,101.2
2024-06-01 05:17:46.299,25.6,101.2
2024-06-01 05:17:54.233,25.6,101.2
2024-06-01 05:18:02.002,25.5,101.2
2024-06-01 05:18:10.094,25.5,101.2
2024-06-01 05:18:17.981,25.5,101.2
2024-06-01 05:18:25.922,25.6,101.2
2024-06-01 05:18:33.766,25.5,101.2
2024-06-01 05:18:41.570,25.5,101.2
2024-06-01 05:18:49.535,25.5,101.2
2024-06-01 05:18:57.498,25.6,101.2
2024-06-01 05:19:05.413,25.6,101.2
2024-06-01 05:19:13.388,25.6,101.2
2024-06-01 05:19:21.256,25.6,101.2
2024-06-01 05:19:29.163,25.6,101.2
2024-06-01 05:19:37.109,25.6,101.2
2024-06-01 05:19:44.888,25.6,101.2
2024-06-01 05:19:52.945,25.6,101.2
2024-06-01 05:20:00.874,25.6,101.2
2024-06-01 05:20:08.835,25.6,101.2
2024-06-01 05:20:16.567,25.6,101.2
2024-06-01 05:20:24.545,25.6,101.2
2024-06-01 05:20:32.418,25.6,101.2
2024-06-01 05:20:40.369,25.6,101.2
2024-06-01 05:20:48.230,25.6,101.2
2024-06-01 05:20:56.161,25.6,101.2
2024-06-01 05:21:04.025,25.6,101.2
2024-06-01 05:21:12.043,25.6,101.2
2024-06-01 05:21:19.982,25.6,101.2
2024-06-01 05:21:27.877,25.6,101.2
2024-06-01 05:21:35.787,25.6,101.2
2024-06-01 05:21:43.712,25.6,101.2
2024-06-01 05:21:51.688,25.6,101.2
2024-06-01 05:21:59.497,25.6,101.2
2024-06-01 05:22:07.409,25.5,101.2
2024-06-01 05:22:15.391,25.6,101.2
2024-06-01 05:22:23.205,25.6,101.2
2024-06-01 05:22:31.092,25.6,101.2
2024-06-01 05:22:38.917,25.6,101.2
2024-06-01 05:22:46.845,25.6,101.2
2024-06-01 05:22:54.862,25.6,101.2
2024-06-01 05:23:02.660,25.6,101.2
2024-06-01 05:23:10.584,25.6,101.2
2024-06-01 05:23:18.570,25.6,101.2
2024-06-01 05:23:26.486,25.6,101.2
2024-06-01 05:23:34.369,25.6,101.2
2024-06-01 05:23:42.248,25.6,101.2
2024-06-01 05:23:50.215,25.6,101.2
2024-06-01 05:23:58.222,25.6,101.2
2024-06-01 05:24:06.138,25.6,101.2
2024-06-01 05:24:14.086,25.6,101.2
2024-06-01 05:24:22.057,25.6,101.2
2024-06-01 05:24:30.112,25.6,101.2
2024-06-01 05:24:38.048,25.6,101.2
2024-06-01 05:24:45.990,25.6,101.2
2024-06-01 05:24:53.952,25.6,101.2
2024-06-01 05:25:01.948,25.6,101.2
2024-06-01 05:25:09.839,25.6,101.2
2024-06-01 05:25:17.822,25.7,101.2
2024-06-01 05:25:25.709,25.6,101.2
2024-06-01 05:25:33.648,25.6,101.2
2024-06-01 05:25:41.624,25.6,101.2
2024-06-01 05:25:49.678,25.6,101.2
2024-06-01 05:25:57.524,25.5,101.2
2024-06-01 05:26:05.542,25.5,101.2
2024-06-01 05:26:13.435,25.5,101.2
2024-06-01 05:26:21.304,25.5,101.2
2024-06-01 05:26:29.173,25.5,101.2
2024-06-01 05:26:37.074,25.5,101.2
2024-06-01 05:26:45.010,25.6,101.2
2024-06-01 05:26:52.885,25.6,101.2
2024-06-01 05:27:00.763,25.6,101.2
2024-06-01 05:27:08.720,25.6,101.2
2024-06-01 05:27:16.728,25.6,101.2
2024-06-01 05:27:24.694,25.6,101.2
2024-06-01 05:27:32.549,25.6,101.2
2024-06-01 05:27:40.529,25.6,101.2
2024-06-01 05:27:48.466,25.6,101.2
2024-06-01 05:27:56.360,25.6,101.2
2024-06-01 05:28:04.279,25.6,101.2
2024-06-01 05:28:12.206,25.6,101.2
2024-06-01 05:28:20.078,25.6,101.2
2024-06-01 05:28:28.010,25.6,101.2
2024-06-01 05:28:36.011,25.6,101.2
2024-06-01 05:28:44.041,25.6,101.2
2024-06-01 05:28:52.023,25.6,101.2
2024-06-01 05:29:00.055,25.6,101.2
2024-06-01 05:29:07.989,25.6,101.2
2024-06-01 05:29:15.959,25.6,101.2
2024-06-01 05:29:23.841,25.6,101.2
2024-06-01 05:29:31.790,25.6,101.2
2024-06-01 05:29:39.636,25.6,101.2
2024-06-01 05:29:47.664,25.6,101.2
2024-06-01 05:29:55.645,25.6,101.2
2024-06-01 05:30:03.514,25.6,101.2
2024-06-01 05:30:11.496,25.6,101.2
2024-06-01 05:30:19.388,25.6,101.2
2024-06-01 05:30:27.353,25.6,101.2
2024-06-01 05:30:35.184,25.6,101.2
2024-06-01 05:30:43.206,25.6,101.2
2024-06-01 05:30:51.153,25.6,101.2
2024-06-01 05:30:59.252,25.6,101.2
2024-06-01 05:31:07.189,25.6,101.2
2024-06-01 05:31:15.139,25.6,101.2
2024-06-01 05:31:23.149,25.6,101.2
2024-06-01 05:31:31.008,25.6,101.2
2024-06-01 05:31:38.986,25.6,101.2
2024-06-01 05:31:47.042,25.6,101.2
2024-06-01 05:31:54.965,25.6,101.2
2024-06-01 05:32:02.920,25.6,101.2
2024-06-01 05:32:10.898,25.6,101.2
2024-06-01 05:32:18.909,25.6,101.2
2024-06-01 05:32:26.957,25.6,101.2
2024-06-01 05:32:34.720,25.6,101.2
2024-06-01 05:32:42.691,25.7,101.2
2024-06-01 05:32:50.729,25.7,101.2
2024-06-01 05:32:58.631,25.7,101.2
2024-06-01 05:33:06.581,25.7,101.2
2024-06-01 05:33:14.565,25.6,101.2
2024-06-01 05:33:22.568,25.6,101.2
2024-06-01 05:33:30.531,25.6,101.2
2024-06-01 05:33:38.520,25.6,101.2
2024-06-01 05:33:46.561,25.6,101.2
2024-06-01 05:33:54.545,25.6,101.2
2024-06-01 05:34:02.532,25.6,101.2
2024-06-01 05:34:10.557,25.6,101.2
2024-06-01 05:34:18.408,25.6,101.2
2024-06-01 05:34:26.311,25.6,101.2
2024-06-01 05:34:34.214,25.6,101.2
2024-06-01 05:34:42.248,25.6,101.2
2024-06-01 05:34:50.221,25.6,101.2
2024-06-01 05:34:58.194,25.6,101.2
2024-06-01 05:35:06.264,25.6,101.2
2024-06-01 05:35:14.154,25.6,101.2
2024-06-01 05:35:22.136,25.6,101.2
2024-06-01 05:35:30.128,25.6,101.2
2024-06-01 05:35:38.100,25.6,101.2
2024-06-01 05:35:46.069,25.6,101.2
2024-06-01 05:35:53.904,25.6,101.2
2024-06-01 05:36:01.960,25.6,101.2
2024-06-01 05:36:09.851,25.6,101.2
2024-06-01 05:36:17.759,25.7,101.2
2024-06-01 05:36:25.708,25.6,101.2
2024-06-01 05:36:33.735,25.7,101.2
2024-06-01 05:36:41.689,25.6,101.2
2024-06-01 05:36:49.661,25.6,101.2
2024-06-01 05:36:57.622,25.6,101.2
2024-06-01 05:37:05.590,25.6,101.2
2024-06-01 05:37:13.570,25.6,101.2
2024-06-01 05:37:21.545,25.6,101.2
2024-06-01 05:37:29.466,25.6,101.2
2024-06-01 05:37:37.433,25.6,101.2
2024-06-01 05:37:45.361,25.6,101.2
2024-06-01 05:37:53.293,25.6,101.2
2024-06-01 05:38:01.235,25.6,101.2
2024-06-01 05:38:09.176,25.6,101.2
2024-06-01 05:38:17.209,25.6,101.2
2024-06-01 05:38:25.163,25.6,101.2
2024-06-01 05:38:33.155,25.6,101.2
2024-06-01 05:38:41.158,25.7,101.2
2024-06-01 05:38:49.184,25.6,101.2
2024-06-01 05:38:57.244,25.6,101.2
2024-06-01 05:39:05.229,25.6,101.2
2024-06-01 05:39:13.208,25.6,101.2
2024-06-01 05:39:21.142,25.6,101.2
2024-06-01 05:39:29.243,25.6,101.2
2024-06-01 05:39:37.242,25.6,101.2
2024-06-01 05:39:45.177,25.7,101.2
2024-06-01 05:39:53.166,25.7,101.2
2024-06-01 05:40:01.174,25.6,101.2
2024-06-01 05:40:09.208,25.6,101.2
2024-06-01 05:40:17.203,25.6,101.2
2024-06-01 05:40:25.346,25.6,101.2
2024-06-01 05:40:33.202,25.6,101.2
2024-06-01 05:40:41.253,25.6,101.2
2024-06-01 05:40:49.326,25.6,101.2
2024-06-01 05:40:57.197,25.6,101.2
2024-06-01 05:41:05.262,25.6,101.2
2024-06-01 05:41:13.282,25.6,101.2
2024-06-01 05:41:21.313,25.6,101.2
2024-06-01 05:41:29.248,25.6,101.2
2024-06-01 05:41:37.290,25.6,101.2
2024-06-01 05:41:45.257,25.6,101.2
2024-06-01 05:41:53.272,25.6,101.2
2024-06-01 05:42:01.232,25.6,101.2
2024-06-01 05:42:09.259,25.6,101.2
2024-06-01 05:42:17.285,25.7,101.2
2024-06-01 05:42:25.208,25.6,101.2
2024-06-01 05:42:33.232,25.6,101.2
2024-06-01 05:42:41.206,25.6,101.2
2024-06-01 05:42:49.259,25.6,101.2
2024-06-01 05:42:57.288,25.6,101.2
2024-06-01 05:43:05.260,25.6,101.2
2024-06-01 05:43:13.244,25.6,101.2
2024-06-01 05:43:21.282,25.6,101.2
2024-06-01 05:43:29.259,25.6,101.2
2024-06-01 05:43:37.330,25.6,101.2
2024-06-01 05:43:45.276,25.6,101.2
2024-06-01 05:43:53.350,25.6,101.2
2024-06-01 05:44:01.268,25.6,101.2
2024-06-01 05:44:09.339,25.6,101.2
2024-06-01 05:44:17.199,25.6,101.2
2024-06-01 05:44:25.146,25.6,101.2
2024-06-01 05:44:33.115,25.6,101.2
2024-06-01 05:44:41.170,25.6,101.2
2024-06-01 05:44:49.155,25.6,101.2
2024-06-01 05:44:57.081,25.6,101.2
2024-06-01 05:45:04.976,25.6,101.2
2024-06-01 05:45:12.895,25.6,101.2
2024-06-01 05:45:20.859,25.6,101.2
2024-06-01 05:45:28.793,25.6,101.2
2024-06-01 05:45:36.858,25.6,101.2
2024-06-01 05:45:44.795,25.6,101.2
2024-06-01 05:45:52.892,25.6,101.2
2024-06-01 05:46:00.830,25.6,101.2
2024-06-01 05:46:08.726,25.6,101.2
2024-06-01 05:46:16.719,25.6,101.2
2024-06-01 05:46:24.734,25.6,101.2
2024-06-01 05:46:32.704,25.6,101.2
2024-06-01 05:46:40.661,25.6,101.2
2024-06-01 05:46:48.603,25.6,101.2
2024-06-01 05:46:56.596,25.6,101.2
2024-06-01 05:47:04.572,25.6,101.2
2024-06-01 05:47:12.601,25.6,101.2
2024-06-01 05:47:20.579,25.6,101.2
2024-06-01 05:47:28.432,25.6,101.2
2024-06-01 05:47:36.397,25.7,101.2
2024-06-01 05:47:44.415,25.6,101.2
2024-06-01 05:47:52.391,25.6,101.2
2024-06-01 05:48:00.378,25.6,101.2
2024-06-01 05:48:08.347,25.6,101.2
2024-06-01 05:48:16.326,25.6,101.2
2024-06-01 05:48:24.250,25.6,101.2
2024-06-01 05:48:32.253,25.6,101.2
2024-06-01 05:48:40.262,25.6,101.2
2024-06-01 05:48:48.237,25.6,101.2
2024-06-01 05:48:56.336,25.6,101.2
2024-06-01 05:49:04.239,25.6,101.2
2024-06-01 05:49:12.169,25.6,101.2
2024-06-01 05:49:20.176,25.6,101.2
2024-06-01 05:49:28.111,25.6,101.2
2024-06-01 05:49:36.013,25.7,101.2
2024-06-01 05:49:43.900,25.6,101.2
2024-06-01 05:49:51.849,25.6,101.2
2024-06-01 05:49:59.807,25.6,101.2
2024-06-01 05:50:07.783,25.7,101.2
2024-06-01 05:50:15.844,25.7,101.2
2024-06-01 05:50:23.830,25.7,101.2
2024-06-01 05:50:31.842,25.7,101.2
2024-06-01 05:50:39.885,25.7,101.2
2024-06-01 05:50:47.947,25.6,101.2
2024-06-01 05:50:56.020,25.6,101.2
2024-06-01 05:51:03.989,25.6,101.2
2024-06-01 05:51:12.031,25.6,101.2
2024-06-01 05:51:19.903,25.6,101.2
2024-06-01 05:51:27.911,25.6,101.2
2024-06-01 05:51:35.937,25.7,101.2
2024-06-01 05:51:43.920,25.6,101.2
2024-06-01 05:51:51.780,25.6,101.2
2024-06-01 05:51:59.816,25.6,101.2
2024-06-01 05:52:07.929,25.6,101.2
2024-06-01 05:52:15.772,25.6,101.2
2024-06-01 05:52:23.775,25.6,101.2
2024-06-01 05:52:31.722,25.7,101.2
2024-06-01 05:52:39.780,25.7,101.2
2024-06-01 05:52:47.803,25.6,101.2
2024-06-01 05:52:55.856,25.6,101.2
2024-06-01 05:53:03.858,25.6,101.2
2024-06-01 05:53:11.960,25.6,101.2
2024-06-01 05:53:19.916,25.6,101.2
2024-06-01 05:53:27.895,25.6,101.2
2024-06-01 05:53:35.892,25.6,101.2
2024-06-01 05:53:43.790,25.6,101.2
2024-06-01 05:53:51.786,25.6,101.2
2024-06-01 05:53:59.794,25.6,101.2
2024-06-01 05:54:07.824,25.6,101.2
2024-06-01 05:54:15.769,25.7,101.2
2024-06-01 05:54:23.676,25.7,101.2
2024-06-01 05:54:31.672,25.7,101.2
2024-06-01 05:54:39.657,25.7,101.2
2024-06-01 05:54:47.576,25.7,101.2
2024-06-01 05:54:55.594,25.6,101.2
2024-06-01 05:55:03.584,25.6,101.2
2024-06-01 05:55:11.509,25.7,101.2
2024-06-01 05:55:19.412,25.7,101.2
2024-06-01 05:55:27.347,25.6,101.2
2024-06-01 05:55:35.333,25.7,101.2
2024-06-01 05:55:43.333,25.7,101.2
2024-06-01 05:55:51.326,25.7,101.2
2024-06-01 05:55:59.395,25.7,101.2
2024-06-01 05:56:07.357,25.6,101.2
2024-06-01 05:56:15.447,25.6,101.2
2024-06-01 05:56:23.414,25.6,101.2
2024-06-01 05:56:31.336,25.7,101.2
2024-06-01 05:56:39.309,25.7,101.2
2024-06-01 05:56:47.311,25.6,101.2
2024-06-01 05:56:55.377,25.6,101.2
2024-06-01 05:57:03.391,25.6,101.2
2024-06-01 05:57:11.364,25.6,101.2
2024-06-01 05:57:19.421,25.6,101.2
2024-06-01 05:57:27.449,25.6,101.2
2024-06-01 05:57:35.503,25.7,101.2
2024-06-01 05:57:43.524,25.6,101.2
2024-06-01 05:57:51.469,25.6,101.2
2024-06-01 05:57:59.440,25.7,101.2
2024-06-01 05:58:07.521,25.7,101.2
2024-06-01 05:58:15.421,25.6,101.2
2024-06-01 05:58:23.466,25.6,101.2
2024-06-01 05:58:31.505,25.6,101.2
2024-06-01 05:58:39.485,25.6,101.2
2024-06-01 05:58:47.440,25.6,101.2
2024-06-01 05:58:55.439,25.6,101.2
2024-06-01 05:59:03.381,25.6,101.2
2024-06-01 05:59:11.471,25.6,101.2
2024-06-01 05:59:19.464,25.6,101.2
2024-06-01 05:59:27.345,25.7,101.2
2024-06-01 05:59:35.290,25.6,101.2
2024-06-01 05:59:43.319,25.6,101.2
2024-06-01 05:59:51.297,25.6,101.2
2024-06-01 05:59:59.374,25.6,101.2
2024-06-01 06:00:07.333,25.6,101.2
2024-06-01 06:00:15.311,25.6,101.2
2024-06-01 06:00:23.356,25.6,101.2
2024-06-01 06:00:31.359,25.6,101.2
2024-06-01 06:00:39.437,25.6,101.2
2024-06-01 06:00:47.437,25.6,101.2
2024-06-01 06:00:55.496,25.6,101.2
2024-06-01 06:01:03.472,25.6,101.2
2024-06-01 06:01:11.376,25.6,101.2
2024-06-01 06:01:19.455,25.6,101.2
2024-06-01 06:01:27.490,25.6,101.2
2024-06-01 06:01:35.542,25.6,101.2
2024-06-01 06:01:43.524,25.6,101.2
2024-06-01 06:01:51.441,25.6,101.2
2024-06-01 06:01:59.520,25.6,101.2
2024-06-01 06:02:07.464,25.6,101.2
2024-06-01 06:02:15.566,25.6,101.2
2024-06-01 06:02:23.430,25.6,101.2
2024-06-01 06:02:31.429,25.6,101.2
2024-06-01 06:02:39.490,25.6,101.2
2024-06-01 06:02:47.535,25.6,101.2
2024-06-01 06:02:55.573,25.6,101.2
2024-06-01 06:03:03.566,25.6,101.2
2024-06-01 06:03:11.472,25.6,101.2
2024-06-01 06:03:19.571,25.7,101.2
2024-06-01 06:03:27.568,25.6,101.2
2024-06-01 06:03:35.474,25.7,101.2
2024-06-01 06:03:43.492,25.6,101.2
2024-06-01 06:03:51.593,25.6,101.2
2024-06-01 06:03:59.595,25.7,101.2
2024-06-01 06:04:07.721,25.6,101.2
2024-06-01 06:04:15.678,25.6,101.2
2024-06-01 06:04:23.715,25.6,101.2
2024-06-01 06:04:31.681,25.6,101.2
2024-06-01 06:04:39.616,25.6,101.2
2024-06-01 06:04:47.547,25.6,101.2
2024-06-01 06:04:55.586,25.6,101.2
2024-06-01 06:05:03.612,25.6,101.2
2024-06-01 06:05:11.639,25.6,101.2
2024-06-01 06:05:19.465,25.7,101.2
2024-06-01 06:05:27.468,25.7,101.2
2024-06-01 06:05:35.555,25.7,101.2
2024-06-01 06:05:43.573,25.7,101.2
2024-06-01 06:05:51.664,25.7,101.2
2024-06-01 06:05:59.587,25.6,101.2
2024-06-01 06:06:07.565,25.7,101.2
2024-06-01 06:06:15.625,25.7,101.2
2024-06-01 06:06:23.561,25.7,101.2
2024-06-01 06:06:31.586,25.7,101.2
2024-06-01 06:06:39.555,25.7,101.2
2024-06-01 06:06:47.465,25.6,101.2
2024-06-01 06:06:55.547,25.6,101.2
2024-06-01 06:07:03.490,25.6,101.2
2024-06-01 06:07:11.531,25.6,101.2
2024-06-01 06:07:19.609,25.6,101.2
2024-06-01 06:07:27.525,25.6,101.2
2024-06-01 06:07:35.592,25.6,101.2
2024-06-01 06:07:43.480,25.6,101.2
2024-06-01 06:07:51.483,25.6,101.2
2024-06-01 06:07:59.457,25.6,101.2
2024-06-01 06:08:07.388,25.6,101.2
2024-06-01 06:08:15.412,25.6,101.2
2024-06-01 06:08:23.459,25.6,101.2
2024-06-01 06:08:31.452,25.6,101.2
2024-06-01 06:08:39.465,25.6,101.2
2024-06-01 06:08:47.362,25.7,101.2
2024-06-01 06:08:55.452,25.7,101.2
2024-06-01 06:09:03.429,25.6,101.2
2024-06-01 06:09:11.493,25.7,101.2
2024-06-01 06:09:19.555,25.7,101.2
2024-06-01 06:09:27.488,25.7,101.2
2024-06-01 06:09:35.459,25.7,101.2
2024-06-01 06:09:43.445,25.7,101.2
2024-06-01 06:09:51.483,25.7,101.2
2024-06-01 06:09:59.497,25.7,101.2
2024-06-01 06:10:07.556,25.7,101.2
2024-06-01 06:10:15.534,25.6,101.2
2024-06-01 06:10:23.487,25.7,101.2
2024-06-01 06:10:31.475,25.7,101.2
2024-06-01 06:10:39.519,25.7,101.2
2024-06-01 06:10:47.593,25.7,101.2
2024-06-01 06:10:55.576,25.7,101.2
2024-06-01 06:11:03.630,25.7,101.2
2024-06-01 06:11:11.685,25.7,101.2
2024-06-01 06:11:19.556,25.7,101.2
2024-06-01 06:11:27.586,25.7,101.2
2024-06-01 06:11:35.656,25.7,101.2
2024-06-01 06:11:43.672,25.7,101.2
2024-06-01 06:11:51.594,25.7,101.2
2024-06-01 06:11:59.643,25.7,101.2
2024-06-01 06:12:07.646,25.7,101.2
2024-06-01 06:12:15.576,25.6,101.2
2024-06-01 06:12:23.619,25.6,101.2
2024-06-01 06:12:31.577,25.7,101.2
2024-06-01 06:12:39.694,25.6,101.2
2024-06-01 06:12:47.628,25.6,101.2
2024-06-01 06:12:55.613,25.7,101.2
2024-06-01 06:13:03.526,25.7,101.2
2024-06-01 06:13:11.566,25.7,101.2
2024-06-01 06:13:19.643,25.6,101.2
2024-06-01 06:13:27.584,25.7,101.2
2024-06-01 06:13:35.626,25.7,101.2
2024-06-01 06:13:43.594,25.6,101.2
2024-06-01 06:13:51.691,25.7,101.2
2024-06-01 06:13:59.651,25.7,101.2
2024-06-01 06:14:07.526,25.7,101.2
2024-06-01 06:14:15.554,25.7,101.2
2024-06-01 06:14:23.565,25.6,101.2
2024-06-01 06:14:31.640,25.7,101.2
2024-06-01 06:14:39.615,25.7,101.2
2024-06-01 06:14:47.615,25.7,101.2
2024-06-01 06:14:55.549,25.6,101.2
2024-06-01 06:15:03.659,25.6,101.2
2024-06-01 06:15:11.661,25.7,101.2
2024-06-01 06:15:19.698,25.7,101.2
2024-06-01 06:15:27.701,25.7,101.2
2024-06-01 06:15:35.649,25.6,101.2
2024-06-01 06:15:43.647,25.6,101.2
2024-06-01 06:15:51.624,25.7,101.2
2024-06-01 06:15:59.710,25.7,101.2
2024-06-01 06:16:07.708,25.6,101.2
2024-06-01 06:16:15.646,25.7,101.2
2024-06-01 06:16:23.655,25.7,101.2
2024-06-01 06:16:31.707,25.7,101.2
2024-06-01 06:16:39.696,25.7,101.2
2024-06-01 06:16:47.707,25.7,101.2
2024-06-01 06:16:55.754,25.7,101.2
2024-06-01 06:17:03.805,25.7,101.2
2024-06-01 06:17:11.752,25.7,101.2
2024-06-01 06:17:19.692,25.7,101.2
2024-06-01 06:17:27.617,25.7,101.2
2024-06-01 06:17:35.672,25.7,101.2
2024-06-01 06:17:43.516,25.6,101.2
2024-06-01 06:17:51.646,25.6,101.2
2024-06-01 06:17:59.711,25.6,101.2
2024-06-01 06:18:07.688,25.7,101.2
2024-06-01 06:18:15.660,25.6,101.2
2024-06-01 06:18:23.791,25.6,101.2
2024-06-01 06:18:31.777,25.6,101.2
2024-06-01 06:18:39.681,25.6,101.2
2024-06-01 06:18:47.730,25.6,101.2
2024-06-01 06:18:55.654,25.6,101.2
2024-06-01 06:19:03.707,25.6,101.2
2024-06-01 06:19:11.706,25.7,101.2
2024-06-01 06:19:19.729,25.6,101.2
2024-06-01 06:19:27.735,25.6,101.2
2024-06-01 06:19:35.699,25.7,101.2
2024-06-01 06:19:43.791,25.7,101.2
2024-06-01 06:19:51.686,25.7,101.2
2024-06-01 06:19:59.681,25.7,101.2
2024-06-01 06:20:07.701,25.7,101.2
2024-06-01 06:20:15.772,25.6,101.2
2024-06-01 06:20:23.792,25.6,101.2
2024-06-01 06:20:31.843,25.6,101.2
2024-06-01 06:20:39.849,25.6,101.2
2024-06-01 06:20:47.872,25.7,101.2
2024-06-01 06:20:55.723,25.6,101.2
2024-06-01 06:21:03.701,25.6,101.2
2024-06-01 06:21:11.626,25.6,101.2
2024-06-01 06:21:19.728,25.6,101.2
2024-06-01 06:21:27.673,25.7,101.2
2024-06-01 06:21:35.778,25.7,101.2
2024-06-01 06:21:43.794,25.7,101.2
2024-06-01 06:21:51.738,25.7,101.2
2024-06-01 06:21:59.662,25.7,101.2
2024-06-01 06:22:07.716,25.7,101.2
2024-06-01 06:22:15.667,25.7,101.2
2024-06-01 06:22:23.669,25.7,101.2
2024-06-01 06:22:31.701,25.6,101.2
2024-06-01 06:22:39.771,25.6,101.2
2024-06-01 06:22:47.850,25.6,101.2
2024-06-01 06:22:55.844,25.6,101.2
2024-06-01 06:23:03.843,25.6,101.2
2024-06-01 06:23:11.763,25.6,101.2
2024-06-01 06:23:19.695,25.6,101.2
2024-06-01 06:23:27.780,25.6,101.2
2024-06-01 06:23:35.682,25.6,101.2
2024-06-01 06:23:43.634,25.6,101.2
2024-06-01 06:23:51.667,25.6,101.2
2024-06-01 06:23:59.594,25.6,101.2
2024-06-01 06:24:07.624,25.6,101.2
2024-06-01 06:24:15.679,25.6,101.2
2024-06-01 06:24:23.729,25.6,101.2
2024-06-01 06:24:31.706,25.6,101.2
2024-06-01 06:24:39.719,25.7,101.2
2024-06-01 06:24:47.740,25.6,101.2
2024-06-01 06:24:55.740,25.6,101.2
2024-06-01 06:25:03.665,25.6,101.2
2024-06-01 06:25:11.625,25.6,101.2
2024-06-01 06:25:19.619,25.7,101.2
2024-06-01 06:25:27.703,25.7,101.2
2024-06-01 06:25:35.654,25.7,101.2
2024-06-01 06:25:43.658,25.7,101.2
2024-06-01 06:25:51.656,25.7,101.2
2024-06-01 06:25:59.767,25.7,101.2
2024-06-01 06:26:07.803,25.7,101.2
2024-06-01 06:26:15.793,25.7,101.2
2024-06-01 06:26:23.823,25.7,101.2
2024-06-01 06:26:31.843,25.7,101.2
2024-06-01 06:26:39.839,25.7,101.2
2024-06-01 06:26:47.908,25.7,101.2
2024-06-01 06:26:55.925,25.7,101.2
2024-06-01 06:27:03.836,25.7,101.2
2024-06-01 06:27:11.900,25.7,101.2
2024-06-01 06:27:19.904,25.7,101.2
2024-06-01 06:27:27.871,25.7,101.2
2024-06-01 06:27:35.788,25.7,101.2
2024-06-01 06:27:43.740,25.7,101.2
2024-06-01 06:27:51.751,25.7,101.2
2024-06-01 06:27:59.878,25.7,101.2
2024-06-01 06:28:07.813,25.6,101.2
2024-06-01 06:28:15.802,25.6,101.2
2024-06-01 06:28:23.857,25.6,101.2
2024-06-01 06:28:31.896,25.6,101.2
2024-06-01 06:28:39.928,25.6,101.2
2024-06-01 06:28:47.910,25.6,101.2
2024-06-01 06:28:55.836,25.6,101.2
2024-06-01 06:29:03.737,25.6,101.2
2024-06-01 06:29:11.670,25.6,101.2
2024-06-01 06:29:19.644,25.6,101.2
2024-06-01 06:29:27.756,25.6,101.2
2024-06-01 06:29:35.712,25.7,101.2
2024-06-01 06:29:43.869,25.7,101.2
2024-06-01 06:29:51.952,25.7,101.2
2024-06-01 06:29:59.918,25.7,101.2
2024-06-01 06:30:07.915,25.7,101.2
2024-06-01 06:30:15.904,25.6,101.2
2024-06-01 06:30:23.966,25.6,101.2
2024-06-01 06:30:31.991,25.6,101.2
2024-06-01 06:30:40.073,25.7,101.2
2024-06-01 06:30:48.098,25.7,101.2
2024-06-01 06:30:56.162,25.7,101.2
2024-06-01 06:31:04.130,25.6,101.2
2024-06-01 06:31:12.130,25.7,101.2
2024-06-01 06:31:20.116,25.6,101.2
2024-06-01 06:31:28.178,25.6,101.2
2024-06-01 06:31:36.199,25.6,101.2
2024-06-01 06:31:44.354,25.6,101.2
2024-06-01 06:31:52.287,25.6,101.2
2024-06-01 06:32:00.234,25.6,101.2
2024-06-01 06:32:08.333,25.7,101.2
2024-06-01 06:32:16.303,25.6,101.2
2024-06-01 06:32:24.283,25.7,101.2
2024-06-01 06:32:32.257,25.7,101.2
2024-06-01 06:32:40.289,25.7,101.2
2024-06-01 06:32:48.343,25.7,101.2
2024-06-01 06:32:56.263,25.7,101.2
2024-06-01 06:33:04.187,25.7,101.2
2024-06-01 06:33:12.142,25.7,101.2
2024-06-01 06:33:20.155,25.6,101.2
2024-06-01 06:33:28.176,25.6,101.2
2024-06-01 06:33:36.221,25.7,101.2
2024-06-01 06:33:44.252,25.6,101.2
2024-06-01 06:33:52.200,25.7,101.2
2024-06-01 06:34:00.182,25.6,101.2
2024-06-01 06:34:08.284,25.6,101.2
2024-06-01 06:34:16.367,25.6,101.2
2024-06-01 06:34:24.338,25.6,101.2
2024-06-01 06:34:32.350,25.6,101.2
2024-06-01 06:34:40.394,25.6,101.2
2024-06-01 06:34:48.298,25.6,101.2
2024-06-01 06:34:56.346,25.6,101.2
2024-06-01 06:35:04.450,25.7,101.2
2024-06-01 06:35:12.425,25.6,101.2
2024-06-01 06:35:20.500,25.6,101.2
2024-06-01 06:35:28.394,25.6,101.2
2024-06-01 06:35:36.417,25.6,101.2
2024-06-01 06:35:44.382,25.6,101.2
2024-06-01 06:35:52.281,25.6,101.2
2024-06-01 06:36:00.229,25.6,101.2
2024-06-01 06:36:08.258,25.6,101.2
2024-06-01 06:36:16.370,25.6,101.2
2024-06-01 06:36:24.428,25.6,101.2
2024-06-01 06:36:32.355,25.6,101.2
2024-06-01 06:36:40.402,25.6,101.2
2024-06-01 06:36:48.369,25.6,101.2
2024-06-01 06:36:56.330,25.6,101.2
2024-06-01 06:37:04.377,25.6,101.2
2024-06-01 06:37:12.389,25.6,101.2
2024-06-01 06:37:20.400,25.6,101.2
2024-06-01 06:37:28.307,25.6,101.2
2024-06-01 06:37:36.436,25.6,101.2
2024-06-01 06:37:44.500,25.6,101.2
2024-06-01 06:37:52.472,25.6,101.2
2024-06-01 06:38:00.469,25.6,101.2
2024-06-01 06:38:08.529,25.6,101.2
2024-06-01 06:38:16.443,25.6,101.2
2024-06-01 06:38:24.352,25.7,101.2
2024-06-01 06:38:32.360,25.7,101.2
2024-06-01 06:38:40.567,25.7,101.2
2024-06-01 06:38:48.356,25.7,101.2
2024-06-01 06:38:56.467,25.7,101.2
2024-06-01 06:39:04.359,25.6,101.2
2024-06-01 06:39:12.381,25.7,101.2
2024-06-01 06:39:20.522,25.7,101.2
2024-06-01 06:39:28.579,25.7,101.2
2024-06-01 06:39:36.590,25.7,101.2
2024-06-01 06:39:44.586,25.7,101.2
2024-06-01 06:39:52.641,25.7,101.2
2024-06-01 06:40:00.712,25.7,101.2
2024-06-01 06:40:08.803,25.7,101.2
2024-06-01 06:40:16.895,25.7,101.2
2024-06-01 06:40:24.833,25.7,101.2
2024-06-01 06:40:33.032,25.7,101.2
2024-06-01 06:40:40.983,25.7,101.2
2024-06-01 06:40:48.990,25.7,101.2
2024-06-01 06:40:56.917,25.7,101.2
2024-06-01 06:41:04.947,25.7,101.2
2024-06-01 06:41:12.913,25.7,101.2
2024-06-01 06:41:20.968,25.6,101.2
2024-06-01 06:41:28.917,25.7,101.2
2024-06-01 06:41:36.945,25.6,101.2
2024-06-01 06:41:44.871,25.7,101.2
2024-06-01 06:41:52.835,25.7,101.2
2024-06-01 06:42:00.823,25.7,101.2
2024-06-01 06:42:08.761,25.7,101.2
2024-06-01 06:42:16.836,25.7,101.2
2024-06-01 06:42:24.883,25.7,101.2
2024-06-01 06:42:32.845,25.7,101.2
2024-06-01 06:42:40.832,25.6,101.2
2024-06-01 06:42:48.777,25.7,101.2
2024-06-01 06:42:56.916,25.7,101.2
2024-06-01 06:43:04.831,25.7,101.2
2024-06-01 06:43:12.934,25.6,101.2
2024-06-01 06:43:20.904,25.7,101.2
2024-06-01 06:43:28.885,25.7,101.2
2024-06-01 06:43:36.859,25.7,101.2
2024-06-01 06:43:44.866,25.7,101.2
2024-06-01 06:43:52.957,25.7,101.2
2024-06-01 06:44:00.978,25.7,101.2
2024-06-01 06:44:08.923,25.8,101.2
2024-06-01 06:44:16.928,25.7,101.2
2024-06-01 06:44:24.857,25.7,101.2
2024-06-01 06:44:32.998,25.7,101.2
2024-06-01 06:44:40.954,25.7,101.3
2024-06-01 06:44:48.983,25.8,101.3
2024-06-01 06:44:56.991,25.8,101.3
2024-06-01 06:45:04.982,25.8,101.3
2024-06-01 06:45:13.074,25.8,101.3
2024-06-01 06:45:21.010,25.7,101.3
2024-06-01 06:45:29.005,25.7,101.3
2024-06-01 06:45:37.112,25.7,101.3
2024-06-01 06:45:45.088,25.7,101.3
2024-06-01 06:45:53.118,25.7,101.3
2024-06-01 06:46:01.087,25.7,101.3
2024-06-01 06:46:09.049,25.8,101.3
2024-06-01 06:46:17.027,25.7,101.3
2024-06-01 06:46:25.000,25.7,101.3
2024-06-01 06:46:33.069,25.7,101.3
2024-06-01 06:46:41.107,25.7,101.3
2024-06-01 06:46:49.148,25.7,101.3
2024-06-01 06:46:57.314,25.7,101.3
2024-06-01 06:47:05.389,25.7,101.3
2024-06-01 06:47:13.439,25.7,101.3
2024-06-01 06:47:21.449,25.6,101.3
2024-06-01 06:47:29.419,25.7,101.3
2024-06-01 06:47:37.486,25.7,101.3
2024-06-01 06:47:45.502,25.7,101.3
2024-06-01 06:47:53.593,25.7,101.3
2024-06-01 06:48:01.521,25.7,101.3
2024-06-01 06:48:09.501,25.7,101.3
2024-06-01 06:48:17.439,25.7,101.3
2024-06-01 06:48:25.353,25.7,101.3
2024-06-01 06:48:33.396,25.6,101.3
2024-06-01 06:48:41.471,25.6,101.3
2024-06-01 06:48:49.530,25.6,101.3
2024-06-01 06:48:57.432,25.7,101.3
2024-06-01 06:49:05.528,25.6,101.3
2024-06-01 06:49:13.412,25.7,101.3
2024-06-01 06:49:21.418,25.7,101.3
2024-06-01 06:49:29.405,25.7,101.3
2024-06-01 06:49:37.443,25.7,101.3
2024-06-01 06:49:45.490,25.7,101.3
2024-06-01 06:49:53.562,25.7,101.3
2024-06-01 06:50:01.511,25.6,101.3
2024-06-01 06:50:09.578,25.7,101.3
2024-06-01 06:50:17.548,25.7,101.3
2024-06-01 06:50:25.538,25.6,101.3
2024-06-01 06:50:33.584,25.6,101.3
2024-06-01 06:50:41.500,25.6,101.3
2024-06-01 06:50:49.579,25.7,101.3
2024-06-01 06:50:57.607,25.7,101.3
2024-06-01 06:51:05.616,25.7,101.3
2024-06-01 06:51:13.668,25.6,101.3
2024-06-01 06:51:21.696,25.7,101.3
2024-06-01 06:51:29.620,25.7,101.3
2024-06-01 06:51:37.614,25.7,101.3
2024-06-01 06:51:45.620,25.7,101.3
2024-06-01 06:51:53.623,25.7,101.3
2024-06-01 06:52:01.609,25.7,101.3
2024-06-01 06:52:09.675,25.7,101.3
2024-06-01 06:52:17.643,25.7,101.3
2024-06-01 06:52:25.666,25.7,101.3
2024-06-01 06:52:33.552,25.7,101.3
2024-06-01 06:52:41.537,25.7,101.3
2024-06-01 06:52:49.612,25.7,101.3
2024-06-01 06:52:57.557,25.7,101.3
2024-06-01 06:53:05.619,25.7,101.3
2024-06-01 06:53:13.622,25.7,101.3
2024-06-01 06:53:21.663,25.7,101.3
2024-06-01 06:53:29.553,25.6,101.3
2024-06-01 06:53:37.560,25.7,101.3
2024-06-01 06:53:45.551,25.7,101.3
2024-06-01 06:53:53.555,25.7,101.3
2024-06-01 06:54:01.594,25.7,101.3
2024-06-01 06:54:09.499,25.7,101.3
2024-06-01 06:54:17.564,25.7,101.3
2024-06-01 06:54:25.496,25.7,101.3
2024-06-01 06:54:33.534,25.7,101.3
2024-06-01 06:54:41.492,25.7,101.3
2024-06-01 06:54:49.519,25.7,101.3
2024-06-01 06:54:57.532,25.7,101.3
2024-06-01 06:55:05.580,25.7,101.3
2024-06-01 06:55:13.512,25.7,101.3
2024-06-01 06:55:21.488,25.6,101.3
2024-06-01 06:55:29.454,25.7,101.3
2024-06-01 06:55:37.477,25.7,101.3
2024-06-01 06:55:45.418,25.7,101.3
2024-06-01 06:55:53.512,25.7,101.3
2024-06-01 06:56:01.583,25.7,101.3
2024-06-01 06:56:09.549,25.7,101.3
2024-06-01 06:56:17.161,25.7,101.3
2024-06-01 06:56:24.711,25.7,101.3
2024-06-01 06:56:32.372,25.7,101.3
2024-06-01 06:56:40.052,25.7,101.3
2024-06-01 06:56:47.587,25.7,101.3
2024-06-01 06:56:55.072,25.7,101.3
2024-06-01 06:57:02.666,25.7,101.3
2024-06-01 06:57:10.180,25.7,101.3
2024-06-01 06:57:17.686,25.7,101.3
2024-06-01 06:57:25.235,25.7,101.3
2024-06-01 06:57:32.750,25.7,101.3
2024-06-01 06:57:40.218,25.7,101.3
2024-06-01 06:57:47.695,25.7,101.3
2024-06-01 06:57:55.340,25.7,101.3
2024-06-01 06:58:02.966,25.7,101.3
2024-06-01 06:58:10.373,25.7,101.3
2024-06-01 06:58:18.108,25.7,101.3
2024-06-01 06:58:25.520,25.7,101.3
2024-06-01 06:58:33.079,25.7,101.3
2024-06-01 06:58:40.546,25.7,101.3
2024-06-01 06:58:48.038,25.7,101.3
2024-06-01 06:58:55.570,25.7,101.3
2024-06-01 06:59:03.093,25.7,101.3
2024-06-01 06:59:10.598,25.7,101.3
2024-06-01 06:59:17.945,25.6,101.3
2024-06-01 06:59:25.480,25.7,101.3
2024-06-01 06:59:32.953,25.7,101.3
2024-06-01 06:59:40.584,25.7,101.3
2024-06-01 06:59:48.158,25.7,101.3
2024-06-01 06:59:55.711,25.7,101.3
2024-06-01 07:00:03.199,25.7,101.3
2024-06-01 07:00:10.647,25.7,101.3
2024-06-01 07:00:18.153,25.7,101.3
2024-06-01 07:00:25.613,25.7,101.3
2024-06-01 07:00:33.079,25.7,101.3
2024-06-01 07:00:40.522,25.7,101.3
2024-06-01 07:00:48.041,25.7,101.3
2024-06-01 07:00:55.590,25.6,101.3
2024-06-01 07:01:03.066,25.6,101.3
2024-06-01 07:01:10.612,25.6,101.3
2024-06-01 07:01:18.076,25.7,101.3
2024-06-01 07:01:25.485,25.7,101.3
2024-06-01 07:01:33.048,25.7,101.3
2024-06-01 07:01:40.548,25.7,101.3
2024-06-01 07:01:48.075,25.7,101.3
2024-06-01 07:01:55.499,25.7,101.3
2024-06-01 07:02:03.020,25.7,101.3
2024-06-01 07:02:10.619,25.7,101.3
2024-06-01 07:02:18.096,25.7,101.3
2024-06-01 07:02:25.486,25.7,101.3
2024-06-01 07:02:33.031,25.7,101.3
2024-06-01 07:02:40.454,25.7,101.3
2024-06-01 07:02:48.093,25.7,101.3
2024-06-01 07:02:55.632,25.7,101.3
2024-06-01 07:03:03.058,25.7,101.3
2024-06-01 07:03:10.526,25.7,101.3
2024-06-01 07:03:17.996,25.7,101.3
2024-06-01 07:03:25.448,25.7,101.3
2024-06-01 07:03:32.931,25.7,101.3
2024-06-01 07:03:40.415,25.7,101.3
2024-06-01 07:03:48.000,25.7,101.3
2024-06-01 07:03:55.439,25.7,101.3
2024-06-01 07:04:03.013,25.7,101.3
2024-06-01 07:04:10.439,25.7,101.3
2024-06-01 07:04:17.922,25.8,101.3
2024-06-01 07:04:25.411,25.7,101.3
2024-06-01 07:04:33.009,25.7,101.3
2024-06-01 07:04:40.537,25.7,101.3
2024-06-01 07:04:48.057,25.7,101.3
2024-06-01 07:04:55.555,25.7,101.3
2024-06-01 07:05:02.947,25.7,101.3
2024-06-01 07:05:10.488,25.7,101.3
2024-06-01 07:05:18.066,25.7,101.3
2024-06-01 07:05:25.622,25.7,101.3
2024-06-01 07:05:33.043,25.7,101.3
2024-06-01 07:05:40.528,25.7,101.3
2024-06-01 07:05:48.036,25.7,101.3
2024-06-01 07:05:55.489,25.7,101.3
2024-06-01 07:06:03.035,25.7,101.3
2024-06-01 07:06:10.575,25.7,101.3
2024-06-01 07:06:18.062,25.7,101.3
2024-06-01 07:06:25.595,25.7,101.3
2024-06-01 07:06:33.115,25.7,101.3
2024-06-01 07:06:40.551,25.7,101.3
2024-06-01 07:06:47.950,25.7,101.3
2024-06-01 07:06:55.470,25.7,101.3
2024-06-01 07:07:02.980,25.7,101.3
2024-06-01 07:07:10.533,25.7,101.3
2024-06-01 07:07:17.978,25.7,101.3
2024-06-01 07:07:25.481,25.7,101.3
2024-06-01 07:07:32.978,25.7,101.3
2024-06-01 07:07:40.548,25.7,101.3
2024-06-01 07:07:48.002,25.7,101.3
2024-06-01 07:07:55.465,25.7,101.3
2024-06-01 07:08:03.022,25.7,101.3
2024-06-01 07:08:10.484,25.7,101.3
2024-06-01 07:08:17.938,25.7,101.3
2024-06-01 07:08:25.451,25.7,101.3
2024-06-01 07:08:33.012,25.7,101.3
2024-06-01 07:08:40.524,25.7,101.3
2024-06-01 07:08:48.076,25.7,101.3
2024-06-01 07:08:55.553,25.7,101.3
2024-06-01 07:09:02.980,25.7,101.3
2024-06-01 07:09:10.511,25.7,101.3
2024-06-01 07:09:17.948,25.7,101.3
2024-06-01 07:09:25.613,25.7,101.3
2024-06-01 07:09:33.005,25.7,101.3
2024-06-01 07:09:40.522,25.7,101.3
2024-06-01 07:09:48.058,25.7,101.3
2024-06-01 07:09:55.497,25.7,101.3
2024-06-01 07:10:03.015,25.7,101.3
2024-06-01 07:10:10.536,25.7,101.3
2024-06-01 07:10:18.095,25.7,101.3
2024-06-01 07:10:25.528,25.7,101.3
2024-06-01 07:10:32.960,25.7,101.3
2024-06-01 07:10:40.479,25.7,101.3
2024-06-01 07:10:47.932,25.7,101.3
2024-06-01 07:10:55.455,25.7,101.3
2024-06-01 07:11:02.923,25.7,101.3
2024-06-01 07:11:10.507,25.7,101.3
2024-06-01 07:11:18.086,25.8,101.3
2024-06-01 07:11:25.615,25.8,101.3
2024-06-01 07:11:33.119,25.7,101.3
2024-06-01 07:11:40.543,25.7,101.3
2024-06-01 07:11:48.024,25.7,101.3
2024-06-01 07:11:55.543,25.7,101.3
2024-06-01 07:12:03.158,25.7,101.3
2024-06-01 07:12:10.664,25.7,101.3
2024-06-01 07:12:18.141,25.6,101.3
2024-06-01 07:12:25.532,25.7,101.3
2024-06-01 07:12:33.027,25.7,101.3
2024-06-01 07:12:40.542,25.7,101.3
2024-06-01 07:12:48.125,25.7,101.3
2024-06-01 07:12:55.612,25.7,101.3
2024-06-01 07:13:03.143,25.7,101.3
2024-06-01 07:13:10.553,25.7,101.3
2024-06-01 07:13:18.010,25.7,101.3
2024-06-01 07:13:25.540,25.7,101.3
2024-06-01 07:13:32.868,25.7,101.3
2024-06-01 07:13:40.435,25.7,101.3
2024-06-01 07:13:47.804,25.7,101.3
2024-06-01 07:13:55.239,25.7,101.3
2024-06-01 07:14:02.639,25.7,101.3
2024-06-01 07:14:10.063,25.7,101.3
2024-06-01 07:14:17.566,25.7,101.3
2024-06-01 07:14:24.983,25.7,101.3
2024-06-01 07:14:32.479,25.7,101.3
2024-06-01 07:14:39.926,25.8,101.3
2024-06-01 07:14:47.511,25.8,101.3
2024-06-01 07:14:54.972,25.8,101.3
2024-06-01 07:15:02.416,25.8,101.3
2024-06-01 07:15:09.843,25.8,101.3
2024-06-01 07:15:17.304,25.7,101.3
2024-06-01 07:15:24.733,25.8,101.3
2024-06-01 07:15:32.261,25.7,101.3
2024-06-01 07:15:39.767,25.7,101.3
2024-06-01 07:15:47.191,25.7,101.3
2024-06-01 07:15:54.724,25.7,101.3
2024-06-01 07:16:02.099,25.7,101.3
2024-06-01 07:16:09.683,25.7,101.3
2024-06-01 07:16:17.120,25.7,101.3
2024-06-01 07:16:24.587,25.6,101.3
2024-06-01 07:16:32.090,25.7,101.3
2024-06-01 07:16:39.504,25.7,101.3
2024-06-01 07:16:47.006,25.7,101.3
2024-06-01 07:16:54.473,25.7,101.3
2024-06-01 07:17:01.977,25.7,101.3
2024-06-01 07:17:09.486,25.7,101.3
2024-06-01 07:17:17.076,25.7,101.3
2024-06-01 07:17:24.572,25.7,101.3
2024-06-01 07:17:32.146,25.7,101.3
2024-06-01 07:17:39.613,25.7,101.3
2024-06-01 07:17:47.020,25.7,101.3
2024-06-01 07:17:54.530,25.7,101.3
2024-06-01 07:18:02.066,25.7,101.3
2024-06-01 07:18:09.520,25.7,101.3
2024-06-01 07:18:16.936,25.7,101.3
2024-06-01 07:18:24.336,25.7,101.3
2024-06-01 07:18:31.790,25.7,101.3
2024-06-01 07:18:39.180,25.7,101.3
2024-06-01 07:18:46.713,25.7,101.3
2024-06-01 07:18:54.251,25.7,101.3
2024-06-01 07:19:01.652,25.7,101.3
2024-06-01 07:19:09.117,25.7,101.3
2024-06-01 07:19:16.582,25.7,101.3
2024-06-01 07:19:24.119,25.7,101.3
2024-06-01 07:19:31.571,25.8,101.3
2024-06-01 07:19:39.109,25.7,101.3
2024-06-01 07:19:46.612,25.7,101.3
2024-06-01 07:19:54.274,25.8,101.3
2024-06-01 07:20:01.626,25.7,101.3
2024-06-01 07:20:09.163,25.7,101.3
2024-06-01 07:20:16.685,25.7,101.3
2024-06-01 07:20:24.206,25.7,101.3
2024-06-01 07:20:31.597,25.7,101.3
2024-06-01 07:20:39.220,25.7,101.3
2024-06-01 07:20:46.723,25.7,101.3
2024-06-01 07:20:54.275,25.7,101.3
2024-06-01 07:21:01.637,25.7,101.3
2024-06-01 07:21:09.105,25.7,101.3
2024-06-01 07:21:16.633,25.7,101.3
2024-06-01 07:21:24.160,25.7,101.3
2024-06-01 07:21:31.793,25.7,101.3
2024-06-01 07:21:39.233,25.7,101.3
2024-06-01 07:21:46.722,25.8,101.3
2024-06-01 07:21:54.107,25.8,101.3
2024-06-01 07:22:01.581,25.7,101.3
2024-06-01 07:22:09.107,25.7,101.3
2024-06-01 07:22:16.739,25.7,101.3
2024-06-01 07:22:24.344,25.7,101.3
2024-06-01 07:22:31.748,25.7,101.3
2024-06-01 07:22:39.272,25.7,101.3
2024-06-01 07:22:46.808,25.7,101.3
2024-06-01 07:22:54.242,25.7,101.3
2024-06-01 07:23:01.869,25.7,101.3
2024-06-01 07:23:09.301,25.7,101.3
2024-06-01 07:23:16.822,25.8,101.3
2024-06-01 07:23:24.343,25.8,101.3
2024-06-01 07:23:31.744,25.8,101.3
2024-06-01 07:23:39.276,25.8,101.3
2024-06-01 07:23:46.668,25.7,101.3
2024-06-01 07:23:54.157,25.7,101.3
2024-06-01 07:24:01.764,25.7,101.3
2024-06-01 07:24:09.243,25.7,101.3
2024-06-01 07:24:16.750,25.7,101.3
2024-06-01 07:24:24.267,25.7,101.3
2024-06-01 07:24:31.705,25.7,101.3
2024-06-01 07:24:39.323,25.8,101.3
2024-06-01 07:24:46.705,25.8,101.3
2024-06-01 07:24:54.257,25.8,101.3
2024-06-01 07:25:01.832,25.8,101.3
2024-06-01 07:25:09.281,25.8,101.3
2024-06-01 07:25:16.813,25.8,101.3
2024-06-01 07:25:24.343,25.7,101.3
2024-06-01 07:25:31.814,25.7,101.3
2024-06-01 07:25:39.285,25.7,101.3
2024-06-01 07:25:46.780,25.7,101.3
2024-06-01 07:25:54.307,25.8,101.3
2024-06-01 07:26:01.889,25.7,101.3
2024-06-01 07:26:09.437,25.8,101.3
2024-06-01 07:26:16.888,25.7,101.3
2024-06-01 07:26:24.279,25.8,101.3
2024-06-01 07:26:31.834,25.8,101.3
2024-06-01 07:26:39.442,25.8,101.3
2024-06-01 07:26:46.890,25.8,101.3
2024-06-01 07:26:54.359,25.8,101.3
2024-06-01 07:27:01.953,25.7,101.3
2024-06-01 07:27:09.413,25.7,101.3
2024-06-01 07:27:16.944,25.7,101.3
2024-06-01 07:27:24.493,25.7,101.3
2024-06-01 07:27:32.056,25.8,101.3
2024-06-01 07:27:39.542,25.7,101.3
2024-06-01 07:27:47.070,25.8,101.3
2024-06-01 07:27:54.560,25.7,101.3
2024-06-01 07:28:01.972,25.7,101.3
2024-06-01 07:28:09.531,25.7,101.3
2024-06-01 07:28:16.906,25.7,101.3
2024-06-01 07:28:24.456,25.7,101.3
2024-06-01 07:28:32.003,25.7,101.3
2024-06-01 07:28:39.494,25.7,101.3
2024-06-01 07:28:46.934,25.7,101.3
2024-06-01 07:28:54.445,25.7,101.3
2024-06-01 07:29:02.006,25.8,101.3
2024-06-01 07:29:09.521,25.8,101.3
2024-06-01 07:29:17.014,25.7,101.3
2024-06-01 07:29:24.579,25.7,101.3
2024-06-01 07:29:32.072,25.8,101.3
2024-06-01 07:29:39.594,25.8,101.3
2024-06-01 07:29:47.145,25.8,101.3
2024-06-01 07:29:54.697,25.8,101.3
2024-06-01 07:30:02.251,25.8,101.3
2024-06-01 07:30:09.801,25.8,101.3
2024-06-01 07:30:17.394,25.7,101.3
2024-06-01 07:30:24.982,25.7,101.3
2024-06-01 07:30:32.363,25.8,101.3
2024-06-01 07:30:39.775,25.8,101.3
2024-06-01 07:30:47.351,25.8,101.3
2024-06-01 07:30:54.835,25.8,101.3
2024-06-01 07:31:02.349,25.8,101.3
2024-06-01 07:31:09.990,25.8,101.3
2024-06-01 07:31:17.442,25.8,101.3
2024-06-01 07:31:25.005,25.8,101.3
2024-06-01 07:31:32.446,25.8,101.3
2024-06-01 07:31:39.937,25.8,101.3
2024-06-01 07:31:47.541,25.8,101.3
2024-06-01 07:31:55.020,25.8,101.3
2024-06-01 07:32:02.494,25.8,101.3
2024-06-01 07:32:10.110,25.7,101.3
2024-06-01 07:32:17.734,25.7,101.3
2024-06-01 07:32:25.305,25.7,101.3
2024-06-01 07:32:32.934,25.7,101.3
2024-06-01 07:32:40.474,25.8,101.3
2024-06-01 07:32:47.984,25.8,101.3
2024-06-01 07:32:55.500,25.8,101.3
2024-06-01 07:33:03.099,25.8,101.3
2024-06-01 07:33:10.676,25.7,101.3
2024-06-01 07:33:18.231,25.7,101.3
2024-06-01 07:33:25.866,25.8,101.3
2024-06-01 07:33:33.375,25.8,101.3
2024-06-01 07:33:40.970,25.8,101.3
2024-06-01 07:33:48.443,25.8,101.3
2024-06-01 07:33:55.964,25.8,101.3
2024-06-01 07:34:03.550,25.8,101.3
2024-06-01 07:34:11.027,25.8,101.3
2024-06-01 07:34:18.523,25.8,101.3
2024-06-01 07:34:25.999,25.8,101.3
2024-06-01 07:34:33.516,25.8,101.3
2024-06-01 07:34:41.001,25.8,101.3
2024-06-01 07:34:48.491,25.8,101.3
2024-06-01 07:34:56.049,25.8,101.3
2024-06-01 07:35:03.453,25.8,101.3
2024-06-01 07:35:10.962,25.8,101.3
2024-06-01 07:35:18.489,25.8,101.3
2024-06-01 07:35:25.917,25.8,101.3
2024-06-01 07:35:33.394,25.8,101.3
2024-06-01 07:35:40.874,25.8,101.3
2024-06-01 07:35:48.405,25.8,101.3
2024-06-01 07:35:55.919,25.8,101.3
2024-06-01 07:36:03.538,25.7,101.3
2024-06-01 07:36:10.974,25.8,101.3
2024-06-01 07:36:18.553,25.8,101.3
2024-06-01 07:36:25.904,25.8,101.3
2024-06-01 07:36:33.457,25.8,101.3
2024-06-01 07:36:40.863,25.8,101.3
2024-06-01 07:36:48.499,25.7,101.3
2024-06-01 07:36:56.005,25.7,101.3
2024-06-01 07:37:03.479,25.7,101.3
2024-06-01 07:37:11.068,25.7,101.3
2024-06-01 07:37:18.476,25.7,101.3
2024-06-01 07:37:25.925,25.7,101.3
2024-06-01 07:37:33.460,25.8,101.3
2024-06-01 07:37:41.082,25.8,101.3
2024-06-01 07:37:48.651,25.8,101.3
2024-06-01 07:37:56.177,25.8,101.3
2024-06-01 07:38:03.764,25.8,101.3
2024-06-01 07:38:11.393,25.7,101.3
2024-06-01 07:38:18.818,25.8,101.3
2024-06-01 07:38:26.455,25.8,101.3
2024-06-01 07:38:34.012,25.7,101.3
2024-06-01 07:38:41.552,25.7,101.3
2024-06-01 07:38:49.045,25.7,101.3
2024-06-01 07:38:56.557,25.7,101.3
2024-06-01 07:39:04.107,25.8,101.3
2024-06-01 07:39:11.665,25.8,101.3
2024-06-01 07:39:19.226,25.8,101.3
2024-06-01 07:39:26.711,25.8,101.3
2024-06-01 07:39:34.288,25.8,101.3
2024-06-01 07:39:41.918,25.8,101.3
2024-06-01 07:39:49.404,25.8,101.3
2024-06-01 07:39:57.000,25.8,101.3
2024-06-01 07:40:04.535,25.8,101.3
2024-06-01 07:40:12.040,25.8,101.3
2024-06-01 07:40:19.540,25.8,101.3
2024-06-01 07:40:27.116,25.8,101.3
2024-06-01 07:40:34.697,25.8,101.3
2024-06-01 07:40:42.276,25.8,101.3
2024-06-01 07:40:49.889,25.8,101.3
2024-06-01 07:40:57.438,25.8,101.3
2024-06-01 07:41:04.942,25.8,101.3
2024-06-01 07:41:12.475,25.8,101.3
2024-06-01 07:41:20.034,25.8,101.3
2024-06-01 07:41:27.611,25.8,101.3
2024-06-01 07:41:35.163,25.8,101.3
2024-06-01 07:41:42.791,25.8,101.3
2024-06-01 07:41:50.412,25.9,101.3
2024-06-01 07:41:57.893,25.9,101.3
2024-06-01 07:42:05.462,25.8,101.3
2024-06-01 07:42:13.001,25.8,101.3
2024-06-01 07:42:20.548,25.8,101.3
2024-06-01 07:42:28.081,25.8,101.3
2024-06-01 07:42:35.539,25.8,101.3
2024-06-01 07:42:43.046,25.8,101.3
2024-06-01 07:42:50.635,25.8,101.3
2024-06-01 07:42:58.190,25.8,101.3
2024-06-01 07:43:05.763,25.8,101.3
2024-06-01 07:43:13.379,25.8,101.3
2024-06-01 07:43:20.938,25.8,101.3
2024-06-01 07:43:28.465,25.8,101.3
2024-06-01 07:43:36.041,25.8,101.3
2024-06-01 07:43:43.601,25.9,101.3
2024-06-01 07:43:51.051,25.8,101.3
2024-06-01 07:43:58.585,25.8,101.3
2024-06-01 07:44:06.114,25.9,101.3
2024-06-01 07:44:13.662,25.8,101.3
2024-06-01 07:44:21.201,25.8,101.3
2024-06-01 07:44:28.797,25.8,101.3
2024-06-01 07:44:36.363,25.8,101.3
2024-06-01 07:44:44.022,25.8,101.3
2024-06-01 07:44:51.507,25.8,101.3
2024-06-01 07:44:58.972,25.8,101.3
2024-06-01 07:45:06.482,25.8,101.3
2024-06-01 07:45:13.979,25.8,101.3
2024-06-01 07:45:21.604,25.8,101.3
2024-06-01 07:45:29.033,25.8,101.3
2024-06-01 07:45:36.551,25.8,101.3
2024-06-01 07:45:44.059,25.8,101.3
2024-06-01 07:45:51.522,25.8,101.3
2024-06-01 07:45:59.152,25.8,101.3
2024-06-01 07:46:06.602,25.8,101.3
2024-06-01 07:46:14.111,25.9,101.3
2024-06-01 07:46:21.590,25.9,101.3
2024-06-01 07:46:29.055,25.9,101.3
2024-06-01 07:46:36.530,25.9,101.3
2024-06-01 07:46:44.060,25.8,101.3
2024-06-01 07:46:51.616,25.8,101.3
2024-06-01 07:46:59.088,25.8,101.3
2024-06-01 07:47:06.647,25.8,101.3
2024-06-01 07:47:14.118,25.8,101.3
2024-06-01 07:47:21.559,25.8,101.3
2024-06-01 07:47:29.034,25.8,101.3
2024-06-01 07:47:36.701,25.8,101.3
2024-06-01 07:47:44.285,25.8,101.3
2024-06-01 07:47:51.844,25.8,101.3
2024-06-01 07:47:59.475,25.8,101.3
2024-06-01 07:48:07.027,25.8,101.3
2024-06-01 07:48:14.510,25.8,101.3
2024-06-01 07:48:21.997,25.7,101.3
2024-06-01 07:48:29.538,25.8,101.3
2024-06-01 07:48:37.090,25.8,101.3
2024-06-01 07:48:44.640,25.8,101.3
2024-06-01 07:48:52.271,25.8,101.3
2024-06-01 07:48:59.802,25.8,101.3
2024-06-01 07:49:07.446,25.8,101.3
2024-06-01 07:49:14.960,25.9,101.3
2024-06-01 07:49:22.508,25.9,101.3
2024-06-01 07:49:30.116,25.8,101.3
2024-06-01 07:49:37.667,25.9,101.3
2024-06-01 07:49:45.177,25.9,101.3
2024-06-01 07:49:52.784,25.8,101.3
2024-06-01 07:50:00.417,25.8,101.3
2024-06-01 07:50:08.032,25.8,101.3
2024-06-01 07:50:15.560,25.9,101.3
2024-06-01 07:50:23.207,25.9,101.3
2024-06-01 07:50:30.536,25.8,101.3
2024-06-01 07:50:38.084,25.8,101.3
2024-06-01 07:50:45.585,25.8,101.3
2024-06-01 07:50:53.046,25.8,101.3
2024-06-01 07:51:00.625,25.8,101.3
2024-06-01 07:51:08.162,25.8,101.3
2024-06-01 07:51:15.699,25.8,101.3
2024-06-01 07:51:23.242,25.8,101.3
2024-06-01 07:51:30.980,25.8,101.3
2024-06-01 07:51:38.527,25.8,101.3
2024-06-01 07:51:46.016,25.8,101.3
2024-06-01 07:51:53.602,25.8,101.3
2024-06-01 07:52:01.188,25.8,101.3
2024-06-01 07:52:08.649,25.8,101.3
2024-06-01 07:52:16.215,25.8,101.3
2024-06-01 07:52:23.801,25.8,101.3
2024-06-01 07:52:31.405,25.9,101.3
2024-06-01 07:52:38.952,25.9,101.3
2024-06-01 07:52:46.569,25.8,101.3
2024-06-01 07:52:54.033,25.8,101.3
2024-06-01 07:53:01.613,25.8,101.3
2024-06-01 07:53:09.197,25.8,101.3
2024-06-01 07:53:16.711,25.8,101.3
2024-06-01 07:53:24.140,25.8,101.3
2024-06-01 07:53:31.635,25.8,101.3
2024-06-01 07:53:39.206,25.8,101.3
2024-06-01 07:53:46.708,25.8,101.3
2024-06-01 07:53:54.167,25.8,101.3
2024-06-01 07:54:01.700,25.8,101.3
2024-06-01 07:54:09.270,25.8,101.3
2024-06-01 07:54:16.792,25.8,101.3
2024-06-01 07:54:24.392,25.8,101.3
2024-06-01 07:54:31.994,25.8,101.3
2024-06-01 07:54:39.532,25.8,101.3
2024-06-01 07:54:47.038,25.8,101.3
2024-06-01 07:54:54.671,25.8,101.3
2024-06-01 07:55:02.174,25.8,101.3
2024-06-01 07:55:09.722,25.8,101.3
2024-06-01 07:55:17.245,25.8,101.3
2024-06-01 07:55:24.763,25.8,101.3
2024-06-01 07:55:32.344,25.8,101.3
2024-06-01 07:55:39.961,25.8,101.3
2024-06-01 07:55:47.630,25.9,101.3
2024-06-01 07:55:55.171,25.8,101.3
2024-06-01 07:56:02.706,25.9,101.3
2024-06-01 07:56:10.136,25.9,101.3
2024-06-01 07:56:17.728,25.9,101.3
2024-06-01 07:56:25.140,25.9,101.3
2024-06-01 07:56:32.754,25.9,101.3
2024-06-01 07:56:40.348,25.9,101.3
2024-06-01 07:56:47.897,25.9,101.3
2024-06-01 07:56:55.480,25.9,101.3
2024-06-01 07:57:03.071,25.9,101.3
2024-06-01 07:57:10.583,25.9,101.3
2024-06-01 07:57:18.151,25.9,101.3
2024-06-01 07:57:25.653,25.9,101.3
2024-06-01 07:57:33.218,25.8,101.3
2024-06-01 07:57:40.714,25.8,101.3
2024-06-01 07:57:48.233,25.8,101.3
2024-06-01 07:57:55.766,25.8,101.3
2024-06-01 07:58:03.201,25.9,101.3
2024-06-01 07:58:10.782,25.9,101.3
2024-06-01 07:58:18.364,25.8,101.3
2024-06-01 07:58:25.859,25.8,101.3
2024-06-01 07:58:33.449,25.9,101.3
2024-06-01 07:58:41.103,25.9,101.3
2024-06-01 07:58:48.618,25.8,101.3
2024-06-01 07:58:56.147,25.9,101.3
2024-06-01 07:59:03.698,25.8,101.3
2024-06-01 07:59:11.225,25.8,101.3
2024-06-01 07:59:18.707,25.8,101.3
2024-06-01 07:59:26.264,25.8,101.3
2024-06-01 07:59:33.752,25.8,101.3
2024-06-01 07:59:41.301,25.8,101.3
2024-06-01 07:59:48.882,25.8,101.3
2024-06-01 07:59:56.573,25.8,101.3
2024-06-01 08:00:04.036,25.8,101.3
2024-06-01 08:00:11.630,25.8,101.3
2024-06-01 08:00:19.146,25.8,101.3
2024-06-01 08:00:26.598,25.8,101.3
2024-06-01 08:00:34.091,25.8,101.3
2024-06-01 08:00:41.697,25.8,101.3
2024-06-01 08:00:49.233,25.8,101.3
2024-06-01 08:00:56.692,25.8,101.3
2024-06-01 08:01:04.281,25.9,101.3
2024-06-01 08:01:11.845,25.8,101.3
2024-06-01 08:01:19.430,25.8,101.3
2024-06-01 08:01:27.097,25.9,101.3
2024-06-01 08:01:34.619,25.8,101.3
2024-06-01 08:01:42.170,25.9,101.3
2024-06-01 08:01:49.807,25.9,101.3
2024-06-01 08:01:57.331,25.8,101.3
2024-06-01 08:02:04.873,25.9,101.3
2024-06-01 08:02:12.511,25.9,101.3
2024-06-01 08:02:20.111,25.8,101.3
2024-06-01 08:02:27.598,25.8,101.3
2024-06-01 08:02:35.210,25.9,101.3
2024-06-01 08:02:42.761,25.9,101.3
2024-06-01 08:02:50.265,25.8,101.3
2024-06-01 08:02:57.822,25.8,101.3
2024-06-01 08:03:05.326,25.8,101.3
2024-06-01 08:03:12.883,25.8,101.3
2024-06-01 08:03:20.405,25.8,101.3
2024-06-01 08:03:27.926,25.8,101.3
2024-06-01 08:03:35.559,25.8,101.3
2024-06-01 08:03:43.061,25.8,101.3
2024-06-01 08:03:50.676,25.8,101.3
2024-06-01 08:03:58.269,25.8,101.3
2024-06-01 08:04:05.845,25.8,101.3
2024-06-01 08:04:13.448,25.9,101.3
2024-06-01 08:04:21.037,25.8,101.3
2024-06-01 08:04:28.673,25.8,101.3
2024-06-01 08:04:36.289,25.8,101.3
2024-06-01 08:04:43.870,25.9,101.3
2024-06-01 08:04:51.595,25.8,101.3
2024-06-01 08:04:59.082,25.8,101.3
2024-06-01 08:05:06.668,25.8,101.3
2024-06-01 08:05:14.311,25.9,101.3
2024-06-01 08:05:21.880,25.9,101.3
2024-06-01 08:05:29.464,25.9,101.3
2024-06-01 08:05:37.109,25.8,101.3
2024-06-01 08:05:44.750,25.8,101.3
2024-06-01 08:05:52.282,25.8,101.3
2024-06-01 08:05:59.829,25.8,101.3
2024-06-01 08:06:07.332,25.9,101.3
2024-06-01 08:06:14.870,25.8,101.3
2024-06-01 08:06:22.520,25.8,101.3
2024-06-01 08:06:30.180,25.8,101.3
2024-06-01 08:06:37.694,25.8,101.3
2024-06-01 08:06:45.219,25.8,101.3
2024-06-01 08:06:52.777,25.9,101.3
2024-06-01 08:07:00.378,25.8,101.3
2024-06-01 08:07:07.940,25.9,101.3
2024-06-01 08:07:15.576,25.9,101.3
2024-06-01 08:07:23.161,25.8,101.3
2024-06-01 08:07:30.753,25.9,101.3
2024-06-01 08:07:38.341,25.9,101.3
2024-06-01 08:07:45.871,25.8,101.3
2024-06-01 08:07:53.377,25.8,101.3
2024-06-01 08:08:00.964,25.8,101.3
2024-06-01 08:08:08.589,25.8,101.3
2024-06-01 08:08:16.168,25.8,101.3
2024-06-01 08:08:23.762,25.8,101.3
2024-06-01 08:08:31.262,25.9,101.3
2024-06-01 08:08:38.833,25.8,101.3
2024-06-01 08:08:46.410,25.8,101.3
2024-06-01 08:08:53.911,25.8,101.3
2024-06-01 08:09:01.390,25.8,101.3
2024-06-01 08:09:08.978,25.8,101.3
2024-06-01 08:09:16.630,25.8,101.3
2024-06-01 08:09:24.214,25.8,101.3
2024-06-01 08:09:31.756,25.8,101.3
2024-06-01 08:09:39.302,25.8,101.3
2024-06-01 08:09:46.799,25.8,101.3
2024-06-01 08:09:54.283,25.8,101.3
2024-06-01 08:10:01.866,25.9,101.3
2024-06-01 08:10:09.443,25.9,101.3
2024-06-01 08:10:17.052,25.9,101.3
2024-06-01 08:10:24.663,25.9,101.3
2024-06-01 08:10:32.200,25.9,101.3
2024-06-01 08:10:39.740,25.8,101.3
2024-06-01 08:10:47.371,25.8,101.3
2024-06-01 08:10:54.778,25.8,101.3
2024-06-01 08:11:02.291,25.8,101.3
2024-06-01 08:11:09.843,25.8,101.3
2024-06-01 08:11:17.373,25.8,101.3
2024-06-01 08:11:24.978,25.8,101.3
2024-06-01 08:11:32.562,25.8,101.3
2024-06-01 08:11:40.062,25.8,101.3
2024-06-01 08:11:47.603,25.8,101.3
2024-06-01 08:11:55.195,25.8,101.3
2024-06-01 08:12:02.735,25.8,101.3
2024-06-01 08:12:10.246,25.8,101.3
2024-06-01 08:12:17.731,25.8,101.3
2024-06-01 08:12:25.288,25.8,101.3
2024-06-01 08:12:32.869,25.8,101.3
2024-06-01 08:12:40.363,25.9,101.3
2024-06-01 08:12:47.904,25.9,101.3
2024-06-01 08:12:55.495,25.8,101.3
2024-06-01 08:13:03.013,25.8,101.3
2024-06-01 08:13:10.663,25.8,101.3
2024-06-01 08:13:18.189,25.8,101.3
2024-06-01 08:13:25.821,25.8,101.3
2024-06-01 08:13:33.349,25.8,101.3
2024-06-01 08:13:40.891,25.8,101.3
2024-06-01 08:13:48.473,25.8,101.3
2024-06-01 08:13:55.984,25.8,101.3
2024-06-01 08:14:03.610,25.8,101.3
2024-06-01 08:14:11.182,25.8,101.3
2024-06-01 08:14:18.817,25.8,101.3
2024-06-01 08:14:26.464,25.8,101.3
2024-06-01 08:14:33.997,25.8,101.3
2024-06-01 08:14:41.492,25.8,101.3
2024-06-01 08:14:49.073,25.8,101.3
2024-06-01 08:14:56.628,25.8,101.3
2024-06-01 08:15:04.168,25.8,101.3
2024-06-01 08:15:11.616,25.8,101.3
2024-06-01 08:15:19.271,25.8,101.3
2024-06-01 08:15:26.882,25.8,101.3
2024-06-01 08:15:34.487,25.7,101.3
2024-06-01 08:15:42.078,25.8,101.3
2024-06-01 08:15:49.779,25.8,101.3
2024-06-01 08:15:57.347,25.8,101.3
2024-06-01 08:16:04.949,25.8,101.3
2024-06-01 08:16:12.459,25.8,101.3
2024-06-01 08:16:20.055,25.8,101.3
2024-06-01 08:16:27.709,25.8,101.3
2024-06-01 08:16:35.287,25.8,101.3
2024-06-01 08:16:42.793,25.8,101.3
2024-06-01 08:16:50.337,25.8,101.3
2024-06-01 08:16:57.783,25.8,101.3
2024-06-01 08:17:05.313,25.8,101.3
2024-06-01 08:17:12.981,25.8,101.3
2024-06-01 08:17:20.404,25.8,101.3
2024-06-01 08:17:27.993,25.9,101.3
2024-06-01 08:17:35.542,25.8,101.3
2024-06-01 08:17:43.077,25.8,101.3
2024-06-01 08:17:50.755,25.8,101.3
2024-06-01 08:17:58.360,25.8,101.3
2024-06-01 08:18:05.922,25.8,101.3
2024-06-01 08:18:13.319,25.8,101.3
2024-06-01 08:18:20.941,25.8,101.3
2024-06-01 08:18:28.548,25.8,101.3
2024-06-01 08:18:36.161,25.8,101.3
2024-06-01 08:18:43.654,25.8,101.3
2024-06-01 08:18:51.276,25.8,101.3
2024-06-01 08:18:58.841,25.8,101.3
2024-06-01 08:19:06.420,25.8,101.3
2024-06-01 08:19:14.048,25.8,101.3
2024-06-01 08:19:21.622,25.8,101.3
2024-06-01 08:19:29.210,25.9,101.3
2024-06-01 08:19:36.744,25.9,101.3
2024-06-01 08:19:44.317,25.9,101.3
2024-06-01 08:19:51.872,25.8,101.3
2024-06-01 08:19:59.429,25.8,101.3
2024-06-01 08:20:06.850,25.8,101.3
2024-06-01 08:20:14.471,25.8,101.3
2024-06-01 08:20:22.086,25.8,101.3
2024-06-01 08:20:29.717,25.8,101.3
2024-06-01 08:20:37.218,25.8,101.3
2024-06-01 08:20:44.851,25.8,101.3
2024-06-01 08:20:52.453,25.8,101.3
2024-06-01 08:20:59.954,25.9,101.3
2024-06-01 08:21:07.524,25.8,101.3
2024-06-01 08:21:15.066,25.8,101.3
2024-06-01 08:21:22.740,25.8,101.3
2024-06-01 08:21:30.312,25.9,101.3
2024-06-01 08:21:37.821,25.9,101.3
2024-06-01 08:21:45.464,25.9,101.3
2024-06-01 08:21:52.974,25.8,101.3
2024-06-01 08:22:00.571,25.8,101.3
2024-06-01 08:22:08.227,25.9,101.3
2024-06-01 08:22:15.806,25.9,101.3
2024-06-01 08:22:23.320,25.9,101.3
2024-06-01 08:22:30.822,25.9,101.3
2024-06-01 08:22:38.314,25.9,101.3
2024-06-01 08:22:45.853,25.9,101.3
2024-06-01 08:22:53.388,25.9,101.3
2024-06-01 08:23:00.975,25.9,101.3
2024-06-01 08:23:08.469,25.9,101.3
2024-06-01 08:23:15.995,25.8,101.3
2024-06-01 08:23:23.622,25.8,101.3
2024-06-01 08:23:31.248,25.8,101.3
2024-06-01 08:23:38.976,25.8,101.3
2024-06-01 08:23:46.580,25.8,101.3
2024-06-01 08:23:54.157,25.8,101.3
2024-06-01 08:24:01.721,25.8,101.3
2024-06-01 08:24:09.397,25.8,101.3
2024-06-01 08:24:16.965,25.8,101.3
2024-06-01 08:24:24.559,25.9,101.3
2024-06-01 08:24:32.148,25.9,101.3
2024-06-01 08:24:39.930,25.9,101.3
2024-06-01 08:24:47.373,25.9,101.3
2024-06-01 08:24:54.981,25.8,101.3
2024-06-01 08:25:02.541,25.8,101.3
2024-06-01 08:25:10.234,25.8,101.3
2024-06-01 08:25:17.831,25.8,101.3
2024-06-01 08:25:25.293,25.8,101.3
2024-06-01 08:25:32.938,25.8,101.3
2024-06-01 08:25:40.500,25.9,101.3
2024-06-01 08:25:48.020,25.8,101.3
2024-06-01 08:25:55.377,25.8,101.3
2024-06-01 08:26:02.892,25.9,101.3
2024-06-01 08:26:10.426,25.9,101.3
2024-06-01 08:26:17.958,25.8,101.3
2024-06-01 08:26:25.467,25.8,101.3
2024-06-01 08:26:32.936,25.8,101.3
2024-06-01 08:26:40.548,25.8,101.3
2024-06-01 08:26:48.131,25.9,101.3
2024-06-01 08:26:55.810,25.9,101.3
2024-06-01 08:27:03.406,25.8,101.3
2024-06-01 08:27:10.947,25.8,101.3
2024-06-01 08:27:18.487,25.9,101.3
2024-06-01 08:27:26.015,25.9,101.3
2024-06-01 08:27:33.662,25.8,101.3
2024-06-01 08:27:41.251,25.8,101.3
2024-06-01 08:27:48.856,25.9,101.3
2024-06-01 08:27:56.392,25.8,101.3
2024-06-01 08:28:03.990,25.8,101.3
2024-06-01 08:28:11.502,25.9,101.3
2024-06-01 08:28:19.059,25.9,101.3
2024-06-01 08:28:26.681,25.9,101.3
2024-06-01 08:28:34.288,25.9,101.3
2024-06-01 08:28:41.958,25.9,101.3
2024-06-01 08:28:49.509,25.9,101.3
2024-06-01 08:28:57.031,25.8,101.3
2024-06-01 08:29:04.626,25.8,101.3
2024-06-01 08:29:12.176,25.9,101.3
2024-06-01 08:29:19.853,25.9,101.3
2024-06-01 08:29:27.407,25.9,101.3
2024-06-01 08:29:34.866,25.9,101.3
2024-06-01 08:29:42.339,25.9,101.3
2024-06-01 08:29:49.935,25.9,101.3
2024-06-01 08:29:57.548,25.9,101.3
2024-06-01 08:30:05.107,25.8,101.3
2024-06-01 08:30:12.631,25.9,101.3
2024-06-01 08:30:20.226,25.9,101.3
2024-06-01 08:30:27.743,25.9,101.3
2024-06-01 08:30:35.354,25.9,101.3
2024-06-01 08:30:42.920,25.8,101.3
2024-06-01 08:30:50.396,25.8,101.3
2024-06-01 08:30:57.914,25.8,101.3
2024-06-01 08:31:05.510,25.9,101.3
2024-06-01 08:31:13.098,25.9,101.3
2024-06-01 08:31:20.705,25.8,101.3
2024-06-01 08:31:28.318,25.9,101.3
2024-06-01 08:31:35.884,25.9,101.3
2024-06-01 08:31:43.447,25.9,101.3
2024-06-01 08:31:51.015,25.9,101.3
2024-06-01 08:31:58.523,25.8,101.3
2024-06-01 08:32:06.047,25.9,101.3
2024-06-01 08:32:13.631,25.9,101.3
2024-06-01 08:32:21.218,25.9,101.3
2024-06-01 08:32:28.781,25.9,101.3
2024-06-01 08:32:36.405,25.9,101.3
2024-06-01 08:32:43.998,25.9,101.3
2024-06-01 08:32:51.569,25.9,101.3
2024-06-01 08:32:59.053,25.9,101.3
2024-06-01 08:33:06.608,25.8,101.3
2024-06-01 08:33:14.272,25.8,101.3
2024-06-01 08:33:21.892,25.9,101.3
2024-06-01 08:33:29.419,25.9,101.3
2024-06-01 08:33:37.031,25.9,101.3
2024-06-01 08:33:44.549,25.9,101.3
2024-06-01 08:33:52.037,25.9,101.3
2024-06-01 08:33:59.582,25.9,101.3
2024-06-01 08:34:07.189,25.9,101.3
2024-06-01 08:34:14.791,25.9,101.3
2024-06-01 08:34:22.432,25.8,101.3
2024-06-01 08:34:30.021,25.8,101.3
2024-06-01 08:34:37.557,25.8,101.3
2024-06-01 08:34:45.077,25.8,101.3
2024-06-01 08:34:52.687,25.8,101.3
2024-06-01 08:35:00.357,25.8,101.3
2024-06-01 08:35:07.943,25.8,101.3
2024-06-01 08:35:15.455,25.9,101.3
2024-06-01 08:35:22.967,25.8,101.3
2024-06-01 08:35:30.597,25.8,101.3
2024-06-01 08:35:38.059,25.8,101.3
2024-06-01 08:35:45.486,25.8,101.3
2024-06-01 08:35:52.950,25.8,101.3
2024-06-01 08:36:00.593,25.8,101.3
2024-06-01 08:36:08.166,25.8,101.3
2024-06-01 08:36:15.666,25.9,101.3
2024-06-01 08:36:23.262,25.9,101.3
2024-06-01 08:36:30.928,25.9,101.3
2024-06-01 08:36:38.495,25.9,101.3
2024-06-01 08:36:46.008,25.9,101.3
2024-06-01 08:36:53.573,25.9,101.3
2024-06-01 08:37:01.099,25.9,101.3
2024-06-01 08:37:08.708,25.9,101.3
2024-06-01 08:37:16.320,25.9,101.3
2024-06-01 08:37:23.912,25.9,101.3
2024-06-01 08:37:31.551,25.9,101.3
2024-06-01 08:37:39.061,25.9,101.3
2024-06-01 08:37:46.544,25.9,101.3
2024-06-01 08:37:54.117,25.8,101.3
2024-06-01 08:38:01.672,25.9,101.3
2024-06-01 08:38:09.280,25.9,101.3
2024-06-01 08:38:16.878,25.9,101.3
2024-06-01 08:38:24.361,25.9,101.3
2024-06-01 08:38:31.816,25.9,101.3
2024-06-01 08:38:39.468,25.9,101.3
2024-06-01 08:38:46.986,25.9,101.3
2024-06-01 08:38:54.599,25.9,101.3
2024-06-01 08:39:02.063,25.8,101.3
2024-06-01 08:39:09.678,25.8,101.3
2024-06-01 08:39:17.229,25.8,101.3
2024-06-01 08:39:24.846,25.8,101.3
2024-06-01 08:39:32.514,25.8,101.3
2024-06-01 08:39:40.127,25.8,101.3
2024-06-01 08:39:47.629,25.9,101.3
2024-06-01 08:39:55.173,25.8,101.3
2024-06-01 08:40:02.746,25.8,101.3
2024-06-01 08:40:10.326,25.8,101.3
2024-06-01 08:40:17.975,25.8,101.3
2024-06-01 08:40:25.528,25.8,101.3
2024-06-01 08:40:33.103,25.8,101.3
2024-06-01 08:40:40.696,25.8,101.3
2024-06-01 08:40:48.323,25.9,101.3
2024-06-01 08:40:55.911,25.9,101.3
2024-06-01 08:41:03.536,25.9,101.3
2024-06-01 08:41:11.099,25.9,101.3
2024-06-01 08:41:18.581,25.9,101.3
2024-06-01 08:41:26.075,25.9,101.3
2024-06-01 08:41:33.696,25.9,101.3
2024-06-01 08:41:41.308,25.9,101.3
2024-06-01 08:41:48.985,25.9,101.3
2024-06-01 08:41:56.530,25.9,101.3
2024-06-01 08:42:04.088,25.8,101.3
2024-06-01 08:42:11.548,25.9,101.3
2024-06-01 08:42:19.113,25.9,101.3
2024-06-01 08:42:26.739,25.9,101.3
2024-06-01 08:42:34.260,25.9,101.3
2024-06-01 08:42:41.913,25.8,101.3
2024-06-01 08:42:49.481,25.8,101.3
2024-06-01 08:42:57.064,25.8,101.3
2024-06-01 08:43:04.556,25.8,101.3
2024-06-01 08:43:12.007,25.9,101.3
2024-06-01 08:43:19.458,25.9,101.3
2024-06-01 08:43:27.068,25.9,101.3
2024-06-01 08:43:34.674,25.9,101.3
2024-06-01 08:43:42.207,25.9,101.3
2024-06-01 08:43:49.687,25.9,101.3
2024-06-01 08:43:57.336,25.9,101.3
2024-06-01 08:44:04.941,25.9,101.3
2024-06-01 08:44:12.576,25.8,101.3
2024-06-01 08:44:20.071,25.8,101.3
2024-06-01 08:44:27.555,25.8,101.3
2024-06-01 08:44:35.161,25.9,101.3
2024-06-01 08:44:42.747,25.8,101.3
2024-06-01 08:44:50.436,25.9,101.3
2024-06-01 08:44:58.114,25.9,101.3
2024-06-01 08:45:05.658,25.9,101.3
2024-06-01 08:45:13.228,25.9,101.3
2024-06-01 08:45:20.882,25.8,101.3
2024-06-01 08:45:28.417,25.8,101.3
2024-06-01 08:45:36.018,25.8,101.3
2024-06-01 08:45:43.550,25.9,101.3
2024-06-01 08:45:51.115,25.8,101.3
2024-06-01 08:45:58.642,25.8,101.3
2024-06-01 08:46:06.216,25.9,101.3
2024-06-01 08:46:13.755,25.9,101.3
2024-06-01 08:46:21.372,25.8,101.3
2024-06-01 08:46:28.954,25.8,101.3
2024-06-01 08:46:36.500,25.8,101.3
2024-06-01 08:46:44.055,25.8,101.3
2024-06-01 08:46:51.617,25.8,101.3
2024-06-01 08:46:59.107,25.8,101.3
2024-06-01 08:47:06.672,25.8,101.3
2024-06-01 08:47:14.147,25.8,101.3
2024-06-01 08:47:21.710,25.8,101.3
2024-06-01 08:47:29.353,25.8,101.3
2024-06-01 08:47:36.994,25.8,101.3
2024-06-01 08:47:44.544,25.9,101.3
2024-06-01 08:47:52.123,25.9,101.3
2024-06-01 08:47:59.650,25.9,101.3
2024-06-01 08:48:07.268,25.9,101.3
2024-06-01 08:48:14.883,25.8,101.3
2024-06-01 08:48:22.561,25.9,101.3
2024-06-01 08:48:30.109,25.8,101.3
2024-06-01 08:48:37.652,25.8,101.3
2024-06-01 08:48:45.319,25.9,101.3
2024-06-01 08:48:52.971,25.9,101.3
2024-06-01 08:49:00.517,25.9,101.3
2024-06-01 08:49:08.132,25.8,101.3
2024-06-01 08:49:15.595,25.8,101.3
2024-06-01 08:49:23.240,25.8,101.3
2024-06-01 08:49:30.921,25.8,101.3
2024-06-01 08:49:38.521,25.8,101.3
2024-06-01 08:49:46.185,25.8,101.3
2024-06-01 08:49:53.751,25.8,101.3
2024-06-01 08:50:01.294,25.8,101.3
2024-06-01 08:50:08.846,25.8,101.3
2024-06-01 08:50:16.523,25.8,101.3
2024-06-01 08:50:24.072,25.8,101.3
2024-06-01 08:50:31.601,25.9,101.3
2024-06-01 08:50:39.173,25.8,101.3
2024-06-01 08:50:46.740,25.9,101.3
2024-06-01 08:50:54.354,25.8,101.3
2024-06-01 08:51:01.997,25.8,101.3
2024-06-01 08:51:09.607,25.8,101.3
2024-06-01 08:51:17.148,25.9,101.3
2024-06-01 08:51:24.676,25.9,101.3
2024-06-01 08:51:32.228,25.9,101.3
2024-06-01 08:51:39.585,25.9,101.3
2024-06-01 08:51:47.293,25.9,101.3
2024-06-01 08:51:54.901,25.8,101.3
2024-06-01 08:52:02.501,25.8,101.3
2024-06-01 08:52:10.046,25.9,101.3
2024-06-01 08:52:17.571,25.9,101.3
2024-06-01 08:52:25.144,25.9,101.3
2024-06-01 08:52:32.737,25.9,101.3
2024-06-01 08:52:40.365,25.9,101.3
2024-06-01 08:52:48.001,25.9,101.3
2024-06-01 08:52:55.595,25.9,101.3
2024-06-01 08:53:03.154,25.9,101.3
2024-06-01 08:53:10.751,25.9,101.3
2024-06-01 08:53:18.381,25.9,101.3
2024-06-01 08:53:26.090,25.9,101.3
2024-06-01 08:53:33.695,25.9,101.3
2024-06-01 08:53:41.151,25.9,101.3
2024-06-01 08:53:48.609,25.9,101.3
2024-06-01 08:53:56.217,25.9,101.3
2024-06-01 08:54:03.753,25.9,101.3
2024-06-01 08:54:11.468,25.9,101.3
2024-06-01 08:54:19.139,25.9,101.3
2024-06-01 08:54:26.642,25.9,101.3
2024-06-01 08:54:34.232,25.9,101.3
2024-06-01 08:54:41.771,25.9,101.3
2024-06-01 08:54:49.333,25.9,101.3
2024-06-01 08:54:56.942,25.9,101.3
2024-06-01 08:55:04.558,25.9,101.3
2024-06-01 08:55:12.144,25.9,101.3
2024-06-01 08:55:19.685,25.9,101.3
2024-06-01 08:55:27.245,25.9,101.3
2024-06-01 08:55:34.785,25.9,101.3
2024-06-01 08:55:42.393,25.9,101.3
2024-06-01 08:55:50.012,25.9,101.3
2024-06-01 08:55:57.580,25.9,101.3
2024-06-01 08:56:05.181,25.9,101.3
2024-06-01 08:56:13.413,25.9,101.3
2024-06-01 08:56:22.231,25.9,101.3
2024-06-01 08:56:31.085,25.9,101.3
2024-06-01 08:56:39.812,25.9,101.3
2024-06-01 08:56:48.523,25.9,101.3
2024-06-01 08:56:57.225,25.9,101.3
2024-06-01 08:57:05.795,25.9,101.3
2024-06-01 08:57:14.364,25.9,101.3
2024-06-01 08:57:23.140,25.9,101.3
2024-06-01 08:57:31.770,25.9,101.3
2024-06-01 08:57:40.386,25.8,101.3
2024-06-01 08:57:49.051,25.8,101.3
2024-06-01 08:57:57.680,25.9,101.3
2024-06-01 08:58:06.388,25.9,101.3
2024-06-01 08:58:15.183,25.9,101.3
2024-06-01 08:58:23.817,25.8,101.3
2024-06-01 08:58:32.454,25.8,101.3
2024-06-01 08:58:41.214,25.8,101.3
2024-06-01 08:58:49.935,25.8,101.3
2024-06-01 08:58:58.746,25.9,101.3
2024-06-01 08:59:07.421,25.8,101.3
2024-06-01 08:59:16.281,25.9,101.3
2024-06-01 08:59:25.026,25.9,101.3
2024-06-01 08:59:33.879,25.8,101.3
2024-06-01 08:59:42.689,25.9,101.3
2024-06-01 08:59:51.372,25.9,101.3
2024-06-01 09:00:00.083,25.9,101.3
2024-06-01 09:00:08.935,25.8,101.3
2024-06-01 09:00:17.660,25.8,101.3
2024-06-01 09:00:26.300,25.9,101.3
2024-06-01 09:00:35.054,25.8,101.3
2024-06-01 09:00:43.834,25.9,101.3
2024-06-01 09:00:52.600,25.9,101.3
2024-06-01 09:01:01.403,25.9,101.3
2024-06-01 09:01:10.013,25.8,101.3
2024-06-01 09:01:18.813,25.8,101.3
2024-06-01 09:01:27.626,25.9,101.3
2024-06-01 09:01:36.366,25.9,101.3
2024-06-01 09:01:45.030,25.9,101.3
2024-06-01 09:01:53.765,25.8,101.3
2024-06-01 09:02:02.574,25.9,101.3
2024-06-01 09:02:11.344,25.9,101.3
2024-06-01 09:02:19.970,25.9,101.3
2024-06-01 09:02:28.823,25.8,101.3
2024-06-01 09:02:37.537,25.8,101.3
2024-06-01 09:02:46.374,25.8,101.3
2024-06-01 09:02:55.119,25.9,101.3
2024-06-01 09:03:03.875,25.8,101.3
2024-06-01 09:03:12.613,25.8,101.3
2024-06-01 09:03:21.394,25.8,101.3
2024-06-01 09:03:30.242,25.9,101.3
2024-06-01 09:03:38.891,25.9,101.3
2024-06-01 09:03:47.715,25.8,101.3
2024-06-01 09:03:56.328,25.8,101.3
2024-06-01 09:04:05.013,25.8,101.3
2024-06-01 09:04:13.955,25.8,101.3
2024-06-01 09:04:22.715,25.8,101.3
2024-06-01 09:04:31.497,25.8,101.3
2024-06-01 09:04:40.267,25.8,101.3
2024-06-01 09:04:48.924,25.9,101.3
2024-06-01 09:04:57.817,25.8,101.3
2024-06-01 09:05:06.635,25.8,101.3
2024-06-01 09:05:15.352,25.8,101.3
2024-06-01 09:05:24.132,25.8,101.3
2024-06-01 09:05:32.966,25.8,101.3
2024-06-01 09:05:41.707,25.8,101.3
2024-06-01 09:05:50.436,25.8,101.3
2024-06-01 09:05:59.267,25.8,101.3
2024-06-01 09:06:08.008,25.8,101.3
2024-06-01 09:06:16.848,25.8,101.3
2024-06-01 09:06:25.527,25.8,101.3
2024-06-01 09:06:34.316,25.8,101.3
2024-06-01 09:06:42.931,25.9,101.3
2024-06-01 09:06:51.592,25.8,101.3
2024-06-01 09:07:00.403,25.9,101.3
2024-06-01 09:07:08.968,25.9,101.3
2024-06-01 09:07:17.824,25.9,101.3
2024-06-01 09:07:26.483,25.9,101.3
2024-06-01 09:07:35.303,25.8,101.3
2024-06-01 09:07:44.021,25.8,101.3
2024-06-01 09:07:52.997,25.8,101.3
2024-06-01 09:08:01.743,25.8,101.3
2024-06-01 09:08:10.449,25.8,101.3
2024-06-01 09:08:19.114,25.8,101.3
2024-06-01 09:08:27.898,25.8,101.3
2024-06-01 09:08:36.544,25.9,101.3
2024-06-01 09:08:45.403,25.8,101.3
2024-06-01 09:08:54.137,25.8,101.3
2024-06-01 09:09:02.864,25.8,101.3
2024-06-01 09:09:11.531,25.9,101.3
2024-06-01 09:09:20.262,25.9,101.3
2024-06-01 09:09:28.944,25.9,101.3
2024-06-01 09:09:37.836,25.9,101.3
2024-06-01 09:09:46.466,25.9,101.3
2024-06-01 09:09:55.194,25.9,101.3
2024-06-01 09:10:03.964,25.9,101.3
2024-06-01 09:10:12.841,25.9,101.3
2024-06-01 09:10:21.470,25.9,101.3
2024-06-01 09:10:30.076,25.9,101.3
2024-06-01 09:10:38.774,25.9,101.3
2024-06-01 09:10:47.455,25.9,101.3
2024-06-01 09:10:56.093,25.9,101.3
2024-06-01 09:11:04.840,25.9,101.3
2024-06-01 09:11:13.494,25.8,101.3
2024-06-01 09:11:22.268,25.9,101.3
2024-06-01 09:11:31.033,25.9,101.3
2024-06-01 09:11:39.779,25.9,101.3
2024-06-01 09:11:48.510,25.9,101.3
2024-06-01 09:11:57.187,25.9,101.3
2024-06-01 09:12:05.855,25.9,101.3
2024-06-01 09:12:14.593,25.8,101.3
2024-06-01 09:12:23.360,25.9,101.3
2024-06-01 09:12:32.030,25.9,101.3
2024-06-01 09:12:40.867,25.8,101.3
2024-06-01 09:12:49.502,25.8,101.3
2024-06-01 09:12:58.144,25.9,101.3
2024-06-01 09:13:06.808,25.9,101.3
2024-06-01 09:13:15.437,25.9,101.3
2024-06-01 09:13:24.162,25.9,101.3
2024-06-01 09:13:32.851,25.8,101.3
2024-06-01 09:13:41.472,25.8,101.3
2024-06-01 09:13:50.172,25.8,101.3
2024-06-01 09:13:58.852,25.8,101.3
2024-06-01 09:14:07.533,25.8,101.3
2024-06-01 09:14:16.217,25.8,101.3
2024-06-01 09:14:24.903,25.8,101.3
2024-06-01 09:14:33.543,25.8,101.3
2024-06-01 09:14:42.255,25.8,101.3
2024-06-01 09:14:50.920,25.8,101.3
2024-06-01 09:14:59.677,25.8,101.3
2024-06-01 09:15:08.223,25.8,101.3
2024-06-01 09:15:16.934,25.8,101.3
2024-06-01 09:15:25.660,25.8,101.3
2024-06-01 09:15:34.365,25.8,101.3
2024-06-01 09:15:42.926,25.8,101.3
2024-06-01 09:15:51.563,25.9,101.3
2024-06-01 09:16:00.186,25.9,101.3
2024-06-01 09:16:08.897,25.9,101.3
2024-06-01 09:16:17.529,25.8,101.3
2024-06-01 09:16:26.140,25.8,101.3
2024-06-01 09:16:34.779,25.9,101.3
2024-06-01 09:16:43.416,25.9,101.3
2024-06-01 09:16:52.039,25.9,101.3
2024-06-01 09:17:00.637,25.8,101.3
2024-06-01 09:17:09.479,25.9,101.3
2024-06-01 09:17:18.067,25.9,101.3
2024-06-01 09:17:26.818,25.9,101.3
2024-06-01 09:17:35.423,25.9,101.3
2024-06-01 09:17:44.088,25.9,101.3
2024-06-01 09:17:52.689,25.9,101.3
2024-06-01 09:18:01.306,25.9,101.3
2024-06-01 09:18:09.886,25.9,101.3
2024-06-01 09:18:18.452,25.9,101.3
2024-06-01 09:18:27.094,25.8,101.3
2024-06-01 09:18:35.730,25.8,101.3
2024-06-01 09:18:44.345,25.9,101.3
2024-06-01 09:18:53.081,25.8,101.3
2024-06-01 09:19:01.803,25.8,101.3
2024-06-01 09:19:10.386,25.9,101.3
2024-06-01 09:19:18.947,25.8,101.3
2024-06-01 09:19:27.567,25.8,101.3
2024-06-01 09:19:36.256,25.9,101.3
2024-06-01 09:19:44.856,25.9,101.3
2024-06-01 09:19:53.405,25.8,101.3
2024-06-01 09:20:02.014,25.8,101.3
2024-06-01 09:20:10.686,25.8,101.3
2024-06-01 09:20:19.249,25.8,101.3
2024-06-01 09:20:27.986,25.8,101.3
2024-06-01 09:20:36.569,25.8,101.3
2024-06-01 09:20:45.172,25.8,101.3
2024-06-01 09:20:53.874,25.8,101.3
2024-06-01 09:21:02.397,25.9,101.3
2024-06-01 09:21:10.983,25.9,101.3
2024-06-01 09:21:19.581,25.9,101.3
2024-06-01 09:21:28.282,25.9,101.3
2024-06-01 09:21:36.840,25.9,101.3
2024-06-01 09:21:45.446,25.9,101.3
2024-06-01 09:21:54.098,25.9,101.3
2024-06-01 09:22:02.811,25.9,101.3
2024-06-01 09:22:11.346,25.9,101.3
2024-06-01 09:22:20.108,25.9,101.3
2024-06-01 09:22:28.673,25.8,101.3
2024-06-01 09:22:37.382,25.8,101.3
2024-06-01 09:22:45.961,25.8,101.3
2024-06-01 09:22:54.423,25.8,101.3
2024-06-01 09:23:03.035,25.8,101.3
2024-06-01 09:23:11.714,25.8,101.3
2024-06-01 09:23:20.361,25.8,101.3
2024-06-01 09:23:28.895,25.8,101.3
2024-06-01 09:23:37.495,25.8,101.3
2024-06-01 09:23:46.047,25.8,101.3
2024-06-01 09:23:54.678,25.9,101.3
2024-06-01 09:24:03.342,25.9,101.3
2024-06-01 09:24:11.902,25.8,101.3
2024-06-01 09:24:20.405,25.9,101.3
2024-06-01 09:24:29.033,25.8,101.3
2024-06-01 09:24:37.629,25.8,101.3
2024-06-01 09:24:46.248,25.9,101.3
2024-06-01 09:24:54.782,25.8,101.3
2024-06-01 09:25:03.492,25.8,101.3
2024-06-01 09:25:12.031,25.8,101.3
2024-06-01 09:25:20.605,25.8,101.3
2024-06-01 09:25:29.173,25.8,101.3
2024-06-01 09:25:37.835,25.9,101.3
2024-06-01 09:25:46.463,25.9,101.3
2024-06-01 09:25:55.011,25.9,101.3
2024-06-01 09:26:03.548,25.8,101.3
2024-06-01 09:26:12.111,25.8,101.3
2024-06-01 09:26:20.715,25.8,101.3
2024-06-01 09:26:29.302,25.8,101.3
2024-06-01 09:26:38.013,25.8,101.3
2024-06-01 09:26:46.476,25.8,101.3
2024-06-01 09:26:55.061,25.8,101.3
2024-06-01 09:27:03.596,25.8,101.3
2024-06-01 09:27:12.132,25.8,101.3
2024-06-01 09:27:20.737,25.8,101.3
2024-06-01 09:27:29.422,25.8,101.3
2024-06-01 09:27:38.063,25.8,101.3
2024-06-01 09:27:46.747,25.8,101.3
2024-06-01 09:27:55.358,25.9,101.3
2024-06-01 09:28:03.906,25.9,101.3
2024-06-01 09:28:12.544,25.9,101.3
2024-06-01 09:28:21.040,25.9,101.3
2024-06-01 09:28:29.560,25.9,101.3
2024-06-01 09:28:38.110,25.8,101.3
2024-06-01 09:28:46.759,25.9,101.3
2024-06-01 09:28:55.387,25.8,101.3
2024-06-01 09:29:03.915,25.8,101.3
2024-06-01 09:29:12.482,25.9,101.3
2024-06-01 09:29:21.107,25.9,101.3
2024-06-01 09:29:29.721,25.8,101.3
2024-06-01 09:29:38.464,25.9,101.3
2024-06-01 09:29:46.982,25.9,101.3
2024-06-01 09:29:55.578,25.8,101.3
2024-06-01 09:30:04.150,25.9,101.3
2024-06-01 09:30:12.791,25.9,101.3
2024-06-01 09:30:21.429,25.9,101.3
2024-06-01 09:30:29.852,25.8,101.3
2024-06-01 09:30:38.460,25.8,101.3
2024-06-01 09:30:47.098,25.8,101.3
2024-06-01 09:30:55.629,25.8,101.3
2024-06-01 09:31:04.146,25.8,101.3
2024-06-01 09:31:12.709,25.8,101.3
2024-06-01 09:31:21.372,25.8,101.3
2024-06-01 09:31:29.907,25.8,101.3
2024-06-01 09:31:38.431,25.8,101.3
2024-06-01 09:31:47.100,25.8,101.3
2024-06-01 09:31:55.699,25.8,101.3
2024-06-01 09:32:04.271,25.8,101.3
2024-06-01 09:32:12.954,25.8,101.3
2024-06-01 09:32:21.433,25.8,101.3
2024-06-01 09:32:29.904,25.8,101.3
2024-06-01 09:32:38.563,25.8,101.3
2024-06-01 09:32:47.073,25.8,101.3
2024-06-01 09:32:55.649,25.8,101.3
2024-06-01 09:33:04.272,25.8,101.3
2024-06-01 09:33:12.772,25.8,101.3
2024-06-01 09:33:21.345,25.8,101.3
2024-06-01 09:33:29.915,25.8,101.3
2024-06-01 09:33:38.512,25.8,101.3
2024-06-01 09:33:47.073,25.8,101.3
2024-06-01 09:33:55.679,25.8,101.3
2024-06-01 09:34:04.106,25.8,101.3
2024-06-01 09:34:12.654,25.8,101.3
2024-06-01 09:34:21.234,25.8,101.3
2024-06-01 09:34:29.787,25.8,101.3
2024-06-01 09:34:38.491,25.8,101.3
2024-06-01 09:34:47.000,25.8,101.3
2024-06-01 09:34:55.615,25.8,101.3
2024-06-01 09:35:04.189,25.8,101.3
2024-06-01 09:35:12.715,25.8,101.3
2024-06-01 09:35:21.228,25.8,101.3
2024-06-01 09:35:29.778,25.8,101.3
2024-06-01 09:35:38.332,25.8,101.3
2024-06-01 09:35:47.012,25.8,101.3
2024-06-01 09:35:55.515,25.8,101.3
2024-06-01 09:36:04.122,25.8,101.3
2024-06-01 09:36:12.749,25.8,101.3
2024-06-01 09:36:21.442,25.8,101.3
2024-06-01 09:36:29.920,25.8,101.3
2024-06-01 09:36:38.577,25.8,101.3
2024-06-01 09:36:47.102,25.8,101.3
2024-06-01 09:36:55.593,25.8,101.3
2024-06-01 09:37:04.056,25.8,101.3
2024-06-01 09:37:12.543,25.8,101.3
2024-06-01 09:37:21.068,25.8,101.3
2024-06-01 09:37:29.584,25.8,101.3
2024-06-01 09:37:38.138,25.8,101.3
2024-06-01 09:37:46.586,25.8,101.3
2024-06-01 09:37:55.072,25.8,101.3
2024-06-01 09:38:03.670,25.8,101.3
2024-06-01 09:38:12.180,25.8,101.3
2024-06-01 09:38:20.651,25.8,101.3
2024-06-01 09:38:29.201,25.8,101.3
2024-06-01 09:38:37.710,25.7,101.3
2024-06-01 09:38:46.398,25.8,101.3
2024-06-01 09:38:54.932,25.8,101.3
2024-06-01 09:39:03.537,25.8,101.3
2024-06-01 09:39:12.055,25.8,101.4
2024-06-01 09:39:20.397,25.8,101.4
2024-06-01 09:39:29.067,25.8,101.4
2024-06-01 09:39:37.590,25.8,101.3
2024-06-01 09:39:46.132,25.8,101.4
2024-06-01 09:39:54.656,25.8,101.3
2024-06-01 09:40:03.179,25.8,101.3
2024-06-01 09:40:11.694,25.8,101.3
2024-06-01 09:40:20.218,25.8,101.3
2024-06-01 09:40:28.725,25.8,101.3
2024-06-01 09:40:37.337,25.8,101.3
2024-06-01 09:40:45.945,25.8,101.3
2024-06-01 09:40:54.481,25.8,101.3
2024-06-01 09:41:03.144,25.8,101.3
2024-06-01 09:41:11.736,25.8,101.3
2024-06-01 09:41:20.313,25.8,101.3
2024-06-01 09:41:28.869,25.8,101.3
2024-06-01 09:41:37.439,25.8,101.3
2024-06-01 09:41:45.890,25.8,101.4
2024-06-01 09:41:54.382,25.8,101.4
2024-06-01 09:42:02.930,25.8,101.4
2024-06-01 09:42:11.401,25.9,101.4
2024-06-01 09:42:19.979,25.8,101.4
2024-06-01 09:42:28.507,25.8,101.4
2024-06-01 09:42:37.046,25.8,101.4
2024-06-01 09:42:45.627,25.8,101.4
2024-06-01 09:42:54.048,25.9,101.4
2024-06-01 09:43:02.663,25.8,101.4
2024-06-01 09:43:11.218,25.8,101.4
2024-06-01 09:43:19.646,25.8,101.4
2024-06-01 09:43:28.170,25.8,101.4
2024-06-01 09:43:36.555,25.8,101.4
2024-06-01 09:43:44.968,25.8,101.4
2024-06-01 09:43:53.486,25.8,101.4
2024-06-01 09:44:02.107,25.9,101.4
2024-06-01 09:44:10.558,25.8,101.4
2024-06-01 09:44:18.985,25.8,101.4
2024-06-01 09:44:27.479,25.8,101.4
2024-06-01 09:44:36.064,25.8,101.4
2024-06-01 09:44:44.657,25.8,101.4
2024-06-01 09:44:53.190,25.8,101.4
2024-06-01 09:45:01.787,25.8,101.4
2024-06-01 09:45:10.282,25.8,101.4
2024-06-01 09:45:18.810,25.8,101.4
2024-06-01 09:45:27.363,25.8,101.4
2024-06-01 09:45:35.907,25.8,101.4
2024-06-01 09:45:44.395,25.8,101.4
2024-06-01 09:45:53.030,25.8,101.4
2024-06-01 09:46:01.560,25.8,101.4
2024-06-01 09:46:10.079,25.8,101.4
2024-06-01 09:46:18.668,25.8,101.4
2024-06-01 09:46:27.168,25.8,101.4
2024-06-01 09:46:35.699,25.8,101.4
2024-06-01 09:46:44.150,25.8,101.4
2024-06-01 09:46:52.649,25.8,101.4
2024-06-01 09:47:01.287,25.8,101.4
2024-06-01 09:47:09.807,25.8,101.4
2024-06-01 09:47:18.361,25.8,101.4
2024-06-01 09:47:26.873,25.8,101.4
2024-06-01 09:47:35.362,25.8,101.4
2024-06-01 09:47:43.990,25.8,101.4
2024-06-01 09:47:52.407,25.8,101.4
2024-06-01 09:48:00.911,25.9,101.4
2024-06-01 09:48:09.483,25.9,101.4
2024-06-01 09:48:17.937,25.8,101.4
2024-06-01 09:48:26.639,25.8,101.4
2024-06-01 09:48:35.174,25.8,101.4
2024-06-01 09:48:43.672,25.8,101.4
2024-06-01 09:48:52.018,25.8,101.4
2024-06-01 09:49:00.564,25.8,101.4
2024-06-01 09:49:09.082,25.8,101.4
2024-06-01 09:49:17.475,25.8,101.4
2024-06-01 09:49:25.974,25.8,101.4
2024-06-01 09:49:34.469,25.8,101.4
2024-06-01 09:49:43.065,25.8,101.4
2024-06-01 09:49:51.546,25.8,101.4
2024-06-01 09:49:59.976,25.9,101.4
2024-06-01 09:50:08.572,25.9,101.4
2024-06-01 09:50:17.020,25.8,101.4
2024-06-01 09:50:25.405,25.8,101.4
2024-06-01 09:50:33.840,25.8,101.4
2024-06-01 09:50:42.457,25.8,101.4
2024-06-01 09:50:50.873,25.8,101.4
2024-06-01 09:50:59.572,25.8,101.4
2024-06-01 09:51:07.896,25.8,101.4
2024-06-01 09:51:16.450,25.8,101.4
2024-06-01 09:51:25.102,25.8,101.4
2024-06-01 09:51:33.468,25.8,101.4
2024-06-01 09:51:42.050,25.8,101.4
2024-06-01 09:51:50.458,25.8,101.4
2024-06-01 09:51:58.944,25.8,101.4
2024-06-01 09:52:07.628,25.8,101.4
2024-06-01 09:52:16.085,25.9,101.4
2024-06-01 09:52:24.674,25.8,101.4
2024-06-01 09:52:33.159,25.8,101.4
2024-06-01 09:52:41.621,25.8,101.4
2024-06-01 09:52:50.107,25.8,101.4
2024-06-01 09:52:58.780,25.8,101.4
2024-06-01 09:53:07.162,25.9,101.4
2024-06-01 09:53:15.699,25.9,101.4
2024-06-01 09:53:24.136,25.9,101.4
2024-06-01 09:53:32.546,25.9,101.4
2024-06-01 09:53:41.120,25.8,101.4
2024-06-01 09:53:49.648,25.8,101.4
2024-06-01 09:53:58.176,25.8,101.4
2024-06-01 09:54:06.692,25.8,101.4
2024-06-01 09:54:15.227,25.7,101.4
2024-06-01 09:54:23.658,25.8,101.4
2024-06-01 09:54:32.172,25.8,101.4
2024-06-01 09:54:40.762,25.8,101.4
2024-06-01 09:54:49.221,25.8,101.4
2024-06-01 09:54:57.711,25.8,101.4
2024-06-01 09:55:06.264,25.8,101.4
2024-06-01 09:55:14.704,25.8,101.4
2024-06-01 09:55:23.114,25.8,101.4
2024-06-01 09:55:31.604,25.8,101.4
2024-06-01 09:55:40.076,25.8,101.4
2024-06-01 09:55:48.565,25.7,101.4
2024-06-01 09:55:57.155,25.8,101.4
2024-06-01 09:56:05.659,25.8,101.4
2024-06-01 09:56:14.155,25.8,101.4
2024-06-01 09:56:22.428,25.8,101.4
2024-06-01 09:56:31.036,25.8,101.4
2024-06-01 09:56:39.390,25.8,101.4
2024-06-01 09:56:47.868,25.8,101.4
2024-06-01 09:56:56.443,25.8,101.4
2024-06-01 09:57:04.956,25.8,101.4
2024-06-01 09:57:13.498,25.8,101.4
2024-06-01 09:57:21.965,25.8,101.4
2024-06-01 09:57:30.448,25.8,101.4
2024-06-01 09:57:38.890,25.8,101.4
2024-06-01 09:57:47.409,25.8,101.4
2024-06-01 09:57:55.935,25.8,101.4
2024-06-01 09:58:04.439,25.8,101.4
2024-06-01 09:58:12.962,25.8,101.4
2024-06-01 09:58:21.575,25.8,101.4
2024-06-01 09:58:30.045,25.7,101.4
2024-06-01 09:58:38.658,25.7,101.4
2024-06-01 09:58:47.099,25.8,101.4
2024-06-01 09:58:55.660,25.8,101.4
2024-06-01 09:59:03.981,25.8,101.4
2024-06-01 09:59:12.550,25.8,101.4
2024-06-01 09:59:20.970,25.8,101.4
2024-06-01 09:59:29.577,25.8,101.4
2024-06-01 09:59:37.895,25.8,101.4
2024-06-01 09:59:46.480,25.8,101.4
2024-06-01 09:59:55.022,25.8,101.4
2024-06-01 10:00:03.455,25.8,101.4
2024-06-01 10:00:11.905,25.7,101.4
2024-06-01 10:00:20.460,25.7,101.4
2024-06-01 10:00:28.973,25.7,101.4
2024-06-01 10:00:37.531,25.7,101.4
2024-06-01 10:00:45.957,25.7,101.4
2024-06-01 10:00:54.465,25.7,101.4
2024-06-01 10:01:03.181,25.7,101.4
2024-06-01 10:01:11.581,25.8,101.4
2024-06-01 10:01:20.142,25.8,101.4
2024-06-01 10:01:28.690,25.7,101.4
2024-06-01 10:01:37.165,25.8,101.4
2024-06-01 10:01:45.500,25.7,101.4
2024-06-01 10:01:54.055,25.7,101.4
2024-06-01 10:02:02.584,25.7,101.4
2024-06-01 10:02:11.199,25.8,101.4
2024-06-01 10:02:19.604,25.8,101.4
2024-06-01 10:02:28.084,25.8,101.4
2024-06-01 10:02:36.551,25.8,101.4
2024-06-01 10:02:45.068,25.8,101.4
2024-06-01 10:02:53.582,25.8,101.4
2024-06-01 10:03:02.094,25.8,101.4
2024-06-01 10:03:10.576,25.8,101.4
2024-06-01 10:03:19.091,25.8,101.4
2024-06-01 10:03:27.601,25.7,101.4
2024-06-01 10:03:36.036,25.8,101.4
2024-06-01 10:03:44.623,25.8,101.4
2024-06-01 10:03:53.141,25.8,101.4
2024-06-01 10:04:01.488,25.7,101.4
2024-06-01 10:04:10.051,25.8,101.4
2024-06-01 10:04:18.482,25.7,101.4
2024-06-01 10:04:27.069,25.7,101.4
2024-06-01 10:04:35.493,25.7,101.4
2024-06-01 10:04:44.018,25.8,101.4
2024-06-01 10:04:52.510,25.8,101.4
2024-06-01 10:05:01.091,25.8,101.4
2024-06-01 10:05:09.466,25.8,101.4
2024-06-01 10:05:17.957,25.8,101.4
2024-06-01 10:05:26.419,25.7,101.4
2024-06-01 10:05:34.859,25.7,101.4
2024-06-01 10:05:43.316,25.7,101.4
2024-06-01 10:05:51.804,25.8,101.4
2024-06-01 10:06:00.311,25.7,101.4
2024-06-01 10:06:08.782,25.8,101.4
2024-06-01 10:06:17.179,25.7,101.4
2024-06-01 10:06:25.608,25.7,101.4
2024-06-01 10:06:34.179,25.7,101.4
2024-06-01 10:06:42.547,25.7,101.4
2024-06-01 10:06:51.031,25.7,101.4
2024-06-01 10:06:59.570,25.8,101.4
2024-06-01 10:07:08.013,25.8,101.4
2024-06-01 10:07:16.568,25.8,101.4
2024-06-01 10:07:25.023,25.8,101.4
2024-06-01 10:07:33.516,25.7,101.4
2024-06-01 10:07:42.057,25.7,101.4
2024-06-01 10:07:50.645,25.7,101.4
2024-06-01 10:07:59.220,25.7,101.4
2024-06-01 10:08:07.679,25.7,101.4
2024-06-01 10:08:16.015,25.7,101.4
2024-06-01 10:08:24.561,25.8,101.4
2024-06-01 10:08:33.197,25.7,101.4
2024-06-01 10:08:41.696,25.7,101.4
2024-06-01 10:08:50.161,25.7,101.4
2024-06-01 10:08:58.632,25.7,101.4
2024-06-01 10:09:07.165,25.7,101.4
2024-06-01 10:09:15.601,25.7,101.4
2024-06-01 10:09:24.093,25.7,101.4
2024-06-01 10:09:32.643,25.7,101.4
2024-06-01 10:09:41.050,25.7,101.4
2024-06-01 10:09:49.660,25.7,101.4
2024-06-01 10:09:58.193,25.7,101.4
2024-06-01 10:10:06.597,25.7,101.4
2024-06-01 10:10:15.057,25.7,101.4
2024-06-01 10:10:23.573,25.7,101.4
2024-06-01 10:10:32.126,25.7,101.4
2024-06-01 10:10:40.669,25.7,101.4
2024-06-01 10:10:48.986,25.7,101.4
2024-06-01 10:10:57.535,25.7,101.4
2024-06-01 10:11:06.025,25.8,101.4
2024-06-01 10:11:14.528,25.7,101.4
2024-06-01 10:11:22.883,25.7,101.4
2024-06-01 10:11:31.327,25.7,101.4
2024-06-01 10:11:39.841,25.7,101.4
2024-06-01 10:11:48.179,25.7,101.4
2024-06-01 10:11:56.791,25.7,101.4
2024-06-01 10:12:05.276,25.7,101.4
2024-06-01 10:12:13.842,25.7,101.4
2024-06-01 10:12:22.267,25.7,101.4
2024-06-01 10:12:30.697,25.8,101.4
2024-06-01 10:12:39.021,25.7,101.4
2024-06-01 10:12:47.606,25.7,101.4
2024-06-01 10:12:56.219,25.7,101.4
2024-06-01 10:13:04.725,25.7,101.4
2024-06-01 10:13:13.171,25.7,101.4
2024-06-01 10:13:21.559,25.7,101.4
2024-06-01 10:13:30.061,25.8,101.4
2024-06-01 10:13:38.579,25.8,101.4
2024-06-01 10:13:47.170,25.7,101.4
2024-06-01 10:13:55.642,25.7,101.4
2024-06-01 10:14:04.098,25.7,101.4
2024-06-01 10:14:12.584,25.7,101.4
2024-06-01 10:14:21.206,25.7,101.4
2024-06-01 10:14:29.556,25.7,101.4
2024-06-01 10:14:38.123,25.7,101.4
2024-06-01 10:14:46.678,25.7,101.4
2024-06-01 10:14:55.146,25.8,101.4
2024-06-01 10:15:03.596,25.7,101.4
2024-06-01 10:15:12.037,25.7,101.4
2024-06-01 10:15:20.520,25.7,101.4
2024-06-01 10:15:29.060,25.7,101.4
2024-06-01 10:15:37.606,25.7,101.4
2024-06-01 10:15:46.109,25.7,101.4
2024-06-01 10:15:54.620,25.7,101.4
2024-06-01 10:16:03.194,25.7,101.4
2024-06-01 10:16:11.763,25.7,101.4
2024-06-01 10:16:20.239,25.7,101.4
2024-06-01 10:16:28.706,25.7,101.4
2024-06-01 10:16:37.177,25.7,101.4
2024-06-01 10:16:45.675,25.7,101.4
2024-06-01 10:16:54.182,25.7,101.4
2024-06-01 10:17:02.712,25.7,101.4
2024-06-01 10:17:11.074,25.7,101.4
2024-06-01 10:17:19.545,25.8,101.4
2024-06-01 10:17:28.081,25.7,101.4
2024-06-01 10:17:36.682,25.7,101.4
2024-06-01 10:17:45.153,25.7,101.4
2024-06-01 10:17:53.550,25.7,101.4
2024-06-01 10:18:02.052,25.7,101.4
2024-06-01 10:18:10.473,25.7,101.4
2024-06-01 10:18:19.029,25.7,101.4
2024-06-01 10:18:27.564,25.7,101.4
2024-06-01 10:18:36.100,25.7,101.4
2024-06-01 10:18:44.508,25.7,101.4
2024-06-01 10:18:53.012,25.7,101.4
2024-06-01 10:19:01.523,25.7,101.4
2024-06-01 10:19:10.051,25.7,101.4
2024-06-01 10:19:18.468,25.7,101.4
2024-06-01 10:19:26.905,25.7,101.4
2024-06-01 10:19:35.309,25.7,101.4
2024-06-01 10:19:43.732,25.7,101.4
2024-06-01 10:19:52.191,25.7,101.4
2024-06-01 10:20:00.697,25.7,101.4
2024-06-01 10:20:09.195,25.7,101.4
2024-06-01 10:20:17.655,25.7,101.4
2024-06-01 10:20:26.137,25.7,101.4
2024-06-01 10:20:34.630,25.7,101.4
2024-06-01 10:20:43.087,25.7,101.4
2024-06-01 10:20:51.724,25.7,101.4
2024-06-01 10:21:00.172,25.7,101.4
2024-06-01 10:21:08.751,25.7,101.4
2024-06-01 10:21:17.290,25.7,101.4
2024-06-01 10:21:25.642,25.7,101.4
2024-06-01 10:21:34.044,25.7,101.4
2024-06-01 10:21:42.666,25.7,101.4
2024-06-01 10:21:51.123,25.7,101.4
2024-06-01 10:21:59.590,25.7,101.4
2024-06-01 10:22:08.132,25.7,101.4
2024-06-01 10:22:16.603,25.7,101.4
2024-06-01 10:22:25.066,25.7,101.4
2024-06-01 10:22:33.577,25.8,101.4
2024-06-01 10:22:42.060,25.7,101.4
2024-06-01 10:22:50.558,25.8,101.4
2024-06-01 10:22:58.992,25.8,101.4
2024-06-01 10:23:07.411,25.8,101.4
2024-06-01 10:23:15.810,25.7,101.4
2024-06-01 10:23:24.344,25.7,101.4
2024-06-01 10:23:32.687,25.7,101.4
2024-06-01 10:23:41.243,25.7,101.4
2024-06-01 10:23:49.673,25.7,101.4
2024-06-01 10:23:58.214,25.7,101.4
2024-06-01 10:24:06.614,25.7,101.4
2024-06-01 10:24:15.037,25.7,101.4
2024-06-01 10:24:23.632,25.8,101.4
2024-06-01 10:24:32.095,25.7,101.4
2024-06-01 10:24:40.640,25.7,101.4
2024-06-01 10:24:49.108,25.7,101.4
2024-06-01 10:24:57.585,25.7,101.4
2024-06-01 10:25:06.168,25.7,101.4
2024-06-01 10:25:14.657,25.7,101.4
2024-06-01 10:25:23.140,25.7,101.4
2024-06-01 10:25:31.665,25.7,101.4
2024-06-01 10:25:40.076,25.7,101.4
2024-06-01 10:25:48.603,25.7,101.4
2024-06-01 10:25:57.121,25.7,101.4
2024-06-01 10:26:05.545,25.7,101.4
2024-06-01 10:26:14.025,25.7,101.4
2024-06-01 10:26:22.398,25.7,101.4
2024-06-01 10:26:30.824,25.7,101.4
2024-06-01 10:26:39.242,25.7,101.4
2024-06-01 10:26:47.727,25.6,101.4
2024-06-01 10:26:56.239,25.7,101.4
2024-06-01 10:27:04.715,25.7,101.4
2024-06-01 10:27:13.213,25.7,101.4
2024-06-01 10:27:21.702,25.7,101.4
2024-06-01 10:27:30.132,25.7,101.4
2024-06-01 10:27:38.524,25.7,101.4
2024-06-01 10:27:47.031,25.7,101.4
2024-06-01 10:27:55.389,25.7,101.4
2024-06-01 10:28:03.940,25.7,101.4
2024-06-01 10:28:12.441,25.7,101.4
2024-06-01 10:28:20.821,25.7,101.4
2024-06-01 10:28:29.240,25.7,101.4
2024-06-01 10:28:37.736,25.7,101.4
2024-06-01 10:28:46.350,25.7,101.4
2024-06-01 10:28:54.681,25.6,101.4
2024-06-01 10:29:03.250,25.7,101.4
2024-06-01 10:29:11.684,25.7,101.4
2024-06-01 10:29:20.118,25.7,101.4
2024-06-01 10:29:28.698,25.7,101.4
2024-06-01 10:29:37.188,25.7,101.4
2024-06-01 10:29:45.697,25.7,101.4
2024-06-01 10:29:54.236,25.7,101.4
2024-06-01 10:30:02.723,25.6,101.4
2024-06-01 10:30:11.149,25.7,101.4
2024-06-01 10:30:19.663,25.7,101.4
2024-06-01 10:30:28.144,25.7,101.4
2024-06-01 10:30:36.607,25.7,101.4
2024-06-01 10:30:45.107,25.7,101.4
2024-06-01 10:30:53.555,25.7,101.4
2024-06-01 10:31:01.922,25.7,101.4
2024-06-01 10:31:10.385,25.7,101.4
2024-06-01 10:31:18.776,25.7,101.4
2024-06-01 10:31:27.298,25.7,101.4
2024-06-01 10:31:35.806,25.7,101.4
2024-06-01 10:31:44.205,25.7,101.4
2024-06-01 10:31:52.732,25.7,101.4
2024-06-01 10:32:01.237,25.6,101.4
2024-06-01 10:32:09.652,25.6,101.4
2024-06-01 10:32:18.025,25.6,101.4
2024-06-01 10:32:26.558,25.6,101.4
2024-06-01 10:32:34.809,25.6,101.4
2024-06-01 10:32:43.302,25.7,101.4
2024-06-01 10:32:51.794,25.6,101.4
2024-06-01 10:33:00.403,25.7,101.4
2024-06-01 10:33:08.737,25.7,101.4
2024-06-01 10:33:17.240,25.7,101.4
2024-06-01 10:33:25.733,25.7,101.4
2024-06-01 10:33:34.164,25.7,101.4
2024-06-01 10:33:42.667,25.7,101.4
2024-06-01 10:33:51.074,25.7,101.4
2024-06-01 10:33:59.488,25.7,101.4
2024-06-01 10:34:07.888,25.6,101.4
2024-06-01 10:34:16.354,25.6,101.4
2024-06-01 10:34:24.800,25.6,101.4
2024-06-01 10:34:33.283,25.6,101.4
2024-06-01 10:34:41.825,25.7,101.4
2024-06-01 10:34:50.376,25.7,101.4
2024-06-01 10:34:58.710,25.7,101.4
2024-06-01 10:35:07.248,25.7,101.4
2024-06-01 10:35:15.765,25.7,101.4
2024-06-01 10:35:24.302,25.7,101.4
2024-06-01 10:35:32.713,25.7,101.4
2024-06-01 10:35:41.157,25.7,101.4
2024-06-01 10:35:49.503,25.7,101.4
2024-06-01 10:35:58.047,25.7,101.4
2024-06-01 10:36:06.461,25.7,101.4
2024-06-01 10:36:14.850,25.7,101.4
2024-06-01 10:36:23.201,25.7,101.4
2024-06-01 10:36:31.676,25.6,101.4
2024-06-01 10:36:40.166,25.7,101.4
2024-06-01 10:36:48.705,25.6,101.4
2024-06-01 10:36:57.103,25.6,101.4
2024-06-01 10:37:05.528,25.6,101.4
2024-06-01 10:37:13.974,25.6,101.4
2024-06-01 10:37:22.455,25.7,101.4
2024-06-01 10:37:30.879,25.7,101.4
2024-06-01 10:37:39.262,25.7,101.4
2024-06-01 10:37:47.751,25.6,101.4
2024-06-01 10:37:56.249,25.6,101.4
2024-06-01 10:38:04.711,25.6,101.4
2024-06-01 10:38:13.156,25.6,101.4
2024-06-01 10:38:21.599,25.6,101.4
2024-06-01 10:38:30.014,25.6,101.4
2024-06-01 10:38:38.338,25.7,101.4
2024-06-01 10:38:46.870,25.7,101.4
2024-06-01 10:38:55.292,25.7,101.4
2024-06-01 10:39:03.708,25.7,101.4
2024-06-01 10:39:12.173,25.7,101.4
2024-06-01 10:39:20.690,25.6,101.4
2024-06-01 10:39:28.848,25.7,101.4
2024-06-01 10:39:37.421,25.7,101.4
2024-06-01 10:39:45.899,25.7,101.4
2024-06-01 10:39:54.323,25.6,101.4
2024-06-01 10:40:02.763,25.6,101.4
2024-06-01 10:40:11.182,25.7,101.4
2024-06-01 10:40:19.644,25.7,101.4
2024-06-01 10:40:28.038,25.7,101.4
2024-06-01 10:40:36.512,25.7,101.4
2024-06-01 10:40:44.907,25.7,101.4
2024-06-01 10:40:53.314,25.7,101.4
2024-06-01 10:41:01.842,25.7,101.4
2024-06-01 10:41:10.329,25.7,101.4
2024-06-01 10:41:18.765,25.7,101.4
2024-06-01 10:41:27.312,25.7,101.4
2024-06-01 10:41:35.869,25.7,101.4
2024-06-01 10:41:44.322,25.7,101.4
2024-06-01 10:41:52.817,25.7,101.4
2024-06-01 10:42:01.288,25.7,101.4
2024-06-01 10:42:09.815,25.7,101.4
2024-06-01 10:42:18.362,25.7,101.4
2024-06-01 10:42:26.847,25.7,101.4
2024-06-01 10:42:35.256,25.7,101.4
2024-06-01 10:42:43.728,25.7,101.4
2024-06-01 10:42:52.182,25.6,101.4
2024-06-01 10:43:00.594,25.7,101.4
2024-06-01 10:43:08.976,25.7,101.4
2024-06-01 10:43:17.461,25.7,101.4
2024-06-01 10:43:26.022,25.7,101.4
2024-06-01 10:43:34.370,25.7,101.4
2024-06-01 10:43:42.903,25.7,101.4
2024-06-01 10:43:51.405,25.7,101.4
2024-06-01 10:43:59.740,25.7,101.4
2024-06-01 10:44:08.261,25.7,101.4
2024-06-01 10:44:16.778,25.7,101.4
2024-06-01 10:44:25.343,25.7,101.4
2024-06-01 10:44:33.807,25.7,101.4
2024-06-01 10:44:42.168,25.7,101.4
2024-06-01 10:44:50.654,25.6,101.4
2024-06-01 10:44:59.062,25.7,101.4
2024-06-01 10:45:07.516,25.7,101.4
2024-06-01 10:45:16.000,25.7,101.4
2024-06-01 10:45:24.357,25.7,101.4
2024-06-01 10:45:32.905,25.6,101.4
2024-06-01 10:45:41.449,25.6,101.4
2024-06-01 10:45:49.820,25.7,101.4
2024-06-01 10:45:58.236,25.7,101.4
2024-06-01 10:46:06.615,25.7,101.4
2024-06-01 10:46:15.117,25.7,101.4
2024-06-01 10:46:23.485,25.7,101.4
2024-06-01 10:46:31.831,25.7,101.4
2024-06-01 10:46:40.280,25.7,101.4
2024-06-01 10:46:48.707,25.6,101.4
2024-06-01 10:46:57.103,25.7,101.4
2024-06-01 10:47:05.567,25.7,101.4
2024-06-01 10:47:13.960,25.7,101.4
2024-06-01 10:47:22.368,25.7,101.4
2024-06-01 10:47:30.888,25.7,101.4
2024-06-01 10:47:39.245,25.7,101.4
2024-06-01 10:47:47.542,25.6,101.4
2024-06-01 10:47:56.056,25.6,101.4
2024-06-01 10:48:04.489,25.6,101.4
2024-06-01 10:48:12.917,25.6,101.4
2024-06-01 10:48:21.391,25.6,101.4
2024-06-01 10:48:29.823,25.6,101.4
2024-06-01 10:48:38.289,25.6,101.4
2024-06-01 10:48:46.818,25.6,101.4
2024-06-01 10:48:55.280,25.7,101.4
2024-06-01 10:49:03.706,25.6,101.4
2024-06-01 10:49:12.148,25.6,101.4
2024-06-01 10:49:20.560,25.6,101.4
2024-06-01 10:49:28.949,25.6,101.4
2024-06-01 10:49:37.371,25.7,101.4
2024-06-01 10:49:45.906,25.7,101.4
2024-06-01 10:49:54.305,25.7,101.4
2024-06-01 10:50:02.797,25.7,101.4
2024-06-01 10:50:11.250,25.7,101.4
2024-06-01 10:50:19.716,25.7,101.4
2024-06-01 10:50:28.114,25.6,101.4
2024-06-01 10:50:36.583,25.6,101.4
2024-06-01 10:50:44.827,25.6,101.4
2024-06-01 10:50:53.312,25.6,101.4
2024-06-01 10:51:01.778,25.6,101.4
2024-06-01 10:51:10.251,25.7,101.4
2024-06-01 10:51:18.634,25.7,101.4
2024-06-01 10:51:27.097,25.7,101.4
2024-06-01 10:51:35.494,25.7,101.4
2024-06-01 10:51:44.011,25.7,101.4
2024-06-01 10:51:52.427,25.7,101.4
2024-06-01 10:52:00.861,25.7,101.4
2024-06-01 10:52:09.374,25.7,101.4
2024-06-01 10:52:17.713,25.7,101.4
2024-06-01 10:52:26.077,25.7,101.4
2024-06-01 10:52:34.399,25.7,101.4
2024-06-01 10:52:42.850,25.7,101.4
2024-06-01 10:52:51.339,25.7,101.4
2024-06-01 10:52:59.791,25.7,101.4
2024-06-01 10:53:08.042,25.6,101.4
2024-06-01 10:53:16.511,25.6,101.4
2024-06-01 10:53:24.975,25.7,101.4
2024-06-01 10:53:33.362,25.6,101.4
2024-06-01 10:53:41.830,25.7,101.4
2024-06-01 10:53:50.379,25.7,101.4
2024-06-01 10:53:58.857,25.7,101.4
2024-06-01 10:54:07.305,25.7,101.4
2024-06-01 10:54:15.749,25.7,101.4
2024-06-01 10:54:24.163,25.7,101.4
2024-06-01 10:54:32.609,25.6,101.4
2024-06-01 10:54:41.070,25.6,101.4
2024-06-01 10:54:49.581,25.6,101.4
2024-06-01 10:54:58.065,25.6,101.4
2024-06-01 10:55:06.502,25.6,101.4
2024-06-01 10:55:14.941,25.6,101.4
2024-06-01 10:55:23.397,25.7,101.4
2024-06-01 10:55:31.851,25.7,101.4
2024-06-01 10:55:40.327,25.7,101.4
2024-06-01 10:55:48.766,25.7,101.4
2024-06-01 10:55:57.202,25.6,101.4
2024-06-01 10:56:05.474,25.6,101.4
2024-06-01 10:56:14.004,25.6,101.4
2024-06-01 10:56:22.526,25.6,101.4
2024-06-01 10:56:30.954,25.6,101.4
2024-06-01 10:56:39.448,25.7,101.4
2024-06-01 10:56:47.932,25.6,101.4
2024-06-01 10:56:56.336,25.6,101.4
2024-06-01 10:57:04.750,25.7,101.4
2024-06-01 10:57:13.201,25.7,101.4
2024-06-01 10:57:21.682,25.6,101.4
2024-06-01 10:57:30.049,25.7,101.4
2024-06-01 10:57:38.409,25.7,101.4
2024-06-01 10:57:46.893,25.7,101.4
2024-06-01 10:57:55.362,25.6,101.4
2024-06-01 10:58:03.850,25.7,101.4
2024-06-01 10:58:12.242,25.6,101.4
2024-06-01 10:58:20.692,25.7,101.4
2024-06-01 10:58:29.109,25.6,101.4
2024-06-01 10:58:37.498,25.6,101.4
2024-06-01 10:58:46.002,25.6,101.4
2024-06-01 10:58:54.509,25.6,101.4
2024-06-01 10:59:03.012,25.6,101.4
2024-06-01 10:59:11.455,25.6,101.4
2024-06-01 10:59:19.936,25.7,101.4
2024-06-01 10:59:28.441,25.7,101.4
2024-06-01 10:59:36.866,25.7,101.4
2024-06-01 10:59:45.337,25.6,101.4
2024-06-01 10:59:53.623,25.6,101.4
2024-06-01 11:00:02.209,25.6,101.4
2024-06-01 11:00:10.569,25.6,101.4
2024-06-01 11:00:18.978,25.6,101.4
2024-06-01 11:00:27.379,25.6,101.4
2024-06-01 11:00:35.802,25.7,101.4
2024-06-01 11:00:44.122,25.7,101.4
2024-06-01 11:00:52.564,25.7,101.4
2024-06-01 11:01:00.940,25.6,101.4
2024-06-01 11:01:09.425,25.7,101.4
2024-06-01 11:01:17.861,25.7,101.4
2024-06-01 11:01:26.309,25.7,101.4
2024-06-01 11:01:34.710,25.7,101.4
2024-06-01 11:01:43.216,25.6,101.4
2024-06-01 11:01:51.525,25.6,101.4
2024-06-01 11:02:00.015,25.6,101.4
2024-06-01 11:02:08.407,25.6,101.4
2024-06-01 11:02:16.936,25.6,101.4
2024-06-01 11:02:25.365,25.6,101.4
2024-06-01 11:02:33.868,25.6,101.4
2024-06-01 11:02:42.300,25.6,101.4
2024-06-01 11:02:50.744,25.6,101.4
2024-06-01 11:02:59.179,25.6,101.4
2024-06-01 11:03:07.691,25.6,101.4
2024-06-01 11:03:16.080,25.6,101.4
2024-06-01 11:03:24.490,25.6,101.4
2024-06-01 11:03:33.041,25.6,101.4
2024-06-01 11:03:41.491,25.6,101.4
2024-06-01 11:03:49.911,25.6,101.4
2024-06-01 11:03:58.351,25.6,101.4
2024-06-01 11:04:06.629,25.6,101.4
2024-06-01 11:04:14.966,25.6,101.4
2024-06-01 11:04:23.401,25.6,101.4
2024-06-01 11:04:31.978,25.6,101.4
2024-06-01 11:04:40.452,25.6,101.4
2024-06-01 11:04:48.872,25.6,101.4
2024-06-01 11:04:57.256,25.6,101.4
2024-06-01 11:05:05.704,25.6,101.4
2024-06-01 11:05:14.010,25.6,101.4
2024-06-01 11:05:22.510,25.6,101.4
2024-06-01 11:05:31.035,25.6,101.4
2024-06-01 11:05:39.459,25.6,101.4
2024-06-01 11:05:47.910,25.6,101.4
2024-06-01 11:05:56.311,25.6,101.4
2024-06-01 11:06:04.779,25.6,101.4
2024-06-01 11:06:13.255,25.6,101.4
2024-06-01 11:06:21.559,25.7,101.4
2024-06-01 11:06:29.954,25.7,101.4
2024-06-01 11:06:38.389,25.7,101.4
2024-06-01 11:06:46.795,25.6,101.4
2024-06-01 11:06:55.311,25.6,101.4
2024-06-01 11:07:03.660,25.6,101.4
2024-06-01 11:07:12.012,25.6,101.4
2024-06-01 11:07:20.519,25.6,101.4
2024-06-01 11:07:29.005,25.6,101.4
2024-06-01 11:07:37.428,25.6,101.4
2024-06-01 11:07:45.895,25.6,101.4
2024-06-01 11:07:54.173,25.6,101.4
2024-06-01 11:08:02.481,25.6,101.4
2024-06-01 11:08:10.998,25.6,101.4
2024-06-01 11:08:19.537,25.6,101.4
2024-06-01 11:08:27.997,25.6,101.4
2024-06-01 11:08:36.472,25.6,101.4
2024-06-01 11:08:44.914,25.6,101.4
2024-06-01 11:08:53.415,25.6,101.4
2024-06-01 11:09:01.905,25.6,101.4
2024-06-01 11:09:10.414,25.6,101.4
2024-06-01 11:09:18.850,25.6,101.4
2024-06-01 11:09:27.299,25.6,101.4
2024-06-01 11:09:35.633,25.6,101.4
2024-06-01 11:09:44.087,25.6,101.4
2024-06-01 11:09:52.548,25.6,101.4
2024-06-01 11:10:01.061,25.6,101.4
2024-06-01 11:10:09.628,25.6,101.4
2024-06-01 11:10:18.023,25.7,101.4
2024-06-01 11:10:26.500,25.6,101.4
2024-06-01 11:10:34.973,25.6,101.4
2024-06-01 11:10:43.552,25.6,101.4
2024-06-01 11:10:51.870,25.6,101.4
2024-06-01 11:11:00.253,25.6,101.4
2024-06-01 11:11:08.779,25.6,101.4
2024-06-01 11:11:17.264,25.6,101.4
2024-06-01 11:11:25.539,25.6,101.4
2024-06-01 11:11:34.042,25.6,101.4
2024-06-01 11:11:42.589,25.7,101.4
2024-06-01 11:11:51.061,25.7,101.4
2024-06-01 11:11:59.587,25.6,101.4
2024-06-01 11:12:07.974,25.6,101.4
2024-06-01 11:12:16.450,25.6,101.4
2024-06-01 11:12:24.958,25.6,101.4
2024-06-01 11:12:33.430,25.6,101.4
2024-06-01 11:12:41.888,25.6,101.4
2024-06-01 11:12:50.257,25.6,101.4
2024-06-01 11:12:58.649,25.6,101.4
2024-06-01 11:13:07.120,25.6,101.4
2024-06-01 11:13:15.542,25.6,101.4
2024-06-01 11:13:23.947,25.6,101.4
2024-06-01 11:13:32.393,25.6,101.4
2024-06-01 11:13:40.737,25.5,101.4
2024-06-01 11:13:49.162,25.6,101.4
2024-06-01 11:13:57.673,25.6,101.4
2024-06-01 11:14:06.121,25.6,101.4
2024-06-01 11:14:14.515,25.6,101.4
2024-06-01 11:14:22.941,25.6,101.4
2024-06-01 11:14:31.202,25.6,101.4
2024-06-01 11:14:39.662,25.6,101.4
2024-06-01 11:14:48.169,25.6,101.4
2024-06-01 11:14:56.509,25.6,101.4
2024-06-01 11:15:04.902,25.6,101.4
2024-06-01 11:15:13.343,25.6,101.4
2024-06-01 11:15:21.711,25.6,101.4
2024-06-01 11:15:30.186,25.5,101.4
2024-06-01 11:15:38.617,25.6,101.4
2024-06-01 11:15:46.991,25.6,101.4
2024-06-01 11:15:55.446,25.6,101.4
2024-06-01 11:16:03.769,25.6,101.4
2024-06-01 11:16:12.166,25.6,101.4
2024-06-01 11:16:20.593,25.6,101.4
2024-06-01 11:16:29.074,25.6,101.4
2024-06-01 11:16:37.580,25.6,101.4
2024-06-01 11:16:46.033,25.6,101.4
2024-06-01 11:16:54.497,25.6,101.4
2024-06-01 11:17:02.807,25.6,101.4
2024-06-01 11:17:11.233,25.5,101.4
2024-06-01 11:17:19.717,25.6,101.4
2024-06-01 11:17:28.056,25.6,101.4
2024-06-01 11:17:36.487,25.6,101.4
2024-06-01 11:17:44.938,25.6,101.4
2024-06-01 11:17:53.334,25.6,101.4
2024-06-01 11:18:01.586,25.6,101.4
2024-06-01 11:18:10.104,25.5,101.4
2024-06-01 11:18:18.601,25.6,101.4
2024-06-01 11:18:27.094,25.6,101.4
2024-06-01 11:18:35.522,25.6,101.4
2024-06-01 11:18:43.984,25.5,101.4
2024-06-01 11:18:52.405,25.6,101.4
2024-06-01 11:19:00.934,25.6,101.4
2024-06-01 11:19:09.322,25.6,101.4
2024-06-01 11:19:17.736,25.6,101.4
2024-06-01 11:19:26.163,25.6,101.4
2024-06-01 11:19:34.605,25.6,101.4
2024-06-01 11:19:43.158,25.6,101.4
2024-06-01 11:19:51.506,25.6,101.4
2024-06-01 11:20:00.030,25.6,101.4
2024-06-01 11:20:08.459,25.6,101.4
2024-06-01 11:20:16.873,25.5,101.4
2024-06-01 11:20:25.223,25.6,101.4
2024-06-01 11:20:33.638,25.6,101.4
2024-06-01 11:20:42.040,25.6,101.4
2024-06-01 11:20:50.536,25.6,101.4
2024-06-01 11:20:58.998,25.5,101.4
2024-06-01 11:21:07.479,25.5,101.4
2024-06-01 11:21:15.939,25.6,101.4
2024-06-01 11:21:24.240,25.5,101.4
2024-06-01 11:21:32.605,25.5,101.4
2024-06-01 11:21:41.074,25.5,101.4
2024-06-01 11:21:49.570,25.6,101.4
2024-06-01 11:21:57.976,25.6,101.4
2024-06-01 11:22:06.329,25.6,101.4
2024-06-01 11:22:14.657,25.6,101.4
2024-06-01 11:22:23.164,25.6,101.4
2024-06-01 11:22:31.655,25.5,101.4
2024-06-01 11:22:40.120,25.5,101.4
2024-06-01 11:22:48.555,25.5,101.4
2024-06-01 11:22:56.930,25.5,101.4
2024-06-01 11:23:05.400,25.5,101.4
2024-06-01 11:23:13.672,25.5,101.4
2024-06-01 11:23:22.178,25.6,101.4
2024-06-01 11:23:30.675,25.6,101.4
2024-06-01 11:23:39.198,25.6,101.4
2024-06-01 11:23:47.699,25.6,101.4
2024-06-01 11:23:56.215,25.6,101.4
2024-06-01 11:24:04.707,25.6,101.4
2024-06-01 11:24:13.105,25.6,101.4
2024-06-01 11:24:21.565,25.5,101.4
2024-06-01 11:24:29.988,25.6,101.4
2024-06-01 11:24:38.432,25.5,101.4
2024-06-01 11:24:46.761,25.5,101.4
2024-06-01 11:24:55.343,25.5,101.4
2024-06-01 11:25:03.680,25.6,101.4
2024-06-01 11:25:12.168,25.5,101.4
2024-06-01 11:25:20.619,25.6,101.4
2024-06-01 11:25:29.030,25.6,101.4
2024-06-01 11:25:37.432,25.7,101.4
2024-06-01 11:25:45.830,25.6,101.4
2024-06-01 11:25:54.239,25.6,101.4
2024-06-01 11:26:02.607,25.6,101.4
2024-06-01 11:26:11.129,25.6,101.4
2024-06-01 11:26:19.586,25.6,101.4
2024-06-01 11:26:28.080,25.6,101.4
2024-06-01 11:26:36.481,25.6,101.4
2024-06-01 11:26:44.910,25.6,101.4
2024-06-01 11:26:53.427,25.6,101.4
2024-06-01 11:27:01.855,25.6,101.4
2024-06-01 11:27:10.132,25.6,101.4
2024-06-01 11:27:18.568,25.6,101.4
2024-06-01 11:27:27.084,25.6,101.4
2024-06-01 11:27:35.323,25.6,101.4
2024-06-01 11:27:43.793,25.6,101.4
2024-06-01 11:27:52.293,25.6,101.4
2024-06-01 11:28:00.824,25.5,101.4
2024-06-01 11:28:09.296,25.5,101.4
2024-06-01 11:28:17.742,25.6,101.4
2024-06-01 11:28:26.168,25.6,101.4
2024-06-01 11:28:34.632,25.6,101.4
2024-06-01 11:28:43.119,25.6,101.4
2024-06-01 11:28:51.500,25.5,101.4
2024-06-01 11:29:00.018,25.5,101.4
2024-06-01 11:29:08.342,25.6,101.4
2024-06-01 11:29:16.736,25.6,101.4
2024-06-01 11:29:25.224,25.6,101.4
2024-06-01 11:29:33.757,25.6,101.4
2024-06-01 11:29:42.321,25.6,101.4
2024-06-01 11:29:50.736,25.6,101.4
2024-06-01 11:29:59.242,25.6,101.4
2024-06-01 11:30:07.671,25.6,101.4
2024-06-01 11:30:15.964,25.6,101.4
2024-06-01 11:30:24.447,25.6,101.4
2024-06-01 11:30:32.814,25.6,101.4
2024-06-01 11:30:41.220,25.6,101.4
2024-06-01 11:30:49.787,25.5,101.4
2024-06-01 11:30:58.186,25.5,101.4
2024-06-01 11:31:06.726,25.5,101.4
2024-06-01 11:31:15.204,25.6,101.4
2024-06-01 11:31:23.636,25.5,101.4
2024-06-01 11:31:32.141,25.5,101.4
2024-06-01 11:31:40.591,25.5,101.4
2024-06-01 11:31:48.993,25.5,101.4
2024-06-01 11:31:57.377,25.6,101.4
2024-06-01 11:32:05.822,25.5,101.4
2024-06-01 11:32:14.173,25.5,101.4
2024-06-01 11:32:22.725,25.5,101.4
2024-06-01 11:32:31.152,25.5,101.4
2024-06-01 11:32:39.636,25.5,101.4
2024-06-01 11:32:48.157,25.6,101.4
2024-06-01 11:32:56.597,25.5,101.4
2024-06-01 11:33:04.972,25.5,101.4
2024-06-01 11:33:13.328,25.6,101.4
2024-06-01 11:33:21.757,25.6,101.4
2024-06-01 11:33:30.243,25.6,101.4
2024-06-01 11:33:38.694,25.6,101.4
2024-06-01 11:33:47.183,25.6,101.4
2024-06-01 11:33:55.607,25.6,101.4
2024-06-01 11:34:03.978,25.5,101.4
2024-06-01 11:34:12.335,25.5,101.4
2024-06-01 11:34:20.815,25.5,101.4
2024-06-01 11:34:29.221,25.5,101.4
2024-06-01 11:34:37.674,25.5,101.4
2024-06-01 11:34:46.126,25.5,101.4
2024-06-01 11:34:54.516,25.5,101.4
2024-06-01 11:35:02.985,25.5,101.4
2024-06-01 11:35:11.371,25.5,101.4
2024-06-01 11:35:19.812,25.5,101.4
2024-06-01 11:35:28.214,25.5,101.4
2024-06-01 11:35:36.691,25.5,101.4
2024-06-01 11:35:45.023,25.5,101.4
2024-06-01 11:35:53.400,25.5,101.4
2024-06-01 11:36:01.860,25.5,101.4
2024-06-01 11:36:10.252,25.5,101.4
2024-06-01 11:36:18.800,25.5,101.4
2024-06-01 11:36:27.298,25.5,101.4
2024-06-01 11:36:35.696,25.5,101.4
2024-06-01 11:36:44.086,25.5,101.4
2024-06-01 11:36:52.510,25.5,101.4
2024-06-01 11:37:00.887,25.5,101.4
2024-06-01 11:37:09.333,25.5,101.4
2024-06-01 11:37:17.827,25.5,101.4
2024-06-01 11:37:26.267,25.5,101.4
2024-06-01 11:37:34.758,25.5,101.4
2024-06-01 11:37:43.193,25.6,101.4
2024-06-01 11:37:51.744,25.5,101.4
2024-06-01 11:38:00.197,25.5,101.4
2024-06-01 11:38:08.592,25.5,101.4
2024-06-01 11:38:16.968,25.5,101.4
2024-06-01 11:38:25.473,25.5,101.4
2024-06-01 11:38:33.896,25.6,101.4
2024-06-01 11:38:42.291,25.5,101.4
2024-06-01 11:38:50.739,25.6,101.4
2024-06-01 11:38:59.225,25.5,101.4
2024-06-01 11:39:07.668,25.5,101.4
2024-06-01 11:39:16.073,25.5,101.4
2024-06-01 11:39:24.458,25.5,101.4
2024-06-01 11:39:32.813,25.5,101.4
2024-06-01 11:39:41.330,25.5,101.4
2024-06-01 11:39:49.818,25.5,101.4
2024-06-01 11:39:58.205,25.5,101.4
2024-06-01 11:40:06.650,25.5,101.4
2024-06-01 11:40:15.183,25.5,101.4
2024-06-01 11:40:23.489,25.5,101.4
2024-06-01 11:40:31.776,25.5,101.4
2024-06-01 11:40:40.188,25.5,101.4
2024-06-01 11:40:48.589,25.5,101.4
2024-06-01 11:40:56.974,25.6,101.4
2024-06-01 11:41:05.514,25.5,101.4
2024-06-01 11:41:13.832,25.5,101.4
2024-06-01 11:41:22.242,25.5,101.4
2024-06-01 11:41:30.729,25.5,101.4
2024-06-01 11:41:39.038,25.5,101.4
2024-06-01 11:41:47.391,25.5,101.4
2024-06-01 11:41:55.742,25.5,101.4
2024-06-01 11:42:04.207,25.6,101.4
2024-06-01 11:42:12.640,25.6,101.4
2024-06-01 11:42:20.953,25.6,101.4
2024-06-01 11:42:29.466,25.5,101.4
2024-06-01 11:42:37.832,25.6,101.4
2024-06-01 11:42:46.259,25.5,101.4
2024-06-01 11:42:54.741,25.6,101.4
2024-06-01 11:43:02.921,25.6,101.4
2024-06-01 11:43:11.515,25.5,101.4
2024-06-01 11:43:19.888,25.5,101.4
2024-06-01 11:43:28.322,25.5,101.4
2024-06-01 11:43:36.711,25.5,101.4
2024-06-01 11:43:45.060,25.5,101.4
2024-06-01 11:43:53.414,25.5,101.4
2024-06-01 11:44:01.949,25.5,101.4
2024-06-01 11:44:10.337,25.5,101.4
2024-06-01 11:44:18.847,25.5,101.4
2024-06-01 11:44:27.251,25.5,101.4
2024-06-01 11:44:35.731,25.5,101.4
2024-06-01 11:44:44.201,25.5,101.4
2024-06-01 11:44:52.469,25.5,101.4
2024-06-01 11:45:00.884,25.5,101.4
2024-06-01 11:45:09.370,25.5,101.4
2024-06-01 11:45:17.861,25.5,101.4
2024-06-01 11:45:26.291,25.5,101.4
2024-06-01 11:45:34.780,25.5,101.4
2024-06-01 11:45:43.205,25.5,101.4
2024-06-01 11:45:51.611,25.5,101.4
2024-06-01 11:45:59.989,25.5,101.4
2024-06-01 11:46:08.318,25.5,101.4
2024-06-01 11:46:16.842,25.5,101.4
2024-06-01 11:46:25.271,25.5,101.4
2024-06-01 11:46:33.718,25.5,101.4
2024-06-01 11:46:42.014,25.5,101.4
2024-06-01 11:46:50.446,25.5,101.4
2024-06-01 11:46:58.951,25.5,101.4
2024-06-01 11:47:07.352,25.5,101.4
2024-06-01 11:47:15.760,25.5,101.4
2024-06-01 11:47:24.194,25.5,101.4
2024-06-01 11:47:32.637,25.5,101.4
2024-06-01 11:47:40.887,25.5,101.4
2024-06-01 11:47:49.314,25.5,101.4
2024-06-01 11:47:57.812,25.5,101.4
2024-06-01 11:48:06.275,25.5,101.4
2024-06-01 11:48:14.572,25.5,101.4
2024-06-01 11:48:22.895,25.5,101.4
2024-06-01 11:48:31.414,25.5,101.4
2024-06-01 11:48:39.751,25.5,101.4
2024-06-01 11:48:48.220,25.5,101.4
2024-06-01 11:48:56.631,25.5,101.4
2024-06-01 11:49:05.075,25.5,101.4
2024-06-01 11:49:13.439,25.5,101.4
2024-06-01 11:49:21.952,25.5,101.4
2024-06-01 11:49:30.323,25.5,101.4
2024-06-01 11:49:38.774,25.5,101.4
2024-06-01 11:49:47.128,25.5,101.4
2024-06-01 11:49:55.558,25.5,101.4
2024-06-01 11:50:03.970,25.5,101.4
2024-06-01 11:50:12.493,25.5,101.4
2024-06-01 11:50:20.751,25.5,101.4
2024-06-01 11:50:29.295,25.5,101.4
2024-06-01 11:50:37.750,25.5,101.4
2024-06-01 11:50:46.017,25.5,101.4
2024-06-01 11:50:54.366,25.5,101.4
2024-06-01 11:51:02.776,25.5,101.4
2024-06-01 11:51:11.199,25.5,101.4
2024-06-01 11:51:19.600,25.5,101.4
2024-06-01 11:51:28.006,25.5,101.4
2024-06-01 11:51:36.442,25.5,101.4
2024-06-01 11:51:44.884,25.5,101.4
2024-06-01 11:51:53.313,25.5,101.4
2024-06-01 11:52:01.804,25.5,101.4
2024-06-01 11:52:10.320,25.6,101.4
2024-06-01 11:52:18.736,25.5,101.4
2024-06-01 11:52:27.122,25.5,101.4
2024-06-01 11:52:35.490,25.5,101.4
2024-06-01 11:52:43.917,25.5,101.4
2024-06-01 11:52:52.385,25.5,101.4
2024-06-01 11:53:00.900,25.6,101.4
2024-06-01 11:53:09.341,25.5,101.4
2024-06-01 11:53:17.769,25.5,101.4
2024-06-01 11:53:26.159,25.5,101.4
2024-06-01 11:53:34.489,25.5,101.4
2024-06-01 11:53:42.898,25.5,101.4
2024-06-01 11:53:51.377,25.5,101.4
2024-06-01 11:53:59.862,25.5,101.4
2024-06-01 11:54:08.317,25.5,101.4
2024-06-01 11:54:16.850,25.5,101.4
2024-06-01 11:54:25.225,25.5,101.4
2024-06-01 11:54:33.647,25.5,101.4
2024-06-01 11:54:42.087,25.5,101.4
2024-06-01 11:54:50.527,25.5,101.4
2024-06-01 11:54:58.948,25.5,101.4
2024-06-01 11:55:07.281,25.5,101.4
2024-06-01 11:55:15.816,25.5,101.4
2024-06-01 11:55:24.091,25.5,101.4
2024-06-01 11:55:32.586,25.5,101.4
2024-06-01 11:55:41.047,25.5,101.4
2024-06-01 11:55:49.422,25.5,101.4
2024-06-01 11:55:57.830,25.5,101.4
2024-06-01 11:56:06.323,25.5,101.4
2024-06-01 11:56:14.723,25.5,101.4
2024-06-01 11:56:23.135,25.5,101.4
2024-06-01 11:56:31.517,25.6,101.4
2024-06-01 11:56:39.935,25.5,101.4
2024-06-01 11:56:48.394,25.5,101.4
2024-06-01 11:56:56.718,25.6,101.4
2024-06-01 11:57:05.147,25.5,101.4
2024-06-01 11:57:13.495,25.5,101.4
2024-06-01 11:57:22.126,25.5,101.4
2024-06-01 11:57:30.461,25.6,101.4
2024-06-01 11:57:39.003,25.5,101.4
2024-06-01 11:57:47.473,25.5,101.4
2024-06-01 11:57:55.866,25.5,101.4
2024-06-01 11:58:04.273,25.5,101.4
2024-06-01 11:58:12.609,25.5,101.4
2024-06-01 11:58:20.966,25.5,101.4
2024-06-01 11:58:29.417,25.5,101.4
2024-06-01 11:58:37.858,25.5,101.4
2024-06-01 11:58:46.237,25.5,101.4
2024-06-01 11:58:54.559,25.5,101.4
2024-06-01 11:59:03.025,25.5,101.4
2024-06-01 11:59:11.389,25.5,101.4
2024-06-01 11:59:19.843,25.5,101.4
2024-06-01 11:59:28.260,25.5,101.4
2024-06-01 11:59:36.431,25.5,101.4
2024-06-01 11:59:44.931,25.5,101.4
2024-06-01 11:59:53.395,25.5,101.4
2024-06-01 12:00:01.890,25.5,101.4
2024-06-01 12:00:10.358,25.4,101.4
2024-06-01 12:00:18.615,25.4,101.4
2024-06-01 12:00:27.135,25.5,101.4
2024-06-01 12:00:35.520,25.5,101.4
2024-06-01 12:00:43.974,25.5,101.4
2024-06-01 12:00:52.436,25.5,101.4
2024-06-01 12:01:00.892,25.5,101.4
2024-06-01 12:01:09.302,25.5,101.4
2024-06-01 12:01:17.593,25.5,101.4
2024-06-01 12:01:26.019,25.5,101.4
2024-06-01 12:01:34.410,25.5,101.4
2024-06-01 12:01:42.902,25.5,101.4
2024-06-01 12:01:51.351,25.5,101.4
2024-06-01 12:01:59.651,25.5,101.4
2024-06-01 12:02:08.197,25.5,101.4
2024-06-01 12:02:16.433,25.5,101.4
2024-06-01 12:02:24.954,25.5,101.4
2024-06-01 12:02:33.424,25.5,101.4
2024-06-01 12:02:41.811,25.5,101.4
2024-06-01 12:02:50.356,25.5,101.4
2024-06-01 12:02:58.747,25.5,101.4
2024-06-01 12:03:07.279,25.5,101.4
2024-06-01 12:03:15.513,25.5,101.4
2024-06-01 12:03:24.008,25.5,101.4
2024-06-01 12:03:32.472,25.5,101.4
2024-06-01 12:03:40.860,25.5,101.4
2024-06-01 12:03:49.306,25.5,101.4
2024-06-01 12:03:57.669,25.5,101.4
2024-06-01 12:04:06.044,25.5,101.4
2024-06-01 12:04:14.497,25.5,101.4
2024-06-01 12:04:22.933,25.5,101.4
2024-06-01 12:04:31.318,25.5,101.4
2024-06-01 12:04:39.638,25.4,101.4
2024-06-01 12:04:48.041,25.5,101.4
2024-06-01 12:04:56.542,25.5,101.4
2024-06-01 12:05:05.015,25.5,101.4
2024-06-01 12:05:13.548,25.5,101.4
2024-06-01 12:05:22.054,25.5,101.4
2024-06-01 12:05:30.424,25.5,101.4
2024-06-01 12:05:38.893,25.5,101.4
2024-06-01 12:05:47.233,25.5,101.4
2024-06-01 12:05:55.551,25.4,101.4
2024-06-01 12:06:04.010,25.5,101.4
2024-06-01 12:06:12.442,25.4,101.4
2024-06-01 12:06:20.770,25.4,101.4
2024-06-01 12:06:29.253,25.4,101.4
2024-06-01 12:06:37.618,25.4,101.4
2024-06-01 12:06:46.029,25.4,101.4
2024-06-01 12:06:54.398,25.4,101.4
2024-06-01 12:07:02.866,25.5,101.4
2024-06-01 12:07:11.262,25.5,101.4
2024-06-01 12:07:19.698,25.5,101.4
2024-06-01 12:07:28.074,25.5,101.4
2024-06-01 12:07:36.552,25.5,101.4
2024-06-01 12:07:45.007,25.5,101.4
2024-06-01 12:07:53.471,25.5,101.4
2024-06-01 12:08:01.885,25.5,101.4
2024-06-01 12:08:10.113,25.5,101.4
2024-06-01 12:08:18.553,25.5,101.4
2024-06-01 12:08:27.031,25.5,101.4
2024-06-01 12:08:35.461,25.4,101.4
2024-06-01 12:08:43.801,25.4,101.4
2024-06-01 12:08:52.237,25.5,101.4
2024-06-01 12:09:00.701,25.5,101.4
2024-06-01 12:09:08.995,25.5,101.4
2024-06-01 12:09:17.451,25.4,101.4
2024-06-01 12:09:25.822,25.5,101.4
2024-06-01 12:09:34.270,25.5,101.4
2024-06-01 12:09:42.502,25.5,101.4
2024-06-01 12:09:51.054,25.5,101.4
2024-06-01 12:09:59.520,25.5,101.4
2024-06-01 12:10:07.983,25.5,101.4
2024-06-01 12:10:16.482,25.5,101.4
2024-06-01 12:10:24.991,25.5,101.4
2024-06-01 12:10:33.312,25.5,101.4
2024-06-01 12:10:41.583,25.5,101.4
2024-06-01 12:10:50.054,25.5,101.4
2024-06-01 12:10:58.497,25.4,101.4
2024-06-01 12:11:06.998,25.4,101.4
2024-06-01 12:11:15.513,25.5,101.4
2024-06-01 12:11:23.821,25.5,101.4
2024-06-01 12:11:32.242,25.5,101.4
2024-06-01 12:11:40.646,25.5,101.4
2024-06-01 12:11:49.048,25.5,101.4
2024-06-01 12:11:57.581,25.5,101.4
2024-06-01 12:12:05.992,25.5,101.4
2024-06-01 12:12:14.353,25.5,101.4
2024-06-01 12:12:22.617,25.4,101.4
2024-06-01 12:12:31.071,25.5,101.4
2024-06-01 12:12:39.526,25.5,101.4
2024-06-01 12:12:47.942,25.5,101.4
2024-06-01 12:12:56.273,25.5,101.4
2024-06-01 12:13:04.707,25.4,101.4
2024-06-01 12:13:13.127,25.4,101.4
2024-06-01 12:13:21.662,25.5,101.4
2024-06-01 12:13:30.140,25.5,101.4
2024-06-01 12:13:38.602,25.5,101.4
2024-06-01 12:13:47.019,25.4,101.4
2024-06-01 12:13:55.520,25.4,101.4
2024-06-01 12:14:03.952,25.4,101.4
2024-06-01 12:14:12.424,25.4,101.4
2024-06-01 12:14:20.771,25.4,101.4
2024-06-01 12:14:29.080,25.4,101.4
2024-06-01 12:14:37.570,25.4,101.4
2024-06-01 12:14:46.066,25.4,101.4
2024-06-01 12:14:54.493,25.4,101.4
2024-06-01 12:15:02.842,25.5,101.4
2024-06-01 12:15:11.237,25.5,101.4
2024-06-01 12:15:19.677,25.4,101.4
2024-06-01 12:15:28.048,25.5,101.4
2024-06-01 12:15:36.432,25.5,101.4
2024-06-01 12:15:44.864,25.5,101.4
2024-06-01 12:15:53.097,25.5,101.4
2024-06-01 12:16:01.632,25.5,101.4
2024-06-01 12:16:10.100,25.4,101.4
2024-06-01 12:16:18.591,25.4,101.4
2024-06-01 12:16:26.997,25.4,101.4
2024-06-01 12:16:35.337,25.4,101.4
2024-06-01 12:16:43.813,25.4,101.4
2024-06-01 12:16:52.122,25.4,101.4
2024-06-01 12:17:00.596,25.5,101.4
2024-06-01 12:17:09.027,25.4,101.4
2024-06-01 12:17:17.503,25.5,101.4
2024-06-01 12:17:25.859,25.5,101.4
2024-06-01 12:17:34.310,25.4,101.4
2024-06-01 12:17:42.754,25.4,101.4
2024-06-01 12:17:51.164,25.5,101.4
2024-06-01 12:17:59.540,25.4,101.4
2024-06-01 12:18:07.953,25.4,101.4
2024-06-01 12:18:16.237,25.4,101.4
2024-06-01 12:18:24.586,25.4,101.4
2024-06-01 12:18:33.150,25.5,101.4
2024-06-01 12:18:41.589,25.5,101.4
2024-06-01 12:18:49.985,25.5,101.4
2024-06-01 12:18:58.389,25.5,101.4
2024-06-01 12:19:06.848,25.5,101.4
2024-06-01 12:19:15.289,25.5,101.4
2024-06-01 12:19:23.739,25.4,101.4
2024-06-01 12:19:32.104,25.4,101.4
2024-06-01 12:19:40.552,25.5,101.4
2024-06-01 12:19:49.031,25.4,101.4
2024-06-01 12:19:57.616,25.4,101.4
2024-06-01 12:20:06.020,25.5,101.4
2024-06-01 12:20:14.441,25.5,101.4
2024-06-01 12:20:22.826,25.5,101.4
2024-06-01 12:20:31.278,25.4,101.4
2024-06-01 12:20:39.606,25.4,101.4
2024-06-01 12:20:48.068,25.5,101.4
2024-06-01 12:20:56.519,25.4,101.4
2024-06-01 12:21:04.898,25.5,101.4
2024-06-01 12:21:13.385,25.4,101.4
2024-06-01 12:21:21.702,25.5,101.4
2024-06-01 12:21:30.245,25.5,101.4
2024-06-01 12:21:38.545,25.4,101.4
2024-06-01 12:21:47.113,25.5,101.4
2024-06-01 12:21:55.546,25.5,101.4
2024-06-01 12:22:03.912,25.5,101.4
2024-06-01 12:22:12.247,25.5,101.4
2024-06-01 12:22:20.687,25.4,101.4
2024-06-01 12:22:29.141,25.4,101.4
2024-06-01 12:22:37.673,25.5,101.4
2024-06-01 12:22:45.904,25.5,101.4
2024-06-01 12:22:54.422,25.5,101.4
2024-06-01 12:23:02.827,25.5,101.4
2024-06-01 12:23:11.174,25.5,101.4
2024-06-01 12:23:19.638,25.4,101.4
2024-06-01 12:23:28.102,25.4,101.4
2024-06-01 12:23:36.528,25.4,101.4
2024-06-01 12:23:44.909,25.4,101.4
2024-06-01 12:23:53.161,25.4,101.4
2024-06-01 12:24:01.688,25.4,101.4
2024-06-01 12:24:10.142,25.4,101.4
2024-06-01 12:24:18.591,25.4,101.4
2024-06-01 12:24:26.974,25.4,101.4
2024-06-01 12:24:35.290,25.4,101.4
2024-06-01 12:24:43.724,25.4,101.4
2024-06-01 12:24:52.183,25.5,101.4
2024-06-01 12:25:00.640,25.5,101.4
2024-06-01 12:25:09.129,25.5,101.4
2024-06-01 12:25:17.573,25.4,101.4
2024-06-01 12:25:25.984,25.4,101.4
2024-06-01 12:25:34.517,25.4,101.4
2024-06-01 12:25:42.907,25.4,101.4
2024-06-01 12:25:51.437,25.4,101.4
2024-06-01 12:25:59.746,25.5,101.4
2024-06-01 12:26:08.235,25.5,101.4
2024-06-01 12:26:16.785,25.5,101.4
2024-06-01 12:26:25.210,25.5,101.4
2024-06-01 12:26:33.666,25.5,101.4
2024-06-01 12:26:42.123,25.4,101.4
2024-06-01 12:26:50.627,25.4,101.4
2024-06-01 12:26:59.048,25.4,101.4
2024-06-01 12:27:07.452,25.4,101.4
2024-06-01 12:27:15.800,25.4,101.4
2024-06-01 12:27:24.322,25.4,101.4
2024-06-01 12:27:32.773,25.4,101.4
2024-06-01 12:27:41.169,25.4,101.4
2024-06-01 12:27:49.672,25.4,101.4
2024-06-01 12:27:58.208,25.5,101.4
2024-06-01 12:28:06.646,25.5,101.4
2024-06-01 12:28:15.034,25.5,101.4
2024-06-01 12:28:23.494,25.4,101.4
2024-06-01 12:28:31.848,25.5,101.4
2024-06-01 12:28:40.405,25.5,101.4
2024-06-01 12:28:48.877,25.5,101.4
2024-06-01 12:28:57.282,25.5,101.4
2024-06-01 12:29:05.652,25.4,101.4
2024-06-01 12:29:14.145,25.5,101.4
2024-06-01 12:29:22.543,25.5,101.4
2024-06-01 12:29:30.966,25.5,101.4
2024-06-01 12:29:39.434,25.4,101.4
2024-06-01 12:29:47.784,25.5,101.4
2024-06-01 12:29:56.166,25.5,101.4
2024-06-01 12:30:04.723,25.5,101.4
2024-06-01 12:30:13.076,25.4,101.4
2024-06-01 12:30:21.551,25.5,101.4
2024-06-01 12:30:29.941,25.5,101.4
2024-06-01 12:30:38.299,25.5,101.4
2024-06-01 12:30:46.686,25.4,101.4
2024-06-01 12:30:55.183,25.4,101.4
2024-06-01 12:31:03.609,25.4,101.4
2024-06-01 12:31:11.862,25.4,101.4
2024-06-01 12:31:20.337,25.4,101.4
2024-06-01 12:31:28.759,25.4,101.4
2024-06-01 12:31:37.219,25.4,101.4
2024-06-01 12:31:45.693,25.4,101.4
2024-06-01 12:31:54.082,25.5,101.4
2024-06-01 12:32:02.467,25.4,101.4
2024-06-01 12:32:10.878,25.4,101.4
2024-06-01 12:32:19.347,25.4,101.4
2024-06-01 12:32:27.683,25.5,101.4
2024-06-01 12:32:36.092,25.4,101.4
2024-06-01 12:32:44.449,25.5,101.4
2024-06-01 12:32:52.849,25.5,101.4
2024-06-01 12:33:01.295,25.5,101.4
2024-06-01 12:33:09.815,25.5,101.4
2024-06-01 12:33:18.234,25.4,101.4
2024-06-01 12:33:26.681,25.5,101.4
2024-06-01 12:33:35.061,25.5,101.4
2024-06-01 12:33:43.566,25.5,101.4
2024-06-01 12:33:51.979,25.5,101.4
2024-06-01 12:34:00.223,25.5,101.4
2024-06-01 12:34:08.791,25.5,101.4
2024-06-01 12:34:17.179,25.4,101.4
2024-06-01 12:34:25.762,25.4,101.4
2024-06-01 12:34:34.196,25.4,101.4
2024-06-01 12:34:42.614,25.4,101.4
2024-06-01 12:34:50.965,25.4,101.4
2024-06-01 12:34:59.423,25.4,101.4
2024-06-01 12:35:07.780,25.4,101.4
2024-06-01 12:35:16.148,25.4,101.4
2024-06-01 12:35:24.595,25.4,101.4
2024-06-01 12:35:33.035,25.4,101.4
2024-06-01 12:35:41.419,25.4,101.4
2024-06-01 12:35:49.887,25.4,101.4
2024-06-01 12:35:58.265,25.4,101.4
2024-06-01 12:36:06.690,25.4,101.4
2024-06-01 12:36:15.129,25.4,101.4
2024-06-01 12:36:23.560,25.4,101.4
2024-06-01 12:36:31.953,25.4,101.4
2024-06-01 12:36:40.328,25.4,101.4
2024-06-01 12:36:48.868,25.4,101.4
2024-06-01 12:36:57.240,25.4,101.4
2024-06-01 12:37:05.659,25.4,101.4
2024-06-01 12:37:14.073,25.4,101.4
2024-06-01 12:37:22.461,25.4,101.4
2024-06-01 12:37:30.930,25.4,101.4
2024-06-01 12:37:39.325,25.4,101.4
2024-06-01 12:37:47.732,25.4,101.4
2024-06-01 12:37:56.214,25.4,101.4
2024-06-01 12:38:04.633,25.4,101.4
2024-06-01 12:38:12.941,25.4,101.4
2024-06-01 12:38:21.322,25.4,101.4
2024-06-01 12:38:29.756,25.4,101.4
2024-06-01 12:38:38.205,25.5,101.4
2024-06-01 12:38:46.580,25.5,101.4
2024-06-01 12:38:55.011,25.5,101.4
2024-06-01 12:39:03.347,25.4,101.4
2024-06-01 12:39:11.733,25.4,101.4
2024-06-01 12:39:20.209,25.4,101.4
2024-06-01 12:39:28.703,25.4,101.4
2024-06-01 12:39:37.137,25.4,101.4
2024-06-01 12:39:45.419,25.4,101.4
2024-06-01 12:39:53.724,25.4,101.4
2024-06-01 12:40:02.217,25.4,101.4
2024-06-01 12:40:10.573,25.4,101.4
2024-06-01 12:40:18.801,25.5,101.4
2024-06-01 12:40:27.258,25.4,101.4
2024-06-01 12:40:35.690,25.4,101.5
2024-06-01 12:40:44.156,25.4,101.5
2024-06-01 12:40:52.628,25.4,101.5
2024-06-01 12:41:00.990,25.4,101.4
2024-06-01 12:41:09.346,25.5,101.4
2024-06-01 12:41:17.805,25.5,101.4
2024-06-01 12:41:26.243,25.4,101.4
2024-06-01 12:41:34.695,25.4,101.5
2024-06-01 12:41:43.031,25.4,101.5
2024-06-01 12:41:51.386,25.4,101.5
2024-06-01 12:41:59.938,25.4,101.5
2024-06-01 12:42:08.335,25.4,101.5
2024-06-01 12:42:16.811,25.5,101.5
2024-06-01 12:42:25.301,25.5,101.5
2024-06-01 12:42:33.739,25.5,101.5
2024-06-01 12:42:42.271,25.5,101.5
2024-06-01 12:42:50.698,25.4,101.5
2024-06-01 12:42:59.072,25.4,101.5
2024-06-01 12:43:07.382,25.5,101.5
2024-06-01 12:43:15.852,25.5,101.5
2024-06-01 12:43:24.263,25.5,101.5
2024-06-01 12:43:32.782,25.5,101.5
2024-06-01 12:43:41.185,25.5,101.5
2024-06-01 12:43:49.529,25.4,101.5
2024-06-01 12:43:58.058,25.5,101.5
2024-06-01 12:44:06.386,25.4,101.5
2024-06-01 12:44:14.831,25.4,101.5
2024-06-01 12:44:23.255,25.4,101.5
2024-06-01 12:44:31.738,25.4,101.5
2024-06-01 12:44:40.237,25.4,101.5
2024-06-01 12:44:48.649,25.5,101.5
2024-06-01 12:44:57.066,25.5,101.5
2024-06-01 12:45:05.526,25.5,101.5
2024-06-01 12:45:13.907,25.4,101.5
2024-06-01 12:45:22.372,25.4,101.5
2024-06-01 12:45:30.863,25.4,101.5
2024-06-01 12:45:39.306,25.4,101.5
2024-06-01 12:45:47.750,25.4,101.5
2024-06-01 12:45:56.048,25.4,101.5
2024-06-01 12:46:04.433,25.5,101.5
2024-06-01 12:46:12.873,25.5,101.5
2024-06-01 12:46:21.258,25.4,101.5
2024-06-01 12:46:29.656,25.4,101.5
2024-06-01 12:46:38.060,25.4,101.5
2024-06-01 12:46:46.523,25.4,101.5
2024-06-01 12:46:54.779,25.4,101.5
2024-06-01 12:47:03.279,25.4,101.5
2024-06-01 12:47:11.727,25.4,101.5
2024-06-01 12:47:20.015,25.5,101.5
2024-06-01 12:47:28.470,25.5,101.5
2024-06-01 12:47:36.872,25.4,101.5
2024-06-01 12:47:45.400,25.4,101.5
2024-06-01 12:47:53.842,25.4,101.5
2024-06-01 12:48:02.243,25.4,101.5
2024-06-01 12:48:10.708,25.4,101.5
2024-06-01 12:48:19.056,25.4,101.5
2024-06-01 12:48:27.526,25.4,101.5
2024-06-01 12:48:35.912,25.4,101.5
2024-06-01 12:48:44.323,25.4,101.5
2024-06-01 12:48:52.563,25.4,101.5
2024-06-01 12:49:00.955,25.4,101.5
2024-06-01 12:49:09.465,25.4,101.5
2024-06-01 12:49:17.882,25.5,101.5
2024-06-01 12:49:26.292,25.5,101.5
2024-06-01 12:49:34.709,25.4,101.5
2024-06-01 12:49:43.023,25.4,101.5
2024-06-01 12:49:51.437,25.4,101.5
2024-06-01 12:49:59.797,25.5,101.5
2024-06-01 12:50:08.229,25.5,101.5
2024-06-01 12:50:16.601,25.5,101.5
2024-06-01 12:50:25.096,25.5,101.5
2024-06-01 12:50:33.355,25.5,101.5
2024-06-01 12:50:41.794,25.4,101.5
2024-06-01 12:50:50.121,25.4,101.5
2024-06-01 12:50:58.423,25.4,101.5
2024-06-01 12:51:06.900,25.5,101.5
2024-06-01 12:51:15.320,25.4,101.5
2024-06-01 12:51:23.762,25.4,101.5
2024-06-01 12:51:32.243,25.4,101.5
2024-06-01 12:51:40.572,25.4,101.5
2024-06-01 12:51:49.051,25.5,101.5
2024-06-01 12:51:57.446,25.5,101.5
2024-06-01 12:52:05.838,25.4,101.5
2024-06-01 12:52:14.206,25.5,101.5
2024-06-01 12:52:22.738,25.5,101.5
2024-06-01 12:52:31.157,25.5,101.5
2024-06-01 12:52:39.569,25.5,101.5
2024-06-01 12:52:47.821,25.4,101.5
2024-06-01 12:52:56.301,25.4,101.5
2024-06-01 12:53:04.673,25.4,101.5
2024-06-01 12:53:13.155,25.4,101.5
2024-06-01 12:53:21.478,25.5,101.5
2024-06-01 12:53:29.984,25.5,101.5
2024-06-01 12:53:38.405,25.4,101.5
2024-06-01 12:53:46.816,25.4,101.5
2024-06-01 12:53:55.270,25.4,101.5
2024-06-01 12:54:03.584,25.4,101.5
2024-06-01 12:54:12.091,25.4,101.5
2024-06-01 12:54:20.555,25.5,101.5
2024-06-01 12:54:28.977,25.5,101.5
2024-06-01 12:54:37.501,25.5,101.5
2024-06-01 12:54:45.880,25.4,101.5
2024-06-01 12:54:54.330,25.5,101.5
2024-06-01 12:55:02.755,25.4,101.5
2024-06-01 12:55:11.278,25.4,101.5
2024-06-01 12:55:19.692,25.4,101.5
2024-06-01 12:55:28.128,25.4,101.5
2024-06-01 12:55:36.447,25.4,101.5
2024-06-01 12:55:44.921,25.4,101.5
2024-06-01 12:55:53.289,25.4,101.5
2024-06-01 12:56:01.690,25.4,101.5
2024-06-01 12:56:10.101,25.4,101.5
2024-06-01 12:56:18.579,25.5,101.5
2024-06-01 12:56:27.002,25.5,101.5
2024-06-01 12:56:35.502,25.4,101.5
2024-06-01 12:56:43.972,25.5,101.5
2024-06-01 12:56:52.392,25.5,101.5
2024-06-01 12:57:00.861,25.5,101.5
2024-06-01 12:57:09.314,25.5,101.5
2024-06-01 12:57:17.588,25.5,101.5
2024-06-01 12:57:25.926,25.4,101.5
2024-06-01 12:57:34.385,25.4,101.5
2024-06-01 12:57:42.767,25.4,101.5
2024-06-01 12:57:51.032,25.5,101.5
2024-06-01 12:57:59.544,25.5,101.5
2024-06-01 12:58:07.883,25.4,101.5
2024-06-01 12:58:16.353,25.4,101.5
2024-06-01 12:58:24.726,25.4,101.5
2024-06-01 12:58:33.046,25.4,101.5
2024-06-01 12:58:41.479,25.4,101.5
2024-06-01 12:58:49.944,25.4,101.5
2024-06-01 12:58:58.391,25.4,101.5
2024-06-01 12:59:06.772,25.4,101.5
2024-06-01 12:59:15.240,25.5,101.5
2024-06-01 12:59:23.522,25.4,101.5
2024-06-01 12:59:32.009,25.5,101.5
2024-06-01 12:59:40.422,25.5,101.5
2024-06-01 12:59:48.950,25.5,101.5
2024-06-01 12:59:57.341,25.4,101.5
2024-06-01 13:00:05.738,25.5,101.5
2024-06-01 13:00:13.994,25.5,101.5
2024-06-01 13:00:22.572,25.5,101.5
2024-06-01 13:00:30.989,25.5,101.5
2024-06-01 13:00:39.486,25.4,101.5
2024-06-01 13:00:47.887,25.4,101.5
2024-06-01 13:00:56.279,25.4,101.5
2024-06-01 13:01:04.774,25.5,101.5
2024-06-01 13:01:13.230,25.5,101.5
2024-06-01 13:01:21.495,25.5,101.5
2024-06-01 13:01:29.969,25.5,101.5
2024-06-01 13:01:38.468,25.5,101.5
2024-06-01 13:01:46.861,25.5,101.5
2024-06-01 13:01:55.203,25.5,101.5
2024-06-01 13:02:03.652,25.5,101.5
2024-06-01 13:02:11.976,25.5,101.5
2024-06-01 13:02:20.486,25.5,101.5
2024-06-01 13:02:28.917,25.5,101.5
2024-06-01 13:02:37.404,25.5,101.5
2024-06-01 13:02:45.758,25.5,101.5
2024-06-01 13:02:54.060,25.4,101.5
2024-06-01 13:03:02.597,25.4,101.5
2024-06-01 13:03:11.031,25.4,101.5
2024-06-01 13:03:19.590,25.4,101.5
2024-06-01 13:03:27.980,25.4,101.5
2024-06-01 13:03:36.447,25.4,101.5
2024-06-01 13:03:44.840,25.5,101.5
2024-06-01 13:03:53.213,25.4,101.5
2024-06-01 13:04:01.612,25.4,101.5
2024-06-01 13:04:10.004,25.4,101.5
2024-06-01 13:04:18.509,25.4,101.5
2024-06-01 13:04:26.862,25.4,101.5
2024-06-01 13:04:35.296,25.4,101.5
2024-06-01 13:04:43.679,25.4,101.5
2024-06-01 13:04:51.995,25.4,101.5
2024-06-01 13:05:00.444,25.4,101.5
2024-06-01 13:05:08.826,25.4,101.5
2024-06-01 13:05:17.217,25.4,101.5
2024-06-01 13:05:25.634,25.4,101.5
2024-06-01 13:05:34.130,25.4,101.5
2024-06-01 13:05:42.492,25.4,101.5
2024-06-01 13:05:50.812,25.4,101.5
2024-06-01 13:05:59.126,25.4,101.5
2024-06-01 13:06:07.504,25.4,101.5
2024-06-01 13:06:16.008,25.4,101.5
2024-06-01 13:06:24.428,25.4,101.5
2024-06-01 13:06:32.872,25.4,101.5
2024-06-01 13:06:41.242,25.4,101.5
2024-06-01 13:06:49.679,25.4,101.5
2024-06-01 13:06:58.099,25.4,101.5
2024-06-01 13:07:06.548,25.4,101.5
2024-06-01 13:07:14.938,25.5,101.5
2024-06-01 13:07:23.266,25.4,101.5
2024-06-01 13:07:31.732,25.5,101.5
2024-06-01 13:07:40.191,25.4,101.5
2024-06-01 13:07:48.523,25.4,101.5
2024-06-01 13:07:56.963,25.4,101.5
2024-06-01 13:08:05.199,25.4,101.5
2024-06-01 13:08:13.669,25.4,101.5
2024-06-01 13:08:22.144,25.4,101.5
2024-06-01 13:08:30.590,25.4,101.5
2024-06-01 13:08:38.967,25.4,101.5
2024-06-01 13:08:47.349,25.5,101.5
2024-06-01 13:08:55.747,25.4,101.5
2024-06-01 13:09:04.130,25.4,101.5
2024-06-01 13:09:12.525,25.4,101.5
2024-06-01 13:09:20.949,25.4,101.5
2024-06-01 13:09:29.389,25.5,101.5
2024-06-01 13:09:37.809,25.5,101.5
2024-06-01 13:09:46.110,25.5,101.5
2024-06-01 13:09:54.500,25.5,101.5
2024-06-01 13:10:02.965,25.5,101.5
2024-06-01 13:10:11.309,25.5,101.5
2024-06-01 13:10:19.730,25.5,101.5
2024-06-01 13:10:28.088,25.5,101.5
2024-06-01 13:10:36.548,25.5,101.5
2024-06-01 13:10:44.917,25.4,101.5
2024-06-01 13:10:53.275,25.4,101.5
2024-06-01 13:11:01.659,25.4,101.5
2024-06-01 13:11:10.071,25.4,101.5
2024-06-01 13:11:18.528,25.4,101.5
2024-06-01 13:11:26.980,25.4,101.5
2024-06-01 13:11:35.352,25.4,101.5
2024-06-01 13:11:43.794,25.5,101.5
2024-06-01 13:11:51.959,25.5,101.5
2024-06-01 13:12:00.357,25.5,101.5
2024-06-01 13:12:08.689,25.4,101.5
2024-06-01 13:12:17.179,25.5,101.5
2024-06-01 13:12:25.473,25.4,101.5
2024-06-01 13:12:33.794,25.4,101.5
2024-06-01 13:12:42.153,25.4,101.5
2024-06-01 13:12:50.652,25.4,101.5
2024-06-01 13:12:59.050,25.4,101.5
2024-06-01 13:13:07.538,25.4,101.5
2024-06-01 13:13:15.958,25.5,101.5
2024-06-01 13:13:24.219,25.5,101.5
2024-06-01 13:13:32.723,25.5,101.5
2024-06-01 13:13:41.117,25.5,101.5
2024-06-01 13:13:49.515,25.4,101.5
2024-06-01 13:13:57.896,25.4,101.5
2024-06-01 13:14:06.222,25.5,101.5
2024-06-01 13:14:14.664,25.5,101.5
2024-06-01 13:14:23.099,25.4,101.5
2024-06-01 13:14:31.543,25.4,101.5
2024-06-01 13:14:39.983,25.4,101.5
2024-06-01 13:14:48.401,25.4,101.5
2024-06-01 13:14:56.786,25.4,101.5
2024-06-01 13:15:05.268,25.4,101.5
2024-06-01 13:15:13.618,25.4,101.5
2024-06-01 13:15:22.126,25.5,101.5
2024-06-01 13:15:30.519,25.5,101.5
2024-06-01 13:15:38.977,25.5,101.5
2024-06-01 13:15:47.389,25.4,101.5
2024-06-01 13:15:55.806,25.4,101.5
2024-06-01 13:16:04.070,25.5,101.5
2024-06-01 13:16:12.570,25.5,101.5
2024-06-01 13:16:20.926,25.5,101.5
2024-06-01 13:16:29.233,25.5,101.5
2024-06-01 13:16:37.670,25.5,101.5
2024-06-01 13:16:46.131,25.5,101.5
2024-06-01 13:16:54.551,25.4,101.5
2024-06-01 13:17:03.027,25.5,101.5
2024-06-01 13:17:11.520,25.4,101.5
2024-06-01 13:17:19.947,25.4,101.5
2024-06-01 13:17:28.336,25.4,101.5
2024-06-01 13:17:36.744,25.5,101.5
2024-06-01 13:17:45.085,25.5,101.5
2024-06-01 13:17:53.510,25.5,101.5
2024-06-01 13:18:01.857,25.5,101.5
2024-06-01 13:18:10.273,25.4,101.5
2024-06-01 13:18:18.689,25.5,101.5
2024-06-01 13:18:27.091,25.5,101.5
2024-06-01 13:18:35.557,25.5,101.5
2024-06-01 13:18:43.987,25.4,101.5
2024-06-01 13:18:52.312,25.4,101.5
2024-06-01 13:19:00.686,25.4,101.5
2024-06-01 13:19:09.091,25.4,101.5
2024-06-01 13:19:17.563,25.4,101.5
2024-06-01 13:19:26.118,25.4,101.5
2024-06-01 13:19:34.501,25.4,101.5
2024-06-01 13:19:42.958,25.4,101.5
2024-06-01 13:19:51.413,25.4,101.5
2024-06-01 13:19:59.753,25.4,101.5
2024-06-01 13:20:08.187,25.5,101.5
2024-06-01 13:20:16.632,25.5,101.5
2024-06-01 13:20:24.989,25.5,101.5
2024-06-01 13:20:33.385,25.4,101.5
2024-06-01 13:20:41.809,25.4,101.5
2024-06-01 13:20:50.260,25.4,101.5
2024-06-01 13:20:58.599,25.5,101.5
2024-06-01 13:21:07.180,25.5,101.5
2024-06-01 13:21:15.699,25.4,101.5
2024-06-01 13:21:24.123,25.4,101.5
2024-06-01 13:21:32.544,25.4,101.5
2024-06-01 13:21:40.971,25.4,101.5
2024-06-01 13:21:49.165,25.4,101.5
2024-06-01 13:21:57.666,25.4,101.5
2024-06-01 13:22:06.162,25.4,101.5
2024-06-01 13:22:14.602,25.4,101.5
2024-06-01 13:22:23.039,25.4,101.5
2024-06-01 13:22:31.451,25.5,101.5
2024-06-01 13:22:39.850,25.5,101.5
2024-06-01 13:22:48.180,25.5,101.5
2024-06-01 13:22:56.761,25.5,101.5
2024-06-01 13:23:05.129,25.5,101.5
2024-06-01 13:23:13.493,25.4,101.5
2024-06-01 13:23:21.903,25.5,101.5
2024-06-01 13:23:30.385,25.5,101.5
2024-06-01 13:23:38.650,25.5,101.5
2024-06-01 13:23:47.235,25.5,101.5
2024-06-01 13:23:55.670,25.5,101.5
2024-06-01 13:24:04.153,25.4,101.5
2024-06-01 13:24:12.607,25.4,101.5
2024-06-01 13:24:21.091,25.4,101.5
2024-06-01 13:24:29.508,25.4,101.5
2024-06-01 13:24:37.969,25.5,101.5
2024-06-01 13:24:46.276,25.5,101.5
2024-06-01 13:24:54.636,25.4,101.5
2024-06-01 13:25:03.097,25.4,101.5
2024-06-01 13:25:11.401,25.4,101.5
2024-06-01 13:25:19.840,25.5,101.5
2024-06-01 13:25:28.255,25.5,101.5
2024-06-01 13:25:36.669,25.5,101.5
2024-06-01 13:25:45.092,25.5,101.5
2024-06-01 13:25:53.448,25.4,101.5
2024-06-01 13:26:01.907,25.4,101.5
2024-06-01 13:26:10.208,25.4,101.5
2024-06-01 13:26:18.676,25.5,101.5
2024-06-01 13:26:27.109,25.4,101.5
2024-06-01 13:26:35.520,25.4,101.5
2024-06-01 13:26:43.788,25.4,101.5
2024-06-01 13:26:52.190,25.5,101.5
2024-06-01 13:27:00.564,25.5,101.5
2024-06-01 13:27:08.860,25.5,101.5
2024-06-01 13:27:17.325,25.4,101.5
2024-06-01 13:27:25.743,25.4,101.5
2024-06-01 13:27:34.194,25.4,101.5
2024-06-01 13:27:42.671,25.5,101.5
2024-06-01 13:27:51.115,25.5,101.5
2024-06-01 13:27:59.451,25.4,101.5
2024-06-01 13:28:07.838,25.4,101.5
2024-06-01 13:28:16.279,25.5,101.5
2024-06-01 13:28:24.763,25.4,101.5
2024-06-01 13:28:33.270,25.4,101.5
2024-06-01 13:28:41.755,25.4,101.5
2024-06-01 13:28:50.204,25.4,101.5
2024-06-01 13:28:58.595,25.4,101.5
2024-06-01 13:29:07.042,25.4,101.5
2024-06-01 13:29:15.443,25.4,101.5
2024-06-01 13:29:23.920,25.5,101.5
2024-06-01 13:29:32.367,25.4,101.5
2024-06-01 13:29:40.743,25.4,101.5
2024-06-01 13:29:49.227,25.4,101.5
2024-06-01 13:29:57.709,25.4,101.5
2024-06-01 13:30:06.176,25.4,101.5
2024-06-01 13:30:14.668,25.4,101.5
2024-06-01 13:30:23.119,25.4,101.5
2024-06-01 13:30:31.444,25.4,101.5
2024-06-01 13:30:39.940,25.4,101.5
2024-06-01 13:30:48.329,25.4,101.5
2024-06-01 13:30:56.641,25.5,101.5
2024-06-01 13:31:05.091,25.4,101.5
2024-06-01 13:31:13.406,25.4,101.5
2024-06-01 13:31:21.837,25.4,101.5
2024-06-01 13:31:30.252,25.4,101.5
2024-06-01 13:31:38.653,25.4,101.5
2024-06-01 13:31:47.136,25.4,101.5
2024-06-01 13:31:55.455,25.4,101.5
2024-06-01 13:32:03.928,25.4,101.5
2024-06-01 13:32:12.329,25.4,101.5
2024-06-01 13:32:20.786,25.4,101.5
2024-06-01 13:32:29.207,25.4,101.5
2024-06-01 13:32:37.768,25.4,101.5
2024-06-01 13:32:46.163,25.4,101.5
2024-06-01 13:32:54.432,25.4,101.5
2024-06-01 13:33:02.923,25.4,101.5
2024-06-01 13:33:11.419,25.4,101.5
2024-06-01 13:33:19.799,25.4,101.5
2024-06-01 13:33:28.273,25.4,101.5
2024-06-01 13:33:36.712,25.4,101.5
2024-06-01 13:33:45.158,25.4,101.5
2024-06-01 13:33:53.472,25.5,101.5
2024-06-01 13:34:01.897,25.4,101.5
2024-06-01 13:34:10.188,25.4,101.5
2024-06-01 13:34:18.605,25.4,101.5
2024-06-01 13:34:27.141,25.4,101.5
2024-06-01 13:34:35.421,25.4,101.5
2024-06-01 13:34:44.052,25.4,101.5
2024-06-01 13:34:52.334,25.4,101.5
2024-06-01 13:35:00.865,25.3,101.5
2024-06-01 13:35:09.283,25.4,101.5
2024-06-01 13:35:17.785,25.4,101.5
2024-06-01 13:35:26.299,25.4,101.5
2024-06-01 13:35:34.733,25.4,101.5
2024-06-01 13:35:43.195,25.4,101.5
2024-06-01 13:35:51.615,25.4,101.5
2024-06-01 13:35:59.959,25.4,101.5
2024-06-01 13:36:08.351,25.4,101.5
2024-06-01 13:36:16.870,25.4,101.5
2024-06-01 13:36:25.309,25.4,101.5
2024-06-01 13:36:33.775,25.4,101.5
2024-06-01 13:36:42.167,25.4,101.5
2024-06-01 13:36:50.449,25.4,101.5
2024-06-01 13:36:58.849,25.4,101.5
2024-06-01 13:37:07.351,25.4,101.5
2024-06-01 13:37:15.770,25.4,101.5
2024-06-01 13:37:24.196,25.4,101.5
2024-06-01 13:37:32.701,25.4,101.5
2024-06-01 13:37:41.090,25.4,101.5
2024-06-01 13:37:49.360,25.4,101.5
2024-06-01 13:37:57.788,25.4,101.5
2024-06-01 13:38:06.211,25.4,101.5
2024-06-01 13:38:14.727,25.4,101.5
2024-06-01 13:38:23.073,25.4,101.5
2024-06-01 13:38:31.521,25.4,101.5
2024-06-01 13:38:39.902,25.4,101.5
2024-06-01 13:38:48.356,25.4,101.5
2024-06-01 13:38:56.804,25.4,101.5
2024-06-01 13:39:05.246,25.4,101.5
2024-06-01 13:39:13.704,25.3,101.5
2024-06-01 13:39:22.070,25.4,101.5
2024-06-01 13:39:30.365,25.4,101.5
2024-06-01 13:39:38.816,25.4,101.5
2024-06-01 13:39:47.247,25.4,101.5
2024-06-01 13:39:55.577,25.4,101.5
2024-06-01 13:40:04.016,25.4,101.5
2024-06-01 13:40:12.487,25.4,101.5
2024-06-01 13:40:20.897,25.4,101.5
2024-06-01 13:40:29.256,25.4,101.5
2024-06-01 13:40:37.709,25.4,101.5
2024-06-01 13:40:46.104,25.4,101.5
2024-06-01 13:40:54.484,25.4,101.5
2024-06-01 13:41:02.861,25.4,101.5
2024-06-01 13:41:11.267,25.4,101.5
2024-06-01 13:41:19.756,25.3,101.5
2024-06-01 13:41:28.129,25.4,101.5
2024-06-01 13:41:36.609,25.4,101.5
2024-06-01 13:41:45.102,25.4,101.5
2024-06-01 13:41:53.603,25.4,101.5
2024-06-01 13:42:01.878,25.4,101.5
2024-06-01 13:42:10.401,25.4,101.5
2024-06-01 13:42:18.893,25.4,101.5
2024-06-01 13:42:27.284,25.4,101.5
2024-06-01 13:42:35.719,25.4,101.5
2024-06-01 13:42:44.128,25.4,101.5
2024-06-01 13:42:52.491,25.4,101.5
2024-06-01 13:43:01.041,25.4,101.5
2024-06-01 13:43:09.316,25.3,101.5
2024-06-01 13:43:17.735,25.3,101.5
2024-06-01 13:43:26.044,25.3,101.5
2024-06-01 13:43:34.483,25.3,101.5
2024-06-01 13:43:42.824,25.4,101.5
2024-06-01 13:43:51.331,25.4,101.5
2024-06-01 13:43:59.838,25.4,101.5
2024-06-01 13:44:08.217,25.4,101.5
2024-06-01 13:44:16.554,25.4,101.5
2024-06-01 13:44:24.957,25.3,101.5
2024-06-01 13:44:33.405,25.3,101.5
2024-06-01 13:44:41.875,25.3,101.5
2024-06-01 13:44:50.306,25.3,101.5
2024-06-01 13:44:58.803,25.3,101.5
2024-06-01 13:45:07.071,25.3,101.5
2024-06-01 13:45:15.539,25.4,101.5
2024-06-01 13:45:23.977,25.4,101.5
2024-06-01 13:45:32.393,25.4,101.5
2024-06-01 13:45:40.865,25.4,101.5
2024-06-01 13:45:49.256,25.4,101.5
2024-06-01 13:45:57.675,25.4,101.5
2024-06-01 13:46:06.011,25.4,101.5
2024-06-01 13:46:14.407,25.4,101.5
2024-06-01 13:46:22.827,25.4,101.5
2024-06-01 13:46:31.306,25.4,101.5
2024-06-01 13:46:39.814,25.3,101.5
2024-06-01 13:46:48.175,25.4,101.5
2024-06-01 13:46:56.462,25.3,101.5
2024-06-01 13:47:05.115,25.3,101.5
2024-06-01 13:47:13.390,25.3,101.5
2024-06-01 13:47:21.843,25.3,101.5
2024-06-01 13:47:30.272,25.4,101.5
2024-06-01 13:47:38.777,25.4,101.5
2024-06-01 13:47:47.127,25.4,101.5
2024-06-01 13:47:55.568,25.4,101.5
2024-06-01 13:48:03.944,25.4,101.5
2024-06-01 13:48:12.422,25.4,101.5
2024-06-01 13:48:20.937,25.4,101.5
2024-06-01 13:48:29.382,25.4,101.5
2024-06-01 13:48:37.789,25.4,101.5
2024-06-01 13:48:46.064,25.4,101.5
2024-06-01 13:48:54.450,25.4,101.5
2024-06-01 13:49:03.077,25.4,101.5
2024-06-01 13:49:11.477,25.4,101.5
2024-06-01 13:49:19.819,25.4,101.5
2024-06-01 13:49:28.222,25.4,101.5
2024-06-01 13:49:36.658,25.4,101.5
2024-06-01 13:49:44.948,25.4,101.5
2024-06-01 13:49:53.306,25.4,101.5
2024-06-01 13:50:01.659,25.4,101.5
2024-06-01 13:50:10.004,25.4,101.5
2024-06-01 13:50:18.419,25.3,101.5
2024-06-01 13:50:26.888,25.3,101.5
2024-06-01 13:50:35.402,25.4,101.5
2024-06-01 13:50:43.807,25.4,101.5
2024-06-01 13:50:52.218,25.4,101.5
2024-06-01 13:51:00.696,25.4,101.5
2024-06-01 13:51:09.123,25.4,101.5
2024-06-01 13:51:17.390,25.4,101.5
2024-06-01 13:51:25.755,25.4,101.5
2024-06-01 13:51:34.262,25.4,101.5
2024-06-01 13:51:42.696,25.4,101.5
2024-06-01 13:51:51.111,25.4,101.5
2024-06-01 13:51:59.423,25.4,101.5
2024-06-01 13:52:07.869,25.4,101.5
2024-06-01 13:52:16.299,25.4,101.5
2024-06-01 13:52:24.693,25.3,101.5
2024-06-01 13:52:33.151,25.4,101.5
2024-06-01 13:52:41.580,25.4,101.5
2024-06-01 13:52:50.027,25.4,101.5
2024-06-01 13:52:58.584,25.4,101.5
2024-06-01 13:53:06.983,25.4,101.5
2024-06-01 13:53:15.509,25.3,101.5
2024-06-01 13:53:23.909,25.4,101.5
2024-06-01 13:53:32.437,25.4,101.5
2024-06-01 13:53:40.920,25.4,101.5
2024-06-01 13:53:49.303,25.4,101.5
2024-06-01 13:53:57.669,25.4,101.5
2024-06-01 13:54:05.994,25.4,101.5
2024-06-01 13:54:14.398,25.4,101.5
2024-06-01 13:54:22.720,25.3,101.5
2024-06-01 13:54:31.154,25.3,101.5
2024-06-01 13:54:39.507,25.4,101.5
2024-06-01 13:54:47.990,25.3,101.5
2024-06-01 13:54:56.541,25.4,101.5
2024-06-01 13:55:04.851,25.3,101.5
2024-06-01 13:55:13.270,25.4,101.5
2024-06-01 13:55:21.697,25.4,101.5
2024-06-01 13:55:30.082,25.4,101.5
2024-06-01 13:55:38.426,25.4,101.5
2024-06-01 13:55:46.888,25.4,101.5
2024-06-01 13:55:55.310,25.4,101.5
2024-06-01 13:56:03.754,25.4,101.5
2024-06-01 13:56:12.224,25.4,101.5
2024-06-01 13:56:20.510,25.4,101.5
2024-06-01 13:56:28.896,25.4,101.5
2024-06-01 13:56:37.418,25.4,101.5
2024-06-01 13:56:45.699,25.3,101.5
2024-06-01 13:56:54.133,25.4,101.5
2024-06-01 13:57:02.575,25.4,101.5
2024-06-01 13:57:11.055,25.4,101.5
2024-06-01 13:57:19.444,25.4,101.5
2024-06-01 13:57:27.837,25.4,101.5
2024-06-01 13:57:36.280,25.3,101.5
2024-06-01 13:57:44.677,25.4,101.5
2024-06-01 13:57:53.124,25.4,101.5
2024-06-01 13:58:01.408,25.4,101.5
2024-06-01 13:58:09.952,25.4,101.5
2024-06-01 13:58:18.348,25.4,101.5
2024-06-01 13:58:26.696,25.4,101.5
2024-06-01 13:58:35.139,25.4,101.5
2024-06-01 13:58:43.566,25.4,101.5
2024-06-01 13:58:52.009,25.4,101.5
2024-06-01 13:59:00.483,25.4,101.5
2024-06-01 13:59:09.002,25.4,101.5
2024-06-01 13:59:17.429,25.4,101.5
2024-06-01 13:59:25.844,25.4,101.5
2024-06-01 13:59:34.297,25.4,101.5
2024-06-01 13:59:42.531,25.4,101.5
2024-06-01 13:59:51.023,25.4,101.5
2024-06-01 13:59:59.449,25.4,101.5
2024-06-01 14:00:07.928,25.4,101.5
2024-06-01 14:00:16.420,25.4,101.5
2024-06-01 14:00:24.875,25.3,101.5
2024-06-01 14:00:33.153,25.3,101.5
2024-06-01 14:00:41.606,25.3,101.5
2024-06-01 14:00:49.999,25.3,101.5
2024-06-01 14:00:58.407,25.4,101.5
2024-06-01 14:01:06.896,25.4,101.5
2024-06-01 14:01:15.381,25.3,101.5
2024-06-01 14:01:23.754,25.3,101.5
2024-06-01 14:01:32.209,25.3,101.5
2024-06-01 14:01:40.614,25.3,101.5
2024-06-01 14:01:49.061,25.3,101.5
2024-06-01 14:01:57.441,25.3,101.5
2024-06-01 14:02:05.968,25.3,101.5
2024-06-01 14:02:14.378,25.4,101.5
2024-06-01 14:02:22.747,25.4,101.5
2024-06-01 14:02:31.217,25.4,101.5
2024-06-01 14:02:39.503,25.4,101.5
2024-06-01 14:02:48.035,25.3,101.5
2024-06-01 14:02:56.550,25.3,101.5
2024-06-01 14:03:04.970,25.3,101.5
2024-06-01 14:03:13.268,25.3,101.5
2024-06-01 14:03:21.720,25.3,101.5
2024-06-01 14:03:30.092,25.3,101.5
2024-06-01 14:03:38.769,25.4,101.5
2024-06-01 14:03:47.114,25.4,101.5
2024-06-01 14:03:55.532,25.4,101.5
2024-06-01 14:04:04.038,25.4,101.5
2024-06-01 14:04:12.484,25.4,101.5
2024-06-01 14:04:20.968,25.4,101.5
2024-06-01 14:04:29.437,25.3,101.5
2024-06-01 14:04:37.726,25.4,101.5
2024-06-01 14:04:46.229,25.4,101.5
2024-06-01 14:04:54.594,25.4,101.5
2024-06-01 14:05:03.043,25.4,101.5
2024-06-01 14:05:11.435,25.4,101.5
2024-06-01 14:05:19.775,25.4,101.5
2024-06-01 14:05:28.108,25.4,101.5
2024-06-01 14:05:36.538,25.4,101.5
2024-06-01 14:05:45.010,25.4,101.5
2024-06-01 14:05:53.425,25.4,101.5
2024-06-01 14:06:01.958,25.4,101.5
2024-06-01 14:06:10.346,25.4,101.5
2024-06-01 14:06:18.813,25.4,101.5
2024-06-01 14:06:27.254,25.4,101.5
2024-06-01 14:06:35.587,25.4,101.5
2024-06-01 14:06:43.955,25.4,101.5
2024-06-01 14:06:52.321,25.4,101.5
2024-06-01 14:07:00.816,25.4,101.5
2024-06-01 14:07:09.160,25.4,101.5
2024-06-01 14:07:17.630,25.4,101.5
2024-06-01 14:07:26.015,25.4,101.5
2024-06-01 14:07:34.528,25.4,101.5
2024-06-01 14:07:42.953,25.3,101.5
2024-06-01 14:07:51.308,25.3,101.5
2024-06-01 14:07:59.633,25.4,101.5
2024-06-01 14:08:08.089,25.3,101.5
2024-06-01 14:08:16.528,25.4,101.5
2024-06-01 14:08:24.960,25.4,101.5
2024-06-01 14:08:33.367,25.3,101.5
2024-06-01 14:08:41.884,25.4,101.5
2024-06-01 14:08:50.235,25.3,101.5
2024-06-01 14:08:58.723,25.4,101.5
2024-06-01 14:09:07.092,25.4,101.5
2024-06-01 14:09:15.633,25.4,101.5
2024-06-01 14:09:24.134,25.4,101.5
2024-06-01 14:09:32.517,25.4,101.5
2024-06-01 14:09:40.944,25.4,101.5
2024-06-01 14:09:49.223,25.3,101.5
2024-06-01 14:09:57.727,25.4,101.5
2024-06-01 14:10:06.135,25.3,101.5
2024-06-01 14:10:14.591,25.3,101.5
2024-06-01 14:10:23.105,25.3,101.5
2024-06-01 14:10:31.499,25.4,101.5
2024-06-01 14:10:39.909,25.4,101.5
2024-06-01 14:10:48.192,25.4,101.5
2024-06-01 14:10:56.582,25.4,101.5
2024-06-01 14:11:05.041,25.4,101.5
2024-06-01 14:11:13.707,25.4,101.5
2024-06-01 14:11:22.146,25.4,101.5
2024-06-01 14:11:30.698,25.4,101.5
2024-06-01 14:11:39.096,25.4,101.5
2024-06-01 14:11:47.450,25.4,101.5
2024-06-01 14:11:55.921,25.4,101.5
2024-06-01 14:12:04.395,25.4,101.5
2024-06-01 14:12:12.929,25.4,101.5
2024-06-01 14:12:21.166,25.4,101.5
2024-06-01 14:12:29.611,25.4,101.5
2024-06-01 14:12:38.094,25.4,101.5
2024-06-01 14:12:46.485,25.4,101.5
2024-06-01 14:12:54.896,25.4,101.5
2024-06-01 14:13:03.239,25.4,101.5
2024-06-01 14:13:11.706,25.3,101.5
2024-06-01 14:13:20.077,25.4,101.5
2024-06-01 14:13:28.531,25.4,101.5
2024-06-01 14:13:36.931,25.4,101.5
2024-06-01 14:13:45.377,25.4,101.5
2024-06-01 14:13:53.770,25.4,101.5
2024-06-01 14:14:02.220,25.4,101.5
2024-06-01 14:14:10.722,25.4,101.5
2024-06-01 14:14:19.162,25.4,101.5
2024-06-01 14:14:27.639,25.4,101.5
2024-06-01 14:14:36.107,25.4,101.5
2024-06-01 14:14:44.518,25.4,101.5
2024-06-01 14:14:52.976,25.4,101.5
2024-06-01 14:15:01.407,25.4,101.5
2024-06-01 14:15:09.903,25.4,101.5
2024-06-01 14:15:18.323,25.4,101.5
2024-06-01 14:15:26.783,25.4,101.5
2024-06-01 14:15:35.311,25.4,101.5
2024-06-01 14:15:43.637,25.4,101.5
2024-06-01 14:15:52.062,25.4,101.5
2024-06-01 14:16:00.533,25.4,101.5
2024-06-01 14:16:08.914,25.3,101.5
2024-06-01 14:16:17.266,25.3,101.5
2024-06-01 14:16:25.650,25.4,101.5
2024-06-01 14:16:33.974,25.4,101.5
2024-06-01 14:16:42.428,25.4,101.5
2024-06-01 14:16:50.808,25.4,101.5
2024-06-01 14:16:59.228,25.4,101.5
2024-06-01 14:17:07.678,25.3,101.5
2024-06-01 14:17:16.147,25.3,101.5
2024-06-01 14:17:24.581,25.3,101.5
2024-06-01 14:17:33.102,25.3,101.5
2024-06-01 14:17:41.488,25.3,101.5
2024-06-01 14:17:49.897,25.4,101.5
2024-06-01 14:17:58.259,25.4,101.5
2024-06-01 14:18:06.564,25.3,101.5
2024-06-01 14:18:15.038,25.3,101.5
2024-06-01 14:18:23.380,25.3,101.5
2024-06-01 14:18:31.781,25.3,101.5
2024-06-01 14:18:40.263,25.3,101.5
2024-06-01 14:18:48.604,25.3,101.5
2024-06-01 14:18:57.040,25.3,101.5
2024-06-01 14:19:05.276,25.3,101.5
2024-06-01 14:19:13.812,25.3,101.5
2024-06-01 14:19:22.221,25.3,101.5
2024-06-01 14:19:30.649,25.3,101.5
2024-06-01 14:19:39.153,25.3,101.5
2024-06-01 14:19:47.588,25.3,101.5
2024-06-01 14:19:56.106,25.4,101.5
2024-06-01 14:20:04.599,25.4,101.5
2024-06-01 14:20:12.853,25.4,101.5
2024-06-01 14:20:21.350,25.3,101.5
2024-06-01 14:20:29.600,25.3,101.5
2024-06-01 14:20:38.145,25.3,101.5
2024-06-01 14:20:46.521,25.4,101.5
2024-06-01 14:20:54.744,25.4,101.5
2024-06-01 14:21:03.346,25.4,101.5
2024-06-01 14:21:11.656,25.3,101.5
2024-06-01 14:21:20.063,25.4,101.5
2024-06-01 14:21:28.508,25.3,101.5
2024-06-01 14:21:36.835,25.3,101.5
2024-06-01 14:21:45.188,25.4,101.5
2024-06-01 14:21:53.686,25.4,101.5
2024-06-01 14:22:02.052,25.4,101.5
2024-06-01 14:22:10.422,25.3,101.5
2024-06-01 14:22:18.793,25.4,101.5
2024-06-01 14:22:27.185,25.4,101.5
2024-06-01 14:22:35.654,25.3,101.5
2024-06-01 14:22:44.161,25.4,101.5
2024-06-01 14:22:52.731,25.3,101.5
2024-06-01 14:23:01.172,25.3,101.5
2024-06-01 14:23:09.645,25.3,101.5
2024-06-01 14:23:18.115,25.3,101.5
2024-06-01 14:23:26.432,25.3,101.5
2024-06-01 14:23:34.819,25.4,101.5
2024-06-01 14:23:43.237,25.3,101.5
2024-06-01 14:23:51.755,25.4,101.5
2024-06-01 14:24:00.253,25.4,101.5
2024-06-01 14:24:08.772,25.3,101.5
2024-06-01 14:24:17.116,25.4,101.5
2024-06-01 14:24:25.583,25.4,101.5
2024-06-01 14:24:33.914,25.4,101.5
2024-06-01 14:24:42.362,25.4,101.5
2024-06-01 14:24:50.834,25.4,101.5
2024-06-01 14:24:59.260,25.4,101.5
2024-06-01 14:25:07.668,25.4,101.5
2024-06-01 14:25:16.099,25.4,101.5
2024-06-01 14:25:24.361,25.4,101.5
2024-06-01 14:25:32.766,25.3,101.5
2024-06-01 14:25:41.184,25.3,101.5
2024-06-01 14:25:49.623,25.4,101.5
2024-06-01 14:25:57.917,25.4,101.5
2024-06-01 14:26:06.206,25.4,101.5
2024-06-01 14:26:14.638,25.4,101.5
2024-06-01 14:26:22.970,25.3,101.5
2024-06-01 14:26:31.454,25.3,101.5
2024-06-01 14:26:39.702,25.3,101.5
2024-06-01 14:26:48.116,25.4,101.5
2024-06-01 14:26:56.519,25.4,101.5
2024-06-01 14:27:04.954,25.4,101.5
2024-06-01 14:27:13.251,25.4,101.5
2024-06-01 14:27:21.777,25.4,101.5
2024-06-01 14:27:30.196,25.4,101.5
2024-06-01 14:27:38.585,25.4,101.5
2024-06-01 14:27:46.995,25.3,101.5
2024-06-01 14:27:55.365,25.3,101.5
2024-06-01 14:28:03.797,25.3,101.5
2024-06-01 14:28:12.222,25.3,101.5
2024-06-01 14:28:20.759,25.3,101.5
2024-06-01 14:28:29.208,25.3,101.5
2024-06-01 14:28:37.664,25.3,101.5
2024-06-01 14:28:46.089,25.3,101.5
2024-06-01 14:28:54.354,25.3,101.5
2024-06-01 14:29:02.875,25.3,101.5
2024-06-01 14:29:11.295,25.3,101.5
2024-06-01 14:29:19.770,25.3,101.5
2024-06-01 14:29:28.259,25.4,101.5
2024-06-01 14:29:36.652,25.4,101.5
2024-06-01 14:29:45.001,25.4,101.5
2024-06-01 14:29:53.367,25.4,101.5
2024-06-01 14:30:01.881,25.3,101.5
2024-06-01 14:30:10.247,25.3,101.5
2024-06-01 14:30:18.762,25.3,101.5
2024-06-01 14:30:27.234,25.3,101.5
2024-06-01 14:30:35.588,25.4,101.5
2024-06-01 14:30:44.066,25.4,101.5
2024-06-01 14:30:52.468,25.4,101.5
2024-06-01 14:31:00.829,25.4,101.5
2024-06-01 14:31:09.248,25.4,101.5
2024-06-01 14:31:17.700,25.4,101.5
2024-06-01 14:31:26.145,25.4,101.5
2024-06-01 14:31:34.594,25.4,101.5
2024-06-01 14:31:42.868,25.4,101.5
2024-06-01 14:31:51.346,25.4,101.5
2024-06-01 14:31:59.790,25.4,101.5
2024-06-01 14:32:08.281,25.4,101.5
2024-06-01 14:32:16.619,25.3,101.5
2024-06-01 14:32:25.094,25.3,101.5
2024-06-01 14:32:33.496,25.3,101.5
2024-06-01 14:32:41.940,25.3,101.5
2024-06-01 14:32:50.271,25.3,101.5
2024-06-01 14:32:58.735,25.3,101.5
2024-06-01 14:33:07.172,25.3,101.5
2024-06-01 14:33:15.697,25.4,101.5
2024-06-01 14:33:24.129,25.3,101.5
2024-06-01 14:33:32.510,25.3,101.5
2024-06-01 14:33:40.964,25.3,101.5
2024-06-01 14:33:49.369,25.3,101.5
2024-06-01 14:33:57.852,25.3,101.5
2024-06-01 14:34:06.312,25.3,101.5
2024-06-01 14:34:14.710,25.3,101.5
2024-06-01 14:34:23.142,25.4,101.5
2024-06-01 14:34:31.473,25.4,101.5
2024-06-01 14:34:39.847,25.4,101.5
2024-06-01 14:34:48.372,25.4,101.5
2024-06-01 14:34:56.843,25.4,101.5
2024-06-01 14:35:05.320,25.4,101.5
2024-06-01 14:35:13.708,25.4,101.5
2024-06-01 14:35:22.138,25.4,101.5
2024-06-01 14:35:30.562,25.3,101.5
2024-06-01 14:35:38.997,25.3,101.5
2024-06-01 14:35:47.364,25.3,101.5
2024-06-01 14:35:55.896,25.4,101.5
2024-06-01 14:36:04.278,25.4,101.5
2024-06-01 14:36:12.753,25.4,101.5
2024-06-01 14:36:21.165,25.3,101.5
2024-06-01 14:36:29.500,25.4,101.5
2024-06-01 14:36:37.999,25.3,101.5
2024-06-01 14:36:46.424,25.3,101.5
2024-06-01 14:36:54.856,25.3,101.5
2024-06-01 14:37:03.352,25.3,101.5
2024-06-01 14:37:11.726,25.3,101.5
2024-06-01 14:37:20.114,25.3,101.5
2024-06-01 14:37:28.632,25.4,101.5
2024-06-01 14:37:36.934,25.3,101.5
2024-06-01 14:37:45.361,25.4,101.5
2024-06-01 14:37:53.839,25.4,101.5
2024-06-01 14:38:02.151,25.4,101.5
2024-06-01 14:38:10.626,25.4,101.5
2024-06-01 14:38:19.093,25.4,101.5
2024-06-01 14:38:27.555,25.4,101.5
2024-06-01 14:38:35.784,25.4,101.5
2024-06-01 14:38:44.242,25.4,101.5
2024-06-01 14:38:52.707,25.4,101.5
2024-06-01 14:39:01.060,25.4,101.5
2024-06-01 14:39:09.512,25.3,101.5
2024-06-01 14:39:17.944,25.3,101.5
2024-06-01 14:39:26.335,25.3,101.5
2024-06-01 14:39:34.742,25.4,101.5
2024-06-01 14:39:43.037,25.4,101.5
2024-06-01 14:39:51.487,25.4,101.5
2024-06-01 14:39:59.926,25.4,101.5
2024-06-01 14:40:08.294,25.3,101.5
2024-06-01 14:40:16.855,25.3,101.5
2024-06-01 14:40:25.229,25.4,101.5
2024-06-01 14:40:33.625,25.3,101.5
2024-06-01 14:40:42.067,25.3,101.5
2024-06-01 14:40:50.472,25.3,101.5
2024-06-01 14:40:58.950,25.3,101.5
2024-06-01 14:41:07.403,25.3,101.5
2024-06-01 14:41:15.769,25.4,101.5
2024-06-01 14:41:24.036,25.3,101.5
2024-06-01 14:41:32.413,25.3,101.5
2024-06-01 14:41:40.931,25.4,101.5
2024-06-01 14:41:49.376,25.3,101.5
2024-06-01 14:41:57.845,25.3,101.5
2024-06-01 14:42:06.290,25.4,101.5
2024-06-01 14:42:14.710,25.3,101.5
2024-06-01 14:42:23.145,25.3,101.5
2024-06-01 14:42:31.466,25.3,101.5
2024-06-01 14:42:39.932,25.4,101.5
2024-06-01 14:42:48.300,25.4,101.5
2024-06-01 14:42:56.861,25.4,101.5
2024-06-01 14:43:05.226,25.4,101.5
2024-06-01 14:43:13.594,25.4,101.5
2024-06-01 14:43:22.114,25.3,101.5
2024-06-01 14:43:30.423,25.4,101.5
2024-06-01 14:43:38.911,25.4,101.5
2024-06-01 14:43:47.448,25.4,101.5
2024-06-01 14:43:55.859,25.4,101.5
2024-06-01 14:44:04.281,25.3,101.5
2024-06-01 14:44:12.572,25.4,101.5
2024-06-01 14:44:20.969,25.4,101.5
2024-06-01 14:44:29.363,25.4,101.5
2024-06-01 14:44:37.881,25.4,101.5
2024-06-01 14:44:46.314,25.3,101.5
2024-06-01 14:44:54.639,25.4,101.5
2024-06-01 14:45:03.036,25.4,101.5
2024-06-01 14:45:11.568,25.4,101.5
2024-06-01 14:45:19.895,25.4,101.5
2024-06-01 14:45:28.274,25.4,101.5
2024-06-01 14:45:36.695,25.3,101.5
2024-06-01 14:45:45.102,25.3,101.5
2024-06-01 14:45:53.502,25.4,101.5
2024-06-01 14:46:01.848,25.4,101.5
2024-06-01 14:46:10.277,25.4,101.5
2024-06-01 14:46:18.761,25.3,101.5
2024-06-01 14:46:27.303,25.3,101.5
2024-06-01 14:46:35.733,25.3,101.5
2024-06-01 14:46:44.134,25.3,101.5
2024-06-01 14:46:52.518,25.3,101.5
2024-06-01 14:47:00.985,25.3,101.5
2024-06-01 14:47:09.389,25.3,101.5
2024-06-01 14:47:17.800,25.3,101.5
2024-06-01 14:47:26.214,25.3,101.5
2024-06-01 14:47:34.558,25.3,101.5
2024-06-01 14:47:43.018,25.4,101.5
2024-06-01 14:47:52.603,25.3,101.5
2024-06-01 14:48:03.329,25.3,101.5
2024-06-01 14:48:14.034,25.4,101.5
2024-06-01 14:48:24.836,25.4,101.5
2024-06-01 14:48:35.468,25.4,101.5
2024-06-01 14:48:46.291,25.4,101.5
2024-06-01 14:48:56.959,25.3,101.5
2024-06-01 14:49:07.887,25.3,101.5
2024-06-01 14:49:18.765,25.3,101.5
